fold,id,group,source_label,family_max,payroll,bank
0,00A887F58DB25495DFDE02D1BD1530CE321427ECC08F8EF1E62853BF1C219A6C,F-FACD83D8B4281A05571A,FACTURA,2.3034017095349465e-05,2.3034017095349465e-05,8.692950555240516e-07
0,029212DC679C033902FE2CC264F3CAB6C223BB8366CB0FE8E61BF5329E85FACE,F-FACD83D8B4281A05571A,FACTURA,3.7234076657717354e-05,3.7234076657717354e-05,8.912125860458325e-06
0,030110C4EECAD8AD99A6AD1A53873B11A63BAD1F04245E5725E05682FCC5D4AA,F-FACD83D8B4281A05571A,FACTURA,0.0001323292925469696,0.0001323292925469696,1.1938895065308556e-05
0,03CFBE47B1C87BEFC324BB99462C1A6722B7E29C5EB61D17AE8AB0C4A60F5AF3,F-FACD83D8B4281A05571A,OTRO_DOCUMENTO,2.6345007876934517e-05,2.6345007876934517e-05,9.40960414422427e-07
0,0405379635CC5D80EAFD03FE53704B24D220C6EFBD7EB0C7A1B8908D312819DF,F-FACD83D8B4281A05571A,FACTURA,7.97340775047771e-05,7.97340775047771e-05,2.2604255827831317e-05
0,042267BB5BA6B2EF3DEB81E10F9D0DF556DA96E723BEE7A42CA1F5AB41E0B13E,F-FACD83D8B4281A05571A,FACTURA,0.00022726256676067265,0.00022726256676067265,3.123167970961133e-05
0,04D2A6C50B9B35D2F7E917B6E3A9B8329EE86DAD2FB2D5042D6BB4040B213ABA,F-FACD83D8B4281A05571A,FACTURA,8.346302831036415e-05,8.346302831036415e-05,3.698929413854748e-05
0,056F2DBFB04063C3907953A9FA896F379670BFB843A6C1C8D08A4A79E784AF5C,F-FACD83D8B4281A05571A,FACTURA,0.0003939909232326376,2.740015680548739e-05,0.0003939909232326376
0,05C329DF72080120239DE88AA85E91D6F089D1DAA1A7F59B8E53C60752CF1D47,F-FACD83D8B4281A05571A,OTRO_DOCUMENTO,8.464234038309373e-05,4.92282296020207e-05,8.464234038309373e-05
0,06A4E618722CC20B0791DAAF476CDE38E7C997F9619E99E853204E29184B3E6B,F-FACD83D8B4281A05571A,FACTURA,6.582568414725754e-05,6.582568414725754e-05,1.568907544107491e-05
0,06F44D4A2E6F166F80269454C61462854CB02A1D7D136FAA54492E0630A88ABA,F-FACD83D8B4281A05571A,FACTURA,8.21710698812485e-05,8.21710698812485e-05,8.07243999434767e-06
0,0846CFEBEEDC318DCF892BDB073260F2B9D11DE1DBAD19523CC213629641A43C,F-FACD83D8B4281A05571A,FACTURA,5.787533772766871e-05,5.787533772766871e-05,6.582102254180263e-06
0,086C3868153984B80A9CF8E533AE3DD3D9A1E3AA0CC74EECF32A469E89112AFD,F-FACD83D8B4281A05571A,FACTURA,0.00036593351310970743,9.939198174010825e-05,0.00036593351310970743
0,09EA12AF37DBD01DE88FE904C33AE8D4A1774A3846F51D7C6A5F8C4B38EEC563,F-FACD83D8B4281A05571A,FACTURA,7.302261261312742e-05,7.302261261312742e-05,1.2714201279489582e-05
0,0EC7A08B7BBAC6CA90E6285FD8B309A999A6B529D7F2E7589C6DF6C18360817D,F-FACD83D8B4281A05571A,FACTURA,8.531190847215355e-05,8.531190847215355e-05,4.397428142622594e-06
0,0F17FC399AEC8157D02B8E78678720A018C8ABE168EF482D47520D265F142E71,F-FACD83D8B4281A05571A,FACTURA,6.460085757136764e-05,6.460085757136764e-05,4.1028751141046554e-06
0,10E67A94D76020372663F84AB23B4EF053A69FEF47465E0EB3C8E0DDCAABACF9,F-FACD83D8B4281A05571A,FACTURA,5.5481135341317505e-05,5.5481135341317505e-05,4.534546740554341e-05
0,1145C2EBBA8BCA114C2D4FC9C75D25C49023A274E91AA55BA25D3C6C9FF20DF8,F-FACD83D8B4281A05571A,FACTURA,3.698118580330386e-05,3.698118580330386e-05,2.5249828073104744e-06
0,1159CA6B7C557BD08C99E82E1CD56A2CC1FE32763083DA0FF63B4B9B8FC13188,F-FACD83D8B4281A05571A,FACTURA,0.0001445753368328032,0.0001445753368328032,1.4512224831660523e-05
0,123DEAB253005D37733D22992D564C0DD27E284E2FE7447FBFB662F5CABB4F78,F-FACD83D8B4281A05571A,FACTURA,3.511437285726342e-05,3.511437285726342e-05,6.696180067869469e-06
0,1559EC92CBDBE55D735EE7ACA8E52AEAD71C1C47C221CF45B68B936B4345C2A2,F-FACD83D8B4281A05571A,FACTURA,7.997961253280567e-05,7.997961253280567e-05,1.3544863040030803e-05
0,158A0B2372339DB5F964827887050C77E088ED0C654782778E7E3DF739CCF278,F-FACD83D8B4281A05571A,FACTURA,4.6136455459899125e-05,2.9540611110369613e-05,4.6136455459899125e-05
0,15EE89386351047AD1C2D3173F2DF4FBDA0DE0D47542662362CCF47AEB41B838,F-FACD83D8B4281A05571A,FACTURA,4.060819948999257e-05,4.060819948999257e-05,8.420985089665327e-06
0,166589FEDAA33D952D81A337E8B61F2BA518F0302A237C96E8E96DDD61F7A5B1,F-FACD83D8B4281A05571A,OTRO_DOCUMENTO,3.690267292016948e-05,3.690267292016948e-05,1.4635725581533642e-06
0,167AC28EE4C9F156D7A730F3269118C5AD78B7F582E3FFC178BCB3FDB0A11DF7,F-FACD83D8B4281A05571A,OTRO_DOCUMENTO,6.091248525066199e-05,6.091248525066199e-05,5.296495697075866e-05
0,180A072CF185D173A359A133EF852156206CE288B38F895772950BE3A2822433,F-FACD83D8B4281A05571A,FACTURA,0.00010509161525697524,0.00010509161525697524,2.419844465996401e-06
0,1C046CF254BA1E8E323C11493B60FE53712CC1B84EFF61DE83864A7D0C4355D1,F-FACD83D8B4281A05571A,FACTURA,0.00025704158610109356,0.00025704158610109356,3.031197618649156e-06
0,1DA9864804DCE41CA146730F9EB0523D3ADD3030E9014CAA057097A2EA07C711,F-FACD83D8B4281A05571A,FACTURA,7.092181538424556e-05,7.092181538424556e-05,1.995515677189116e-05
0,1DBAC85FD76DFB51E641F429E17BBA22563A0F38D8362D27B66EB5322644AAE6,F-FACD83D8B4281A05571A,FACTURA,3.964317845900315e-05,3.964317845900315e-05,1.6002861424926615e-06
0,1DE3D57C29CD74BE3B52809E07F5687161ED4F785B56045F8B4F677FDFD93DDA,F-FACD83D8B4281A05571A,FACTURA,7.356010911360255e-05,7.356010911360255e-05,4.038635918418834e-06
0,1E017419E073DE02B948D0FF0A3422759D77C393D6A5BC26E76BD8404C0104B5,F-FACD83D8B4281A05571A,FACTURA,9.999913212497065e-05,9.999913212497065e-05,6.868155626354899e-06
0,1F174E86620ADDAB1691ADA0E9A283270D292E6AED4C4B923DDAFE19769D07EB,F-FACD83D8B4281A05571A,FACTURA,5.5481135341317505e-05,5.5481135341317505e-05,4.534546740554341e-05
0,1F8ED7AFA5B9414E174104C2C5ADF13AF964A27329A26B561987EB073FC3BC7C,F-FACD83D8B4281A05571A,FACTURA,5.099591873559296e-05,5.099591873559296e-05,2.3881882902179386e-05
0,201C2EF248B3E04F47F214E95A8360183B42A01E5B635FEAA9E07529A8C328CD,F-FACD83D8B4281A05571A,OTRO_DOCUMENTO,5.6821902179270415e-05,5.6821902179270415e-05,4.9843189635496275e-05
0,22E69D2F00D6232ED552D42A07BCBA93D825967D3875DEEF8648F80EBE48E36E,F-FACD83D8B4281A05571A,FACTURA,0.00014442813542937767,0.00014442813542937767,1.3442053486240598e-05
0,263D415F6C5CCB5E35FCFF9F2EF41B20D3D9D37D6BB52D156229BC10E818CD63,F-FACD83D8B4281A05571A,FACTURA,6.643552759277281e-05,6.643552759277281e-05,3.6252164395678992e-06
0,268E9CF0A794A2450E7EFF249D3AD2594B21A19EC5462DA31C99A736388B63C2,F-FACD83D8B4281A05571A,FACTURA,8.324467569949004e-05,8.324467569949004e-05,1.1407238898991455e-05
0,27BC4B18F491209F599B195B0ABC49F006BFC50896F0790871B4164089202C88,F-FACD83D8B4281A05571A,FACTURA,7.042964576583009e-05,7.042964576583009e-05,4.279265029467072e-06
0,2AD909C6F5BC9106E0C189FB9B3FBD110F046A61DAD56FF8DB8A50C7655E2F78,F-FACD83D8B4281A05571A,FACTURA,5.5481135341317505e-05,5.5481135341317505e-05,4.534546740554341e-05
0,2B7B4A103183D9CE12C1E4633A50995F03B0E8565D49ED8EFAB97C764BC69FD2,F-FACD83D8B4281A05571A,FACTURA,5.41587077063381e-05,5.41587077063381e-05,1.6282869804017197e-05
0,333380C9957CC6E9E6EFC42F22BF224DEA5755070076AA639597896B6E673B17,F-FACD83D8B4281A05571A,FACTURA,7.811239467847165e-05,7.811239467847165e-05,2.344780708467922e-05
0,33D3388971240E38AD8A89602AF4B8B11EBBC2272E6FDAAE1E437F7FE7260AAE,F-FACD83D8B4281A05571A,FACTURA,2.1863002375046998e-05,2.1863002375046998e-05,1.2627414448181796e-05
0,352F66BC7CF9951C2F9DE69F925334DF9B874980F691D7F45A7C24936BFE7846,F-FACD83D8B4281A05571A,FACTURA,2.5861059777764707e-05,2.5861059777764707e-05,7.006598682670747e-06
0,365F308C8134893FC72DF386F207A96FDD371F37EC3055A5CF23B5198C24A70B,F-FACD83D8B4281A05571A,FACTURA,9.6415938096771e-05,9.6415938096771e-05,8.367910794846033e-06
0,3834409B59C9A290C26E9267C39A01D27D92856349DB019AB59C7BCAFDA3B75C,F-FACD83D8B4281A05571A,FACTURA,0.00018790995009901535,0.00018790995009901535,5.059134826424933e-06
0,3B860B6593D1AEBC8F03506526A6AE696D13B315A1D192D7A0F847BFA42B4968,F-FACD83D8B4281A05571A,FACTURA,0.00013983860692969347,7.496624915123483e-05,0.00013983860692969347
0,3DA116906DC6BF9DEEA58E0EF033210A4FB68DE535200F99EADFA702389249A7,F-FACD83D8B4281A05571A,FACTURA,4.433721242746733e-05,4.433721242746733e-05,4.496071317795085e-06
0,3F9FB559E8BC9E77AAB8CF090FBF8AC35299259BD3975DA5622A81A7D7363730,F-FACD83D8B4281A05571A,FACTURA,0.00010624246057168569,0.00010624246057168569,7.58999638544919e-06
0,41FA873A1F07397324194D528955075ABA1D624A6B9FC0141D8DF96C9FDC382B,F-FACD83D8B4281A05571A,OTRO_DOCUMENTO,0.00010712552872286436,0.00010712552872286436,3.749544323716724e-05
0,426CABFB27B1E9DC7B0AAF9A744E25706C9B8777EBED5BD036FD1595F45510A4,F-FACD83D8B4281A05571A,FACTURA,4.306939309025491e-05,4.306939309025491e-05,1.2254977095744067e-06
0,439833AEF8D7B0259CAF9B303A64725314A132FE233FCA975B85432811D08B16,F-FACD83D8B4281A05571A,FACTURA,3.845938312971007e-05,3.845938312971007e-05,1.4729864082780339e-06
0,439A22F01718067EC1EB41D23A7F8DE0A5E4BC6EA6046C74A2E669B49046FFB8,F-FACD83D8B4281A05571A,FACTURA,7.233777942440174e-05,7.233777942440174e-05,1.9810484189934198e-05
0,446E0501DAAA8C0D2C03D8A2264B06451F4B3EFA0B5D3E22D20EB5C0FA84A76F,F-FACD83D8B4281A05571A,OTRO_DOCUMENTO,5.8528953537079956e-05,5.488215341930803e-05,5.8528953537079956e-05
0,44D17B670732D2F7908D719E8A43E71C8BC82036A0AD5F5FD8D8E31BF74A3FC7,F-FACD83D8B4281A05571A,FACTURA,0.00014303119211560644,0.00014303119211560644,1.3956591249285569e-05
0,45E4B1C971479A31B8A3E5151E675BCD49996D24091AFA0D6D903D28AE654029,F-FACD83D8B4281A05571A,FACTURA,8.974252985525855e-05,8.974252985525855e-05,1.8461460805846983e-05
0,4748FFCF51EE67AB048FD8858D1D91BD50E1047375DD4FA884E05A31A825D374,F-FACD83D8B4281A05571A,FACTURA,7.537829994864669e-05,7.537829994864669e-05,1.2794675034617996e-05
0,487BE95CE2B74C076DB9B750906366F1BA20735F5EBD37547F018951FD75A2F6,F-FACD83D8B4281A05571A,FACTURA,5.639723519498706e-05,5.639723519498706e-05,4.413602068053235e-06
0,48A15CDA72B11D1EEFEA64DC1FD8E662BE4B281ED8292B1DD2AC9FE31A601F59,F-FACD83D8B4281A05571A,FACTURA,5.82397558529127e-05,5.82397558529127e-05,3.63824515834176e-06
0,4930E9734A794BC4F0752CC3CEAEF60D72C0E1DDEDB23DFDC766CC02FE89712D,F-FACD83D8B4281A05571A,FACTURA,9.999913212497065e-05,9.999913212497065e-05,6.868155626354899e-06
0,4A0FDE3116124B33DEE99C856BDE9A889F4BE8AB9833A0DE27F16AD629C34A57,F-FACD83D8B4281A05571A,FACTURA,0.00010138057702132746,0.00010138057702132746,7.0142034063140506e-06
0,4A5BD76C0378CC13621238F7F2581406BF864B1E74D7AC0119456CCBE7CE5DE1,F-FACD83D8B4281A05571A,FACTURA,7.263651069876244e-05,7.263651069876244e-05,2.472195287044e-05
0,4AD486E9FF3BB40BAD661248D2947CBC41D0BF02681C772BB88045B83C2DFA65,F-FACD83D8B4281A05571A,FACTURA,7.831277926924662e-05,7.831277926924662e-05,6.673156465942799e-06
0,4AF19DD5F7D4C2E6FC2F1935C54AEE6B5C6F4606CB7FE0F736D1EABF6B7D19A2,F-FACD83D8B4281A05571A,FACTURA,5.40502006123429e-05,5.40502006123429e-05,4.141427150906361e-06
0,4CF4FCAB242089EAB32F977B4F3B3B28227D177A6D52A8BD5830CF1372B00F7D,F-FACD83D8B4281A05571A,FACTURA,7.515858577947796e-05,7.515858577947796e-05,1.738571356034956e-05
0,4E8F4CA3EA141FAB06A975375BF62091FFD9A0454831F126789FA50E5E950074,F-FACD83D8B4281A05571A,FACTURA,6.02869388306614e-05,6.02869388306614e-05,1.4584328083667873e-05
0,5243027656B07B38EBE681545510F2C1F2554AC2E01FE4CE22A9CB9602D8657F,F-FACD83D8B4281A05571A,FACTURA,7.477153651845192e-05,7.477153651845192e-05,1.798273387004568e-05
0,52E922C058F9D3030136B8C7C0BB684472A3233AB328DB8701C8122B129FE307,F-FACD83D8B4281A05571A,FACTURA,5.12228456290444e-05,5.12228456290444e-05,2.5305491392245067e-06
0,53CF129FB285C10306585C4D401463DB0CD045CD0DC8A0FF1B487FBBC4A1AFC5,F-FACD83D8B4281A05571A,OTRO_DOCUMENTO,0.0002490686859953326,0.0002490686859953326,3.685996933485483e-05
0,54E3FFE9C69EE3CFF94294F12A02B44CAB3EFD54DBDC8CB473F28E912E985C7D,F-FACD83D8B4281A05571A,FACTURA,5.928980451575997e-05,5.928980451575997e-05,3.7116558940384734e-06
0,55169D35B57E1980443FA22E94E71390FAF7180DF7A84AC7CDFE4E5EC917C2D2,F-FACD83D8B4281A05571A,FACTURA,2.1211181717735468e-05,2.1211181717735468e-05,4.274055563600594e-06
0,553735AC327B5AEBB6523999CF341A27EE0CD319E1E38D7543EDABFD5EF0476A,F-FACD83D8B4281A05571A,FACTURA,0.00012110546028045513,0.00012110546028045513,4.6754678430722455e-05
0,57216966143EA43A85549709469528CA0F2387F937AADF26600682E72558CEB0,F-FACD83D8B4281A05571A,FACTURA,5.9062453124019315e-05,5.9062453124019315e-05,1.9001074089459485e-05
0,57D9343D969BD1264FDEFF0D2A252ED028740EE39736F1A41A1D95C9B625C4AE,F-FACD83D8B4281A05571A,FACTURA,8.544482565393065e-05,8.544482565393065e-05,6.358565432197833e-06
0,5A11426D1D9F011286075EB4996D5698F9C3A9E2265A14EEA45E1EC9EA7EA8D4,F-FACD83D8B4281A05571A,FACTURA,7.061168289439853e-05,7.061168289439853e-05,1.1779522193900219e-05
0,5C989274617C576316FD86055671ECCB3D8B40D4A6D022A08CCB7BEDE037C32A,F-FACD83D8B4281A05571A,FACTURA,0.00018053840993790282,0.00018053840993790282,8.572315134485424e-06
0,5DBF71860ACD1EFE7170B783B09DF90415135A82C8C02BA29E1DDBDE98D4D92C,F-FACD83D8B4281A05571A,FACTURA,6.392972070845695e-05,6.392972070845695e-05,1.595972492099139e-05
0,5F1C7E2F701520CDB3290752AC7E87FEA8278A7452B488B35E0FE82B539D1D0E,F-FACD83D8B4281A05571A,FACTURA,9.140645606527163e-05,9.140645606527163e-05,5.047004506851847e-06
0,5FB7BD28D27616E8676E0229F610930D8EB1C05062288C9843B6A07025902965,F-FACD83D8B4281A05571A,FACTURA,3.5776161739922316e-05,3.5776161739922316e-05,7.570243071734116e-06
0,5FF603BFE35FFE846FE61CC7D6E257DAFA04176A27BDDA23DB954E289083BDA7,F-FACD83D8B4281A05571A,FACTURA,7.328367880082587e-05,7.328367880082587e-05,1.117566957041835e-05
0,63F5F3AB045C5B5F66EA108111298A47D3D35401D9F776570A886AC745108D3F,F-FACD83D8B4281A05571A,OTRO_DOCUMENTO,5.5953075473780936e-05,5.5953075473780936e-05,4.803658436793585e-05
0,6403BB9E343E7ADC6832D9FEF0B238A5C7629934B729B49930D5EB612D45A237,F-FACD83D8B4281A05571A,OTRO_DOCUMENTO,5.4969676651477046e-05,5.4969676651477046e-05,4.029553546142109e-06
0,65056D9EA1A540DC588945E523AD94B314066341E145D5716A7A605D30F64157,F-FACD83D8B4281A05571A,FACTURA,7.831473924556852e-05,7.831473924556852e-05,1.4311402681381933e-05
0,660C649E87C0E096D3EA290A7EEB1B41027B0E57F5AC516359697241B2FA0A46,F-FACD83D8B4281A05571A,FACTURA,5.5808785773042904e-05,5.5808785773042904e-05,9.796051111036055e-06
0,669CEF756F24B3F2936E59DA9B442C8189694D27CDCAA0F56F21B933D8FFF582,F-FACD83D8B4281A05571A,FACTURA,9.206677360596752e-05,9.206677360596752e-05,2.5166685370536473e-05
0,68384C891F748520511F1AC118FCE49299EBC326BF1FA1B534BBBF80AEB427D4,F-FACD83D8B4281A05571A,FACTURA,6.5999646622803e-05,6.5999646622803e-05,1.5946516125087855e-05
0,68847021C832C384F382EB8B663EF6878C4B227562C30B4AE75BACD93F932807,F-FACD83D8B4281A05571A,FACTURA,4.1595437848901013e-05,4.1595437848901013e-05,1.8547749428324603e-06
0,688B857EBA76F3FDD3C84756E0A20DB13FDCC6613A64CC850D0CDA9760FDF897,F-FACD83D8B4281A05571A,FACTURA,4.816577064410431e-05,4.816577064410431e-05,1.908681363303276e-06
0,689B7BBF501134FEE362293BF2BFE282BFAF1D3D456B47AC2C5C1CCAB5FA15C4,F-FACD83D8B4281A05571A,OTRO_DOCUMENTO,8.499600823847792e-05,4.927766916526695e-05,8.499600823847792e-05
0,6A44D2562609C71F11C6039FD392E9E681619719A7040D46EA9B6E1E6DB4F295,F-FACD83D8B4281A05571A,FACTURA,9.683640212473056e-05,9.683640212473056e-05,5.980673376670248e-06
0,6AA2642DAF7B52EB364C1F945C3E1E25D291670E295B50405BC27CB969D12DE4,F-FACD83D8B4281A05571A,FACTURA,5.4614913803631535e-05,5.4614913803631535e-05,2.9613407782506336e-05
0,6AB1420C695AE2A02BBF6C1CF3EA49C7218A2CF1AC0BAE68E045D85D111FC0C0,F-FACD83D8B4281A05571A,FACTURA,0.00014346747185269945,0.00014346747185269945,2.1605814337533106e-05
0,6B0339E36C35108FAF16CA49C1BF3433163F965A1ED14438435253633CBB9F31,F-FACD83D8B4281A05571A,FACTURA,0.000660339077062805,0.000660339077062805,7.808980722481736e-06
0,6B4A3FF9C231EC839A67CEBFFE430E144F787E7637B5565884FC431C70BB3736,F-FACD83D8B4281A05571A,FACTURA,0.00011149721279219916,0.00011149721279219916,8.09889240801577e-06
0,6B7BB9D0EFF24F7DAB919D1049DE297F8C289642CBF813E3C2E85064308F0BC6,F-FACD83D8B4281A05571A,FACTURA,0.0002627178000462113,0.0002627178000462113,3.2511701089399684e-05
0,6BC87B9F03FDB1B6CA97AF962F30837A6B76F2CBC51CEAC85253E653BB7D3790,F-FACD83D8B4281A05571A,FACTURA,3.7340924467935186e-05,3.7340924467935186e-05,1.562828284310673e-06
0,6C4F806F57E884A8868D9DDA6F11E9A66107106EC3FE4989B56D5ED6BDBF705C,F-FACD83D8B4281A05571A,FACTURA,0.00012026721144625969,0.00012026721144625969,3.465827574834517e-05
0,6EE583A0329BFFE2CC0604B2DF470F2E9E8A3A491ABED3AE58229C122955C824,F-FACD83D8B4281A05571A,OTRO_DOCUMENTO,5.9658505238910574e-05,5.588150952078095e-05,5.9658505238910574e-05
0,70183B71AFCE11898A3EBCFC447FF1DA5F4FCE6AE346AD66A7BFB03C5841D4DF,F-FACD83D8B4281A05571A,OTRO_DOCUMENTO,8.499600823847792e-05,4.927766916526695e-05,8.499600823847792e-05
0,70701EB80254F49040749A4D00344EC36FD7AC369A877580BDB3B12BC941655A,F-FACD83D8B4281A05571A,FACTURA,4.0911241131615e-05,4.0911241131615e-05,7.567745752980045e-06
0,724463BDFD7CEF809283F23242EFA6D6746540C1B1BED9FA87F7081F3FEAA794,F-FACD83D8B4281A05571A,FACTURA,7.778607343305206e-05,7.778607343305206e-05,1.903572710025153e-05
0,7369DF302D07631A98454113785F530B862A7D556083C9BCE2A378E733A259D1,F-FACD83D8B4281A05571A,OTRO_DOCUMENTO,0.00011960340202396814,0.00011960340202396814,9.888161262799949e-06
0,750B721B9BDFFF78051B518266ACF845200D2C77179A01BD8DBB04C304DBA48F,F-FACD83D8B4281A05571A,FACTURA,2.7924151373410018e-05,2.7924151373410018e-05,1.0342190706546835e-06
0,789EA214DA187999DB573C790694ED9C456AD09E79B3423DA4745624AB02984B,F-FACD83D8B4281A05571A,FACTURA,3.47663128300501e-05,3.47663128300501e-05,1.5746883767750948e-05
0,7B3901E49FF57B75478E861F1A6EEC80C6FA8ED5B6BF3BAB44C8E8FC0989BB5C,F-FACD83D8B4281A05571A,FACTURA,0.00012214823816778214,0.00012214823816778214,3.6304299963914944e-05
0,7BE95791A9699A99D2073BA31B556C45CFA1A04985002C06CA6A36D57A86525D,F-FACD83D8B4281A05571A,FACTURA,3.920485426748813e-05,3.920485426748813e-05,1.5423378186925197e-06
0,7D43AB520097327C8645B32F08E408BD0715488AC01D3A360839A4652A9AC719,F-FACD83D8B4281A05571A,FACTURA,3.18133093128968e-05,3.18133093128968e-05,8.281103958473719e-06
0,7E7C1A039E6FDE0D4120995D969E25093755D4C47653EAE9E1F5998F2454448B,F-FACD83D8B4281A05571A,FACTURA,7.284628476953375e-05,7.284628476953375e-05,2.3278043522461188e-05
0,7FCBBC7B3E14E41EFA2F05C0FFC31F73B74BE9AA4754A639AD303E1AB0092CCE,F-FACD83D8B4281A05571A,OTRO_DOCUMENTO,8.232405345603466e-05,4.8722189239471416e-05,8.232405345603466e-05
0,80732A4F36964981412868A390392C3815A1B52925CB95D50E3226B76C2D868D,F-FACD83D8B4281A05571A,FACTURA,5.6148153462502544e-05,5.6148153462502544e-05,1.8292695161468266e-05
0,812B96A5165903BD78FF38B2AEF1A1F19C9B7A918FD69D7C7971BA8AE6D2271D,F-FACD83D8B4281A05571A,FACTURA,3.329307748273872e-05,3.329307748273872e-05,2.9690780667424404e-06
0,8173874885C059C33DCA43BD63631C379C8D8408C5FE4DD2A0159D6AE80E554E,F-FACD83D8B4281A05571A,FACTURA,9.410187121208834e-05,9.410187121208834e-05,3.13449360860617e-05
0,823B928CB06F23FDBB1AE300E298EA833F0F8F0F97330FE12A9934EBE349195E,F-FACD83D8B4281A05571A,FACTURA,8.142051514033656e-05,8.142051514033656e-05,1.0660336565056111e-05
0,82DF3F8548CD5894DD8BEA097182919DA8979018C3B51829AE23AC9FA75C0BE7,F-FACD83D8B4281A05571A,FACTURA,3.928496525984116e-05,3.928496525984116e-05,8.579894639546646e-06
0,8403289C618F5FEA6E985FE98C6A3F52D541EE0C6ADDA9901EA9F9CD942A1352,F-FACD83D8B4281A05571A,FACTURA,6.842480843196165e-05,6.842480843196165e-05,1.83534077741597e-05
0,856894AA5FE2533859664CB6A42A38E20E75D671519947D7D1CB319D0C15FA12,F-FACD83D8B4281A05571A,FACTURA,0.00010645863216391313,0.00010645863216391313,9.823403707357846e-06
0,86CF42382B6E9AD770AEC0D3AE61798DC0A5D85C59C8C47E0C5A267158045370,F-FACD83D8B4281A05571A,FACTURA,9.564845995937506e-05,9.564845995937506e-05,1.5846586746393314e-05
0,870954EEF89AD892FD71524CB79D21979BD74318277339C21A2F4E388F06341B,F-FACD83D8B4281A05571A,FACTURA,5.3760086790832734e-05,5.3760086790832734e-05,2.588881997968715e-05
0,8A57624FA0DD67FCE961474222F97F11BF484B659983C5DC45887E7449E274EA,F-FACD83D8B4281A05571A,FACTURA,3.586976174299586e-05,3.586976174299586e-05,1.2547693858814446e-06
0,8A57CD9F3C877DF1239DA0B0C738D1B54278710B0EEBFD2C0ACAAC2814D57B99,F-FACD83D8B4281A05571A,FACTURA,0.00010056785713140984,0.00010056785713140984,3.19393931142633e-05
0,8E35C151859E5F6C0FE0F2832287604CE4EB800330CF83D4885A59869028FF43,F-FACD83D8B4281A05571A,OTRO_DOCUMENTO,8.232405345603466e-05,4.8722189239471416e-05,8.232405345603466e-05
0,8F129D3C66E622121981D62EB4000AED739CC876C6DE502C2BE0EF424E12BDE8,F-FACD83D8B4281A05571A,FACTURA,3.805761551091082e-05,3.805761551091082e-05,2.091885048281801e-05
0,917A02EE1496F0E6D19856E7F97EE8DD8F58D96DF995059690653F6D30B19708,F-FACD83D8B4281A05571A,FACTURA,4.11806556425755e-05,4.11806556425755e-05,1.979229113376828e-05
0,91EF6960EEF82A58B41B31F3850C800E27EE8460970F884F1236ABB48F0F1FCC,F-FACD83D8B4281A05571A,FACTURA,0.0002082154987614953,0.0002082154987614953,2.6492610569160663e-05
0,94C119398ED5B3AFEA5B60477FD47392E3AC13E10251C94531B1DB8A1E0A6C12,F-FACD83D8B4281A05571A,FACTURA,9.84478206959869e-05,9.84478206959869e-05,9.248462106541768e-06
0,97EF8934F37425A7635624C8A636DD08FAEC908D41213138991513DAB7E1CD95,F-FACD83D8B4281A05571A,FACTURA,9.83444232300765e-05,9.83444232300765e-05,8.095111858311858e-06
0,9801EA3DCCCCE81A20C1A1FCA6BD057BE02056D5F6AF7568416C159F8EA6F42C,F-FACD83D8B4281A05571A,OTRO_DOCUMENTO,8.232405345603466e-05,4.8722189239471416e-05,8.232405345603466e-05
0,9893646420FB567085B74B4A937F0D07B988E41AE80615EEA9A62DBEED6CDEB1,F-FACD83D8B4281A05571A,OTRO_DOCUMENTO,8.232405345603466e-05,4.8722189239471416e-05,8.232405345603466e-05
0,9AABED26F462B478F277F7E592AA3983B2B9DA888D474F4C93B7A6CEC27AC52F,F-FACD83D8B4281A05571A,FACTURA,9.50692545471875e-05,9.50692545471875e-05,8.68411191373977e-06
0,9AAED50A220E4A59ABBF846248504B1D06023155CCF6AE05B285763B532811D2,F-FACD83D8B4281A05571A,FACTURA,0.00033871833160923454,0.00033871833160923454,5.3668253316702806e-06
0,9B05799CEE418B6AD0B0876E23A97CDFF1A952C1D031EEA3D6672EABE7EE762E,F-FACD83D8B4281A05571A,FACTURA,9.065031330115272e-05,9.065031330115272e-05,2.307994366461914e-05
0,9DDDFEA33E7D9998B202D66E6E3A87FD499E8288F62B8673B1F40A66CF8D51C9,F-FACD83D8B4281A05571A,FACTURA,7.513662085324045e-05,7.513662085324045e-05,1.452337221148017e-06
0,9F20D5A914501086136BFED9B88E8DC91452B65E0BB36A48060A33152C56A332,F-FACD83D8B4281A05571A,FACTURA,4.773193986715402e-05,4.773193986715402e-05,1.2531471314414746e-05
0,9F78FE8E80F379C7E339E5BD0FB8E4DDFF88B93D72D57F1BE6B0ED3DC77C6DCF,F-FACD83D8B4281A05571A,FACTURA,0.00010244366381279065,0.00010244366381279065,7.382896876449999e-06
0,A034D9BA8303AFB573D6F5823B1C9E16413A56593500E3A00A732D1BED52F326,F-FACD83D8B4281A05571A,FACTURA,8.834293746852664e-05,7.485366694680965e-05,8.834293746852664e-05
0,A0A5960905B6EC78058181CCC8AC0CE5CC894945AB6D97889A599934D2BE636E,F-FACD83D8B4281A05571A,OTRO_DOCUMENTO,8.464234038309373e-05,4.92282296020207e-05,8.464234038309373e-05
0,A23CD835EFAEDB3FBA5B0DBCC69F01FFE20FA74C641B2699E3DA9074A50D1EBB,F-FACD83D8B4281A05571A,FACTURA,0.00017372985980010008,0.00017372985980010008,1.6480721542835478e-05
0,A2D1529D28326B4E8B236A002CD8E46D89D846C50E49B31D238067347F7D0223,F-FACD83D8B4281A05571A,FACTURA,9.291749802181311e-05,9.291749802181311e-05,1.569855288021442e-05
0,A2FDAD9EB62F9728D4A1369E94F1ED407FEE978FAA53FE7BA5035339AB1F6052,F-FACD83D8B4281A05571A,FACTURA,0.00010832861255505812,0.00010832861255505812,3.64896470714059e-05
0,A49F888D274CFE65CF21EB1527C95105513D9AC250238EECF5F46A3791478CBA,F-FACD83D8B4281A05571A,FACTURA,5.330977202786202e-05,5.330977202786202e-05,1.168489981673072e-05
0,A545E9BB46897229592B7E4460C235D68B749F58E268ADED69BEEC775BA2D440,F-FACD83D8B4281A05571A,FACTURA,8.350857092373961e-05,8.350857092373961e-05,2.653918608039143e-05
0,AABF7B716F6EFB57A9B2A94209DC35148FE057B9591E0019F999ED73BEC22319,F-FACD83D8B4281A05571A,FACTURA,7.668769165344182e-05,7.668769165344182e-05,1.3119198911076464e-05
0,AB884F3366C4525F87C6694CA20947481EF300287DE4867EB133E4C54BBFC69F,F-FACD83D8B4281A05571A,FACTURA,0.00010651634577237791,0.00010651634577237791,2.3478864640929002e-05
0,ABDDFA8881E4CD0ED1415E127247052AE060CE64BD2FACE5989B2E277F168543,F-FACD83D8B4281A05571A,FACTURA,0.00021812317729364772,0.00021812317729364772,1.4416416308055138e-05
0,AD2799635E27A7E0E1451185C9AC53A3007944660C2909B4A3901B48049DFC74,F-FACD83D8B4281A05571A,FACTURA,5.99758456342979e-05,5.99758456342979e-05,4.775647977053649e-06
0,AD38ECC329BC2D1D9C7EB6B476156A3E757E51B81A8781D479A9C382D6413B41,F-FACD83D8B4281A05571A,FACTURA,2.6249954959342237e-05,2.6249954959342237e-05,1.4950479417697272e-06
0,ADDFD63B7C42F1260D78911245A68E078B8F253673927689B4CC49220FF7EB57,F-FACD83D8B4281A05571A,FACTURA,3.358642159324895e-05,3.358642159324895e-05,3.495141631942935e-06
0,AE48F358ED15E164307B6F3416EA2A65B1ED9601E64C1F0F9578C8454C395CA4,F-FACD83D8B4281A05571A,FACTURA,9.144819637781609e-05,9.144819637781609e-05,1.5298300392737193e-05
0,AE6555FAEED3F6DA119B234934065DE34014B600D497678D3CA282EC4EE3AFAC,F-FACD83D8B4281A05571A,FACTURA,7.489175023404976e-05,7.489175023404976e-05,6.409303894799588e-06
0,AF8B6445B3070AB2870510DFF2CAD430EBA17F2CDE35338DFBAF13D2E9EDA8A7,F-FACD83D8B4281A05571A,FACTURA,0.00010930763315403776,0.00010930763315403776,3.1906421415049696e-05
0,B037CD5D6C3DBFE242C1D48A41B2E684E3A06C137605AD08407CCABBF0300E9C,F-FACD83D8B4281A05571A,FACTURA,2.5279766296613288e-05,2.5279766296613288e-05,4.434002896435759e-06
0,B0A4197888EA55EB0525400667380D7303F51FA37116676CBF8C89C3C4576029,F-FACD83D8B4281A05571A,FACTURA,5.635976216785417e-05,5.635976216785417e-05,2.541049377108715e-05
0,B155575B3E5AA921C9BE814DB5AE231CE4A154F9464C903FFF45753EDF9BB098,F-FACD83D8B4281A05571A,FACTURA,0.00011907507260196727,0.00011907507260196727,2.5461124852370307e-05
0,B261F434C6894AF945296D248F09A6B8DFCADCFD119DC890EDE995D62C59E4AB,F-FACD83D8B4281A05571A,FACTURA,6.001627386917492e-05,6.001627386917492e-05,4.212749645209179e-06
0,B43FBD417EF3A374DBF2C0452FEBBCF37E606C43B32910257C5C61F0D456E116,F-FACD83D8B4281A05571A,FACTURA,3.373814001749526e-05,3.373814001749526e-05,1.0582580038274956e-06
0,B77D4EBDF02A914E4B6BB74E218EBA5B9F3C84F47E7C63F5DCAE563B8ABE7A72,F-FACD83D8B4281A05571A,FACTURA,6.038847427316411e-05,6.038847427316411e-05,8.06233937537987e-06
0,B80AFDA11B97B8B04E84D9CD740D359D1C596DF8F1D8F5F1FD844D8FEA257681,F-FACD83D8B4281A05571A,FACTURA,0.0002163957567662932,0.0002163957567662932,3.5604929366139114e-05
0,BA599EC41FE7E359E5A4333D2216B20E2F1B14EEC86D337177BBE86642EFBC1F,F-FACD83D8B4281A05571A,FACTURA,6.617896561671541e-05,6.617896561671541e-05,1.5804488272703106e-05
0,BA98CE4928F0A74D663B803FFB02DF2C63C5E0404FC89B630992D31DEF7B9B63,F-FACD83D8B4281A05571A,FACTURA,0.00024094184747016771,0.00024094184747016771,0.00015800757465216076
0,BAD58EFDAD38F78981FFC549AF4B2F8E08A05F91717C17C0926AD6E832356563,F-FACD83D8B4281A05571A,OTRO_DOCUMENTO,0.00017243157122726348,0.00017243157122726348,2.844132787392573e-05
0,BBE194D39B1BE0FC4F79746855975E750A39C4A50FF4BFDC2FD0EE6FA1BE1DE2,F-FACD83D8B4281A05571A,FACTURA,0.00010023281552362103,0.00010023281552362103,7.229223616681755e-06
0,BCDB3FA6314A6818D45588D3055054720B71C0FFD5AF1BF073F8B68C9823DB5C,F-FACD83D8B4281A05571A,FACTURA,3.5222165254970985e-05,3.5222165254970985e-05,1.2399515320114835e-05
0,BD24EA94A76C917A05925825C6264475970B3150A5DD24C5C1706E1BCE397335,F-FACD83D8B4281A05571A,FACTURA,2.3842957939851605e-05,2.3842957939851605e-05,4.328936049197258e-06
0,C467CA492CC79EDB963E9E4B1D87CB6B9AC232D99505BB4BFF97EA5240921873,F-FACD83D8B4281A05571A,FACTURA,5.194272410578483e-05,5.194272410578483e-05,1.3470226999893986e-05
0,C92C0422097D51A3D93193E6CF419568C35B45B68AE7BA0E8F044DAA781BDE27,F-FACD83D8B4281A05571A,OTRO_DOCUMENTO,6.457636500310572e-05,6.042904915333802e-05,6.457636500310572e-05
0,C94D2466ABBCA670AEB72345C937ECD41C9AE3519E58A521C3DC5E400F88B6CB,F-FACD83D8B4281A05571A,FACTURA,4.788595551515978e-05,4.788595551515978e-05,2.0681459389697173e-06
0,C9E25B0A4129298A70D0938226DC15E47A3489EE06D723D9F8A969C5193FB68D,F-FACD83D8B4281A05571A,FACTURA,6.91028642648562e-05,6.91028642648562e-05,3.6672123941387686e-06
0,CA106104222A9D6DF2CA34E8D58F08DB9F65369DFD4A2465C7836AFB52F4EABD,F-FACD83D8B4281A05571A,FACTURA,3.92771598834508e-05,3.92771598834508e-05,1.5992084585449737e-05
0,CACFCD72797B5F3FDBC68225A60AA5A14FBC6A696BDE7B0F8377B5B9A2BC254C,F-FACD83D8B4281A05571A,FACTURA,7.3481944694404e-05,7.3481944694404e-05,2.4507996677914866e-05
0,CBF1504F1A2BD20989734BB93F9A6B821D696DC3D9F026A3AE97DB428987BDF8,F-FACD83D8B4281A05571A,FACTURA,4.5761233421123126e-05,4.5761233421123126e-05,2.0509851720573415e-06
0,CCFC8856B2EE75B258F83A9BD8D590012639F2C3E9281B03568D96D0692E4D9A,F-FACD83D8B4281A05571A,OTRO_DOCUMENTO,8.232405345603466e-05,4.8722189239471416e-05,8.232405345603466e-05
0,D03C1B7D2CE5300F2A3C336A8087AE6560C158270F5B6818D0E8E90DA84B5550,F-FACD83D8B4281A05571A,FACTURA,5.069856965706572e-05,5.069856965706572e-05,2.423963444653211e-06
0,D19AD7052E1DA4CDC234A7E9C645D2FE992C1AEB9092802605F5BE4CC83326EF,F-FACD83D8B4281A05571A,FACTURA,5.1380268608726854e-05,5.1380268608726854e-05,1.2177445097304415e-05
0,D381BF2B9FE9921A149F2EB5C74207B1E5A4B543B3C045A18B09CA2D7F403833,F-FACD83D8B4281A05571A,FACTURA,4.182212704461075e-05,4.182212704461075e-05,1.8643566742846036e-06
0,D63E75967E91D0B192DBD248E1D804951B173B81CF9853489C12D08AC21EACFF,F-FACD83D8B4281A05571A,FACTURA,3.2640793517085346e-05,3.2640793517085346e-05,1.1667612730819966e-06
0,D69C5625C65854258AE9E71A91F752CC7CF79E424FB3FED772131793213E2817,F-FACD83D8B4281A05571A,FACTURA,3.158465833088857e-05,3.158465833088857e-05,6.5788118703696304e-06
0,D9447ECF57748BEF4988A73E44F26A440F700151DE00488453184DFA0B3BF88D,F-FACD83D8B4281A05571A,FACTURA,3.307020471535023e-05,3.307020471535023e-05,7.53613135022177e-06
0,D9687542799906085EC0185235899EE5C290FD8D41320CFA4E51C2C020D32952,F-FACD83D8B4281A05571A,FACTURA,3.1851769434880085e-05,3.1851769434880085e-05,6.832102564959969e-06
0,D9A662AF6AFE49CD7E0D29C5662AE48141573BFBDD571675FF24B6F4C47BA5B0,F-FACD83D8B4281A05571A,FACTURA,4.432705119163952e-05,4.432705119163952e-05,1.413140978263345e-05
0,DA1D000CCEC08FADA509471CD0E20F6C981AF95C559091A786FE724290F3DCD4,F-FACD83D8B4281A05571A,FACTURA,5.110581163746743e-05,5.110581163746743e-05,1.1986749037205533e-05
0,DA9100439F1D9A3B810F57E18F768FE200074871E2AC69D744B3736FEF1D21C4,F-FACD83D8B4281A05571A,FACTURA,6.044381413721616e-05,6.044381413721616e-05,8.176831656595449e-06
0,DAF83EEDC3D7764BA6C8D52B5F53F0AF0A298170E0DAA9D2C547D4E168418AF6,F-FACD83D8B4281A05571A,FACTURA,8.242573646788025e-05,8.242573646788025e-05,4.778756439131722e-06
0,DB673D2287ED075167C3AD89F1E5FDC18C3E581A75AE0FE0374AD0C4D6B099F8,F-FACD83D8B4281A05571A,FACTURA,4.894671992897435e-05,4.894671992897435e-05,3.0935759263985066e-06
0,DC6BEB8D08A58B12A06B43633D7954F4CCBBDCDB1158A8163B478E251B92DC00,F-FACD83D8B4281A05571A,FACTURA,0.00018889392905771572,5.2596069164873145e-05,0.00018889392905771572
0,E3907210A2F2D2D49FCEA7E4C99AB668D5AA7BD8771F20EF6057612BCF9F85DB,F-FACD83D8B4281A05571A,FACTURA,4.7874118791747214e-05,4.7874118791747214e-05,9.538689639837916e-06
0,E3E57561958F450655EFE21C39C6A1BD74B778E789835C7B5205A9E99203C24F,F-FACD83D8B4281A05571A,FACTURA,3.2608917037493594e-05,3.2608917037493594e-05,3.4932215036546523e-06
0,E417899D5543E4E7CB2D0AA826FD5695DAB8A3925730A905D316FA3996CE1A7B,F-FACD83D8B4281A05571A,FACTURA,0.00010370626699375607,0.00010370626699375607,7.239762420090116e-06
0,E5DAF9B7F340994A01C320E83B9D64BF4D91ABC9AB1925DFF36394D86760BC84,F-FACD83D8B4281A05571A,FACTURA,9.640084186406754e-05,9.640084186406754e-05,6.297042452917947e-05
0,E6B62C1D3E0FA12629EC352DE28028E3FFD836F43CD9ECA1407C095AF5275136,F-FACD83D8B4281A05571A,FACTURA,0.00024218678176021798,0.00024218678176021798,0.00017290845188452117
0,E6DEC7B41595AE659C40B9A202C8DBA4FAFA17EFDFA5C56EBE4E4AC33BF085F4,F-FACD83D8B4281A05571A,FACTURA,3.438312897746112e-05,3.438312897746112e-05,1.1542697930039427e-05
0,E8C278DBDA744A0F50B779C7A63DD07DF32F4DF3C5E6A278F59FADD4D7D7A128,F-FACD83D8B4281A05571A,FACTURA,4.8129620322681866e-05,4.8129620322681866e-05,1.4583364688911764e-05
0,E9EC9350980F5F090AC48F43BF269EA7107CCF279E2BCF7BFDEEFECADC2A016F,F-FACD83D8B4281A05571A,FACTURA,5.127485466069445e-05,5.127485466069445e-05,1.0693237828358699e-05
0,EBA323452EC7F15754E63AB2094D9D81C5BF968B786BEB95C927D4FD0C4ACA97,F-FACD83D8B4281A05571A,FACTURA,5.40502006123429e-05,5.40502006123429e-05,4.141427150906361e-06
0,ED19A5F8AEC4AD20435C707E6523CA381B42F4AB56B354CCBBD95F9D549BEFD4,F-FACD83D8B4281A05571A,FACTURA,6.289979380886015e-05,6.289979380886015e-05,4.818574927219704e-06
0,EDC54B347FB32B128E5218BB92547F4AA440585DF3915ABC4D44D90098E2B18E,F-FACD83D8B4281A05571A,FACTURA,0.000339124439227684,0.000339124439227684,6.864879448104508e-06
0,F02532D4FE739AE475EF518FE9ABF04523A9FCE2A2AF2966D6A8A65C39F06861,F-FACD83D8B4281A05571A,FACTURA,3.341576590221955e-05,3.341576590221955e-05,8.273333362571292e-06
0,F1D6DF38C956FF2FBF30C665EB678BEDC73541E868C90BBE1914DC39CFC81B74,F-FACD83D8B4281A05571A,FACTURA,0.00010370626699375607,0.00010370626699375607,7.239762420090116e-06
0,F3A3A486DF2712665DE56C52AF6656793D2486EDF2AA215E03C56349237419D6,F-FACD83D8B4281A05571A,FACTURA,8.62088619744052e-05,8.62088619744052e-05,2.619999170632714e-05
0,F443E494D46E40F1F5B004E0BC03FDCF866CA452BA358FAA128DE88FD1A1BFF2,F-FACD83D8B4281A05571A,FACTURA,5.30250517142708e-05,5.30250517142708e-05,1.3802104835725032e-05
0,F48A1CF87F8AE7742A2FE0A5582B1A27A673493A7DA2EDB8A8DADC5D2B77A63D,F-FACD83D8B4281A05571A,FACTURA,3.749626677569214e-05,3.749626677569214e-05,1.6456341392313514e-06
0,F59C802AC4208228045C36181C016950962BB99A00CD60D30068C9B2118271BC,F-FACD83D8B4281A05571A,FACTURA,6.932677787357185e-05,6.932677787357185e-05,1.691649658096295e-05
0,F6BD7A6DFD38FA6CC1436A75F1D68C77A0E0921050998B4803E87E4ED14FCD54,F-FACD83D8B4281A05571A,FACTURA,6.731195189112975e-05,6.731195189112975e-05,1.0697522673786116e-05
0,F6E6DBE4FEE024C94DDDF78999FDB798300445A5CE72C950DB209353CAF5E7E1,F-FACD83D8B4281A05571A,FACTURA,0.0005616289454451208,0.0005616289454451208,1.7654104260919855e-05
0,F725B4229EBD565A5BE6A7ADB42AEA4114D1EAB6002088E2EBD038F51BAB05DE,F-FACD83D8B4281A05571A,FACTURA,4.215803680772549e-05,4.215803680772549e-05,1.7268218806457007e-06
0,FBCDA7565A60AAB32926B68591BF2C7A86F408D46DC228AA9E5F98D76ADD8FD2,F-FACD83D8B4281A05571A,FACTURA,0.00010107045990866098,0.00010107045990866098,6.974537065868911e-06
0,FD0CE6D589C6F7FAA8B52B70D5AAF02E1683DFF17177426C2EF7C573B32B2998,F-FACD83D8B4281A05571A,FACTURA,7.052902787398317e-05,7.052902787398317e-05,5.866176347681652e-06
0,FD102BB007B1EA3F03EA7765BC8008838DD06D1745B09776C93A4EEE82F296B8,F-FACD83D8B4281A05571A,FACTURA,4.507874973075052e-05,4.507874973075052e-05,7.483902211780568e-06
0,FF045409E4708976F60CFA2E5A97D7A99302672D09D4EFB989C13B04774ADCEF,F-FACD83D8B4281A05571A,OTRO_DOCUMENTO,8.464234038309373e-05,4.92282296020207e-05,8.464234038309373e-05
0,FFBC84F8D220A03D34648EAFC0E9441B5AD9267065AD40A4E0C7CBB48D4F977D,F-FACD83D8B4281A05571A,FACTURA,5.91491175025963e-05,5.91491175025963e-05,2.068455748806776e-05
1,002865257C71829F722158FBCEDB282C220108C3B1CE07E08876E80BAEEA8EB2,F-EE08C7103D2458E54189,FACTURA,0.00010620979658756768,6.1043317130667414e-06,0.00010620979658756768
1,010343D4BCC6C1DB12C1129F149212B97C69C10242840BC5A303CC7B4AA87BAF,F-EE08C7103D2458E54189,FACTURA,3.083491777714529e-05,1.3774326051272912e-05,3.083491777714529e-05
1,030126CE7D614353FF03F90C126B6D2C3746D913B36523810DF4F1B51326D882,F-EE08C7103D2458E54189,FACTURA,7.289417936301248e-05,1.6688735023758275e-05,7.289417936301248e-05
1,0433389975EC3550CE85ABFB0C93FCD6D66B39F406A635F2A1B7ECFDAD2ACEE3,F-EE08C7103D2458E54189,FACTURA,6.775003957922395e-05,8.442185793840026e-06,6.775003957922395e-05
1,062D404B15F77BA8C0EABD59CB6BF2C7D319E561D80F744178F01EB08514EDCC,F-EE08C7103D2458E54189,FACTURA,4.822988595614778e-05,3.170720657991998e-05,4.822988595614778e-05
1,08EEB31E5FEA01CB1869C83A1C0AC14004D08320B9D98369B045EAFB33798242,F-EE08C7103D2458E54189,FACTURA,8.647999313197982e-05,8.647999313197982e-05,4.375108558011145e-05
1,092FC946D76F08809B4F70D8392FAD226E023A06ADE2E2D83DB28C2843BED2F2,F-EE08C7103D2458E54189,FACTURA,3.946381441046352e-05,7.5631881348890765e-06,3.946381441046352e-05
1,09F5F33D7AF68E713FCEBDED31CFDA8867C3B5839C983013AC4F4A3B4C64EADA,F-EE08C7103D2458E54189,FACTURA,5.8922955328468936e-05,1.6326652732018148e-05,5.8922955328468936e-05
1,0A0BE06602247C93290462DF94D533A35AAAF17CD8935188A9804FC6F3805C73,F-EE08C7103D2458E54189,FACTURA,3.450748450659691e-05,1.421656921629594e-05,3.450748450659691e-05
1,0B37339859B57A9C2AC42C87C0DF2B011049680AE88FE16FF6E3274F8C264E20,F-EE08C7103D2458E54189,FACTURA,6.040034301502881e-05,6.828610843778289e-06,6.040034301502881e-05
1,0D03C0C9105F3C3452B28F233E73D2389FECD8D0774EF2113973DCBAD9E3FA31,F-EE08C7103D2458E54189,FACTURA,2.8969487132636183e-05,8.508490770818116e-06,2.8969487132636183e-05
1,0D70848C8EA89E4E7A023B53FAAC0A2C6BE60CA305D26DB1FB3C56B832D88199,F-EE08C7103D2458E54189,FACTURA,0.00033369079882597687,0.00033369079882597687,2.7572060352525182e-05
1,0DB5D3275144FC50576194C8BE14F91BC04EF15CB58334D123857D8A15200121,F-EE08C7103D2458E54189,FACTURA,0.00021331513294147863,0.00021331513294147863,3.552773442834856e-05
1,0DDD4740926665B1F2CA1C85C2F251ECBDC8D72EA9155909898B72928455C029,F-EE08C7103D2458E54189,FACTURA,4.256629214874526e-05,1.3929439626004786e-05,4.256629214874526e-05
1,0DF43C24EE1C884E4D39EA52799AF8AC28734D207C295A02C543F7E84C2C5546,F-EE08C7103D2458E54189,FACTURA,0.00014130769672713355,8.986504810369149e-06,0.00014130769672713355
1,1015512E6F7CD4C5A4FC33C2AF6C359994ED5197589848BA4C7E5CD9F1F956B6,F-EE08C7103D2458E54189,FACTURA,4.489537989489271e-05,2.433018448967524e-05,4.489537989489271e-05
1,11E13B5C2625E4A99DF02BA77E51E0FF80A412F0891560027A439C52B2E2F1DB,F-EE08C7103D2458E54189,FACTURA,6.15808068418181e-05,2.1477100251877103e-05,6.15808068418181e-05
1,14381C127DC5AC3853B4712213EAB4470DD2A21AEFD09D12626E70E430315305,F-EE08C7103D2458E54189,FACTURA,3.605527795145103e-05,1.665846348178487e-05,3.605527795145103e-05
1,14888ABF52C795CD9248EFA6B5AD5883B0C2EDEE3B11EDC68A2B534DF582EA6C,F-EE08C7103D2458E54189,FACTURA,3.0329531150505594e-05,1.4599105123979034e-05,3.0329531150505594e-05
1,15017A95CAE592FF03AC85B9E98A3F558AC8C2B2382DE89708D086F963B8F662,F-EE08C7103D2458E54189,FACTURA,6.838885337690028e-05,5.498730815668195e-06,6.838885337690028e-05
1,15926288C19E4044088E6417ACB087ECBBE63143BD28306C232EE3218D138E82,F-EE08C7103D2458E54189,FACTURA,0.00010060755522057357,0.00010060755522057357,3.257830813936685e-05
1,160507D36E36A41452843EB5116EBE6860289D267FB2CEE2F49609A29C7BB91E,F-EE08C7103D2458E54189,FACTURA,2.918822821126569e-05,5.647963347956464e-06,2.918822821126569e-05
1,17645D40FA69A6828FBC913F3B3EAD8309B9DE2BA50E47598747209A0F923A62,F-EE08C7103D2458E54189,FACTURA,0.00043007000673078743,0.00030712215425436444,0.00043007000673078743
1,1838C5E4581C360065CA938F288AFE4710F33C0DFF2B9D832801704DAD65E410,F-EE08C7103D2458E54189,FACTURA,9.265276949143076e-05,9.265276949143076e-05,2.9577381471016672e-05
1,18662EDEE4B4C711C1906E7CE4BE366A758A1188B97E161AF48336D6A3DBAE48,F-EE08C7103D2458E54189,FACTURA,4.1235496463594126e-05,1.0171557104401642e-05,4.1235496463594126e-05
1,1879A4B5E7DA36E01B0F9CAF23754C27B06EA092E21F7A347CF60B15776875ED,F-EE08C7103D2458E54189,FACTURA,3.3990877889912774e-05,8.707360691208456e-06,3.3990877889912774e-05
1,1C8A8808678EDA0EE2B05BB8A61144E4290EE9E18251346BBD2683F09C7D888B,F-EE08C7103D2458E54189,FACTURA,9.527632697061939e-05,1.5043602559681812e-05,9.527632697061939e-05
1,1DC499A08B5A4C8EB40237A78633ACD98DF16FB8437876D106B4265CC4451588,F-EE08C7103D2458E54189,FACTURA,3.9235342402041656e-05,2.317485009151568e-05,3.9235342402041656e-05
1,1E9F93E9439263AB091E1FCFA2C61AE17A3F0F1AA79A93DF4A5306624A24BEBC,F-EE08C7103D2458E54189,FACTURA,5.482349340491892e-05,2.1539578727142514e-05,5.482349340491892e-05
1,1F74158A70E303CD4219E3F0A4C0F0EE744292D6CD4C7585ECB69924A9CF7E6A,F-EE08C7103D2458E54189,FACTURA,0.00016254939085796067,0.00016254939085796067,3.67296274809101e-05
1,1FE5EE8327E145829C17BEDC6ED8E4BE89C6EF299984C6A454FC15B2245B7981,F-EE08C7103D2458E54189,FACTURA,3.316235543972295e-05,6.837609870449784e-06,3.316235543972295e-05
1,21260D1DEB9F5FC490513022E1FD91F7B583EE94863480B42371917D5BADB457,F-EE08C7103D2458E54189,FACTURA,3.241862260898228e-05,1.9761501976779624e-05,3.241862260898228e-05
1,24508D57D9D2FE1CF19E71BF862D1C297C3B233C58E91B1FBCA2A8AB5AA2867E,F-EE08C7103D2458E54189,FACTURA,6.289452089529924e-05,6.289452089529924e-05,2.442108549631476e-05
1,2537FDF817D544D0E6993F9039C282B601828BF4030072FE60AA952C6CEBC923,F-EE08C7103D2458E54189,FACTURA,8.544504601349807e-05,2.5977040903078578e-05,8.544504601349807e-05
1,29C2F82AE52AB4771D5C4F02A6C04F9336214832AD7F90907EEA3FC074BA9648,F-EE08C7103D2458E54189,FACTURA,5.541115369970869e-05,5.541115369970869e-05,2.893760549563972e-05
1,2AB39536303132A97CD1C0CC132118D01E08A560594A6E39D2FBAD019CCA88B8,F-EE08C7103D2458E54189,FACTURA,7.637111640316913e-05,1.2151582048880292e-05,7.637111640316913e-05
1,2DE59A9D326B610580C5CD2FD4DB06C2676F42330654893AE8C8450A6D4D4A34,F-EE08C7103D2458E54189,FACTURA,6.359931855779895e-05,8.295986804097918e-06,6.359931855779895e-05
1,2F1D5E06F79A2F76079B037BAE6E3568CA2A2D1D4067A73E128B063D1695C71F,F-EE08C7103D2458E54189,FACTURA,3.641152560602451e-05,3.641152560602451e-05,3.0197166795242297e-05
1,2FCC1BD1A06E86082D591E36E506D1FA40D760EFC1B21FE4C217B4E322C6C14A,F-EE08C7103D2458E54189,FACTURA,5.227511535239628e-05,1.5721486618359598e-05,5.227511535239628e-05
1,3587E6AB03170DE4C4D020438261A603650DFBE85C168F60E09D5A73ECF0F860,F-EE08C7103D2458E54189,FACTURA,3.1140212057848234e-05,5.027318032641727e-06,3.1140212057848234e-05
1,36FC5A7B06DEF71BCE1C253544E436268CDF471309A124CAAFA87525DC567967,F-EE08C7103D2458E54189,FACTURA,2.982168211567556e-05,2.237433271109391e-05,2.982168211567556e-05
1,37346AA5BE6C72C4AC91E827A627194B4DE69914C851502B5823969191488907,F-EE08C7103D2458E54189,FACTURA,0.00010955765649390338,1.3655560135196063e-05,0.00010955765649390338
1,37A6D0A94246F3409B849117E8EBB1FB5C8C646076FAB878C3986C916D78CA50,F-EE08C7103D2458E54189,FACTURA,0.00033916212648305206,1.5740190394755512e-05,0.00033916212648305206
1,3959DC8DDC555027B604CAB5E54E1D05BE4D0005114FC1D9D1A12DF5024BE8FA,F-EE08C7103D2458E54189,FACTURA,3.226114738849948e-05,1.3375254195798841e-05,3.226114738849948e-05
1,3B3B2B7D2CD031EE37963465FA692B212B53D70F89D1BF8E20ACA17B0730AC3C,F-EE08C7103D2458E54189,FACTURA,5.5619930949831794e-05,5.5619930949831794e-05,4.981216630080121e-05
1,3B65E6820366B3DBEB321D2413EE1065ED029B71CE30AB20093BAA8A2659EF02,F-EE08C7103D2458E54189,FACTURA,5.724695276542085e-05,1.097223451689925e-05,5.724695276542085e-05
1,3BDB07DE2B4E3291CF884D0419933E905F79C6308B832D1062A765F933BE2EA4,F-EE08C7103D2458E54189,FACTURA,8.346351102985383e-05,4.559234300725511e-06,8.346351102985383e-05
1,3C07D634D9BF89F4C150A24582F2B4DCD64DD5167C90EEC00F74F9C1FEB0C46E,F-EE08C7103D2458E54189,FACTURA,4.135639133025551e-05,4.135639133025551e-05,3.749237843182422e-05
1,3C08823B6BEB2AC058AE85C93E20880C1789256E78F5819F739BEFBEF32C12B1,F-EE08C7103D2458E54189,FACTURA,3.337766897715151e-05,6.206255912603882e-06,3.337766897715151e-05
1,3CB56665C03B7DBEE10612C491C06940310FA1CAA12F5E60EB11EC8FDBFB658C,F-EE08C7103D2458E54189,FACTURA,4.1870019684684076e-05,1.5077311392739229e-05,4.1870019684684076e-05
1,3E45522CFD9F62F767CE2150A4069F6390FBC22546B2B001FED1E107889FA8CB,F-EE08C7103D2458E54189,FACTURA,4.114365172128811e-05,8.520799070070308e-06,4.114365172128811e-05
1,3EA186C4B49837C7FB05EAE4437DC86DC30D1BE2F504C0427A8587CEB8991904,F-EE08C7103D2458E54189,FACTURA,0.0001430395330592503,1.0249078735561192e-05,0.0001430395330592503
1,3EDF480C2549EFD6E0CBDB20BB4FC494A704DF9543460AAB84AB099C33CA0448,F-EE08C7103D2458E54189,FACTURA,4.872977840360395e-05,2.6604504944267678e-06,4.872977840360395e-05
1,41E235FFF0768A0E226B7442B231B9E3EDF721785B5DCBD3E02D90CE677EE006,F-EE08C7103D2458E54189,FACTURA,2.9490778790922848e-05,2.0673757210535024e-05,2.9490778790922848e-05
1,422D3FAB3F85F96C2E7A80FE31CFC85F8877D9E4AE6EACF7CF0AB95390D04131,F-EE08C7103D2458E54189,FACTURA,2.139157392847387e-05,1.1772970287700514e-05,2.139157392847387e-05
1,431F56F328D7ACC22FCD92975A61219F35A2F545F85FC5B895F1039D6429E614,F-EE08C7103D2458E54189,FACTURA,3.320017664062212e-05,1.0498038390831557e-05,3.320017664062212e-05
1,4495EDC17CFD460834C0F842FC7760393B774EEC257B27E818B723920946EEEC,F-EE08C7103D2458E54189,FACTURA,8.816003882122565e-05,1.4849252092406794e-05,8.816003882122565e-05
1,48CAE4F75B61624432A182135E7A304CE3D8308B2CA21033E0327368290C07D6,F-EE08C7103D2458E54189,FACTURA,4.3652233254503625e-05,2.116560566422662e-05,4.3652233254503625e-05
1,49ECAF7C70EC6A54728D8C4A2DC9FFD424F1690EC375E1F99838F91077835313,F-EE08C7103D2458E54189,FACTURA,6.36180606804704e-05,2.1337764987019053e-05,6.36180606804704e-05
1,4C22FB92DF5A4A145CDC9D5019E57BA5ED4E4827FF694366D6B0944C4318F5AF,F-EE08C7103D2458E54189,FACTURA,0.00017937283051214722,5.871017029245817e-05,0.00017937283051214722
1,4C6685A365CC99C51CBC8FE312A2F0063C627408D4702A1EAC4CEED67A7C4013,F-EE08C7103D2458E54189,FACTURA,3.528181586413807e-05,2.215757761770805e-05,3.528181586413807e-05
1,4C6BB600F039C52142DBE8128A7FD69A7D65E92612AE30CA9125B97C47207C0E,F-EE08C7103D2458E54189,FACTURA,4.9647532181765006e-05,4.143156983986141e-05,4.9647532181765006e-05
1,4D1F0EACC2E4513F3BE62918FE60325D100DBE5E2351203A9AF9412468D922EF,F-EE08C7103D2458E54189,FACTURA,3.876691214852241e-05,1.3930978588496886e-05,3.876691214852241e-05
1,509D871731148417556D32403084C3A1F025B39F25D1E3576596145B118275F3,F-EE08C7103D2458E54189,FACTURA,3.3634748680944914e-05,7.910758955772844e-06,3.3634748680944914e-05
1,50FF892A28001920806C422056CC39971F50196EE55B1B9143DEBB18CEDE61C2,F-EE08C7103D2458E54189,FACTURA,0.00010182484406334433,4.0581835282957164e-05,0.00010182484406334433
1,51D9CA9CA591270CF71094784E8FB45FB6BB2B3ACC2C64EACDE6BB39C246D4C2,F-EE08C7103D2458E54189,FACTURA,5.399791178787989e-05,1.6175213475911112e-05,5.399791178787989e-05
1,52872BDC59D9284A7ACD25662EAC1A3A099D7A1403FF43AF4576EEE6443F77F6,F-EE08C7103D2458E54189,FACTURA,5.64037080822144e-05,2.7947094274690656e-05,5.64037080822144e-05
1,53531D26119A3A91D8160D16D8081238C94A83B00EADEEECB6BED96F35C0D21F,F-EE08C7103D2458E54189,FACTURA,3.0157462525418156e-05,1.363334700023478e-05,3.0157462525418156e-05
1,541A58F4E8042C3C1CCB76B0F0B14A9F44981E4F37DFBD98972B297BEDA30B66,F-EE08C7103D2458E54189,FACTURA,8.332360183103436e-05,3.584901264887334e-05,8.332360183103436e-05
1,550AC8115D0599DF1B246688659A43EBB82DB908A4C451864D3A422AE1B94790,F-EE08C7103D2458E54189,FACTURA,2.747113240882652e-05,8.936247227460401e-06,2.747113240882652e-05
1,557A3265646934A29349CB572EF71904CF6A1A226E38B80EBD82882136E4A99F,F-EE08C7103D2458E54189,FACTURA,4.0165812161657106e-05,8.966698956505325e-06,4.0165812161657106e-05
1,5735D4ECD8C02AEE2805F44503136E2C27365A75607716CC0391313DCEB6519E,F-EE08C7103D2458E54189,FACTURA,0.0001130756422760974,6.954797793973695e-05,0.0001130756422760974
1,58D96A8F7E16CD8E10431AF8C3FE63A36D651B973C435C700D50CF0876EB2D6B,F-EE08C7103D2458E54189,FACTURA,2.684677628195117e-05,2.122391586854724e-05,2.684677628195117e-05
1,58E197A82F3F1F813FF06AB56686D855230F5581C975C33E1CDD744AF7D01857,F-EE08C7103D2458E54189,FACTURA,2.816527083437139e-05,6.2484962481753175e-06,2.816527083437139e-05
1,5C105434BCE555AF94D7792820813C859CA80B3B8E23A6C81783AF6173447BE4,F-EE08C7103D2458E54189,FACTURA,5.188716766329453e-05,1.0184976729760739e-05,5.188716766329453e-05
1,5D224861E913AB275EAC0A0EE1005444D3C0A68007538B2C3C2965DDEDE157C2,F-EE08C7103D2458E54189,FACTURA,4.0512532067038703e-05,1.9313393238657572e-05,4.0512532067038703e-05
1,5E37BAFFEE3158DC48F70E790EFAA998E9CE2904FE56058F75BF845F27357702,F-EE08C7103D2458E54189,FACTURA,4.312989828423839e-05,7.865287040825584e-06,4.312989828423839e-05
1,5EADB6DE2AB4B5612CCB893D4D6F822DACA8F537DC34198253A2FA45B77AA3B0,F-EE08C7103D2458E54189,FACTURA,5.441729526624424e-05,2.3090271770620234e-05,5.441729526624424e-05
1,614C2047A38FFFEC9913CEA1D7C91912147857A130D26CEB45D38AFECE1F3018,F-EE08C7103D2458E54189,FACTURA,7.827336608924517e-05,2.1949873941280536e-05,7.827336608924517e-05
1,6306F04EC7699ACD9AA20661D6A0094E0EF6F2D07DB0DCB6E7DCB90754F946FC,F-EE08C7103D2458E54189,FACTURA,2.906896927807887e-05,4.856186396347026e-06,2.906896927807887e-05
1,6358F007E68B39846A6D3A1985B57BA5DB9B44816655F040179A2E54F5D3950B,F-EE08C7103D2458E54189,FACTURA,3.1975847776711284e-05,7.006290561859795e-06,3.1975847776711284e-05
1,65D1D32538349C1E4FD033151901890E04026E390D8DBDDB40D8BA7450402C6D,F-EE08C7103D2458E54189,FACTURA,3.979478151705074e-05,1.593016778552588e-05,3.979478151705074e-05
1,68B3C6AAFE89838741E71226D9F554CE180B406E66489C6843999F2CB92CEDF1,F-EE08C7103D2458E54189,FACTURA,7.596446594835845e-05,1.1188493943460308e-05,7.596446594835845e-05
1,69BD97565D5E8FA5D5CC7FD22FC5672E7AB8B5D16B40DFF18AEA29F0EE46FD94,F-EE08C7103D2458E54189,FACTURA,3.2570196153063215e-05,1.2616974807633195e-05,3.2570196153063215e-05
1,6C8B940D1661F64CF6F7EC76B7DBF963C1D054B1355DFD856CA0FB306A750A3D,F-EE08C7103D2458E54189,FACTURA,4.855554642982691e-05,1.5753633856735576e-05,4.855554642982691e-05
1,6C94C617C8904CF308B28BE5F23B2E67C8FC9DF6D9AD8F1B0FB3FEA74DBFEEA1,F-EE08C7103D2458E54189,FACTURA,0.00011636259786466558,1.6933506245667808e-05,0.00011636259786466558
1,6E9ED9F5310651C047A3FC9B8D480F10A4625DB45DC71EB2F895E3E2993D62A1,F-EE08C7103D2458E54189,FACTURA,4.965300185142814e-05,2.0976357141214806e-05,4.965300185142814e-05
1,724E671BB3324AC80652938C4FC4669A53A37A8FC7CE84A81EA066E5A2D15246,F-EE08C7103D2458E54189,FACTURA,4.0267517711942725e-05,1.942414918773137e-05,4.0267517711942725e-05
1,72DB0BB791EF4D236D0F5138132C14C14CC2CD9C33CB371EE37DDDD55642FBA8,F-EE08C7103D2458E54189,FACTURA,4.8486752914516354e-05,1.4823822696025449e-05,4.8486752914516354e-05
1,74A93147090410909DD49E3D1B75B7C3EA9345128B785139DC2F671880C5FE6E,F-EE08C7103D2458E54189,FACTURA,4.825615597423738e-05,4.825615597423738e-05,3.9112960029160716e-05
1,7856CD25016572D0C1DAD26A3A34140A0970F045A42C83C1D80C10E9F894C9B6,F-EE08C7103D2458E54189,FACTURA,3.595993157316368e-05,1.0147295307673195e-05,3.595993157316368e-05
1,7AE0DBFAD8AA6A4A31D3D85770137B3AC98891809709CF8E9EC04FAD430D9BFB,F-EE08C7103D2458E54189,FACTURA,4.1035468751139523e-05,4.1035468751139523e-05,3.278825287849496e-05
1,7C73F1706B08D28FF38296AA93C83247D2B200F3EEF0D166BC1AF40FA14836FF,F-EE08C7103D2458E54189,FACTURA,4.854920190192772e-05,3.6128488080420085e-05,4.854920190192772e-05
1,7E3C212A4DE3A52AB3D18EEEE790C5BEE9D1117A682938855EF6EFA02DD3C4AC,F-EE08C7103D2458E54189,FACTURA,4.621046056758182e-05,1.5202189459777534e-05,4.621046056758182e-05
1,7F7A01F689D121007DF3C9E807D55E966E785B4D8CAABB94AD8FBA25C27225F4,F-EE08C7103D2458E54189,FACTURA,0.00010247552165995167,0.00010247552165995167,5.344831617169778e-05
1,7F89F980F4355D93CED4B57BBB7F5AC404B25E081962D20F5702B8764B4066DB,F-EE08C7103D2458E54189,FACTURA,8.052968741266392e-05,1.4179399211341834e-05,8.052968741266392e-05
1,83814C2B24AE7A9CBB3110CF8C52F97E83B59540DDC596AF8F9A34DF483EAA65,F-EE08C7103D2458E54189,FACTURA,3.774168849373567e-05,1.4544920290052618e-05,3.774168849373567e-05
1,85D09583CD00F06641312ABE16A8461DECE1C4F6A1772729A662E7DD2583D322,F-EE08C7103D2458E54189,FACTURA,3.236154253173612e-05,2.5303056256410247e-05,3.236154253173612e-05
1,8804BD85592572AD09BC337FBB10D3AF7DAAE81F939A9ADE2BCAE8B43DBCFEC3,F-EE08C7103D2458E54189,FACTURA,3.602420890601862e-05,7.760778164115674e-06,3.602420890601862e-05
1,8826A97C92D5F3C316493C87C2DE5C5E4F8EFC96A246003EED5011A5DCE39E90,F-EE08C7103D2458E54189,FACTURA,0.00011646702909752687,0.00011646702909752687,5.442100297410873e-05
1,891B855C542CC48F533E16D15BF00298CF02C5AC66F8D05FB5ACEB99035D63DF,F-EE08C7103D2458E54189,FACTURA,3.60848398265314e-05,2.4784120527430764e-05,3.60848398265314e-05
1,89928C1E1B667DF89D8DDE754377437390B3A7A7FE61EC4FF5E54F03662DA5B9,F-EE08C7103D2458E54189,FACTURA,3.6018332097628734e-05,8.721563092818411e-06,3.6018332097628734e-05
1,8C45A084C0817A7DE45795105801B0C920364BC89F5DEB24DC52FEEF4BC7F17B,F-EE08C7103D2458E54189,FACTURA,7.22146663327947e-05,7.835940665309457e-06,7.22146663327947e-05
1,8C890D179D935AA3A1AE6E7063C8092384A4776D5709A94D6FDA0BE102F7DF46,F-EE08C7103D2458E54189,FACTURA,4.606546468160336e-05,7.863266557461629e-06,4.606546468160336e-05
1,8D4BA8C2CAC074E0F38FB7DC6F25F1E69D2F7AD95506AFB37797512AF3CD9B63,F-EE08C7103D2458E54189,FACTURA,3.863433110915747e-05,1.181082983954706e-05,3.863433110915747e-05
1,8F9645E839D86DD3DA6DAD4B15036B8EE5B0918947E0C81D178CB952F2B2BE1C,F-EE08C7103D2458E54189,FACTURA,8.064319565127215e-05,2.7471500622287337e-05,8.064319565127215e-05
1,90A1BB6EE9300C81CBFEFC314D0981DAD827FCDD8D8E320E600B069A8E91E2CD,F-EE08C7103D2458E54189,FACTURA,3.4417538338966896e-05,1.5505525096271482e-05,3.4417538338966896e-05
1,910FBAEDB8A90071E399EA9EDD55831BA2A6C779D9DAD241867BBACA82768A4A,F-EE08C7103D2458E54189,FACTURA,2.8170133974241582e-05,1.7778945396685028e-05,2.8170133974241582e-05
1,920E2C2CFAD19BCFEF234DE870443978D3779498399D7AE818167099775D713A,F-EE08C7103D2458E54189,FACTURA,3.8718400997060885e-05,3.8718400997060885e-05,3.8637395089924904e-05
1,92233BB1C2523E96C1A5F3CC8390A7507D1776004268A5C883287CB5670AEA94,F-EE08C7103D2458E54189,FACTURA,2.957145167745542e-05,7.048989018183764e-06,2.957145167745542e-05
1,92914214759A1969F8F6DA6FC3EAF436EEC02704E5B3141C282C9D183B15D2BC,F-EE08C7103D2458E54189,FACTURA,3.710287640966922e-05,9.653623001606931e-06,3.710287640966922e-05
1,92BFEC9ECE7286787335775B1094ECFCB2C3109923B99EA70FEF48F100F7824F,F-EE08C7103D2458E54189,FACTURA,4.696704067939305e-05,1.886228978620222e-05,4.696704067939305e-05
1,92EBBA53AD3476EC888E5D47534BFF0E73C340F8D58B63A2718AE92B6F7EAA21,F-EE08C7103D2458E54189,FACTURA,4.543299163073001e-05,1.2058856040730872e-05,4.543299163073001e-05
1,95163FEC1BD2F3B4D199C764E42F2B6343270AAC8E142CBF8A7CEC976D87FE34,F-EE08C7103D2458E54189,FACTURA,3.8234102419253674e-05,1.1233671463684095e-05,3.8234102419253674e-05
1,95506FC26A8105240416CB0915A50736B594090DDC122EDF482039DCEDC947B8,F-EE08C7103D2458E54189,FACTURA,3.737672307975101e-05,1.0462664118339805e-05,3.737672307975101e-05
1,9596624061FEBDAE035772A32CC975D358B4BAA9C1833EE21ADB485E2B0B06D3,F-EE08C7103D2458E54189,FACTURA,1.663519158381967e-05,3.6807326762770536e-06,1.663519158381967e-05
1,963E9941D8D3A90BDACCFDDA949B7EEDD535A2ED456FA063B67893EC4D759786,F-EE08C7103D2458E54189,FACTURA,4.996809295256902e-05,7.0204725433950655e-06,4.996809295256902e-05
1,9768F6CDE07116724DC86D4402184228B3963B7212E3287188A4EF9420F3498B,F-EE08C7103D2458E54189,FACTURA,4.5280047048453926e-05,4.5280047048453926e-05,3.4496958859815464e-05
1,97F4874BE79DAC5C72D00B028F6DCBA5564049CA077E6301C7AB4AAD37088BC2,F-EE08C7103D2458E54189,FACTURA,3.115691588582015e-05,1.2971738028637302e-05,3.115691588582015e-05
1,9857D4FCBA430BA90EA4E715013F3C02EBAE08FA6C857E1E859CBF2BA9341BAA,F-EE08C7103D2458E54189,FACTURA,0.004262468281881854,1.2969857111551686e-05,0.004262468281881854
1,98A548702408FF5D0DB0A54BEE501A1D25F8C84FFE702021E9855B960A54E722,F-EE08C7103D2458E54189,FACTURA,0.00016538996811694753,1.0204524845696947e-05,0.00016538996811694753
1,9945BBDC4DD33F425D4878C2F17FD844168E1F483FE51F229EF5A019C7E4AFB6,F-EE08C7103D2458E54189,FACTURA,0.00012591087817523416,0.00012591087817523416,9.342474168243742e-05
1,9A3FC7437BBDF8BFE19FD65198BFA9BE76A63DE5BC8E0AC1CEFB3E77373FF816,F-EE08C7103D2458E54189,FACTURA,6.998073210751376e-05,1.8377047145884114e-05,6.998073210751376e-05
1,9A9BB0F6EBA54E0D0C25731245270AB989933DF8900A72CE130827CA53B2B37C,F-EE08C7103D2458E54189,FACTURA,4.2568606822828656e-05,1.6109171807634974e-05,4.2568606822828656e-05
1,9B82B28BDD8F2617C32E1D8C71705EC2AFC2FCAC71747661CA85C65B08D4C6A5,F-EE08C7103D2458E54189,FACTURA,7.416712436840469e-05,2.636317952273284e-05,7.416712436840469e-05
1,9DF67317E84209D40CCA4D2D55047395A7C689394841DA25A86EA70932197DE8,F-EE08C7103D2458E54189,FACTURA,0.00010525168958540581,6.768817875724907e-06,0.00010525168958540581
1,A0E70952B21704A19FED7D35D964ABE1A3D24F66EE60C24069DB3658A23852AD,F-EE08C7103D2458E54189,FACTURA,5.9006182216623345e-05,6.595284654712423e-06,5.9006182216623345e-05
1,A1F9B06618E591EB2B3C76518F428FB788547CC1AA53E9544A4A11980A206B57,F-EE08C7103D2458E54189,FACTURA,0.00012591087817523416,0.00012591087817523416,9.342474168243742e-05
1,A5E0A23B19304BAD637E744E9B4ED12D8BF3377521ABFE8FE73049F7EFE47335,F-EE08C7103D2458E54189,FACTURA,4.745830624161446e-05,9.185490700210819e-06,4.745830624161446e-05
1,A69004CE99B64253517BF67479A39AC4E7E2BD6E61A8B7FADBEB43AC4D98FC7C,F-EE08C7103D2458E54189,FACTURA,2.8850257345637835e-05,7.577809870537074e-06,2.8850257345637835e-05
1,A6AD364B22617D413C3D16E1E057C22B686A19E8B85F6EF90F69BB3E880031C2,F-EE08C7103D2458E54189,FACTURA,5.120826389571981e-05,1.2684746380369352e-05,5.120826389571981e-05
1,A79E9B562724ACB0A285620DB140ED3B6F52FCDA4E72FF31363A24D15A583A4E,F-EE08C7103D2458E54189,FACTURA,7.501486935615871e-05,7.501486935615871e-05,4.071754797388289e-05
1,A7E2D050AE6A451E8D7031F3B2CD5C0C7D46028B7C0A78F2B615E19B29272657,F-EE08C7103D2458E54189,FACTURA,7.956331237436475e-05,5.789482718002104e-06,7.956331237436475e-05
1,AA84C3A4E4924686D838376E09090FD10087194C01C07A5EA950C292EF7C5773,F-EE08C7103D2458E54189,FACTURA,0.0001625718854842931,2.0846284746615914e-05,0.0001625718854842931
1,B49BC0B1FC19AAC79B16DC36E0EE7096B46796D74369F33A1A753F4B1237A7BD,F-EE08C7103D2458E54189,FACTURA,3.5423320492032154e-05,1.730695298076261e-05,3.5423320492032154e-05
1,B5ACDD8CF3C659A5ACA521D4D5BDD33A4ABCED7E3B51BCE62232BF6509A7A6B5,F-EE08C7103D2458E54189,FACTURA,5.698365803494976e-05,1.0148900514484497e-05,5.698365803494976e-05
1,B5DE25694A1E3F151038528A102E8613AAA3E63ED988DE74C8B99134F65C2CE1,F-EE08C7103D2458E54189,FACTURA,3.4231483170849086e-05,9.463008084718327e-06,3.4231483170849086e-05
1,B84B427F6FD18CB0429FFD385661A0D9E127F2E46C5B2ADC755D18414A870739,F-EE08C7103D2458E54189,FACTURA,4.854499991908056e-05,1.074718004214686e-05,4.854499991908056e-05
1,BAB2FC9AD6FCB9791998B45C2980B39C5B8761CA41A9B31757578BED83609B74,F-EE08C7103D2458E54189,FACTURA,3.3156101651283296e-05,9.943246258133898e-06,3.3156101651283296e-05
1,BCBBF28C995BCD25F999826AE1848F034C3835F0CFA162AFA733CB7F3317C176,F-EE08C7103D2458E54189,FACTURA,8.815891737832073e-05,1.2427263337764099e-05,8.815891737832073e-05
1,BEBEE3FEB2ECE2A58A28A20BC713DBD94D72534F2C5B58650B9A002E753C4FC7,F-EE08C7103D2458E54189,FACTURA,4.506387208860868e-05,9.382821388121488e-06,4.506387208860868e-05
1,C09C687DD4CA97DF30A9EEA5AC8D3FC4F376766772980E559830B9458C6E9A0F,F-EE08C7103D2458E54189,FACTURA,2.57642422559295e-05,8.187129376110219e-06,2.57642422559295e-05
1,C128DB050D40091655B54E5796821E4B97A21879827F408B1A1562D141649385,F-EE08C7103D2458E54189,FACTURA,3.0247459099700436e-05,2.167823295770401e-05,3.0247459099700436e-05
1,C2100227A4E19E89166D86B967E5BBDCD57CA5023BA5E65D69389BC8B8BEC3C8,F-EE08C7103D2458E54189,FACTURA,3.712454561499869e-05,1.982709122190731e-05,3.712454561499869e-05
1,C2C93818726DAC52E58536C78525B62A417DEC82F9491E4941E8AEE2CFA42B42,F-EE08C7103D2458E54189,FACTURA,3.506950253950311e-05,1.1278478736166638e-05,3.506950253950311e-05
1,C34D90268A5F10333F6EEB206403454ED03AD03DFE2E0F82144D322FCB2BE2FE,F-EE08C7103D2458E54189,FACTURA,2.542874786014372e-05,1.7771995184097168e-05,2.542874786014372e-05
1,C5015F3E9ACE903E1F1A3F021F972B5725DAA7D97CBF494731F3C5FFBD0178AB,F-EE08C7103D2458E54189,FACTURA,5.876219297421634e-05,5.841381043991638e-06,5.876219297421634e-05
1,CB3F881168E39D42F2154112BEFFC872F79A0F1E34F6E9C1939842604C61CA62,F-EE08C7103D2458E54189,FACTURA,4.450829011105129e-05,6.564180714949603e-06,4.450829011105129e-05
1,CBF2C5E3D3358E302151CED6A4FA4397E6E7656E3D8B5A494F458C3DD20F0286,F-EE08C7103D2458E54189,FACTURA,4.153169083695377e-05,6.480574812459525e-06,4.153169083695377e-05
1,D2009CF9F31D7894DB728342C16C23B5D69767488011AB222E69A86185D457AF,F-EE08C7103D2458E54189,FACTURA,7.666767675035636e-05,7.666767675035636e-05,3.1799079037439325e-05
1,D49E91493367E3924D7AF8AE16CA0B26567C40EC39687EF9043A0731EF840B3D,F-EE08C7103D2458E54189,FACTURA,3.485485548827271e-05,1.9187069418655196e-05,3.485485548827271e-05
1,D5A928540B4295A42FCF5B310EB45330AD6A407D3A188D3E5C3A05BA49112712,F-EE08C7103D2458E54189,FACTURA,6.288560861766314e-05,9.319528637623014e-06,6.288560861766314e-05
1,D7F197A9AB144A1AA1A11A794B66EB9EFDB9593D983625A8E89878B8F0B2ACE0,F-EE08C7103D2458E54189,FACTURA,4.483952395044468e-05,4.483952395044468e-05,4.364047813070583e-05
1,D8451310F49BFC83155DD4B1EAA3B50BC11A07754D2EB597B1D99F873B2F1088,F-EE08C7103D2458E54189,FACTURA,7.467866877931484e-05,7.467866877931484e-05,6.988426212955088e-05
1,D9861CC700E580878AFB757A991F47553D144B376796E385B08231F27027C972,F-EE08C7103D2458E54189,FACTURA,5.796594398589444e-05,4.63479596212449e-06,5.796594398589444e-05
1,DB543A149C7C3A5B0A723421AD7B1629FFD92C34ADB631A7BA21925B3F076B29,F-EE08C7103D2458E54189,FACTURA,5.2007156779920133e-05,1.9011315314178665e-05,5.2007156779920133e-05
1,DF9A5A317396F2EB09F145A8BC30BF1CA3420C9B185FE1F3A7377B9342F66C88,F-EE08C7103D2458E54189,FACTURA,0.0003507292447075316,0.0003507292447075316,3.9894053781268014e-05
1,E06A1E27219A456A167CF1CA1583CC493930116EE7712D3A74BF870317C1A7F2,F-EE08C7103D2458E54189,FACTURA,4.0732787539908045e-05,6.639283825414998e-06,4.0732787539908045e-05
1,E1BD8687178653719CC1872F8CC1A422EBFBC862AAC4FE0F106A4B2947E9748E,F-EE08C7103D2458E54189,FACTURA,3.003268311706622e-05,5.97456234906032e-06,3.003268311706622e-05
1,E27A2EB0D78D925DB0BFDCB44BC5F8990ECF15AB74B445EE4FC1480A7E895715,F-EE08C7103D2458E54189,FACTURA,3.098657331425356e-05,1.7695985537383326e-05,3.098657331425356e-05
1,E3705DD435EB0F9B9C65EFA33D57110D33CBB6E83A3E6A52B2E44FF8BEC70FD7,F-EE08C7103D2458E54189,FACTURA,4.322578623995013e-05,6.828794235961539e-06,4.322578623995013e-05
1,E3FFE6BAF7D9B5810F0A7789ECC24EFD30FBEEA0535B2782F1284D50CD87FB07,F-EE08C7103D2458E54189,FACTURA,4.408513614606668e-05,1.1363665704837527e-05,4.408513614606668e-05
1,E526C99083663455FF9D8A144F42B5D7CAF3BF3374B88E71DBD20C1423685C76,F-EE08C7103D2458E54189,FACTURA,4.33761609062783e-05,3.929850910860199e-05,4.33761609062783e-05
1,E599D9ADBD781E4D3A4F5A6A603485BA0633E20C447A9615538D861C54048306,F-EE08C7103D2458E54189,FACTURA,4.31521948700096e-05,2.0005777777858803e-05,4.31521948700096e-05
1,E5EA6863561EC0AC05BD8FC2C4486B673FAEB05EF771CC9073B78A9AE63CE293,F-EE08C7103D2458E54189,FACTURA,9.637738208617756e-05,1.3568247272657915e-05,9.637738208617756e-05
1,E6894908E97252F617612B361755AE4CADAD7D0D40883B34D66F68B267BAFBD3,F-EE08C7103D2458E54189,FACTURA,6.437851879670553e-05,6.429743143327883e-06,6.437851879670553e-05
1,E92EF2CC8ECEA4FA4AF559E894C9BB04CEBA9413F7356F43DDFF36BEA258F207,F-EE08C7103D2458E54189,FACTURA,3.438066423321921e-05,2.2964070970244942e-05,3.438066423321921e-05
1,EA20BABFAC6D778461BFAFA2DE072720F8EA92BE874D3D6B4B1C39E421274D8F,F-EE08C7103D2458E54189,FACTURA,3.6336302228847464e-05,1.6145503277195376e-05,3.6336302228847464e-05
1,ED9DA7E668125AAC48AC5D5CB1649B43B8E8636A4B0446E134B7941C890918D3,F-EE08C7103D2458E54189,FACTURA,3.110086744956627e-05,9.215158068871634e-06,3.110086744956627e-05
1,EE950C6BAF7DA9C86E8E4FDC679E2D5BDF85603D5EF1C8DD6FCFBA2FFE9541B1,F-EE08C7103D2458E54189,FACTURA,0.00011394781303762365,1.4876080156191693e-05,0.00011394781303762365
1,F1ED5614878958FA3F8F6FE4EC67586AED7BE453B74BAF85343B51C660276FC5,F-EE08C7103D2458E54189,FACTURA,3.4289424383991134e-05,5.397465249510155e-06,3.4289424383991134e-05
1,F68FFBB0988D213FEDF95E02671C5249BA98E44CC73C48633A144C420E746CCE,F-EE08C7103D2458E54189,FACTURA,2.498415444934951e-05,7.547241987923736e-06,2.498415444934951e-05
1,F75C4C0B9CB0F5C9DC73516970C0A96A09EDC1141F2EED9968A8CEF0786DA72B,F-EE08C7103D2458E54189,FACTURA,0.00017103581485940783,4.4042282171110014e-06,0.00017103581485940783
1,F75E14D3306E582993E85C486C4085A4238AB020B76AAD0706CF5D2EFBD8711E,F-EE08C7103D2458E54189,FACTURA,2.850410061782173e-05,8.917642668414348e-06,2.850410061782173e-05
1,F7CE019C15AA7C975DCFDF582EF7DC4467993E469ACCB5CD34D2CB0119832525,F-EE08C7103D2458E54189,FACTURA,3.526087170537973e-05,7.208946805626737e-06,3.526087170537973e-05
1,FB9793DC94A8178102D75A97E0840E287BDD71D8EA9F9B07588D1582BB3FBB75,F-EE08C7103D2458E54189,FACTURA,8.806660184497416e-05,2.781143539236579e-05,8.806660184497416e-05
1,FC7CAABF0DC37DA0008DAB21CB11879C300FEF215B2B69DCC0BD08081358CCFB,F-EE08C7103D2458E54189,FACTURA,4.9011655912331483e-05,1.3534711562630786e-05,4.9011655912331483e-05
1,FFC223740A59AAC2F4D9E71E5A2799843D2F7674B96B265B21668F6D9F84A32D,F-EE08C7103D2458E54189,FACTURA,6.376105143961743e-05,7.964732710018002e-06,6.376105143961743e-05
2,014E2ED703E7699D11564EA3DA8C3C759890653A8AA43818519F760562AAD8E9,F-41390C2275426E0851C1,FACTURA,0.005472133785643488,0.005472133785643488,0.003918285392605898
2,02656E7BEACD36FF1D29B09DB3B935C87A2031DBB0AC01CB7FB6EF3190A013A9,F-463F5D66BCFC1B95B4F2,FACTURA,0.0006964751851153707,0.0006964751851153707,0.0002615748612324112
2,038C8E13A29FF718AF15161F5E1623E16F4735509EBC827CBF80A30555FC05DB,F-463F5D66BCFC1B95B4F2,FACTURA,0.0004589960871407651,0.0004589960871407651,0.0001011635178959925
2,0694B850140E5FB7BFAECB0AE25445A17058A3081747D666726EF30BF5AA1CB8,F-463F5D66BCFC1B95B4F2,FACTURA,0.010866372367965126,0.010866372367965126,0.009578408079406344
2,087EA4366E3106496DA6B0BC81253540CE32BCC41D32F4556B269A17734EA995,F-463F5D66BCFC1B95B4F2,FACTURA,0.010866372367965126,0.010866372367965126,0.009578408079406344
2,08D4415DD3DD5F35A1D0E2243FE7197C8894DC3F408F5C6241D2C12EA5EF3144,F-463F5D66BCFC1B95B4F2,FACTURA,0.001098672848718301,0.001098672848718301,0.00035179038911543084
2,099CD04D4D313E7B125EE36BE7A592FAE24935F39860457A2663B17850A7A024,F-463F5D66BCFC1B95B4F2,FACTURA,0.0011995228312120933,0.0011995228312120933,0.0008074640598040549
2,09CB14F715B5C41BB9EF57C4DB54A53397E380B9647D9DF3125089BF05529B3D,F-77DF7B7AF18627AF7CC8,FACTURA,0.010866372367965126,0.010866372367965126,0.009578408079406344
2,0BCB4FA93CF649F724DA354451FE75CADFBA4E2BE6B7A32C41D4D5A40B6500B0,F-463F5D66BCFC1B95B4F2,FACTURA,0.0011889576832314792,0.0011889576832314792,0.0002551503468708433
2,0EA83AC8EB655DEA62FEAFEB9AA0E382503A8BAE3EE20782767D39071CB570D8,F-73AB37D8D5F65AA437FE,FACTURA,0.010866372367965126,0.010866372367965126,0.009578408079406344
2,10191891313269319E0D3C05BAFEE13282C40FD6B8BE77F890B623E757032F66,F-463F5D66BCFC1B95B4F2,FACTURA,0.0015224027121609192,0.0015224027121609192,0.0003346831150175535
2,1070D74119877C31496D76A77F5B15F0608CB4054729C553008B3AC97A34E774,F-3011CA8E0F20D09184FC,FACTURA,0.010866372367965126,0.010866372367965126,0.009578408079406344
2,1263E1D96CCC2DC62B7B63FA6BE11310C0BA2C6C480F0DD97CC90CBE48E713FA,F-134A9F49858D4BF94062,FACTURA,0.010866372367965126,0.010866372367965126,0.009578408079406344
2,12A06FB638C41A396A7D0795E2B9EA77B86474B203529001B612EC9895E84BC7,F-5213D0B5BE521925EA95,FACTURA,0.020367812806611,0.020367812806611,0.0005317169091236029
2,167929F9016E97C2CCFE59A2730534C5CD51282608A17A4EF1F23FA5F94104D9,F-463F5D66BCFC1B95B4F2,FACTURA,0.0004369266362225066,0.0004369266362225066,0.0002469155834402122
2,16D63A67B2329B876A7EB150497C22D00A7FC6CA3C3D9F3D21BDEACB8FC493A8,F-463F5D66BCFC1B95B4F2,FACTURA,0.00026645266974842597,0.0002580966718345101,0.00026645266974842597
2,16E375C7BFC7DEA12A79C7383665C85A3E059F7F5A69AF0C52D3D4ACC27A9341,F-463F5D66BCFC1B95B4F2,FACTURA,0.0016085738568833335,0.0016085738568833335,0.00039980143361992515
2,1774A5264220F2FF45E5BC66ABA462BACACE62D7E6CC8D8B4C325FF2953FA33C,F-463F5D66BCFC1B95B4F2,FACTURA,0.010866372367965126,0.010866372367965126,0.009578408079406344
2,18A2915116E554779056513F6E5C546608D7AE4ABBD5651F3A29EB14355EF1F7,F-463F5D66BCFC1B95B4F2,FACTURA,0.010866372367965126,0.010866372367965126,0.009578408079406344
2,18F720B96A147A5AB163A7A9CF2973DD63B5BF1945AE004DF51831A085DBD07A,F-463F5D66BCFC1B95B4F2,FACTURA,0.00045791499918295726,0.00045791499918295726,0.0002835185958305065
2,1A336FF617D5A0C3A526B99A96FBAFD04444DB1284DF057F7A0963EF0F477489,F-463F5D66BCFC1B95B4F2,FACTURA,0.001164666371098934,0.001164666371098934,0.0007805482044989987
2,1AFE7750B1E03B7B6216CE4DD3DD72A572DD1127B8545E28AFE90DDD2CDC0579,F-1A84B55E846D76A51EE3,FACTURA,0.0001385501476073603,0.0001385501476073603,1.5466580634146836e-05
2,1ED366B383A3896CFEB2405CE4CAC87D9D060DC3080F784F47BED59A1054A232,F-463F5D66BCFC1B95B4F2,FACTURA,0.010866372367965126,0.010866372367965126,0.009578408079406344
2,2154FD617AF13243DB7B586CCBA7EF469689877C9BAA53B0F84ED403E793BC99,F-463F5D66BCFC1B95B4F2,FACTURA,0.00025158071185056927,0.0001832284237673519,0.00025158071185056927
2,220DD10F950D9C9E128FED4EC3B946CF309DBADDC624CC54ABD925F59E1A81BC,F-779475FE3B614A1E04BC,FACTURA,0.01608544016066548,0.01608544016066548,0.0015069994060427543
2,2359686156391AC697F0FACF0BC28C4A3B58BF780D9DF464022B6629A5418D41,F-463F5D66BCFC1B95B4F2,FACTURA,0.010866372367965126,0.010866372367965126,0.009578408079406344
2,263DEF4CEBFD41025BF8C60D814D6D9533131D244D35E3D23C08BBE8917C9BD9,F-463F5D66BCFC1B95B4F2,FACTURA,0.015709910191960684,0.015709910191960684,0.00014308255394976672
2,26EA4A2318A2CA163F0725B8551C9F4CFE6E45EA6578CACC90BC64C6575AF63B,F-463F5D66BCFC1B95B4F2,FACTURA,0.010866372367965126,0.010866372367965126,0.009578408079406344
2,283DD750150A80FD78B56DFD05BD0CF320ED7EE5AFE628DC3A273F00642CECD5,F-463F5D66BCFC1B95B4F2,FACTURA,0.0045795276679331705,0.0045795276679331705,0.0004077100588582328
2,28F92D6F8C69A983FC3129BC8443C5E475F94DFB173AF74A3BF5F08D957F5B0D,F-832328D5B6CC43C2F3DC,FACTURA,0.006680223907080251,0.0021954321043420742,0.006680223907080251
2,2CA14FED2FAD395EFD4983F8070DF27AF17788C817D750BBE547E27F9DB493B7,F-463F5D66BCFC1B95B4F2,FACTURA,0.0009388954810362111,0.0009388954810362111,0.00013137777842523224
2,2DF94A5C2384FC7A97229E0EE33C8F5F95234472102492A6EE49DCB9C7277EFF,F-463F5D66BCFC1B95B4F2,FACTURA,0.010866372367965126,0.010866372367965126,0.009578408079406344
2,2E23F651392097BF6177E1CBC5D2B43D4B848A229CDD80E9B8413254E95D51D8,F-463F5D66BCFC1B95B4F2,FACTURA,0.010940584365765754,0.010940584365765754,0.0007494219866618473
2,2E2889EBA992FF88C5260B76B01933BFBA0AA678BD94B8970181748B220ED2C5,F-463F5D66BCFC1B95B4F2,FACTURA,0.001643750073196827,0.00025513637674263545,0.001643750073196827
2,3031035EFEF15605525E170DDD8F26344AE93413637DB2E3C70563167DA90FE0,F-73AB37D8D5F65AA437FE,FACTURA,0.010866372367965126,0.010866372367965126,0.009578408079406344
2,31371F0EA09BFB13ECAECD39B9C36CF70E4662CB0E31F2ABE26B8E74402003F5,F-86BE3E411093F2089A3D,OTRO_DOCUMENTO,0.010866372367965126,0.010866372367965126,0.009578408079406344
2,335AC770519EAE163C5134E2EA131117E2C33595801C0E539D09D931C4DA240B,F-844F46097516D7BF05C2,FACTURA,0.0009679503797647461,0.0009679503797647461,0.0004980715508808551
2,35709A9FA1B5566E20EBF278560F71587E0A106C380B5A0F94F2EE91C79F8222,F-DC0A2053B5A530D4C5EF,FACTURA,9.729476890077181e-06,9.729476890077181e-06,6.532965707489658e-06
2,383DE8754A9EBB07BD9EB72DB9800FFB5803C8E11BFB3BC0AAEB9C79AE193FD8,F-463F5D66BCFC1B95B4F2,FACTURA,0.0002788562894853596,0.00013757647077703182,0.0002788562894853596
2,39882040989893FF1C7A809346D4085D7C4150C416ED632837EFB63E8EF1280C,F-463F5D66BCFC1B95B4F2,FACTURA,0.3727688997774665,0.3727688997774665,0.00010613814415418744
2,39ED10D1A77B4EB055838E4EC66003D7D4699C8708F0BF4C13A5FBB1AB0F122A,F-35CE05482AADE1B2B731,FACTURA,0.011854436218870024,0.003777052558851078,0.011854436218870024
2,39F2792EB6ADB7A6A42E6D59FB9CF99DC6F5782A4E2CB744BB0A4DDAEB38AF34,F-2721D67ECCF8E868E314,FACTURA,0.010866372367965126,0.010866372367965126,0.009578408079406344
2,3A65FD65E95627B0F05FE79FE51B07B46933815E46446CF07C38DB21EBAB9D32,F-D8C324C174874BEB5368,FACTURA,0.0037728875324712485,0.0037728875324712485,0.0023754718998857693
2,3BA58BA10753F4E30A6CAF83DFE35249D2FBB5E80A9693D275BD1432780CE2C6,F-463F5D66BCFC1B95B4F2,FACTURA,0.0016379145016241113,0.0016379145016241113,0.0005708992733594988
2,3C35B4CCA59C5BC90D41F89C5C8464342B8B3192AD97B1FC02C931F095D37EFD,F-463F5D66BCFC1B95B4F2,FACTURA,0.0007408008867313447,0.0007408008867313447,0.0002473106120870377
2,3D2DBD1657682F7701E357F8C218517A65EE1FED40AAE6FE5EC49B2E9E354580,F-463F5D66BCFC1B95B4F2,FACTURA,0.001109644160697568,0.001109644160697568,4.712360478665312e-05
2,406AE65863FEC4A143382804B7C8C481DE608DB940FC7E9F7AB2621871E20521,F-463F5D66BCFC1B95B4F2,FACTURA,0.0002698427216124917,0.00012666025959879275,0.0002698427216124917
2,4114622761D0BA0DED1DB98E3DA95F415FE0A9C428C97655033FA79F7972DDCB,F-CEDA51D85B3AA52E945D,FACTURA,0.0018968112832712253,0.0018968112832712253,0.00011326217689822148
2,41DA1916DEF0865B974AF8DA1FC410BF132CF8F2D39C53D21634C67E095437F6,F-32D29C25B87BCDD5D9A3,FACTURA,0.010866372367965126,0.010866372367965126,0.009578408079406344
2,47D3C8A2FFBE4F757B2CF5687B9B5DB0784496E671CB0E75DD2E8BE5B0730416,F-F06BCF4B9729282FE5A1,FACTURA,0.00877102041193171,0.00877102041193171,0.0008783139713531207
2,47F56B680B5D8A38CEB3CDFA360FE52E05E0A1F3F6510B207D4043F3E0C0EB37,F-FF1E9D9D737E473FAE94,FACTURA,0.007092484957692608,0.002539417061458778,0.007092484957692608
2,4948D0FA0F95989E86BF9A7946E176DB7A1C64E48302AE1125CAAF7C09B9BC44,F-463F5D66BCFC1B95B4F2,FACTURA,0.0020556539989213373,0.0020556539989213373,0.0004074437945089888
2,4977BD9321274C56C37FA622DDBBAD186D692453E6A09EE22B0546A90912BEFD,F-463F5D66BCFC1B95B4F2,FACTURA,0.02619927179235464,0.02619927179235464,0.0011643785551112438
2,49877C939058E0CCF767C71D8946B7FCC3FB9479A1D831926B45806AA43E9F4B,F-236B043AC3F54D78C0B5,FACTURA,0.010866372367965126,0.010866372367965126,0.009578408079406344
2,4A5384DEF4B19CB130CAE73EA2EEAB8F4AC68E5D1E82DA366E613C6883BD6012,F-463F5D66BCFC1B95B4F2,FACTURA,0.0021942234470721817,0.0021942234470721817,0.0014781623310693565
2,4E00CF86272C09321C1BB8FE8A44928B3A1ABA1969419EA778A8DBBABD64496B,F-463F5D66BCFC1B95B4F2,FACTURA,0.0009997981101776856,0.0009997981101776856,0.0003350239146394058
2,527504906574AF26885EE635E0F36AA979D7FF61B1D8507694DE2CE5B73225F4,F-463F5D66BCFC1B95B4F2,FACTURA,0.0027573336536926714,0.0027573336536926714,0.0015861233536134383
2,52A88A4DC787DDDBB8F9B392369383B8754539E3CC700CA09CAB17DC9897D3D7,F-A26E6E68BD787A625DC9,FACTURA,0.0004744216093531857,0.00036277484389875427,0.0004744216093531857
2,52B6FD2C8B46284ADBC2445204780085D2F07A264912814E6F22687C3A3E9970,F-463F5D66BCFC1B95B4F2,FACTURA,0.0003007307498600583,0.0003007307498600583,0.00024143591656350217
2,54335DE1C0415D17F21265B12222E081CEFA539B242465CBBCFC590F12C0C334,F-463F5D66BCFC1B95B4F2,FACTURA,0.010866372367965126,0.010866372367965126,0.009578408079406344
2,5A80048F71A9AE67E7530419E5A4AA5021FAC7D3DB56701B9C690DB21DBE43D3,F-463F5D66BCFC1B95B4F2,FACTURA,0.0025193703409472717,0.0025193703409472717,0.00027714793721147737
2,5B7916DC843BE2C450F86EA33A9B9F45AD1B2BB4F0890A22185D170367C77CD0,F-463F5D66BCFC1B95B4F2,FACTURA,0.0002771026962070331,0.0002771026962070331,4.982491059104946e-05
2,5C0E3592C9A130DFF03ACB34C4B59CB3A208BF70116821761D3431A7693BA96D,F-463F5D66BCFC1B95B4F2,FACTURA,0.009187066852223074,0.009187066852223074,0.0015721798885344794
2,5CD323BE0FA8C7BF7DF56E09EB62B1338AD699ED21F25A09DBA6E646DA452906,F-108FF89DFB4EC29C3343,OTRO_DOCUMENTO,0.0009313491513600347,0.0001202638861149385,0.0009313491513600347
2,5D0D7F3FAA4ADAB4AD899FAF93004DDD9B9B1E4AC8856E4E46BE7A592FF909C2,F-463F5D66BCFC1B95B4F2,FACTURA,0.0002754157649152046,0.0001620952855680803,0.0002754157649152046
2,62ED045064645CFAC1E4ABEAB3BD7871BB1ACA133EB42A02042DFD4116B68747,F-463F5D66BCFC1B95B4F2,FACTURA,0.0009819609013255225,0.0009819609013255225,0.0003758182773936157
2,653916FEE25C919AB6EB8CD62ACDB2EFB4ED9246ABE1E345CCEFD62AD0B1EEEF,F-463F5D66BCFC1B95B4F2,FACTURA,0.000720059857237479,0.000720059857237479,5.503932417271217e-05
2,65689BDA6B6E78D08778050BC9AF74BF489A45EC0F06B14D021402CC4A49703B,F-9556189C2A6C11049E74,FACTURA,0.004635240719941438,0.004635240719941438,0.0002203204551118189
2,6628B77297FB0AF7072963D7CFE54056E7303FF0D0C639C77083714E0007556F,F-463F5D66BCFC1B95B4F2,FACTURA,0.010866372367965126,0.010866372367965126,0.009578408079406344
2,679B276143705D4AC3247557E5B766A0D3B8EF46EF0C7E93E9743E56F4C7C21B,F-FC411F149001282E7254,FACTURA,0.010866372367965126,0.010866372367965126,0.009578408079406344
2,691BF365684F97697A067502250D2340172FFABC2AF02D9E3B21DA04BCB2E53D,F-463F5D66BCFC1B95B4F2,FACTURA,0.003685989479561105,0.003685989479561105,0.00011062349060049948
2,6A06BCDA8E65514CF3BD6E192ED15EE82B1DF5E90108BE7BCD9B102E469B53F9,F-A75A0A5D32BC3BDDC3FF,FACTURA,0.010866372367965126,0.010866372367965126,0.009578408079406344
2,6B5E9590C4800D1DF3407962383CB00B53C9090887157D672A4E2359DFFAA25F,F-463F5D66BCFC1B95B4F2,FACTURA,0.0006491181548907599,0.0006491181548907599,6.329437272857069e-05
2,6BC211BC3F456C4F62C7F39BE39CE115108F377BC270C8D0CBD9CB0A400092D5,F-463F5D66BCFC1B95B4F2,FACTURA,0.0004963719572283301,0.0004963719572283301,0.00016545134525379232
2,6C5B4EA91CF5B9B7DCFE271736BED260D3E743DB8E6B20D27414377E4A215229,F-463F5D66BCFC1B95B4F2,OTRO_DOCUMENTO,0.010866372367965126,0.010866372367965126,0.009578408079406344
2,6DEA7D3BCF2BDC78A4C5B1A0C8A35F62E0D88B265012BA0DBBCB8B6613470373,F-463F5D66BCFC1B95B4F2,FACTURA,0.0012470923777970825,0.0012470923777970825,0.00037489927874766144
2,70943A213A862A315DB451BAFBADDBFE5C0E45D694BF40FD8E5430FF47A032BA,F-E8D73DC2FE1F519E363D,OTRO_DOCUMENTO,0.052334393873650756,0.052334393873650756,0.002828530221982629
2,70E5AE3F504F2F5AB4AD5B3E512AC716415539ADF79DF6BF02821B5A8D35578A,F-463F5D66BCFC1B95B4F2,FACTURA,0.0006428268256636192,9.763328144603943e-05,0.0006428268256636192
2,74E1683A4487F41741E8A66012A82E03967DF0DDF917463FCEF8254BBECACC4A,F-463F5D66BCFC1B95B4F2,FACTURA,0.0010294870218148754,0.0010294870218148754,0.00035883277039137565
2,754EE6E12E8F8F2901DAE135E15FF3D5ABF245CA5D195BB6F95149FE4EA034C8,F-463F5D66BCFC1B95B4F2,FACTURA,0.010866372367965126,0.010866372367965126,0.009578408079406344
2,75920680546C0B19824E520C35362E4321A64E41D50F38FDCA51BFD9B991E533,F-32D29C25B87BCDD5D9A3,FACTURA,0.010866372367965126,0.010866372367965126,0.009578408079406344
2,7665E4053FAEAC461DD7C5DD5BCF9F87E0FD310718AD6F36BCD084A7244397EC,F-236B043AC3F54D78C0B5,FACTURA,0.010866372367965126,0.010866372367965126,0.009578408079406344
2,77A0EC1DD124A7512A46495983BEB01CA5EAB0F48B06D7DE74C1D779BA2D5625,F-42F5E136477B6F356B09,FACTURA,5.980163714877011e-05,5.980163714877011e-05,2.21843027278503e-05
2,77BEE0C8120D6B5C3D19B79CC4ABFFE13BCD86AB4AD7BDCFE810BF0F53FA5689,F-FC411F149001282E7254,FACTURA,0.010866372367965126,0.010866372367965126,0.009578408079406344
2,798711A2CD575D42858450215C116F88AAB5045FF2ADB933E2FAFEA46C072DB6,F-108FF89DFB4EC29C3343,FACTURA,0.0008878978609769289,0.00010479074489876714,0.0008878978609769289
2,7AB8D2AB7B5229FA6F6AFB5F7329F783BD003B13322FB478B6176610993FCC87,F-463F5D66BCFC1B95B4F2,FACTURA,0.0009464951750004306,0.00011824251652264414,0.0009464951750004306
2,7BDA132A66DCC9019CACEC8C76D060F25F6AB5BC39C12E07860E24F737ADFF5D,F-6A583E4107FD174FEE61,FACTURA,0.00017498207566235912,0.00017498207566235912,5.8900190796914416e-05
2,7C9BBDA23EDEB3A0E8084A1817DC926D7DBC841380E79E281F299282806E530C,F-463F5D66BCFC1B95B4F2,FACTURA,0.002909193287087117,0.0003309522351232007,0.002909193287087117
2,804CDD532AB841FFEB1AD54F73379984FF6D48BEA5D7D4C710BDFB9B1CCA822E,F-463F5D66BCFC1B95B4F2,FACTURA,0.0039942169542800665,0.0039942169542800665,5.482566233694825e-05
2,817AEA31523ADF117C9475551788C73D2777CC744CB01A2044FF86D6CF7511A0,F-463F5D66BCFC1B95B4F2,FACTURA,0.00044855143100541245,0.00044855143100541245,6.58093393170077e-05
2,8193A4E9A6585242D05EB8ACF18447F4336689F1967F687D954668A223E10FEF,F-463F5D66BCFC1B95B4F2,FACTURA,0.0008322036184589439,0.0008322036184589439,4.6453776600498716e-05
2,849C6ED1AD7AF7C311AB235C076CE496C3E2C6EDDC49C89E71131948C2006E88,F-77DF7B7AF18627AF7CC8,FACTURA,0.010866372367965126,0.010866372367965126,0.009578408079406344
2,85E85EF47B9912751729A2A2423C70CF214EEEBA2C81376F2AB82802F5F6AC0B,F-463F5D66BCFC1B95B4F2,FACTURA,0.0006481333176364872,0.0006481333176364872,0.0002680722235241493
2,864D7CD058492007F2D3B2F0D08B81E87778572F0731A9311D65D955C84E3BFD,F-DA3D3ACC13A5AA5E9C71,FACTURA,0.010866372367965126,0.010866372367965126,0.009578408079406344
2,87B98EFA5585D960ED2FDD4D68C403CDC07905085C906C38415492B984527BA2,F-463F5D66BCFC1B95B4F2,FACTURA,0.0012301038402436392,0.0012301038402436392,0.00046996790641544797
2,87FB307AC4DDE601D5A4AF49775D540AF75DA22DDB8316C3B3391F8A7C8007DF,F-4426261E80B33B17CD1D,FACTURA,0.0009168407606768738,0.0003911688761353422,0.0009168407606768738
2,883D67D2E7D0D4EE090C399C04207B516666CE7ACC6FC11E60DB07523F6763F9,F-A9B670855B09AE1DC9A7,FACTURA,5.696297289480385e-05,4.5736278558548424e-05,5.696297289480385e-05
2,89CD8A66DBF9038B0A5FB43B087E7D847FFD18F69247614B77516C71D08316A9,F-236B043AC3F54D78C0B5,FACTURA,0.010866372367965126,0.010866372367965126,0.009578408079406344
2,8A228DDBA1F27361B5E55C9A16414705BCB0DEFFF0F67CDC125BF5BFC309A446,F-5C921C794595E71A586A,FACTURA,0.005383405287357033,0.002728080116112984,0.005383405287357033
2,8A91BE697504E72D00894ED70CB136CFB447C037BEE877608EEE320D6097072C,F-463F5D66BCFC1B95B4F2,FACTURA,0.002692676720172785,0.002692676720172785,0.0013220034155675942
2,8BB9D2636F55F41E4CB1CD002B4DBEBD24F0787A984AEF0D6EDDA69E4FA31FB3,F-73AB37D8D5F65AA437FE,FACTURA,0.010866372367965126,0.010866372367965126,0.009578408079406344
2,8DFA8CB9798CCF19F9BAF04C59F34058782E3DE9FF9A2EAB2E22F1B12D8AE149,F-463F5D66BCFC1B95B4F2,FACTURA,0.001044775949371571,0.001044775949371571,0.0003272666540281297
2,8F110C4D92620DF0FF6B33FB5FE308E4DEB7C4A477D0C93B9A21E85AAED5B672,F-463F5D66BCFC1B95B4F2,FACTURA,0.0008991295818931972,0.0008991295818931972,0.0002643656955970205
2,929808BE7D3DFA364E40A52C21EEE8C6195BCB4B2724BB30F5EA0E99E2964963,F-780F613365E9FD4576C4,FACTURA,0.00040741431470086973,0.00013276676208330158,0.00040741431470086973
2,9333843B9DBB69A2C5494D92C99720C003D8A7CC226D80A64758BFF00A433279,F-463F5D66BCFC1B95B4F2,FACTURA,0.0010445886861327957,0.0010445886861327957,0.00036805096709042703
2,98BFC5FBFD9E19FD42CD4283A46B1DEE806AC72DEE45AC0FA82BD83E7889FA01,F-3425847B1228DCB1FFC6,FACTURA,0.0046843549716338116,0.0046843549716338116,0.0004961035085663698
2,9F3EE50DB8332F50B686622FE67CF9DA5389B73AF85744453A7B53B450F624E6,F-3011CA8E0F20D09184FC,FACTURA,0.010866372367965126,0.010866372367965126,0.009578408079406344
2,A47A2D7859BB08A65A7C8003656803C777E38BC94F7F27EEA4AD1CD8FD5B80FA,F-463F5D66BCFC1B95B4F2,FACTURA,0.00095476030713439,0.00095476030713439,0.0003325772695461102
2,A5D596CC95D40058EBAB004E9B7D0CD5CDFC8C026CECA39BD2985DA63EE8C44C,F-463F5D66BCFC1B95B4F2,FACTURA,0.003060401345084952,0.003060401345084952,0.0003934933576965682
2,A75839AE32A6A29EBB6CF64EBE45427C346DFFE51E758D5F04D903FC28147D87,F-C4297C930D025E93CCD8,FACTURA,0.001715762365685492,0.001715762365685492,0.00015329546688090992
2,A7EEF61CBC21D206720339275678C25A6C47A3A09E9DEB38D901E03BB5657EAA,F-236B043AC3F54D78C0B5,FACTURA,0.010866372367965126,0.010866372367965126,0.009578408079406344
2,A83A954DC4B57E16CA65F339A6A32389B871478C19D83616338C312E3DADC07C,F-13D60871A95205707260,FACTURA,0.0013494652985207433,0.0013494652985207433,0.0002541908122876326
2,A9133411F1F9F53089FBF5901269327CF6662B8D9095A0E75851ACE6455ADC46,F-9CDD0F79654F6C629C58,FACTURA,0.00831258784872213,0.00831258784872213,0.000357084746484016
2,A925841ABDBBBA3C4CE336C59731CF70CB6A8671AF5CEC26DBDF467A5D92B27F,F-108FF89DFB4EC29C3343,FACTURA,0.001082990450032043,0.00012533322960339398,0.001082990450032043
2,A92813FAF3F630A2BD56EE3BFD4698B7F02E73AB258E69060425422B9409202C,F-463F5D66BCFC1B95B4F2,FACTURA,0.00047412578184601235,0.00047412578184601235,9.83498509057398e-05
2,AB024B93E8B5777C028652601EEB9B237BDF2C8F8FFEF47DED32E4E522CD8A98,F-73AB37D8D5F65AA437FE,FACTURA,0.010866372367965126,0.010866372367965126,0.009578408079406344
2,AB0D83C3DF9CFBA31A1263817C970E11E1100483FEAEB9FF1B3648423B98EC50,F-463F5D66BCFC1B95B4F2,FACTURA,0.0003022576835807224,0.0003022576835807224,6.626905464476805e-05
2,AC42650CDBF054A8D47F42B00BB5D1DC80ED46BF8F1B3CAE8266DB2B168C2931,F-463F5D66BCFC1B95B4F2,FACTURA,0.0008725860100243344,0.0008725860100243344,0.00016892990280693412
2,AF9E13927BD6123DA16DE0369AA7435A2892D4D71E8A0B3863F85C6A5E30455A,F-F47B73E9F9F7F5973BEB,OTRO_DOCUMENTO,0.010866372367965126,0.010866372367965126,0.009578408079406344
2,AFF82FA6EF3277DD84FB0590FEFDAA94384C7C16B8DD7E888E0AC3694B287D74,F-463F5D66BCFC1B95B4F2,FACTURA,0.010866372367965126,0.010866372367965126,0.009578408079406344
2,B22A76E1E4FD31EF224C10ACFE0E347C516EF33BA7C3ECF2F5490502A042BFD9,F-463F5D66BCFC1B95B4F2,FACTURA,0.0014927541255208335,0.0014927541255208335,0.0003124682544798307
2,B3E8F9A23D84DA4EF6F0BED0132ABEC06DBBCC00BADF676ED7BD7E71E44FDF73,F-463F5D66BCFC1B95B4F2,FACTURA,0.010866372367965126,0.010866372367965126,0.009578408079406344
2,B5FADEA794BC7EF56E6FCA4D6D51AA1D2416BC77A0A4768BD9F139BE4BF0C225,F-463F5D66BCFC1B95B4F2,FACTURA,0.01624627682053548,0.01624627682053548,0.0006056510733094458
2,B659F8BCB146A10D8370F7CBC2A5C9DB45207D9B5EFB86E12A2786DA28051160,F-463F5D66BCFC1B95B4F2,FACTURA,0.010866372367965126,0.010866372367965126,0.009578408079406344
2,B78BB8245C935535BC3425C474DD8C21F7E5434AF84B89A889F4DCB0C0595930,F-9525E35FAA9C79DDFE79,FACTURA,0.0006595093606612571,0.0006595093606612571,0.0004906336215251127
2,BAAE431824638D35FB35CDA58C3D162F45CF18993CC7DD8696C0ED104C344E01,F-463F5D66BCFC1B95B4F2,FACTURA,0.0010018524154237274,0.0010018524154237274,0.0003410374207952193
2,BE42D5645B6B6FC115CDDAC2DE7D1E6B4155601B7184FD659D4E749B43A7CC4F,F-463F5D66BCFC1B95B4F2,FACTURA,0.0005669257675767855,0.0005669257675767855,0.0002583380865583207
2,C1339904E1A25B7C57F4FCD77911D4E12AC16E32615C65591D13F656405BCD61,F-463F5D66BCFC1B95B4F2,FACTURA,0.004511968748052668,0.004511968748052668,0.0003465759346834766
2,C5130207272100B6F37D2F1DF7D551DB1B8689288E3EDA73B8DE49834D6D8DF4,F-87572B663CBBD9F4CA2F,FACTURA,2.621923051431712e-05,2.621923051431712e-05,1.438320861828327e-05
2,C6469439E8A7EADDAB74F948CDEB8C758FB7E73195A0FA9FADF994E98857A5FC,F-463F5D66BCFC1B95B4F2,FACTURA,0.0008241129852559596,0.0008241129852559596,0.0003552678886521598
2,C7DCFC7B887ED14B331FE01DC9255DB7490E7A0124783AFBAF3B6B292AD6D0A6,F-463F5D66BCFC1B95B4F2,FACTURA,0.0059631635594053,0.0059631635594053,0.0003577177901439497
2,C954E8A98EC5F59434BC8FD7AD7063CDACEF485CA4C4172312005AAD894268AF,F-463F5D66BCFC1B95B4F2,FACTURA,0.00037249709987261496,0.00037249709987261496,0.0003720807773942541
2,C975B3D927FB1E30EEDB65478115A3885467118916194B500FD55F0D0875019E,F-A26E6E68BD787A625DC9,FACTURA,0.01190647966602792,0.0003080956332448846,0.01190647966602792
2,CA02A2902F5BD9190AD57D7FDB96C2EDBE63D4E91C1524B91B5677BDDA01A3BF,F-463F5D66BCFC1B95B4F2,FACTURA,0.003449546078961307,0.003449546078961307,0.0002730753995401414
2,CDA31B4D8EB807890C25AEAC70F69CAE0352427C25F2FFB2206725CFD54D02E0,F-73AB37D8D5F65AA437FE,FACTURA,0.010866372367965126,0.010866372367965126,0.009578408079406344
2,CDB639A0D68885C85F4A138356E228E627A7125AFD55A0013282FF29A7B544CB,F-463F5D66BCFC1B95B4F2,FACTURA,0.0008721184755467005,0.0008721184755467005,0.0001334270112847227
2,D11EF5EFCB57C92D4BE706C631DEFF9D02684892A02A457AA7DF2790EC054948,F-DC0A2053B5A530D4C5EF,FACTURA,2.853037138562376e-05,2.853037138562376e-05,9.629302501729045e-06
2,D163D9B8B20036EC5A3CE46A3EA5FC17F7C3019E2243C66920EF6716BF3A65A9,F-463F5D66BCFC1B95B4F2,FACTURA,0.004528753231632579,0.004528753231632579,0.0003418875076661344
2,D165FB62E80F26847F1F00B1DBD7E949928E56EC5C2A0EDD2FE929E4ABD85CB0,F-5A7941650D7DE31BC8A5,FACTURA,0.010866372367965126,0.010866372367965126,0.009578408079406344
2,D183235157D76503E27005F2393996607AA052447B62D8B048242B417E9E45B4,F-DC0A2053B5A530D4C5EF,FACTURA,6.107798334624147e-06,6.107798334624147e-06,4.186429408947047e-06
2,D1E6F1AF5284A0AD66F07602A7398225612A7F72630FAB3C140919894AB51E8E,F-463F5D66BCFC1B95B4F2,FACTURA,0.0011662699637591696,0.0011662699637591696,0.0003949851394687436
2,D1F8966052F9585FA0A09C435D2ACA06180130A3DC9FDBDFE46534FA6BA34BD9,F-E1B8D918E114096E5077,FACTURA,0.0007883557964934799,0.0007883557964934799,0.000259863994475419
2,D24949793794B54566EF791877070947AF6F5BEA0E1AE4D9AD59D0C7311C7730,F-463F5D66BCFC1B95B4F2,FACTURA,0.00051341778267595,0.00051341778267595,5.0350888565266936e-05
2,D2A9D1946120EC88B3B109FE0E565AF998A3E46A6B1166F1B13DB93D0FA7F3CA,F-463F5D66BCFC1B95B4F2,FACTURA,0.007260761848037659,0.007260761848037659,0.0007297835251316937
2,D41718D7740A44FC105BDCA62453EA10635C6857F3FFCD5C6FD6C0E517E74AB0,F-463F5D66BCFC1B95B4F2,FACTURA,0.0014019859104772963,0.0014019859104772963,0.00047878693212798605
2,D7462435CD41449C4DDA2E47EC6C3E4E72476EAC6641C372CCD50010C87C158F,F-463F5D66BCFC1B95B4F2,FACTURA,0.28086998466726865,0.28086998466726865,0.0015770993149546505
2,DA11050BCD5399CFE1C38C68BE43E4EB616BA34DEF9C03A1F2D697BC2FB4CEA6,F-77DF7B7AF18627AF7CC8,FACTURA,0.010866372367965126,0.010866372367965126,0.009578408079406344
2,DA3BD00A4AAA630868A559B687F8C3383C0DEFEF30EE31ED863B3F1C29C2236E,F-832328D5B6CC43C2F3DC,FACTURA,0.003396771060339155,0.0006865629320088205,0.003396771060339155
2,DA74B2F8E4ABFBB5F64F133F2380B3F588F02C6FB2D1D7FADE497E2DC0D53000,F-108FF89DFB4EC29C3343,OTRO_DOCUMENTO,0.0003930833779573345,0.0003930833779573345,0.00038317580687727813
2,DAAD3153B676CE3FCF3DC97460A1F0F5CC77272AA8C84FE44BD32CB3F4546867,F-463F5D66BCFC1B95B4F2,FACTURA,0.0012482372797904106,0.0012482372797904106,0.0004907641301301567
2,DCBE22953A36AD961A008B180A630C81D0FF772119747EEE54ED8F628A4BC721,F-4426261E80B33B17CD1D,FACTURA,0.0009168407606768738,0.0003911688761353422,0.0009168407606768738
2,DCE7D65D2485570411821C53E99AA69569762370F3A8BA9D337328FB78AD391F,F-463F5D66BCFC1B95B4F2,FACTURA,0.0030132150174687756,0.0030132150174687756,0.00030715103853867055
2,DDC35E7D6AC3D7DC2B7B9D7CD426188160168404668B566385F806DB0320AE7C,F-463F5D66BCFC1B95B4F2,FACTURA,0.008536350127862585,0.008536350127862585,0.0011096178515321812
2,DF7A3B4C2638053020A877AA88828487B539F33CAFD992DBB4AC0545EFAF6B87,F-463F5D66BCFC1B95B4F2,FACTURA,0.003961068826321021,0.003961068826321021,0.00036214534881733333
2,E88C84C17FBF54873E2C5056188F282A3BE7C2BA50CA2710A2A129BBC9BFD35F,F-463F5D66BCFC1B95B4F2,FACTURA,0.006900258785009207,0.006900258785009207,0.0006166878306284414
2,EACECB02AB0B558853EC20E4A12CB99B7D8DCE528838F603A777CC80DEDF9A82,F-832328D5B6CC43C2F3DC,FACTURA,0.005907862972810131,0.0024038761541885145,0.005907862972810131
2,EC2D553A5E77BC31BDDE1D8CC4A00159A8D055FA1E0F7BD830AEBEC5B32F44D6,F-463F5D66BCFC1B95B4F2,FACTURA,0.08063467609677463,0.08063467609677463,0.00019728161632063214
2,EC8FD193F7389BD89C31EC263C32EB6E9EAC3F226CDDD16ED6BB6F30B4360D56,F-3EC46382AC5DECDCE46F,FACTURA,0.010866372367965126,0.010866372367965126,0.009578408079406344
2,F27819BDCE09A908EAE141286E3F96A901693744C5D3E583CA40F3207CB07092,F-3668A88FC20749F1E323,FACTURA,0.0005594401410458358,0.0005594401410458358,0.0005410317072705161
2,F31E350293C5EBBC824D100FFFB2E4A84115DC163CBFA5B15223DD440A617090,F-463F5D66BCFC1B95B4F2,FACTURA,0.0017148472306113907,0.0017148472306113907,0.00037656039022643
2,F5019505DEE4B97949AF2E71B3420E3BE419C11A4BB446365BFC477970DE2BA9,F-463F5D66BCFC1B95B4F2,FACTURA,0.0022382821728776855,0.0022382821728776855,0.0004063261202827961
2,F5E3F2CB89A7829ADD137A5CD69F51BA5334263B7A0E5234D3E28FE6AB0EE9E1,F-463F5D66BCFC1B95B4F2,FACTURA,0.0032131990481975067,0.0032131990481975067,0.0004936775149124688
2,F63EFF161E10CF1225DD97065B64D1CA18F46DAE2F95D32106C15810281D8BC8,F-463F5D66BCFC1B95B4F2,FACTURA,0.0014237438135353679,0.0014237438135353679,0.0002993738111324362
2,F6AC68EA31D6263F385CD363C26F1FFFF5ADE73640CA3BD10454220B6CE6CEC4,F-B5269576C44B14F588D5,FACTURA,0.00011600905504392864,0.00011429541313761722,0.00011600905504392864
2,F7C9E186997998C8903EBB0761B5A5B6B2899BFC25A8AB3103635E0B5FA6D2FA,F-463F5D66BCFC1B95B4F2,FACTURA,0.00201010771056935,0.00201010771056935,0.0004456042669186509
2,F7CDB6C9475CEAE90F1F8A67949A0D408B109C75B83F7F5ECCB0271E34450308,F-463F5D66BCFC1B95B4F2,FACTURA,0.0019377644774718553,0.0019377644774718553,0.0002381396723413185
2,FAAA10795DFC3ED7953CF7632514C2517B7251C84DE9CAB5E9D400E49971752F,F-463F5D66BCFC1B95B4F2,FACTURA,0.0008043426574740562,0.0008043426574740562,0.00029635973420879115
2,FDE1A18CA6E3D15C240BDE66DDD0ABE57C2F69E300A0AD72B135608E83DFBC49,F-463F5D66BCFC1B95B4F2,FACTURA,0.0007627797054717438,0.0007627797054717438,0.000281273532404003
2,FDE2B1FCF8B3FCE9029D2A8D67D1D027ECA73F1CE24428A1203C942699F501B4,F-463F5D66BCFC1B95B4F2,FACTURA,0.004549657679280174,0.004549657679280174,0.0003482725635592296
2,FE6DD8A436FECC831B72D6EEE3E06DA7DEFD15DDB4CF19A2388187D93D5E8914,F-A6E816EB9E43FECB1ACB,FACTURA,0.013164704540224658,0.0020967934771043677,0.013164704540224658
2,FEE0DCEE07817A24C8E345D3710B243B72CC2A4A160CF256A18804E4FFCE8E83,F-DC0A2053B5A530D4C5EF,FACTURA,1.2671164953428984e-05,1.2671164953428984e-05,3.46104095211717e-06
2,FF8A0539D9B1410CF169E263973F187525B9B6918594943D2AA56275F3E2A8F0,F-463F5D66BCFC1B95B4F2,FACTURA,0.010866372367965126,0.010866372367965126,0.009578408079406344
3,0364B3022336297D63A30D703615CB3CC76DF8649C864FC2E6DC9CC55D955996,F-0DDB74E82CF65D655CE7,FACTURA,0.001048584638690425,0.0008760617350283184,0.001048584638690425
3,0431F3F0FA33A87F05475A197FA40165963F462ADD5E0D0F14743141B23F8ECF,F-6F5CAF1E1AEEB43C5486,FACTURA,1.7514379157725096e-05,1.5621252340487398e-05,1.7514379157725096e-05
3,045C94F468347D76A752B35C9E1104694E4AD501AE20C72D76DEF8E399357D50,F-EDBFE59229E8571451DD,FACTURA,0.00987566907027597,0.00987566907027597,0.008889991362662443
3,04644AFCA0FD83E0BA9F4699895C76D10FBDBA2FE57B9695DC20E8D7B05F23B9,F-6F5CAF1E1AEEB43C5486,FACTURA,0.00015370288025395786,0.00015370288025395786,7.551521406082099e-05
3,0502FD9BDC978A9DB273A734BD4392467FCD7002B2033F73814CA959A4092E48,F-2536699D670C4BE35026,FACTURA,0.0004048321910236474,0.0003466566835053869,0.0004048321910236474
3,06C5E77F317271A5B21E226962240E9CECAA20BB4DF5B73BBEE18511EE01C7CE,F-D1F6DC156677842D2070,FACTURA,0.006390885090091173,0.006390885090091173,0.0004235320020061981
3,06FAF6983BF7BBDCDCB270264CB68197C6D4C8EDA17F598D41B73C422360B1FD,F-491E72C9A59BCFB7F91A,FACTURA,0.04577346136861289,0.04577346136861289,0.00410930684400014
3,072B001D7FDCB00B166EE67FDDEE8BE382F3BA7FB76113DE6F258CAC2DEDFF3E,F-52A8D3E535639BC9066E,FACTURA,0.0024770262457872246,0.0024770262457872246,0.0003167653350836612
3,0AB443B8A71B5F8C9B777E07D78DD56EC3BBE75E0256202DD5FADA760E576D9E,F-6F5CAF1E1AEEB43C5486,FACTURA,0.0002171214949957573,0.0002171214949957573,8.14459835741597e-06
3,0AFAE9C55C04A213F0388C634CABAEEA4C9A02686A7B1F8D6CAEF6585DCD3498,F-6F5CAF1E1AEEB43C5486,FACTURA,2.594710896425683e-05,2.594710896425683e-05,4.497573863452103e-06
3,0BE39898903E624AD3D7957D864B44D6D84B895CE4C0B29042FB99AD5B6A2CFA,F-6F5CAF1E1AEEB43C5486,FACTURA,3.67198493938195e-05,1.237657400366355e-05,3.67198493938195e-05
3,10D1AFC979D966B39B92E799719AD44B93945894927B122A3BCE79C3126B9413,F-22D8B0B2BC197D116017,OTRO_DOCUMENTO,0.00987566907027597,0.00987566907027597,0.008889991362662443
3,123AAD179BE2ED44C1896B2F0972BA3A001D1258B084B8A1FE069BC1ACB1FF14,F-4282D891EC4146496CC2,FACTURA,0.00987566907027597,0.00987566907027597,0.008889991362662443
3,169353E3142E56941120B753DAE9B0E5A3527AE78A7B064582040B1D7E98FB61,F-6F5CAF1E1AEEB43C5486,FACTURA,2.5602992999400192e-05,8.803590814718809e-06,2.5602992999400192e-05
3,1755304EBD124B8B4E1309831FBEB3F6EE40934A39AC4CCF8C158A506F931EF1,F-6F5CAF1E1AEEB43C5486,FACTURA,2.5404804806931757e-05,2.5404804806931757e-05,1.8400213061398057e-05
3,17F70ACA0C08EBBB8F9BDC9AB4A180DF161AB6F073AA8057FC19989E0080C69F,F-6F5CAF1E1AEEB43C5486,FACTURA,2.2845905093756947e-05,2.2845905093756947e-05,8.374232652940875e-06
3,183FAE302DC2004BF0E2C13EDF85A8E9D75E168D01D7313E31DA45794CE0428D,F-4282D891EC4146496CC2,FACTURA,0.00987566907027597,0.00987566907027597,0.008889991362662443
3,1A36A3CBE7FCC2D88B622D11158D47FC31F218354BA5CAD55E5F076338CD7FD6,F-A4599E2724A776EE31BB,FACTURA,0.000534931026331327,0.000534931026331327,0.00023789782747272875
3,1C4DB25AAC0A169B26D121DF0992AB546E8D487A74FD1E45FDEF3490F3708601,F-64920D3701B1A613ABDC,OTRO_DOCUMENTO,0.00987566907027597,0.00987566907027597,0.008889991362662443
3,21438B9765F499855432F21148F956C714AAA9C79EDA7413564EEE9455850671,F-6F5CAF1E1AEEB43C5486,FACTURA,2.176633285082052e-05,2.176633285082052e-05,3.893918367751031e-06
3,21A743EACDBE34D280CB667E66C018F678D52E114A99BD11D529122144C44BA4,F-F9F97E5234AB53CA8EDD,FACTURA,0.00987566907027597,0.00987566907027597,0.008889991362662443
3,21FA95E0441B94EC1CA8C6B2756C6170EA9D9D18C5A192D2619FDAD6992514CB,F-EDBFE59229E8571451DD,FACTURA,0.00987566907027597,0.00987566907027597,0.008889991362662443
3,2CA999327575D864D33380273D2641121C3430B06EBEB1396C57028AD278AEC0,F-6F5CAF1E1AEEB43C5486,FACTURA,2.5032927438616628e-05,2.5032927438616628e-05,1.253237813654664e-05
3,2EBA9E927332389040BDBA4B0A91EC59DA9560B07AF7CB00BC347FBBD287B237,F-3BA8B67ACD3C697FA8AD,FACTURA,0.01050881339578653,0.0003400569437050626,0.01050881339578653
3,2EC76160DBDDCC45143BCA711E6203A7CB1D3F4A5AAED7C76887E33703D671DD,F-12600531E9602D88F9A3,FACTURA,0.013372168372923642,0.008620965908590987,0.013372168372923642
3,3076FFDD9F418AFDD5B31CC18B36AE05E9490A0F72498EE2BFBCD31D7E64BFA2,F-8FB0C271F20EAB3092AA,FACTURA,0.0018886208323302047,0.0007965768223233363,0.0018886208323302047
3,3092DDF93D9023B2543787913A5DDCC17FC96A0ED1BF136611598370CF62B700,F-6F5CAF1E1AEEB43C5486,FACTURA,2.684979836620968e-05,2.684979836620968e-05,1.7125231279228197e-05
3,31DE1A416B6D580B5D1165E5D6C5C466715632F4D72D78BC2E8810AB73DE5B28,F-A69FDECE53AB69CF1845,FACTURA,0.00987566907027597,0.00987566907027597,0.008889991362662443
3,340AB65A0BFC66875EFA6C40EA968ED8EBF7B7E2A131262BAA9E97DFC5959B4D,F-D591D778E05641FBA116,FACTURA,0.000588330837698917,0.000588330837698917,0.00018074303922019933
3,3448DCF88F6900E8366CA08BF8BAA0692AD6BEF3F82076ADD95F8FE4947A4B0F,F-6F5CAF1E1AEEB43C5486,FACTURA,0.0001942304642224256,0.0001942304642224256,1.559836856289364e-05
3,34E7190B10DE1060A821BA5B262D16CF469116C53FAA10A487AE71EDA02DE220,F-CD94A06EDDC7590F7145,FACTURA,0.00039667877232306664,0.00020142510012791193,0.00039667877232306664
3,35C4773BC9C8FC1DC8FA1507AFA0AEB06432146BB6BB557477A44D04C123B6E5,F-6F5CAF1E1AEEB43C5486,FACTURA,1.3537271570091357e-05,1.3537271570091357e-05,1.3802388386309966e-06
3,372A1456ECBF9BE8FC3E552C09E78AE5217E9A0082972A7743403C6619C5A16C,F-99F7A3F5F30B759FC1BA,OTRO_DOCUMENTO,0.1964094455073695,0.1964094455073695,0.01420055404264517
3,3765EF04A08EF343D7BA682872B73AB2DCF411C869827A9BD7424C24F97843AD,F-6F5CAF1E1AEEB43C5486,FACTURA,2.9812945591932465e-05,2.9812945591932465e-05,2.451948230684367e-05
3,37B68E63F23B331B7585BD74DD85DD8ABF5122A348AA2F7F0EF539B332FFC54F,F-A69FDECE53AB69CF1845,FACTURA,0.00987566907027597,0.00987566907027597,0.008889991362662443
3,3A147E84D72EF85CE47639B6899772447FB32853AD73E6A2F0CC1740A4A50A77,F-A92847205E3BBB99A982,FACTURA,0.002535887532451032,0.0019900667442929883,0.002535887532451032
3,3A35BCF0925F1C86CC9EB96CBFEE45AA41D851EF05409D6911769B904C4687EA,F-6F5CAF1E1AEEB43C5486,FACTURA,2.162402529904742e-05,2.162402529904742e-05,4.676813530189384e-06
3,3AFB2CE63233BD208F616BCA0151C49963AEBE6E6790383E5EDDE99C80320D70,F-6F5CAF1E1AEEB43C5486,FACTURA,0.00010109129534582443,3.5578237706138e-05,0.00010109129534582443
3,3B09513F4698AB526157E3D33D6A791550FE255BF5C0DF6E5571073411B71FEA,F-6F5CAF1E1AEEB43C5486,FACTURA,0.00010498150868051305,0.00010329151570129221,0.00010498150868051305
3,3B82523C9A34012625F167EC918A7783E68F2BB4FA49BBDEED22E45066038496,F-A69FDECE53AB69CF1845,FACTURA,0.00987566907027597,0.00987566907027597,0.008889991362662443
3,40782E90EF062F83204C5F8DCD8019913D1EC2F33C93E0ADD4045BF47433CA0B,F-6F5CAF1E1AEEB43C5486,FACTURA,1.786266362964104e-05,1.5116397225556446e-05,1.786266362964104e-05
3,4163E743E2FA7C2CD9859CCDD46B04043AFBB1E94B572FD1C70445335FD25920,F-6F5CAF1E1AEEB43C5486,FACTURA,2.2845905093756947e-05,2.2845905093756947e-05,8.374232652940875e-06
3,4424511569822AF5CA87C141E0D96E7F6D9B120538996A44895E5460458AA89F,F-6F5CAF1E1AEEB43C5486,FACTURA,2.5986467230222046e-05,2.5986467230222046e-05,5.074399610176537e-06
3,44E978F3140D99BF9D6186C62C891C79B97EED06DBC095CFB155D1D22F8457F6,F-0DDB74E82CF65D655CE7,FACTURA,0.0011787067635657712,0.0004541350860798872,0.0011787067635657712
3,48942984669CD296B57DD449BBBF23B3111EC4EFB58470FF24429BA455660E88,F-0EE887752345887B2F4F,FACTURA,0.003905637778731316,0.0008822339324617828,0.003905637778731316
3,49FDA5198B54793806B0C74BE9E1E67D17DBE8E5D8627FC67439E4122958A15C,F-6F5CAF1E1AEEB43C5486,FACTURA,2.2652908028971054e-05,2.2652908028971054e-05,3.909534156334718e-06
3,4C21DCF733727C85149602A9BB3704223F69CA44B676EB651113B65E0841FA02,F-327C7B7DF903BFC3269A,FACTURA,4.996486407721051e-05,4.996486407721051e-05,3.0529890381211474e-05
3,4CBD8565AB9DE2F036EA68E8FF90D5CB3E21EBCEAC9D7267A7F5B8AC9765BE88,F-EDBFE59229E8571451DD,FACTURA,0.00987566907027597,0.00987566907027597,0.008889991362662443
3,4CDDDFC9A384C484949A48EFFD1B4BA7D55D2CCE62D6324373F64F972C6E007B,F-6F5CAF1E1AEEB43C5486,FACTURA,2.455154187267941e-05,2.455154187267941e-05,1.6709046010047398e-05
3,511FE4E1C704287DB9F2E30D584E076198E4B9C85ED275F7724E0FCED6E83331,F-6F5CAF1E1AEEB43C5486,FACTURA,3.8407954940669685e-05,1.2011184186943965e-05,3.8407954940669685e-05
3,513C115499B51E28C587938A3051BD1EB0700DDD11B3418FAEB514A153BD217E,F-6F5CAF1E1AEEB43C5486,FACTURA,2.822533024327997e-05,1.4604965416152722e-05,2.822533024327997e-05
3,53D64513ED31729F52AED36DB909462F972FF5BA06D6C491179067D362C9C7B8,F-52A8D3E535639BC9066E,FACTURA,0.0010792326985538281,0.0004651621067272154,0.0010792326985538281
3,53DDEB792AFACFDD0BE1A1741A028A22298BDA5360530D373B25E5FDE3C89917,F-832E3C0161524B1EAC7B,OTRO_DOCUMENTO,0.015341248250962855,0.0025901989114957154,0.015341248250962855
3,5433BB3791112F1C6C698255943D3E43FBC529FEC610FE1D25FD1D83CD921FC6,F-6F5CAF1E1AEEB43C5486,FACTURA,4.11128515304539e-05,4.11128515304539e-05,1.612933495627352e-05
3,5C30A6686334E5B07A188EBE90969D68F40F82B55970D0671F81743F2080CB2F,F-86F3ACDC73080FEE11E7,FACTURA,0.0001839684556782728,0.0001839684556782728,4.8219137451428833e-05
3,63D1DB74D405C58FC6B148A98498E2351418A24343D9326C5EB42A6CCEC42A4A,F-99F7A3F5F30B759FC1BA,OTRO_DOCUMENTO,0.18091117022202044,0.18091117022202044,0.011965150077868084
3,63E3F4FF38F20C64BA564671499DC8683FBF77219974F9D9B1173F8A2FE05D4C,F-63F23BB2C7162DAFD254,FACTURA,0.008205448588120534,0.0028411001304004396,0.008205448588120534
3,644FB4104CC6E78DECDE080C8BD310D32890EA13F2BCB7525F77ACB5E97A78D7,F-D8FCDE61FE47CC36A198,FACTURA,0.02447077487776683,0.00013406914426570654,0.02447077487776683
3,64FB474B146A0EB177D75CB68476D6BCE12EF039503945B080FCA1CE3484EB2E,F-22D8B0B2BC197D116017,FACTURA,0.00987566907027597,0.00987566907027597,0.008889991362662443
3,671095A2ED870416638D91130E56FEB62CED369C2B40CF13D8A3685EF542C9C2,F-6F5CAF1E1AEEB43C5486,FACTURA,3.029183600922747e-05,3.029183600922747e-05,6.092663882531926e-06
3,68BECE9089A8CF2D016046FF5F01BD82DB7E926079538EFBDAC71920F9FB6F4E,F-E70110F2096258660969,FACTURA,0.00021146296168339865,7.159286136009076e-05,0.00021146296168339865
3,69F92D3D10F2BE9527CE3AA19F22635B987762F8663A4A61550B7791C9813E44,F-99F7A3F5F30B759FC1BA,OTRO_DOCUMENTO,0.19689109113510603,0.19689109113510603,0.013787227126243957
3,6A19E35A6ABC9779551A8B03A45A480090726EC526CA32ABE637DAE9DC09E317,F-874149FBB96F2D26236B,FACTURA,0.0031874528084806725,0.0031874528084806725,0.0007916611656472925
3,6C60860296C94E2ACB69838ECB62B7DEE7CD4A9C0357E689FC6DF7E2F4D840B5,F-52A8D3E535639BC9066E,FACTURA,0.0034673407596981587,0.0034673407596981587,0.001242829134594506
3,6E87835328F15BFEB50D7BE61B069A1C3E18312B37B2AD241FC3B3D5B3669957,F-6F5CAF1E1AEEB43C5486,FACTURA,3.29193919249811e-05,3.29193919249811e-05,8.329019258058563e-06
3,72D4B9B1041555B196030613602AB200641E03F669E2F7A68004A6F30A0026C9,F-52A8D3E535639BC9066E,FACTURA,0.004284861468482473,0.0011888413034316448,0.004284861468482473
3,734F30506EF447B3DF986696A7B0478A899FB94EB94D9C58897B138972AFE0CB,F-6F5CAF1E1AEEB43C5486,FACTURA,2.226519239823705e-05,2.226519239823705e-05,1.3431112046162769e-05
3,74542EF02D20DD76101D0733ECF11256439DDFD34B08011929E3EAD5E159F285,F-6F5CAF1E1AEEB43C5486,FACTURA,8.255111447494465e-06,8.255111447494465e-06,1.2710917041761316e-06
3,74A8804E13BCB0916DE52FB4050B48283F6D7C52B6A0CC9E5C66DBC3093FEB48,F-6F5CAF1E1AEEB43C5486,FACTURA,1.8176801103878245e-05,1.8176801103878245e-05,9.99655216674628e-06
3,77B60D8DF4FBC86CF6252968C853F56FAEEDA985E717813496E7056B93CA9840,F-6F5CAF1E1AEEB43C5486,FACTURA,1.5529060538786403e-05,1.5529060538786403e-05,8.985840389754046e-06
3,78D7C45F35EDDA7F3577410E9127D1B384883360372511081C054BA435B8E0A6,F-6F5CAF1E1AEEB43C5486,FACTURA,1.2846365410650784e-05,1.2846365410650784e-05,9.122813324550436e-06
3,798ACADC0DC6E998A0904781F508CB74AA1B009064F5615A92EEE05C3AA36790,F-228C9EF1AF8B1DC387B7,FACTURA,0.00987566907027597,0.00987566907027597,0.008889991362662443
3,79ADF4E464CD5BF264A498AF625E2970E5CC8C04C0328A0860C11350DB57FBE3,F-A69FDECE53AB69CF1845,FACTURA,0.00987566907027597,0.00987566907027597,0.008889991362662443
3,7B719EB0767D781E74AAB6EFB62BA480BFEF3682904B68947E5F6415AFE1EE44,F-4282D891EC4146496CC2,FACTURA,0.00987566907027597,0.00987566907027597,0.008889991362662443
3,7B88EB37D9D6D70AF24378E316B65C9A921DFF386F57347F7073D8AB98E0D99F,F-EDBFE59229E8571451DD,FACTURA,0.00987566907027597,0.00987566907027597,0.008889991362662443
3,7D1382F1311C92CB388B27CBA3FA90D6ED16941AFC4AF91E2A72DC24D5315A75,F-6F5CAF1E1AEEB43C5486,FACTURA,5.6873564145444514e-05,5.6873564145444514e-05,1.555975899249246e-05
3,7DB28C1CAEF678FB79B4D943F74C412E0324E467A85C015D65AD2D45783D057A,F-38536FFE21B52E182513,OTRO_DOCUMENTO,0.0003311123459598197,0.0003311123459598197,0.00022742321550612348
3,807889899EF0AE2BC479CE4CBA9EAE6C794B3C60373BD877FCA07C69C07B7AE3,F-6F5CAF1E1AEEB43C5486,FACTURA,1.8563540427208814e-05,1.8563540427208814e-05,7.435065156899142e-06
3,81C269CBD63398D8276C6BEED2874474C81506277DEFB3D4495032D773F4409C,F-608FD94169B4B9CD50E2,FACTURA,5.567718720753864e-05,3.399102637293282e-05,5.567718720753864e-05
3,82876378F7B9F89F134D15F817A4672D52B26BB9F047FDA734201116486A0AF7,F-A69FDECE53AB69CF1845,FACTURA,0.00987566907027597,0.00987566907027597,0.008889991362662443
3,8297067AEF748F2AF13EAE298A7873C99F19F88F467DEAAAF71FBE64554AC1C9,F-F47775882EC65DC9A64C,FACTURA,0.00987566907027597,0.00987566907027597,0.008889991362662443
3,83E0306FF5707DBDEBFC9AD88A3634DF1D24B33FAA5A733B74A629090F74A53D,F-CD94A06EDDC7590F7145,FACTURA,0.0007352294662880214,0.00029881723399844984,0.0007352294662880214
3,85D52AFF44CBF04ED95630DCC02108C8ABACF6CA5F68BDB19D81EA8EA045AB8C,F-A69FDECE53AB69CF1845,FACTURA,0.00987566907027597,0.00987566907027597,0.008889991362662443
3,8662F4458951ACE801108DAF219E3855DB8F31FB6AC3684BE32913EE951852DE,F-6F5CAF1E1AEEB43C5486,FACTURA,2.931834088830236e-05,2.931834088830236e-05,9.476325651051108e-06
3,8917BAA13BA61484647B999B3C2D3D200AAFA5D1966DAB78A37658F450646190,F-52A8D3E535639BC9066E,FACTURA,0.0012712915217417682,0.000564305007181279,0.0012712915217417682
3,8A16B64A261F811B055D7C178CEFC6DE556D9EA6E4F88FAE4906ED7DF4A17D8D,F-6F5CAF1E1AEEB43C5486,FACTURA,1.5968950165061933e-05,1.5968950165061933e-05,3.029552912317959e-06
3,8AE6ECF9E7191B268BD8768575C99C1FAFBF4144627829B39D8BAC3B492D0CC0,F-BF67793A8E4CE989ED42,FACTURA,0.00013404650541137564,8.06950507417148e-06,0.00013404650541137564
3,8C634F1729311C6FB2EAAD3576538AD1DB5FD4A53E696C4CE0CDA7E48A9765D8,F-6F5CAF1E1AEEB43C5486,FACTURA,3.756882236528616e-05,3.756882236528616e-05,7.709997495418123e-06
3,8CAFBC6765404E297608AB4687884CA06F82332097FF1D3E8B9313AD1ADD5A88,F-6F5CAF1E1AEEB43C5486,FACTURA,4.1040506529923915e-05,4.1040506529923915e-05,6.81458254081985e-06
3,94F26C21757B539524ED76AA64629C18F390F9D0C9D4ABBBF5AF6484C0FC7528,F-6F5CAF1E1AEEB43C5486,FACTURA,2.85581492089765e-05,2.85581492089765e-05,6.013648923218277e-06
3,96E5DB8CB4E34D8387F0D1C5DFDB2FC75F190834A0060BAE5C85B04C3E6828A2,F-2D5EBBA8FDC9D9E26FC3,FACTURA,0.0007405577373090686,0.0003838681289814321,0.0007405577373090686
3,9723AA331B89D1BB3AA42628C6D4FA1453C8ADB972AAC5EF26D433E659A76C2E,F-6F5CAF1E1AEEB43C5486,FACTURA,2.074640873069328e-05,2.074640873069328e-05,5.867091372449262e-06
3,983D750D5EF18AC380DF1970A9338EF482746FD22CD81031BB2DD981CB738ED0,F-6F5CAF1E1AEEB43C5486,FACTURA,4.4456187787604466e-05,1.1195781521403721e-05,4.4456187787604466e-05
3,9932F1579D3D31F9152C31290BB269430324462F86D6E6DB78C53961C9700F23,F-F2B443493003CF983276,FACTURA,0.00987566907027597,0.00987566907027597,0.008889991362662443
3,9A4E64C46A21F76C881907BBE1648F5700C42A24EFCB8257BA7244BB01A0CBA9,F-6F5CAF1E1AEEB43C5486,FACTURA,5.7584473728862856e-05,5.7584473728862856e-05,1.1945593534902686e-05
3,9C18A5DF27D90556C236651C9E32EE1BD4DAD8D191218BBE8F932CF45131DB46,F-6F5CAF1E1AEEB43C5486,FACTURA,0.00036671190970090427,0.00036671190970090427,9.634190316638137e-06
3,9EB38CEA6E16E710A4E5B014188A0DC4835DD1FBAA413A03598D80E848C1387C,F-6F5CAF1E1AEEB43C5486,FACTURA,5.1433796368574194e-05,5.1433796368574194e-05,1.3700256028604577e-05
3,A1D50F46C5C96EF705178501DD55652D1069DE6B361A845D599F13098446FE80,F-52A8D3E535639BC9066E,FACTURA,0.0031029147581330984,0.0031029147581330984,0.0003783095495329306
3,A2928B01A4CD36732A28C69D98E877A906A6EB383769402661C8ACE6EAF9A0EC,F-6F5CAF1E1AEEB43C5486,FACTURA,2.9455478664199072e-05,2.9455478664199072e-05,1.2978773921520758e-05
3,A7D0D177D1CCB130C093C3F5B09AC3F6AA32332F776804B281CD0D36015BDB72,F-C0D5A81F1B3DB1BB1203,FACTURA,0.00987566907027597,0.00987566907027597,0.008889991362662443
3,A88C6A4751F9912D9305D03EB3776DD14B96B8396F98F48331068504D008E6CC,F-FC4D9BFCF265DB5A7DB7,FACTURA,0.01949749804199993,0.01949749804199993,0.0016583150808675631
3,AB0C583E646597C83850FE9C08448F796CBA142A0E028D788A4966911C47F5D4,F-22D8B0B2BC197D116017,FACTURA,0.00987566907027597,0.00987566907027597,0.008889991362662443
3,AC7F51DCC99C3BC48F1274A5EB79215443AF73810C32D0DBB5F765BBCB40E660,F-6F5CAF1E1AEEB43C5486,FACTURA,2.778669260485009e-05,1.3868244855945046e-05,2.778669260485009e-05
3,AD8BFE9C96C26C6BB914E83C6621C9708F3AFF672AF75B6AB01CD9C0EAE75AC0,F-6F5CAF1E1AEEB43C5486,FACTURA,3.129019974805369e-05,3.129019974805369e-05,1.8996918688317418e-05
3,AFB2A16FE5967F1096CB2532D6F726831A460843CB1618E3F75A29899EF26F3D,F-6F5CAF1E1AEEB43C5486,FACTURA,3.3619402644133785e-05,3.3619402644133785e-05,2.3307656981620303e-05
3,AFD94A7738464B799D40D6192E9DD1BEEC6A0D45A535AACFA3EDD16D0B16F057,F-6F5CAF1E1AEEB43C5486,FACTURA,1.7147303624115223e-05,1.7147303624115223e-05,9.352024695559035e-06
3,B183B3C2FBEA842AA2E1271A4F4F99AD84CB291E37911A846655D8B7C3B6F0F7,F-8FB0C271F20EAB3092AA,FACTURA,0.0018886208323302047,0.0007965768223233363,0.0018886208323302047
3,B2997181C2966B7D939278DE583E1C455291A7919335F007B8E7502E8FF7BED6,F-6F5CAF1E1AEEB43C5486,FACTURA,4.391011463461828e-05,1.4435279920509662e-05,4.391011463461828e-05
3,B2A0FCE48A8A078C9FDBA7A34DFCC9B8B282947AF09EF609C4F2A424AA6F13D7,F-F9F97E5234AB53CA8EDD,FACTURA,0.00987566907027597,0.00987566907027597,0.008889991362662443
3,B2C834CFED8E0CEFDFC52915E35EC7F7E4E3C09E73B77FA068A55848357A78DA,F-6F5CAF1E1AEEB43C5486,FACTURA,6.534022908308488e-05,6.534022908308488e-05,5.6434881121832996e-05
3,B2EC24389642801888074E7E0AFA7D94B5A444FDA2F8FE74C2AF1D76B6E3BCEC,F-6F5CAF1E1AEEB43C5486,FACTURA,1.8033637873112344e-05,1.8033637873112344e-05,1.200008496133515e-05
3,B30F44F06B3B610827B41DCAB057CFBD3F73DFD201E509567A97022B58BE754E,F-6F5CAF1E1AEEB43C5486,FACTURA,1.5346424819021583e-05,1.5346424819021583e-05,6.32209839622768e-06
3,B44251C89926FF5181BC892C404BAF4F11E48626212A6C970A5D7DDEAEBF3CA6,F-6F5CAF1E1AEEB43C5486,FACTURA,4.3788495961677185e-05,8.438001854049125e-06,4.3788495961677185e-05
3,B46721DBF0CC1963B2C57D5D4C35252EEC8B7C40AA9B65F00B72A5A0AE888BA5,F-D591D778E05641FBA116,FACTURA,0.00041065892521680275,0.00041065892521680275,0.00021651142208553754
3,B5C325DEA3BD4B0A25EA5C3EDE914856F9CC703DC3DAEF00F3443733CDDC020F,F-6F5CAF1E1AEEB43C5486,FACTURA,0.00012750295971763234,0.00012750295971763234,7.612172153791749e-05
3,B68674F3B9393FDE895EBE47421061B41DCE664D2174AFA8C7904CD4324C5124,F-8E51FF106E6F3ECF3F13,FACTURA,0.00987566907027597,0.00987566907027597,0.008889991362662443
3,B7004863AED55E481D4397435BD5B06CEA6180397E1059883D51F5D066F1147F,F-73CB94964FB18FDF7FCE,FACTURA,0.00987566907027597,0.00987566907027597,0.008889991362662443
3,B838D34AF658B43A04B590C709EF56D29457768AC2561246DE907FDBB3E164FA,F-BBFA348893E65DB88B69,FACTURA,0.00987566907027597,0.00987566907027597,0.008889991362662443
3,B84A772378756B6314CFD7C847ED11E8ED0969129EDEC4C4AB968DFC4819F7C8,F-6F5CAF1E1AEEB43C5486,FACTURA,3.742372698223376e-05,3.742372698223376e-05,1.1479807486860844e-05
3,B8AE7CBF2367797B27297B4937F006864D0E40FEE96D9146C308CD0D36DA337B,F-99F7A3F5F30B759FC1BA,FACTURA,0.22620770974761206,0.22620770974761206,0.01322127750130421
3,BC50881D0FA286197EF00AE2A783C5F35035D52AB8D8331389563F71777F200E,F-6F5CAF1E1AEEB43C5486,FACTURA,1.2951918118856064e-05,1.2951918118856064e-05,5.045395036637292e-06
3,BD8E11FCAEC9A44D6A00F4A35DDE7592D803BF3A213F1871A206063466741EDA,F-8FB0C271F20EAB3092AA,FACTURA,0.0018886208323302047,0.0007965768223233363,0.0018886208323302047
3,BF29AA335807B8772722D77E8BB1A6FFF97439E4C538B4E8487ABADED18B3E1E,F-D591D778E05641FBA116,FACTURA,0.00041908518117398784,0.00041908518117398784,0.00021046274009080967
3,BFA345B7F7EFD8A252FFE7A2961BC8491F0CA8088E7FA68D0FFBA8CDDD06C239,F-6F5CAF1E1AEEB43C5486,FACTURA,1.4862998677444902e-05,1.4862998677444902e-05,3.406145474203659e-06
3,C03307D0E30E87F1DB5F43875D2908DF294EC66AFC045B5F000F4B437912790C,F-6F5CAF1E1AEEB43C5486,FACTURA,0.0010285626988259537,0.0010285626988259537,1.929149658889896e-05
3,C0D4042C7735626A538A99C8481F8B0D139A983D3DE8B0FDB50C6B519588B0D0,F-FC0763B62EEE2F9FCCE8,FACTURA,0.00987566907027597,0.00987566907027597,0.008889991362662443
3,C253AB0D7A2231B0EE8ADE2089FF0F31FB3DCD431952756AEF456E8C35F50177,F-6F5CAF1E1AEEB43C5486,FACTURA,1.3044732718880503e-05,1.3044732718880503e-05,7.036696217263944e-06
3,C286855F489A0EF1D75420C90BA90D7C7F7357631A50F2B6239F2E888FD0198B,F-6F5CAF1E1AEEB43C5486,FACTURA,4.070028813277359e-05,4.070028813277359e-05,6.107952417754678e-06
3,C2B9C93B9693A319CF01C0A5D31F3962BF7E02F0006FD13871EDFC50CF7B4121,F-A69FDECE53AB69CF1845,FACTURA,0.00987566907027597,0.00987566907027597,0.008889991362662443
3,C3B17A6E5FCF4075138716E7C05C7C2C00B9C6DB35B1F7CF269759EE308A472C,F-6F5CAF1E1AEEB43C5486,FACTURA,1.3598900343332978e-05,1.3598900343332978e-05,2.181962282891914e-06
3,C4FA660C17826F3719DD1559315A2810F55C5F458EC9FE51CBC1C34E09580929,F-6F5CAF1E1AEEB43C5486,FACTURA,2.5354310706357295e-05,2.5354310706357295e-05,7.941196448359444e-06
3,C5AB3289EC750F8FE7A4D0025AEC51B2F9E3031E9A750BFD7152F5635577B831,F-EDBFE59229E8571451DD,FACTURA,0.00987566907027597,0.00987566907027597,0.008889991362662443
3,C66AE5D0BA9546144237F3ED91AA92D98D806F940E4D3B863AD114692FFD1AFA,F-0EE887752345887B2F4F,FACTURA,0.002167666267153157,0.002167666267153157,0.0009688211131407865
3,C6FA29FFDF0C2B39FE22AA6A5DF8FDC4C215B1DD849C481E4EF56978B614EAE2,F-6F5CAF1E1AEEB43C5486,FACTURA,2.4707536416223068e-05,2.4707536416223068e-05,3.8911586782521815e-06
3,C73C512EC4364FB25B1DD1CE61856BFDE06C3BB7FB3897FC660CBEA83E889F71,F-B0CE428E3A93F67A9A41,FACTURA,0.00987566907027597,0.00987566907027597,0.008889991362662443
3,CA14A4C3BB942C93600EBD048A66925B35F6189FFF084EE4AF994D09603804F3,F-D591D778E05641FBA116,FACTURA,0.0003720343184306379,0.0003720343184306379,0.0002630755345144678
3,CA75936BB5B3F05DC8FDB2E6D7BA8CD9F1E57E6DD78173F81181FDC1C88D6451,F-6F5CAF1E1AEEB43C5486,FACTURA,3.14953918397126e-05,3.14953918397126e-05,2.9590626101693697e-05
3,CB67F361EA64E80587BAB165B922A2E4760A9CB206DD074A571F27A3DC6C743A,F-077C308A7FE5C91A2133,FACTURA,0.022474823962705913,0.0014939102832935392,0.022474823962705913
3,CD3258E1403C53DB4C5EACA945EF96391202785804131074295CCBE93FC71D03,F-4282D891EC4146496CC2,FACTURA,0.00987566907027597,0.00987566907027597,0.008889991362662443
3,CD4CD7560303283D5284D0D6B005BEEDB1CC792033BDCF94FB6BED9C4125C0E2,F-FC0763B62EEE2F9FCCE8,FACTURA,0.00987566907027597,0.00987566907027597,0.008889991362662443
3,CF8EE0C26F214C226A853C81CBE52E96BF760B42197050F3726F7344891B269F,F-6F5CAF1E1AEEB43C5486,FACTURA,0.00015706183407951637,0.00015706183407951637,7.60617854655441e-05
3,D1B8EF56BC2CC9568D9F04C2ED50CEA8C6F4A17561011E419D36CE40F034ABC8,F-6F5CAF1E1AEEB43C5486,FACTURA,0.00016523019286909785,1.8044303017514162e-05,0.00016523019286909785
3,D22FA4C5DAD47E0503E3A3BFE4B9F69FCF46A197EFD9D5632C40ACD092587E8D,F-6F5CAF1E1AEEB43C5486,FACTURA,2.508646483246214e-05,2.508646483246214e-05,1.332313569855129e-05
3,D278278F52A696DF386A5CD1DA883A54D42374905A42330A42B48E05DFBCE94F,F-8FB0C271F20EAB3092AA,FACTURA,0.0019819636426188893,0.0008108154723216714,0.0019819636426188893
3,D3360D063323398B960AB04D10199119F7B9065CBFD7101D262535999DABA93A,F-BB3946FCA5C1D8EE3510,FACTURA,0.009859811458740615,0.009859811458740615,0.001191326458601995
3,D3FA25D4862E2993FB02982B9F4DE3C5E3B142BB76A254447C41DE643EAB4275,F-4A04ED19FCD7897FFCD0,FACTURA,0.006548023779888619,0.006548023779888619,0.0055359960881917894
3,D47F13C4D81C5BCE308D5DCB445BC07C07CC2768BC801833B8C24EDE0B3038E9,F-6F5CAF1E1AEEB43C5486,FACTURA,1.4837593250847173e-05,1.4837593250847173e-05,8.033657488533018e-06
3,D5957D9DF6DF9855CAA5CE947E569B66D4ADC253C00A000A2FB29FD88DA8B763,F-6F5CAF1E1AEEB43C5486,FACTURA,5.009160559711221e-05,1.0177043902483177e-05,5.009160559711221e-05
3,DA5FFC1E9615BAE4423440693BFE0165F59ED356657DBBAF03C35DCBB83FA8F3,F-406AFFDAEA0F1DA6D75F,FACTURA,0.00987566907027597,0.00987566907027597,0.008889991362662443
3,DC76A86B9B4E3732696B023C9D019C6DC29B1D74D19F0CDF62FA4EDAD0E8A5EC,F-6F5CAF1E1AEEB43C5486,FACTURA,1.2702794474451284e-05,1.2702794474451284e-05,6.623098963811232e-06
3,DDBE1DD162D9C24A450E389593D498CD4910C291C70F8B233500F851987A8C59,F-D591D778E05641FBA116,FACTURA,0.0003959445436181339,0.0003959445436181339,0.00025774243526452433
3,DF98804B89AEF5F3D70700572F75630F33F42F33BACCEF62A0C7456066E94BFD,F-6F5CAF1E1AEEB43C5486,FACTURA,0.002582835303826686,4.769404775025598e-05,0.002582835303826686
3,DFC54FDC224631BBD64414B5BBC9C3CA5DC139B9CE35F60F89699C634A925331,F-6F5CAF1E1AEEB43C5486,FACTURA,2.089494299896455e-05,2.089494299896455e-05,7.0384538149229915e-06
3,E4C8834C47AF140E5343783F033950248E083A1625265A1C39C19C9BBDFFA5BE,F-6F5CAF1E1AEEB43C5486,FACTURA,1.779120234012041e-05,1.779120234012041e-05,8.6406527360183e-06
3,E4D931275FE79FAD3F8C371E8E4DA52B707AB7EE6D8FAB6B34077072B75E4AD8,F-A69FDECE53AB69CF1845,FACTURA,0.00987566907027597,0.00987566907027597,0.008889991362662443
3,E65B6E3964E2729270E86EAC179D0828B974A168788E3717BBF681DB950B91F4,F-6F5CAF1E1AEEB43C5486,FACTURA,2.3352625150462558e-05,2.3352625150462558e-05,9.459750403540146e-06
3,E74DCB56CD5FFCAC5BBF5D0CDB70C2701C5448845EE0ACED3435345867B72447,F-8FB0C271F20EAB3092AA,FACTURA,0.0018886208323302047,0.0007965768223233363,0.0018886208323302047
3,E98D9C478D365617D3165BC4C9172CA7D69760AE566B4B515FED65F3C5918B03,F-FC0763B62EEE2F9FCCE8,FACTURA,0.00987566907027597,0.00987566907027597,0.008889991362662443
3,ECAB84F2B7ACE6067202550CC1F288749C0D9933D73906EA57EC7E2CE27438EF,F-6F5CAF1E1AEEB43C5486,FACTURA,2.733452675066876e-05,2.733452675066876e-05,2.541032328899958e-05
3,EDC98B31AFA7DF61EF661801826D24693949F1D02F83E01A2A44D99732D13B50,F-6F5CAF1E1AEEB43C5486,FACTURA,1.6494913014889825e-05,1.6494913014889825e-05,2.8149649487191518e-06
3,F50D614053B0C0D28C26FFE3C5A4E0AE3408C9A201491B4026006E5AF86830BF,F-E2627E96B98E9A6575D4,FACTURA,0.00022287986390814003,0.00022287986390814003,0.00010478210382167164
3,F5DB5A730173CF07DE8B6D1C34013C522B15E1124E2B2CB0117753C7086DF8D5,F-77F1ACB02A8A219F6BC8,FACTURA,0.00987566907027597,0.00987566907027597,0.008889991362662443
3,F61C02CEE3AA92440BD42E11C67AA26A3C2C9D34AB7AD8B0E95D7FF7C6FA3D53,F-8FB0C271F20EAB3092AA,FACTURA,0.0018531965724599378,0.0007638054923213823,0.0018531965724599378
3,F7410A2B38FC9DE05D2F5D74DD79C5237FE01A8FA1ED3536844DF21777885ED9,F-6F5CAF1E1AEEB43C5486,FACTURA,3.284030793993443e-05,3.284030793993443e-05,7.819070725998187e-06
3,F7D4315B0BD34CA0C1F7F00511F6C2555B14BF1E08B0AFBD5C97CBBF1770A623,F-52A8D3E535639BC9066E,FACTURA,0.001950643135621994,0.001950643135621994,0.0004137919661065083
3,FB6BEE8F1D8BD758963C91213EA224344D076A9890EAE4D598AB4E5EB97F7FDF,F-6F5CAF1E1AEEB43C5486,FACTURA,1.7514379157725096e-05,1.5621252340487398e-05,1.7514379157725096e-05
3,FD0BB6E9BCCBF8A365C21D5CE4ED8EC5D46F7C481770B64BB6007F404847129A,F-6F5CAF1E1AEEB43C5486,FACTURA,1.7514379157725096e-05,1.5621252340487398e-05,1.7514379157725096e-05
3,FD719D239382ED1035085A73A2D28E113F954055440BA249D36B363204CA6DDC,F-6F5CAF1E1AEEB43C5486,FACTURA,4.965119519337739e-05,1.4993604220103264e-05,4.965119519337739e-05
3,FDCDEAAD3737F44D2E52B6D87E7BB584722551A7E913238841FF96D33A7FFE64,F-6F5CAF1E1AEEB43C5486,FACTURA,2.4045460204429656e-05,2.4045460204429656e-05,4.478482832577678e-06
3,FF43565801C01262106827D1A3294DC8FABE7E49F326193BB924678EA8833D59,F-3BA8B67ACD3C697FA8AD,FACTURA,0.02484098677202293,0.000667831574073513,0.02484098677202293
3,FF477AE4BDC128E02DCC79434A90D0F9F247A51A83F65655F76A4F4430B60853,F-19DFBD73F91E34BD601B,FACTURA,0.00987566907027597,0.00987566907027597,0.008889991362662443
3,FF9B0AF18147938FF023F9B6CB62B31B38FFCC33B27FD1496A1073935FC0BA00,F-42C5622A9D25DE95FE79,FACTURA,0.00019041311210402675,7.197042287563443e-05,0.00019041311210402675
4,01CD21BA921CF3E5B71026D0B35F0455C59E2D2B5B1FCC67BBF6E18173662A57,F-17D8887E1AFD322C7FBE,FACTURA,0.007886278883959711,0.0014022613534768098,0.007886278883959711
4,02481C9D2568B71F8E7C312C9750A2574BBC113DA725E94DF93185829AC84A79,F-BD443D8161F24BFCB109,FACTURA,0.0045688479556545945,0.0013228919533212966,0.0045688479556545945
4,02E98A8346DE804B23DEB7F869E8DA197E5631C1064A63EA74D3C0B0218FFB06,F-49A5021ADC5A10C6DAE9,FACTURA,0.00030155064261769705,0.00030155064261769705,5.037126922266897e-05
4,03B39A26667D7005B31BEF5DCA9F294FCC45452CA0D45BA06D78BF8CE5E16133,F-9A735258044E0AA042F4,FACTURA,0.0008343666690845769,0.0008343666690845769,0.0002985771032604915
4,06A69148F4DA1D7AED723E4EFD8016E4BF83803969862E721D1E7269E9FB7641,F-A8BC10D011EB3739972C,FACTURA,0.011478406639038168,0.011478406639038168,0.009038358180821951
4,0990D2942702442C2BAFC4B137B74346C4F7BEC3364E39EE95DACE83104DDD74,F-239031FB24D11A1289E7,FACTURA,0.0017873045912600732,0.0017873045912600732,0.0003598462532220048
4,09BA9B13C67BBB69B0C9194C5E68E80D92DE3F0D572EEB90223E1DFDA26B67E7,F-78FBBC0583221AAC5789,FACTURA,0.01671143225297121,0.0011082360235542342,0.01671143225297121
4,0DBD0D5EFF4F30AACEF8C537FBAE56A22A835E1F94365D0505C57A282B504272,F-A1CDEA5EA1B02B4F87C8,FACTURA,0.011478406639038168,0.011478406639038168,0.009038358180821951
4,0FE177F6CD750D418803C35068F43884010AD341C152821186CE237C10EB4CA4,F-EFBDDAECA8EF315C1DDB,FACTURA,0.001009756565811326,0.001009756565811326,0.00016195082790250873
4,106447D8042022E7A7E537E2F456DA614B64B7F191C70E08B6E6C5335ED5C164,F-DCC01CD6C3861C7E4C3E,FACTURA,0.002066172639627744,0.0010881934865668709,0.002066172639627744
4,14A75A878D1C46176EA9AB48865A6D723CE20D76A39D0BAAD77767EAD1EC2DD1,F-2225E7482E0C1A2CF093,OTRO_DOCUMENTO,0.0001548821812598632,0.0001548821812598632,1.2526956025934834e-05
4,152604FDE489F58F0995B33FDBFBEF849D1187861D9A30592C95908147F52349,F-2225E7482E0C1A2CF093,OTRO_DOCUMENTO,4.15121547723242e-05,4.15121547723242e-05,2.8844856268700856e-06
4,15969BD380B8D2DC22294AFDC4928DC42B0917483959608C7594E31E510491F3,F-DCC01CD6C3861C7E4C3E,FACTURA,0.0022707143038275643,0.001153348836485804,0.0022707143038275643
4,168F8794C73214044C9A1C4597C96BD6D0C4199CC641416C3C64F8BF37098C0F,F-239031FB24D11A1289E7,FACTURA,0.0008419652027838139,0.0008419652027838139,0.00033965358784644235
4,17E9AF6EB6B495BA29E56681857C9970D33D990CDB10C0387FE85C781AC7E0E2,F-239031FB24D11A1289E7,FACTURA,0.0008995765773857823,0.0008995765773857823,0.00030717570608497844
4,1820FA6D0B1A53B7BC306CA2011505E75CD8FE8D39AEA06A5730CCE9E46FFB2A,F-239031FB24D11A1289E7,FACTURA,0.0009088506727733493,0.0009088506727733493,0.0003014051451535192
4,18328B3DA1884B52C6326DF5F1BC3410181A90AC55A53F56FD8C6784C1210128,F-EFE6E9C595B24436566B,FACTURA,0.023206722167974276,0.0010366885958414185,0.023206722167974276
4,194F2DA87B4471D4F618FDAFBE7C074F5DB1BC27D67350BC9E865BDBEDECF437,F-C04B37B1724168DE2084,FACTURA,0.011478406639038168,0.011478406639038168,0.009038358180821951
4,19E19AD1C279BECEB59406F9DEE7DA0FB14F0747F234EF55898B99CAD0866281,F-8A2E5C33616E9AAE14BF,OTRO_DOCUMENTO,0.011478406639038168,0.011478406639038168,0.009038358180821951
4,1A4F808049D1A37F4E6AB760DD7135F61503613DEB13BADD69E536FEA2FC6B9F,F-19E3E2219E79C363F63F,FACTURA,0.0011058628534853586,0.0011058628534853586,0.0004108806609865634
4,1AE4FB903432A3B60DB3450D9487FFB226463AF51EC1BEC47448AC3F3C7B894F,F-1A8F6C1739284F36B46F,FACTURA,0.00046465511714515335,0.00046465511714515335,0.00021350539753294657
4,1C2730D7EA45CB80447C59154F701641B68B2CE8C31909BCBDA0D31555D6AF2D,F-DCC01CD6C3861C7E4C3E,FACTURA,0.0021868942019694377,0.0009768558073435989,0.0021868942019694377
4,1C4CB37EA5BD22F3F1F6316807DB3DCFA62F5E64CC4D63DE1B43A9ECB5F78C30,F-847ED9FB103AD022E208,FACTURA,0.0034728358077307,0.0011664387943490114,0.0034728358077307
4,1F6BE1B36C93128E6A23A08F969662219FCDD157D6A9C688764E6E854930C6F1,F-C4EFEA98CD9D9490E678,FACTURA,0.011478406639038168,0.011478406639038168,0.009038358180821951
4,1FA268A606D2E0D0B5DB2C3EB7C264ABB81A4FF68EA607482BCE2826A3488D9F,F-239031FB24D11A1289E7,FACTURA,0.0010450585913806606,0.0010450585913806606,0.0004713618934184172
4,21424818179A111E4F71916FCD9A48976FE5ED7F1432854A6F2347653C38D8BE,F-239031FB24D11A1289E7,FACTURA,0.0008868557985071733,0.0008868557985071733,0.00026375075382133997
4,225886580C85D6E9291E33F31E663C265C372BE9B6DFF5D4C18D41160FBBE122,F-EE6C10CFFB7B6C49E434,OTRO_DOCUMENTO,0.002244067413134715,0.002244067413134715,0.00039443507247541315
4,22672F8A78F1673F9C86E8AF6C0F74C68CE69F6A47D30B59631ADDF0538252D0,F-127BD2FBDD2CC031C0FE,FACTURA,0.0002299999282858059,0.0002299999282858059,1.4831292032622818e-05
4,25906BA449000FDC416BE77ADE177F67876EE90F96C8DA7EAF7532B3DE978549,F-127BD2FBDD2CC031C0FE,FACTURA,0.00010912910407217097,0.00010912910407217097,3.2086353407100478e-06
4,2605B5CBE1D16F569A4744664A6098F9F1A9ADF3328747D2D99F36E44E6407EE,F-DCC01CD6C3861C7E4C3E,FACTURA,0.0022326051218603407,0.0012430518914480948,0.0022326051218603407
4,2734FF67060B9027FEB9BA327ADC516562FB5B1CF2D145050C6130AFE3D80CD5,F-6B5DF25739C20B353A70,FACTURA,0.0014312707398516805,0.0014312707398516805,0.0008313874003248897
4,2787E009D455BB9349B6DAE6AD30482AE9F045E858EA0D1A1CC922A6E5144B79,F-C4EFEA98CD9D9490E678,FACTURA,0.011478406639038168,0.011478406639038168,0.009038358180821951
4,27FF656A5A70E8C1A2AF544748A8FEEB1F9D764E38EE1B20DEFCF5A88675DBB2,F-BD443D8161F24BFCB109,FACTURA,0.13657978298144297,0.0010394423487186323,0.13657978298144297
4,28FCC8808B0DEE25A850B6F4C5063E17FB94B3CB194917E84422E9F2A8C111A5,F-F005EBB69A8DFBD56F0B,OTRO_DOCUMENTO,0.008906407415947547,0.008906407415947547,0.007115028970805776
4,2A31131A45E5376D4DFD42FF9877AC6093EBD62ABF0B6791591EDD8AB1658A7D,F-DCC01CD6C3861C7E4C3E,FACTURA,0.0024481798203909687,0.0013755083158031554,0.0024481798203909687
4,2D43B3648B73EFBB36772933B8ED7CE0CD779C0945E776A136EC6123FA5D5551,F-D86CE4CD0C9D0468E43A,FACTURA,0.011478406639038168,0.011478406639038168,0.009038358180821951
4,2F28BF7EEF81639D75865B6F87CE66B0AA5E32F6473BF17B64027539D3EC98A4,F-8284161832BF5D9F0F2E,FACTURA,0.0002710938723720936,0.0002710938723720936,1.9452210835341477e-05
4,305D8D5FCDD8153B4D7860ABD3DA30A0DEEB2A5FE84A9E26D4CD34F6D700C59D,F-2225E7482E0C1A2CF093,OTRO_DOCUMENTO,0.0001020099397406779,0.0001020099397406779,2.6814753235153637e-06
4,322C40B36550B0F7D0049DA637513996B1C31F8F06C0B448E9EC872F4E972F4B,F-2225E7482E0C1A2CF093,OTRO_DOCUMENTO,0.00036352246679247514,0.00036352246679247514,7.218791515727794e-05
4,33B95FDA5CDFC4BE5204888C87AB45239DEC0AC1ACB2370964305CE0F768245E,F-127BD2FBDD2CC031C0FE,FACTURA,0.00011347017746199749,0.00011347017746199749,3.673638944820414e-06
4,350F46F213C2653AB83900D15401209105B5455FBAB65315DC8B591F08CE62F2,F-319491FEEAF6386D99BD,OTRO_DOCUMENTO,0.00022489792129068228,0.00022489792129068228,1.4654569625008478e-05
4,3824396E5D8165E597CA9EE48CA3FEA3B3B4C431CAC43BF725CB3BCFD5F5CFAF,F-EFE6E9C595B24436566B,FACTURA,0.0243285244769918,0.0013798492862946384,0.0243285244769918
4,382662294B57C459DB9F1231FE0503A77176D130F8EA1BFB709132C3115F1A49,F-319491FEEAF6386D99BD,OTRO_DOCUMENTO,0.0003371116113346176,0.0003371116113346176,7.979159017728642e-05
4,3B53A04C13E5943D49C91233DD964AC2F017008C05D24D029268E5512BE9386E,F-127BD2FBDD2CC031C0FE,FACTURA,0.00010670122630584939,0.00010670122630584939,4.239272173465416e-06
4,3DF571E507FAC34246B4923D4E478BE27704DB6E0C6AB2398DB4715F69FC104F,F-2225E7482E0C1A2CF093,OTRO_DOCUMENTO,0.0008435868255901212,9.092341895081314e-05,0.0008435868255901212
4,3FB46C6ADB7A62D868892D84AE172B635524433BB441F572AFDF46B913EBEE42,F-A63645627CE2D9A75BE5,FACTURA,0.012718318437671194,0.0014540525894974408,0.012718318437671194
4,40AF42DCBBE8A21C6A7731078FBA8E6A4A20B0BF33AAFAE9A6802AF2B16F19A5,F-A89FDE7F361720CE396D,FACTURA,0.00028090449875068583,0.00028090449875068583,3.141456357527698e-05
4,40E83F42126BE7B8C6BFC04FB7A2B0BAA09EB6E822C1E7DD0DEDA2946AE2988A,F-79FC3EE9CB676FEF6E5F,FACTURA,0.1861870572655072,0.1861870572655072,0.005969274886377159
4,4224FC815F99DF93C9DE4D1D80F2E73762C61D7381BE75757A97E6F123EBA25F,F-239031FB24D11A1289E7,FACTURA,0.002213651726163865,0.002213651726163865,0.00023040845610340435
4,429ED2A776386C5D8E87C33F6A624FBF60404AAAA4CC2FC712CF9E7EA4A8C2C2,F-EFE6E9C595B24436566B,FACTURA,0.04387954989135025,0.0011822997892487256,0.04387954989135025
4,43793A2A180FDCA5D268FAC15C65C7B3B8E880217A1116A449C2CD24AFBAC2A6,F-2225E7482E0C1A2CF093,OTRO_DOCUMENTO,0.00010542744084739421,0.00010542744084739421,2.0869565381949584e-06
4,43D5262E76B0F6F8E069233F95062256C5EA6BAF3EF70575CCC77136CB1AFC7E,F-127BD2FBDD2CC031C0FE,FACTURA,0.0001191737477976142,0.0001191737477976142,3.0495720311812704e-06
4,44336BFC12CA0A5E9F5243129B67CF8CF861EA319E51DBDB1B4CAF0E6F7DACE1,F-17D8887E1AFD322C7FBE,OTRO_DOCUMENTO,0.013058077771073555,0.0010665547781406701,0.013058077771073555
4,445F236D5DF1DB523BE024A9361FA86082D6C7786733EF929A486998AF69D014,F-A8BC10D011EB3739972C,FACTURA,0.011478406639038168,0.011478406639038168,0.009038358180821951
4,45423B64B6534B7466BB3D12871E57950B3423157843BC88BACA040D2E333D3B,F-E311D094CEA0C30D422D,OTRO_DOCUMENTO,0.003901457248639521,0.0004092303792410585,0.003901457248639521
4,465DEE8973433B7E39F5D0EBCD8C0EE08D38600A5505806B786EBB8EF1E63816,F-2D05BCBE13ED5260189D,FACTURA,0.011478406639038168,0.011478406639038168,0.009038358180821951
4,46CE690F15C5A52306BE1F63A48314E43D723A15C7BB79E6878B021D377AACB7,F-BE2A732EDC4F7479054E,OTRO_DOCUMENTO,0.0017632302783043632,0.0017632302783043632,0.0006430574597276645
4,47202F7EA9AE6CCBE1449B55CA382D690A7F3BF48D0AF7E829BCD0D8522F4004,F-2225E7482E0C1A2CF093,OTRO_DOCUMENTO,0.00015611441425278762,0.00015611441425278762,3.9005976839848664e-05
4,481956117B7BF5D84F3D09FF85452B875AA1D3150C90D00A6636B6433A2AEDC0,F-66FEEC36CB99F857D1A9,FACTURA,0.011478406639038168,0.011478406639038168,0.009038358180821951
4,482FE95EC69B26D675ECCC8CAD33E1F65629851E9FE52FAE21311797A3F14305,F-C4EFEA98CD9D9490E678,FACTURA,0.011478406639038168,0.011478406639038168,0.009038358180821951
4,49AAE2D8D5826364B7C42B76AC987D080A47C6BDA17C7F7B32E6233FF452180F,F-319491FEEAF6386D99BD,OTRO_DOCUMENTO,0.00015162886226695917,0.00015162886226695917,1.9996690977488395e-06
4,4A3B294959E6152FF45800C9910DB03748710E94CD8710F805237F7532194422,F-66FEEC36CB99F857D1A9,FACTURA,0.011478406639038168,0.011478406639038168,0.009038358180821951
4,4ABBCD0BF700A718BFBEF1383B80C543F01B890D7340660A17CCFAF33905641D,F-C4EFEA98CD9D9490E678,FACTURA,0.011478406639038168,0.011478406639038168,0.009038358180821951
4,4B94E6B110CAB58547EB45BF9744C8773EBD6AEFEE79352BA74C4625125534EC,F-2225E7482E0C1A2CF093,OTRO_DOCUMENTO,0.00016135516384227288,0.00016135516384227288,6.285645239839398e-06
4,4DDB265CC5BC70A777E239F345E9DCEB472B0E07A36A97CB747C814966721628,F-E311D094CEA0C30D422D,FACTURA,0.008377264685997818,0.00037824551854680026,0.008377264685997818
4,4E33D7813CA0F52F9DAE7B205F156726A26623776BB62C8AB3469BD927E0CA7A,F-127BD2FBDD2CC031C0FE,FACTURA,0.0002274055443529463,0.0002274055443529463,1.4417166708075771e-05
4,4FD4F771DFD962D25875FC30C0CD4A0081D17E27D089764ABC773716833D76DF,F-66FEEC36CB99F857D1A9,FACTURA,0.011478406639038168,0.011478406639038168,0.009038358180821951
4,522D785B8861AC8B6E0B665918509ABFC61F4A5A7AD344D29581F3820D969F29,F-19E3E2219E79C363F63F,OTRO_DOCUMENTO,0.002231814504194376,0.0007954640507749465,0.002231814504194376
4,5482B5BC23D9508D14F7970779F8182EBB3A21DA03E7B7C390124852EC1A2884,F-17D8887E1AFD322C7FBE,FACTURA,0.0065657537369749235,0.0018502526489901072,0.0065657537369749235
4,55D5569A8BE1FDF83DD7C7711B839FA48CCF21B6A44002A592A098ABC4945180,F-A8BC10D011EB3739972C,FACTURA,0.011478406639038168,0.011478406639038168,0.009038358180821951
4,56858C64366FB3FFEEF5EA8BA03E748B96127B3D10B9F438CAC2689CAD93F41B,F-C4EFEA98CD9D9490E678,FACTURA,0.011478406639038168,0.011478406639038168,0.009038358180821951
4,570B8BEFF92D86C450B35A0A879B847D9442F48BEB042F9C6AD00BA12E502867,F-C4EFEA98CD9D9490E678,FACTURA,0.011478406639038168,0.011478406639038168,0.009038358180821951
4,59B2A30C57B53ADA185312F8F8ED72917A264206DBBAFAE49573F9B816BBC8D9,F-E68CDBA32F276D126C50,FACTURA,0.002354828957039115,0.002354828957039115,0.0005319020824504632
4,59E5149E5884455CB217A6C65C53D4E5A3D6A97340789DD88058604355792DD1,F-78FBBC0583221AAC5789,FACTURA,0.0022620808391465956,0.0011043701776348152,0.0022620808391465956
4,5DAF08946350F296A06082880FF427EEE8B115DD39BDF5199DD8C0188B76E15D,F-976EEED6E8682B3EC86C,FACTURA,0.0008481754939527642,0.0008481754939527642,0.000117686500954182
4,5DE70F354C118DFBDD5368EDEF221DFE5CF7AE6D16C115B9770EA743743E71F8,F-127BD2FBDD2CC031C0FE,FACTURA,0.00022869145115204877,0.00022869145115204877,1.4559125915909593e-05
4,5F27D54F0E68E22B94CC0599AA11815F37E12D38D198BAF916699866A5771C7A,F-EFE6E9C595B24436566B,FACTURA,0.019121581414172254,0.0007306508198063988,0.019121581414172254
4,60558219ECCEAA2E0CC16BEF0AA57528D8111AF668CE04DD850611269578D101,F-C4EFEA98CD9D9490E678,FACTURA,0.011478406639038168,0.011478406639038168,0.009038358180821951
4,618FA8EF90B2BC09442461DF6A1950F3B56DE7D9217334E5658065B15A2D1C7D,F-66FEEC36CB99F857D1A9,FACTURA,0.011478406639038168,0.011478406639038168,0.009038358180821951
4,657D014F547F5C67D9C3C97F905729BE00F4498F2CB5E01528AAFF4F0E177E5B,F-DCC01CD6C3861C7E4C3E,OTRO_DOCUMENTO,0.0022078331224954987,0.0010766027633037879,0.0022078331224954987
4,657E1FF4F3374E8D93CA51BEC8C1C7D4058C9E51797A97E15FCAFCF3A54FC356,F-B48A5E97973412D090E1,FACTURA,0.00776507636076745,0.007591861740239777,0.00776507636076745
4,674A1F88C6BD5E53FAF757B8EAF603391E1CDAAFF0A5B8A0038B98FCB947852D,F-E311D094CEA0C30D422D,FACTURA,0.005124092981977252,0.00041373170787716056,0.005124092981977252
4,681D494D1EABD2B24BA13F9F99B3AC5F6D565688BB7368714C430C5395C5A868,F-127BD2FBDD2CC031C0FE,FACTURA,0.0001298758858484376,0.0001298758858484376,1.992823476942865e-05
4,6951FCD388A8D53F50AEC19CB24E961F550D8DFDD9B70D9D3EBBEE53AB0530DF,F-BD443D8161F24BFCB109,FACTURA,0.012230743562781407,0.00182521494598255,0.012230743562781407
4,6AAA6E56A668CA470CE59A1DA0E3208162A408FD1E83E1DB80551F50B08F7631,F-2225E7482E0C1A2CF093,OTRO_DOCUMENTO,0.0001350749446722384,0.0001350749446722384,3.3093934226590633e-06
4,6B96BB1E1D807BDFD4A12F5631C2176A155EE44DAA9B974BA349414248CE8938,F-C4EFEA98CD9D9490E678,FACTURA,0.011478406639038168,0.011478406639038168,0.009038358180821951
4,6BDD70A1E311F323C3AE095EA182CC3591DEFFA1BB39A2F1872AD5556DE12B10,F-724FA6B6F7F7BF0A734C,FACTURA,0.00028209473622073974,0.00028209473622073974,2.342098705924784e-05
4,6D6E1AA48E6C44FD43EF2352B4C1F3D017BC787D0C043C49EAACDF1BCF531B22,F-C4EFEA98CD9D9490E678,FACTURA,0.011478406639038168,0.011478406639038168,0.009038358180821951
4,6E223B3FB776EC499C1079BF9AF95E4CAA33950DD34CBC577C446F8985A308EA,F-C4EFEA98CD9D9490E678,FACTURA,0.011478406639038168,0.011478406639038168,0.009038358180821951
4,728FFB9AA6918939C77AFBD14176374095A4B94DF78DC4BBE4E0D3A1F4E64555,F-278280CEE7859CD404B9,FACTURA,0.011478406639038168,0.011478406639038168,0.009038358180821951
4,729AF3D6447EC31F5F02AB12E6FB6DD6CAE910EC2C50B43FBEBFECB00678E4B0,F-C4EFEA98CD9D9490E678,FACTURA,0.011478406639038168,0.011478406639038168,0.009038358180821951
4,7450CD3EC72F3F9A0F1009EF270B10F283D7B56BE50BAAC01800EA9CF2C9E36B,F-DCC01CD6C3861C7E4C3E,FACTURA,0.002407813018316007,0.0012143882309949183,0.002407813018316007
4,7765957EC5D2FAD2C870AA576B360E8C599D1A09C2161E5A60675B0C299E82FF,F-C04B37B1724168DE2084,FACTURA,0.011478406639038168,0.011478406639038168,0.009038358180821951
4,786C9DF77DC594A4F4661372FB7550FA2BBE1C9CDC8EEFD007F2E8338559704A,F-127BD2FBDD2CC031C0FE,FACTURA,0.00012264054453692963,0.00012264054453692963,3.1009179693389594e-06
4,7943C6EB1641AD882AF8038E05B5F350A7FA8FBE6C2DF3DF90E9004412040FEF,F-3F260BA547D3B90B2125,FACTURA,0.0001288634546042218,0.0001288634546042218,4.237333071888623e-06
4,7C7BEBD02F866B63C5475F1B0D0CA9C678F5D261548ED2C7B2B9D475D6383CC9,F-1B5BFBE3C31B9AB023C7,FACTURA,0.003825160887831205,0.003825160887831205,0.0013033789206210403
4,7D71C224D23E5E0E8FD05C6303A4B986D06341EE722D4E62939389806BBE3471,F-78FBBC0583221AAC5789,FACTURA,0.0021272109779593637,0.001062402022338443,0.0021272109779593637
4,842594336FD1FDF9801D6F0769960B24152213A2368F5E5E330F898639CCCB13,F-2225E7482E0C1A2CF093,OTRO_DOCUMENTO,8.687050142388749e-05,8.687050142388749e-05,1.8243171677583407e-06
4,851F61E61DFAAF6BC623C446119DBAD3DAF975D0610ED36513CD523A63CD0CAA,F-127BD2FBDD2CC031C0FE,FACTURA,0.00012304501042454806,0.00012304501042454806,7.016856721484068e-06
4,86F129C9F1A4A0BE0F30584A7B67D699707FA49D79769BBD4338B0601FA55D0F,F-A63645627CE2D9A75BE5,FACTURA,0.4868837736299133,0.0007034989646968278,0.4868837736299133
4,8CAAFE798C6ACB7B58901EB74CAB329FA4B7ABA8669B73976F3978ED6F448F62,F-DCC01CD6C3861C7E4C3E,FACTURA,0.003056344552643987,0.0011190201700085715,0.003056344552643987
4,902E6570382C0FCC9D1AADCD56160F3B5E37DBF6EE4E82A32701D131CB87AA73,F-EFE6E9C595B24436566B,FACTURA,0.014144531478164767,0.0011990359807138513,0.014144531478164767
4,93036EEF1A8A5CF4FE20C745C5AAAB528059A8F2492D3A7BDA905B3194023657,F-7D0D437DDC69268FCFC4,FACTURA,0.011478406639038168,0.011478406639038168,0.009038358180821951
4,93946044DD9FBAB870A7B410A3C51061CF64CE6D44FB8D63266CAFD138D5D539,F-AB9C3DF0812F557CBA1C,FACTURA,0.000950744426513922,0.000950744426513922,0.00029275701586896943
4,93AA062D25DF63997A23155F5E7F14BEFDB6D08912A599345AF02B12FB9F12A9,F-EFE6E9C595B24436566B,FACTURA,0.03535859171479449,0.0010822418733216054,0.03535859171479449
4,95AF2B3D9E304F20830DD6D2986A230CE395D8B5FDA0B8BBC25E9B9E712B11AE,F-2225E7482E0C1A2CF093,OTRO_DOCUMENTO,0.00015196855532069865,0.00015196855532069865,4.891259595637689e-06
4,9B84CC3980E75FFDADA63A4445C66561B2DA457969B183C72D13ABA914AC9F92,F-19E3E2219E79C363F63F,FACTURA,0.0008977766818937704,0.0008977766818937704,0.00034586217162291434
4,9D89F0FF0433FB4667E9F658F85408E09DB8586C1753019CD4818FCF59108DD4,F-19E3E2219E79C363F63F,FACTURA,0.0008966597265820491,0.0008966597265820491,0.00032611232984460165
4,9F1FAB628AC6821BA46DC7E63EBA5FA271E91CA180DD9522615BEC3B8D3F396D,F-D9558DFA49CDFA0EC574,FACTURA,0.011478406639038168,0.011478406639038168,0.009038358180821951
4,A0F2D39A8CE046149BC6B737E3B5A91F401B2B0508266B23F02FFC5C1881C20C,F-46CBE2F2FC989AC0304F,FACTURA,0.005219695003399203,0.001259022635005265,0.005219695003399203
4,A2590908E0A0F8CD902C54D81652BA2354723E2A5C0056A2E29C7AB3EC3A445C,F-239031FB24D11A1289E7,FACTURA,0.0015217148067445377,0.0015217148067445377,0.0002737368645918631
4,A2BF3657EE083148A054B3F7110C884140B3D69930E58683F957FBAAA580D827,F-EFE6E9C595B24436566B,OTRO_DOCUMENTO,0.02411223335103281,0.0008525808173590416,0.02411223335103281
4,A662CA0C99BF602548B39BF259B01A4AAA2CA1A594534D0DA328D370E6F32C99,F-EFE6E9C595B24436566B,FACTURA,0.02733210443064029,0.0013528542359677093,0.02733210443064029
4,A7BADE04443004116FBA8D61734FD935ADA2B9C23ACC045FDB2BD7DE36EDEB9E,F-78FBBC0583221AAC5789,FACTURA,0.0012397061834815673,0.0009196709171020688,0.0012397061834815673
4,A96DEE1D6A7E23D5E68607C65FF20DCFE740969199AAC8736E42D59AE4730A2B,F-127BD2FBDD2CC031C0FE,FACTURA,0.00012746819022703155,0.00012746819022703155,4.394480812935877e-06
4,AAA58F0519E8973AF3E81F35297B296B0C1596C01E87249708FF250200CB4755,F-C4EFEA98CD9D9490E678,FACTURA,0.011478406639038168,0.011478406639038168,0.009038358180821951
4,AAF93BE68662AE6CFF480483FCE1E287B6C015A1639FDD0D222FBB2ACE8EF0EA,F-DCC01CD6C3861C7E4C3E,FACTURA,0.002304711944412941,0.0013129641743198001,0.002304711944412941
4,ADF2DA89D38748AA9C10DF753D455E11F4A6C39815FD1E071DF87AB7A230CAC3,F-EFE6E9C595B24436566B,FACTURA,0.026787666450785036,0.001716758150728575,0.026787666450785036
4,AE5F33D11E36020FD2D0004B7D7F0E29834D1846F3753696CE2E377BA6990089,F-38BC11F2F1438B7B9147,OTRO_DOCUMENTO,0.0010115512962238272,0.0010115512962238272,0.0007117463724225947
4,AE91E3C556FA0456BA47EC97C0EADF80B7682FD588FAEFAB92CE30C32903AB22,F-EFE6E9C595B24436566B,FACTURA,0.02445773588839104,0.0010686191650182864,0.02445773588839104
4,AEDC467B81545A573C8CF5C8878CF82047F638848F57F6CCD09D6E39D8261EEC,F-C04B37B1724168DE2084,FACTURA,0.011478406639038168,0.011478406639038168,0.009038358180821951
4,AFD04E98404202094A303416378E65BFF378DACC29438FCCB31F15E5DA76A62D,F-319491FEEAF6386D99BD,OTRO_DOCUMENTO,0.00025553361898382216,0.00025553361898382216,3.2889496828398603e-06
4,B1F31AE8A9C37651E9BE2101CEE69DF9D9BB484E351A2EDFE5EFAD605EC5491F,F-DDD398632A8E3710DDB0,FACTURA,0.011916280965819937,0.0005077714122625922,0.011916280965819937
4,B4430B9D1CE090C0C6EBC8ECC4D373545087A303D6846768C96141BD69FD3D68,F-127BD2FBDD2CC031C0FE,FACTURA,0.00019816024224123427,0.00019816024224123427,9.605221499270616e-06
4,B4C8FA3786E8BA119F3C5F40F1BF5868D7591D0E865FF2AF84F7235674F33C88,F-F8EBECB216D6C0D8E1BE,FACTURA,0.0009704600199467177,0.0009704600199467177,0.00014325595413236842
4,B57482DDE36878A4671AE5BA62CF9F25F1093F7ADED072390756EA95F182680B,F-DCC01CD6C3861C7E4C3E,FACTURA,0.0033098114503635058,0.0012384631368932018,0.0033098114503635058
4,B59289C59C42F58F2E5E5667229CB21EC21343A252CF50441F2AACE87618F71B,F-624B9DB867F145EBB34C,FACTURA,0.0014079812494279885,0.0014079812494279885,0.0006893624925918551
4,B8B9CC93AD5D652C71367F2D4AAAC897EE3CCF26697314E8B918A140B27EAD43,F-EFE6E9C595B24436566B,FACTURA,0.03793525486451089,0.0016977751672223509,0.03793525486451089
4,BD7F4BAA498B98BEFACE0028528DCDF91D331EBEC91FDC934BAC440BB06984D5,F-78FBBC0583221AAC5789,FACTURA,0.004423025787662898,0.0019318833459573493,0.004423025787662898
4,BF3C8B6E0629580CD73B07E38158B2BAC03A920BD9965548A236F02203849DB0,F-2225E7482E0C1A2CF093,OTRO_DOCUMENTO,0.0002889525535622602,0.0002889525535622602,3.441531145025764e-05
4,C177CD77BAA5F5587D302FDCC9F5615424F6BCED6057AA300113D6E3A600DC02,F-EF073838ABE6523C2174,FACTURA,0.011478406639038168,0.011478406639038168,0.009038358180821951
4,C32B2E20D7C26374931D1211FDDC75A8B9DC021D4FB1E43E423060A42FCB0F90,F-127BD2FBDD2CC031C0FE,FACTURA,0.00010514183775121467,0.00010514183775121467,3.4152122522439712e-06
4,C4F20F86104A25A042C17226A58FE4A2904FF327D27396E512BFB9855A181AB0,F-C4EFEA98CD9D9490E678,FACTURA,0.011478406639038168,0.011478406639038168,0.009038358180821951
4,C9E46A38A0109D9C87D2CF516D39DF2B685B99E66F6EE09830A75CB7A8A11495,F-C4EFEA98CD9D9490E678,FACTURA,0.011478406639038168,0.011478406639038168,0.009038358180821951
4,CA4B144974CDD331E904D3646E7F74FDAE6502B6CCDA4A0B4845C2FA9E2F6DB8,F-F005EBB69A8DFBD56F0B,OTRO_DOCUMENTO,0.008906407415947547,0.008906407415947547,0.007115028970805776
4,CDCE4AFFBA4C7A14E62EC97B786AE463F5A06625309D2F3C7EC30632192363E0,F-2225E7482E0C1A2CF093,OTRO_DOCUMENTO,7.599650158951951e-05,7.599650158951951e-05,4.780127696985048e-06
4,CDE2CF61792ECB1685A1B5D28F4185B11E4FFE284D37428507FA26C8426DAACE,F-73D1F939C9F0B93053BA,FACTURA,0.006214761904501497,0.006214761904501497,0.00494426386017435
4,CFEBAFFA7B16C0A2A9DA4E31369F607C6769560AE4F0AF5DB7EBC7C7A5796942,F-239031FB24D11A1289E7,FACTURA,0.0009341280786753098,0.0009341280786753098,0.000261703059873739
4,D0998159322E7036852951E3B6BB4631E0A5EF21ADFC0DFC39679D4F410C959F,F-F8EBECB216D6C0D8E1BE,FACTURA,0.0007139671407843552,0.0007139671407843552,0.00013580526502321287
4,D0B7E38560380EE7EAF6E34B6061E48C5CF2F35B8AA99A8D2F89E7E6B0A3F40B,F-EFE6E9C595B24436566B,FACTURA,0.015344857481830693,0.0010521975259876418,0.015344857481830693
4,D429E736D82B111075BDA9E832F25D555146ABAFCF3885B9B4590A612F337A71,F-66FEEC36CB99F857D1A9,FACTURA,0.011478406639038168,0.011478406639038168,0.009038358180821951
4,D4C3E3E5A6C8A6396585AED0657045546DB61BED0E576E6862CA8130164BCE08,F-F87B430E01864ABA8385,FACTURA,0.011478406639038168,0.011478406639038168,0.009038358180821951
4,D72C0946B3BAB976FE0144254A9CB9D0062673308D4DDED3AD7CB5A4033AB853,F-C04B37B1724168DE2084,FACTURA,0.011478406639038168,0.011478406639038168,0.009038358180821951
4,D9BA143F0ECCCB29588BDD83672A67B86A0448BFE5F967FE255067BA929A1FDA,F-A63645627CE2D9A75BE5,FACTURA,0.012095682850287308,0.0014572906345671319,0.012095682850287308
4,DA90A93BE580F95FE5F57983444C78F6B0479F8D349B6390E07DCC05D543D713,F-17D8887E1AFD322C7FBE,OTRO_DOCUMENTO,0.010830939412404287,0.0011624718488036413,0.010830939412404287
4,DB4D29DFEC242149E7DEB2C674FB7A28625901B96391CC68D2F99F59A56FA6C7,F-C4EFEA98CD9D9490E678,FACTURA,0.011478406639038168,0.011478406639038168,0.009038358180821951
4,DD372CF24ED476BE21C4FB16F5A440CA83602E0CAA7454BACE49CC46D719923D,F-5A19E47D686C678820E3,FACTURA,0.0003204968067747273,0.0003204968067747273,7.746916661793199e-05
4,DFBC2F2DB3574E4AF1A519731FA1E41DB8C6A90A30DE2485B771F7CDD6DBBA4E,F-127BD2FBDD2CC031C0FE,FACTURA,0.00011523466099113738,0.00011523466099113738,1.982426530111636e-06
4,E13F5A758863FF61032D1246182C35726CC9310DD7822132AD96A4871C14DA3F,F-DCC01CD6C3861C7E4C3E,FACTURA,0.0024166381332900717,0.0010536491323418495,0.0024166381332900717
4,E24CD73FADF2105B11F012348D1FB638E3042428BB19A4DD43A96FA38A640157,F-DCC01CD6C3861C7E4C3E,FACTURA,0.00204758078862398,0.0012224208315936534,0.00204758078862398
4,E415A8C5F28A1BB5A8FAC4F146B80A6AA20CB17A4D6449ECC66AAD21C9BBB31B,F-127BD2FBDD2CC031C0FE,FACTURA,0.0002125771711368306,0.0002125771711368306,7.467703621343017e-06
4,E4EE7B924E36DAC149A0DE6D3A14BDF33EF1EC5E95B862558B80009E2B4C6E40,F-2225E7482E0C1A2CF093,OTRO_DOCUMENTO,0.00015558517432408213,0.00015558517432408213,8.231576929671948e-06
4,E69F094568C5FB504BF02555E1531ACAEFCF05B95F8E06AE52D73A1CA930A902,F-2225E7482E0C1A2CF093,OTRO_DOCUMENTO,0.0001784844238368819,0.0001784844238368819,1.3656472942819831e-05
4,E8066B5FA877947A47862B566C3A752FD1BA514973CD2B01A7AD31803BBDD28B,F-12D78E5BCE33FB9957D7,FACTURA,0.0013986691510371652,0.0013986691510371652,0.00026531138853568513
4,E8DFF560940591F04A1A3D7D1A8A0662A8B10A3B4352D1777F260E3C4514ECB1,F-127BD2FBDD2CC031C0FE,FACTURA,0.0001855673559267479,0.0001855673559267479,6.1362630211431685e-06
4,E8FAA2A7C3096561DE0CE371B71A647D301EAE49F822543E0C149049862BB795,F-78FBBC0583221AAC5789,FACTURA,0.0012852038684318214,0.0009699584928171834,0.0012852038684318214
4,E908DD409D867A6FD9362F638DDB6D1C51787DDDA28A2363CE9E6506226FDBEF,F-B7F49B6DC4F0173C4F2C,FACTURA,0.011478406639038168,0.011478406639038168,0.009038358180821951
4,EC9F542C0D762349330D7C9D5BA35113FE54E325A7794D5D7246158EF14E78C4,F-127BD2FBDD2CC031C0FE,FACTURA,0.0001104730085752869,0.0001104730085752869,2.92280690777887e-06
4,EE17F17B2E3BA04ED99337FE93B2F9107CF18A58C93502F0BF6938D7EBBC0185,F-2225E7482E0C1A2CF093,OTRO_DOCUMENTO,7.544253886112696e-05,7.544253886112696e-05,1.8421582819743366e-06
4,EF7D8D2B6EB1DA2009EE2C414B127F6EA6B1B2EE8A71CDDE5D494B88BB7021E2,F-319491FEEAF6386D99BD,OTRO_DOCUMENTO,0.00029296344068274966,0.00029296344068274966,0.0002500161905666894
4,EF8D085AA0CC522DC505BFA3EE404551CA496928CC603CA9A2E2F72261C64480,F-239031FB24D11A1289E7,FACTURA,0.0009438383309130471,0.0009438383309130471,0.00024487912492561937
4,EFA7644399240D4CE98CFC0922C43901B82B82154718FBA1C01D066A528AAE93,F-7D0D437DDC69268FCFC4,FACTURA,0.011478406639038168,0.011478406639038168,0.009038358180821951
4,F128AA90E662AD7CDB80CA46AEBFBA2F20A8B122EEC15961781923955AD06E2E,F-127BD2FBDD2CC031C0FE,FACTURA,0.00018997927560070448,0.00018997927560070448,6.3584271675923724e-06
4,F20FB9FCF93C82B0A97A7A67BFE6F5483C480F94C937353FCAE85095E78B4D30,F-319491FEEAF6386D99BD,OTRO_DOCUMENTO,0.00012946085821330231,0.00012946085821330231,2.1264160686572056e-06
4,F36DDC207A40D81075D8AC15AFEE80E857697E22529B6126925EF8D73DC72A5A,F-C4EFEA98CD9D9490E678,FACTURA,0.011478406639038168,0.011478406639038168,0.009038358180821951
4,F6FE5E4E7DBEFC3BD76AA8082F39320D6E47DF09DFED6C259F5830908418EB7F,F-19E3E2219E79C363F63F,OTRO_DOCUMENTO,0.004027634502187776,0.0005415936025482157,0.004027634502187776
4,FCB7B5A2F524A16B19B60871079D42D4CF9A5A1C18278052A29B1366095DF71F,F-33B81ED9CE192B1C2F2E,FACTURA,0.014679270506153889,0.0013795585819896068,0.014679270506153889
4,FDE622A3433BE4D10FEA9E811DD12C8E4558F08219F6CF1BF974F698D2735C69,F-C04B37B1724168DE2084,FACTURA,0.011478406639038168,0.011478406639038168,0.009038358180821951
4,FDF0C9EACBFA6ADCDD4D8E651C451A9CDD65DBF7E8628426FA9C87F73F978DBD,F-319491FEEAF6386D99BD,OTRO_DOCUMENTO,0.00023542950275658777,0.00023542950275658777,5.9524752774733925e-06
4,FE56C5F0D519D9084CA60878C88E88C121CA77BD55C9A438401793C2D6B46597,F-DB7766FFE78E622516F9,FACTURA,0.011478406639038168,0.011478406639038168,0.009038358180821951
4,FEF50B26E0EABF3B4D805C219F18D4B4952805C3E1426AAC76B536A9EE0B8538,F-2225E7482E0C1A2CF093,OTRO_DOCUMENTO,7.254460510722106e-05,7.254460510722106e-05,1.6602905112846168e-06
