Sha256,Role,Path,Sha256Text
002865257C71829F722158FBCEDB282C220108C3B1CE07E08876E80BAEEA8EB2,HeaderTextAsset,C:\Users\omard\source\repos\RecepcionDocumental\RecepcionDocumental\tools\DocumentAiProbe\experiments\H1D10A\text\002865257C71829F722158FBCEDB282C220108C3B1CE07E08876E80BAEEA8EB2.header.txt,81477D7E669DC1361F321696C579D0833A9C44892AF42C6806248896AA9B1D72
00A887F58DB25495DFDE02D1BD1530CE321427ECC08F8EF1E62853BF1C219A6C,HeaderTextAsset,C:\Users\omard\source\repos\RecepcionDocumental\RecepcionDocumental\tools\DocumentAiProbe\experiments\H1D10A\text\00A887F58DB25495DFDE02D1BD1530CE321427ECC08F8EF1E62853BF1C219A6C.header.txt,6883951B457D6F65EC92C14441D0592F6E3465CAF1A51BE9C9BD6FC5D3C856DE
010343D4BCC6C1DB12C1129F149212B97C69C10242840BC5A303CC7B4AA87BAF,HeaderTextAsset,C:\Users\omard\source\repos\RecepcionDocumental\RecepcionDocumental\tools\DocumentAiProbe\experiments\H1D10A\text\010343D4BCC6C1DB12C1129F149212B97C69C10242840BC5A303CC7B4AA87BAF.header.txt,14FB340152BFD535198F4B6E73B04F6CC55BE3054E7F59E8312B62149138BE36
014E2ED703E7699D11564EA3DA8C3C759890653A8AA43818519F760562AAD8E9,HeaderTextAsset,C:\Users\omard\source\repos\RecepcionDocumental\RecepcionDocumental\tools\DocumentAiProbe\experiments\H1D10A\text\014E2ED703E7699D11564EA3DA8C3C759890653A8AA43818519F760562AAD8E9.header.txt,5B923A5538FF24D8A2C7B343DA82062379D605D257F12AE714B35791AD2CFBD0
01CD21BA921CF3E5B71026D0B35F0455C59E2D2B5B1FCC67BBF6E18173662A57,HeaderTextAsset,C:\Users\omard\source\repos\RecepcionDocumental\RecepcionDocumental\tools\DocumentAiProbe\experiments\H1D10A\text\01CD21BA921CF3E5B71026D0B35F0455C59E2D2B5B1FCC67BBF6E18173662A57.header.txt,F5FB898F6F36BBCC77922814CA0E017CA3A6E1660232169FF01E57C0CBC7E591
02481C9D2568B71F8E7C312C9750A2574BBC113DA725E94DF93185829AC84A79,HeaderTextAsset,C:\Users\omard\source\repos\RecepcionDocumental\RecepcionDocumental\tools\DocumentAiProbe\experiments\H1D10A\text\02481C9D2568B71F8E7C312C9750A2574BBC113DA725E94DF93185829AC84A79.header.txt,710113C43B5D2E47999AF10B63E1DE817C5A91C921F872B900F33B6F9B581806
02656E7BEACD36FF1D29B09DB3B935C87A2031DBB0AC01CB7FB6EF3190A013A9,HeaderTextAsset,C:\Users\omard\source\repos\RecepcionDocumental\RecepcionDocumental\tools\DocumentAiProbe\experiments\H1D10A\text\02656E7BEACD36FF1D29B09DB3B935C87A2031DBB0AC01CB7FB6EF3190A013A9.header.txt,383F8D88AB925ED658985ED00FBCC1053D66ABA9E0996FCF2E9024BAFDC8F748
029212DC679C033902FE2CC264F3CAB6C223BB8366CB0FE8E61BF5329E85FACE,HeaderTextAsset,C:\Users\omard\source\repos\RecepcionDocumental\RecepcionDocumental\tools\DocumentAiProbe\experiments\H1D10A\text\029212DC679C033902FE2CC264F3CAB6C223BB8366CB0FE8E61BF5329E85FACE.header.txt,B68806B6F0AACF036BCEB3FE442B8AE5E29BA6F0FCFA851059ACF1C27E4743FD
02E98A8346DE804B23DEB7F869E8DA197E5631C1064A63EA74D3C0B0218FFB06,HeaderTextAsset,C:\Users\omard\source\repos\RecepcionDocumental\RecepcionDocumental\tools\DocumentAiProbe\experiments\H1D10A\text\02E98A8346DE804B23DEB7F869E8DA197E5631C1064A63EA74D3C0B0218FFB06.header.txt,EF22EA1318C1C5C22358FCCD3A49EF96C9D303B73FA1B24B1182D58DCE938369
030110C4EECAD8AD99A6AD1A53873B11A63BAD1F04245E5725E05682FCC5D4AA,HeaderTextAsset,C:\Users\omard\source\repos\RecepcionDocumental\RecepcionDocumental\tools\DocumentAiProbe\experiments\H1D10A\text\030110C4EECAD8AD99A6AD1A53873B11A63BAD1F04245E5725E05682FCC5D4AA.header.txt,5E6CE37B3BB419F47CA8D1B4A17B00488E212676B59E0B9864D0BAD89799692C
030126CE7D614353FF03F90C126B6D2C3746D913B36523810DF4F1B51326D882,HeaderTextAsset,C:\Users\omard\source\repos\RecepcionDocumental\RecepcionDocumental\tools\DocumentAiProbe\experiments\H1D10A\text\030126CE7D614353FF03F90C126B6D2C3746D913B36523810DF4F1B51326D882.header.txt,45C02F14F56BBF9D8D42638F185EACB9955816FA7837CA1C457FCF13AB36421B
0364B3022336297D63A30D703615CB3CC76DF8649C864FC2E6DC9CC55D955996,HeaderTextAsset,C:\Users\omard\source\repos\RecepcionDocumental\RecepcionDocumental\tools\DocumentAiProbe\experiments\H1D10A\text\0364B3022336297D63A30D703615CB3CC76DF8649C864FC2E6DC9CC55D955996.header.txt,EFCFF888480FCE1AB7A154DA8EABEE6412732A40D9BA16C786A8824E6DD99C9F
038C8E13A29FF718AF15161F5E1623E16F4735509EBC827CBF80A30555FC05DB,HeaderTextAsset,C:\Users\omard\source\repos\RecepcionDocumental\RecepcionDocumental\tools\DocumentAiProbe\experiments\H1D10A\text\038C8E13A29FF718AF15161F5E1623E16F4735509EBC827CBF80A30555FC05DB.header.txt,F383676C79A1EF6B47EA82AA7FBC1BA6C3B5C62E3DF675D25C21DD1FD606A3C9
03B39A26667D7005B31BEF5DCA9F294FCC45452CA0D45BA06D78BF8CE5E16133,HeaderTextAsset,C:\Users\omard\source\repos\RecepcionDocumental\RecepcionDocumental\tools\DocumentAiProbe\experiments\H1D10A\text\03B39A26667D7005B31BEF5DCA9F294FCC45452CA0D45BA06D78BF8CE5E16133.header.txt,D5F2D46FE6B79A9974C167FE271218E102D4756EC97F34E14F5CB9BEFB2E6FD2
03CFBE47B1C87BEFC324BB99462C1A6722B7E29C5EB61D17AE8AB0C4A60F5AF3,HeaderTextAsset,C:\Users\omard\source\repos\RecepcionDocumental\RecepcionDocumental\tools\DocumentAiProbe\experiments\H1D10A\text\03CFBE47B1C87BEFC324BB99462C1A6722B7E29C5EB61D17AE8AB0C4A60F5AF3.header.txt,D2270202C4DF206B913DED40C2DB69302C3578963A2635EB9750910A7F10C0A1
0405379635CC5D80EAFD03FE53704B24D220C6EFBD7EB0C7A1B8908D312819DF,HeaderTextAsset,C:\Users\omard\source\repos\RecepcionDocumental\RecepcionDocumental\tools\DocumentAiProbe\experiments\H1D10A\text\0405379635CC5D80EAFD03FE53704B24D220C6EFBD7EB0C7A1B8908D312819DF.header.txt,F86DD021B7760F10B3FB03E4270D984BA27CC1CAF80F1F4EAC2F6CC37528F209
042267BB5BA6B2EF3DEB81E10F9D0DF556DA96E723BEE7A42CA1F5AB41E0B13E,HeaderTextAsset,C:\Users\omard\source\repos\RecepcionDocumental\RecepcionDocumental\tools\DocumentAiProbe\experiments\H1D10A\text\042267BB5BA6B2EF3DEB81E10F9D0DF556DA96E723BEE7A42CA1F5AB41E0B13E.header.txt,862DE4AF7CA4E14010B93F5379F86F3F38ABE559AFB370CD8EDA94525C4A577E
0431F3F0FA33A87F05475A197FA40165963F462ADD5E0D0F14743141B23F8ECF,HeaderTextAsset,C:\Users\omard\source\repos\RecepcionDocumental\RecepcionDocumental\tools\DocumentAiProbe\experiments\H1D10A\text\0431F3F0FA33A87F05475A197FA40165963F462ADD5E0D0F14743141B23F8ECF.header.txt,84B15924882325E4ACC0FBDBA3A0B5DC43EBC739E5A65442602121571BCEA534
0433389975EC3550CE85ABFB0C93FCD6D66B39F406A635F2A1B7ECFDAD2ACEE3,HeaderTextAsset,C:\Users\omard\source\repos\RecepcionDocumental\RecepcionDocumental\tools\DocumentAiProbe\experiments\H1D10A\text\0433389975EC3550CE85ABFB0C93FCD6D66B39F406A635F2A1B7ECFDAD2ACEE3.header.txt,4F357E4D499C1019EA1250500D1A57EC0773BF03DFA8200FCB6033D53D2A897B
045C94F468347D76A752B35C9E1104694E4AD501AE20C72D76DEF8E399357D50,HeaderTextAsset,C:\Users\omard\source\repos\RecepcionDocumental\RecepcionDocumental\tools\DocumentAiProbe\experiments\H1D10A\text\045C94F468347D76A752B35C9E1104694E4AD501AE20C72D76DEF8E399357D50.header.txt,C1C4E58F05243013F88DC6A78371D5DBB6E6C56EE5794FA0414133F2DE8F933E
04644AFCA0FD83E0BA9F4699895C76D10FBDBA2FE57B9695DC20E8D7B05F23B9,HeaderTextAsset,C:\Users\omard\source\repos\RecepcionDocumental\RecepcionDocumental\tools\DocumentAiProbe\experiments\H1D10A\text\04644AFCA0FD83E0BA9F4699895C76D10FBDBA2FE57B9695DC20E8D7B05F23B9.header.txt,D0B008B84A6DE677587FC302103CE5AFFDDC9C4FE3261B931C11731FEFC4F22A
04D2A6C50B9B35D2F7E917B6E3A9B8329EE86DAD2FB2D5042D6BB4040B213ABA,HeaderTextAsset,C:\Users\omard\source\repos\RecepcionDocumental\RecepcionDocumental\tools\DocumentAiProbe\experiments\H1D10A\text\04D2A6C50B9B35D2F7E917B6E3A9B8329EE86DAD2FB2D5042D6BB4040B213ABA.header.txt,DC711AEEBD4BCE7903695F683881C980C6C2A0D8D9BC0B7B322392D88F96266C
0502FD9BDC978A9DB273A734BD4392467FCD7002B2033F73814CA959A4092E48,HeaderTextAsset,C:\Users\omard\source\repos\RecepcionDocumental\RecepcionDocumental\tools\DocumentAiProbe\experiments\H1D10A\text\0502FD9BDC978A9DB273A734BD4392467FCD7002B2033F73814CA959A4092E48.header.txt,8B9B19417FB7233D61510211B1FE8DDA1DC24D09503D167C748DC89EDC240355
056F2DBFB04063C3907953A9FA896F379670BFB843A6C1C8D08A4A79E784AF5C,HeaderTextAsset,C:\Users\omard\source\repos\RecepcionDocumental\RecepcionDocumental\tools\DocumentAiProbe\experiments\H1D10A\text\056F2DBFB04063C3907953A9FA896F379670BFB843A6C1C8D08A4A79E784AF5C.header.txt,1E74C45982EF6FC2EAB12F7037C4DED29E6D0F158BB9E9DF7A0D1A37D0208C3D
05C329DF72080120239DE88AA85E91D6F089D1DAA1A7F59B8E53C60752CF1D47,HeaderTextAsset,C:\Users\omard\source\repos\RecepcionDocumental\RecepcionDocumental\tools\DocumentAiProbe\experiments\H1D10A\text\05C329DF72080120239DE88AA85E91D6F089D1DAA1A7F59B8E53C60752CF1D47.header.txt,1D5A4E4B1740439C3B49FFFADAB9C9BC4977244711925E20CBF3D080DFD6FD90
062D404B15F77BA8C0EABD59CB6BF2C7D319E561D80F744178F01EB08514EDCC,HeaderTextAsset,C:\Users\omard\source\repos\RecepcionDocumental\RecepcionDocumental\tools\DocumentAiProbe\experiments\H1D10A\text\062D404B15F77BA8C0EABD59CB6BF2C7D319E561D80F744178F01EB08514EDCC.header.txt,34F2F8BBCF93463156F9643A405AFB4C66E2692549413EF27FA2FBDCC4313D00
0694B850140E5FB7BFAECB0AE25445A17058A3081747D666726EF30BF5AA1CB8,HeaderTextAsset,C:\Users\omard\source\repos\RecepcionDocumental\RecepcionDocumental\tools\DocumentAiProbe\experiments\H1D10A\text\0694B850140E5FB7BFAECB0AE25445A17058A3081747D666726EF30BF5AA1CB8.header.txt,EB7566668945566A3E053D878CB54BB43D659805B5A7B07FBDACA6705A34C349
06A4E618722CC20B0791DAAF476CDE38E7C997F9619E99E853204E29184B3E6B,HeaderTextAsset,C:\Users\omard\source\repos\RecepcionDocumental\RecepcionDocumental\tools\DocumentAiProbe\experiments\H1D10A\text\06A4E618722CC20B0791DAAF476CDE38E7C997F9619E99E853204E29184B3E6B.header.txt,AA5B85209118893DF22B4D2DCB188099E189296537D2ABEA70ECA3328F580680
06A69148F4DA1D7AED723E4EFD8016E4BF83803969862E721D1E7269E9FB7641,HeaderTextAsset,C:\Users\omard\source\repos\RecepcionDocumental\RecepcionDocumental\tools\DocumentAiProbe\experiments\H1D10A\text\06A69148F4DA1D7AED723E4EFD8016E4BF83803969862E721D1E7269E9FB7641.header.txt,5C77A71047489EB09AC8E10492039774653959ADA2941E366375B42D87223AFC
06C5E77F317271A5B21E226962240E9CECAA20BB4DF5B73BBEE18511EE01C7CE,HeaderTextAsset,C:\Users\omard\source\repos\RecepcionDocumental\RecepcionDocumental\tools\DocumentAiProbe\experiments\H1D10A\text\06C5E77F317271A5B21E226962240E9CECAA20BB4DF5B73BBEE18511EE01C7CE.header.txt,421451CAAFE2EA4A09637330DBD01BFB40DA409513E46C6C60C65AD24670B376
06F44D4A2E6F166F80269454C61462854CB02A1D7D136FAA54492E0630A88ABA,HeaderTextAsset,C:\Users\omard\source\repos\RecepcionDocumental\RecepcionDocumental\tools\DocumentAiProbe\experiments\H1D10A\text\06F44D4A2E6F166F80269454C61462854CB02A1D7D136FAA54492E0630A88ABA.header.txt,581C18F1321855E88016CB09A3E169C9129BA132B4F47FAF20D430A356982DF4
06FAF6983BF7BBDCDCB270264CB68197C6D4C8EDA17F598D41B73C422360B1FD,HeaderTextAsset,C:\Users\omard\source\repos\RecepcionDocumental\RecepcionDocumental\tools\DocumentAiProbe\experiments\H1D10A\text\06FAF6983BF7BBDCDCB270264CB68197C6D4C8EDA17F598D41B73C422360B1FD.header.txt,0FBDFA69D3AFD3534C0458ABCC05F797A3E3AF4B23D405CA037139D05D0FFFBE
072B001D7FDCB00B166EE67FDDEE8BE382F3BA7FB76113DE6F258CAC2DEDFF3E,HeaderTextAsset,C:\Users\omard\source\repos\RecepcionDocumental\RecepcionDocumental\tools\DocumentAiProbe\experiments\H1D10A\text\072B001D7FDCB00B166EE67FDDEE8BE382F3BA7FB76113DE6F258CAC2DEDFF3E.header.txt,AEAF4B2C74D5BAD05243F891C8D0FF3EAD343756C0FF40F90B3FF9D87B021CDE
0846CFEBEEDC318DCF892BDB073260F2B9D11DE1DBAD19523CC213629641A43C,HeaderTextAsset,C:\Users\omard\source\repos\RecepcionDocumental\RecepcionDocumental\tools\DocumentAiProbe\experiments\H1D10A\text\0846CFEBEEDC318DCF892BDB073260F2B9D11DE1DBAD19523CC213629641A43C.header.txt,9E71F1C29F808CB1FB010853D4D394D952FB5E952432EF5A73EEE4B69837405F
086C3868153984B80A9CF8E533AE3DD3D9A1E3AA0CC74EECF32A469E89112AFD,HeaderTextAsset,C:\Users\omard\source\repos\RecepcionDocumental\RecepcionDocumental\tools\DocumentAiProbe\experiments\H1D10A\text\086C3868153984B80A9CF8E533AE3DD3D9A1E3AA0CC74EECF32A469E89112AFD.header.txt,10B8A41A772DEDEDA8C1E8A51DB5F8756EBEE82B3367954F586C8EBB3769C05D
087EA4366E3106496DA6B0BC81253540CE32BCC41D32F4556B269A17734EA995,HeaderTextAsset,C:\Users\omard\source\repos\RecepcionDocumental\RecepcionDocumental\tools\DocumentAiProbe\experiments\H1D10A\text\087EA4366E3106496DA6B0BC81253540CE32BCC41D32F4556B269A17734EA995.header.txt,CC0665C6AB22ECF0BF787A2C4D480F4B268CA78D60415FCBAB843CEE0E21A18D
08D4415DD3DD5F35A1D0E2243FE7197C8894DC3F408F5C6241D2C12EA5EF3144,HeaderTextAsset,C:\Users\omard\source\repos\RecepcionDocumental\RecepcionDocumental\tools\DocumentAiProbe\experiments\H1D10A\text\08D4415DD3DD5F35A1D0E2243FE7197C8894DC3F408F5C6241D2C12EA5EF3144.header.txt,85DCFE2EDCC5CFD629AFEB3175761C831F213E1BBBC9836410E733AF4CEAD97C
08EEB31E5FEA01CB1869C83A1C0AC14004D08320B9D98369B045EAFB33798242,HeaderTextAsset,C:\Users\omard\source\repos\RecepcionDocumental\RecepcionDocumental\tools\DocumentAiProbe\experiments\H1D10A\text\08EEB31E5FEA01CB1869C83A1C0AC14004D08320B9D98369B045EAFB33798242.header.txt,ABADCE660338BAF1B0D614CDB88C7FC1E33F4AB204E7B37033C0C34CDFD7DAA3
092FC946D76F08809B4F70D8392FAD226E023A06ADE2E2D83DB28C2843BED2F2,HeaderTextAsset,C:\Users\omard\source\repos\RecepcionDocumental\RecepcionDocumental\tools\DocumentAiProbe\experiments\H1D10A\text\092FC946D76F08809B4F70D8392FAD226E023A06ADE2E2D83DB28C2843BED2F2.header.txt,757D3FBF62E24BEA6FD65FA41520A14D710E0F5ADE40EE43EC30E30B662D81A2
0990D2942702442C2BAFC4B137B74346C4F7BEC3364E39EE95DACE83104DDD74,HeaderTextAsset,C:\Users\omard\source\repos\RecepcionDocumental\RecepcionDocumental\tools\DocumentAiProbe\experiments\H1D10A\text\0990D2942702442C2BAFC4B137B74346C4F7BEC3364E39EE95DACE83104DDD74.header.txt,B09A60B0B06DDDB9DA2A86337E6CC1B96AA245FD0FBBAC4251B2979E368A0BFB
099CD04D4D313E7B125EE36BE7A592FAE24935F39860457A2663B17850A7A024,HeaderTextAsset,C:\Users\omard\source\repos\RecepcionDocumental\RecepcionDocumental\tools\DocumentAiProbe\experiments\H1D10A\text\099CD04D4D313E7B125EE36BE7A592FAE24935F39860457A2663B17850A7A024.header.txt,AF5E68186862D40E51D444C4758FA3C79FDED085F352DECBF1817CC08A84234C
09BA9B13C67BBB69B0C9194C5E68E80D92DE3F0D572EEB90223E1DFDA26B67E7,HeaderTextAsset,C:\Users\omard\source\repos\RecepcionDocumental\RecepcionDocumental\tools\DocumentAiProbe\experiments\H1D10A\text\09BA9B13C67BBB69B0C9194C5E68E80D92DE3F0D572EEB90223E1DFDA26B67E7.header.txt,055C0BD8D7F81F1BBEFABE3DB50F5B229FFD0804B082AF4C4239D74D2EEB7F26
09CB14F715B5C41BB9EF57C4DB54A53397E380B9647D9DF3125089BF05529B3D,HeaderTextAsset,C:\Users\omard\source\repos\RecepcionDocumental\RecepcionDocumental\tools\DocumentAiProbe\experiments\H1D10A\text\09CB14F715B5C41BB9EF57C4DB54A53397E380B9647D9DF3125089BF05529B3D.header.txt,1D7448B040EE13B4943F5F352E48B33CCF892B1DC9242E01DF22858D1423B96F
09EA12AF37DBD01DE88FE904C33AE8D4A1774A3846F51D7C6A5F8C4B38EEC563,HeaderTextAsset,C:\Users\omard\source\repos\RecepcionDocumental\RecepcionDocumental\tools\DocumentAiProbe\experiments\H1D10A\text\09EA12AF37DBD01DE88FE904C33AE8D4A1774A3846F51D7C6A5F8C4B38EEC563.header.txt,8B2CA3CA941D98FE8C75AB481550CCF7C3FE18D2C9C1032F2165DBDF2B64EA28
09F5F33D7AF68E713FCEBDED31CFDA8867C3B5839C983013AC4F4A3B4C64EADA,HeaderTextAsset,C:\Users\omard\source\repos\RecepcionDocumental\RecepcionDocumental\tools\DocumentAiProbe\experiments\H1D10A\text\09F5F33D7AF68E713FCEBDED31CFDA8867C3B5839C983013AC4F4A3B4C64EADA.header.txt,DDA5C972872A399D9CAC285593EE6A46137F8CD1C08392BB3899B5C7F89A1C38
0A0BE06602247C93290462DF94D533A35AAAF17CD8935188A9804FC6F3805C73,HeaderTextAsset,C:\Users\omard\source\repos\RecepcionDocumental\RecepcionDocumental\tools\DocumentAiProbe\experiments\H1D10A\text\0A0BE06602247C93290462DF94D533A35AAAF17CD8935188A9804FC6F3805C73.header.txt,BD0A488D72AD74E792BBFE8405D8B882EC7C16FCE05DCD608D6F414743F50E80
0AB443B8A71B5F8C9B777E07D78DD56EC3BBE75E0256202DD5FADA760E576D9E,HeaderTextAsset,C:\Users\omard\source\repos\RecepcionDocumental\RecepcionDocumental\tools\DocumentAiProbe\experiments\H1D10A\text\0AB443B8A71B5F8C9B777E07D78DD56EC3BBE75E0256202DD5FADA760E576D9E.header.txt,99DB9ED77C6D337133654169B7989467DB0B16F19AA44FC8432644237CF3727F
0AFAE9C55C04A213F0388C634CABAEEA4C9A02686A7B1F8D6CAEF6585DCD3498,HeaderTextAsset,C:\Users\omard\source\repos\RecepcionDocumental\RecepcionDocumental\tools\DocumentAiProbe\experiments\H1D10A\text\0AFAE9C55C04A213F0388C634CABAEEA4C9A02686A7B1F8D6CAEF6585DCD3498.header.txt,8D63947883CCF8FCE2A1D402FAD6A1BEBBAF5B547D4AB055E1F3D9308DE27E5A
0B37339859B57A9C2AC42C87C0DF2B011049680AE88FE16FF6E3274F8C264E20,HeaderTextAsset,C:\Users\omard\source\repos\RecepcionDocumental\RecepcionDocumental\tools\DocumentAiProbe\experiments\H1D10A\text\0B37339859B57A9C2AC42C87C0DF2B011049680AE88FE16FF6E3274F8C264E20.header.txt,8F67965799966F1ED1F952D468864BEAF7322BEDB674248BCD0B0F39F8D98FAA
0BCB4FA93CF649F724DA354451FE75CADFBA4E2BE6B7A32C41D4D5A40B6500B0,HeaderTextAsset,C:\Users\omard\source\repos\RecepcionDocumental\RecepcionDocumental\tools\DocumentAiProbe\experiments\H1D10A\text\0BCB4FA93CF649F724DA354451FE75CADFBA4E2BE6B7A32C41D4D5A40B6500B0.header.txt,C401A83C0A6FDF8687F8704149F90B15D874CBDC0DF79812444854961956CF0E
0BE39898903E624AD3D7957D864B44D6D84B895CE4C0B29042FB99AD5B6A2CFA,HeaderTextAsset,C:\Users\omard\source\repos\RecepcionDocumental\RecepcionDocumental\tools\DocumentAiProbe\experiments\H1D10A\text\0BE39898903E624AD3D7957D864B44D6D84B895CE4C0B29042FB99AD5B6A2CFA.header.txt,BE73F0FC021A14777C3963AC7A689B6B9D6D0B05393C10779CF455383B568E9C
0D03C0C9105F3C3452B28F233E73D2389FECD8D0774EF2113973DCBAD9E3FA31,HeaderTextAsset,C:\Users\omard\source\repos\RecepcionDocumental\RecepcionDocumental\tools\DocumentAiProbe\experiments\H1D10A\text\0D03C0C9105F3C3452B28F233E73D2389FECD8D0774EF2113973DCBAD9E3FA31.header.txt,E7A4E78C3346F65CFA6CBF7D544E33F2134F7EDCCFA0A57F6FF717679D6755F8
0D70848C8EA89E4E7A023B53FAAC0A2C6BE60CA305D26DB1FB3C56B832D88199,HeaderTextAsset,C:\Users\omard\source\repos\RecepcionDocumental\RecepcionDocumental\tools\DocumentAiProbe\experiments\H1D10A\text\0D70848C8EA89E4E7A023B53FAAC0A2C6BE60CA305D26DB1FB3C56B832D88199.header.txt,26EF8850DDFD3FA90E203D8BE4BDBC0A8FAF875199688AD090672BE4B09AE949
0DB5D3275144FC50576194C8BE14F91BC04EF15CB58334D123857D8A15200121,HeaderTextAsset,C:\Users\omard\source\repos\RecepcionDocumental\RecepcionDocumental\tools\DocumentAiProbe\experiments\H1D10A\text\0DB5D3275144FC50576194C8BE14F91BC04EF15CB58334D123857D8A15200121.header.txt,DA22089C9D82583C76059BF074E0192DC36868401E2916FF089F48D0C79D7252
0DBD0D5EFF4F30AACEF8C537FBAE56A22A835E1F94365D0505C57A282B504272,HeaderTextAsset,C:\Users\omard\source\repos\RecepcionDocumental\RecepcionDocumental\tools\DocumentAiProbe\experiments\H1D10A\text\0DBD0D5EFF4F30AACEF8C537FBAE56A22A835E1F94365D0505C57A282B504272.header.txt,360B8624E8BD0A7A40D614AFC22910324C3A7C419A49DD8C9F5AFB220885EAD2
0DDD4740926665B1F2CA1C85C2F251ECBDC8D72EA9155909898B72928455C029,HeaderTextAsset,C:\Users\omard\source\repos\RecepcionDocumental\RecepcionDocumental\tools\DocumentAiProbe\experiments\H1D10A\text\0DDD4740926665B1F2CA1C85C2F251ECBDC8D72EA9155909898B72928455C029.header.txt,1006E529443C432EF4FAEF05414F604EBADF570EDFBC38D7ADE3B191CBDDE462
0DF43C24EE1C884E4D39EA52799AF8AC28734D207C295A02C543F7E84C2C5546,HeaderTextAsset,C:\Users\omard\source\repos\RecepcionDocumental\RecepcionDocumental\tools\DocumentAiProbe\experiments\H1D10A\text\0DF43C24EE1C884E4D39EA52799AF8AC28734D207C295A02C543F7E84C2C5546.header.txt,1EAC2D0095794365768F0CD89AC71A8D9D79A90302BD7D0FD64ECE217531A4AC
0EA83AC8EB655DEA62FEAFEB9AA0E382503A8BAE3EE20782767D39071CB570D8,HeaderTextAsset,C:\Users\omard\source\repos\RecepcionDocumental\RecepcionDocumental\tools\DocumentAiProbe\experiments\H1D10A\text\0EA83AC8EB655DEA62FEAFEB9AA0E382503A8BAE3EE20782767D39071CB570D8.header.txt,CB640A059C632D1890DC6FB9B4E6740B3D5167641C90846B08F9735AFB7CF3DC
0EC7A08B7BBAC6CA90E6285FD8B309A999A6B529D7F2E7589C6DF6C18360817D,HeaderTextAsset,C:\Users\omard\source\repos\RecepcionDocumental\RecepcionDocumental\tools\DocumentAiProbe\experiments\H1D10A\text\0EC7A08B7BBAC6CA90E6285FD8B309A999A6B529D7F2E7589C6DF6C18360817D.header.txt,17861D5756E1713DBC7DD60718ABCC660E7A27C49130FDFB7CDBD439CFAACDAF
0F17FC399AEC8157D02B8E78678720A018C8ABE168EF482D47520D265F142E71,HeaderTextAsset,C:\Users\omard\source\repos\RecepcionDocumental\RecepcionDocumental\tools\DocumentAiProbe\experiments\H1D10A\text\0F17FC399AEC8157D02B8E78678720A018C8ABE168EF482D47520D265F142E71.header.txt,E1EF8E9EB2ACD4F18E9813EDEF80D946E20FB07BDEE6432B4F2218ACA4FD7857
0FE177F6CD750D418803C35068F43884010AD341C152821186CE237C10EB4CA4,HeaderTextAsset,C:\Users\omard\source\repos\RecepcionDocumental\RecepcionDocumental\tools\DocumentAiProbe\experiments\H1D10A\text\0FE177F6CD750D418803C35068F43884010AD341C152821186CE237C10EB4CA4.header.txt,2C534B460211CAD289536F59F5D393879717144101DD9AD1217DF4CD1DECE27A
1015512E6F7CD4C5A4FC33C2AF6C359994ED5197589848BA4C7E5CD9F1F956B6,HeaderTextAsset,C:\Users\omard\source\repos\RecepcionDocumental\RecepcionDocumental\tools\DocumentAiProbe\experiments\H1D10A\text\1015512E6F7CD4C5A4FC33C2AF6C359994ED5197589848BA4C7E5CD9F1F956B6.header.txt,CC92CBFD2D0D3039E4D93010D886BC2AA00C326ADB78CF0C7974F7428CD52850
10191891313269319E0D3C05BAFEE13282C40FD6B8BE77F890B623E757032F66,HeaderTextAsset,C:\Users\omard\source\repos\RecepcionDocumental\RecepcionDocumental\tools\DocumentAiProbe\experiments\H1D10A\text\10191891313269319E0D3C05BAFEE13282C40FD6B8BE77F890B623E757032F66.header.txt,6512F606DA049EB2A2DD63DF7D533F6CC880A7E51EA00E7B1B8B8C14592C1C23
106447D8042022E7A7E537E2F456DA614B64B7F191C70E08B6E6C5335ED5C164,HeaderTextAsset,C:\Users\omard\source\repos\RecepcionDocumental\RecepcionDocumental\tools\DocumentAiProbe\experiments\H1D10A\text\106447D8042022E7A7E537E2F456DA614B64B7F191C70E08B6E6C5335ED5C164.header.txt,5E618D20C6BA00FACB5B1E2291E9620E37C5ED3A958D2A5888CF03D61BFF77F5
1070D74119877C31496D76A77F5B15F0608CB4054729C553008B3AC97A34E774,HeaderTextAsset,C:\Users\omard\source\repos\RecepcionDocumental\RecepcionDocumental\tools\DocumentAiProbe\experiments\H1D10A\text\1070D74119877C31496D76A77F5B15F0608CB4054729C553008B3AC97A34E774.header.txt,7CBD5749D8D763F297A6209EB5E701C6CFCA9D9221017B0151F6EE288301E1F3
10D1AFC979D966B39B92E799719AD44B93945894927B122A3BCE79C3126B9413,HeaderTextAsset,C:\Users\omard\source\repos\RecepcionDocumental\RecepcionDocumental\tools\DocumentAiProbe\experiments\H1D10A\text\10D1AFC979D966B39B92E799719AD44B93945894927B122A3BCE79C3126B9413.header.txt,CAB2BAD4B58D99F53A83E622288E3131BD8C01C8106E7CFC9757A2C2629CF8DD
10E67A94D76020372663F84AB23B4EF053A69FEF47465E0EB3C8E0DDCAABACF9,HeaderTextAsset,C:\Users\omard\source\repos\RecepcionDocumental\RecepcionDocumental\tools\DocumentAiProbe\experiments\H1D10A\text\10E67A94D76020372663F84AB23B4EF053A69FEF47465E0EB3C8E0DDCAABACF9.header.txt,441311E11FD040763E91960D32986EFC2E86C62156E172FB84F25ADC68067877
1145C2EBBA8BCA114C2D4FC9C75D25C49023A274E91AA55BA25D3C6C9FF20DF8,HeaderTextAsset,C:\Users\omard\source\repos\RecepcionDocumental\RecepcionDocumental\tools\DocumentAiProbe\experiments\H1D10A\text\1145C2EBBA8BCA114C2D4FC9C75D25C49023A274E91AA55BA25D3C6C9FF20DF8.header.txt,DD0CDC9E601E63CEE108AA14F0B2AF31A37F4C83B2D3F5EAB68F7336B681EA16
1159CA6B7C557BD08C99E82E1CD56A2CC1FE32763083DA0FF63B4B9B8FC13188,HeaderTextAsset,C:\Users\omard\source\repos\RecepcionDocumental\RecepcionDocumental\tools\DocumentAiProbe\experiments\H1D10A\text\1159CA6B7C557BD08C99E82E1CD56A2CC1FE32763083DA0FF63B4B9B8FC13188.header.txt,1F596072FE07B0A10D095F06C828957B150B01D54C4A411F4C59DCC84422CC7D
11E13B5C2625E4A99DF02BA77E51E0FF80A412F0891560027A439C52B2E2F1DB,HeaderTextAsset,C:\Users\omard\source\repos\RecepcionDocumental\RecepcionDocumental\tools\DocumentAiProbe\experiments\H1D10A\text\11E13B5C2625E4A99DF02BA77E51E0FF80A412F0891560027A439C52B2E2F1DB.header.txt,D612281E75944DC14128797B5B716484101D6E36F928A1040EB36EA912FC7BC7
123AAD179BE2ED44C1896B2F0972BA3A001D1258B084B8A1FE069BC1ACB1FF14,HeaderTextAsset,C:\Users\omard\source\repos\RecepcionDocumental\RecepcionDocumental\tools\DocumentAiProbe\experiments\H1D10A\text\123AAD179BE2ED44C1896B2F0972BA3A001D1258B084B8A1FE069BC1ACB1FF14.header.txt,F86DD8E486A7BC1BA20581319D1ECC6A0CF88C963420F263C0CAD013B13E4564
123DEAB253005D37733D22992D564C0DD27E284E2FE7447FBFB662F5CABB4F78,HeaderTextAsset,C:\Users\omard\source\repos\RecepcionDocumental\RecepcionDocumental\tools\DocumentAiProbe\experiments\H1D10A\text\123DEAB253005D37733D22992D564C0DD27E284E2FE7447FBFB662F5CABB4F78.header.txt,2B9BB4A36CC64978EB5F5A7B96B8480E10E6280C46B03D16EA1B3B3C1DEDDEC3
1263E1D96CCC2DC62B7B63FA6BE11310C0BA2C6C480F0DD97CC90CBE48E713FA,HeaderTextAsset,C:\Users\omard\source\repos\RecepcionDocumental\RecepcionDocumental\tools\DocumentAiProbe\experiments\H1D10A\text\1263E1D96CCC2DC62B7B63FA6BE11310C0BA2C6C480F0DD97CC90CBE48E713FA.header.txt,309B59162CB2E1BCD2EFCD082605BD9B68594CAA52102D7AC9BDF6910AD16967
12A06FB638C41A396A7D0795E2B9EA77B86474B203529001B612EC9895E84BC7,HeaderTextAsset,C:\Users\omard\source\repos\RecepcionDocumental\RecepcionDocumental\tools\DocumentAiProbe\experiments\H1D10A\text\12A06FB638C41A396A7D0795E2B9EA77B86474B203529001B612EC9895E84BC7.header.txt,97B02D06C3B2047560356409099131A11744F0C69BD22B3AE09B150FBCC01BA3
14381C127DC5AC3853B4712213EAB4470DD2A21AEFD09D12626E70E430315305,HeaderTextAsset,C:\Users\omard\source\repos\RecepcionDocumental\RecepcionDocumental\tools\DocumentAiProbe\experiments\H1D10A\text\14381C127DC5AC3853B4712213EAB4470DD2A21AEFD09D12626E70E430315305.header.txt,2B05B23668E99CAC3D7E6FB6F5AC337F3D920E1D066F6815F5D9FD465A768277
14888ABF52C795CD9248EFA6B5AD5883B0C2EDEE3B11EDC68A2B534DF582EA6C,HeaderTextAsset,C:\Users\omard\source\repos\RecepcionDocumental\RecepcionDocumental\tools\DocumentAiProbe\experiments\H1D10A\text\14888ABF52C795CD9248EFA6B5AD5883B0C2EDEE3B11EDC68A2B534DF582EA6C.header.txt,350043E7F769D2E0C70632981EDA2EDE051B4380829241E89E9486B5D0DC2DC7
14A75A878D1C46176EA9AB48865A6D723CE20D76A39D0BAAD77767EAD1EC2DD1,HeaderTextAsset,C:\Users\omard\source\repos\RecepcionDocumental\RecepcionDocumental\tools\DocumentAiProbe\experiments\H1D10A\text\14A75A878D1C46176EA9AB48865A6D723CE20D76A39D0BAAD77767EAD1EC2DD1.header.txt,887F77A9A4BEA3668EBA5740CA392F531BEE13360DAC28444713DA395724017F
15017A95CAE592FF03AC85B9E98A3F558AC8C2B2382DE89708D086F963B8F662,HeaderTextAsset,C:\Users\omard\source\repos\RecepcionDocumental\RecepcionDocumental\tools\DocumentAiProbe\experiments\H1D10A\text\15017A95CAE592FF03AC85B9E98A3F558AC8C2B2382DE89708D086F963B8F662.header.txt,A92953C164D11058DA65D34B8A2F99117F0AED3AE486F67AA5605A4448AFDAF1
152604FDE489F58F0995B33FDBFBEF849D1187861D9A30592C95908147F52349,HeaderTextAsset,C:\Users\omard\source\repos\RecepcionDocumental\RecepcionDocumental\tools\DocumentAiProbe\experiments\H1D10A\text\152604FDE489F58F0995B33FDBFBEF849D1187861D9A30592C95908147F52349.header.txt,CE2A6F50EA20F1C576AA2B15923806800E0C7459189F89EC2CFCBC222C80328D
1559EC92CBDBE55D735EE7ACA8E52AEAD71C1C47C221CF45B68B936B4345C2A2,HeaderTextAsset,C:\Users\omard\source\repos\RecepcionDocumental\RecepcionDocumental\tools\DocumentAiProbe\experiments\H1D10A\text\1559EC92CBDBE55D735EE7ACA8E52AEAD71C1C47C221CF45B68B936B4345C2A2.header.txt,58D668293B5722E9E6C925FC16101B37823EAE33E6488F1382561B89FA28EEB5
158A0B2372339DB5F964827887050C77E088ED0C654782778E7E3DF739CCF278,HeaderTextAsset,C:\Users\omard\source\repos\RecepcionDocumental\RecepcionDocumental\tools\DocumentAiProbe\experiments\H1D10A\text\158A0B2372339DB5F964827887050C77E088ED0C654782778E7E3DF739CCF278.header.txt,CF78DEF170CCFE82B732FD8B7A2FDB3C367E8724C2B4387A616BEE3A4EA8DF28
15926288C19E4044088E6417ACB087ECBBE63143BD28306C232EE3218D138E82,HeaderTextAsset,C:\Users\omard\source\repos\RecepcionDocumental\RecepcionDocumental\tools\DocumentAiProbe\experiments\H1D10A\text\15926288C19E4044088E6417ACB087ECBBE63143BD28306C232EE3218D138E82.header.txt,AC4C537FB54ED3DF3C6188D3428E8E6ED87A6639F61DD66D74614195E6D3F7E9
15969BD380B8D2DC22294AFDC4928DC42B0917483959608C7594E31E510491F3,HeaderTextAsset,C:\Users\omard\source\repos\RecepcionDocumental\RecepcionDocumental\tools\DocumentAiProbe\experiments\H1D10A\text\15969BD380B8D2DC22294AFDC4928DC42B0917483959608C7594E31E510491F3.header.txt,8DD46C23AD74A4FEA4278BF9267ACE0189BA65D70B64B6CC9B5D7D6988122BE4
15EE89386351047AD1C2D3173F2DF4FBDA0DE0D47542662362CCF47AEB41B838,HeaderTextAsset,C:\Users\omard\source\repos\RecepcionDocumental\RecepcionDocumental\tools\DocumentAiProbe\experiments\H1D10A\text\15EE89386351047AD1C2D3173F2DF4FBDA0DE0D47542662362CCF47AEB41B838.header.txt,25F8A7C1CB2470BF83BCE5F2630D0571C89833D3A0919D660A5647A44A860DE6
160507D36E36A41452843EB5116EBE6860289D267FB2CEE2F49609A29C7BB91E,HeaderTextAsset,C:\Users\omard\source\repos\RecepcionDocumental\RecepcionDocumental\tools\DocumentAiProbe\experiments\H1D10A\text\160507D36E36A41452843EB5116EBE6860289D267FB2CEE2F49609A29C7BB91E.header.txt,B7BE7056AFF6C6A186A084AEAA0E0A46489C5CE4E2CFE38D8A00294FB848AB77
166589FEDAA33D952D81A337E8B61F2BA518F0302A237C96E8E96DDD61F7A5B1,HeaderTextAsset,C:\Users\omard\source\repos\RecepcionDocumental\RecepcionDocumental\tools\DocumentAiProbe\experiments\H1D10A\text\166589FEDAA33D952D81A337E8B61F2BA518F0302A237C96E8E96DDD61F7A5B1.header.txt,2565BA7B92B8E48FE16E82E8BD9B24981655ECF201541C3FF87C373B85E4E976
167929F9016E97C2CCFE59A2730534C5CD51282608A17A4EF1F23FA5F94104D9,HeaderTextAsset,C:\Users\omard\source\repos\RecepcionDocumental\RecepcionDocumental\tools\DocumentAiProbe\experiments\H1D10A\text\167929F9016E97C2CCFE59A2730534C5CD51282608A17A4EF1F23FA5F94104D9.header.txt,3F1A581937993611D0E31A8A71E8170405F95936C838B0261664A417B4720D5F
167AC28EE4C9F156D7A730F3269118C5AD78B7F582E3FFC178BCB3FDB0A11DF7,HeaderTextAsset,C:\Users\omard\source\repos\RecepcionDocumental\RecepcionDocumental\tools\DocumentAiProbe\experiments\H1D10A\text\167AC28EE4C9F156D7A730F3269118C5AD78B7F582E3FFC178BCB3FDB0A11DF7.header.txt,424606876728A51AFB1342F5230C029F5FB39576FC10BE4D3E2CE4FFCEA1E38E
168F8794C73214044C9A1C4597C96BD6D0C4199CC641416C3C64F8BF37098C0F,HeaderTextAsset,C:\Users\omard\source\repos\RecepcionDocumental\RecepcionDocumental\tools\DocumentAiProbe\experiments\H1D10A\text\168F8794C73214044C9A1C4597C96BD6D0C4199CC641416C3C64F8BF37098C0F.header.txt,C02DA23C7F73516CADFF5D5CDBD54A8289058AC698D1B552924F439BC505FB69
169353E3142E56941120B753DAE9B0E5A3527AE78A7B064582040B1D7E98FB61,HeaderTextAsset,C:\Users\omard\source\repos\RecepcionDocumental\RecepcionDocumental\tools\DocumentAiProbe\experiments\H1D10A\text\169353E3142E56941120B753DAE9B0E5A3527AE78A7B064582040B1D7E98FB61.header.txt,3741CE67E94EA18B010B6B688C39DDF33384516F06FAF98F2950F5344586319D
16D63A67B2329B876A7EB150497C22D00A7FC6CA3C3D9F3D21BDEACB8FC493A8,HeaderTextAsset,C:\Users\omard\source\repos\RecepcionDocumental\RecepcionDocumental\tools\DocumentAiProbe\experiments\H1D10A\text\16D63A67B2329B876A7EB150497C22D00A7FC6CA3C3D9F3D21BDEACB8FC493A8.header.txt,6BF6712D2330557A1421C3B9C0270BAAD8CB0DB5FA0850A98FDBF06C2462FC77
16E375C7BFC7DEA12A79C7383665C85A3E059F7F5A69AF0C52D3D4ACC27A9341,HeaderTextAsset,C:\Users\omard\source\repos\RecepcionDocumental\RecepcionDocumental\tools\DocumentAiProbe\experiments\H1D10A\text\16E375C7BFC7DEA12A79C7383665C85A3E059F7F5A69AF0C52D3D4ACC27A9341.header.txt,71874B3A43C485E8A5E35FC75F095A5F69C728CB632967F03E3A320C201863F8
1755304EBD124B8B4E1309831FBEB3F6EE40934A39AC4CCF8C158A506F931EF1,HeaderTextAsset,C:\Users\omard\source\repos\RecepcionDocumental\RecepcionDocumental\tools\DocumentAiProbe\experiments\H1D10A\text\1755304EBD124B8B4E1309831FBEB3F6EE40934A39AC4CCF8C158A506F931EF1.header.txt,70427BF9FC4DA145D544C026C75DD1DC544B02963CA4A82E32AD9FE5A76F0F4C
17645D40FA69A6828FBC913F3B3EAD8309B9DE2BA50E47598747209A0F923A62,HeaderTextAsset,C:\Users\omard\source\repos\RecepcionDocumental\RecepcionDocumental\tools\DocumentAiProbe\experiments\H1D10A\text\17645D40FA69A6828FBC913F3B3EAD8309B9DE2BA50E47598747209A0F923A62.header.txt,0FA50968552BAFB9498C114012C54A0EF7C08A73521A6B497D60ABAA177CEEEB
1774A5264220F2FF45E5BC66ABA462BACACE62D7E6CC8D8B4C325FF2953FA33C,HeaderTextAsset,C:\Users\omard\source\repos\RecepcionDocumental\RecepcionDocumental\tools\DocumentAiProbe\experiments\H1D10A\text\1774A5264220F2FF45E5BC66ABA462BACACE62D7E6CC8D8B4C325FF2953FA33C.header.txt,37FEEB9A2E747D72D553FE1F24CCBCC42FD7886BB60734F72DB5E148C3A1113E
17E9AF6EB6B495BA29E56681857C9970D33D990CDB10C0387FE85C781AC7E0E2,HeaderTextAsset,C:\Users\omard\source\repos\RecepcionDocumental\RecepcionDocumental\tools\DocumentAiProbe\experiments\H1D10A\text\17E9AF6EB6B495BA29E56681857C9970D33D990CDB10C0387FE85C781AC7E0E2.header.txt,5D575BFE2F3953E29108E1C48329459ABA0B093BAA121B8297F9C3E017D8AB29
17F70ACA0C08EBBB8F9BDC9AB4A180DF161AB6F073AA8057FC19989E0080C69F,HeaderTextAsset,C:\Users\omard\source\repos\RecepcionDocumental\RecepcionDocumental\tools\DocumentAiProbe\experiments\H1D10A\text\17F70ACA0C08EBBB8F9BDC9AB4A180DF161AB6F073AA8057FC19989E0080C69F.header.txt,75D43B8ABB29CA6F7158897388DC50589DCDB6A827605A58FBADF16C5DD38A38
180A072CF185D173A359A133EF852156206CE288B38F895772950BE3A2822433,HeaderTextAsset,C:\Users\omard\source\repos\RecepcionDocumental\RecepcionDocumental\tools\DocumentAiProbe\experiments\H1D10A\text\180A072CF185D173A359A133EF852156206CE288B38F895772950BE3A2822433.header.txt,DEC0E2D384CEB4FAC0EBC255A84AA350C5A6DC2E92D276D306FC965DAE07BCE4
1820FA6D0B1A53B7BC306CA2011505E75CD8FE8D39AEA06A5730CCE9E46FFB2A,HeaderTextAsset,C:\Users\omard\source\repos\RecepcionDocumental\RecepcionDocumental\tools\DocumentAiProbe\experiments\H1D10A\text\1820FA6D0B1A53B7BC306CA2011505E75CD8FE8D39AEA06A5730CCE9E46FFB2A.header.txt,A078DCDCE0442A3578422A79BD7132DD545C050570CE471AA3782E5319D30157
18328B3DA1884B52C6326DF5F1BC3410181A90AC55A53F56FD8C6784C1210128,HeaderTextAsset,C:\Users\omard\source\repos\RecepcionDocumental\RecepcionDocumental\tools\DocumentAiProbe\experiments\H1D10A\text\18328B3DA1884B52C6326DF5F1BC3410181A90AC55A53F56FD8C6784C1210128.header.txt,614C0F70D4671AB7A2DAB354DEDEE41F2B1C8ECC0C4991C14B94AB3295B0308C
1838C5E4581C360065CA938F288AFE4710F33C0DFF2B9D832801704DAD65E410,HeaderTextAsset,C:\Users\omard\source\repos\RecepcionDocumental\RecepcionDocumental\tools\DocumentAiProbe\experiments\H1D10A\text\1838C5E4581C360065CA938F288AFE4710F33C0DFF2B9D832801704DAD65E410.header.txt,E51CA91DC58787B1E04B2B3AA244AC568B58AD79AF38F339A5177A1EFFFEE142
183FAE302DC2004BF0E2C13EDF85A8E9D75E168D01D7313E31DA45794CE0428D,HeaderTextAsset,C:\Users\omard\source\repos\RecepcionDocumental\RecepcionDocumental\tools\DocumentAiProbe\experiments\H1D10A\text\183FAE302DC2004BF0E2C13EDF85A8E9D75E168D01D7313E31DA45794CE0428D.header.txt,A91FE535C88DB879237091AD1FA141304DBC72A9108020E557B3C242B3ACB2FD
18662EDEE4B4C711C1906E7CE4BE366A758A1188B97E161AF48336D6A3DBAE48,HeaderTextAsset,C:\Users\omard\source\repos\RecepcionDocumental\RecepcionDocumental\tools\DocumentAiProbe\experiments\H1D10A\text\18662EDEE4B4C711C1906E7CE4BE366A758A1188B97E161AF48336D6A3DBAE48.header.txt,4340DA0646D88E8A6B9F35EA2280D0E2BE844475D59E43835A5954E11D84B1B8
1879A4B5E7DA36E01B0F9CAF23754C27B06EA092E21F7A347CF60B15776875ED,HeaderTextAsset,C:\Users\omard\source\repos\RecepcionDocumental\RecepcionDocumental\tools\DocumentAiProbe\experiments\H1D10A\text\1879A4B5E7DA36E01B0F9CAF23754C27B06EA092E21F7A347CF60B15776875ED.header.txt,6CDE7D8DFC4CB92DCDC50C0E5A5C06B70F9C487C70A07102795EADB1F1F11342
18A2915116E554779056513F6E5C546608D7AE4ABBD5651F3A29EB14355EF1F7,HeaderTextAsset,C:\Users\omard\source\repos\RecepcionDocumental\RecepcionDocumental\tools\DocumentAiProbe\experiments\H1D10A\text\18A2915116E554779056513F6E5C546608D7AE4ABBD5651F3A29EB14355EF1F7.header.txt,2BE1553C223116D37831C3CB15DD3E17A88612640BA407AABF5C594A018A1E92
18F720B96A147A5AB163A7A9CF2973DD63B5BF1945AE004DF51831A085DBD07A,HeaderTextAsset,C:\Users\omard\source\repos\RecepcionDocumental\RecepcionDocumental\tools\DocumentAiProbe\experiments\H1D10A\text\18F720B96A147A5AB163A7A9CF2973DD63B5BF1945AE004DF51831A085DBD07A.header.txt,C5BF6BFB7C25D9FE8C8EE8331B94F2A443CA22C2CFA59139DC5BF6226504138F
194F2DA87B4471D4F618FDAFBE7C074F5DB1BC27D67350BC9E865BDBEDECF437,HeaderTextAsset,C:\Users\omard\source\repos\RecepcionDocumental\RecepcionDocumental\tools\DocumentAiProbe\experiments\H1D10A\text\194F2DA87B4471D4F618FDAFBE7C074F5DB1BC27D67350BC9E865BDBEDECF437.header.txt,63C6346481695430E4CEFAC839F4D47E1C71EC7B0872D858BFD32975AC4F8ADA
19E19AD1C279BECEB59406F9DEE7DA0FB14F0747F234EF55898B99CAD0866281,HeaderTextAsset,C:\Users\omard\source\repos\RecepcionDocumental\RecepcionDocumental\tools\DocumentAiProbe\experiments\H1D10A\text\19E19AD1C279BECEB59406F9DEE7DA0FB14F0747F234EF55898B99CAD0866281.header.txt,181D3FA152DAC0A4BED15016DF93D2F7545B3B4808BDE8BA630687A60C8A7755
1A336FF617D5A0C3A526B99A96FBAFD04444DB1284DF057F7A0963EF0F477489,HeaderTextAsset,C:\Users\omard\source\repos\RecepcionDocumental\RecepcionDocumental\tools\DocumentAiProbe\experiments\H1D10A\text\1A336FF617D5A0C3A526B99A96FBAFD04444DB1284DF057F7A0963EF0F477489.header.txt,EFED2CD7593080085A950A125B3834A7EA3C6F4414E63545B22CBD1EF95CEFF6
1A36A3CBE7FCC2D88B622D11158D47FC31F218354BA5CAD55E5F076338CD7FD6,HeaderTextAsset,C:\Users\omard\source\repos\RecepcionDocumental\RecepcionDocumental\tools\DocumentAiProbe\experiments\H1D10A\text\1A36A3CBE7FCC2D88B622D11158D47FC31F218354BA5CAD55E5F076338CD7FD6.header.txt,0FF4B15AAE623B8145CB2723E302117071762F005A855C2B4548AD8081684864
1A4F808049D1A37F4E6AB760DD7135F61503613DEB13BADD69E536FEA2FC6B9F,HeaderTextAsset,C:\Users\omard\source\repos\RecepcionDocumental\RecepcionDocumental\tools\DocumentAiProbe\experiments\H1D10A\text\1A4F808049D1A37F4E6AB760DD7135F61503613DEB13BADD69E536FEA2FC6B9F.header.txt,E166C1E51321099D600D3685061BD1E9EA515D7A0EF85D20F973A27A71684CA6
1AE4FB903432A3B60DB3450D9487FFB226463AF51EC1BEC47448AC3F3C7B894F,HeaderTextAsset,C:\Users\omard\source\repos\RecepcionDocumental\RecepcionDocumental\tools\DocumentAiProbe\experiments\H1D10A\text\1AE4FB903432A3B60DB3450D9487FFB226463AF51EC1BEC47448AC3F3C7B894F.header.txt,3D292D772E05C3A2DB6A6AB9321FE8FF23F40447E9726CC1685996E113498C89
1AFE7750B1E03B7B6216CE4DD3DD72A572DD1127B8545E28AFE90DDD2CDC0579,HeaderTextAsset,C:\Users\omard\source\repos\RecepcionDocumental\RecepcionDocumental\tools\DocumentAiProbe\experiments\H1D10A\text\1AFE7750B1E03B7B6216CE4DD3DD72A572DD1127B8545E28AFE90DDD2CDC0579.header.txt,E422E8AD0DFA8A40DC1176BD4D2AE4785C37E31DC6DF81627D4B73F1F6CFB5D7
1C046CF254BA1E8E323C11493B60FE53712CC1B84EFF61DE83864A7D0C4355D1,HeaderTextAsset,C:\Users\omard\source\repos\RecepcionDocumental\RecepcionDocumental\tools\DocumentAiProbe\experiments\H1D10A\text\1C046CF254BA1E8E323C11493B60FE53712CC1B84EFF61DE83864A7D0C4355D1.header.txt,4B7A5DE5AC7DC71130ABE45BCCEF4C569DAA8640EC2C0B46AD1E67364F03A1D7
1C2730D7EA45CB80447C59154F701641B68B2CE8C31909BCBDA0D31555D6AF2D,HeaderTextAsset,C:\Users\omard\source\repos\RecepcionDocumental\RecepcionDocumental\tools\DocumentAiProbe\experiments\H1D10A\text\1C2730D7EA45CB80447C59154F701641B68B2CE8C31909BCBDA0D31555D6AF2D.header.txt,3013A9AFF4A93403E347FF3CA4A953F18AF68095A99A838A01E1B1D6E7948F9E
1C4CB37EA5BD22F3F1F6316807DB3DCFA62F5E64CC4D63DE1B43A9ECB5F78C30,HeaderTextAsset,C:\Users\omard\source\repos\RecepcionDocumental\RecepcionDocumental\tools\DocumentAiProbe\experiments\H1D10A\text\1C4CB37EA5BD22F3F1F6316807DB3DCFA62F5E64CC4D63DE1B43A9ECB5F78C30.header.txt,2818AB3E1ECE5CD52ED0DEB24259722EA777CDEA8347069AB11C3634301C0103
1C4DB25AAC0A169B26D121DF0992AB546E8D487A74FD1E45FDEF3490F3708601,HeaderTextAsset,C:\Users\omard\source\repos\RecepcionDocumental\RecepcionDocumental\tools\DocumentAiProbe\experiments\H1D10A\text\1C4DB25AAC0A169B26D121DF0992AB546E8D487A74FD1E45FDEF3490F3708601.header.txt,2939B53C2C540EC0B4E32C1AEFF37D03AD39277A8D30365288429C9D78AE8EDA
1C8A8808678EDA0EE2B05BB8A61144E4290EE9E18251346BBD2683F09C7D888B,HeaderTextAsset,C:\Users\omard\source\repos\RecepcionDocumental\RecepcionDocumental\tools\DocumentAiProbe\experiments\H1D10A\text\1C8A8808678EDA0EE2B05BB8A61144E4290EE9E18251346BBD2683F09C7D888B.header.txt,60E2034BF35860623A0B351734D81037E976A28F6A0ABC65778B91C572176D6A
1DA9864804DCE41CA146730F9EB0523D3ADD3030E9014CAA057097A2EA07C711,HeaderTextAsset,C:\Users\omard\source\repos\RecepcionDocumental\RecepcionDocumental\tools\DocumentAiProbe\experiments\H1D10A\text\1DA9864804DCE41CA146730F9EB0523D3ADD3030E9014CAA057097A2EA07C711.header.txt,89624BBE32947684C267726AC2ACE42A62BF1000541710768F32FD2E691DC800
1DBAC85FD76DFB51E641F429E17BBA22563A0F38D8362D27B66EB5322644AAE6,HeaderTextAsset,C:\Users\omard\source\repos\RecepcionDocumental\RecepcionDocumental\tools\DocumentAiProbe\experiments\H1D10A\text\1DBAC85FD76DFB51E641F429E17BBA22563A0F38D8362D27B66EB5322644AAE6.header.txt,1F456F4347A5723B4B11D3A9E0A63C14C7EF1E9798467179D74EBFDEB97F4FB5
1DC499A08B5A4C8EB40237A78633ACD98DF16FB8437876D106B4265CC4451588,HeaderTextAsset,C:\Users\omard\source\repos\RecepcionDocumental\RecepcionDocumental\tools\DocumentAiProbe\experiments\H1D10A\text\1DC499A08B5A4C8EB40237A78633ACD98DF16FB8437876D106B4265CC4451588.header.txt,C732A053A0A107D5FED3E349504BB5AD9CB127BF3A669D4A499F64ADE72896A8
1DE3D57C29CD74BE3B52809E07F5687161ED4F785B56045F8B4F677FDFD93DDA,HeaderTextAsset,C:\Users\omard\source\repos\RecepcionDocumental\RecepcionDocumental\tools\DocumentAiProbe\experiments\H1D10A\text\1DE3D57C29CD74BE3B52809E07F5687161ED4F785B56045F8B4F677FDFD93DDA.header.txt,C7C668D94EFB9A19DF7DF64D2F58F942C4A1139594246D7B19FFF03B4ABA40F2
1E017419E073DE02B948D0FF0A3422759D77C393D6A5BC26E76BD8404C0104B5,HeaderTextAsset,C:\Users\omard\source\repos\RecepcionDocumental\RecepcionDocumental\tools\DocumentAiProbe\experiments\H1D10A\text\1E017419E073DE02B948D0FF0A3422759D77C393D6A5BC26E76BD8404C0104B5.header.txt,2C02ED9C2241AFA942C55CFEB362BC93171CA75A708E91C7DE790EDD5354AC4D
1E9F93E9439263AB091E1FCFA2C61AE17A3F0F1AA79A93DF4A5306624A24BEBC,HeaderTextAsset,C:\Users\omard\source\repos\RecepcionDocumental\RecepcionDocumental\tools\DocumentAiProbe\experiments\H1D10A\text\1E9F93E9439263AB091E1FCFA2C61AE17A3F0F1AA79A93DF4A5306624A24BEBC.header.txt,894486BFB15EE2AC63B82CF4297EB397EA73B804396BB35AD0E1FE9C5953534C
1ED366B383A3896CFEB2405CE4CAC87D9D060DC3080F784F47BED59A1054A232,HeaderTextAsset,C:\Users\omard\source\repos\RecepcionDocumental\RecepcionDocumental\tools\DocumentAiProbe\experiments\H1D10A\text\1ED366B383A3896CFEB2405CE4CAC87D9D060DC3080F784F47BED59A1054A232.header.txt,B8D6B40F9AFAC5E002F540109504AB882E37C1120A40DA03760469DDCC38B3B3
1F174E86620ADDAB1691ADA0E9A283270D292E6AED4C4B923DDAFE19769D07EB,HeaderTextAsset,C:\Users\omard\source\repos\RecepcionDocumental\RecepcionDocumental\tools\DocumentAiProbe\experiments\H1D10A\text\1F174E86620ADDAB1691ADA0E9A283270D292E6AED4C4B923DDAFE19769D07EB.header.txt,B8D46E115686AB90D965DC49D9A903C01B1EA166681DB1C91842E6539678E79F
1F6BE1B36C93128E6A23A08F969662219FCDD157D6A9C688764E6E854930C6F1,HeaderTextAsset,C:\Users\omard\source\repos\RecepcionDocumental\RecepcionDocumental\tools\DocumentAiProbe\experiments\H1D10A\text\1F6BE1B36C93128E6A23A08F969662219FCDD157D6A9C688764E6E854930C6F1.header.txt,B064284E1F5AE2D0006B31AB375F9770BEA047A02AC340FF57E48C4A2D2C5B2F
1F74158A70E303CD4219E3F0A4C0F0EE744292D6CD4C7585ECB69924A9CF7E6A,HeaderTextAsset,C:\Users\omard\source\repos\RecepcionDocumental\RecepcionDocumental\tools\DocumentAiProbe\experiments\H1D10A\text\1F74158A70E303CD4219E3F0A4C0F0EE744292D6CD4C7585ECB69924A9CF7E6A.header.txt,8449C4E0EA7C8D11FD7EF8EB619666215A66B8307382593AB97CA74536E2F1AA
1F8ED7AFA5B9414E174104C2C5ADF13AF964A27329A26B561987EB073FC3BC7C,HeaderTextAsset,C:\Users\omard\source\repos\RecepcionDocumental\RecepcionDocumental\tools\DocumentAiProbe\experiments\H1D10A\text\1F8ED7AFA5B9414E174104C2C5ADF13AF964A27329A26B561987EB073FC3BC7C.header.txt,EAE829B6FB414D0CFA7FAA6964E9D29F4245039CE92BF5007837CD7673C67A5D
1FA268A606D2E0D0B5DB2C3EB7C264ABB81A4FF68EA607482BCE2826A3488D9F,HeaderTextAsset,C:\Users\omard\source\repos\RecepcionDocumental\RecepcionDocumental\tools\DocumentAiProbe\experiments\H1D10A\text\1FA268A606D2E0D0B5DB2C3EB7C264ABB81A4FF68EA607482BCE2826A3488D9F.header.txt,52FF418DDF658891F1B8ECA9900B363980AFFD1D35BE2888175685813D4F8A8C
1FE5EE8327E145829C17BEDC6ED8E4BE89C6EF299984C6A454FC15B2245B7981,HeaderTextAsset,C:\Users\omard\source\repos\RecepcionDocumental\RecepcionDocumental\tools\DocumentAiProbe\experiments\H1D10A\text\1FE5EE8327E145829C17BEDC6ED8E4BE89C6EF299984C6A454FC15B2245B7981.header.txt,279C939B6FC5379E63BB084EB51E8C9F27FF3B5D0AE8C1A27D242EF411001D72
201C2EF248B3E04F47F214E95A8360183B42A01E5B635FEAA9E07529A8C328CD,HeaderTextAsset,C:\Users\omard\source\repos\RecepcionDocumental\RecepcionDocumental\tools\DocumentAiProbe\experiments\H1D10A\text\201C2EF248B3E04F47F214E95A8360183B42A01E5B635FEAA9E07529A8C328CD.header.txt,0D6FC738F770B60D5B43B0A91B45664731F17F1AC90EC06EA3A3661CA6409470
21260D1DEB9F5FC490513022E1FD91F7B583EE94863480B42371917D5BADB457,HeaderTextAsset,C:\Users\omard\source\repos\RecepcionDocumental\RecepcionDocumental\tools\DocumentAiProbe\experiments\H1D10A\text\21260D1DEB9F5FC490513022E1FD91F7B583EE94863480B42371917D5BADB457.header.txt,61C4876A6CB1861E1B97E292FD4FB3DA6369DF8406E409A83BE25CE8C70C6EB5
21424818179A111E4F71916FCD9A48976FE5ED7F1432854A6F2347653C38D8BE,HeaderTextAsset,C:\Users\omard\source\repos\RecepcionDocumental\RecepcionDocumental\tools\DocumentAiProbe\experiments\H1D10A\text\21424818179A111E4F71916FCD9A48976FE5ED7F1432854A6F2347653C38D8BE.header.txt,7EF996982C2397C621CF1BA6F9AE3B429F28AE45FCDF16B7EB3271388E8B85F8
21438B9765F499855432F21148F956C714AAA9C79EDA7413564EEE9455850671,HeaderTextAsset,C:\Users\omard\source\repos\RecepcionDocumental\RecepcionDocumental\tools\DocumentAiProbe\experiments\H1D10A\text\21438B9765F499855432F21148F956C714AAA9C79EDA7413564EEE9455850671.header.txt,C2C210829C984F19555CB8512EED3E65EA7BDCA8585DA14157189E65A700F5A2
2154FD617AF13243DB7B586CCBA7EF469689877C9BAA53B0F84ED403E793BC99,HeaderTextAsset,C:\Users\omard\source\repos\RecepcionDocumental\RecepcionDocumental\tools\DocumentAiProbe\experiments\H1D10A\text\2154FD617AF13243DB7B586CCBA7EF469689877C9BAA53B0F84ED403E793BC99.header.txt,27001FE1661D2C94284FDC8D20E8B3A9DB87160825990B0F61FDCB6CB7F0D246
21A743EACDBE34D280CB667E66C018F678D52E114A99BD11D529122144C44BA4,HeaderTextAsset,C:\Users\omard\source\repos\RecepcionDocumental\RecepcionDocumental\tools\DocumentAiProbe\experiments\H1D10A\text\21A743EACDBE34D280CB667E66C018F678D52E114A99BD11D529122144C44BA4.header.txt,A745EC806947C1DDC435CEC320031BE4037C7CC98DEEB3C35064D0B84A695C9C
21FA95E0441B94EC1CA8C6B2756C6170EA9D9D18C5A192D2619FDAD6992514CB,HeaderTextAsset,C:\Users\omard\source\repos\RecepcionDocumental\RecepcionDocumental\tools\DocumentAiProbe\experiments\H1D10A\text\21FA95E0441B94EC1CA8C6B2756C6170EA9D9D18C5A192D2619FDAD6992514CB.header.txt,9DDBCE2B9FD57EB53CB641C0F3F6FEFE6378CFEDE1381A3B9516570CFD141FAE
220DD10F950D9C9E128FED4EC3B946CF309DBADDC624CC54ABD925F59E1A81BC,HeaderTextAsset,C:\Users\omard\source\repos\RecepcionDocumental\RecepcionDocumental\tools\DocumentAiProbe\experiments\H1D10A\text\220DD10F950D9C9E128FED4EC3B946CF309DBADDC624CC54ABD925F59E1A81BC.header.txt,8E79B9CBBABD6C0FE50AE9353C2BEA7F11EF907A38B294F18CCA8E28818D3AC6
225886580C85D6E9291E33F31E663C265C372BE9B6DFF5D4C18D41160FBBE122,HeaderTextAsset,C:\Users\omard\source\repos\RecepcionDocumental\RecepcionDocumental\tools\DocumentAiProbe\experiments\H1D10A\text\225886580C85D6E9291E33F31E663C265C372BE9B6DFF5D4C18D41160FBBE122.header.txt,7040C8A55B969BEA986A3A98222A509D1B5D5A0AC8896ADB82B628C3AC72C062
22672F8A78F1673F9C86E8AF6C0F74C68CE69F6A47D30B59631ADDF0538252D0,HeaderTextAsset,C:\Users\omard\source\repos\RecepcionDocumental\RecepcionDocumental\tools\DocumentAiProbe\experiments\H1D10A\text\22672F8A78F1673F9C86E8AF6C0F74C68CE69F6A47D30B59631ADDF0538252D0.header.txt,6491426B04FC8EEDF5EA0F62CD375B3C5420BA3A7A428EC672BBCDF427105B26
22E69D2F00D6232ED552D42A07BCBA93D825967D3875DEEF8648F80EBE48E36E,HeaderTextAsset,C:\Users\omard\source\repos\RecepcionDocumental\RecepcionDocumental\tools\DocumentAiProbe\experiments\H1D10A\text\22E69D2F00D6232ED552D42A07BCBA93D825967D3875DEEF8648F80EBE48E36E.header.txt,AC51F0EF9C1EEF6BA97343DB86E80187BFEB647F86BB065D1D96DB01D60827A2
2359686156391AC697F0FACF0BC28C4A3B58BF780D9DF464022B6629A5418D41,HeaderTextAsset,C:\Users\omard\source\repos\RecepcionDocumental\RecepcionDocumental\tools\DocumentAiProbe\experiments\H1D10A\text\2359686156391AC697F0FACF0BC28C4A3B58BF780D9DF464022B6629A5418D41.header.txt,E59EE988846FDAE6E1C1B2ABEBE1EC702EFD3C34052AC8F27D33F4BF6ACF7150
24508D57D9D2FE1CF19E71BF862D1C297C3B233C58E91B1FBCA2A8AB5AA2867E,HeaderTextAsset,C:\Users\omard\source\repos\RecepcionDocumental\RecepcionDocumental\tools\DocumentAiProbe\experiments\H1D10A\text\24508D57D9D2FE1CF19E71BF862D1C297C3B233C58E91B1FBCA2A8AB5AA2867E.header.txt,EFFAB7E4BA553EEC455FFA51FC3376EFEE922A31325000D4ACA18BEFCBBE40ED
2537FDF817D544D0E6993F9039C282B601828BF4030072FE60AA952C6CEBC923,HeaderTextAsset,C:\Users\omard\source\repos\RecepcionDocumental\RecepcionDocumental\tools\DocumentAiProbe\experiments\H1D10A\text\2537FDF817D544D0E6993F9039C282B601828BF4030072FE60AA952C6CEBC923.header.txt,13C1C3EA8B214F3B6CD3818BEB2FA9883894E32D211005DDFB6B4695AD596BB6
25906BA449000FDC416BE77ADE177F67876EE90F96C8DA7EAF7532B3DE978549,HeaderTextAsset,C:\Users\omard\source\repos\RecepcionDocumental\RecepcionDocumental\tools\DocumentAiProbe\experiments\H1D10A\text\25906BA449000FDC416BE77ADE177F67876EE90F96C8DA7EAF7532B3DE978549.header.txt,31F6A1DC600C88AF5DD1025A1FFD1D4A41749A3A709550B20AB3E8A4CA1387FB
2605B5CBE1D16F569A4744664A6098F9F1A9ADF3328747D2D99F36E44E6407EE,HeaderTextAsset,C:\Users\omard\source\repos\RecepcionDocumental\RecepcionDocumental\tools\DocumentAiProbe\experiments\H1D10A\text\2605B5CBE1D16F569A4744664A6098F9F1A9ADF3328747D2D99F36E44E6407EE.header.txt,DA84B3DD3AB49CF31F6D615F69F3B1B0597892C9B96B52D523354F5E6B9F1A40
263D415F6C5CCB5E35FCFF9F2EF41B20D3D9D37D6BB52D156229BC10E818CD63,HeaderTextAsset,C:\Users\omard\source\repos\RecepcionDocumental\RecepcionDocumental\tools\DocumentAiProbe\experiments\H1D10A\text\263D415F6C5CCB5E35FCFF9F2EF41B20D3D9D37D6BB52D156229BC10E818CD63.header.txt,7D1F8E9EB199EEC00395E12AB64A16E2049B8B294D69773527A72F2F998565F5
263DEF4CEBFD41025BF8C60D814D6D9533131D244D35E3D23C08BBE8917C9BD9,HeaderTextAsset,C:\Users\omard\source\repos\RecepcionDocumental\RecepcionDocumental\tools\DocumentAiProbe\experiments\H1D10A\text\263DEF4CEBFD41025BF8C60D814D6D9533131D244D35E3D23C08BBE8917C9BD9.header.txt,EAB6F3D8966BB2ED250AF969A1D7D41FA277756CACD0C03E6E39CFB5FA541473
268E9CF0A794A2450E7EFF249D3AD2594B21A19EC5462DA31C99A736388B63C2,HeaderTextAsset,C:\Users\omard\source\repos\RecepcionDocumental\RecepcionDocumental\tools\DocumentAiProbe\experiments\H1D10A\text\268E9CF0A794A2450E7EFF249D3AD2594B21A19EC5462DA31C99A736388B63C2.header.txt,CF85F837D10EC54CF39F904998FE216592987D4C43B243943611F129E5918549
26EA4A2318A2CA163F0725B8551C9F4CFE6E45EA6578CACC90BC64C6575AF63B,HeaderTextAsset,C:\Users\omard\source\repos\RecepcionDocumental\RecepcionDocumental\tools\DocumentAiProbe\experiments\H1D10A\text\26EA4A2318A2CA163F0725B8551C9F4CFE6E45EA6578CACC90BC64C6575AF63B.header.txt,ABAD94980A3C1DBFEDDF2101CDCB380816BEF10B6D7F8CEACA526A5DED7BF08F
2734FF67060B9027FEB9BA327ADC516562FB5B1CF2D145050C6130AFE3D80CD5,HeaderTextAsset,C:\Users\omard\source\repos\RecepcionDocumental\RecepcionDocumental\tools\DocumentAiProbe\experiments\H1D10A\text\2734FF67060B9027FEB9BA327ADC516562FB5B1CF2D145050C6130AFE3D80CD5.header.txt,67935789E9BE72A5FCD1B7072B1CBE58316EC25B204DC374575C45E97020709F
2787E009D455BB9349B6DAE6AD30482AE9F045E858EA0D1A1CC922A6E5144B79,HeaderTextAsset,C:\Users\omard\source\repos\RecepcionDocumental\RecepcionDocumental\tools\DocumentAiProbe\experiments\H1D10A\text\2787E009D455BB9349B6DAE6AD30482AE9F045E858EA0D1A1CC922A6E5144B79.header.txt,9BCB3BEE1E7BF7C44142979976A21FB17AED52C302FDB23F246E7579C0B63199
27BC4B18F491209F599B195B0ABC49F006BFC50896F0790871B4164089202C88,HeaderTextAsset,C:\Users\omard\source\repos\RecepcionDocumental\RecepcionDocumental\tools\DocumentAiProbe\experiments\H1D10A\text\27BC4B18F491209F599B195B0ABC49F006BFC50896F0790871B4164089202C88.header.txt,67E6C275457CB74FB6555C8B10DB16A8414E97535B14F31F62A041FBC6215D29
27FF656A5A70E8C1A2AF544748A8FEEB1F9D764E38EE1B20DEFCF5A88675DBB2,HeaderTextAsset,C:\Users\omard\source\repos\RecepcionDocumental\RecepcionDocumental\tools\DocumentAiProbe\experiments\H1D10A\text\27FF656A5A70E8C1A2AF544748A8FEEB1F9D764E38EE1B20DEFCF5A88675DBB2.header.txt,164E936B34C09EBFDC2C6513A6D6F9225773970548171927213960F13DBCEADD
283DD750150A80FD78B56DFD05BD0CF320ED7EE5AFE628DC3A273F00642CECD5,HeaderTextAsset,C:\Users\omard\source\repos\RecepcionDocumental\RecepcionDocumental\tools\DocumentAiProbe\experiments\H1D10A\text\283DD750150A80FD78B56DFD05BD0CF320ED7EE5AFE628DC3A273F00642CECD5.header.txt,5BF39BC5487E28DC71A08D79ECE6AA7EC1F23DEB07B66CB71A2E37B96DB0D09B
28F92D6F8C69A983FC3129BC8443C5E475F94DFB173AF74A3BF5F08D957F5B0D,HeaderTextAsset,C:\Users\omard\source\repos\RecepcionDocumental\RecepcionDocumental\tools\DocumentAiProbe\experiments\H1D10A\text\28F92D6F8C69A983FC3129BC8443C5E475F94DFB173AF74A3BF5F08D957F5B0D.header.txt,DFA01AC5CDF0A98ED7B7D8226DAC5C500C24EE7AC536CE2B0F57697E0D33771D
28FCC8808B0DEE25A850B6F4C5063E17FB94B3CB194917E84422E9F2A8C111A5,HeaderTextAsset,C:\Users\omard\source\repos\RecepcionDocumental\RecepcionDocumental\tools\DocumentAiProbe\experiments\H1D10A\text\28FCC8808B0DEE25A850B6F4C5063E17FB94B3CB194917E84422E9F2A8C111A5.header.txt,EB9C0CD2017873726E05BA3A2A9664BA51D5F8F9E1D305D591AE4B563BB13123
29C2F82AE52AB4771D5C4F02A6C04F9336214832AD7F90907EEA3FC074BA9648,HeaderTextAsset,C:\Users\omard\source\repos\RecepcionDocumental\RecepcionDocumental\tools\DocumentAiProbe\experiments\H1D10A\text\29C2F82AE52AB4771D5C4F02A6C04F9336214832AD7F90907EEA3FC074BA9648.header.txt,01800AB270DB15AFB0A9C9B2CE27C29C02EB42987AEB348BB15493A10EF61CFE
2A31131A45E5376D4DFD42FF9877AC6093EBD62ABF0B6791591EDD8AB1658A7D,HeaderTextAsset,C:\Users\omard\source\repos\RecepcionDocumental\RecepcionDocumental\tools\DocumentAiProbe\experiments\H1D10A\text\2A31131A45E5376D4DFD42FF9877AC6093EBD62ABF0B6791591EDD8AB1658A7D.header.txt,37AEB550C7D2105630C6B76633828572E95ED64B45FD91CCFCAFD8DA9A34590F
2AB39536303132A97CD1C0CC132118D01E08A560594A6E39D2FBAD019CCA88B8,HeaderTextAsset,C:\Users\omard\source\repos\RecepcionDocumental\RecepcionDocumental\tools\DocumentAiProbe\experiments\H1D10A\text\2AB39536303132A97CD1C0CC132118D01E08A560594A6E39D2FBAD019CCA88B8.header.txt,A7DEBA4C914A79CB47AD9431536072568FD3ABF065EFD5647E326FE4AAD8EC9A
2AD909C6F5BC9106E0C189FB9B3FBD110F046A61DAD56FF8DB8A50C7655E2F78,HeaderTextAsset,C:\Users\omard\source\repos\RecepcionDocumental\RecepcionDocumental\tools\DocumentAiProbe\experiments\H1D10A\text\2AD909C6F5BC9106E0C189FB9B3FBD110F046A61DAD56FF8DB8A50C7655E2F78.header.txt,CEBEE1B8695DA108ACD3EE57DB931F887E9D8A918E863F362AB19A7806C33BF7
2B7B4A103183D9CE12C1E4633A50995F03B0E8565D49ED8EFAB97C764BC69FD2,HeaderTextAsset,C:\Users\omard\source\repos\RecepcionDocumental\RecepcionDocumental\tools\DocumentAiProbe\experiments\H1D10A\text\2B7B4A103183D9CE12C1E4633A50995F03B0E8565D49ED8EFAB97C764BC69FD2.header.txt,20F741C3D0A328863F9C6103A36F8C7BF4F6B31D42D74E45896B22CBB31D398E
2CA14FED2FAD395EFD4983F8070DF27AF17788C817D750BBE547E27F9DB493B7,HeaderTextAsset,C:\Users\omard\source\repos\RecepcionDocumental\RecepcionDocumental\tools\DocumentAiProbe\experiments\H1D10A\text\2CA14FED2FAD395EFD4983F8070DF27AF17788C817D750BBE547E27F9DB493B7.header.txt,604C9824A05A4575A8E88B6EB523C769B282CA7A6EC8FD8C06CA943B0900E4F4
2CA999327575D864D33380273D2641121C3430B06EBEB1396C57028AD278AEC0,HeaderTextAsset,C:\Users\omard\source\repos\RecepcionDocumental\RecepcionDocumental\tools\DocumentAiProbe\experiments\H1D10A\text\2CA999327575D864D33380273D2641121C3430B06EBEB1396C57028AD278AEC0.header.txt,EB20996F59A63874241707106684843EB79144F88AAE99567EA936A8244F1FEA
2D43B3648B73EFBB36772933B8ED7CE0CD779C0945E776A136EC6123FA5D5551,HeaderTextAsset,C:\Users\omard\source\repos\RecepcionDocumental\RecepcionDocumental\tools\DocumentAiProbe\experiments\H1D10A\text\2D43B3648B73EFBB36772933B8ED7CE0CD779C0945E776A136EC6123FA5D5551.header.txt,97DDC62F9A07E0C587898A6990E8A40563FCD0790DD1D3953DFC6F47D465F37E
2DE59A9D326B610580C5CD2FD4DB06C2676F42330654893AE8C8450A6D4D4A34,HeaderTextAsset,C:\Users\omard\source\repos\RecepcionDocumental\RecepcionDocumental\tools\DocumentAiProbe\experiments\H1D10A\text\2DE59A9D326B610580C5CD2FD4DB06C2676F42330654893AE8C8450A6D4D4A34.header.txt,7A6825F69D2B0F36F60CC93971D2FDAB1A243DE140CC328A7EE414A023D517FC
2DF94A5C2384FC7A97229E0EE33C8F5F95234472102492A6EE49DCB9C7277EFF,HeaderTextAsset,C:\Users\omard\source\repos\RecepcionDocumental\RecepcionDocumental\tools\DocumentAiProbe\experiments\H1D10A\text\2DF94A5C2384FC7A97229E0EE33C8F5F95234472102492A6EE49DCB9C7277EFF.header.txt,F304EB2D0A500DCE3D0153208A7E49A3DDB86360F41775343FAA0A06A1237C9B
2E23F651392097BF6177E1CBC5D2B43D4B848A229CDD80E9B8413254E95D51D8,HeaderTextAsset,C:\Users\omard\source\repos\RecepcionDocumental\RecepcionDocumental\tools\DocumentAiProbe\experiments\H1D10A\text\2E23F651392097BF6177E1CBC5D2B43D4B848A229CDD80E9B8413254E95D51D8.header.txt,B6BB41DC776EDF84E06167A9618B3389486CA885976E209D5D34F1C5D491386A
2E2889EBA992FF88C5260B76B01933BFBA0AA678BD94B8970181748B220ED2C5,HeaderTextAsset,C:\Users\omard\source\repos\RecepcionDocumental\RecepcionDocumental\tools\DocumentAiProbe\experiments\H1D10A\text\2E2889EBA992FF88C5260B76B01933BFBA0AA678BD94B8970181748B220ED2C5.header.txt,1485D3007365F39E501AB9342F167A770CB04569EE167C94E429B8A28C3B3C10
2EBA9E927332389040BDBA4B0A91EC59DA9560B07AF7CB00BC347FBBD287B237,HeaderTextAsset,C:\Users\omard\source\repos\RecepcionDocumental\RecepcionDocumental\tools\DocumentAiProbe\experiments\H1D10A\text\2EBA9E927332389040BDBA4B0A91EC59DA9560B07AF7CB00BC347FBBD287B237.header.txt,088A99919E554E689499F5E24F97B3CDC63C28DC9B30851F9590121B9F6528C5
2EC76160DBDDCC45143BCA711E6203A7CB1D3F4A5AAED7C76887E33703D671DD,HeaderTextAsset,C:\Users\omard\source\repos\RecepcionDocumental\RecepcionDocumental\tools\DocumentAiProbe\experiments\H1D10A\text\2EC76160DBDDCC45143BCA711E6203A7CB1D3F4A5AAED7C76887E33703D671DD.header.txt,ACB4206FE27828D280E12A16010CE99B39530703D59A33B55EF4930B27CA6620
2F1D5E06F79A2F76079B037BAE6E3568CA2A2D1D4067A73E128B063D1695C71F,HeaderTextAsset,C:\Users\omard\source\repos\RecepcionDocumental\RecepcionDocumental\tools\DocumentAiProbe\experiments\H1D10A\text\2F1D5E06F79A2F76079B037BAE6E3568CA2A2D1D4067A73E128B063D1695C71F.header.txt,5DEF033DCDB18D7A60A3433F6ED9B61EF8FC498C9E5AA7EF83BEB96EC5232BAB
2F28BF7EEF81639D75865B6F87CE66B0AA5E32F6473BF17B64027539D3EC98A4,HeaderTextAsset,C:\Users\omard\source\repos\RecepcionDocumental\RecepcionDocumental\tools\DocumentAiProbe\experiments\H1D10A\text\2F28BF7EEF81639D75865B6F87CE66B0AA5E32F6473BF17B64027539D3EC98A4.header.txt,944B566AEDB5C88C05F0B3AD557349CC8CE8DB3970048AE191D3000366C55CFA
2FCC1BD1A06E86082D591E36E506D1FA40D760EFC1B21FE4C217B4E322C6C14A,HeaderTextAsset,C:\Users\omard\source\repos\RecepcionDocumental\RecepcionDocumental\tools\DocumentAiProbe\experiments\H1D10A\text\2FCC1BD1A06E86082D591E36E506D1FA40D760EFC1B21FE4C217B4E322C6C14A.header.txt,8D9D1456BFC42CB0D394D57FD2E1F44BD436C237B56264DA73FBC710DFB7EA44
3031035EFEF15605525E170DDD8F26344AE93413637DB2E3C70563167DA90FE0,HeaderTextAsset,C:\Users\omard\source\repos\RecepcionDocumental\RecepcionDocumental\tools\DocumentAiProbe\experiments\H1D10A\text\3031035EFEF15605525E170DDD8F26344AE93413637DB2E3C70563167DA90FE0.header.txt,A1C2E540065414ACBB96216B9D9B07F3AA6832DD5AC65D48AEBA959A2EF0C354
305D8D5FCDD8153B4D7860ABD3DA30A0DEEB2A5FE84A9E26D4CD34F6D700C59D,HeaderTextAsset,C:\Users\omard\source\repos\RecepcionDocumental\RecepcionDocumental\tools\DocumentAiProbe\experiments\H1D10A\text\305D8D5FCDD8153B4D7860ABD3DA30A0DEEB2A5FE84A9E26D4CD34F6D700C59D.header.txt,8561840BFFCFE9B8805DE81AFDA03BA6DC32E67792AFFB3B03DB0F2D2639D586
3076FFDD9F418AFDD5B31CC18B36AE05E9490A0F72498EE2BFBCD31D7E64BFA2,HeaderTextAsset,C:\Users\omard\source\repos\RecepcionDocumental\RecepcionDocumental\tools\DocumentAiProbe\experiments\H1D10A\text\3076FFDD9F418AFDD5B31CC18B36AE05E9490A0F72498EE2BFBCD31D7E64BFA2.header.txt,C358939788D580CC45127DE8E38795FA2125C082755E1B00B2F48B2DDDE28F58
3092DDF93D9023B2543787913A5DDCC17FC96A0ED1BF136611598370CF62B700,HeaderTextAsset,C:\Users\omard\source\repos\RecepcionDocumental\RecepcionDocumental\tools\DocumentAiProbe\experiments\H1D10A\text\3092DDF93D9023B2543787913A5DDCC17FC96A0ED1BF136611598370CF62B700.header.txt,2BB7972D9E75F7736210CC38694F83C805B69F85311ABF7C615D0E0029F0A0F6
31371F0EA09BFB13ECAECD39B9C36CF70E4662CB0E31F2ABE26B8E74402003F5,HeaderTextAsset,C:\Users\omard\source\repos\RecepcionDocumental\RecepcionDocumental\tools\DocumentAiProbe\experiments\H1D10A\text\31371F0EA09BFB13ECAECD39B9C36CF70E4662CB0E31F2ABE26B8E74402003F5.header.txt,5F54AD0D34D93D34028969E87C6831E83FB8CF560A2EE8F633E38DF4BC2FADD4
31DE1A416B6D580B5D1165E5D6C5C466715632F4D72D78BC2E8810AB73DE5B28,HeaderTextAsset,C:\Users\omard\source\repos\RecepcionDocumental\RecepcionDocumental\tools\DocumentAiProbe\experiments\H1D10A\text\31DE1A416B6D580B5D1165E5D6C5C466715632F4D72D78BC2E8810AB73DE5B28.header.txt,8D585C4C4354DC4FE318ED24D1494AB0071F75937A1B74D9F4F62A195863F836
322C40B36550B0F7D0049DA637513996B1C31F8F06C0B448E9EC872F4E972F4B,HeaderTextAsset,C:\Users\omard\source\repos\RecepcionDocumental\RecepcionDocumental\tools\DocumentAiProbe\experiments\H1D10A\text\322C40B36550B0F7D0049DA637513996B1C31F8F06C0B448E9EC872F4E972F4B.header.txt,61EA2A1CD9407CB19C30E8E050BA4B369D082F88E5F699039ACA0FFCDDDF1795
333380C9957CC6E9E6EFC42F22BF224DEA5755070076AA639597896B6E673B17,HeaderTextAsset,C:\Users\omard\source\repos\RecepcionDocumental\RecepcionDocumental\tools\DocumentAiProbe\experiments\H1D10A\text\333380C9957CC6E9E6EFC42F22BF224DEA5755070076AA639597896B6E673B17.header.txt,A0B0A1EF46B275295525E8126CC1D00B4900BDCCC736FF463F2096C6A84ADB14
335AC770519EAE163C5134E2EA131117E2C33595801C0E539D09D931C4DA240B,HeaderTextAsset,C:\Users\omard\source\repos\RecepcionDocumental\RecepcionDocumental\tools\DocumentAiProbe\experiments\H1D10A\text\335AC770519EAE163C5134E2EA131117E2C33595801C0E539D09D931C4DA240B.header.txt,EEDD67FFE528FD26158AFE0B21E04ECAC10D720C830D4D7021B65886704755E4
33B95FDA5CDFC4BE5204888C87AB45239DEC0AC1ACB2370964305CE0F768245E,HeaderTextAsset,C:\Users\omard\source\repos\RecepcionDocumental\RecepcionDocumental\tools\DocumentAiProbe\experiments\H1D10A\text\33B95FDA5CDFC4BE5204888C87AB45239DEC0AC1ACB2370964305CE0F768245E.header.txt,148D80DB6DEF9681BE8189CD68BD7332112E6E879542EB5A732C00516DCBEC8A
33D3388971240E38AD8A89602AF4B8B11EBBC2272E6FDAAE1E437F7FE7260AAE,HeaderTextAsset,C:\Users\omard\source\repos\RecepcionDocumental\RecepcionDocumental\tools\DocumentAiProbe\experiments\H1D10A\text\33D3388971240E38AD8A89602AF4B8B11EBBC2272E6FDAAE1E437F7FE7260AAE.header.txt,46B1F3A944C81109019B32F3F4BF8BF30521F2E1C742E8EC4354F5922074EAEA
340AB65A0BFC66875EFA6C40EA968ED8EBF7B7E2A131262BAA9E97DFC5959B4D,HeaderTextAsset,C:\Users\omard\source\repos\RecepcionDocumental\RecepcionDocumental\tools\DocumentAiProbe\experiments\H1D10A\text\340AB65A0BFC66875EFA6C40EA968ED8EBF7B7E2A131262BAA9E97DFC5959B4D.header.txt,684189EA2A93A9DBE2295BE64D83783507D0089AF138274D26593AD93634311D
3448DCF88F6900E8366CA08BF8BAA0692AD6BEF3F82076ADD95F8FE4947A4B0F,HeaderTextAsset,C:\Users\omard\source\repos\RecepcionDocumental\RecepcionDocumental\tools\DocumentAiProbe\experiments\H1D10A\text\3448DCF88F6900E8366CA08BF8BAA0692AD6BEF3F82076ADD95F8FE4947A4B0F.header.txt,FA992568D666E0FE0D093E41333161384F36839D094E42317D92450665E2490E
34E7190B10DE1060A821BA5B262D16CF469116C53FAA10A487AE71EDA02DE220,HeaderTextAsset,C:\Users\omard\source\repos\RecepcionDocumental\RecepcionDocumental\tools\DocumentAiProbe\experiments\H1D10A\text\34E7190B10DE1060A821BA5B262D16CF469116C53FAA10A487AE71EDA02DE220.header.txt,4263AB8C2E204CF37F816FFC159D30B3912BE7003E5D1FDE421A06AE57E194BB
350F46F213C2653AB83900D15401209105B5455FBAB65315DC8B591F08CE62F2,HeaderTextAsset,C:\Users\omard\source\repos\RecepcionDocumental\RecepcionDocumental\tools\DocumentAiProbe\experiments\H1D10A\text\350F46F213C2653AB83900D15401209105B5455FBAB65315DC8B591F08CE62F2.header.txt,EF71CB4E7E18E168ABCBC18AB1DB795E0EE720A90C1598B5DAE15621ECF80615
352F66BC7CF9951C2F9DE69F925334DF9B874980F691D7F45A7C24936BFE7846,HeaderTextAsset,C:\Users\omard\source\repos\RecepcionDocumental\RecepcionDocumental\tools\DocumentAiProbe\experiments\H1D10A\text\352F66BC7CF9951C2F9DE69F925334DF9B874980F691D7F45A7C24936BFE7846.header.txt,D2B7D60E06C2A3474F7BFE8593BDC39FA65F9207BEC4290BECCBB9FECD77BED8
35709A9FA1B5566E20EBF278560F71587E0A106C380B5A0F94F2EE91C79F8222,HeaderTextAsset,C:\Users\omard\source\repos\RecepcionDocumental\RecepcionDocumental\tools\DocumentAiProbe\experiments\H1D10A\text\35709A9FA1B5566E20EBF278560F71587E0A106C380B5A0F94F2EE91C79F8222.header.txt,E07D70196E140A6D8AC4D8F4BB3831EB8D15B3CF63496EC85F1CC5357FF3F209
3587E6AB03170DE4C4D020438261A603650DFBE85C168F60E09D5A73ECF0F860,HeaderTextAsset,C:\Users\omard\source\repos\RecepcionDocumental\RecepcionDocumental\tools\DocumentAiProbe\experiments\H1D10A\text\3587E6AB03170DE4C4D020438261A603650DFBE85C168F60E09D5A73ECF0F860.header.txt,E00142144C15E720307B92C6922AF363D611A5BF1385012CA22C950A59BD1950
35C4773BC9C8FC1DC8FA1507AFA0AEB06432146BB6BB557477A44D04C123B6E5,HeaderTextAsset,C:\Users\omard\source\repos\RecepcionDocumental\RecepcionDocumental\tools\DocumentAiProbe\experiments\H1D10A\text\35C4773BC9C8FC1DC8FA1507AFA0AEB06432146BB6BB557477A44D04C123B6E5.header.txt,AB97AC3BE0049937D8DF2169CBFEE301D43B102BA4AAE3BE31215E33B18778E7
365F308C8134893FC72DF386F207A96FDD371F37EC3055A5CF23B5198C24A70B,HeaderTextAsset,C:\Users\omard\source\repos\RecepcionDocumental\RecepcionDocumental\tools\DocumentAiProbe\experiments\H1D10A\text\365F308C8134893FC72DF386F207A96FDD371F37EC3055A5CF23B5198C24A70B.header.txt,6D9E2A23F185C23ECC13AD4DA6E3FEE5EF8EF7FEB48F6235C96E0DD3C0F1F0FE
36FC5A7B06DEF71BCE1C253544E436268CDF471309A124CAAFA87525DC567967,HeaderTextAsset,C:\Users\omard\source\repos\RecepcionDocumental\RecepcionDocumental\tools\DocumentAiProbe\experiments\H1D10A\text\36FC5A7B06DEF71BCE1C253544E436268CDF471309A124CAAFA87525DC567967.header.txt,2C598EB83AC16429012329ECEF3AD2A8A793A2FB63F01C2CC1FDA3A23A278F9A
372A1456ECBF9BE8FC3E552C09E78AE5217E9A0082972A7743403C6619C5A16C,HeaderTextAsset,C:\Users\omard\source\repos\RecepcionDocumental\RecepcionDocumental\tools\DocumentAiProbe\experiments\H1D10A\text\372A1456ECBF9BE8FC3E552C09E78AE5217E9A0082972A7743403C6619C5A16C.header.txt,03787154D515D96335E4AB87C5698694DD561DBEA216F898C43A3759244D7730
37346AA5BE6C72C4AC91E827A627194B4DE69914C851502B5823969191488907,HeaderTextAsset,C:\Users\omard\source\repos\RecepcionDocumental\RecepcionDocumental\tools\DocumentAiProbe\experiments\H1D10A\text\37346AA5BE6C72C4AC91E827A627194B4DE69914C851502B5823969191488907.header.txt,E510EB000CE9F7A97E6E12978B47F73BA536C1709D3FC65E72885A227DA73C61
3765EF04A08EF343D7BA682872B73AB2DCF411C869827A9BD7424C24F97843AD,HeaderTextAsset,C:\Users\omard\source\repos\RecepcionDocumental\RecepcionDocumental\tools\DocumentAiProbe\experiments\H1D10A\text\3765EF04A08EF343D7BA682872B73AB2DCF411C869827A9BD7424C24F97843AD.header.txt,7B3079D96503CDAFE77CA30EBE53F2C0A0E246FA7A2073DED54518DCE934AEA3
37A6D0A94246F3409B849117E8EBB1FB5C8C646076FAB878C3986C916D78CA50,HeaderTextAsset,C:\Users\omard\source\repos\RecepcionDocumental\RecepcionDocumental\tools\DocumentAiProbe\experiments\H1D10A\text\37A6D0A94246F3409B849117E8EBB1FB5C8C646076FAB878C3986C916D78CA50.header.txt,83B41C660F1D64C5D6E8C69E16CBACC14E10E45D93363DEAF57AE973D7C84479
37B68E63F23B331B7585BD74DD85DD8ABF5122A348AA2F7F0EF539B332FFC54F,HeaderTextAsset,C:\Users\omard\source\repos\RecepcionDocumental\RecepcionDocumental\tools\DocumentAiProbe\experiments\H1D10A\text\37B68E63F23B331B7585BD74DD85DD8ABF5122A348AA2F7F0EF539B332FFC54F.header.txt,E48CEF49FA85F50027311C2912BDF1932C7FBE0B6B5A03C056C2166C7F50A814
3824396E5D8165E597CA9EE48CA3FEA3B3B4C431CAC43BF725CB3BCFD5F5CFAF,HeaderTextAsset,C:\Users\omard\source\repos\RecepcionDocumental\RecepcionDocumental\tools\DocumentAiProbe\experiments\H1D10A\text\3824396E5D8165E597CA9EE48CA3FEA3B3B4C431CAC43BF725CB3BCFD5F5CFAF.header.txt,A2709E685475D32208DC6B0329E11A1437EB429C6791CBE20C9365E3A2AE98B5
382662294B57C459DB9F1231FE0503A77176D130F8EA1BFB709132C3115F1A49,HeaderTextAsset,C:\Users\omard\source\repos\RecepcionDocumental\RecepcionDocumental\tools\DocumentAiProbe\experiments\H1D10A\text\382662294B57C459DB9F1231FE0503A77176D130F8EA1BFB709132C3115F1A49.header.txt,629667B809E53566E7C68D24B19BB033C9023FBD2E6488111FAC54A7305711B5
3834409B59C9A290C26E9267C39A01D27D92856349DB019AB59C7BCAFDA3B75C,HeaderTextAsset,C:\Users\omard\source\repos\RecepcionDocumental\RecepcionDocumental\tools\DocumentAiProbe\experiments\H1D10A\text\3834409B59C9A290C26E9267C39A01D27D92856349DB019AB59C7BCAFDA3B75C.header.txt,F1B84385DA120B581D7A5C761D71F2EB1F09F2661FE730BDAB77F7FC3573525E
383DE8754A9EBB07BD9EB72DB9800FFB5803C8E11BFB3BC0AAEB9C79AE193FD8,HeaderTextAsset,C:\Users\omard\source\repos\RecepcionDocumental\RecepcionDocumental\tools\DocumentAiProbe\experiments\H1D10A\text\383DE8754A9EBB07BD9EB72DB9800FFB5803C8E11BFB3BC0AAEB9C79AE193FD8.header.txt,0555B09AA59ECE3351C71828478E664FDF8522CBC17B468EA1490C537BB33F80
3959DC8DDC555027B604CAB5E54E1D05BE4D0005114FC1D9D1A12DF5024BE8FA,HeaderTextAsset,C:\Users\omard\source\repos\RecepcionDocumental\RecepcionDocumental\tools\DocumentAiProbe\experiments\H1D10A\text\3959DC8DDC555027B604CAB5E54E1D05BE4D0005114FC1D9D1A12DF5024BE8FA.header.txt,BF1495399E5CD70B477E0C312A90F064ECDB08299167386D6266C5890A0A3F43
39882040989893FF1C7A809346D4085D7C4150C416ED632837EFB63E8EF1280C,HeaderTextAsset,C:\Users\omard\source\repos\RecepcionDocumental\RecepcionDocumental\tools\DocumentAiProbe\experiments\H1D10A\text\39882040989893FF1C7A809346D4085D7C4150C416ED632837EFB63E8EF1280C.header.txt,FF2845186238B01559474228BDC04AA55FE45F8EC72B37C96158F13D712FBAF8
39ED10D1A77B4EB055838E4EC66003D7D4699C8708F0BF4C13A5FBB1AB0F122A,HeaderTextAsset,C:\Users\omard\source\repos\RecepcionDocumental\RecepcionDocumental\tools\DocumentAiProbe\experiments\H1D10A\text\39ED10D1A77B4EB055838E4EC66003D7D4699C8708F0BF4C13A5FBB1AB0F122A.header.txt,285232F84A3EA8BA7276CCD67886122D0E81A229C19FBC7D7D3E15136A810B2D
39F2792EB6ADB7A6A42E6D59FB9CF99DC6F5782A4E2CB744BB0A4DDAEB38AF34,HeaderTextAsset,C:\Users\omard\source\repos\RecepcionDocumental\RecepcionDocumental\tools\DocumentAiProbe\experiments\H1D10A\text\39F2792EB6ADB7A6A42E6D59FB9CF99DC6F5782A4E2CB744BB0A4DDAEB38AF34.header.txt,1F62F7EA90F659A802176E37A904841C9E99488BBAC368B428BA0FC7E753ECFB
3A147E84D72EF85CE47639B6899772447FB32853AD73E6A2F0CC1740A4A50A77,HeaderTextAsset,C:\Users\omard\source\repos\RecepcionDocumental\RecepcionDocumental\tools\DocumentAiProbe\experiments\H1D10A\text\3A147E84D72EF85CE47639B6899772447FB32853AD73E6A2F0CC1740A4A50A77.header.txt,C04A779356399F3ADCF92ACAA7ADE9C3F600E2F0444761DC4E87A93DCC9E672A
3A35BCF0925F1C86CC9EB96CBFEE45AA41D851EF05409D6911769B904C4687EA,HeaderTextAsset,C:\Users\omard\source\repos\RecepcionDocumental\RecepcionDocumental\tools\DocumentAiProbe\experiments\H1D10A\text\3A35BCF0925F1C86CC9EB96CBFEE45AA41D851EF05409D6911769B904C4687EA.header.txt,943AFC549F25950130BF0B6B328D94E39B89D9E7470376FFBD5587AADF4C6342
3A65FD65E95627B0F05FE79FE51B07B46933815E46446CF07C38DB21EBAB9D32,HeaderTextAsset,C:\Users\omard\source\repos\RecepcionDocumental\RecepcionDocumental\tools\DocumentAiProbe\experiments\H1D10A\text\3A65FD65E95627B0F05FE79FE51B07B46933815E46446CF07C38DB21EBAB9D32.header.txt,04E62B30570D9D372392AC4D05AEE8B67FC81D361B7EB8A9BAF06A7C906ACC34
3AFB2CE63233BD208F616BCA0151C49963AEBE6E6790383E5EDDE99C80320D70,HeaderTextAsset,C:\Users\omard\source\repos\RecepcionDocumental\RecepcionDocumental\tools\DocumentAiProbe\experiments\H1D10A\text\3AFB2CE63233BD208F616BCA0151C49963AEBE6E6790383E5EDDE99C80320D70.header.txt,97663603FDE9BBA6C9DE5972204BD3A03446519AF04B8EB3DD14A67015E8D71C
3B09513F4698AB526157E3D33D6A791550FE255BF5C0DF6E5571073411B71FEA,HeaderTextAsset,C:\Users\omard\source\repos\RecepcionDocumental\RecepcionDocumental\tools\DocumentAiProbe\experiments\H1D10A\text\3B09513F4698AB526157E3D33D6A791550FE255BF5C0DF6E5571073411B71FEA.header.txt,771939F71A587A478EE76C43E53588D6852C1A0FEA434B33A283A86F9BD04512
3B3B2B7D2CD031EE37963465FA692B212B53D70F89D1BF8E20ACA17B0730AC3C,HeaderTextAsset,C:\Users\omard\source\repos\RecepcionDocumental\RecepcionDocumental\tools\DocumentAiProbe\experiments\H1D10A\text\3B3B2B7D2CD031EE37963465FA692B212B53D70F89D1BF8E20ACA17B0730AC3C.header.txt,31417C63ADEA799DA12F378D84A5138BD22D836BC7A5797021A79E1B05952ACC
3B53A04C13E5943D49C91233DD964AC2F017008C05D24D029268E5512BE9386E,HeaderTextAsset,C:\Users\omard\source\repos\RecepcionDocumental\RecepcionDocumental\tools\DocumentAiProbe\experiments\H1D10A\text\3B53A04C13E5943D49C91233DD964AC2F017008C05D24D029268E5512BE9386E.header.txt,666C86ACF198DD3E502E583C4B4650B649C463B111FFDAF59FAEFF78B47AB9DB
3B65E6820366B3DBEB321D2413EE1065ED029B71CE30AB20093BAA8A2659EF02,HeaderTextAsset,C:\Users\omard\source\repos\RecepcionDocumental\RecepcionDocumental\tools\DocumentAiProbe\experiments\H1D10A\text\3B65E6820366B3DBEB321D2413EE1065ED029B71CE30AB20093BAA8A2659EF02.header.txt,12F9BBEA79087B02E53B7F9EC2E8C51EF157AD1CF43022B061B407884448E29F
3B82523C9A34012625F167EC918A7783E68F2BB4FA49BBDEED22E45066038496,HeaderTextAsset,C:\Users\omard\source\repos\RecepcionDocumental\RecepcionDocumental\tools\DocumentAiProbe\experiments\H1D10A\text\3B82523C9A34012625F167EC918A7783E68F2BB4FA49BBDEED22E45066038496.header.txt,CA1C2ADEC4C7562FBBAFB4C666B243CBBFD1F3D2AC28D207A35B3740402ECD27
3B860B6593D1AEBC8F03506526A6AE696D13B315A1D192D7A0F847BFA42B4968,HeaderTextAsset,C:\Users\omard\source\repos\RecepcionDocumental\RecepcionDocumental\tools\DocumentAiProbe\experiments\H1D10A\text\3B860B6593D1AEBC8F03506526A6AE696D13B315A1D192D7A0F847BFA42B4968.header.txt,267D20218B36A901C926BDB9A0CB2D2C742E0982F9C5E161097CDC3DC97669B9
3BA58BA10753F4E30A6CAF83DFE35249D2FBB5E80A9693D275BD1432780CE2C6,HeaderTextAsset,C:\Users\omard\source\repos\RecepcionDocumental\RecepcionDocumental\tools\DocumentAiProbe\experiments\H1D10A\text\3BA58BA10753F4E30A6CAF83DFE35249D2FBB5E80A9693D275BD1432780CE2C6.header.txt,7229A20E2A3119767A46CFCCA813B6F5F80982E8F09E6B777D2A98D5570BF2DC
3BDB07DE2B4E3291CF884D0419933E905F79C6308B832D1062A765F933BE2EA4,HeaderTextAsset,C:\Users\omard\source\repos\RecepcionDocumental\RecepcionDocumental\tools\DocumentAiProbe\experiments\H1D10A\text\3BDB07DE2B4E3291CF884D0419933E905F79C6308B832D1062A765F933BE2EA4.header.txt,4A2550074CFEFFFFAE7BAEF55D26566C62ED3E621B3B11A5E595723EB65F080A
3C07D634D9BF89F4C150A24582F2B4DCD64DD5167C90EEC00F74F9C1FEB0C46E,HeaderTextAsset,C:\Users\omard\source\repos\RecepcionDocumental\RecepcionDocumental\tools\DocumentAiProbe\experiments\H1D10A\text\3C07D634D9BF89F4C150A24582F2B4DCD64DD5167C90EEC00F74F9C1FEB0C46E.header.txt,8B44C89B15BCA550FE07AB1488492496EF372E0C16A11A4AADBD6D9557C22807
3C08823B6BEB2AC058AE85C93E20880C1789256E78F5819F739BEFBEF32C12B1,HeaderTextAsset,C:\Users\omard\source\repos\RecepcionDocumental\RecepcionDocumental\tools\DocumentAiProbe\experiments\H1D10A\text\3C08823B6BEB2AC058AE85C93E20880C1789256E78F5819F739BEFBEF32C12B1.header.txt,EBA03F384F2F01A22649744FCC300F6B54E7891687D1D7EF3A159B5B7EDFFDF5
3C35B4CCA59C5BC90D41F89C5C8464342B8B3192AD97B1FC02C931F095D37EFD,HeaderTextAsset,C:\Users\omard\source\repos\RecepcionDocumental\RecepcionDocumental\tools\DocumentAiProbe\experiments\H1D10A\text\3C35B4CCA59C5BC90D41F89C5C8464342B8B3192AD97B1FC02C931F095D37EFD.header.txt,FAE1F8080BE75557AFDBE972D0387A8ACAFA21B912942B182D6DF252848BAC41
3CB56665C03B7DBEE10612C491C06940310FA1CAA12F5E60EB11EC8FDBFB658C,HeaderTextAsset,C:\Users\omard\source\repos\RecepcionDocumental\RecepcionDocumental\tools\DocumentAiProbe\experiments\H1D10A\text\3CB56665C03B7DBEE10612C491C06940310FA1CAA12F5E60EB11EC8FDBFB658C.header.txt,42C12390CFECA76633464EDB4A0AF78F09C80E88193892C325C18DFC628AB848
3D2DBD1657682F7701E357F8C218517A65EE1FED40AAE6FE5EC49B2E9E354580,HeaderTextAsset,C:\Users\omard\source\repos\RecepcionDocumental\RecepcionDocumental\tools\DocumentAiProbe\experiments\H1D10A\text\3D2DBD1657682F7701E357F8C218517A65EE1FED40AAE6FE5EC49B2E9E354580.header.txt,4BC723CACF590AC4EC390A7B7E42BCAB34C57CDBA20C139378904BB2BBE14EEB
3DA116906DC6BF9DEEA58E0EF033210A4FB68DE535200F99EADFA702389249A7,HeaderTextAsset,C:\Users\omard\source\repos\RecepcionDocumental\RecepcionDocumental\tools\DocumentAiProbe\experiments\H1D10A\text\3DA116906DC6BF9DEEA58E0EF033210A4FB68DE535200F99EADFA702389249A7.header.txt,D8B850E0AE00548B28302B3E85086608CF3FFD59545CA6C444FD7B502390DB17
3DF571E507FAC34246B4923D4E478BE27704DB6E0C6AB2398DB4715F69FC104F,HeaderTextAsset,C:\Users\omard\source\repos\RecepcionDocumental\RecepcionDocumental\tools\DocumentAiProbe\experiments\H1D10A\text\3DF571E507FAC34246B4923D4E478BE27704DB6E0C6AB2398DB4715F69FC104F.header.txt,2C47F29A4E687AA832D62A6A074C73EE6337385F3C4C672A5EA453F9613A985C
3E45522CFD9F62F767CE2150A4069F6390FBC22546B2B001FED1E107889FA8CB,HeaderTextAsset,C:\Users\omard\source\repos\RecepcionDocumental\RecepcionDocumental\tools\DocumentAiProbe\experiments\H1D10A\text\3E45522CFD9F62F767CE2150A4069F6390FBC22546B2B001FED1E107889FA8CB.header.txt,9EBA03B42273143A0C074756FFF7C57CAF7F436511DFAE1A5A72A7961713B45C
3EA186C4B49837C7FB05EAE4437DC86DC30D1BE2F504C0427A8587CEB8991904,HeaderTextAsset,C:\Users\omard\source\repos\RecepcionDocumental\RecepcionDocumental\tools\DocumentAiProbe\experiments\H1D10A\text\3EA186C4B49837C7FB05EAE4437DC86DC30D1BE2F504C0427A8587CEB8991904.header.txt,00B162F5DA98F5A7C3FAB5E8B57699CE6894C24ABC5A7D145184359789447B2A
3EDF480C2549EFD6E0CBDB20BB4FC494A704DF9543460AAB84AB099C33CA0448,HeaderTextAsset,C:\Users\omard\source\repos\RecepcionDocumental\RecepcionDocumental\tools\DocumentAiProbe\experiments\H1D10A\text\3EDF480C2549EFD6E0CBDB20BB4FC494A704DF9543460AAB84AB099C33CA0448.header.txt,2DB8868F62005DD9B571EDA00338F61E60A5D05C8B030E5FE0CA9B2A9A2AD22A
3F9FB559E8BC9E77AAB8CF090FBF8AC35299259BD3975DA5622A81A7D7363730,HeaderTextAsset,C:\Users\omard\source\repos\RecepcionDocumental\RecepcionDocumental\tools\DocumentAiProbe\experiments\H1D10A\text\3F9FB559E8BC9E77AAB8CF090FBF8AC35299259BD3975DA5622A81A7D7363730.header.txt,46F2C75FD7BB7EC79F1138311E66D8BC07C0B57AC1C1E977F82A0BCF0430FACD
3FB46C6ADB7A62D868892D84AE172B635524433BB441F572AFDF46B913EBEE42,HeaderTextAsset,C:\Users\omard\source\repos\RecepcionDocumental\RecepcionDocumental\tools\DocumentAiProbe\experiments\H1D10A\text\3FB46C6ADB7A62D868892D84AE172B635524433BB441F572AFDF46B913EBEE42.header.txt,EC4DD9017BF1C6A1C19132785CB053466E55B836DD82C609F54816922BAB26C0
406AE65863FEC4A143382804B7C8C481DE608DB940FC7E9F7AB2621871E20521,HeaderTextAsset,C:\Users\omard\source\repos\RecepcionDocumental\RecepcionDocumental\tools\DocumentAiProbe\experiments\H1D10A\text\406AE65863FEC4A143382804B7C8C481DE608DB940FC7E9F7AB2621871E20521.header.txt,56D523791120F06EF73F7CBB940CB8A73D1C6B95F3EB095841D42D76926A71EB
40782E90EF062F83204C5F8DCD8019913D1EC2F33C93E0ADD4045BF47433CA0B,HeaderTextAsset,C:\Users\omard\source\repos\RecepcionDocumental\RecepcionDocumental\tools\DocumentAiProbe\experiments\H1D10A\text\40782E90EF062F83204C5F8DCD8019913D1EC2F33C93E0ADD4045BF47433CA0B.header.txt,4D130ED8E41E34AFA40E618BA033291FE3B447F03D5EE3819671DC90DABD4564
40AF42DCBBE8A21C6A7731078FBA8E6A4A20B0BF33AAFAE9A6802AF2B16F19A5,HeaderTextAsset,C:\Users\omard\source\repos\RecepcionDocumental\RecepcionDocumental\tools\DocumentAiProbe\experiments\H1D10A\text\40AF42DCBBE8A21C6A7731078FBA8E6A4A20B0BF33AAFAE9A6802AF2B16F19A5.header.txt,2DD64030DF58EAD4B372EF3CB22E141451557B16DE24BC8F4C7D5A3546D848E0
40E83F42126BE7B8C6BFC04FB7A2B0BAA09EB6E822C1E7DD0DEDA2946AE2988A,HeaderTextAsset,C:\Users\omard\source\repos\RecepcionDocumental\RecepcionDocumental\tools\DocumentAiProbe\experiments\H1D10A\text\40E83F42126BE7B8C6BFC04FB7A2B0BAA09EB6E822C1E7DD0DEDA2946AE2988A.header.txt,88234DCFF4EE5A9D1C52B0D846E85F0B37ABFE69CC7A20D22F25D887BC139606
4114622761D0BA0DED1DB98E3DA95F415FE0A9C428C97655033FA79F7972DDCB,HeaderTextAsset,C:\Users\omard\source\repos\RecepcionDocumental\RecepcionDocumental\tools\DocumentAiProbe\experiments\H1D10A\text\4114622761D0BA0DED1DB98E3DA95F415FE0A9C428C97655033FA79F7972DDCB.header.txt,4A85CB985F5CC26EC531FFF139E48CF0F3B9D9D3CFAFE178571AA78C58A0ABA4
4163E743E2FA7C2CD9859CCDD46B04043AFBB1E94B572FD1C70445335FD25920,HeaderTextAsset,C:\Users\omard\source\repos\RecepcionDocumental\RecepcionDocumental\tools\DocumentAiProbe\experiments\H1D10A\text\4163E743E2FA7C2CD9859CCDD46B04043AFBB1E94B572FD1C70445335FD25920.header.txt,57B089299241AA744EB6EC50CAAFCFF445F48B748F10FFAD574E2DC1E1E6E07A
41DA1916DEF0865B974AF8DA1FC410BF132CF8F2D39C53D21634C67E095437F6,HeaderTextAsset,C:\Users\omard\source\repos\RecepcionDocumental\RecepcionDocumental\tools\DocumentAiProbe\experiments\H1D10A\text\41DA1916DEF0865B974AF8DA1FC410BF132CF8F2D39C53D21634C67E095437F6.header.txt,E1AACE9030F00C37B619683B759FFC176E04BD116C8D12D5BF7A17C100A2937D
41E235FFF0768A0E226B7442B231B9E3EDF721785B5DCBD3E02D90CE677EE006,HeaderTextAsset,C:\Users\omard\source\repos\RecepcionDocumental\RecepcionDocumental\tools\DocumentAiProbe\experiments\H1D10A\text\41E235FFF0768A0E226B7442B231B9E3EDF721785B5DCBD3E02D90CE677EE006.header.txt,D3936F0183CA656702BB83BA86EFAF6D476FC0B8715AEADD27311FB00FF7769A
41FA873A1F07397324194D528955075ABA1D624A6B9FC0141D8DF96C9FDC382B,HeaderTextAsset,C:\Users\omard\source\repos\RecepcionDocumental\RecepcionDocumental\tools\DocumentAiProbe\experiments\H1D10A\text\41FA873A1F07397324194D528955075ABA1D624A6B9FC0141D8DF96C9FDC382B.header.txt,B820E5F8ACC5A5C9731366C8A84EB73C0DDC37F74FFF6A852344EE9C478224DF
4224FC815F99DF93C9DE4D1D80F2E73762C61D7381BE75757A97E6F123EBA25F,HeaderTextAsset,C:\Users\omard\source\repos\RecepcionDocumental\RecepcionDocumental\tools\DocumentAiProbe\experiments\H1D10A\text\4224FC815F99DF93C9DE4D1D80F2E73762C61D7381BE75757A97E6F123EBA25F.header.txt,3C7DA2754E679E210D877DE89722A1D057D8708F812CE991FA3EF57ADA916CC5
422D3FAB3F85F96C2E7A80FE31CFC85F8877D9E4AE6EACF7CF0AB95390D04131,HeaderTextAsset,C:\Users\omard\source\repos\RecepcionDocumental\RecepcionDocumental\tools\DocumentAiProbe\experiments\H1D10A\text\422D3FAB3F85F96C2E7A80FE31CFC85F8877D9E4AE6EACF7CF0AB95390D04131.header.txt,D842A1869F520BB9F9CD5A361B2E9049D2DB4C63D92C2D616C0F81CB31E11201
426CABFB27B1E9DC7B0AAF9A744E25706C9B8777EBED5BD036FD1595F45510A4,HeaderTextAsset,C:\Users\omard\source\repos\RecepcionDocumental\RecepcionDocumental\tools\DocumentAiProbe\experiments\H1D10A\text\426CABFB27B1E9DC7B0AAF9A744E25706C9B8777EBED5BD036FD1595F45510A4.header.txt,46AD0EA9856263E1C8E6F233235726CA74D587EAD7780EF3C9EABFDBDD7CF54F
429ED2A776386C5D8E87C33F6A624FBF60404AAAA4CC2FC712CF9E7EA4A8C2C2,HeaderTextAsset,C:\Users\omard\source\repos\RecepcionDocumental\RecepcionDocumental\tools\DocumentAiProbe\experiments\H1D10A\text\429ED2A776386C5D8E87C33F6A624FBF60404AAAA4CC2FC712CF9E7EA4A8C2C2.header.txt,F60F3BB4DD52B8F9A7D6768554A7834B0BFBA36EEC87D39A589A0165AAE92BD8
431F56F328D7ACC22FCD92975A61219F35A2F545F85FC5B895F1039D6429E614,HeaderTextAsset,C:\Users\omard\source\repos\RecepcionDocumental\RecepcionDocumental\tools\DocumentAiProbe\experiments\H1D10A\text\431F56F328D7ACC22FCD92975A61219F35A2F545F85FC5B895F1039D6429E614.header.txt,B7F532265BC13157C51324E843EA84498863A42C4FACC4B3F034A38C93516E55
43793A2A180FDCA5D268FAC15C65C7B3B8E880217A1116A449C2CD24AFBAC2A6,HeaderTextAsset,C:\Users\omard\source\repos\RecepcionDocumental\RecepcionDocumental\tools\DocumentAiProbe\experiments\H1D10A\text\43793A2A180FDCA5D268FAC15C65C7B3B8E880217A1116A449C2CD24AFBAC2A6.header.txt,62493944BDB30A396D197A54E2C7E583DB19CC40461AFD3C7CC8F5153D6008A8
439833AEF8D7B0259CAF9B303A64725314A132FE233FCA975B85432811D08B16,HeaderTextAsset,C:\Users\omard\source\repos\RecepcionDocumental\RecepcionDocumental\tools\DocumentAiProbe\experiments\H1D10A\text\439833AEF8D7B0259CAF9B303A64725314A132FE233FCA975B85432811D08B16.header.txt,9CC66E429381F8A9D3B753E785C967CB904A76FAA6C8935F4198900F5F4BD0DF
439A22F01718067EC1EB41D23A7F8DE0A5E4BC6EA6046C74A2E669B49046FFB8,HeaderTextAsset,C:\Users\omard\source\repos\RecepcionDocumental\RecepcionDocumental\tools\DocumentAiProbe\experiments\H1D10A\text\439A22F01718067EC1EB41D23A7F8DE0A5E4BC6EA6046C74A2E669B49046FFB8.header.txt,2C1B2917A696F5D7F2654276AC18093A3028C9650B255062F7686D07DB1C8663
43D5262E76B0F6F8E069233F95062256C5EA6BAF3EF70575CCC77136CB1AFC7E,HeaderTextAsset,C:\Users\omard\source\repos\RecepcionDocumental\RecepcionDocumental\tools\DocumentAiProbe\experiments\H1D10A\text\43D5262E76B0F6F8E069233F95062256C5EA6BAF3EF70575CCC77136CB1AFC7E.header.txt,C6C4AC532C6EF7DB2338F600E625639AB1D4D730DF0B4C6237623CC3DA25A573
4424511569822AF5CA87C141E0D96E7F6D9B120538996A44895E5460458AA89F,HeaderTextAsset,C:\Users\omard\source\repos\RecepcionDocumental\RecepcionDocumental\tools\DocumentAiProbe\experiments\H1D10A\text\4424511569822AF5CA87C141E0D96E7F6D9B120538996A44895E5460458AA89F.header.txt,5C598057F94707ADDDE9661D601C1C92163F6F5D859D88B6EAB164D0A3A5B42C
44336BFC12CA0A5E9F5243129B67CF8CF861EA319E51DBDB1B4CAF0E6F7DACE1,HeaderTextAsset,C:\Users\omard\source\repos\RecepcionDocumental\RecepcionDocumental\tools\DocumentAiProbe\experiments\H1D10A\text\44336BFC12CA0A5E9F5243129B67CF8CF861EA319E51DBDB1B4CAF0E6F7DACE1.header.txt,68EEEC6B669B8D827BBDEDADFF3BC27FD353CFFCB669A8165584D54E92619339
445F236D5DF1DB523BE024A9361FA86082D6C7786733EF929A486998AF69D014,HeaderTextAsset,C:\Users\omard\source\repos\RecepcionDocumental\RecepcionDocumental\tools\DocumentAiProbe\experiments\H1D10A\text\445F236D5DF1DB523BE024A9361FA86082D6C7786733EF929A486998AF69D014.header.txt,D02BA8BA83FB3FD4022B24F4F7EA6EF1581253660AC42645A98E66215C28723B
446E0501DAAA8C0D2C03D8A2264B06451F4B3EFA0B5D3E22D20EB5C0FA84A76F,HeaderTextAsset,C:\Users\omard\source\repos\RecepcionDocumental\RecepcionDocumental\tools\DocumentAiProbe\experiments\H1D10A\text\446E0501DAAA8C0D2C03D8A2264B06451F4B3EFA0B5D3E22D20EB5C0FA84A76F.header.txt,4321D80BBD78A25C3C0CCCD653D074CB71A9F2803AE6E1EC2ABBBCA7DBA44F71
4495EDC17CFD460834C0F842FC7760393B774EEC257B27E818B723920946EEEC,HeaderTextAsset,C:\Users\omard\source\repos\RecepcionDocumental\RecepcionDocumental\tools\DocumentAiProbe\experiments\H1D10A\text\4495EDC17CFD460834C0F842FC7760393B774EEC257B27E818B723920946EEEC.header.txt,38843278AFAD39887F75D706046D5B581C46967C2893A5464BE0B9C96FBB310B
44D17B670732D2F7908D719E8A43E71C8BC82036A0AD5F5FD8D8E31BF74A3FC7,HeaderTextAsset,C:\Users\omard\source\repos\RecepcionDocumental\RecepcionDocumental\tools\DocumentAiProbe\experiments\H1D10A\text\44D17B670732D2F7908D719E8A43E71C8BC82036A0AD5F5FD8D8E31BF74A3FC7.header.txt,B389BFD10D5FF6DE7C210F9382356EBB706B0FABCFDAEBACB1697835D2E01E98
44E978F3140D99BF9D6186C62C891C79B97EED06DBC095CFB155D1D22F8457F6,HeaderTextAsset,C:\Users\omard\source\repos\RecepcionDocumental\RecepcionDocumental\tools\DocumentAiProbe\experiments\H1D10A\text\44E978F3140D99BF9D6186C62C891C79B97EED06DBC095CFB155D1D22F8457F6.header.txt,76533F29FE8560EAA9A18EF9F837A8AC22842F1DF69C8A5B14A0A6C24827D67A
45423B64B6534B7466BB3D12871E57950B3423157843BC88BACA040D2E333D3B,HeaderTextAsset,C:\Users\omard\source\repos\RecepcionDocumental\RecepcionDocumental\tools\DocumentAiProbe\experiments\H1D10A\text\45423B64B6534B7466BB3D12871E57950B3423157843BC88BACA040D2E333D3B.header.txt,7C613742664663500FF5E32BD5A45C14EC8520A7A4423ED590E66C2F6E4493B8
45E4B1C971479A31B8A3E5151E675BCD49996D24091AFA0D6D903D28AE654029,HeaderTextAsset,C:\Users\omard\source\repos\RecepcionDocumental\RecepcionDocumental\tools\DocumentAiProbe\experiments\H1D10A\text\45E4B1C971479A31B8A3E5151E675BCD49996D24091AFA0D6D903D28AE654029.header.txt,C5A11542F2313F824090D376B87C187D56A9874D6DA0453A97D6B42039AEDCFD
465DEE8973433B7E39F5D0EBCD8C0EE08D38600A5505806B786EBB8EF1E63816,HeaderTextAsset,C:\Users\omard\source\repos\RecepcionDocumental\RecepcionDocumental\tools\DocumentAiProbe\experiments\H1D10A\text\465DEE8973433B7E39F5D0EBCD8C0EE08D38600A5505806B786EBB8EF1E63816.header.txt,3BBB0A8250A75CEC39A177F003C993BF167B03350ACF26F3727925CD9A9BDF20
46CE690F15C5A52306BE1F63A48314E43D723A15C7BB79E6878B021D377AACB7,HeaderTextAsset,C:\Users\omard\source\repos\RecepcionDocumental\RecepcionDocumental\tools\DocumentAiProbe\experiments\H1D10A\text\46CE690F15C5A52306BE1F63A48314E43D723A15C7BB79E6878B021D377AACB7.header.txt,B11859E08267ACC537B5DCFFA0F12F88F90485E9B1BA3B4C36F822C01E377F98
47202F7EA9AE6CCBE1449B55CA382D690A7F3BF48D0AF7E829BCD0D8522F4004,HeaderTextAsset,C:\Users\omard\source\repos\RecepcionDocumental\RecepcionDocumental\tools\DocumentAiProbe\experiments\H1D10A\text\47202F7EA9AE6CCBE1449B55CA382D690A7F3BF48D0AF7E829BCD0D8522F4004.header.txt,3DCE9EE449F98EB48DB519C8585CCAF48E2B80F0E252D261A669FDA7DD469A4F
4748FFCF51EE67AB048FD8858D1D91BD50E1047375DD4FA884E05A31A825D374,HeaderTextAsset,C:\Users\omard\source\repos\RecepcionDocumental\RecepcionDocumental\tools\DocumentAiProbe\experiments\H1D10A\text\4748FFCF51EE67AB048FD8858D1D91BD50E1047375DD4FA884E05A31A825D374.header.txt,7611B0D0525D2400D5446F1702226A312351F452B5E43E9E83995A81CDE4078E
47D3C8A2FFBE4F757B2CF5687B9B5DB0784496E671CB0E75DD2E8BE5B0730416,HeaderTextAsset,C:\Users\omard\source\repos\RecepcionDocumental\RecepcionDocumental\tools\DocumentAiProbe\experiments\H1D10A\text\47D3C8A2FFBE4F757B2CF5687B9B5DB0784496E671CB0E75DD2E8BE5B0730416.header.txt,05425A80C42467EEE6C4291FA62B8158C53D18E80EAD463A9734626CBD0D8B8C
47F56B680B5D8A38CEB3CDFA360FE52E05E0A1F3F6510B207D4043F3E0C0EB37,HeaderTextAsset,C:\Users\omard\source\repos\RecepcionDocumental\RecepcionDocumental\tools\DocumentAiProbe\experiments\H1D10A\text\47F56B680B5D8A38CEB3CDFA360FE52E05E0A1F3F6510B207D4043F3E0C0EB37.header.txt,F300FDDF7EF395637D5B471383A3DB672E896FD2AF841EBE7D844010E73A3D99
481956117B7BF5D84F3D09FF85452B875AA1D3150C90D00A6636B6433A2AEDC0,HeaderTextAsset,C:\Users\omard\source\repos\RecepcionDocumental\RecepcionDocumental\tools\DocumentAiProbe\experiments\H1D10A\text\481956117B7BF5D84F3D09FF85452B875AA1D3150C90D00A6636B6433A2AEDC0.header.txt,D41636957A2F447A0FD7283A8912096E2AEEA285D75F6B5400E70AFA8DEFB7BE
482FE95EC69B26D675ECCC8CAD33E1F65629851E9FE52FAE21311797A3F14305,HeaderTextAsset,C:\Users\omard\source\repos\RecepcionDocumental\RecepcionDocumental\tools\DocumentAiProbe\experiments\H1D10A\text\482FE95EC69B26D675ECCC8CAD33E1F65629851E9FE52FAE21311797A3F14305.header.txt,CFC4BDB54C55B7B40E3E229B51391031C1907B0F04A2E43947161151234412AC
487BE95CE2B74C076DB9B750906366F1BA20735F5EBD37547F018951FD75A2F6,HeaderTextAsset,C:\Users\omard\source\repos\RecepcionDocumental\RecepcionDocumental\tools\DocumentAiProbe\experiments\H1D10A\text\487BE95CE2B74C076DB9B750906366F1BA20735F5EBD37547F018951FD75A2F6.header.txt,7B9CB143D923276D72127500FE0D977907243AA06F0A98BD676892B165524B8D
48942984669CD296B57DD449BBBF23B3111EC4EFB58470FF24429BA455660E88,HeaderTextAsset,C:\Users\omard\source\repos\RecepcionDocumental\RecepcionDocumental\tools\DocumentAiProbe\experiments\H1D10A\text\48942984669CD296B57DD449BBBF23B3111EC4EFB58470FF24429BA455660E88.header.txt,9C0753C3301CB9DEF52B16191240528871F8DF9845BE2BE8D4FE17CBC1FD4443
48A15CDA72B11D1EEFEA64DC1FD8E662BE4B281ED8292B1DD2AC9FE31A601F59,HeaderTextAsset,C:\Users\omard\source\repos\RecepcionDocumental\RecepcionDocumental\tools\DocumentAiProbe\experiments\H1D10A\text\48A15CDA72B11D1EEFEA64DC1FD8E662BE4B281ED8292B1DD2AC9FE31A601F59.header.txt,5ADBEDD23B4D83070653F417A6F613E98E9F1B08A6A781B0F2307CA9DF5F553E
48CAE4F75B61624432A182135E7A304CE3D8308B2CA21033E0327368290C07D6,HeaderTextAsset,C:\Users\omard\source\repos\RecepcionDocumental\RecepcionDocumental\tools\DocumentAiProbe\experiments\H1D10A\text\48CAE4F75B61624432A182135E7A304CE3D8308B2CA21033E0327368290C07D6.header.txt,AB0D93C455ACF7467BADDA1E65F044582575CF3A1C5A65E8F6421CDB82BF9B4E
4930E9734A794BC4F0752CC3CEAEF60D72C0E1DDEDB23DFDC766CC02FE89712D,HeaderTextAsset,C:\Users\omard\source\repos\RecepcionDocumental\RecepcionDocumental\tools\DocumentAiProbe\experiments\H1D10A\text\4930E9734A794BC4F0752CC3CEAEF60D72C0E1DDEDB23DFDC766CC02FE89712D.header.txt,2C02ED9C2241AFA942C55CFEB362BC93171CA75A708E91C7DE790EDD5354AC4D
4948D0FA0F95989E86BF9A7946E176DB7A1C64E48302AE1125CAAF7C09B9BC44,HeaderTextAsset,C:\Users\omard\source\repos\RecepcionDocumental\RecepcionDocumental\tools\DocumentAiProbe\experiments\H1D10A\text\4948D0FA0F95989E86BF9A7946E176DB7A1C64E48302AE1125CAAF7C09B9BC44.header.txt,C36C655026A9F8EB3D23FFABA0DFEE2A03BC9DBD768F6A6B41955E16CD072963
4977BD9321274C56C37FA622DDBBAD186D692453E6A09EE22B0546A90912BEFD,HeaderTextAsset,C:\Users\omard\source\repos\RecepcionDocumental\RecepcionDocumental\tools\DocumentAiProbe\experiments\H1D10A\text\4977BD9321274C56C37FA622DDBBAD186D692453E6A09EE22B0546A90912BEFD.header.txt,9F24039DD3B6EAF396109AB7E123B1CC772C8280F5A9ED36A0A479D57F8DD9EF
49877C939058E0CCF767C71D8946B7FCC3FB9479A1D831926B45806AA43E9F4B,HeaderTextAsset,C:\Users\omard\source\repos\RecepcionDocumental\RecepcionDocumental\tools\DocumentAiProbe\experiments\H1D10A\text\49877C939058E0CCF767C71D8946B7FCC3FB9479A1D831926B45806AA43E9F4B.header.txt,4C4AD41892B2E10C4D2F40D11E755482773B96A404F8014BA1E6B820416A3B16
49AAE2D8D5826364B7C42B76AC987D080A47C6BDA17C7F7B32E6233FF452180F,HeaderTextAsset,C:\Users\omard\source\repos\RecepcionDocumental\RecepcionDocumental\tools\DocumentAiProbe\experiments\H1D10A\text\49AAE2D8D5826364B7C42B76AC987D080A47C6BDA17C7F7B32E6233FF452180F.header.txt,E2E479A550180D743D672882EC6FA1ECF8CC66BE7D16D9108443AE5C094BFBA3
49ECAF7C70EC6A54728D8C4A2DC9FFD424F1690EC375E1F99838F91077835313,HeaderTextAsset,C:\Users\omard\source\repos\RecepcionDocumental\RecepcionDocumental\tools\DocumentAiProbe\experiments\H1D10A\text\49ECAF7C70EC6A54728D8C4A2DC9FFD424F1690EC375E1F99838F91077835313.header.txt,02B644AB5505C671F0511AEF924E2476151FEF76BA52F63B2ECC4181DC1C8164
49FDA5198B54793806B0C74BE9E1E67D17DBE8E5D8627FC67439E4122958A15C,HeaderTextAsset,C:\Users\omard\source\repos\RecepcionDocumental\RecepcionDocumental\tools\DocumentAiProbe\experiments\H1D10A\text\49FDA5198B54793806B0C74BE9E1E67D17DBE8E5D8627FC67439E4122958A15C.header.txt,64E4196379EB48F6D93527AA3F29AC717FF63A701C2DCC4C0102B5B6C3906300
4A0FDE3116124B33DEE99C856BDE9A889F4BE8AB9833A0DE27F16AD629C34A57,HeaderTextAsset,C:\Users\omard\source\repos\RecepcionDocumental\RecepcionDocumental\tools\DocumentAiProbe\experiments\H1D10A\text\4A0FDE3116124B33DEE99C856BDE9A889F4BE8AB9833A0DE27F16AD629C34A57.header.txt,7C26B7B1C891DD276CB2DB8A9EA97EF325F0058CF1BB813AFBF821E3C892344A
4A3B294959E6152FF45800C9910DB03748710E94CD8710F805237F7532194422,HeaderTextAsset,C:\Users\omard\source\repos\RecepcionDocumental\RecepcionDocumental\tools\DocumentAiProbe\experiments\H1D10A\text\4A3B294959E6152FF45800C9910DB03748710E94CD8710F805237F7532194422.header.txt,4A126ADA96977B68322532AD53291F18DCF52DD89A6251ACAE5FBBDEEDBBCF50
4A5384DEF4B19CB130CAE73EA2EEAB8F4AC68E5D1E82DA366E613C6883BD6012,HeaderTextAsset,C:\Users\omard\source\repos\RecepcionDocumental\RecepcionDocumental\tools\DocumentAiProbe\experiments\H1D10A\text\4A5384DEF4B19CB130CAE73EA2EEAB8F4AC68E5D1E82DA366E613C6883BD6012.header.txt,D8CE019621BFD28C7A44BA54FD573C804CBDB81AB9BEFB5D6B62504BCB2B964B
4A5BD76C0378CC13621238F7F2581406BF864B1E74D7AC0119456CCBE7CE5DE1,HeaderTextAsset,C:\Users\omard\source\repos\RecepcionDocumental\RecepcionDocumental\tools\DocumentAiProbe\experiments\H1D10A\text\4A5BD76C0378CC13621238F7F2581406BF864B1E74D7AC0119456CCBE7CE5DE1.header.txt,7590FF18BE48EDBF0FCBCB2CCD3F95514F6844B88E43F034D3CA5CB9CDC86E0C
4ABBCD0BF700A718BFBEF1383B80C543F01B890D7340660A17CCFAF33905641D,HeaderTextAsset,C:\Users\omard\source\repos\RecepcionDocumental\RecepcionDocumental\tools\DocumentAiProbe\experiments\H1D10A\text\4ABBCD0BF700A718BFBEF1383B80C543F01B890D7340660A17CCFAF33905641D.header.txt,9B56A15ECF91ABB8FB0A12D301A45060A37045BFFD506EB890E940AB62715E60
4AD486E9FF3BB40BAD661248D2947CBC41D0BF02681C772BB88045B83C2DFA65,HeaderTextAsset,C:\Users\omard\source\repos\RecepcionDocumental\RecepcionDocumental\tools\DocumentAiProbe\experiments\H1D10A\text\4AD486E9FF3BB40BAD661248D2947CBC41D0BF02681C772BB88045B83C2DFA65.header.txt,E9D9645A4C90438F60EAB0639425B2E2563CBD2D7130AC051E3191153AB733BF
4AF19DD5F7D4C2E6FC2F1935C54AEE6B5C6F4606CB7FE0F736D1EABF6B7D19A2,HeaderTextAsset,C:\Users\omard\source\repos\RecepcionDocumental\RecepcionDocumental\tools\DocumentAiProbe\experiments\H1D10A\text\4AF19DD5F7D4C2E6FC2F1935C54AEE6B5C6F4606CB7FE0F736D1EABF6B7D19A2.header.txt,FCC698B9CF75054E9CE39612AF760987224EC395E09F7F991F51642F0DB0D394
4B94E6B110CAB58547EB45BF9744C8773EBD6AEFEE79352BA74C4625125534EC,HeaderTextAsset,C:\Users\omard\source\repos\RecepcionDocumental\RecepcionDocumental\tools\DocumentAiProbe\experiments\H1D10A\text\4B94E6B110CAB58547EB45BF9744C8773EBD6AEFEE79352BA74C4625125534EC.header.txt,2E7DE9B53E222DEB9DA11AF923396427449121AD196655459D2692C04AEC7B30
4C21DCF733727C85149602A9BB3704223F69CA44B676EB651113B65E0841FA02,HeaderTextAsset,C:\Users\omard\source\repos\RecepcionDocumental\RecepcionDocumental\tools\DocumentAiProbe\experiments\H1D10A\text\4C21DCF733727C85149602A9BB3704223F69CA44B676EB651113B65E0841FA02.header.txt,30206CDD951F29B3493E7EC28E8153DC71B9A8798FEE24E90C13FE48BAD6DBBB
4C22FB92DF5A4A145CDC9D5019E57BA5ED4E4827FF694366D6B0944C4318F5AF,HeaderTextAsset,C:\Users\omard\source\repos\RecepcionDocumental\RecepcionDocumental\tools\DocumentAiProbe\experiments\H1D10A\text\4C22FB92DF5A4A145CDC9D5019E57BA5ED4E4827FF694366D6B0944C4318F5AF.header.txt,BBD000C04D5AEFF8338FFBB7FE8A7021894A63D5DA77EACBE96E5E01BF73093B
4C6685A365CC99C51CBC8FE312A2F0063C627408D4702A1EAC4CEED67A7C4013,HeaderTextAsset,C:\Users\omard\source\repos\RecepcionDocumental\RecepcionDocumental\tools\DocumentAiProbe\experiments\H1D10A\text\4C6685A365CC99C51CBC8FE312A2F0063C627408D4702A1EAC4CEED67A7C4013.header.txt,8E18CE5C6BB335C61B0A495536996CCF826EB425D776FE92A9158B75F7E77B3B
4C6BB600F039C52142DBE8128A7FD69A7D65E92612AE30CA9125B97C47207C0E,HeaderTextAsset,C:\Users\omard\source\repos\RecepcionDocumental\RecepcionDocumental\tools\DocumentAiProbe\experiments\H1D10A\text\4C6BB600F039C52142DBE8128A7FD69A7D65E92612AE30CA9125B97C47207C0E.header.txt,DFD311402A9B08F3DA15BE24E51C62CAFB982124AB917148C5AED8B196A3730B
4CBD8565AB9DE2F036EA68E8FF90D5CB3E21EBCEAC9D7267A7F5B8AC9765BE88,HeaderTextAsset,C:\Users\omard\source\repos\RecepcionDocumental\RecepcionDocumental\tools\DocumentAiProbe\experiments\H1D10A\text\4CBD8565AB9DE2F036EA68E8FF90D5CB3E21EBCEAC9D7267A7F5B8AC9765BE88.header.txt,209289C1D0FA6DFE3B78AA3E68929BCC376E4FE443328DA530FAF9271CAD1FDD
4CDDDFC9A384C484949A48EFFD1B4BA7D55D2CCE62D6324373F64F972C6E007B,HeaderTextAsset,C:\Users\omard\source\repos\RecepcionDocumental\RecepcionDocumental\tools\DocumentAiProbe\experiments\H1D10A\text\4CDDDFC9A384C484949A48EFFD1B4BA7D55D2CCE62D6324373F64F972C6E007B.header.txt,F45B1D9F1C12B3B36A662ECDA5AE9BB4AB6E852236B5147A61C9EFD53355B590
4CF4FCAB242089EAB32F977B4F3B3B28227D177A6D52A8BD5830CF1372B00F7D,HeaderTextAsset,C:\Users\omard\source\repos\RecepcionDocumental\RecepcionDocumental\tools\DocumentAiProbe\experiments\H1D10A\text\4CF4FCAB242089EAB32F977B4F3B3B28227D177A6D52A8BD5830CF1372B00F7D.header.txt,C9CD35512C6575895785C42BFDB30E03422B4942EBB0BE3AC3855D511F49DFA2
4D1F0EACC2E4513F3BE62918FE60325D100DBE5E2351203A9AF9412468D922EF,HeaderTextAsset,C:\Users\omard\source\repos\RecepcionDocumental\RecepcionDocumental\tools\DocumentAiProbe\experiments\H1D10A\text\4D1F0EACC2E4513F3BE62918FE60325D100DBE5E2351203A9AF9412468D922EF.header.txt,2C628681B6058E6D34BA612AE19C4CDBE3D002B5B4A542DA61329A7387289B05
4DDB265CC5BC70A777E239F345E9DCEB472B0E07A36A97CB747C814966721628,HeaderTextAsset,C:\Users\omard\source\repos\RecepcionDocumental\RecepcionDocumental\tools\DocumentAiProbe\experiments\H1D10A\text\4DDB265CC5BC70A777E239F345E9DCEB472B0E07A36A97CB747C814966721628.header.txt,853924DAD69AE3895B93BCF69AA0AF55EC7C02554F0F8AEB173156CF2F083F8D
4E00CF86272C09321C1BB8FE8A44928B3A1ABA1969419EA778A8DBBABD64496B,HeaderTextAsset,C:\Users\omard\source\repos\RecepcionDocumental\RecepcionDocumental\tools\DocumentAiProbe\experiments\H1D10A\text\4E00CF86272C09321C1BB8FE8A44928B3A1ABA1969419EA778A8DBBABD64496B.header.txt,B7866B56D8544DA30828413B5A87DF53B45D4FDA432C718A940B59B25FADA77F
4E33D7813CA0F52F9DAE7B205F156726A26623776BB62C8AB3469BD927E0CA7A,HeaderTextAsset,C:\Users\omard\source\repos\RecepcionDocumental\RecepcionDocumental\tools\DocumentAiProbe\experiments\H1D10A\text\4E33D7813CA0F52F9DAE7B205F156726A26623776BB62C8AB3469BD927E0CA7A.header.txt,74667126E32699E553AF0730DCCCC34F850A6B8EAB8141834A4444293BF6B753
4E8F4CA3EA141FAB06A975375BF62091FFD9A0454831F126789FA50E5E950074,HeaderTextAsset,C:\Users\omard\source\repos\RecepcionDocumental\RecepcionDocumental\tools\DocumentAiProbe\experiments\H1D10A\text\4E8F4CA3EA141FAB06A975375BF62091FFD9A0454831F126789FA50E5E950074.header.txt,7232E011BEF645E849D0646D551F6A4AE9BE2CA0186C21D9393FB03AB827C544
4FD4F771DFD962D25875FC30C0CD4A0081D17E27D089764ABC773716833D76DF,HeaderTextAsset,C:\Users\omard\source\repos\RecepcionDocumental\RecepcionDocumental\tools\DocumentAiProbe\experiments\H1D10A\text\4FD4F771DFD962D25875FC30C0CD4A0081D17E27D089764ABC773716833D76DF.header.txt,DDD68046F214C53C5F555F2ED658304D35D8A48CCD2726EABE6C8D740BBCEFE7
509D871731148417556D32403084C3A1F025B39F25D1E3576596145B118275F3,HeaderTextAsset,C:\Users\omard\source\repos\RecepcionDocumental\RecepcionDocumental\tools\DocumentAiProbe\experiments\H1D10A\text\509D871731148417556D32403084C3A1F025B39F25D1E3576596145B118275F3.header.txt,028863A5F8ED84188EBC7E6B2FA8F1EFD85255B8A867BB4351543CCBEF10AADC
50FF892A28001920806C422056CC39971F50196EE55B1B9143DEBB18CEDE61C2,HeaderTextAsset,C:\Users\omard\source\repos\RecepcionDocumental\RecepcionDocumental\tools\DocumentAiProbe\experiments\H1D10A\text\50FF892A28001920806C422056CC39971F50196EE55B1B9143DEBB18CEDE61C2.header.txt,2842B7AF24253E58EDB14AB0CA4BE9DCDD47EFB7BE50C9027A94D7E127A9C505
511FE4E1C704287DB9F2E30D584E076198E4B9C85ED275F7724E0FCED6E83331,HeaderTextAsset,C:\Users\omard\source\repos\RecepcionDocumental\RecepcionDocumental\tools\DocumentAiProbe\experiments\H1D10A\text\511FE4E1C704287DB9F2E30D584E076198E4B9C85ED275F7724E0FCED6E83331.header.txt,97F4391AF5CB452EFA72AA4B49FBEA0EA6EAA81B082E97CA8474A53E998F46BF
513C115499B51E28C587938A3051BD1EB0700DDD11B3418FAEB514A153BD217E,HeaderTextAsset,C:\Users\omard\source\repos\RecepcionDocumental\RecepcionDocumental\tools\DocumentAiProbe\experiments\H1D10A\text\513C115499B51E28C587938A3051BD1EB0700DDD11B3418FAEB514A153BD217E.header.txt,25172CCC6AEB844D8150CE00F5B97006FAB52ACB0D28FA7BE341873A28207CBD
51D9CA9CA591270CF71094784E8FB45FB6BB2B3ACC2C64EACDE6BB39C246D4C2,HeaderTextAsset,C:\Users\omard\source\repos\RecepcionDocumental\RecepcionDocumental\tools\DocumentAiProbe\experiments\H1D10A\text\51D9CA9CA591270CF71094784E8FB45FB6BB2B3ACC2C64EACDE6BB39C246D4C2.header.txt,8F04B6E902203350496A0178F83B2BB6CF9C24BF10611E00F1F2EE3A42D9BDF1
522D785B8861AC8B6E0B665918509ABFC61F4A5A7AD344D29581F3820D969F29,HeaderTextAsset,C:\Users\omard\source\repos\RecepcionDocumental\RecepcionDocumental\tools\DocumentAiProbe\experiments\H1D10A\text\522D785B8861AC8B6E0B665918509ABFC61F4A5A7AD344D29581F3820D969F29.header.txt,80E0974301F8DAB34331C0C08DBCB2A9E58EEBB268BCCAE51E806F19E2B45722
5243027656B07B38EBE681545510F2C1F2554AC2E01FE4CE22A9CB9602D8657F,HeaderTextAsset,C:\Users\omard\source\repos\RecepcionDocumental\RecepcionDocumental\tools\DocumentAiProbe\experiments\H1D10A\text\5243027656B07B38EBE681545510F2C1F2554AC2E01FE4CE22A9CB9602D8657F.header.txt,83FD39DE488A49277233733E97742AFDB18B6E5DC500AE119EC070E5D21BA3B4
527504906574AF26885EE635E0F36AA979D7FF61B1D8507694DE2CE5B73225F4,HeaderTextAsset,C:\Users\omard\source\repos\RecepcionDocumental\RecepcionDocumental\tools\DocumentAiProbe\experiments\H1D10A\text\527504906574AF26885EE635E0F36AA979D7FF61B1D8507694DE2CE5B73225F4.header.txt,8A4363CB604EF99BDC2CF7239ED8145748E8800375E286427BEEB8B1E706F487
52872BDC59D9284A7ACD25662EAC1A3A099D7A1403FF43AF4576EEE6443F77F6,HeaderTextAsset,C:\Users\omard\source\repos\RecepcionDocumental\RecepcionDocumental\tools\DocumentAiProbe\experiments\H1D10A\text\52872BDC59D9284A7ACD25662EAC1A3A099D7A1403FF43AF4576EEE6443F77F6.header.txt,B015F71A11764786BE59A3349F974F019351AEA8ED56AC68F69A76089E00D798
52A88A4DC787DDDBB8F9B392369383B8754539E3CC700CA09CAB17DC9897D3D7,HeaderTextAsset,C:\Users\omard\source\repos\RecepcionDocumental\RecepcionDocumental\tools\DocumentAiProbe\experiments\H1D10A\text\52A88A4DC787DDDBB8F9B392369383B8754539E3CC700CA09CAB17DC9897D3D7.header.txt,E92307742867FAE8814DD4EDBBDD218DAB6B1728F53D7F5DCF2D7CD81B5C86AA
52B6FD2C8B46284ADBC2445204780085D2F07A264912814E6F22687C3A3E9970,HeaderTextAsset,C:\Users\omard\source\repos\RecepcionDocumental\RecepcionDocumental\tools\DocumentAiProbe\experiments\H1D10A\text\52B6FD2C8B46284ADBC2445204780085D2F07A264912814E6F22687C3A3E9970.header.txt,6BC63712BF7091068F0BA92CA30D87B2EF8753A0279C0FE2190B7BFA26741150
52E922C058F9D3030136B8C7C0BB684472A3233AB328DB8701C8122B129FE307,HeaderTextAsset,C:\Users\omard\source\repos\RecepcionDocumental\RecepcionDocumental\tools\DocumentAiProbe\experiments\H1D10A\text\52E922C058F9D3030136B8C7C0BB684472A3233AB328DB8701C8122B129FE307.header.txt,771CBB9FAD692AABCC0272338B1CBE9BA6345AF09DC9836FE2734048C8E93427
53531D26119A3A91D8160D16D8081238C94A83B00EADEEECB6BED96F35C0D21F,HeaderTextAsset,C:\Users\omard\source\repos\RecepcionDocumental\RecepcionDocumental\tools\DocumentAiProbe\experiments\H1D10A\text\53531D26119A3A91D8160D16D8081238C94A83B00EADEEECB6BED96F35C0D21F.header.txt,05E5C970B098734F39D37943A62E1058F0B2216C0412316AE9F61C5E6FFBCCDE
53CF129FB285C10306585C4D401463DB0CD045CD0DC8A0FF1B487FBBC4A1AFC5,HeaderTextAsset,C:\Users\omard\source\repos\RecepcionDocumental\RecepcionDocumental\tools\DocumentAiProbe\experiments\H1D10A\text\53CF129FB285C10306585C4D401463DB0CD045CD0DC8A0FF1B487FBBC4A1AFC5.header.txt,67CB896C84ADB97CBBCFFBEED17E186F8FB9AC476AF9C422BF98C2FB2ED660DC
53D64513ED31729F52AED36DB909462F972FF5BA06D6C491179067D362C9C7B8,HeaderTextAsset,C:\Users\omard\source\repos\RecepcionDocumental\RecepcionDocumental\tools\DocumentAiProbe\experiments\H1D10A\text\53D64513ED31729F52AED36DB909462F972FF5BA06D6C491179067D362C9C7B8.header.txt,C2C083D53E545322EAB2CF45544C97E4FF87C2A2D4A928614A1994804123294B
53DDEB792AFACFDD0BE1A1741A028A22298BDA5360530D373B25E5FDE3C89917,HeaderTextAsset,C:\Users\omard\source\repos\RecepcionDocumental\RecepcionDocumental\tools\DocumentAiProbe\experiments\H1D10A\text\53DDEB792AFACFDD0BE1A1741A028A22298BDA5360530D373B25E5FDE3C89917.header.txt,879FE197D265D05CDBC5076A05246E5CD04CE24974F6FB00717B73E455EC0F31
541A58F4E8042C3C1CCB76B0F0B14A9F44981E4F37DFBD98972B297BEDA30B66,HeaderTextAsset,C:\Users\omard\source\repos\RecepcionDocumental\RecepcionDocumental\tools\DocumentAiProbe\experiments\H1D10A\text\541A58F4E8042C3C1CCB76B0F0B14A9F44981E4F37DFBD98972B297BEDA30B66.header.txt,F57D15E8BBF17FE5A304841078113EE6D80C1CD1D66222605C4B4E8B452D665C
54335DE1C0415D17F21265B12222E081CEFA539B242465CBBCFC590F12C0C334,HeaderTextAsset,C:\Users\omard\source\repos\RecepcionDocumental\RecepcionDocumental\tools\DocumentAiProbe\experiments\H1D10A\text\54335DE1C0415D17F21265B12222E081CEFA539B242465CBBCFC590F12C0C334.header.txt,199C3951630E1D443ADF78D7A77F13CF3509D6F81B0A9A49A3083C4778729626
5433BB3791112F1C6C698255943D3E43FBC529FEC610FE1D25FD1D83CD921FC6,HeaderTextAsset,C:\Users\omard\source\repos\RecepcionDocumental\RecepcionDocumental\tools\DocumentAiProbe\experiments\H1D10A\text\5433BB3791112F1C6C698255943D3E43FBC529FEC610FE1D25FD1D83CD921FC6.header.txt,C9625916F5DEF1952BD62BFB7D12A7A93C8B6CED63C6A653E8FA8D4168E74D38
5482B5BC23D9508D14F7970779F8182EBB3A21DA03E7B7C390124852EC1A2884,HeaderTextAsset,C:\Users\omard\source\repos\RecepcionDocumental\RecepcionDocumental\tools\DocumentAiProbe\experiments\H1D10A\text\5482B5BC23D9508D14F7970779F8182EBB3A21DA03E7B7C390124852EC1A2884.header.txt,C89BF006AD0AEBCDC52DCFB73C4F973BBD114E04FCD422CA591DAEE453D52712
54E3FFE9C69EE3CFF94294F12A02B44CAB3EFD54DBDC8CB473F28E912E985C7D,HeaderTextAsset,C:\Users\omard\source\repos\RecepcionDocumental\RecepcionDocumental\tools\DocumentAiProbe\experiments\H1D10A\text\54E3FFE9C69EE3CFF94294F12A02B44CAB3EFD54DBDC8CB473F28E912E985C7D.header.txt,A1C122FAE299228EDB653F0F08C7F12DC4A77A878E402B998A8593F33C2ACCFD
550AC8115D0599DF1B246688659A43EBB82DB908A4C451864D3A422AE1B94790,HeaderTextAsset,C:\Users\omard\source\repos\RecepcionDocumental\RecepcionDocumental\tools\DocumentAiProbe\experiments\H1D10A\text\550AC8115D0599DF1B246688659A43EBB82DB908A4C451864D3A422AE1B94790.header.txt,62E9F0900FEEA71A440B8E0C88B331C7FBBBA8C46E88BCCF8A13B4109AE80BC2
55169D35B57E1980443FA22E94E71390FAF7180DF7A84AC7CDFE4E5EC917C2D2,HeaderTextAsset,C:\Users\omard\source\repos\RecepcionDocumental\RecepcionDocumental\tools\DocumentAiProbe\experiments\H1D10A\text\55169D35B57E1980443FA22E94E71390FAF7180DF7A84AC7CDFE4E5EC917C2D2.header.txt,634BCECEC12378B1CA84D394C1A1BA95FDF2DF81622E75275EF11594CAB9E1AC
553735AC327B5AEBB6523999CF341A27EE0CD319E1E38D7543EDABFD5EF0476A,HeaderTextAsset,C:\Users\omard\source\repos\RecepcionDocumental\RecepcionDocumental\tools\DocumentAiProbe\experiments\H1D10A\text\553735AC327B5AEBB6523999CF341A27EE0CD319E1E38D7543EDABFD5EF0476A.header.txt,AB646B43BFCEBFB1F4EFCFDD7810C19C9E64DC8A2C5033FB5AF28A820D060BEC
557A3265646934A29349CB572EF71904CF6A1A226E38B80EBD82882136E4A99F,HeaderTextAsset,C:\Users\omard\source\repos\RecepcionDocumental\RecepcionDocumental\tools\DocumentAiProbe\experiments\H1D10A\text\557A3265646934A29349CB572EF71904CF6A1A226E38B80EBD82882136E4A99F.header.txt,68475A75A638952880872E58A669309A2D5421E69AA0241C4EAB477A951BEE4A
55D5569A8BE1FDF83DD7C7711B839FA48CCF21B6A44002A592A098ABC4945180,HeaderTextAsset,C:\Users\omard\source\repos\RecepcionDocumental\RecepcionDocumental\tools\DocumentAiProbe\experiments\H1D10A\text\55D5569A8BE1FDF83DD7C7711B839FA48CCF21B6A44002A592A098ABC4945180.header.txt,F309D50FC105437B425B64A07809C4611A748691A3C765111955B1E198D2B7D6
56858C64366FB3FFEEF5EA8BA03E748B96127B3D10B9F438CAC2689CAD93F41B,HeaderTextAsset,C:\Users\omard\source\repos\RecepcionDocumental\RecepcionDocumental\tools\DocumentAiProbe\experiments\H1D10A\text\56858C64366FB3FFEEF5EA8BA03E748B96127B3D10B9F438CAC2689CAD93F41B.header.txt,1AB2E3644FA47E340E7A83A439F8034CDAD2E1E12C2B3249B2812208002809EB
570B8BEFF92D86C450B35A0A879B847D9442F48BEB042F9C6AD00BA12E502867,HeaderTextAsset,C:\Users\omard\source\repos\RecepcionDocumental\RecepcionDocumental\tools\DocumentAiProbe\experiments\H1D10A\text\570B8BEFF92D86C450B35A0A879B847D9442F48BEB042F9C6AD00BA12E502867.header.txt,D8B3D728EF49B50D959119827AC08AC49A7B4392959C6EAEA796AA2080556E0F
57216966143EA43A85549709469528CA0F2387F937AADF26600682E72558CEB0,HeaderTextAsset,C:\Users\omard\source\repos\RecepcionDocumental\RecepcionDocumental\tools\DocumentAiProbe\experiments\H1D10A\text\57216966143EA43A85549709469528CA0F2387F937AADF26600682E72558CEB0.header.txt,C39FFACDF7E19C61A126B8474C0A25DB167AB1A00F3D561C846576BF470E8CD7
5735D4ECD8C02AEE2805F44503136E2C27365A75607716CC0391313DCEB6519E,HeaderTextAsset,C:\Users\omard\source\repos\RecepcionDocumental\RecepcionDocumental\tools\DocumentAiProbe\experiments\H1D10A\text\5735D4ECD8C02AEE2805F44503136E2C27365A75607716CC0391313DCEB6519E.header.txt,5AD12DD51D93A5ADFF7F3C06775EC50FFCFE1B10247850BF0707A86B688C0E57
57D9343D969BD1264FDEFF0D2A252ED028740EE39736F1A41A1D95C9B625C4AE,HeaderTextAsset,C:\Users\omard\source\repos\RecepcionDocumental\RecepcionDocumental\tools\DocumentAiProbe\experiments\H1D10A\text\57D9343D969BD1264FDEFF0D2A252ED028740EE39736F1A41A1D95C9B625C4AE.header.txt,A991F45A5B516BFE2E6CF3CCAB10219259E93C6A703EAEF053D0483D1262EAAC
58D96A8F7E16CD8E10431AF8C3FE63A36D651B973C435C700D50CF0876EB2D6B,HeaderTextAsset,C:\Users\omard\source\repos\RecepcionDocumental\RecepcionDocumental\tools\DocumentAiProbe\experiments\H1D10A\text\58D96A8F7E16CD8E10431AF8C3FE63A36D651B973C435C700D50CF0876EB2D6B.header.txt,42FE20FB0048A704E01B41E0C01CC5F3498CB747E69665C93B3123BAEC8E0E4A
58E197A82F3F1F813FF06AB56686D855230F5581C975C33E1CDD744AF7D01857,HeaderTextAsset,C:\Users\omard\source\repos\RecepcionDocumental\RecepcionDocumental\tools\DocumentAiProbe\experiments\H1D10A\text\58E197A82F3F1F813FF06AB56686D855230F5581C975C33E1CDD744AF7D01857.header.txt,C25087B4683DCA3EFD838D1FFB83FB1B746D1AC549963C71640491C0ED57D2E8
59B2A30C57B53ADA185312F8F8ED72917A264206DBBAFAE49573F9B816BBC8D9,HeaderTextAsset,C:\Users\omard\source\repos\RecepcionDocumental\RecepcionDocumental\tools\DocumentAiProbe\experiments\H1D10A\text\59B2A30C57B53ADA185312F8F8ED72917A264206DBBAFAE49573F9B816BBC8D9.header.txt,C3603E85F0F671F2A2F47267941FF2D335F78C3AB3609BFEFE037CC3B72DE126
59E5149E5884455CB217A6C65C53D4E5A3D6A97340789DD88058604355792DD1,HeaderTextAsset,C:\Users\omard\source\repos\RecepcionDocumental\RecepcionDocumental\tools\DocumentAiProbe\experiments\H1D10A\text\59E5149E5884455CB217A6C65C53D4E5A3D6A97340789DD88058604355792DD1.header.txt,68DD373508E48521CF28D4A49D748E8F3D13620DF86CA0460D00F51229CF4D4A
5A11426D1D9F011286075EB4996D5698F9C3A9E2265A14EEA45E1EC9EA7EA8D4,HeaderTextAsset,C:\Users\omard\source\repos\RecepcionDocumental\RecepcionDocumental\tools\DocumentAiProbe\experiments\H1D10A\text\5A11426D1D9F011286075EB4996D5698F9C3A9E2265A14EEA45E1EC9EA7EA8D4.header.txt,B9509126E5494FBECAD28D944DE25DBC90B4B22E9DC07926EAE06A17201BBA4B
5A80048F71A9AE67E7530419E5A4AA5021FAC7D3DB56701B9C690DB21DBE43D3,HeaderTextAsset,C:\Users\omard\source\repos\RecepcionDocumental\RecepcionDocumental\tools\DocumentAiProbe\experiments\H1D10A\text\5A80048F71A9AE67E7530419E5A4AA5021FAC7D3DB56701B9C690DB21DBE43D3.header.txt,79FBA3F5F6C966FBA4CAD94BB9E02831F2ED671A65112250DCE9AFC9AD2F17D7
5B7916DC843BE2C450F86EA33A9B9F45AD1B2BB4F0890A22185D170367C77CD0,HeaderTextAsset,C:\Users\omard\source\repos\RecepcionDocumental\RecepcionDocumental\tools\DocumentAiProbe\experiments\H1D10A\text\5B7916DC843BE2C450F86EA33A9B9F45AD1B2BB4F0890A22185D170367C77CD0.header.txt,B010955CACC51134A20D46FCE546C90180F4399407EFFDC0FC4772EB6501BA12
5C0E3592C9A130DFF03ACB34C4B59CB3A208BF70116821761D3431A7693BA96D,HeaderTextAsset,C:\Users\omard\source\repos\RecepcionDocumental\RecepcionDocumental\tools\DocumentAiProbe\experiments\H1D10A\text\5C0E3592C9A130DFF03ACB34C4B59CB3A208BF70116821761D3431A7693BA96D.header.txt,3C2261AC23214F0ACE06DEF1D54F7D996E9A240FB1C49F7630038135CA1D4359
5C105434BCE555AF94D7792820813C859CA80B3B8E23A6C81783AF6173447BE4,HeaderTextAsset,C:\Users\omard\source\repos\RecepcionDocumental\RecepcionDocumental\tools\DocumentAiProbe\experiments\H1D10A\text\5C105434BCE555AF94D7792820813C859CA80B3B8E23A6C81783AF6173447BE4.header.txt,97E6A614EEED56330B8C75CB8E481B34F7F9962A13D333763AA408B51A11F272
5C30A6686334E5B07A188EBE90969D68F40F82B55970D0671F81743F2080CB2F,HeaderTextAsset,C:\Users\omard\source\repos\RecepcionDocumental\RecepcionDocumental\tools\DocumentAiProbe\experiments\H1D10A\text\5C30A6686334E5B07A188EBE90969D68F40F82B55970D0671F81743F2080CB2F.header.txt,208289487E29CC48405B355D3147687C9877D16DA01A0DE00FD7E221BDE3EF9D
5C989274617C576316FD86055671ECCB3D8B40D4A6D022A08CCB7BEDE037C32A,HeaderTextAsset,C:\Users\omard\source\repos\RecepcionDocumental\RecepcionDocumental\tools\DocumentAiProbe\experiments\H1D10A\text\5C989274617C576316FD86055671ECCB3D8B40D4A6D022A08CCB7BEDE037C32A.header.txt,2C1A9A2675B630C2F536FE2CA517FBB968F7F4ED3AA5699BA8D310456768FBF1
5CD323BE0FA8C7BF7DF56E09EB62B1338AD699ED21F25A09DBA6E646DA452906,HeaderTextAsset,C:\Users\omard\source\repos\RecepcionDocumental\RecepcionDocumental\tools\DocumentAiProbe\experiments\H1D10A\text\5CD323BE0FA8C7BF7DF56E09EB62B1338AD699ED21F25A09DBA6E646DA452906.header.txt,E1930217AC7E8B15684567CB8325060C58C422E1E0F005901392AD96BA58AB61
5D0D7F3FAA4ADAB4AD899FAF93004DDD9B9B1E4AC8856E4E46BE7A592FF909C2,HeaderTextAsset,C:\Users\omard\source\repos\RecepcionDocumental\RecepcionDocumental\tools\DocumentAiProbe\experiments\H1D10A\text\5D0D7F3FAA4ADAB4AD899FAF93004DDD9B9B1E4AC8856E4E46BE7A592FF909C2.header.txt,33E20271CBB2E275BEDA936D85B3D95C5BFCE2B6952A487FF46EA5D554A4DA6D
5D224861E913AB275EAC0A0EE1005444D3C0A68007538B2C3C2965DDEDE157C2,HeaderTextAsset,C:\Users\omard\source\repos\RecepcionDocumental\RecepcionDocumental\tools\DocumentAiProbe\experiments\H1D10A\text\5D224861E913AB275EAC0A0EE1005444D3C0A68007538B2C3C2965DDEDE157C2.header.txt,1C421EBACD957E4E71EF18C5D724ACBFD327CAAB16A8507B7DA96185311A2B69
5DAF08946350F296A06082880FF427EEE8B115DD39BDF5199DD8C0188B76E15D,HeaderTextAsset,C:\Users\omard\source\repos\RecepcionDocumental\RecepcionDocumental\tools\DocumentAiProbe\experiments\H1D10A\text\5DAF08946350F296A06082880FF427EEE8B115DD39BDF5199DD8C0188B76E15D.header.txt,76242BE4F66A1AFC91AEA5C17234827EECA41C562E96AFF1242C10CA30675FFA
5DBF71860ACD1EFE7170B783B09DF90415135A82C8C02BA29E1DDBDE98D4D92C,HeaderTextAsset,C:\Users\omard\source\repos\RecepcionDocumental\RecepcionDocumental\tools\DocumentAiProbe\experiments\H1D10A\text\5DBF71860ACD1EFE7170B783B09DF90415135A82C8C02BA29E1DDBDE98D4D92C.header.txt,D92F9C3F861FB4DC578E2DA27A0798B712E45BBE9F01766E5756E5E40194C18F
5DE70F354C118DFBDD5368EDEF221DFE5CF7AE6D16C115B9770EA743743E71F8,HeaderTextAsset,C:\Users\omard\source\repos\RecepcionDocumental\RecepcionDocumental\tools\DocumentAiProbe\experiments\H1D10A\text\5DE70F354C118DFBDD5368EDEF221DFE5CF7AE6D16C115B9770EA743743E71F8.header.txt,4F47CB9A1F03E1E9D22B099A82F4BA9B10ED1AC373A5416A09A3C9FFD670C2AD
5E37BAFFEE3158DC48F70E790EFAA998E9CE2904FE56058F75BF845F27357702,HeaderTextAsset,C:\Users\omard\source\repos\RecepcionDocumental\RecepcionDocumental\tools\DocumentAiProbe\experiments\H1D10A\text\5E37BAFFEE3158DC48F70E790EFAA998E9CE2904FE56058F75BF845F27357702.header.txt,30E1674B0A7D66685348BED9C2EF1A708D2593E4F75386A15F4A97E506A56A50
5EADB6DE2AB4B5612CCB893D4D6F822DACA8F537DC34198253A2FA45B77AA3B0,HeaderTextAsset,C:\Users\omard\source\repos\RecepcionDocumental\RecepcionDocumental\tools\DocumentAiProbe\experiments\H1D10A\text\5EADB6DE2AB4B5612CCB893D4D6F822DACA8F537DC34198253A2FA45B77AA3B0.header.txt,AC630DF36D2F0B6ED54FC168B78EB4A9F5AA1E6FC9F206C2B7209DACECB7A4C3
5F1C7E2F701520CDB3290752AC7E87FEA8278A7452B488B35E0FE82B539D1D0E,HeaderTextAsset,C:\Users\omard\source\repos\RecepcionDocumental\RecepcionDocumental\tools\DocumentAiProbe\experiments\H1D10A\text\5F1C7E2F701520CDB3290752AC7E87FEA8278A7452B488B35E0FE82B539D1D0E.header.txt,46177A96466F92A52245D3B01CDDC9914BBB5FED5FE2E71A21D34C56727C6208
5F27D54F0E68E22B94CC0599AA11815F37E12D38D198BAF916699866A5771C7A,HeaderTextAsset,C:\Users\omard\source\repos\RecepcionDocumental\RecepcionDocumental\tools\DocumentAiProbe\experiments\H1D10A\text\5F27D54F0E68E22B94CC0599AA11815F37E12D38D198BAF916699866A5771C7A.header.txt,2CE680D44385870D1CDA1D8580EFBCC0447C17CDBB30301F2E1D9880E701DE77
5FB7BD28D27616E8676E0229F610930D8EB1C05062288C9843B6A07025902965,HeaderTextAsset,C:\Users\omard\source\repos\RecepcionDocumental\RecepcionDocumental\tools\DocumentAiProbe\experiments\H1D10A\text\5FB7BD28D27616E8676E0229F610930D8EB1C05062288C9843B6A07025902965.header.txt,0D9472EC346FA9684F17D42EFD1E1EED7E32231E73CBC5F21980C4057450C750
5FF603BFE35FFE846FE61CC7D6E257DAFA04176A27BDDA23DB954E289083BDA7,HeaderTextAsset,C:\Users\omard\source\repos\RecepcionDocumental\RecepcionDocumental\tools\DocumentAiProbe\experiments\H1D10A\text\5FF603BFE35FFE846FE61CC7D6E257DAFA04176A27BDDA23DB954E289083BDA7.header.txt,7DFF16F57E972964E85FAF593CF64DE394C70990AB09BF903812CD189628802A
60558219ECCEAA2E0CC16BEF0AA57528D8111AF668CE04DD850611269578D101,HeaderTextAsset,C:\Users\omard\source\repos\RecepcionDocumental\RecepcionDocumental\tools\DocumentAiProbe\experiments\H1D10A\text\60558219ECCEAA2E0CC16BEF0AA57528D8111AF668CE04DD850611269578D101.header.txt,52D0288225E303E84D63B595FB8574BB393A24D55BDF3F4A1E522716BE626822
614C2047A38FFFEC9913CEA1D7C91912147857A130D26CEB45D38AFECE1F3018,HeaderTextAsset,C:\Users\omard\source\repos\RecepcionDocumental\RecepcionDocumental\tools\DocumentAiProbe\experiments\H1D10A\text\614C2047A38FFFEC9913CEA1D7C91912147857A130D26CEB45D38AFECE1F3018.header.txt,980DF7E5D061C8CA8CB767AF5610F63AA3904B36D69BFE9F6ACA1950B7BA72CE
618FA8EF90B2BC09442461DF6A1950F3B56DE7D9217334E5658065B15A2D1C7D,HeaderTextAsset,C:\Users\omard\source\repos\RecepcionDocumental\RecepcionDocumental\tools\DocumentAiProbe\experiments\H1D10A\text\618FA8EF90B2BC09442461DF6A1950F3B56DE7D9217334E5658065B15A2D1C7D.header.txt,B49986BA213F24D711FC3CA3021795714EAEE61FFF826D5DA99F59E1BD412443
62ED045064645CFAC1E4ABEAB3BD7871BB1ACA133EB42A02042DFD4116B68747,HeaderTextAsset,C:\Users\omard\source\repos\RecepcionDocumental\RecepcionDocumental\tools\DocumentAiProbe\experiments\H1D10A\text\62ED045064645CFAC1E4ABEAB3BD7871BB1ACA133EB42A02042DFD4116B68747.header.txt,A9A4769FFDD9D3C155A2DFFA51F5A812B619F32B705412BD50D48CC2ED62BE26
6306F04EC7699ACD9AA20661D6A0094E0EF6F2D07DB0DCB6E7DCB90754F946FC,HeaderTextAsset,C:\Users\omard\source\repos\RecepcionDocumental\RecepcionDocumental\tools\DocumentAiProbe\experiments\H1D10A\text\6306F04EC7699ACD9AA20661D6A0094E0EF6F2D07DB0DCB6E7DCB90754F946FC.header.txt,62CDDDE4943533731C89F950366408CDD2F5BD3AF8D27312C472FF94F137CAB3
6358F007E68B39846A6D3A1985B57BA5DB9B44816655F040179A2E54F5D3950B,HeaderTextAsset,C:\Users\omard\source\repos\RecepcionDocumental\RecepcionDocumental\tools\DocumentAiProbe\experiments\H1D10A\text\6358F007E68B39846A6D3A1985B57BA5DB9B44816655F040179A2E54F5D3950B.header.txt,8B9532EF63AFC3AD045689652B31DCFF7B1B209E0AB3C096EE349BCBEF9E4806
63D1DB74D405C58FC6B148A98498E2351418A24343D9326C5EB42A6CCEC42A4A,HeaderTextAsset,C:\Users\omard\source\repos\RecepcionDocumental\RecepcionDocumental\tools\DocumentAiProbe\experiments\H1D10A\text\63D1DB74D405C58FC6B148A98498E2351418A24343D9326C5EB42A6CCEC42A4A.header.txt,70EA64057F5DA3E52F9504B50156F24E9E0149071B39480480C2ADAA0733476C
63E3F4FF38F20C64BA564671499DC8683FBF77219974F9D9B1173F8A2FE05D4C,HeaderTextAsset,C:\Users\omard\source\repos\RecepcionDocumental\RecepcionDocumental\tools\DocumentAiProbe\experiments\H1D10A\text\63E3F4FF38F20C64BA564671499DC8683FBF77219974F9D9B1173F8A2FE05D4C.header.txt,43E12ECEA6055C2DAB9849E23296E6587AF81B1D9F69404C9277CE86B5A073EC
63F5F3AB045C5B5F66EA108111298A47D3D35401D9F776570A886AC745108D3F,HeaderTextAsset,C:\Users\omard\source\repos\RecepcionDocumental\RecepcionDocumental\tools\DocumentAiProbe\experiments\H1D10A\text\63F5F3AB045C5B5F66EA108111298A47D3D35401D9F776570A886AC745108D3F.header.txt,CD21F4395D88EF00E1ECE6A193F1A7B9C787309006ED54832A11EDD9D5C3D823
6403BB9E343E7ADC6832D9FEF0B238A5C7629934B729B49930D5EB612D45A237,HeaderTextAsset,C:\Users\omard\source\repos\RecepcionDocumental\RecepcionDocumental\tools\DocumentAiProbe\experiments\H1D10A\text\6403BB9E343E7ADC6832D9FEF0B238A5C7629934B729B49930D5EB612D45A237.header.txt,EAD0AC96EBF7FBB8044FA26DF47211E2562D207DC6B80803C346A8B4FEB5E716
644FB4104CC6E78DECDE080C8BD310D32890EA13F2BCB7525F77ACB5E97A78D7,HeaderTextAsset,C:\Users\omard\source\repos\RecepcionDocumental\RecepcionDocumental\tools\DocumentAiProbe\experiments\H1D10A\text\644FB4104CC6E78DECDE080C8BD310D32890EA13F2BCB7525F77ACB5E97A78D7.header.txt,419CC22303A1CEF0B36A8C849E7C32F00D8FFC684C78332D30354D3DFD05C3DA
64FB474B146A0EB177D75CB68476D6BCE12EF039503945B080FCA1CE3484EB2E,HeaderTextAsset,C:\Users\omard\source\repos\RecepcionDocumental\RecepcionDocumental\tools\DocumentAiProbe\experiments\H1D10A\text\64FB474B146A0EB177D75CB68476D6BCE12EF039503945B080FCA1CE3484EB2E.header.txt,88819222AF9E9DC8C347F42206CAEC3CEDD7C9BAB99D51039751D36E1BD94740
65056D9EA1A540DC588945E523AD94B314066341E145D5716A7A605D30F64157,HeaderTextAsset,C:\Users\omard\source\repos\RecepcionDocumental\RecepcionDocumental\tools\DocumentAiProbe\experiments\H1D10A\text\65056D9EA1A540DC588945E523AD94B314066341E145D5716A7A605D30F64157.header.txt,63910C925E02CA440AAB32EBAAC4E92B82251E842AAC5059B7B01D025F1EDAA4
653916FEE25C919AB6EB8CD62ACDB2EFB4ED9246ABE1E345CCEFD62AD0B1EEEF,HeaderTextAsset,C:\Users\omard\source\repos\RecepcionDocumental\RecepcionDocumental\tools\DocumentAiProbe\experiments\H1D10A\text\653916FEE25C919AB6EB8CD62ACDB2EFB4ED9246ABE1E345CCEFD62AD0B1EEEF.header.txt,EF68A56391B8B9439D70FA6AE2628BDC967EB6AC4E1AC3356DADD588264B7276
65689BDA6B6E78D08778050BC9AF74BF489A45EC0F06B14D021402CC4A49703B,HeaderTextAsset,C:\Users\omard\source\repos\RecepcionDocumental\RecepcionDocumental\tools\DocumentAiProbe\experiments\H1D10A\text\65689BDA6B6E78D08778050BC9AF74BF489A45EC0F06B14D021402CC4A49703B.header.txt,79CC0F143225A6128DDBB2CA0BDAA07805F6BEFA1FB4947DABC838434D835482
657D014F547F5C67D9C3C97F905729BE00F4498F2CB5E01528AAFF4F0E177E5B,HeaderTextAsset,C:\Users\omard\source\repos\RecepcionDocumental\RecepcionDocumental\tools\DocumentAiProbe\experiments\H1D10A\text\657D014F547F5C67D9C3C97F905729BE00F4498F2CB5E01528AAFF4F0E177E5B.header.txt,FE47974AC05195235D871069D3D01184CDA4C67FA8FA2E60AC5255D96302C5DE
657E1FF4F3374E8D93CA51BEC8C1C7D4058C9E51797A97E15FCAFCF3A54FC356,HeaderTextAsset,C:\Users\omard\source\repos\RecepcionDocumental\RecepcionDocumental\tools\DocumentAiProbe\experiments\H1D10A\text\657E1FF4F3374E8D93CA51BEC8C1C7D4058C9E51797A97E15FCAFCF3A54FC356.header.txt,A64C2CA438F1E50CA472A44150B00B15ECDEDA2BD00CEFC4351E9AAC4D57A636
65D1D32538349C1E4FD033151901890E04026E390D8DBDDB40D8BA7450402C6D,HeaderTextAsset,C:\Users\omard\source\repos\RecepcionDocumental\RecepcionDocumental\tools\DocumentAiProbe\experiments\H1D10A\text\65D1D32538349C1E4FD033151901890E04026E390D8DBDDB40D8BA7450402C6D.header.txt,D6B3576CABBD9A3F2D73BEE8F5BF644890205E9B6963EABD43B807D12E8FA16E
660C649E87C0E096D3EA290A7EEB1B41027B0E57F5AC516359697241B2FA0A46,HeaderTextAsset,C:\Users\omard\source\repos\RecepcionDocumental\RecepcionDocumental\tools\DocumentAiProbe\experiments\H1D10A\text\660C649E87C0E096D3EA290A7EEB1B41027B0E57F5AC516359697241B2FA0A46.header.txt,A3D6E8884615AA4E5002A044DA6A20860BD225AD90D6AEEA43956A4FDC594DC9
6628B77297FB0AF7072963D7CFE54056E7303FF0D0C639C77083714E0007556F,HeaderTextAsset,C:\Users\omard\source\repos\RecepcionDocumental\RecepcionDocumental\tools\DocumentAiProbe\experiments\H1D10A\text\6628B77297FB0AF7072963D7CFE54056E7303FF0D0C639C77083714E0007556F.header.txt,66FD12FC6C3BD452779F2A3ADF40B1FE4F921FC96E80AE3A305A7683FC7C2620
669CEF756F24B3F2936E59DA9B442C8189694D27CDCAA0F56F21B933D8FFF582,HeaderTextAsset,C:\Users\omard\source\repos\RecepcionDocumental\RecepcionDocumental\tools\DocumentAiProbe\experiments\H1D10A\text\669CEF756F24B3F2936E59DA9B442C8189694D27CDCAA0F56F21B933D8FFF582.header.txt,94F4D4FB6BEF41264216500FF2EA5B99F1EC8EA44963F3C4D747D6D2CA404B79
671095A2ED870416638D91130E56FEB62CED369C2B40CF13D8A3685EF542C9C2,HeaderTextAsset,C:\Users\omard\source\repos\RecepcionDocumental\RecepcionDocumental\tools\DocumentAiProbe\experiments\H1D10A\text\671095A2ED870416638D91130E56FEB62CED369C2B40CF13D8A3685EF542C9C2.header.txt,4AF4A79C6FD00CA23781063CF1C52B947B2F7E7B07935AF0039E5262A10F8353
674A1F88C6BD5E53FAF757B8EAF603391E1CDAAFF0A5B8A0038B98FCB947852D,HeaderTextAsset,C:\Users\omard\source\repos\RecepcionDocumental\RecepcionDocumental\tools\DocumentAiProbe\experiments\H1D10A\text\674A1F88C6BD5E53FAF757B8EAF603391E1CDAAFF0A5B8A0038B98FCB947852D.header.txt,F5E45E3D17A0C11EC8004EF2A2ED2D794355A472DEA3EE6801B888D056284D59
679B276143705D4AC3247557E5B766A0D3B8EF46EF0C7E93E9743E56F4C7C21B,HeaderTextAsset,C:\Users\omard\source\repos\RecepcionDocumental\RecepcionDocumental\tools\DocumentAiProbe\experiments\H1D10A\text\679B276143705D4AC3247557E5B766A0D3B8EF46EF0C7E93E9743E56F4C7C21B.header.txt,779E80F6B5E7E8A31A2A16F5C9A333E46426B709AE7548F65F8E9C08890D24DC
681D494D1EABD2B24BA13F9F99B3AC5F6D565688BB7368714C430C5395C5A868,HeaderTextAsset,C:\Users\omard\source\repos\RecepcionDocumental\RecepcionDocumental\tools\DocumentAiProbe\experiments\H1D10A\text\681D494D1EABD2B24BA13F9F99B3AC5F6D565688BB7368714C430C5395C5A868.header.txt,39621893C84BA88D5D7AD30B1DDA70FA159B97760631C93C1D25DE0D12CC707F
68384C891F748520511F1AC118FCE49299EBC326BF1FA1B534BBBF80AEB427D4,HeaderTextAsset,C:\Users\omard\source\repos\RecepcionDocumental\RecepcionDocumental\tools\DocumentAiProbe\experiments\H1D10A\text\68384C891F748520511F1AC118FCE49299EBC326BF1FA1B534BBBF80AEB427D4.header.txt,340E41D9FA010484F0430D7C07971813FF8F71154294A3695E2232AFDBAD9F5E
68847021C832C384F382EB8B663EF6878C4B227562C30B4AE75BACD93F932807,HeaderTextAsset,C:\Users\omard\source\repos\RecepcionDocumental\RecepcionDocumental\tools\DocumentAiProbe\experiments\H1D10A\text\68847021C832C384F382EB8B663EF6878C4B227562C30B4AE75BACD93F932807.header.txt,C0E73CF2D3CF3E2A15CD864CECF09C7A63B73CC19555CDE14DD28C4B3FD7D9DC
688B857EBA76F3FDD3C84756E0A20DB13FDCC6613A64CC850D0CDA9760FDF897,HeaderTextAsset,C:\Users\omard\source\repos\RecepcionDocumental\RecepcionDocumental\tools\DocumentAiProbe\experiments\H1D10A\text\688B857EBA76F3FDD3C84756E0A20DB13FDCC6613A64CC850D0CDA9760FDF897.header.txt,6AA7C0429AA0745A8668D116EFCB638CF885CA8EA4BD8EB5E8BFDFB58073ABD5
689B7BBF501134FEE362293BF2BFE282BFAF1D3D456B47AC2C5C1CCAB5FA15C4,HeaderTextAsset,C:\Users\omard\source\repos\RecepcionDocumental\RecepcionDocumental\tools\DocumentAiProbe\experiments\H1D10A\text\689B7BBF501134FEE362293BF2BFE282BFAF1D3D456B47AC2C5C1CCAB5FA15C4.header.txt,D65ADFA9AD42966389BEEDE145D79F149A2F6782FA786F3C8F894EE10ADA5AC6
68B3C6AAFE89838741E71226D9F554CE180B406E66489C6843999F2CB92CEDF1,HeaderTextAsset,C:\Users\omard\source\repos\RecepcionDocumental\RecepcionDocumental\tools\DocumentAiProbe\experiments\H1D10A\text\68B3C6AAFE89838741E71226D9F554CE180B406E66489C6843999F2CB92CEDF1.header.txt,4B254901AFECE1D4CCB629F5D6EABC82E63E57F42F2D23896685C5EB5CC35232
68BECE9089A8CF2D016046FF5F01BD82DB7E926079538EFBDAC71920F9FB6F4E,HeaderTextAsset,C:\Users\omard\source\repos\RecepcionDocumental\RecepcionDocumental\tools\DocumentAiProbe\experiments\H1D10A\text\68BECE9089A8CF2D016046FF5F01BD82DB7E926079538EFBDAC71920F9FB6F4E.header.txt,D62B1222DDC47DCC36F96CB2F5F89FC30D19A63198A79BBA425257BDFA40597C
691BF365684F97697A067502250D2340172FFABC2AF02D9E3B21DA04BCB2E53D,HeaderTextAsset,C:\Users\omard\source\repos\RecepcionDocumental\RecepcionDocumental\tools\DocumentAiProbe\experiments\H1D10A\text\691BF365684F97697A067502250D2340172FFABC2AF02D9E3B21DA04BCB2E53D.header.txt,2C6C69F412DF67A6E3C84D8778346D7B82C276C2A71B1174DD2221E822E54017
6951FCD388A8D53F50AEC19CB24E961F550D8DFDD9B70D9D3EBBEE53AB0530DF,HeaderTextAsset,C:\Users\omard\source\repos\RecepcionDocumental\RecepcionDocumental\tools\DocumentAiProbe\experiments\H1D10A\text\6951FCD388A8D53F50AEC19CB24E961F550D8DFDD9B70D9D3EBBEE53AB0530DF.header.txt,46F353AA2EA3F9774DEAE658B8EF2E3CA12460CE0A1C5B3A53E30BA5C25E9257
69BD97565D5E8FA5D5CC7FD22FC5672E7AB8B5D16B40DFF18AEA29F0EE46FD94,HeaderTextAsset,C:\Users\omard\source\repos\RecepcionDocumental\RecepcionDocumental\tools\DocumentAiProbe\experiments\H1D10A\text\69BD97565D5E8FA5D5CC7FD22FC5672E7AB8B5D16B40DFF18AEA29F0EE46FD94.header.txt,861555015DA9C8B13E4FA7D19D2E68F32A29D812E46911718D000ECC9CBC8AF8
69F92D3D10F2BE9527CE3AA19F22635B987762F8663A4A61550B7791C9813E44,HeaderTextAsset,C:\Users\omard\source\repos\RecepcionDocumental\RecepcionDocumental\tools\DocumentAiProbe\experiments\H1D10A\text\69F92D3D10F2BE9527CE3AA19F22635B987762F8663A4A61550B7791C9813E44.header.txt,E5539288F6A5DC01C16BEA5114C7E8083531AE97D1FBD94786AAC6205C3EC6D6
6A06BCDA8E65514CF3BD6E192ED15EE82B1DF5E90108BE7BCD9B102E469B53F9,HeaderTextAsset,C:\Users\omard\source\repos\RecepcionDocumental\RecepcionDocumental\tools\DocumentAiProbe\experiments\H1D10A\text\6A06BCDA8E65514CF3BD6E192ED15EE82B1DF5E90108BE7BCD9B102E469B53F9.header.txt,8F1918BE399786C29A8109C68BBA8CC68A6D75F48F0E90C89F0CB57DF3B4F2A4
6A19E35A6ABC9779551A8B03A45A480090726EC526CA32ABE637DAE9DC09E317,HeaderTextAsset,C:\Users\omard\source\repos\RecepcionDocumental\RecepcionDocumental\tools\DocumentAiProbe\experiments\H1D10A\text\6A19E35A6ABC9779551A8B03A45A480090726EC526CA32ABE637DAE9DC09E317.header.txt,C06C5CC93F1832C703CC7542B064CA21A19F953060CFF294CF1B073DC3FEC759
6A44D2562609C71F11C6039FD392E9E681619719A7040D46EA9B6E1E6DB4F295,HeaderTextAsset,C:\Users\omard\source\repos\RecepcionDocumental\RecepcionDocumental\tools\DocumentAiProbe\experiments\H1D10A\text\6A44D2562609C71F11C6039FD392E9E681619719A7040D46EA9B6E1E6DB4F295.header.txt,320354683544D122A56F7C290E9388E9893DC2B17D11FE9495A7935B4A944252
6AA2642DAF7B52EB364C1F945C3E1E25D291670E295B50405BC27CB969D12DE4,HeaderTextAsset,C:\Users\omard\source\repos\RecepcionDocumental\RecepcionDocumental\tools\DocumentAiProbe\experiments\H1D10A\text\6AA2642DAF7B52EB364C1F945C3E1E25D291670E295B50405BC27CB969D12DE4.header.txt,AD366B15A68603E66AE985DAC01C3D7FAFD128AF5397CBD21F7ECD0E6F95DF9F
6AAA6E56A668CA470CE59A1DA0E3208162A408FD1E83E1DB80551F50B08F7631,HeaderTextAsset,C:\Users\omard\source\repos\RecepcionDocumental\RecepcionDocumental\tools\DocumentAiProbe\experiments\H1D10A\text\6AAA6E56A668CA470CE59A1DA0E3208162A408FD1E83E1DB80551F50B08F7631.header.txt,7A3E08B5D38172C1AAEF70041A630845BAAD61C7C35FA441EE3986CDB611CC08
6AB1420C695AE2A02BBF6C1CF3EA49C7218A2CF1AC0BAE68E045D85D111FC0C0,HeaderTextAsset,C:\Users\omard\source\repos\RecepcionDocumental\RecepcionDocumental\tools\DocumentAiProbe\experiments\H1D10A\text\6AB1420C695AE2A02BBF6C1CF3EA49C7218A2CF1AC0BAE68E045D85D111FC0C0.header.txt,3BF1579CA27865C99AD7DB8B4059D42C5802586EB94B43E0BB41240F1E941A26
6B0339E36C35108FAF16CA49C1BF3433163F965A1ED14438435253633CBB9F31,HeaderTextAsset,C:\Users\omard\source\repos\RecepcionDocumental\RecepcionDocumental\tools\DocumentAiProbe\experiments\H1D10A\text\6B0339E36C35108FAF16CA49C1BF3433163F965A1ED14438435253633CBB9F31.header.txt,14DBD811EF918A3B6BD6A3D2CE021B3C0D4F129580AF398FFAC3960DE305A06E
6B4A3FF9C231EC839A67CEBFFE430E144F787E7637B5565884FC431C70BB3736,HeaderTextAsset,C:\Users\omard\source\repos\RecepcionDocumental\RecepcionDocumental\tools\DocumentAiProbe\experiments\H1D10A\text\6B4A3FF9C231EC839A67CEBFFE430E144F787E7637B5565884FC431C70BB3736.header.txt,706D1CC31F98FF36222C3A2A0200E8EA586778D1EB3BA0334B8EF49503C3956B
6B5E9590C4800D1DF3407962383CB00B53C9090887157D672A4E2359DFFAA25F,HeaderTextAsset,C:\Users\omard\source\repos\RecepcionDocumental\RecepcionDocumental\tools\DocumentAiProbe\experiments\H1D10A\text\6B5E9590C4800D1DF3407962383CB00B53C9090887157D672A4E2359DFFAA25F.header.txt,712AFAEC86ED0B5A6400C93EAFA407EC7CF6F5349CC50A0E09A460333EA9425E
6B7BB9D0EFF24F7DAB919D1049DE297F8C289642CBF813E3C2E85064308F0BC6,HeaderTextAsset,C:\Users\omard\source\repos\RecepcionDocumental\RecepcionDocumental\tools\DocumentAiProbe\experiments\H1D10A\text\6B7BB9D0EFF24F7DAB919D1049DE297F8C289642CBF813E3C2E85064308F0BC6.header.txt,092A2016E79943686B766A827A0E2B3A9B4CD8DFC75DE0F5765EC7725CD3F024
6B96BB1E1D807BDFD4A12F5631C2176A155EE44DAA9B974BA349414248CE8938,HeaderTextAsset,C:\Users\omard\source\repos\RecepcionDocumental\RecepcionDocumental\tools\DocumentAiProbe\experiments\H1D10A\text\6B96BB1E1D807BDFD4A12F5631C2176A155EE44DAA9B974BA349414248CE8938.header.txt,70E48B6A41F0B20800066B393FE4B21503C8B1683B974B6F16F87D465B8BC640
6BC211BC3F456C4F62C7F39BE39CE115108F377BC270C8D0CBD9CB0A400092D5,HeaderTextAsset,C:\Users\omard\source\repos\RecepcionDocumental\RecepcionDocumental\tools\DocumentAiProbe\experiments\H1D10A\text\6BC211BC3F456C4F62C7F39BE39CE115108F377BC270C8D0CBD9CB0A400092D5.header.txt,10CE78B9CF2DB920E81B11509B35DE4F79A181B12C3423D30790A4C78D3DF2B0
6BC87B9F03FDB1B6CA97AF962F30837A6B76F2CBC51CEAC85253E653BB7D3790,HeaderTextAsset,C:\Users\omard\source\repos\RecepcionDocumental\RecepcionDocumental\tools\DocumentAiProbe\experiments\H1D10A\text\6BC87B9F03FDB1B6CA97AF962F30837A6B76F2CBC51CEAC85253E653BB7D3790.header.txt,FF68BA61666417360A5D71ACDED16128F3065CF6ED35C6E5980E3A6273692A68
6BDD70A1E311F323C3AE095EA182CC3591DEFFA1BB39A2F1872AD5556DE12B10,HeaderTextAsset,C:\Users\omard\source\repos\RecepcionDocumental\RecepcionDocumental\tools\DocumentAiProbe\experiments\H1D10A\text\6BDD70A1E311F323C3AE095EA182CC3591DEFFA1BB39A2F1872AD5556DE12B10.header.txt,8D637B1DDEB78A4677DE4F72876FF88D3AC61FA20C4D7A7852925B599BEA7098
6C4F806F57E884A8868D9DDA6F11E9A66107106EC3FE4989B56D5ED6BDBF705C,HeaderTextAsset,C:\Users\omard\source\repos\RecepcionDocumental\RecepcionDocumental\tools\DocumentAiProbe\experiments\H1D10A\text\6C4F806F57E884A8868D9DDA6F11E9A66107106EC3FE4989B56D5ED6BDBF705C.header.txt,FF614F2E7AD76EE27671294ECAB573DDEC7AA134063257D0F269DE00B49CEE78
6C5B4EA91CF5B9B7DCFE271736BED260D3E743DB8E6B20D27414377E4A215229,HeaderTextAsset,C:\Users\omard\source\repos\RecepcionDocumental\RecepcionDocumental\tools\DocumentAiProbe\experiments\H1D10A\text\6C5B4EA91CF5B9B7DCFE271736BED260D3E743DB8E6B20D27414377E4A215229.header.txt,8B3D18ED05BE7E0D07F593FBC81718E03CD0513FBC2F089ED06B9EF38AF422B2
6C60860296C94E2ACB69838ECB62B7DEE7CD4A9C0357E689FC6DF7E2F4D840B5,HeaderTextAsset,C:\Users\omard\source\repos\RecepcionDocumental\RecepcionDocumental\tools\DocumentAiProbe\experiments\H1D10A\text\6C60860296C94E2ACB69838ECB62B7DEE7CD4A9C0357E689FC6DF7E2F4D840B5.header.txt,C34C6D9CD3D1B868A97DAA55614DF117D09453825C4749476E941D47012905B5
6C8B940D1661F64CF6F7EC76B7DBF963C1D054B1355DFD856CA0FB306A750A3D,HeaderTextAsset,C:\Users\omard\source\repos\RecepcionDocumental\RecepcionDocumental\tools\DocumentAiProbe\experiments\H1D10A\text\6C8B940D1661F64CF6F7EC76B7DBF963C1D054B1355DFD856CA0FB306A750A3D.header.txt,C5E105B1236C68AC23726A3F50A459AB97ABE76BFAF9E0D01FBB02693FBCB752
6C94C617C8904CF308B28BE5F23B2E67C8FC9DF6D9AD8F1B0FB3FEA74DBFEEA1,HeaderTextAsset,C:\Users\omard\source\repos\RecepcionDocumental\RecepcionDocumental\tools\DocumentAiProbe\experiments\H1D10A\text\6C94C617C8904CF308B28BE5F23B2E67C8FC9DF6D9AD8F1B0FB3FEA74DBFEEA1.header.txt,97D5A65F61E3D25CD5B6E2C772725C62853FF7B423F99828B73094A90A9EEA01
6D6E1AA48E6C44FD43EF2352B4C1F3D017BC787D0C043C49EAACDF1BCF531B22,HeaderTextAsset,C:\Users\omard\source\repos\RecepcionDocumental\RecepcionDocumental\tools\DocumentAiProbe\experiments\H1D10A\text\6D6E1AA48E6C44FD43EF2352B4C1F3D017BC787D0C043C49EAACDF1BCF531B22.header.txt,9B04604C1F8A750D7EC465EB0DDC1DD50BA0416A39E2B3D1BF39EADA85BF71A5
6DEA7D3BCF2BDC78A4C5B1A0C8A35F62E0D88B265012BA0DBBCB8B6613470373,HeaderTextAsset,C:\Users\omard\source\repos\RecepcionDocumental\RecepcionDocumental\tools\DocumentAiProbe\experiments\H1D10A\text\6DEA7D3BCF2BDC78A4C5B1A0C8A35F62E0D88B265012BA0DBBCB8B6613470373.header.txt,6ADE4E793CB3E8F13A8707857A2003D48BE1AA05E9230124EC4305CA5CF0CE29
6E223B3FB776EC499C1079BF9AF95E4CAA33950DD34CBC577C446F8985A308EA,HeaderTextAsset,C:\Users\omard\source\repos\RecepcionDocumental\RecepcionDocumental\tools\DocumentAiProbe\experiments\H1D10A\text\6E223B3FB776EC499C1079BF9AF95E4CAA33950DD34CBC577C446F8985A308EA.header.txt,9B85A34E28ABFE8872B967089E4A6601125A0A8F906F15F44EF08035F56F9935
6E87835328F15BFEB50D7BE61B069A1C3E18312B37B2AD241FC3B3D5B3669957,HeaderTextAsset,C:\Users\omard\source\repos\RecepcionDocumental\RecepcionDocumental\tools\DocumentAiProbe\experiments\H1D10A\text\6E87835328F15BFEB50D7BE61B069A1C3E18312B37B2AD241FC3B3D5B3669957.header.txt,A10698F635FF86B0BB2042DBDF47C691A8F5F0EED0A708E901B3A0749238F801
6E9ED9F5310651C047A3FC9B8D480F10A4625DB45DC71EB2F895E3E2993D62A1,HeaderTextAsset,C:\Users\omard\source\repos\RecepcionDocumental\RecepcionDocumental\tools\DocumentAiProbe\experiments\H1D10A\text\6E9ED9F5310651C047A3FC9B8D480F10A4625DB45DC71EB2F895E3E2993D62A1.header.txt,95FD27440AD89CF77A767DE0F0430EA56CCB6EE75BD628AA92A0088CC3EF7F90
6EE583A0329BFFE2CC0604B2DF470F2E9E8A3A491ABED3AE58229C122955C824,HeaderTextAsset,C:\Users\omard\source\repos\RecepcionDocumental\RecepcionDocumental\tools\DocumentAiProbe\experiments\H1D10A\text\6EE583A0329BFFE2CC0604B2DF470F2E9E8A3A491ABED3AE58229C122955C824.header.txt,BD56E1F97D46DAC1A651A8F63D187664369D8473D5584CE8F543E6811D111ACD
70183B71AFCE11898A3EBCFC447FF1DA5F4FCE6AE346AD66A7BFB03C5841D4DF,HeaderTextAsset,C:\Users\omard\source\repos\RecepcionDocumental\RecepcionDocumental\tools\DocumentAiProbe\experiments\H1D10A\text\70183B71AFCE11898A3EBCFC447FF1DA5F4FCE6AE346AD66A7BFB03C5841D4DF.header.txt,9A60890861AF0E3B4FCAC97693FB76D022A5547152A0EA996C3636B8657854B9
70701EB80254F49040749A4D00344EC36FD7AC369A877580BDB3B12BC941655A,HeaderTextAsset,C:\Users\omard\source\repos\RecepcionDocumental\RecepcionDocumental\tools\DocumentAiProbe\experiments\H1D10A\text\70701EB80254F49040749A4D00344EC36FD7AC369A877580BDB3B12BC941655A.header.txt,FCE8B5ACAC05039B3EF3B8B490DC945268D84A71FFB9AD9B4C86E598303A8F23
70943A213A862A315DB451BAFBADDBFE5C0E45D694BF40FD8E5430FF47A032BA,HeaderTextAsset,C:\Users\omard\source\repos\RecepcionDocumental\RecepcionDocumental\tools\DocumentAiProbe\experiments\H1D10A\text\70943A213A862A315DB451BAFBADDBFE5C0E45D694BF40FD8E5430FF47A032BA.header.txt,CAFA9AE62DD7E8F7ED8016A8EF5E919131875B9DFC3FD6C3BD22935CBE2CC2D9
70E5AE3F504F2F5AB4AD5B3E512AC716415539ADF79DF6BF02821B5A8D35578A,HeaderTextAsset,C:\Users\omard\source\repos\RecepcionDocumental\RecepcionDocumental\tools\DocumentAiProbe\experiments\H1D10A\text\70E5AE3F504F2F5AB4AD5B3E512AC716415539ADF79DF6BF02821B5A8D35578A.header.txt,B6E9C896EEEE4985BF2ED71E48ED1F14D0846807C43795D7A3FF7888AE7C8134
724463BDFD7CEF809283F23242EFA6D6746540C1B1BED9FA87F7081F3FEAA794,HeaderTextAsset,C:\Users\omard\source\repos\RecepcionDocumental\RecepcionDocumental\tools\DocumentAiProbe\experiments\H1D10A\text\724463BDFD7CEF809283F23242EFA6D6746540C1B1BED9FA87F7081F3FEAA794.header.txt,51D693A9606374F86C57FD61CB0CDC6E470E7629859DDA3201A41479DB059AF3
724E671BB3324AC80652938C4FC4669A53A37A8FC7CE84A81EA066E5A2D15246,HeaderTextAsset,C:\Users\omard\source\repos\RecepcionDocumental\RecepcionDocumental\tools\DocumentAiProbe\experiments\H1D10A\text\724E671BB3324AC80652938C4FC4669A53A37A8FC7CE84A81EA066E5A2D15246.header.txt,E170BDDA2CEA7BC8BFE676C5DB8031C139A917C8F7111A406B502EF105FF1E80
728FFB9AA6918939C77AFBD14176374095A4B94DF78DC4BBE4E0D3A1F4E64555,HeaderTextAsset,C:\Users\omard\source\repos\RecepcionDocumental\RecepcionDocumental\tools\DocumentAiProbe\experiments\H1D10A\text\728FFB9AA6918939C77AFBD14176374095A4B94DF78DC4BBE4E0D3A1F4E64555.header.txt,4556CE301A756136965532337F1F46F94B5F426D2A30FCF75B74155D0253E375
729AF3D6447EC31F5F02AB12E6FB6DD6CAE910EC2C50B43FBEBFECB00678E4B0,HeaderTextAsset,C:\Users\omard\source\repos\RecepcionDocumental\RecepcionDocumental\tools\DocumentAiProbe\experiments\H1D10A\text\729AF3D6447EC31F5F02AB12E6FB6DD6CAE910EC2C50B43FBEBFECB00678E4B0.header.txt,5764B3DA3EFA789761A00E1D3BBFC08723A067A70549C5ABCCDBF72EA2FC08E1
72D4B9B1041555B196030613602AB200641E03F669E2F7A68004A6F30A0026C9,HeaderTextAsset,C:\Users\omard\source\repos\RecepcionDocumental\RecepcionDocumental\tools\DocumentAiProbe\experiments\H1D10A\text\72D4B9B1041555B196030613602AB200641E03F669E2F7A68004A6F30A0026C9.header.txt,4E3440DBF305731089C7FA92FE5EF7CFA9102123212FDBFE492DA4D766B70929
72DB0BB791EF4D236D0F5138132C14C14CC2CD9C33CB371EE37DDDD55642FBA8,HeaderTextAsset,C:\Users\omard\source\repos\RecepcionDocumental\RecepcionDocumental\tools\DocumentAiProbe\experiments\H1D10A\text\72DB0BB791EF4D236D0F5138132C14C14CC2CD9C33CB371EE37DDDD55642FBA8.header.txt,57A220AEC80B20CEE415434046865B1E54D1B3E498CF6A56FBFC1132A5AFA63B
734F30506EF447B3DF986696A7B0478A899FB94EB94D9C58897B138972AFE0CB,HeaderTextAsset,C:\Users\omard\source\repos\RecepcionDocumental\RecepcionDocumental\tools\DocumentAiProbe\experiments\H1D10A\text\734F30506EF447B3DF986696A7B0478A899FB94EB94D9C58897B138972AFE0CB.header.txt,6EFC32D7F1646D8DBAB69C968358A388822DA8FCB027C892FB9FA1D3C7D16D0C
7369DF302D07631A98454113785F530B862A7D556083C9BCE2A378E733A259D1,HeaderTextAsset,C:\Users\omard\source\repos\RecepcionDocumental\RecepcionDocumental\tools\DocumentAiProbe\experiments\H1D10A\text\7369DF302D07631A98454113785F530B862A7D556083C9BCE2A378E733A259D1.header.txt,14BC547B04B03527B22AB644C536B0F179C3A5407C3248B1D528A6024BB3BBB8
7450CD3EC72F3F9A0F1009EF270B10F283D7B56BE50BAAC01800EA9CF2C9E36B,HeaderTextAsset,C:\Users\omard\source\repos\RecepcionDocumental\RecepcionDocumental\tools\DocumentAiProbe\experiments\H1D10A\text\7450CD3EC72F3F9A0F1009EF270B10F283D7B56BE50BAAC01800EA9CF2C9E36B.header.txt,46B91ED846E1BE97E46BAAD9FBB4625A3D80352258E2A2082CB3FC60A73E3F4B
74542EF02D20DD76101D0733ECF11256439DDFD34B08011929E3EAD5E159F285,HeaderTextAsset,C:\Users\omard\source\repos\RecepcionDocumental\RecepcionDocumental\tools\DocumentAiProbe\experiments\H1D10A\text\74542EF02D20DD76101D0733ECF11256439DDFD34B08011929E3EAD5E159F285.header.txt,F072EB44481BC93A622433F7101DF2839AAEAFC8243C18D9130E5885BBCEA529
74A8804E13BCB0916DE52FB4050B48283F6D7C52B6A0CC9E5C66DBC3093FEB48,HeaderTextAsset,C:\Users\omard\source\repos\RecepcionDocumental\RecepcionDocumental\tools\DocumentAiProbe\experiments\H1D10A\text\74A8804E13BCB0916DE52FB4050B48283F6D7C52B6A0CC9E5C66DBC3093FEB48.header.txt,FE0B0B4489E6E4D7A7F007AD84137731DF6E46779D800C581ECC1348E954C4E3
74A93147090410909DD49E3D1B75B7C3EA9345128B785139DC2F671880C5FE6E,HeaderTextAsset,C:\Users\omard\source\repos\RecepcionDocumental\RecepcionDocumental\tools\DocumentAiProbe\experiments\H1D10A\text\74A93147090410909DD49E3D1B75B7C3EA9345128B785139DC2F671880C5FE6E.header.txt,641544FA6365E5E97056EE23B38B840C6388297C435D4339F45CA1EBB2D188AA
74E1683A4487F41741E8A66012A82E03967DF0DDF917463FCEF8254BBECACC4A,HeaderTextAsset,C:\Users\omard\source\repos\RecepcionDocumental\RecepcionDocumental\tools\DocumentAiProbe\experiments\H1D10A\text\74E1683A4487F41741E8A66012A82E03967DF0DDF917463FCEF8254BBECACC4A.header.txt,6818AC5AB45350D1A3CF616964E5958E2D8499E6FBB22C99107AFF92D1D0F447
750B721B9BDFFF78051B518266ACF845200D2C77179A01BD8DBB04C304DBA48F,HeaderTextAsset,C:\Users\omard\source\repos\RecepcionDocumental\RecepcionDocumental\tools\DocumentAiProbe\experiments\H1D10A\text\750B721B9BDFFF78051B518266ACF845200D2C77179A01BD8DBB04C304DBA48F.header.txt,36DF284DF6F6ADE23732652F756254E71B57F8528716AC107E993EB4D7092359
754EE6E12E8F8F2901DAE135E15FF3D5ABF245CA5D195BB6F95149FE4EA034C8,HeaderTextAsset,C:\Users\omard\source\repos\RecepcionDocumental\RecepcionDocumental\tools\DocumentAiProbe\experiments\H1D10A\text\754EE6E12E8F8F2901DAE135E15FF3D5ABF245CA5D195BB6F95149FE4EA034C8.header.txt,59721E474BA37F8B7EDFEC6E1C8153627C2350D8FE8AEB4BD7F6BAE684BDB880
75920680546C0B19824E520C35362E4321A64E41D50F38FDCA51BFD9B991E533,HeaderTextAsset,C:\Users\omard\source\repos\RecepcionDocumental\RecepcionDocumental\tools\DocumentAiProbe\experiments\H1D10A\text\75920680546C0B19824E520C35362E4321A64E41D50F38FDCA51BFD9B991E533.header.txt,46929EEF8F9AEF017691A8E86153472A669CD4B516A40BCD83F7C7D41D336853
7665E4053FAEAC461DD7C5DD5BCF9F87E0FD310718AD6F36BCD084A7244397EC,HeaderTextAsset,C:\Users\omard\source\repos\RecepcionDocumental\RecepcionDocumental\tools\DocumentAiProbe\experiments\H1D10A\text\7665E4053FAEAC461DD7C5DD5BCF9F87E0FD310718AD6F36BCD084A7244397EC.header.txt,9455E400342D46E1D0DBBF7A4A1FD6867A31643D93F221EA5AB1B4B67355B310
7765957EC5D2FAD2C870AA576B360E8C599D1A09C2161E5A60675B0C299E82FF,HeaderTextAsset,C:\Users\omard\source\repos\RecepcionDocumental\RecepcionDocumental\tools\DocumentAiProbe\experiments\H1D10A\text\7765957EC5D2FAD2C870AA576B360E8C599D1A09C2161E5A60675B0C299E82FF.header.txt,6E168BCCC1634A1A21C40D8F4EE00D6162260A6A339F0E82C7BEE9CE4087FE85
77A0EC1DD124A7512A46495983BEB01CA5EAB0F48B06D7DE74C1D779BA2D5625,HeaderTextAsset,C:\Users\omard\source\repos\RecepcionDocumental\RecepcionDocumental\tools\DocumentAiProbe\experiments\H1D10A\text\77A0EC1DD124A7512A46495983BEB01CA5EAB0F48B06D7DE74C1D779BA2D5625.header.txt,ECF085A1022A46FE0E81B877E8ED9CA099A41DE28FB7C5F2650ADA8E71B7C22F
77B60D8DF4FBC86CF6252968C853F56FAEEDA985E717813496E7056B93CA9840,HeaderTextAsset,C:\Users\omard\source\repos\RecepcionDocumental\RecepcionDocumental\tools\DocumentAiProbe\experiments\H1D10A\text\77B60D8DF4FBC86CF6252968C853F56FAEEDA985E717813496E7056B93CA9840.header.txt,F17689D42FB47B65E12D69BC25C973BBCE786FDB813286566114D90D53542741
77BEE0C8120D6B5C3D19B79CC4ABFFE13BCD86AB4AD7BDCFE810BF0F53FA5689,HeaderTextAsset,C:\Users\omard\source\repos\RecepcionDocumental\RecepcionDocumental\tools\DocumentAiProbe\experiments\H1D10A\text\77BEE0C8120D6B5C3D19B79CC4ABFFE13BCD86AB4AD7BDCFE810BF0F53FA5689.header.txt,0D45CA8FEF4670FC67460C63A71E49988BD89386D41CBBD19E6231FA66529D84
7856CD25016572D0C1DAD26A3A34140A0970F045A42C83C1D80C10E9F894C9B6,HeaderTextAsset,C:\Users\omard\source\repos\RecepcionDocumental\RecepcionDocumental\tools\DocumentAiProbe\experiments\H1D10A\text\7856CD25016572D0C1DAD26A3A34140A0970F045A42C83C1D80C10E9F894C9B6.header.txt,5299951ED70B2BC0ED99A38C35651FBF7D89D3AEF5DFDF77492CB9F2FBFBB534
786C9DF77DC594A4F4661372FB7550FA2BBE1C9CDC8EEFD007F2E8338559704A,HeaderTextAsset,C:\Users\omard\source\repos\RecepcionDocumental\RecepcionDocumental\tools\DocumentAiProbe\experiments\H1D10A\text\786C9DF77DC594A4F4661372FB7550FA2BBE1C9CDC8EEFD007F2E8338559704A.header.txt,98A6967DB4D36244AA27FF004D10AAF4190DD5A7A2BEDCA7E1AB0512415271CF
789EA214DA187999DB573C790694ED9C456AD09E79B3423DA4745624AB02984B,HeaderTextAsset,C:\Users\omard\source\repos\RecepcionDocumental\RecepcionDocumental\tools\DocumentAiProbe\experiments\H1D10A\text\789EA214DA187999DB573C790694ED9C456AD09E79B3423DA4745624AB02984B.header.txt,805BF5BD0EC60C8A9A34274ECBADA8ACA875F655E03A9C443AF7E044475FD941
78D7C45F35EDDA7F3577410E9127D1B384883360372511081C054BA435B8E0A6,HeaderTextAsset,C:\Users\omard\source\repos\RecepcionDocumental\RecepcionDocumental\tools\DocumentAiProbe\experiments\H1D10A\text\78D7C45F35EDDA7F3577410E9127D1B384883360372511081C054BA435B8E0A6.header.txt,2864C986D00D7CFC46DC5E60CE443A8ECE3D7CF0B676D0E3CD1EF541B25E6DD9
7943C6EB1641AD882AF8038E05B5F350A7FA8FBE6C2DF3DF90E9004412040FEF,HeaderTextAsset,C:\Users\omard\source\repos\RecepcionDocumental\RecepcionDocumental\tools\DocumentAiProbe\experiments\H1D10A\text\7943C6EB1641AD882AF8038E05B5F350A7FA8FBE6C2DF3DF90E9004412040FEF.header.txt,B2E46EA385E15E95DC0D95F5A446526D30C43C31360124B3DC3B09089161CBCC
798711A2CD575D42858450215C116F88AAB5045FF2ADB933E2FAFEA46C072DB6,HeaderTextAsset,C:\Users\omard\source\repos\RecepcionDocumental\RecepcionDocumental\tools\DocumentAiProbe\experiments\H1D10A\text\798711A2CD575D42858450215C116F88AAB5045FF2ADB933E2FAFEA46C072DB6.header.txt,9C467EC4BCAC80A38FE3D543FD5FD49121D30E111493A9C7D3472244447C74D5
798ACADC0DC6E998A0904781F508CB74AA1B009064F5615A92EEE05C3AA36790,HeaderTextAsset,C:\Users\omard\source\repos\RecepcionDocumental\RecepcionDocumental\tools\DocumentAiProbe\experiments\H1D10A\text\798ACADC0DC6E998A0904781F508CB74AA1B009064F5615A92EEE05C3AA36790.header.txt,6A40F3D9D0933139C203DFFBD9DE79AF5E94E7D17D8F3147FE305932A2BE9F90
79ADF4E464CD5BF264A498AF625E2970E5CC8C04C0328A0860C11350DB57FBE3,HeaderTextAsset,C:\Users\omard\source\repos\RecepcionDocumental\RecepcionDocumental\tools\DocumentAiProbe\experiments\H1D10A\text\79ADF4E464CD5BF264A498AF625E2970E5CC8C04C0328A0860C11350DB57FBE3.header.txt,1EE26246ECCD798BA4181E03E068E9489A370CFADCD8FB70BB39280152302CF8
7AB8D2AB7B5229FA6F6AFB5F7329F783BD003B13322FB478B6176610993FCC87,HeaderTextAsset,C:\Users\omard\source\repos\RecepcionDocumental\RecepcionDocumental\tools\DocumentAiProbe\experiments\H1D10A\text\7AB8D2AB7B5229FA6F6AFB5F7329F783BD003B13322FB478B6176610993FCC87.header.txt,95B690B33C2DB774C17D3E34C5071FA6802C23A87F8C8DD82225B559CA49A900
7AE0DBFAD8AA6A4A31D3D85770137B3AC98891809709CF8E9EC04FAD430D9BFB,HeaderTextAsset,C:\Users\omard\source\repos\RecepcionDocumental\RecepcionDocumental\tools\DocumentAiProbe\experiments\H1D10A\text\7AE0DBFAD8AA6A4A31D3D85770137B3AC98891809709CF8E9EC04FAD430D9BFB.header.txt,CA336EBD17E5F66BCE50894A7CB4BF1FDAC4FCAF3B25BA13803ACD5507B628B6
7B3901E49FF57B75478E861F1A6EEC80C6FA8ED5B6BF3BAB44C8E8FC0989BB5C,HeaderTextAsset,C:\Users\omard\source\repos\RecepcionDocumental\RecepcionDocumental\tools\DocumentAiProbe\experiments\H1D10A\text\7B3901E49FF57B75478E861F1A6EEC80C6FA8ED5B6BF3BAB44C8E8FC0989BB5C.header.txt,5684974E35B7EC3F9478E41FC39EDBB348C395DD3C2C3474BEBFA541F7970EE6
7B719EB0767D781E74AAB6EFB62BA480BFEF3682904B68947E5F6415AFE1EE44,HeaderTextAsset,C:\Users\omard\source\repos\RecepcionDocumental\RecepcionDocumental\tools\DocumentAiProbe\experiments\H1D10A\text\7B719EB0767D781E74AAB6EFB62BA480BFEF3682904B68947E5F6415AFE1EE44.header.txt,5F24B445A4C497B436C049BD91384F8676E5F966DD2822D4294B9223E4223A4A
7B88EB37D9D6D70AF24378E316B65C9A921DFF386F57347F7073D8AB98E0D99F,HeaderTextAsset,C:\Users\omard\source\repos\RecepcionDocumental\RecepcionDocumental\tools\DocumentAiProbe\experiments\H1D10A\text\7B88EB37D9D6D70AF24378E316B65C9A921DFF386F57347F7073D8AB98E0D99F.header.txt,4B4B4D4708C6D6564A67CC8C079D1AF85429E7C8480EBA8BC27C0E7791C34151
7BDA132A66DCC9019CACEC8C76D060F25F6AB5BC39C12E07860E24F737ADFF5D,HeaderTextAsset,C:\Users\omard\source\repos\RecepcionDocumental\RecepcionDocumental\tools\DocumentAiProbe\experiments\H1D10A\text\7BDA132A66DCC9019CACEC8C76D060F25F6AB5BC39C12E07860E24F737ADFF5D.header.txt,DAD9EE2CFCFBA3624D48253B20D2198666253952DF8D93E74CAE86C0796E14C9
7BE95791A9699A99D2073BA31B556C45CFA1A04985002C06CA6A36D57A86525D,HeaderTextAsset,C:\Users\omard\source\repos\RecepcionDocumental\RecepcionDocumental\tools\DocumentAiProbe\experiments\H1D10A\text\7BE95791A9699A99D2073BA31B556C45CFA1A04985002C06CA6A36D57A86525D.header.txt,E8558764E47B364CDA98DCE7CF619252153913B646E0716A9F877E1AF62D19F6
7C73F1706B08D28FF38296AA93C83247D2B200F3EEF0D166BC1AF40FA14836FF,HeaderTextAsset,C:\Users\omard\source\repos\RecepcionDocumental\RecepcionDocumental\tools\DocumentAiProbe\experiments\H1D10A\text\7C73F1706B08D28FF38296AA93C83247D2B200F3EEF0D166BC1AF40FA14836FF.header.txt,4A287058C87F1FAA0EF398F598B2AADE623469DCA94F07FE21FCCA4CC86D6A40
7C7BEBD02F866B63C5475F1B0D0CA9C678F5D261548ED2C7B2B9D475D6383CC9,HeaderTextAsset,C:\Users\omard\source\repos\RecepcionDocumental\RecepcionDocumental\tools\DocumentAiProbe\experiments\H1D10A\text\7C7BEBD02F866B63C5475F1B0D0CA9C678F5D261548ED2C7B2B9D475D6383CC9.header.txt,116E84F315C6C66410F0C2BEDF7F27EB4207BDCC729BBEE5F10D29B338D5D7CE
7C9BBDA23EDEB3A0E8084A1817DC926D7DBC841380E79E281F299282806E530C,HeaderTextAsset,C:\Users\omard\source\repos\RecepcionDocumental\RecepcionDocumental\tools\DocumentAiProbe\experiments\H1D10A\text\7C9BBDA23EDEB3A0E8084A1817DC926D7DBC841380E79E281F299282806E530C.header.txt,8A8E3EE01AE8C7498E0E6A8AB65B637731C83B23165AA759D73BAC519D1D044B
7D1382F1311C92CB388B27CBA3FA90D6ED16941AFC4AF91E2A72DC24D5315A75,HeaderTextAsset,C:\Users\omard\source\repos\RecepcionDocumental\RecepcionDocumental\tools\DocumentAiProbe\experiments\H1D10A\text\7D1382F1311C92CB388B27CBA3FA90D6ED16941AFC4AF91E2A72DC24D5315A75.header.txt,396F4F3F06A4464F6CC56F30D7099B64A6F4B3A76EACD2AFE518813A630F34A2
7D43AB520097327C8645B32F08E408BD0715488AC01D3A360839A4652A9AC719,HeaderTextAsset,C:\Users\omard\source\repos\RecepcionDocumental\RecepcionDocumental\tools\DocumentAiProbe\experiments\H1D10A\text\7D43AB520097327C8645B32F08E408BD0715488AC01D3A360839A4652A9AC719.header.txt,9C15B5C3F941AAE1213F37B10FD758EBBC7C3393A81B7DA99CD89430D3E3C603
7D71C224D23E5E0E8FD05C6303A4B986D06341EE722D4E62939389806BBE3471,HeaderTextAsset,C:\Users\omard\source\repos\RecepcionDocumental\RecepcionDocumental\tools\DocumentAiProbe\experiments\H1D10A\text\7D71C224D23E5E0E8FD05C6303A4B986D06341EE722D4E62939389806BBE3471.header.txt,E4055966399EF1C0DBF03F0F05DAF83C1F86B99F5AB474B42E39911A856AD237
7DB28C1CAEF678FB79B4D943F74C412E0324E467A85C015D65AD2D45783D057A,HeaderTextAsset,C:\Users\omard\source\repos\RecepcionDocumental\RecepcionDocumental\tools\DocumentAiProbe\experiments\H1D10A\text\7DB28C1CAEF678FB79B4D943F74C412E0324E467A85C015D65AD2D45783D057A.header.txt,9125E37E96281066FF6A5D97B988B673EC0491C04E1DF5E3FFA3C7DD49E60AA0
7E3C212A4DE3A52AB3D18EEEE790C5BEE9D1117A682938855EF6EFA02DD3C4AC,HeaderTextAsset,C:\Users\omard\source\repos\RecepcionDocumental\RecepcionDocumental\tools\DocumentAiProbe\experiments\H1D10A\text\7E3C212A4DE3A52AB3D18EEEE790C5BEE9D1117A682938855EF6EFA02DD3C4AC.header.txt,95B0DF81C7BED0F2F3CD8F3C567B25A1CA6BB1BD1FF53ABBE0C803EEAFD5B162
7E7C1A039E6FDE0D4120995D969E25093755D4C47653EAE9E1F5998F2454448B,HeaderTextAsset,C:\Users\omard\source\repos\RecepcionDocumental\RecepcionDocumental\tools\DocumentAiProbe\experiments\H1D10A\text\7E7C1A039E6FDE0D4120995D969E25093755D4C47653EAE9E1F5998F2454448B.header.txt,8120DD318AA422A47AD6776739D5E9ADC29931D605F895669F724D2C7E78B246
7F7A01F689D121007DF3C9E807D55E966E785B4D8CAABB94AD8FBA25C27225F4,HeaderTextAsset,C:\Users\omard\source\repos\RecepcionDocumental\RecepcionDocumental\tools\DocumentAiProbe\experiments\H1D10A\text\7F7A01F689D121007DF3C9E807D55E966E785B4D8CAABB94AD8FBA25C27225F4.header.txt,FFAEEB9AB583E4BC16A5E41B92494E9711070DECE3C94596247F523A09E608EF
7F89F980F4355D93CED4B57BBB7F5AC404B25E081962D20F5702B8764B4066DB,HeaderTextAsset,C:\Users\omard\source\repos\RecepcionDocumental\RecepcionDocumental\tools\DocumentAiProbe\experiments\H1D10A\text\7F89F980F4355D93CED4B57BBB7F5AC404B25E081962D20F5702B8764B4066DB.header.txt,563F7BE70D2129A2E5F598D37F1B14614BAF4D011C2B92F3913BFFBA499EA492
7FCBBC7B3E14E41EFA2F05C0FFC31F73B74BE9AA4754A639AD303E1AB0092CCE,HeaderTextAsset,C:\Users\omard\source\repos\RecepcionDocumental\RecepcionDocumental\tools\DocumentAiProbe\experiments\H1D10A\text\7FCBBC7B3E14E41EFA2F05C0FFC31F73B74BE9AA4754A639AD303E1AB0092CCE.header.txt,281AE0207C6E45DB065302E188DE6F3C62A2D417A1625D6B599A979A497876D7
804CDD532AB841FFEB1AD54F73379984FF6D48BEA5D7D4C710BDFB9B1CCA822E,HeaderTextAsset,C:\Users\omard\source\repos\RecepcionDocumental\RecepcionDocumental\tools\DocumentAiProbe\experiments\H1D10A\text\804CDD532AB841FFEB1AD54F73379984FF6D48BEA5D7D4C710BDFB9B1CCA822E.header.txt,1A589BA6ECB3D348E0570EC078D8BC3F62DEB79DA9A2705DA4DD2075D00D848F
80732A4F36964981412868A390392C3815A1B52925CB95D50E3226B76C2D868D,HeaderTextAsset,C:\Users\omard\source\repos\RecepcionDocumental\RecepcionDocumental\tools\DocumentAiProbe\experiments\H1D10A\text\80732A4F36964981412868A390392C3815A1B52925CB95D50E3226B76C2D868D.header.txt,EEFDC612F1F55621CAFF8A1644936D12431D7FEF4145D3740CD1C26E8F36D3A9
807889899EF0AE2BC479CE4CBA9EAE6C794B3C60373BD877FCA07C69C07B7AE3,HeaderTextAsset,C:\Users\omard\source\repos\RecepcionDocumental\RecepcionDocumental\tools\DocumentAiProbe\experiments\H1D10A\text\807889899EF0AE2BC479CE4CBA9EAE6C794B3C60373BD877FCA07C69C07B7AE3.header.txt,EB28DAE7BCE205191B2A9F0C4677633A3C0F4C7C70B052F7321800E389F355E7
812B96A5165903BD78FF38B2AEF1A1F19C9B7A918FD69D7C7971BA8AE6D2271D,HeaderTextAsset,C:\Users\omard\source\repos\RecepcionDocumental\RecepcionDocumental\tools\DocumentAiProbe\experiments\H1D10A\text\812B96A5165903BD78FF38B2AEF1A1F19C9B7A918FD69D7C7971BA8AE6D2271D.header.txt,AF2EA89532FD3E88C2C20E9F2DE761F4811A64ED83D471C04D216C00A3F8DE81
8173874885C059C33DCA43BD63631C379C8D8408C5FE4DD2A0159D6AE80E554E,HeaderTextAsset,C:\Users\omard\source\repos\RecepcionDocumental\RecepcionDocumental\tools\DocumentAiProbe\experiments\H1D10A\text\8173874885C059C33DCA43BD63631C379C8D8408C5FE4DD2A0159D6AE80E554E.header.txt,969538FA65C44033362978B1C7859DB86F2E260B663C9F621FB736853F35334D
817AEA31523ADF117C9475551788C73D2777CC744CB01A2044FF86D6CF7511A0,HeaderTextAsset,C:\Users\omard\source\repos\RecepcionDocumental\RecepcionDocumental\tools\DocumentAiProbe\experiments\H1D10A\text\817AEA31523ADF117C9475551788C73D2777CC744CB01A2044FF86D6CF7511A0.header.txt,0594BC1A01492EF34D8B43805EF1399DD42175D293F65E7535254D613C3BA151
8193A4E9A6585242D05EB8ACF18447F4336689F1967F687D954668A223E10FEF,HeaderTextAsset,C:\Users\omard\source\repos\RecepcionDocumental\RecepcionDocumental\tools\DocumentAiProbe\experiments\H1D10A\text\8193A4E9A6585242D05EB8ACF18447F4336689F1967F687D954668A223E10FEF.header.txt,827A2048A86909861782A8D9C516A43E0C4D4D919DBCE939285E348EBF31813A
81C269CBD63398D8276C6BEED2874474C81506277DEFB3D4495032D773F4409C,HeaderTextAsset,C:\Users\omard\source\repos\RecepcionDocumental\RecepcionDocumental\tools\DocumentAiProbe\experiments\H1D10A\text\81C269CBD63398D8276C6BEED2874474C81506277DEFB3D4495032D773F4409C.header.txt,1AAA3A33A3855A6BC3CF07DEB5BB9999D0291DC6E5440ABEE07A002EEE654254
823B928CB06F23FDBB1AE300E298EA833F0F8F0F97330FE12A9934EBE349195E,HeaderTextAsset,C:\Users\omard\source\repos\RecepcionDocumental\RecepcionDocumental\tools\DocumentAiProbe\experiments\H1D10A\text\823B928CB06F23FDBB1AE300E298EA833F0F8F0F97330FE12A9934EBE349195E.header.txt,65A8B83178EFAFBF97A2A71E62614B02D078E97629C0C5A04B207F5205E09227
82876378F7B9F89F134D15F817A4672D52B26BB9F047FDA734201116486A0AF7,HeaderTextAsset,C:\Users\omard\source\repos\RecepcionDocumental\RecepcionDocumental\tools\DocumentAiProbe\experiments\H1D10A\text\82876378F7B9F89F134D15F817A4672D52B26BB9F047FDA734201116486A0AF7.header.txt,A67EB86DE94C64801EBD60DE2F5D1758D6042AE7F9715BAA4B501576B5FAB29A
8297067AEF748F2AF13EAE298A7873C99F19F88F467DEAAAF71FBE64554AC1C9,HeaderTextAsset,C:\Users\omard\source\repos\RecepcionDocumental\RecepcionDocumental\tools\DocumentAiProbe\experiments\H1D10A\text\8297067AEF748F2AF13EAE298A7873C99F19F88F467DEAAAF71FBE64554AC1C9.header.txt,52C2A38F97CE389551588E5CD025D1591AB7D2AB102AD71E820336553D9BA95B
82DF3F8548CD5894DD8BEA097182919DA8979018C3B51829AE23AC9FA75C0BE7,HeaderTextAsset,C:\Users\omard\source\repos\RecepcionDocumental\RecepcionDocumental\tools\DocumentAiProbe\experiments\H1D10A\text\82DF3F8548CD5894DD8BEA097182919DA8979018C3B51829AE23AC9FA75C0BE7.header.txt,1522CC08D54465F53C0259413B7F0FBBAB9AFAD7C561FB4A1F04A1264B71054E
83814C2B24AE7A9CBB3110CF8C52F97E83B59540DDC596AF8F9A34DF483EAA65,HeaderTextAsset,C:\Users\omard\source\repos\RecepcionDocumental\RecepcionDocumental\tools\DocumentAiProbe\experiments\H1D10A\text\83814C2B24AE7A9CBB3110CF8C52F97E83B59540DDC596AF8F9A34DF483EAA65.header.txt,EC89EF31A9E1A667BE969B129F36DF58501D55A904A82BFC516484BFFCACC382
83E0306FF5707DBDEBFC9AD88A3634DF1D24B33FAA5A733B74A629090F74A53D,HeaderTextAsset,C:\Users\omard\source\repos\RecepcionDocumental\RecepcionDocumental\tools\DocumentAiProbe\experiments\H1D10A\text\83E0306FF5707DBDEBFC9AD88A3634DF1D24B33FAA5A733B74A629090F74A53D.header.txt,C47380D894F2C4F1E4A32653CDE545A0713B8F399EA74116F765A2F4BE7FFB60
8403289C618F5FEA6E985FE98C6A3F52D541EE0C6ADDA9901EA9F9CD942A1352,HeaderTextAsset,C:\Users\omard\source\repos\RecepcionDocumental\RecepcionDocumental\tools\DocumentAiProbe\experiments\H1D10A\text\8403289C618F5FEA6E985FE98C6A3F52D541EE0C6ADDA9901EA9F9CD942A1352.header.txt,826E858D7C9D45B580C4B0600A1E5E263256FB202F965352F0F07C41FF5B84EC
842594336FD1FDF9801D6F0769960B24152213A2368F5E5E330F898639CCCB13,HeaderTextAsset,C:\Users\omard\source\repos\RecepcionDocumental\RecepcionDocumental\tools\DocumentAiProbe\experiments\H1D10A\text\842594336FD1FDF9801D6F0769960B24152213A2368F5E5E330F898639CCCB13.header.txt,8B341F9E8778BD549BAAD1B4A907AB8F6DE118A117FFC5C28F1A2BDF83C60368
849C6ED1AD7AF7C311AB235C076CE496C3E2C6EDDC49C89E71131948C2006E88,HeaderTextAsset,C:\Users\omard\source\repos\RecepcionDocumental\RecepcionDocumental\tools\DocumentAiProbe\experiments\H1D10A\text\849C6ED1AD7AF7C311AB235C076CE496C3E2C6EDDC49C89E71131948C2006E88.header.txt,D037C29A5D8DBD757D10658762E6B034C5E46476D3921FB9AA6656200F448022
851F61E61DFAAF6BC623C446119DBAD3DAF975D0610ED36513CD523A63CD0CAA,HeaderTextAsset,C:\Users\omard\source\repos\RecepcionDocumental\RecepcionDocumental\tools\DocumentAiProbe\experiments\H1D10A\text\851F61E61DFAAF6BC623C446119DBAD3DAF975D0610ED36513CD523A63CD0CAA.header.txt,580C438D9BA76F717F76E58F3E03D8527DB67CE1AE9AD9F907A8E76F4251947F
856894AA5FE2533859664CB6A42A38E20E75D671519947D7D1CB319D0C15FA12,HeaderTextAsset,C:\Users\omard\source\repos\RecepcionDocumental\RecepcionDocumental\tools\DocumentAiProbe\experiments\H1D10A\text\856894AA5FE2533859664CB6A42A38E20E75D671519947D7D1CB319D0C15FA12.header.txt,7713E78FB83DEC2E28B69C3F67630299897166B23F45E616BF7F7203F6A1DF6F
85D09583CD00F06641312ABE16A8461DECE1C4F6A1772729A662E7DD2583D322,HeaderTextAsset,C:\Users\omard\source\repos\RecepcionDocumental\RecepcionDocumental\tools\DocumentAiProbe\experiments\H1D10A\text\85D09583CD00F06641312ABE16A8461DECE1C4F6A1772729A662E7DD2583D322.header.txt,2C833CC34B38BA3B7E397889EA013E52C8795E98617B5402EB1C9FD2493418F9
85D52AFF44CBF04ED95630DCC02108C8ABACF6CA5F68BDB19D81EA8EA045AB8C,HeaderTextAsset,C:\Users\omard\source\repos\RecepcionDocumental\RecepcionDocumental\tools\DocumentAiProbe\experiments\H1D10A\text\85D52AFF44CBF04ED95630DCC02108C8ABACF6CA5F68BDB19D81EA8EA045AB8C.header.txt,64F23EC48ED47FB0B272F91995EAA10A86E430A7BBFBD1FDE52858C042A4344B
85E85EF47B9912751729A2A2423C70CF214EEEBA2C81376F2AB82802F5F6AC0B,HeaderTextAsset,C:\Users\omard\source\repos\RecepcionDocumental\RecepcionDocumental\tools\DocumentAiProbe\experiments\H1D10A\text\85E85EF47B9912751729A2A2423C70CF214EEEBA2C81376F2AB82802F5F6AC0B.header.txt,C7216673B44D0A8B80B66DDFD09CD1A845790B6316D0F27620DA3415C51CBC6E
864D7CD058492007F2D3B2F0D08B81E87778572F0731A9311D65D955C84E3BFD,HeaderTextAsset,C:\Users\omard\source\repos\RecepcionDocumental\RecepcionDocumental\tools\DocumentAiProbe\experiments\H1D10A\text\864D7CD058492007F2D3B2F0D08B81E87778572F0731A9311D65D955C84E3BFD.header.txt,7FDB9583BB5A59F7B2B80D77B1ECB58C5E8D543851E433B6C9F8FF2288CA116F
8662F4458951ACE801108DAF219E3855DB8F31FB6AC3684BE32913EE951852DE,HeaderTextAsset,C:\Users\omard\source\repos\RecepcionDocumental\RecepcionDocumental\tools\DocumentAiProbe\experiments\H1D10A\text\8662F4458951ACE801108DAF219E3855DB8F31FB6AC3684BE32913EE951852DE.header.txt,336A662FC8BFF520C354EBE6CA4238420D5DAD795838767E7C088B6FDEB35D38
86CF42382B6E9AD770AEC0D3AE61798DC0A5D85C59C8C47E0C5A267158045370,HeaderTextAsset,C:\Users\omard\source\repos\RecepcionDocumental\RecepcionDocumental\tools\DocumentAiProbe\experiments\H1D10A\text\86CF42382B6E9AD770AEC0D3AE61798DC0A5D85C59C8C47E0C5A267158045370.header.txt,D9AE4A344B12402A3D249D4D1EC798349B14EE5A232D56A2C550E88693B7F00F
86F129C9F1A4A0BE0F30584A7B67D699707FA49D79769BBD4338B0601FA55D0F,HeaderTextAsset,C:\Users\omard\source\repos\RecepcionDocumental\RecepcionDocumental\tools\DocumentAiProbe\experiments\H1D10A\text\86F129C9F1A4A0BE0F30584A7B67D699707FA49D79769BBD4338B0601FA55D0F.header.txt,7161006C7FD6E8DA26F082A0B22B4490841079D52588D4B1828D0113B87C31E5
870954EEF89AD892FD71524CB79D21979BD74318277339C21A2F4E388F06341B,HeaderTextAsset,C:\Users\omard\source\repos\RecepcionDocumental\RecepcionDocumental\tools\DocumentAiProbe\experiments\H1D10A\text\870954EEF89AD892FD71524CB79D21979BD74318277339C21A2F4E388F06341B.header.txt,5ED64A1DED61F20048910FE6C1F7DA477EDF2D550EC15171EDD4BDB8F7DC0DEF
87B98EFA5585D960ED2FDD4D68C403CDC07905085C906C38415492B984527BA2,HeaderTextAsset,C:\Users\omard\source\repos\RecepcionDocumental\RecepcionDocumental\tools\DocumentAiProbe\experiments\H1D10A\text\87B98EFA5585D960ED2FDD4D68C403CDC07905085C906C38415492B984527BA2.header.txt,FE2CAE864CAC2736375AD8C3529582F75151E042DCFC0D912EEE7F5151B46381
87FB307AC4DDE601D5A4AF49775D540AF75DA22DDB8316C3B3391F8A7C8007DF,HeaderTextAsset,C:\Users\omard\source\repos\RecepcionDocumental\RecepcionDocumental\tools\DocumentAiProbe\experiments\H1D10A\text\87FB307AC4DDE601D5A4AF49775D540AF75DA22DDB8316C3B3391F8A7C8007DF.header.txt,79CDA42E5261E314990A86632BBECC4FE27E45BE069382A441B6A0E83F6EF7DE
8804BD85592572AD09BC337FBB10D3AF7DAAE81F939A9ADE2BCAE8B43DBCFEC3,HeaderTextAsset,C:\Users\omard\source\repos\RecepcionDocumental\RecepcionDocumental\tools\DocumentAiProbe\experiments\H1D10A\text\8804BD85592572AD09BC337FBB10D3AF7DAAE81F939A9ADE2BCAE8B43DBCFEC3.header.txt,6508E1B8B42FC1369493F7F8FF413EF0939B46545AE3E1D611C5FF334C2437B0
8826A97C92D5F3C316493C87C2DE5C5E4F8EFC96A246003EED5011A5DCE39E90,HeaderTextAsset,C:\Users\omard\source\repos\RecepcionDocumental\RecepcionDocumental\tools\DocumentAiProbe\experiments\H1D10A\text\8826A97C92D5F3C316493C87C2DE5C5E4F8EFC96A246003EED5011A5DCE39E90.header.txt,116B8D5C7C1EA25A90DF63EA26B0BC4936274B8CC70EDE63964C02ADCFE3A4A0
883D67D2E7D0D4EE090C399C04207B516666CE7ACC6FC11E60DB07523F6763F9,HeaderTextAsset,C:\Users\omard\source\repos\RecepcionDocumental\RecepcionDocumental\tools\DocumentAiProbe\experiments\H1D10A\text\883D67D2E7D0D4EE090C399C04207B516666CE7ACC6FC11E60DB07523F6763F9.header.txt,2A9710B15CA3B22C9082E784951D5C6EE71DF253DC090FE55048B906E7C66E4E
8917BAA13BA61484647B999B3C2D3D200AAFA5D1966DAB78A37658F450646190,HeaderTextAsset,C:\Users\omard\source\repos\RecepcionDocumental\RecepcionDocumental\tools\DocumentAiProbe\experiments\H1D10A\text\8917BAA13BA61484647B999B3C2D3D200AAFA5D1966DAB78A37658F450646190.header.txt,FC57425FF6CAAAE0BADD112586560DE37EC0E31DCF2C24A93DBC10C134EBF41B
891B855C542CC48F533E16D15BF00298CF02C5AC66F8D05FB5ACEB99035D63DF,HeaderTextAsset,C:\Users\omard\source\repos\RecepcionDocumental\RecepcionDocumental\tools\DocumentAiProbe\experiments\H1D10A\text\891B855C542CC48F533E16D15BF00298CF02C5AC66F8D05FB5ACEB99035D63DF.header.txt,E77C935519D202B3158B5AC80F821DE060D666792F810B5FB8CEB30A56001163
89928C1E1B667DF89D8DDE754377437390B3A7A7FE61EC4FF5E54F03662DA5B9,HeaderTextAsset,C:\Users\omard\source\repos\RecepcionDocumental\RecepcionDocumental\tools\DocumentAiProbe\experiments\H1D10A\text\89928C1E1B667DF89D8DDE754377437390B3A7A7FE61EC4FF5E54F03662DA5B9.header.txt,A8D70F3C5AE6257510926154AFB2C5E0F3029A1B074CBEAA869B956908ACA422
89CD8A66DBF9038B0A5FB43B087E7D847FFD18F69247614B77516C71D08316A9,HeaderTextAsset,C:\Users\omard\source\repos\RecepcionDocumental\RecepcionDocumental\tools\DocumentAiProbe\experiments\H1D10A\text\89CD8A66DBF9038B0A5FB43B087E7D847FFD18F69247614B77516C71D08316A9.header.txt,7BA1C5711910B98AEEEECF17B7F2AB92A43ECB231A15B50570B519BCBCE37D84
8A16B64A261F811B055D7C178CEFC6DE556D9EA6E4F88FAE4906ED7DF4A17D8D,HeaderTextAsset,C:\Users\omard\source\repos\RecepcionDocumental\RecepcionDocumental\tools\DocumentAiProbe\experiments\H1D10A\text\8A16B64A261F811B055D7C178CEFC6DE556D9EA6E4F88FAE4906ED7DF4A17D8D.header.txt,554584EF8F75B6283317BE9EBE46CA9910126F16058DBF0161F175CD262B110E
8A228DDBA1F27361B5E55C9A16414705BCB0DEFFF0F67CDC125BF5BFC309A446,HeaderTextAsset,C:\Users\omard\source\repos\RecepcionDocumental\RecepcionDocumental\tools\DocumentAiProbe\experiments\H1D10A\text\8A228DDBA1F27361B5E55C9A16414705BCB0DEFFF0F67CDC125BF5BFC309A446.header.txt,74A0088533492441523D7A4B4791AB58A07C9A33EF767A4B40C83D225C45D976
8A57624FA0DD67FCE961474222F97F11BF484B659983C5DC45887E7449E274EA,HeaderTextAsset,C:\Users\omard\source\repos\RecepcionDocumental\RecepcionDocumental\tools\DocumentAiProbe\experiments\H1D10A\text\8A57624FA0DD67FCE961474222F97F11BF484B659983C5DC45887E7449E274EA.header.txt,8127E6879EBD94BFCEE8172FFF6F04A47AFC54694D99361040FA565C16759FC2
8A57CD9F3C877DF1239DA0B0C738D1B54278710B0EEBFD2C0ACAAC2814D57B99,HeaderTextAsset,C:\Users\omard\source\repos\RecepcionDocumental\RecepcionDocumental\tools\DocumentAiProbe\experiments\H1D10A\text\8A57CD9F3C877DF1239DA0B0C738D1B54278710B0EEBFD2C0ACAAC2814D57B99.header.txt,325226BDA92A672B9A833586FC5690A15390E4F1B8A06F5162866C033E65D79A
8A91BE697504E72D00894ED70CB136CFB447C037BEE877608EEE320D6097072C,HeaderTextAsset,C:\Users\omard\source\repos\RecepcionDocumental\RecepcionDocumental\tools\DocumentAiProbe\experiments\H1D10A\text\8A91BE697504E72D00894ED70CB136CFB447C037BEE877608EEE320D6097072C.header.txt,9C209426A3049F6C99F86676C12B56E845D8DF957312609E9B6C76ECA27836C5
8AE6ECF9E7191B268BD8768575C99C1FAFBF4144627829B39D8BAC3B492D0CC0,HeaderTextAsset,C:\Users\omard\source\repos\RecepcionDocumental\RecepcionDocumental\tools\DocumentAiProbe\experiments\H1D10A\text\8AE6ECF9E7191B268BD8768575C99C1FAFBF4144627829B39D8BAC3B492D0CC0.header.txt,0726AD94A99A2BBD9C2C148370F20C67D2DBB22CAB10CD103F3FABAAA2C40185
8BB9D2636F55F41E4CB1CD002B4DBEBD24F0787A984AEF0D6EDDA69E4FA31FB3,HeaderTextAsset,C:\Users\omard\source\repos\RecepcionDocumental\RecepcionDocumental\tools\DocumentAiProbe\experiments\H1D10A\text\8BB9D2636F55F41E4CB1CD002B4DBEBD24F0787A984AEF0D6EDDA69E4FA31FB3.header.txt,3DD8BDB29B1382400D362AFB21A90AC6A845E1E231137A8812533FD41B4A8C0D
8C45A084C0817A7DE45795105801B0C920364BC89F5DEB24DC52FEEF4BC7F17B,HeaderTextAsset,C:\Users\omard\source\repos\RecepcionDocumental\RecepcionDocumental\tools\DocumentAiProbe\experiments\H1D10A\text\8C45A084C0817A7DE45795105801B0C920364BC89F5DEB24DC52FEEF4BC7F17B.header.txt,D2D11467553515964940BFC25A9DD2A50C6F23E7506FDC34EFA559847D2EFAF1
8C634F1729311C6FB2EAAD3576538AD1DB5FD4A53E696C4CE0CDA7E48A9765D8,HeaderTextAsset,C:\Users\omard\source\repos\RecepcionDocumental\RecepcionDocumental\tools\DocumentAiProbe\experiments\H1D10A\text\8C634F1729311C6FB2EAAD3576538AD1DB5FD4A53E696C4CE0CDA7E48A9765D8.header.txt,3967E02DD3C86344C8EB659D60746430B50FC51798575BA5A45A97DC318C2779
8C890D179D935AA3A1AE6E7063C8092384A4776D5709A94D6FDA0BE102F7DF46,HeaderTextAsset,C:\Users\omard\source\repos\RecepcionDocumental\RecepcionDocumental\tools\DocumentAiProbe\experiments\H1D10A\text\8C890D179D935AA3A1AE6E7063C8092384A4776D5709A94D6FDA0BE102F7DF46.header.txt,3048EDA5F84C723066F3C74E1EFF601E94F7A59A08AFC50B82495EB64F8E0F16
8CAAFE798C6ACB7B58901EB74CAB329FA4B7ABA8669B73976F3978ED6F448F62,HeaderTextAsset,C:\Users\omard\source\repos\RecepcionDocumental\RecepcionDocumental\tools\DocumentAiProbe\experiments\H1D10A\text\8CAAFE798C6ACB7B58901EB74CAB329FA4B7ABA8669B73976F3978ED6F448F62.header.txt,B297D8FBBCED517A963C997906FFDB5DA5CE5CA79052E9D9B1EA48BA06400DE3
8CAFBC6765404E297608AB4687884CA06F82332097FF1D3E8B9313AD1ADD5A88,HeaderTextAsset,C:\Users\omard\source\repos\RecepcionDocumental\RecepcionDocumental\tools\DocumentAiProbe\experiments\H1D10A\text\8CAFBC6765404E297608AB4687884CA06F82332097FF1D3E8B9313AD1ADD5A88.header.txt,797662CA9AD925E97E3047132E8489588611213C397CB168727A145A765E832A
8D4BA8C2CAC074E0F38FB7DC6F25F1E69D2F7AD95506AFB37797512AF3CD9B63,HeaderTextAsset,C:\Users\omard\source\repos\RecepcionDocumental\RecepcionDocumental\tools\DocumentAiProbe\experiments\H1D10A\text\8D4BA8C2CAC074E0F38FB7DC6F25F1E69D2F7AD95506AFB37797512AF3CD9B63.header.txt,C203AA2B7B4EB9AE38D9044AC959EDF2BCDC155E42C2F94C9BF34FCF6EC400AB
8DFA8CB9798CCF19F9BAF04C59F34058782E3DE9FF9A2EAB2E22F1B12D8AE149,HeaderTextAsset,C:\Users\omard\source\repos\RecepcionDocumental\RecepcionDocumental\tools\DocumentAiProbe\experiments\H1D10A\text\8DFA8CB9798CCF19F9BAF04C59F34058782E3DE9FF9A2EAB2E22F1B12D8AE149.header.txt,9FBD342C48533EBAC6AF0EF55919A31C2EF25CFB1432ABD319EDFFD3DEEAAF1E
8E35C151859E5F6C0FE0F2832287604CE4EB800330CF83D4885A59869028FF43,HeaderTextAsset,C:\Users\omard\source\repos\RecepcionDocumental\RecepcionDocumental\tools\DocumentAiProbe\experiments\H1D10A\text\8E35C151859E5F6C0FE0F2832287604CE4EB800330CF83D4885A59869028FF43.header.txt,0CB825DDCDBB2CC4822919C62C79CC6CF1E4AA034C73CDE3A54FE7A78B35B97B
8F110C4D92620DF0FF6B33FB5FE308E4DEB7C4A477D0C93B9A21E85AAED5B672,HeaderTextAsset,C:\Users\omard\source\repos\RecepcionDocumental\RecepcionDocumental\tools\DocumentAiProbe\experiments\H1D10A\text\8F110C4D92620DF0FF6B33FB5FE308E4DEB7C4A477D0C93B9A21E85AAED5B672.header.txt,0597FDB854855414D5A7B479D7E7C5FBEDD8CD1DF534D9DD82082F941C460CFA
8F129D3C66E622121981D62EB4000AED739CC876C6DE502C2BE0EF424E12BDE8,HeaderTextAsset,C:\Users\omard\source\repos\RecepcionDocumental\RecepcionDocumental\tools\DocumentAiProbe\experiments\H1D10A\text\8F129D3C66E622121981D62EB4000AED739CC876C6DE502C2BE0EF424E12BDE8.header.txt,F71E81779A46FBC4DAB680E73EB986F177F797E3A9AEAF52C965BB9CF4938F15
8F9645E839D86DD3DA6DAD4B15036B8EE5B0918947E0C81D178CB952F2B2BE1C,HeaderTextAsset,C:\Users\omard\source\repos\RecepcionDocumental\RecepcionDocumental\tools\DocumentAiProbe\experiments\H1D10A\text\8F9645E839D86DD3DA6DAD4B15036B8EE5B0918947E0C81D178CB952F2B2BE1C.header.txt,A9922D2F220A4368D853C4128537468A136AB4F46916B4F30891E43193978ECE
902E6570382C0FCC9D1AADCD56160F3B5E37DBF6EE4E82A32701D131CB87AA73,HeaderTextAsset,C:\Users\omard\source\repos\RecepcionDocumental\RecepcionDocumental\tools\DocumentAiProbe\experiments\H1D10A\text\902E6570382C0FCC9D1AADCD56160F3B5E37DBF6EE4E82A32701D131CB87AA73.header.txt,B46475F16D3F7F45BEB2D36BF4CF1C5261E2C99FAD5DE474F45C7C34064831DE
90A1BB6EE9300C81CBFEFC314D0981DAD827FCDD8D8E320E600B069A8E91E2CD,HeaderTextAsset,C:\Users\omard\source\repos\RecepcionDocumental\RecepcionDocumental\tools\DocumentAiProbe\experiments\H1D10A\text\90A1BB6EE9300C81CBFEFC314D0981DAD827FCDD8D8E320E600B069A8E91E2CD.header.txt,AC162D7C25D9D9A1F888FF9AF35955B06ACDD3629271EC8DD7E18DF3E5683EC4
910FBAEDB8A90071E399EA9EDD55831BA2A6C779D9DAD241867BBACA82768A4A,HeaderTextAsset,C:\Users\omard\source\repos\RecepcionDocumental\RecepcionDocumental\tools\DocumentAiProbe\experiments\H1D10A\text\910FBAEDB8A90071E399EA9EDD55831BA2A6C779D9DAD241867BBACA82768A4A.header.txt,DFFA7C84443BFC45CE3F31191ADCB876233574B55D588682FD83CC9A9952D0DA
917A02EE1496F0E6D19856E7F97EE8DD8F58D96DF995059690653F6D30B19708,HeaderTextAsset,C:\Users\omard\source\repos\RecepcionDocumental\RecepcionDocumental\tools\DocumentAiProbe\experiments\H1D10A\text\917A02EE1496F0E6D19856E7F97EE8DD8F58D96DF995059690653F6D30B19708.header.txt,4F285C1DFDAC6B73BF661FCB63691D7B9D9C39BAA41F3CA2E5726679379A7227
91EF6960EEF82A58B41B31F3850C800E27EE8460970F884F1236ABB48F0F1FCC,HeaderTextAsset,C:\Users\omard\source\repos\RecepcionDocumental\RecepcionDocumental\tools\DocumentAiProbe\experiments\H1D10A\text\91EF6960EEF82A58B41B31F3850C800E27EE8460970F884F1236ABB48F0F1FCC.header.txt,87C4425E4DB7AD13238E9082102D78696B81DEC3E09D60B0B2A0C709CAB4F3B8
920E2C2CFAD19BCFEF234DE870443978D3779498399D7AE818167099775D713A,HeaderTextAsset,C:\Users\omard\source\repos\RecepcionDocumental\RecepcionDocumental\tools\DocumentAiProbe\experiments\H1D10A\text\920E2C2CFAD19BCFEF234DE870443978D3779498399D7AE818167099775D713A.header.txt,B10B273EE0F32DB5713E6CD21E0EF6EB3A8D5786C4933543602F57E5A021C193
92233BB1C2523E96C1A5F3CC8390A7507D1776004268A5C883287CB5670AEA94,HeaderTextAsset,C:\Users\omard\source\repos\RecepcionDocumental\RecepcionDocumental\tools\DocumentAiProbe\experiments\H1D10A\text\92233BB1C2523E96C1A5F3CC8390A7507D1776004268A5C883287CB5670AEA94.header.txt,4F9273586E6FFB572B3ADC695ACC017EE43ACE6E48ACAC9B577F964EDB089A90
92914214759A1969F8F6DA6FC3EAF436EEC02704E5B3141C282C9D183B15D2BC,HeaderTextAsset,C:\Users\omard\source\repos\RecepcionDocumental\RecepcionDocumental\tools\DocumentAiProbe\experiments\H1D10A\text\92914214759A1969F8F6DA6FC3EAF436EEC02704E5B3141C282C9D183B15D2BC.header.txt,798BDA7EFF88BFB85D0DD29F4735CCB70F0A7C7F2C67B42895A67817DDD6D9F7
929808BE7D3DFA364E40A52C21EEE8C6195BCB4B2724BB30F5EA0E99E2964963,HeaderTextAsset,C:\Users\omard\source\repos\RecepcionDocumental\RecepcionDocumental\tools\DocumentAiProbe\experiments\H1D10A\text\929808BE7D3DFA364E40A52C21EEE8C6195BCB4B2724BB30F5EA0E99E2964963.header.txt,ABB2F5CD77BC691D8090EBDFE5F555111935357F2FE8ED9F5C0D14FE0A2BE316
92BFEC9ECE7286787335775B1094ECFCB2C3109923B99EA70FEF48F100F7824F,HeaderTextAsset,C:\Users\omard\source\repos\RecepcionDocumental\RecepcionDocumental\tools\DocumentAiProbe\experiments\H1D10A\text\92BFEC9ECE7286787335775B1094ECFCB2C3109923B99EA70FEF48F100F7824F.header.txt,10AEB6F007F235A96BAA98BEB0CC6B55806C9D730B3FDBDCBBDCCDA380F599A1
92EBBA53AD3476EC888E5D47534BFF0E73C340F8D58B63A2718AE92B6F7EAA21,HeaderTextAsset,C:\Users\omard\source\repos\RecepcionDocumental\RecepcionDocumental\tools\DocumentAiProbe\experiments\H1D10A\text\92EBBA53AD3476EC888E5D47534BFF0E73C340F8D58B63A2718AE92B6F7EAA21.header.txt,E75202046DFFF30911DDAEB1CBDDFC7007443A045293AD0DA79EA3D06B45BC5C
93036EEF1A8A5CF4FE20C745C5AAAB528059A8F2492D3A7BDA905B3194023657,HeaderTextAsset,C:\Users\omard\source\repos\RecepcionDocumental\RecepcionDocumental\tools\DocumentAiProbe\experiments\H1D10A\text\93036EEF1A8A5CF4FE20C745C5AAAB528059A8F2492D3A7BDA905B3194023657.header.txt,BA0AB965571CCCF07AABE261439811D64B6B27092195C97B5A4A20C7ACEE48F7
9333843B9DBB69A2C5494D92C99720C003D8A7CC226D80A64758BFF00A433279,HeaderTextAsset,C:\Users\omard\source\repos\RecepcionDocumental\RecepcionDocumental\tools\DocumentAiProbe\experiments\H1D10A\text\9333843B9DBB69A2C5494D92C99720C003D8A7CC226D80A64758BFF00A433279.header.txt,D0547B914D3D713230DC1C860F624C98591821EF0998294B0FBE7A61C00B88EB
93946044DD9FBAB870A7B410A3C51061CF64CE6D44FB8D63266CAFD138D5D539,HeaderTextAsset,C:\Users\omard\source\repos\RecepcionDocumental\RecepcionDocumental\tools\DocumentAiProbe\experiments\H1D10A\text\93946044DD9FBAB870A7B410A3C51061CF64CE6D44FB8D63266CAFD138D5D539.header.txt,B7BA9FA5997AE72565D63DB1350ACE68E00750AB5010B1B779A47FCE399B8CB1
93AA062D25DF63997A23155F5E7F14BEFDB6D08912A599345AF02B12FB9F12A9,HeaderTextAsset,C:\Users\omard\source\repos\RecepcionDocumental\RecepcionDocumental\tools\DocumentAiProbe\experiments\H1D10A\text\93AA062D25DF63997A23155F5E7F14BEFDB6D08912A599345AF02B12FB9F12A9.header.txt,7896A79CADC7ADD283B8C4C06C38B38695DB94B8BD2F77F784B949939B57447C
94C119398ED5B3AFEA5B60477FD47392E3AC13E10251C94531B1DB8A1E0A6C12,HeaderTextAsset,C:\Users\omard\source\repos\RecepcionDocumental\RecepcionDocumental\tools\DocumentAiProbe\experiments\H1D10A\text\94C119398ED5B3AFEA5B60477FD47392E3AC13E10251C94531B1DB8A1E0A6C12.header.txt,E9AE6BE50A68AA4AC49E9A255E29148278104EF4C0E5C93980442793A41ADD7B
94F26C21757B539524ED76AA64629C18F390F9D0C9D4ABBBF5AF6484C0FC7528,HeaderTextAsset,C:\Users\omard\source\repos\RecepcionDocumental\RecepcionDocumental\tools\DocumentAiProbe\experiments\H1D10A\text\94F26C21757B539524ED76AA64629C18F390F9D0C9D4ABBBF5AF6484C0FC7528.header.txt,404629E6001E27F83B30A774DF26A3DAF3265EB2539ED84BA43454BFBBEA7121
95163FEC1BD2F3B4D199C764E42F2B6343270AAC8E142CBF8A7CEC976D87FE34,HeaderTextAsset,C:\Users\omard\source\repos\RecepcionDocumental\RecepcionDocumental\tools\DocumentAiProbe\experiments\H1D10A\text\95163FEC1BD2F3B4D199C764E42F2B6343270AAC8E142CBF8A7CEC976D87FE34.header.txt,DB9EA6497198956117A519D0AF742E954A603DD72FE1E50353E598D8887B863B
95506FC26A8105240416CB0915A50736B594090DDC122EDF482039DCEDC947B8,HeaderTextAsset,C:\Users\omard\source\repos\RecepcionDocumental\RecepcionDocumental\tools\DocumentAiProbe\experiments\H1D10A\text\95506FC26A8105240416CB0915A50736B594090DDC122EDF482039DCEDC947B8.header.txt,97EA3C40C8B7783645AA943C5646ABDC2A8DC6E63B54784D1BDBA66C7B723D61
9596624061FEBDAE035772A32CC975D358B4BAA9C1833EE21ADB485E2B0B06D3,HeaderTextAsset,C:\Users\omard\source\repos\RecepcionDocumental\RecepcionDocumental\tools\DocumentAiProbe\experiments\H1D10A\text\9596624061FEBDAE035772A32CC975D358B4BAA9C1833EE21ADB485E2B0B06D3.header.txt,B7C06FEFA1E5224AB6825B8F7E8F446AEE831B95586378ADD4760B171C40DBF5
95AF2B3D9E304F20830DD6D2986A230CE395D8B5FDA0B8BBC25E9B9E712B11AE,HeaderTextAsset,C:\Users\omard\source\repos\RecepcionDocumental\RecepcionDocumental\tools\DocumentAiProbe\experiments\H1D10A\text\95AF2B3D9E304F20830DD6D2986A230CE395D8B5FDA0B8BBC25E9B9E712B11AE.header.txt,17E251568C83E6D4DD3059718DBA24C2D1E3572E46303A2417A3BA9DD9458A41
963E9941D8D3A90BDACCFDDA949B7EEDD535A2ED456FA063B67893EC4D759786,HeaderTextAsset,C:\Users\omard\source\repos\RecepcionDocumental\RecepcionDocumental\tools\DocumentAiProbe\experiments\H1D10A\text\963E9941D8D3A90BDACCFDDA949B7EEDD535A2ED456FA063B67893EC4D759786.header.txt,956D897D422145C034B7A577A19497C29128F388D2277181A2337E906543DD1E
96E5DB8CB4E34D8387F0D1C5DFDB2FC75F190834A0060BAE5C85B04C3E6828A2,HeaderTextAsset,C:\Users\omard\source\repos\RecepcionDocumental\RecepcionDocumental\tools\DocumentAiProbe\experiments\H1D10A\text\96E5DB8CB4E34D8387F0D1C5DFDB2FC75F190834A0060BAE5C85B04C3E6828A2.header.txt,EB56A203503C870E65506A5D9965ECB498EF40A2C4C862BFEBA0BEDE27EB77A6
9723AA331B89D1BB3AA42628C6D4FA1453C8ADB972AAC5EF26D433E659A76C2E,HeaderTextAsset,C:\Users\omard\source\repos\RecepcionDocumental\RecepcionDocumental\tools\DocumentAiProbe\experiments\H1D10A\text\9723AA331B89D1BB3AA42628C6D4FA1453C8ADB972AAC5EF26D433E659A76C2E.header.txt,5D38BDD208CCBC7357513DDC787E116AB2B525D6F057AEC2BE561E84D20A1E71
9768F6CDE07116724DC86D4402184228B3963B7212E3287188A4EF9420F3498B,HeaderTextAsset,C:\Users\omard\source\repos\RecepcionDocumental\RecepcionDocumental\tools\DocumentAiProbe\experiments\H1D10A\text\9768F6CDE07116724DC86D4402184228B3963B7212E3287188A4EF9420F3498B.header.txt,0A765B91037755FF536DB4CCB78E22C6E7DDB1D55ED020FE3E0606DAB5732CC8
97EF8934F37425A7635624C8A636DD08FAEC908D41213138991513DAB7E1CD95,HeaderTextAsset,C:\Users\omard\source\repos\RecepcionDocumental\RecepcionDocumental\tools\DocumentAiProbe\experiments\H1D10A\text\97EF8934F37425A7635624C8A636DD08FAEC908D41213138991513DAB7E1CD95.header.txt,55B39A3437F771643CA3C3DCA72D26D7445BDBC9F12FE44A5A0B03C7CDBF71B1
97F4874BE79DAC5C72D00B028F6DCBA5564049CA077E6301C7AB4AAD37088BC2,HeaderTextAsset,C:\Users\omard\source\repos\RecepcionDocumental\RecepcionDocumental\tools\DocumentAiProbe\experiments\H1D10A\text\97F4874BE79DAC5C72D00B028F6DCBA5564049CA077E6301C7AB4AAD37088BC2.header.txt,BFA78963DA4A9BCC614D1977DCF056C30E91D750AF46ABF78850F2EE6ECA5870
9801EA3DCCCCE81A20C1A1FCA6BD057BE02056D5F6AF7568416C159F8EA6F42C,HeaderTextAsset,C:\Users\omard\source\repos\RecepcionDocumental\RecepcionDocumental\tools\DocumentAiProbe\experiments\H1D10A\text\9801EA3DCCCCE81A20C1A1FCA6BD057BE02056D5F6AF7568416C159F8EA6F42C.header.txt,4094658E6C3669B28351E7BB52F3C3EEFF92474206C30131DC587056A24A3C46
983D750D5EF18AC380DF1970A9338EF482746FD22CD81031BB2DD981CB738ED0,HeaderTextAsset,C:\Users\omard\source\repos\RecepcionDocumental\RecepcionDocumental\tools\DocumentAiProbe\experiments\H1D10A\text\983D750D5EF18AC380DF1970A9338EF482746FD22CD81031BB2DD981CB738ED0.header.txt,5AF7881AFCA853C8F6F73956E40C54FD1F66306B0187F15CCFE163E135B0E579
9857D4FCBA430BA90EA4E715013F3C02EBAE08FA6C857E1E859CBF2BA9341BAA,HeaderTextAsset,C:\Users\omard\source\repos\RecepcionDocumental\RecepcionDocumental\tools\DocumentAiProbe\experiments\H1D10A\text\9857D4FCBA430BA90EA4E715013F3C02EBAE08FA6C857E1E859CBF2BA9341BAA.header.txt,38BE16B17252BE5E5A8B1441AC84BDAF947FFD4B17E0D5532FB078D829417326
9893646420FB567085B74B4A937F0D07B988E41AE80615EEA9A62DBEED6CDEB1,HeaderTextAsset,C:\Users\omard\source\repos\RecepcionDocumental\RecepcionDocumental\tools\DocumentAiProbe\experiments\H1D10A\text\9893646420FB567085B74B4A937F0D07B988E41AE80615EEA9A62DBEED6CDEB1.header.txt,76FCD47E253284B9DA23029D32BA1CC08419F4758F6DA8ECFDE2AF4126333307
98A548702408FF5D0DB0A54BEE501A1D25F8C84FFE702021E9855B960A54E722,HeaderTextAsset,C:\Users\omard\source\repos\RecepcionDocumental\RecepcionDocumental\tools\DocumentAiProbe\experiments\H1D10A\text\98A548702408FF5D0DB0A54BEE501A1D25F8C84FFE702021E9855B960A54E722.header.txt,A0ED99450B5A341E5521BA913A471B90C89EF5A4F863AE7C940D97AA6065ED26
98BFC5FBFD9E19FD42CD4283A46B1DEE806AC72DEE45AC0FA82BD83E7889FA01,HeaderTextAsset,C:\Users\omard\source\repos\RecepcionDocumental\RecepcionDocumental\tools\DocumentAiProbe\experiments\H1D10A\text\98BFC5FBFD9E19FD42CD4283A46B1DEE806AC72DEE45AC0FA82BD83E7889FA01.header.txt,6E834E135CACA082CCA3D135F57368A73A6ECD93D5619376819E92DAA368D66A
9932F1579D3D31F9152C31290BB269430324462F86D6E6DB78C53961C9700F23,HeaderTextAsset,C:\Users\omard\source\repos\RecepcionDocumental\RecepcionDocumental\tools\DocumentAiProbe\experiments\H1D10A\text\9932F1579D3D31F9152C31290BB269430324462F86D6E6DB78C53961C9700F23.header.txt,8D6F9DCE49412F791F19AC85F9F4CBE6D63A9BA9045E50BD9B7BF4368365B579
9945BBDC4DD33F425D4878C2F17FD844168E1F483FE51F229EF5A019C7E4AFB6,HeaderTextAsset,C:\Users\omard\source\repos\RecepcionDocumental\RecepcionDocumental\tools\DocumentAiProbe\experiments\H1D10A\text\9945BBDC4DD33F425D4878C2F17FD844168E1F483FE51F229EF5A019C7E4AFB6.header.txt,90192BB9C0AE0F39561DEA4676B6C50A289BA2EC0E7989287053193F4BA3A10B
9A3FC7437BBDF8BFE19FD65198BFA9BE76A63DE5BC8E0AC1CEFB3E77373FF816,HeaderTextAsset,C:\Users\omard\source\repos\RecepcionDocumental\RecepcionDocumental\tools\DocumentAiProbe\experiments\H1D10A\text\9A3FC7437BBDF8BFE19FD65198BFA9BE76A63DE5BC8E0AC1CEFB3E77373FF816.header.txt,F29E12B4588CD57DA2CB40E04F2940FA02A69FC9A03B7D874BF97DE38E1DB931
9A4E64C46A21F76C881907BBE1648F5700C42A24EFCB8257BA7244BB01A0CBA9,HeaderTextAsset,C:\Users\omard\source\repos\RecepcionDocumental\RecepcionDocumental\tools\DocumentAiProbe\experiments\H1D10A\text\9A4E64C46A21F76C881907BBE1648F5700C42A24EFCB8257BA7244BB01A0CBA9.header.txt,7989FD8CB12C3BDE6039EE52EFEF2526D41362EB571B495AD3D667296ED8CA4E
9A9BB0F6EBA54E0D0C25731245270AB989933DF8900A72CE130827CA53B2B37C,HeaderTextAsset,C:\Users\omard\source\repos\RecepcionDocumental\RecepcionDocumental\tools\DocumentAiProbe\experiments\H1D10A\text\9A9BB0F6EBA54E0D0C25731245270AB989933DF8900A72CE130827CA53B2B37C.header.txt,CAB3E8B3EA54FAF4297B29B14432037BBBDE787E7C3183DDC27F6109AFD425E9
9AABED26F462B478F277F7E592AA3983B2B9DA888D474F4C93B7A6CEC27AC52F,HeaderTextAsset,C:\Users\omard\source\repos\RecepcionDocumental\RecepcionDocumental\tools\DocumentAiProbe\experiments\H1D10A\text\9AABED26F462B478F277F7E592AA3983B2B9DA888D474F4C93B7A6CEC27AC52F.header.txt,F4D4542072218A8C714540C7D780D36ED598F5580326AAF727F1014B43722BA0
9AAED50A220E4A59ABBF846248504B1D06023155CCF6AE05B285763B532811D2,HeaderTextAsset,C:\Users\omard\source\repos\RecepcionDocumental\RecepcionDocumental\tools\DocumentAiProbe\experiments\H1D10A\text\9AAED50A220E4A59ABBF846248504B1D06023155CCF6AE05B285763B532811D2.header.txt,3F8E6E2162124FC4BB70E226D544D4FFD5126497F8A0E63671D9087E07BD50D8
9B05799CEE418B6AD0B0876E23A97CDFF1A952C1D031EEA3D6672EABE7EE762E,HeaderTextAsset,C:\Users\omard\source\repos\RecepcionDocumental\RecepcionDocumental\tools\DocumentAiProbe\experiments\H1D10A\text\9B05799CEE418B6AD0B0876E23A97CDFF1A952C1D031EEA3D6672EABE7EE762E.header.txt,31F6702ACE901F6AF13CC2171460D23F10611962C53BE59F86302F375E2E704E
9B82B28BDD8F2617C32E1D8C71705EC2AFC2FCAC71747661CA85C65B08D4C6A5,HeaderTextAsset,C:\Users\omard\source\repos\RecepcionDocumental\RecepcionDocumental\tools\DocumentAiProbe\experiments\H1D10A\text\9B82B28BDD8F2617C32E1D8C71705EC2AFC2FCAC71747661CA85C65B08D4C6A5.header.txt,8B25C45F11049D4F4517336770DD3DA7ADD2BE0A97D32230182B340226A3876A
9B84CC3980E75FFDADA63A4445C66561B2DA457969B183C72D13ABA914AC9F92,HeaderTextAsset,C:\Users\omard\source\repos\RecepcionDocumental\RecepcionDocumental\tools\DocumentAiProbe\experiments\H1D10A\text\9B84CC3980E75FFDADA63A4445C66561B2DA457969B183C72D13ABA914AC9F92.header.txt,C5F2015C6EECC8E057246EE0E913A7EF758084DC37C8DE483E50A038BD282B55
9C18A5DF27D90556C236651C9E32EE1BD4DAD8D191218BBE8F932CF45131DB46,HeaderTextAsset,C:\Users\omard\source\repos\RecepcionDocumental\RecepcionDocumental\tools\DocumentAiProbe\experiments\H1D10A\text\9C18A5DF27D90556C236651C9E32EE1BD4DAD8D191218BBE8F932CF45131DB46.header.txt,1C2E7B8E36DE63667A60CE68C593ED4431A829E440916C9FBBEE2A370877E28D
9D89F0FF0433FB4667E9F658F85408E09DB8586C1753019CD4818FCF59108DD4,HeaderTextAsset,C:\Users\omard\source\repos\RecepcionDocumental\RecepcionDocumental\tools\DocumentAiProbe\experiments\H1D10A\text\9D89F0FF0433FB4667E9F658F85408E09DB8586C1753019CD4818FCF59108DD4.header.txt,AD3F690DECCB174F067A7E2488B9E02FB5B906615666F3207904E932D900AA45
9DDDFEA33E7D9998B202D66E6E3A87FD499E8288F62B8673B1F40A66CF8D51C9,HeaderTextAsset,C:\Users\omard\source\repos\RecepcionDocumental\RecepcionDocumental\tools\DocumentAiProbe\experiments\H1D10A\text\9DDDFEA33E7D9998B202D66E6E3A87FD499E8288F62B8673B1F40A66CF8D51C9.header.txt,CD9ECFE78365AA6732068CA1E0326053E8233AB3EFA7317CD57EFE4D1A5520C6
9DF67317E84209D40CCA4D2D55047395A7C689394841DA25A86EA70932197DE8,HeaderTextAsset,C:\Users\omard\source\repos\RecepcionDocumental\RecepcionDocumental\tools\DocumentAiProbe\experiments\H1D10A\text\9DF67317E84209D40CCA4D2D55047395A7C689394841DA25A86EA70932197DE8.header.txt,8F8D5D137DC6DA0DC9A7BDB6898A1B4BFFF0F2D44D5732507EDA67406FF8B3BE
9EB38CEA6E16E710A4E5B014188A0DC4835DD1FBAA413A03598D80E848C1387C,HeaderTextAsset,C:\Users\omard\source\repos\RecepcionDocumental\RecepcionDocumental\tools\DocumentAiProbe\experiments\H1D10A\text\9EB38CEA6E16E710A4E5B014188A0DC4835DD1FBAA413A03598D80E848C1387C.header.txt,0C2C1ACADA0126C8A0DF70289FFA7527480A47B3038EE1E474B6521E0BF165C1
9F1FAB628AC6821BA46DC7E63EBA5FA271E91CA180DD9522615BEC3B8D3F396D,HeaderTextAsset,C:\Users\omard\source\repos\RecepcionDocumental\RecepcionDocumental\tools\DocumentAiProbe\experiments\H1D10A\text\9F1FAB628AC6821BA46DC7E63EBA5FA271E91CA180DD9522615BEC3B8D3F396D.header.txt,75859466CFA9846EA2E3EE136931412C84E8F36B118F651184E7FEECBB2DE598
9F20D5A914501086136BFED9B88E8DC91452B65E0BB36A48060A33152C56A332,HeaderTextAsset,C:\Users\omard\source\repos\RecepcionDocumental\RecepcionDocumental\tools\DocumentAiProbe\experiments\H1D10A\text\9F20D5A914501086136BFED9B88E8DC91452B65E0BB36A48060A33152C56A332.header.txt,3E2829371BC34EB54DD8D4581E99B2B2FE6584DF48E629A784BFE93618226AD7
9F3EE50DB8332F50B686622FE67CF9DA5389B73AF85744453A7B53B450F624E6,HeaderTextAsset,C:\Users\omard\source\repos\RecepcionDocumental\RecepcionDocumental\tools\DocumentAiProbe\experiments\H1D10A\text\9F3EE50DB8332F50B686622FE67CF9DA5389B73AF85744453A7B53B450F624E6.header.txt,F996442C01DED72CE1D228302CCE73FB67B6A95089ADC4502B260658E3124474
9F78FE8E80F379C7E339E5BD0FB8E4DDFF88B93D72D57F1BE6B0ED3DC77C6DCF,HeaderTextAsset,C:\Users\omard\source\repos\RecepcionDocumental\RecepcionDocumental\tools\DocumentAiProbe\experiments\H1D10A\text\9F78FE8E80F379C7E339E5BD0FB8E4DDFF88B93D72D57F1BE6B0ED3DC77C6DCF.header.txt,F1894819A9D089B2CFD1F4D5E4877181550A69AD9BA2E15C932F95F4F50B7D8F
A034D9BA8303AFB573D6F5823B1C9E16413A56593500E3A00A732D1BED52F326,HeaderTextAsset,C:\Users\omard\source\repos\RecepcionDocumental\RecepcionDocumental\tools\DocumentAiProbe\experiments\H1D10A\text\A034D9BA8303AFB573D6F5823B1C9E16413A56593500E3A00A732D1BED52F326.header.txt,4FA88953D8D22F043CF1DAB375E376A16C6BE656353EAC71D4A5BFB6C72FA26A
A0A5960905B6EC78058181CCC8AC0CE5CC894945AB6D97889A599934D2BE636E,HeaderTextAsset,C:\Users\omard\source\repos\RecepcionDocumental\RecepcionDocumental\tools\DocumentAiProbe\experiments\H1D10A\text\A0A5960905B6EC78058181CCC8AC0CE5CC894945AB6D97889A599934D2BE636E.header.txt,73BD8ED1AA10A1C2DC027B33A9AFCAA675A8C01B865A5B0AB7DB8A995AD62474
A0E70952B21704A19FED7D35D964ABE1A3D24F66EE60C24069DB3658A23852AD,HeaderTextAsset,C:\Users\omard\source\repos\RecepcionDocumental\RecepcionDocumental\tools\DocumentAiProbe\experiments\H1D10A\text\A0E70952B21704A19FED7D35D964ABE1A3D24F66EE60C24069DB3658A23852AD.header.txt,A9C5B3CE40A6ACF5420B2BDF802F4E55C03AEB53E08DF2FB82C8E753B3564D0A
A0F2D39A8CE046149BC6B737E3B5A91F401B2B0508266B23F02FFC5C1881C20C,HeaderTextAsset,C:\Users\omard\source\repos\RecepcionDocumental\RecepcionDocumental\tools\DocumentAiProbe\experiments\H1D10A\text\A0F2D39A8CE046149BC6B737E3B5A91F401B2B0508266B23F02FFC5C1881C20C.header.txt,0D44E030184994A6EDFB69F85401427B563D3B3F3128F284D9A2460C7D9E4012
A1D50F46C5C96EF705178501DD55652D1069DE6B361A845D599F13098446FE80,HeaderTextAsset,C:\Users\omard\source\repos\RecepcionDocumental\RecepcionDocumental\tools\DocumentAiProbe\experiments\H1D10A\text\A1D50F46C5C96EF705178501DD55652D1069DE6B361A845D599F13098446FE80.header.txt,E6D2516154D0F3802A5AE5E31395AED7CCD55A2D0D19B9CAC43A9432EBE59C50
A1F9B06618E591EB2B3C76518F428FB788547CC1AA53E9544A4A11980A206B57,HeaderTextAsset,C:\Users\omard\source\repos\RecepcionDocumental\RecepcionDocumental\tools\DocumentAiProbe\experiments\H1D10A\text\A1F9B06618E591EB2B3C76518F428FB788547CC1AA53E9544A4A11980A206B57.header.txt,21ED2AE535AB30F8988778C2B1AA621E28C34D45E30D52629F930EAE5DE84D86
A23CD835EFAEDB3FBA5B0DBCC69F01FFE20FA74C641B2699E3DA9074A50D1EBB,HeaderTextAsset,C:\Users\omard\source\repos\RecepcionDocumental\RecepcionDocumental\tools\DocumentAiProbe\experiments\H1D10A\text\A23CD835EFAEDB3FBA5B0DBCC69F01FFE20FA74C641B2699E3DA9074A50D1EBB.header.txt,C701881CA2AD22E6CE019C0E14C4026AB05C8016B9A9B364DC512983D6129077
A2590908E0A0F8CD902C54D81652BA2354723E2A5C0056A2E29C7AB3EC3A445C,HeaderTextAsset,C:\Users\omard\source\repos\RecepcionDocumental\RecepcionDocumental\tools\DocumentAiProbe\experiments\H1D10A\text\A2590908E0A0F8CD902C54D81652BA2354723E2A5C0056A2E29C7AB3EC3A445C.header.txt,40403E94AA01F34BF768DF1C23BF477E7BEF0282E6F9157FAA7C6563A0A8325C
A2928B01A4CD36732A28C69D98E877A906A6EB383769402661C8ACE6EAF9A0EC,HeaderTextAsset,C:\Users\omard\source\repos\RecepcionDocumental\RecepcionDocumental\tools\DocumentAiProbe\experiments\H1D10A\text\A2928B01A4CD36732A28C69D98E877A906A6EB383769402661C8ACE6EAF9A0EC.header.txt,CE64BBB47DAC78B855A1E6B6D5FC3877D9DEA48D8745F577C20FAFC4BDC3F236
A2BF3657EE083148A054B3F7110C884140B3D69930E58683F957FBAAA580D827,HeaderTextAsset,C:\Users\omard\source\repos\RecepcionDocumental\RecepcionDocumental\tools\DocumentAiProbe\experiments\H1D10A\text\A2BF3657EE083148A054B3F7110C884140B3D69930E58683F957FBAAA580D827.header.txt,912F50D7A4A936F9F45059CDDBD858F14DF1A597A77D71E8492F140FF5AD8A90
A2D1529D28326B4E8B236A002CD8E46D89D846C50E49B31D238067347F7D0223,HeaderTextAsset,C:\Users\omard\source\repos\RecepcionDocumental\RecepcionDocumental\tools\DocumentAiProbe\experiments\H1D10A\text\A2D1529D28326B4E8B236A002CD8E46D89D846C50E49B31D238067347F7D0223.header.txt,B3B4E3A8A69B663377CBC753C9F705C8C28DC347AE9B478BBA1EAB5126FDE9EC
A2FDAD9EB62F9728D4A1369E94F1ED407FEE978FAA53FE7BA5035339AB1F6052,HeaderTextAsset,C:\Users\omard\source\repos\RecepcionDocumental\RecepcionDocumental\tools\DocumentAiProbe\experiments\H1D10A\text\A2FDAD9EB62F9728D4A1369E94F1ED407FEE978FAA53FE7BA5035339AB1F6052.header.txt,3DC537789614305791ADB93955456DAB2A4F5FAEC3E5B94D1F59CA15457A6F4E
A47A2D7859BB08A65A7C8003656803C777E38BC94F7F27EEA4AD1CD8FD5B80FA,HeaderTextAsset,C:\Users\omard\source\repos\RecepcionDocumental\RecepcionDocumental\tools\DocumentAiProbe\experiments\H1D10A\text\A47A2D7859BB08A65A7C8003656803C777E38BC94F7F27EEA4AD1CD8FD5B80FA.header.txt,BD4F8CF11DC13C40A7D84C9DB2F3BF6C8D9BC30D339655FB3CB6585A97DCCAC8
A49F888D274CFE65CF21EB1527C95105513D9AC250238EECF5F46A3791478CBA,HeaderTextAsset,C:\Users\omard\source\repos\RecepcionDocumental\RecepcionDocumental\tools\DocumentAiProbe\experiments\H1D10A\text\A49F888D274CFE65CF21EB1527C95105513D9AC250238EECF5F46A3791478CBA.header.txt,5C862734ED8AA64E3BF453822F74FBB7AC518A1F812E90ACE52C54C55BC7EA3C
A545E9BB46897229592B7E4460C235D68B749F58E268ADED69BEEC775BA2D440,HeaderTextAsset,C:\Users\omard\source\repos\RecepcionDocumental\RecepcionDocumental\tools\DocumentAiProbe\experiments\H1D10A\text\A545E9BB46897229592B7E4460C235D68B749F58E268ADED69BEEC775BA2D440.header.txt,EF2A7A8C6F931DA4B382BD3917D1678F34BC0E51D104D7CA7976FA3E2594A7D9
A5D596CC95D40058EBAB004E9B7D0CD5CDFC8C026CECA39BD2985DA63EE8C44C,HeaderTextAsset,C:\Users\omard\source\repos\RecepcionDocumental\RecepcionDocumental\tools\DocumentAiProbe\experiments\H1D10A\text\A5D596CC95D40058EBAB004E9B7D0CD5CDFC8C026CECA39BD2985DA63EE8C44C.header.txt,5DCBF67EAB705BCDA275ACDB2F5FE7CC298653F49F2FE805E9ADABE009E710B5
A5E0A23B19304BAD637E744E9B4ED12D8BF3377521ABFE8FE73049F7EFE47335,HeaderTextAsset,C:\Users\omard\source\repos\RecepcionDocumental\RecepcionDocumental\tools\DocumentAiProbe\experiments\H1D10A\text\A5E0A23B19304BAD637E744E9B4ED12D8BF3377521ABFE8FE73049F7EFE47335.header.txt,311081140CD8C7B326D6BAB475DDDFAC7E73F25DC79697E2BD6DE58B2FD30206
A662CA0C99BF602548B39BF259B01A4AAA2CA1A594534D0DA328D370E6F32C99,HeaderTextAsset,C:\Users\omard\source\repos\RecepcionDocumental\RecepcionDocumental\tools\DocumentAiProbe\experiments\H1D10A\text\A662CA0C99BF602548B39BF259B01A4AAA2CA1A594534D0DA328D370E6F32C99.header.txt,7D95D503526172F6602DD83334C916FC580D3BA0B5D04D5583DD930ECB77DB67
A69004CE99B64253517BF67479A39AC4E7E2BD6E61A8B7FADBEB43AC4D98FC7C,HeaderTextAsset,C:\Users\omard\source\repos\RecepcionDocumental\RecepcionDocumental\tools\DocumentAiProbe\experiments\H1D10A\text\A69004CE99B64253517BF67479A39AC4E7E2BD6E61A8B7FADBEB43AC4D98FC7C.header.txt,4BA9DFC0ACB94214F16925B77BA06787217466113EC01204D380295325C240CE
A6AD364B22617D413C3D16E1E057C22B686A19E8B85F6EF90F69BB3E880031C2,HeaderTextAsset,C:\Users\omard\source\repos\RecepcionDocumental\RecepcionDocumental\tools\DocumentAiProbe\experiments\H1D10A\text\A6AD364B22617D413C3D16E1E057C22B686A19E8B85F6EF90F69BB3E880031C2.header.txt,E470AC89DEE39F873043CDC94E56DB83D7CF040DB905942675525C31387F8AB3
A75839AE32A6A29EBB6CF64EBE45427C346DFFE51E758D5F04D903FC28147D87,HeaderTextAsset,C:\Users\omard\source\repos\RecepcionDocumental\RecepcionDocumental\tools\DocumentAiProbe\experiments\H1D10A\text\A75839AE32A6A29EBB6CF64EBE45427C346DFFE51E758D5F04D903FC28147D87.header.txt,E64B13BEBB693B3AF19472097E9B174DD4DE428339FD0E5B8C2E9DD24DCB31F8
A79E9B562724ACB0A285620DB140ED3B6F52FCDA4E72FF31363A24D15A583A4E,HeaderTextAsset,C:\Users\omard\source\repos\RecepcionDocumental\RecepcionDocumental\tools\DocumentAiProbe\experiments\H1D10A\text\A79E9B562724ACB0A285620DB140ED3B6F52FCDA4E72FF31363A24D15A583A4E.header.txt,1667081EFB16A271FFA9A421BBC147D0DEA973268A2A936FA039534B17443F6F
A7BADE04443004116FBA8D61734FD935ADA2B9C23ACC045FDB2BD7DE36EDEB9E,HeaderTextAsset,C:\Users\omard\source\repos\RecepcionDocumental\RecepcionDocumental\tools\DocumentAiProbe\experiments\H1D10A\text\A7BADE04443004116FBA8D61734FD935ADA2B9C23ACC045FDB2BD7DE36EDEB9E.header.txt,19E3C3D2D052D98114F7D9CE47D7EB16AB54BD296D02EBC51BED4EDCDB343F66
A7D0D177D1CCB130C093C3F5B09AC3F6AA32332F776804B281CD0D36015BDB72,HeaderTextAsset,C:\Users\omard\source\repos\RecepcionDocumental\RecepcionDocumental\tools\DocumentAiProbe\experiments\H1D10A\text\A7D0D177D1CCB130C093C3F5B09AC3F6AA32332F776804B281CD0D36015BDB72.header.txt,71DF47A9A5C86D7021C7EEE7872EB667FA1A3A4DCB8A0DB303A26664FDF2E139
A7E2D050AE6A451E8D7031F3B2CD5C0C7D46028B7C0A78F2B615E19B29272657,HeaderTextAsset,C:\Users\omard\source\repos\RecepcionDocumental\RecepcionDocumental\tools\DocumentAiProbe\experiments\H1D10A\text\A7E2D050AE6A451E8D7031F3B2CD5C0C7D46028B7C0A78F2B615E19B29272657.header.txt,E06DC718FE6FDECE7CA1C4001C0F1D1493CEB83FDD83EC78B9D883517E13851B
A7EEF61CBC21D206720339275678C25A6C47A3A09E9DEB38D901E03BB5657EAA,HeaderTextAsset,C:\Users\omard\source\repos\RecepcionDocumental\RecepcionDocumental\tools\DocumentAiProbe\experiments\H1D10A\text\A7EEF61CBC21D206720339275678C25A6C47A3A09E9DEB38D901E03BB5657EAA.header.txt,D8FB026A5167EBC08E0D88A2A35C908362C52CF3719AABEA175B5C03CEBD01B0
A83A954DC4B57E16CA65F339A6A32389B871478C19D83616338C312E3DADC07C,HeaderTextAsset,C:\Users\omard\source\repos\RecepcionDocumental\RecepcionDocumental\tools\DocumentAiProbe\experiments\H1D10A\text\A83A954DC4B57E16CA65F339A6A32389B871478C19D83616338C312E3DADC07C.header.txt,01DDE289936788CA3EB87785EBE6FD8F981D8CAC8DFCC8EAFB95E6E5D890E001
A88C6A4751F9912D9305D03EB3776DD14B96B8396F98F48331068504D008E6CC,HeaderTextAsset,C:\Users\omard\source\repos\RecepcionDocumental\RecepcionDocumental\tools\DocumentAiProbe\experiments\H1D10A\text\A88C6A4751F9912D9305D03EB3776DD14B96B8396F98F48331068504D008E6CC.header.txt,38E4C1B1BB4ADF8F856E5229C13933ECF02444A1B591ED80168A30A57BF6B37F
A9133411F1F9F53089FBF5901269327CF6662B8D9095A0E75851ACE6455ADC46,HeaderTextAsset,C:\Users\omard\source\repos\RecepcionDocumental\RecepcionDocumental\tools\DocumentAiProbe\experiments\H1D10A\text\A9133411F1F9F53089FBF5901269327CF6662B8D9095A0E75851ACE6455ADC46.header.txt,A42404EADCE0213A4C5CAF7F7AB697F65F06CB7F5F1FFF6891F34ECE0FDC013F
A925841ABDBBBA3C4CE336C59731CF70CB6A8671AF5CEC26DBDF467A5D92B27F,HeaderTextAsset,C:\Users\omard\source\repos\RecepcionDocumental\RecepcionDocumental\tools\DocumentAiProbe\experiments\H1D10A\text\A925841ABDBBBA3C4CE336C59731CF70CB6A8671AF5CEC26DBDF467A5D92B27F.header.txt,4E814FB1FA76B709A5910D082537BAE4CE76D43141F8ADA569B39D5D86F9FD44
A92813FAF3F630A2BD56EE3BFD4698B7F02E73AB258E69060425422B9409202C,HeaderTextAsset,C:\Users\omard\source\repos\RecepcionDocumental\RecepcionDocumental\tools\DocumentAiProbe\experiments\H1D10A\text\A92813FAF3F630A2BD56EE3BFD4698B7F02E73AB258E69060425422B9409202C.header.txt,7ECB7C607CF2FAADCF4024497A0A377F17FD76242B54C4FA876DDAA614FFB771
A96DEE1D6A7E23D5E68607C65FF20DCFE740969199AAC8736E42D59AE4730A2B,HeaderTextAsset,C:\Users\omard\source\repos\RecepcionDocumental\RecepcionDocumental\tools\DocumentAiProbe\experiments\H1D10A\text\A96DEE1D6A7E23D5E68607C65FF20DCFE740969199AAC8736E42D59AE4730A2B.header.txt,9C5A78095D24EEADC5951DD72FCC189561CA2C2DFC852F7261D155E05DE56691
AA84C3A4E4924686D838376E09090FD10087194C01C07A5EA950C292EF7C5773,HeaderTextAsset,C:\Users\omard\source\repos\RecepcionDocumental\RecepcionDocumental\tools\DocumentAiProbe\experiments\H1D10A\text\AA84C3A4E4924686D838376E09090FD10087194C01C07A5EA950C292EF7C5773.header.txt,4476E06A7FAFE534ABCBC47BCD71BDF85CC286F401FFF054F172DACB3DB393FA
AAA58F0519E8973AF3E81F35297B296B0C1596C01E87249708FF250200CB4755,HeaderTextAsset,C:\Users\omard\source\repos\RecepcionDocumental\RecepcionDocumental\tools\DocumentAiProbe\experiments\H1D10A\text\AAA58F0519E8973AF3E81F35297B296B0C1596C01E87249708FF250200CB4755.header.txt,C555523865B05D9FCA978B295BB30A648A004A7E78437F3998E9C5A4700C80D6
AABF7B716F6EFB57A9B2A94209DC35148FE057B9591E0019F999ED73BEC22319,HeaderTextAsset,C:\Users\omard\source\repos\RecepcionDocumental\RecepcionDocumental\tools\DocumentAiProbe\experiments\H1D10A\text\AABF7B716F6EFB57A9B2A94209DC35148FE057B9591E0019F999ED73BEC22319.header.txt,6E96B00E623DD40C019BB963994CD6C70C1B7A1D1F11CB725F698CDC9C805EA1
AAF93BE68662AE6CFF480483FCE1E287B6C015A1639FDD0D222FBB2ACE8EF0EA,HeaderTextAsset,C:\Users\omard\source\repos\RecepcionDocumental\RecepcionDocumental\tools\DocumentAiProbe\experiments\H1D10A\text\AAF93BE68662AE6CFF480483FCE1E287B6C015A1639FDD0D222FBB2ACE8EF0EA.header.txt,3CDB9AE8AE3DA98BD08CBFB94E5BDAF916927C08DEBC4B241632CCFE10BECEB3
AB024B93E8B5777C028652601EEB9B237BDF2C8F8FFEF47DED32E4E522CD8A98,HeaderTextAsset,C:\Users\omard\source\repos\RecepcionDocumental\RecepcionDocumental\tools\DocumentAiProbe\experiments\H1D10A\text\AB024B93E8B5777C028652601EEB9B237BDF2C8F8FFEF47DED32E4E522CD8A98.header.txt,C7C51FFA05642EA2E5712EB2E7F98ADB07CCDB795DFC2C4D761471A739BD7C45
AB0C583E646597C83850FE9C08448F796CBA142A0E028D788A4966911C47F5D4,HeaderTextAsset,C:\Users\omard\source\repos\RecepcionDocumental\RecepcionDocumental\tools\DocumentAiProbe\experiments\H1D10A\text\AB0C583E646597C83850FE9C08448F796CBA142A0E028D788A4966911C47F5D4.header.txt,D6FA9FF021FCEC85557102601DFD591F12C2BF623447BF261B8DB001488DA67F
AB0D83C3DF9CFBA31A1263817C970E11E1100483FEAEB9FF1B3648423B98EC50,HeaderTextAsset,C:\Users\omard\source\repos\RecepcionDocumental\RecepcionDocumental\tools\DocumentAiProbe\experiments\H1D10A\text\AB0D83C3DF9CFBA31A1263817C970E11E1100483FEAEB9FF1B3648423B98EC50.header.txt,D7FA2D29187A4E7784160F8EC60EF6D7ECAFE3FFBB4C2BA23C0095954E5357D6
AB884F3366C4525F87C6694CA20947481EF300287DE4867EB133E4C54BBFC69F,HeaderTextAsset,C:\Users\omard\source\repos\RecepcionDocumental\RecepcionDocumental\tools\DocumentAiProbe\experiments\H1D10A\text\AB884F3366C4525F87C6694CA20947481EF300287DE4867EB133E4C54BBFC69F.header.txt,D438DDDE620B9E6F222588FA5ADA12A79141F198DC18AE27F2FB811BD5C9A837
ABDDFA8881E4CD0ED1415E127247052AE060CE64BD2FACE5989B2E277F168543,HeaderTextAsset,C:\Users\omard\source\repos\RecepcionDocumental\RecepcionDocumental\tools\DocumentAiProbe\experiments\H1D10A\text\ABDDFA8881E4CD0ED1415E127247052AE060CE64BD2FACE5989B2E277F168543.header.txt,E02DB7FCA11B8E60B75A9EBCFC9BA4392F8084A7C74F97FEB7F5C0AC25BA9432
AC42650CDBF054A8D47F42B00BB5D1DC80ED46BF8F1B3CAE8266DB2B168C2931,HeaderTextAsset,C:\Users\omard\source\repos\RecepcionDocumental\RecepcionDocumental\tools\DocumentAiProbe\experiments\H1D10A\text\AC42650CDBF054A8D47F42B00BB5D1DC80ED46BF8F1B3CAE8266DB2B168C2931.header.txt,AAF2D733328A49A279A270BC1B853A028AAD04C032E261164684C09E7020AE51
AC7F51DCC99C3BC48F1274A5EB79215443AF73810C32D0DBB5F765BBCB40E660,HeaderTextAsset,C:\Users\omard\source\repos\RecepcionDocumental\RecepcionDocumental\tools\DocumentAiProbe\experiments\H1D10A\text\AC7F51DCC99C3BC48F1274A5EB79215443AF73810C32D0DBB5F765BBCB40E660.header.txt,41EA65E6C08AEE92550CB526225A8F6B12789D08427FCB3EA73FD368BA3D02CA
AD2799635E27A7E0E1451185C9AC53A3007944660C2909B4A3901B48049DFC74,HeaderTextAsset,C:\Users\omard\source\repos\RecepcionDocumental\RecepcionDocumental\tools\DocumentAiProbe\experiments\H1D10A\text\AD2799635E27A7E0E1451185C9AC53A3007944660C2909B4A3901B48049DFC74.header.txt,A5C6ADBA5E7DE386C3D55C327B8C353836B0B5705FFE9ADA5DA50C1F37ED4ABD
AD38ECC329BC2D1D9C7EB6B476156A3E757E51B81A8781D479A9C382D6413B41,HeaderTextAsset,C:\Users\omard\source\repos\RecepcionDocumental\RecepcionDocumental\tools\DocumentAiProbe\experiments\H1D10A\text\AD38ECC329BC2D1D9C7EB6B476156A3E757E51B81A8781D479A9C382D6413B41.header.txt,8BE345E449FE822F7DCCE4432221BF69C322C870FA07E7D0B7FF4D4B6CC98DBE
AD8BFE9C96C26C6BB914E83C6621C9708F3AFF672AF75B6AB01CD9C0EAE75AC0,HeaderTextAsset,C:\Users\omard\source\repos\RecepcionDocumental\RecepcionDocumental\tools\DocumentAiProbe\experiments\H1D10A\text\AD8BFE9C96C26C6BB914E83C6621C9708F3AFF672AF75B6AB01CD9C0EAE75AC0.header.txt,34148C08EFDAEA723439BBD006EE4372080BF9E23EFC1D7B2108C27C80EF4BD7
ADDFD63B7C42F1260D78911245A68E078B8F253673927689B4CC49220FF7EB57,HeaderTextAsset,C:\Users\omard\source\repos\RecepcionDocumental\RecepcionDocumental\tools\DocumentAiProbe\experiments\H1D10A\text\ADDFD63B7C42F1260D78911245A68E078B8F253673927689B4CC49220FF7EB57.header.txt,E3AEBF45222D6B60D4DE2EFDA2769701B99911E69D899AAF3F72BB71AF6EEDCC
ADF2DA89D38748AA9C10DF753D455E11F4A6C39815FD1E071DF87AB7A230CAC3,HeaderTextAsset,C:\Users\omard\source\repos\RecepcionDocumental\RecepcionDocumental\tools\DocumentAiProbe\experiments\H1D10A\text\ADF2DA89D38748AA9C10DF753D455E11F4A6C39815FD1E071DF87AB7A230CAC3.header.txt,936B03E8080F05CF2AF69ABDF21E560A6EF05FF44664058D69D717D8B997FB31
AE48F358ED15E164307B6F3416EA2A65B1ED9601E64C1F0F9578C8454C395CA4,HeaderTextAsset,C:\Users\omard\source\repos\RecepcionDocumental\RecepcionDocumental\tools\DocumentAiProbe\experiments\H1D10A\text\AE48F358ED15E164307B6F3416EA2A65B1ED9601E64C1F0F9578C8454C395CA4.header.txt,C7336EFAB89397727FCE6997456EBCF2E2D0C94FB95DBF778C88B9E1C35459EB
AE5F33D11E36020FD2D0004B7D7F0E29834D1846F3753696CE2E377BA6990089,HeaderTextAsset,C:\Users\omard\source\repos\RecepcionDocumental\RecepcionDocumental\tools\DocumentAiProbe\experiments\H1D10A\text\AE5F33D11E36020FD2D0004B7D7F0E29834D1846F3753696CE2E377BA6990089.header.txt,39F27D4BA05B148F0C9789FEB88D022D761CF37EB0DE3164A346C0192EC3E204
AE6555FAEED3F6DA119B234934065DE34014B600D497678D3CA282EC4EE3AFAC,HeaderTextAsset,C:\Users\omard\source\repos\RecepcionDocumental\RecepcionDocumental\tools\DocumentAiProbe\experiments\H1D10A\text\AE6555FAEED3F6DA119B234934065DE34014B600D497678D3CA282EC4EE3AFAC.header.txt,DE46A15BB28A24F6A6165B177FFD0C666E6C90073819CDCEDB070D3DEADF0D75
AE91E3C556FA0456BA47EC97C0EADF80B7682FD588FAEFAB92CE30C32903AB22,HeaderTextAsset,C:\Users\omard\source\repos\RecepcionDocumental\RecepcionDocumental\tools\DocumentAiProbe\experiments\H1D10A\text\AE91E3C556FA0456BA47EC97C0EADF80B7682FD588FAEFAB92CE30C32903AB22.header.txt,F51788503F28883EAC10EB1888C5301A340B88858261D326E29442E8F0FE63C6
AEDC467B81545A573C8CF5C8878CF82047F638848F57F6CCD09D6E39D8261EEC,HeaderTextAsset,C:\Users\omard\source\repos\RecepcionDocumental\RecepcionDocumental\tools\DocumentAiProbe\experiments\H1D10A\text\AEDC467B81545A573C8CF5C8878CF82047F638848F57F6CCD09D6E39D8261EEC.header.txt,6C7DF1C73A6B931D02E4369044E296BFDA7ABBB3DF5B75D7EF3B7B91C69373B4
AF8B6445B3070AB2870510DFF2CAD430EBA17F2CDE35338DFBAF13D2E9EDA8A7,HeaderTextAsset,C:\Users\omard\source\repos\RecepcionDocumental\RecepcionDocumental\tools\DocumentAiProbe\experiments\H1D10A\text\AF8B6445B3070AB2870510DFF2CAD430EBA17F2CDE35338DFBAF13D2E9EDA8A7.header.txt,145C6D2FA170F0C62DB05EF84A5A856BA38566C6886F048C54E555DDFE92AA5F
AF9E13927BD6123DA16DE0369AA7435A2892D4D71E8A0B3863F85C6A5E30455A,HeaderTextAsset,C:\Users\omard\source\repos\RecepcionDocumental\RecepcionDocumental\tools\DocumentAiProbe\experiments\H1D10A\text\AF9E13927BD6123DA16DE0369AA7435A2892D4D71E8A0B3863F85C6A5E30455A.header.txt,ADAB5459F1E10C78589271D92000FC5B869BF2E4E32E3BBB71941D49376FC5F8
AFB2A16FE5967F1096CB2532D6F726831A460843CB1618E3F75A29899EF26F3D,HeaderTextAsset,C:\Users\omard\source\repos\RecepcionDocumental\RecepcionDocumental\tools\DocumentAiProbe\experiments\H1D10A\text\AFB2A16FE5967F1096CB2532D6F726831A460843CB1618E3F75A29899EF26F3D.header.txt,F06F22611039809E30E414ADA02F4A065F6CEAF1AC38D5C0A142CA133FED25B1
AFD04E98404202094A303416378E65BFF378DACC29438FCCB31F15E5DA76A62D,HeaderTextAsset,C:\Users\omard\source\repos\RecepcionDocumental\RecepcionDocumental\tools\DocumentAiProbe\experiments\H1D10A\text\AFD04E98404202094A303416378E65BFF378DACC29438FCCB31F15E5DA76A62D.header.txt,A7DCCB3E4EA6F23CA02F857C1EC226ABC139559E0DC50D372D9C6E7C7A15BB8E
AFD94A7738464B799D40D6192E9DD1BEEC6A0D45A535AACFA3EDD16D0B16F057,HeaderTextAsset,C:\Users\omard\source\repos\RecepcionDocumental\RecepcionDocumental\tools\DocumentAiProbe\experiments\H1D10A\text\AFD94A7738464B799D40D6192E9DD1BEEC6A0D45A535AACFA3EDD16D0B16F057.header.txt,37E35E34C1ED438B7C7DEFD024F43A08632929B51A7C5712DDD631D360219617
AFF82FA6EF3277DD84FB0590FEFDAA94384C7C16B8DD7E888E0AC3694B287D74,HeaderTextAsset,C:\Users\omard\source\repos\RecepcionDocumental\RecepcionDocumental\tools\DocumentAiProbe\experiments\H1D10A\text\AFF82FA6EF3277DD84FB0590FEFDAA94384C7C16B8DD7E888E0AC3694B287D74.header.txt,ADBC185160993791F36C50B7D2283523EA06762589B10FC8085E904F90163D2A
B037CD5D6C3DBFE242C1D48A41B2E684E3A06C137605AD08407CCABBF0300E9C,HeaderTextAsset,C:\Users\omard\source\repos\RecepcionDocumental\RecepcionDocumental\tools\DocumentAiProbe\experiments\H1D10A\text\B037CD5D6C3DBFE242C1D48A41B2E684E3A06C137605AD08407CCABBF0300E9C.header.txt,7A70159DCCC77686393FE056D7E409FD26BD2A76FBA162297D13F52C04B79EE6
B0A4197888EA55EB0525400667380D7303F51FA37116676CBF8C89C3C4576029,HeaderTextAsset,C:\Users\omard\source\repos\RecepcionDocumental\RecepcionDocumental\tools\DocumentAiProbe\experiments\H1D10A\text\B0A4197888EA55EB0525400667380D7303F51FA37116676CBF8C89C3C4576029.header.txt,A640D7DAEAE46C89CEC0FC3C3E396874701296D172A670D470D2ABBCD686E3BB
B155575B3E5AA921C9BE814DB5AE231CE4A154F9464C903FFF45753EDF9BB098,HeaderTextAsset,C:\Users\omard\source\repos\RecepcionDocumental\RecepcionDocumental\tools\DocumentAiProbe\experiments\H1D10A\text\B155575B3E5AA921C9BE814DB5AE231CE4A154F9464C903FFF45753EDF9BB098.header.txt,CA379F92BFC69A11C59634B701347879F8D4202BFEA7D1EE0C141F62083BED67
B183B3C2FBEA842AA2E1271A4F4F99AD84CB291E37911A846655D8B7C3B6F0F7,HeaderTextAsset,C:\Users\omard\source\repos\RecepcionDocumental\RecepcionDocumental\tools\DocumentAiProbe\experiments\H1D10A\text\B183B3C2FBEA842AA2E1271A4F4F99AD84CB291E37911A846655D8B7C3B6F0F7.header.txt,F1E55469FAF391FE8532EE4F4CBE61FA41CED74ED80B3C4EBAB00570128521C7
B1F31AE8A9C37651E9BE2101CEE69DF9D9BB484E351A2EDFE5EFAD605EC5491F,HeaderTextAsset,C:\Users\omard\source\repos\RecepcionDocumental\RecepcionDocumental\tools\DocumentAiProbe\experiments\H1D10A\text\B1F31AE8A9C37651E9BE2101CEE69DF9D9BB484E351A2EDFE5EFAD605EC5491F.header.txt,1D0789FE68C3592F4BDD6480D53F33668BF63902114D9C22D735963E702F0072
B22A76E1E4FD31EF224C10ACFE0E347C516EF33BA7C3ECF2F5490502A042BFD9,HeaderTextAsset,C:\Users\omard\source\repos\RecepcionDocumental\RecepcionDocumental\tools\DocumentAiProbe\experiments\H1D10A\text\B22A76E1E4FD31EF224C10ACFE0E347C516EF33BA7C3ECF2F5490502A042BFD9.header.txt,88BBC8B81F78CFAE5ED24546AFBF4E674A3BBED70F7DEDAFD5B5644ED55E8147
B261F434C6894AF945296D248F09A6B8DFCADCFD119DC890EDE995D62C59E4AB,HeaderTextAsset,C:\Users\omard\source\repos\RecepcionDocumental\RecepcionDocumental\tools\DocumentAiProbe\experiments\H1D10A\text\B261F434C6894AF945296D248F09A6B8DFCADCFD119DC890EDE995D62C59E4AB.header.txt,79BAD857AD0083F249F092D6539FBDC7BF12C28369928EB9762F4BE3E77C0D3B
B2997181C2966B7D939278DE583E1C455291A7919335F007B8E7502E8FF7BED6,HeaderTextAsset,C:\Users\omard\source\repos\RecepcionDocumental\RecepcionDocumental\tools\DocumentAiProbe\experiments\H1D10A\text\B2997181C2966B7D939278DE583E1C455291A7919335F007B8E7502E8FF7BED6.header.txt,5E5A92472083AC75E3AFEFF316FB1F889C719AEDAA49D49AD65DBCEAC7E5E6B9
B2A0FCE48A8A078C9FDBA7A34DFCC9B8B282947AF09EF609C4F2A424AA6F13D7,HeaderTextAsset,C:\Users\omard\source\repos\RecepcionDocumental\RecepcionDocumental\tools\DocumentAiProbe\experiments\H1D10A\text\B2A0FCE48A8A078C9FDBA7A34DFCC9B8B282947AF09EF609C4F2A424AA6F13D7.header.txt,5B3CE42E3B15F166A4DFC51A2447D56BAD2CCB9B8F93C4203D0D37074FF99BDF
B2C834CFED8E0CEFDFC52915E35EC7F7E4E3C09E73B77FA068A55848357A78DA,HeaderTextAsset,C:\Users\omard\source\repos\RecepcionDocumental\RecepcionDocumental\tools\DocumentAiProbe\experiments\H1D10A\text\B2C834CFED8E0CEFDFC52915E35EC7F7E4E3C09E73B77FA068A55848357A78DA.header.txt,957E965E9F1891A2CC16166407E71D73A4B3CFD2DBE9B5F0E8C2EB237E3584E0
B2EC24389642801888074E7E0AFA7D94B5A444FDA2F8FE74C2AF1D76B6E3BCEC,HeaderTextAsset,C:\Users\omard\source\repos\RecepcionDocumental\RecepcionDocumental\tools\DocumentAiProbe\experiments\H1D10A\text\B2EC24389642801888074E7E0AFA7D94B5A444FDA2F8FE74C2AF1D76B6E3BCEC.header.txt,A300C5A722D668E82234F87D46AA3D75FC684C80673DCF46B7855282C893E825
B30F44F06B3B610827B41DCAB057CFBD3F73DFD201E509567A97022B58BE754E,HeaderTextAsset,C:\Users\omard\source\repos\RecepcionDocumental\RecepcionDocumental\tools\DocumentAiProbe\experiments\H1D10A\text\B30F44F06B3B610827B41DCAB057CFBD3F73DFD201E509567A97022B58BE754E.header.txt,E83115A62C0C1390B1FFC4A044DDB11B11F2AE487C086AD1F10D8006A06600FB
B3E8F9A23D84DA4EF6F0BED0132ABEC06DBBCC00BADF676ED7BD7E71E44FDF73,HeaderTextAsset,C:\Users\omard\source\repos\RecepcionDocumental\RecepcionDocumental\tools\DocumentAiProbe\experiments\H1D10A\text\B3E8F9A23D84DA4EF6F0BED0132ABEC06DBBCC00BADF676ED7BD7E71E44FDF73.header.txt,C49E5908128F6A71B3B77637A8C81247F3D41E61A148C235FD9E54698C2AD3F6
B43FBD417EF3A374DBF2C0452FEBBCF37E606C43B32910257C5C61F0D456E116,HeaderTextAsset,C:\Users\omard\source\repos\RecepcionDocumental\RecepcionDocumental\tools\DocumentAiProbe\experiments\H1D10A\text\B43FBD417EF3A374DBF2C0452FEBBCF37E606C43B32910257C5C61F0D456E116.header.txt,D26A9E34025FE3AA31ACEB0DE2AB271BDD23F45E05FE695F1A493C22D9F4E98C
B44251C89926FF5181BC892C404BAF4F11E48626212A6C970A5D7DDEAEBF3CA6,HeaderTextAsset,C:\Users\omard\source\repos\RecepcionDocumental\RecepcionDocumental\tools\DocumentAiProbe\experiments\H1D10A\text\B44251C89926FF5181BC892C404BAF4F11E48626212A6C970A5D7DDEAEBF3CA6.header.txt,65CC16E6420D51212181115141B92C71D0CB792912D5B073968D511BF842D1DF
B4430B9D1CE090C0C6EBC8ECC4D373545087A303D6846768C96141BD69FD3D68,HeaderTextAsset,C:\Users\omard\source\repos\RecepcionDocumental\RecepcionDocumental\tools\DocumentAiProbe\experiments\H1D10A\text\B4430B9D1CE090C0C6EBC8ECC4D373545087A303D6846768C96141BD69FD3D68.header.txt,18BF732C66E8156DEC626141B1E261FE6D345391AFE244BD2B8F33DF8EAE270A
B46721DBF0CC1963B2C57D5D4C35252EEC8B7C40AA9B65F00B72A5A0AE888BA5,HeaderTextAsset,C:\Users\omard\source\repos\RecepcionDocumental\RecepcionDocumental\tools\DocumentAiProbe\experiments\H1D10A\text\B46721DBF0CC1963B2C57D5D4C35252EEC8B7C40AA9B65F00B72A5A0AE888BA5.header.txt,1B806BB90D63E070E5A656F6A418F1114AFA2BFC78B0DAAB32C1E2F186A0711E
B49BC0B1FC19AAC79B16DC36E0EE7096B46796D74369F33A1A753F4B1237A7BD,HeaderTextAsset,C:\Users\omard\source\repos\RecepcionDocumental\RecepcionDocumental\tools\DocumentAiProbe\experiments\H1D10A\text\B49BC0B1FC19AAC79B16DC36E0EE7096B46796D74369F33A1A753F4B1237A7BD.header.txt,1E6B284EB645B6D56DDD5F65B648EE30A3AA137C94107AAC3801EBD5A5790CDB
B4C8FA3786E8BA119F3C5F40F1BF5868D7591D0E865FF2AF84F7235674F33C88,HeaderTextAsset,C:\Users\omard\source\repos\RecepcionDocumental\RecepcionDocumental\tools\DocumentAiProbe\experiments\H1D10A\text\B4C8FA3786E8BA119F3C5F40F1BF5868D7591D0E865FF2AF84F7235674F33C88.header.txt,8C07DF9F703A0E594FD95F8EB33AEFE3EB62A436B2F6B42BE3A4A2DCD5EBE629
B57482DDE36878A4671AE5BA62CF9F25F1093F7ADED072390756EA95F182680B,HeaderTextAsset,C:\Users\omard\source\repos\RecepcionDocumental\RecepcionDocumental\tools\DocumentAiProbe\experiments\H1D10A\text\B57482DDE36878A4671AE5BA62CF9F25F1093F7ADED072390756EA95F182680B.header.txt,0ADC73521A15343D7F1DB181D2C76374B9E8EBFE0810C3AB0B74BE9EE05A986C
B59289C59C42F58F2E5E5667229CB21EC21343A252CF50441F2AACE87618F71B,HeaderTextAsset,C:\Users\omard\source\repos\RecepcionDocumental\RecepcionDocumental\tools\DocumentAiProbe\experiments\H1D10A\text\B59289C59C42F58F2E5E5667229CB21EC21343A252CF50441F2AACE87618F71B.header.txt,86556326DEA45BC8C3DD445BA1AE0429568DF9953B31C36ECBE0DCA0E267AB57
B5ACDD8CF3C659A5ACA521D4D5BDD33A4ABCED7E3B51BCE62232BF6509A7A6B5,HeaderTextAsset,C:\Users\omard\source\repos\RecepcionDocumental\RecepcionDocumental\tools\DocumentAiProbe\experiments\H1D10A\text\B5ACDD8CF3C659A5ACA521D4D5BDD33A4ABCED7E3B51BCE62232BF6509A7A6B5.header.txt,4FBABD4C5D34785B93E4B373CD9F6175171ADE3AD877067F403357300A616F90
B5C325DEA3BD4B0A25EA5C3EDE914856F9CC703DC3DAEF00F3443733CDDC020F,HeaderTextAsset,C:\Users\omard\source\repos\RecepcionDocumental\RecepcionDocumental\tools\DocumentAiProbe\experiments\H1D10A\text\B5C325DEA3BD4B0A25EA5C3EDE914856F9CC703DC3DAEF00F3443733CDDC020F.header.txt,DFA4E76475E1C76AED942E1BD87922CEBA9C6DBAC5DC06562A373E206002814A
B5DE25694A1E3F151038528A102E8613AAA3E63ED988DE74C8B99134F65C2CE1,HeaderTextAsset,C:\Users\omard\source\repos\RecepcionDocumental\RecepcionDocumental\tools\DocumentAiProbe\experiments\H1D10A\text\B5DE25694A1E3F151038528A102E8613AAA3E63ED988DE74C8B99134F65C2CE1.header.txt,68EF6E5F96C1914A46074A3A3A86ED805CFEE152729A2E0B75D0E16770482131
B5FADEA794BC7EF56E6FCA4D6D51AA1D2416BC77A0A4768BD9F139BE4BF0C225,HeaderTextAsset,C:\Users\omard\source\repos\RecepcionDocumental\RecepcionDocumental\tools\DocumentAiProbe\experiments\H1D10A\text\B5FADEA794BC7EF56E6FCA4D6D51AA1D2416BC77A0A4768BD9F139BE4BF0C225.header.txt,AF463136B5F4D4440F47397AFE1F5CA9501B4BDD14993AFB053DC328D5ECAEF1
B659F8BCB146A10D8370F7CBC2A5C9DB45207D9B5EFB86E12A2786DA28051160,HeaderTextAsset,C:\Users\omard\source\repos\RecepcionDocumental\RecepcionDocumental\tools\DocumentAiProbe\experiments\H1D10A\text\B659F8BCB146A10D8370F7CBC2A5C9DB45207D9B5EFB86E12A2786DA28051160.header.txt,7D245E137E90E4DB6B32125D47FBC3F7185F2F6D13228650DD07FD6135463314
B68674F3B9393FDE895EBE47421061B41DCE664D2174AFA8C7904CD4324C5124,HeaderTextAsset,C:\Users\omard\source\repos\RecepcionDocumental\RecepcionDocumental\tools\DocumentAiProbe\experiments\H1D10A\text\B68674F3B9393FDE895EBE47421061B41DCE664D2174AFA8C7904CD4324C5124.header.txt,3A7E8D74D4A8D06993D2CF75E20CAB167C6A27DE59BC43BABD2392DF015D132B
B7004863AED55E481D4397435BD5B06CEA6180397E1059883D51F5D066F1147F,HeaderTextAsset,C:\Users\omard\source\repos\RecepcionDocumental\RecepcionDocumental\tools\DocumentAiProbe\experiments\H1D10A\text\B7004863AED55E481D4397435BD5B06CEA6180397E1059883D51F5D066F1147F.header.txt,4BF1DC8CD13BDF004DFCD95955E67195D2AC70DD766F27B522EB3DC85875648C
B77D4EBDF02A914E4B6BB74E218EBA5B9F3C84F47E7C63F5DCAE563B8ABE7A72,HeaderTextAsset,C:\Users\omard\source\repos\RecepcionDocumental\RecepcionDocumental\tools\DocumentAiProbe\experiments\H1D10A\text\B77D4EBDF02A914E4B6BB74E218EBA5B9F3C84F47E7C63F5DCAE563B8ABE7A72.header.txt,CDAF788B1005CE0DFE04524D343E85EE4FC09594D99E6A185A884D98E3EEF2B8
B78BB8245C935535BC3425C474DD8C21F7E5434AF84B89A889F4DCB0C0595930,HeaderTextAsset,C:\Users\omard\source\repos\RecepcionDocumental\RecepcionDocumental\tools\DocumentAiProbe\experiments\H1D10A\text\B78BB8245C935535BC3425C474DD8C21F7E5434AF84B89A889F4DCB0C0595930.header.txt,12654658BDACE4B7E749846A7B110DF78545F296BCDADEC9564433923A1EAF54
B80AFDA11B97B8B04E84D9CD740D359D1C596DF8F1D8F5F1FD844D8FEA257681,HeaderTextAsset,C:\Users\omard\source\repos\RecepcionDocumental\RecepcionDocumental\tools\DocumentAiProbe\experiments\H1D10A\text\B80AFDA11B97B8B04E84D9CD740D359D1C596DF8F1D8F5F1FD844D8FEA257681.header.txt,BB50E9F7EDA7E664175BCB2078E876ACA95EBA65EE6FF37BB8F20C9C1BEBE044
B838D34AF658B43A04B590C709EF56D29457768AC2561246DE907FDBB3E164FA,HeaderTextAsset,C:\Users\omard\source\repos\RecepcionDocumental\RecepcionDocumental\tools\DocumentAiProbe\experiments\H1D10A\text\B838D34AF658B43A04B590C709EF56D29457768AC2561246DE907FDBB3E164FA.header.txt,BF5EBBB45BBC30C34EE6443885C64DF746EBD0CC7211E20DBC621F6BB62306CE
B84A772378756B6314CFD7C847ED11E8ED0969129EDEC4C4AB968DFC4819F7C8,HeaderTextAsset,C:\Users\omard\source\repos\RecepcionDocumental\RecepcionDocumental\tools\DocumentAiProbe\experiments\H1D10A\text\B84A772378756B6314CFD7C847ED11E8ED0969129EDEC4C4AB968DFC4819F7C8.header.txt,36B1913D189F81A3A7A6F98A2C7E9E1BAB5359891DE295E0CB071D667ACFEDE6
B84B427F6FD18CB0429FFD385661A0D9E127F2E46C5B2ADC755D18414A870739,HeaderTextAsset,C:\Users\omard\source\repos\RecepcionDocumental\RecepcionDocumental\tools\DocumentAiProbe\experiments\H1D10A\text\B84B427F6FD18CB0429FFD385661A0D9E127F2E46C5B2ADC755D18414A870739.header.txt,87EA0CE454C75C85F935C623EDE32EA39FEAE51F8760B1D7B0552C6AA5987F21
B8AE7CBF2367797B27297B4937F006864D0E40FEE96D9146C308CD0D36DA337B,HeaderTextAsset,C:\Users\omard\source\repos\RecepcionDocumental\RecepcionDocumental\tools\DocumentAiProbe\experiments\H1D10A\text\B8AE7CBF2367797B27297B4937F006864D0E40FEE96D9146C308CD0D36DA337B.header.txt,08FEA149D321632E23144674390D2F810A4D5DCC4BAB438D77DFCA231C9C7BF9
B8B9CC93AD5D652C71367F2D4AAAC897EE3CCF26697314E8B918A140B27EAD43,HeaderTextAsset,C:\Users\omard\source\repos\RecepcionDocumental\RecepcionDocumental\tools\DocumentAiProbe\experiments\H1D10A\text\B8B9CC93AD5D652C71367F2D4AAAC897EE3CCF26697314E8B918A140B27EAD43.header.txt,5B011AD877A437CF5001A7F4127C65001AC26A9C5DCDA19CC68F189A9E9355EA
BA599EC41FE7E359E5A4333D2216B20E2F1B14EEC86D337177BBE86642EFBC1F,HeaderTextAsset,C:\Users\omard\source\repos\RecepcionDocumental\RecepcionDocumental\tools\DocumentAiProbe\experiments\H1D10A\text\BA599EC41FE7E359E5A4333D2216B20E2F1B14EEC86D337177BBE86642EFBC1F.header.txt,4F1B00593E5FB69850D4357FF8CA80B1DC77119B69BD1C92E178C3BA4E6B731F
BA98CE4928F0A74D663B803FFB02DF2C63C5E0404FC89B630992D31DEF7B9B63,HeaderTextAsset,C:\Users\omard\source\repos\RecepcionDocumental\RecepcionDocumental\tools\DocumentAiProbe\experiments\H1D10A\text\BA98CE4928F0A74D663B803FFB02DF2C63C5E0404FC89B630992D31DEF7B9B63.header.txt,2ADB60689293134797934E76C4953221C7BB6EE11AFF6C3202E1CF2CCBD8BF83
BAAE431824638D35FB35CDA58C3D162F45CF18993CC7DD8696C0ED104C344E01,HeaderTextAsset,C:\Users\omard\source\repos\RecepcionDocumental\RecepcionDocumental\tools\DocumentAiProbe\experiments\H1D10A\text\BAAE431824638D35FB35CDA58C3D162F45CF18993CC7DD8696C0ED104C344E01.header.txt,A3F829C8D8833FEC2E5CD7F338F9F9A20F0AA9F2AD7EF66ED39B5FE4DEB3DC6F
BAB2FC9AD6FCB9791998B45C2980B39C5B8761CA41A9B31757578BED83609B74,HeaderTextAsset,C:\Users\omard\source\repos\RecepcionDocumental\RecepcionDocumental\tools\DocumentAiProbe\experiments\H1D10A\text\BAB2FC9AD6FCB9791998B45C2980B39C5B8761CA41A9B31757578BED83609B74.header.txt,784CB29F4650EE67AEAB22DC17C81925061E80DECC8BF286C9F6B6FEF4D7B4D6
BAD58EFDAD38F78981FFC549AF4B2F8E08A05F91717C17C0926AD6E832356563,HeaderTextAsset,C:\Users\omard\source\repos\RecepcionDocumental\RecepcionDocumental\tools\DocumentAiProbe\experiments\H1D10A\text\BAD58EFDAD38F78981FFC549AF4B2F8E08A05F91717C17C0926AD6E832356563.header.txt,F5F455A3072973E084A3483F6D1F87F1771924E896E294515C7B7D7F2942F5A6
BBE194D39B1BE0FC4F79746855975E750A39C4A50FF4BFDC2FD0EE6FA1BE1DE2,HeaderTextAsset,C:\Users\omard\source\repos\RecepcionDocumental\RecepcionDocumental\tools\DocumentAiProbe\experiments\H1D10A\text\BBE194D39B1BE0FC4F79746855975E750A39C4A50FF4BFDC2FD0EE6FA1BE1DE2.header.txt,6F15ADF152EDEA888F305B8B92E0C2073E28C2C98D70E770F1C028567B254C79
BC50881D0FA286197EF00AE2A783C5F35035D52AB8D8331389563F71777F200E,HeaderTextAsset,C:\Users\omard\source\repos\RecepcionDocumental\RecepcionDocumental\tools\DocumentAiProbe\experiments\H1D10A\text\BC50881D0FA286197EF00AE2A783C5F35035D52AB8D8331389563F71777F200E.header.txt,9C8410F703D7248C2FC939778148F563D1993EEDFDC98AB336A45D242E66D713
BCBBF28C995BCD25F999826AE1848F034C3835F0CFA162AFA733CB7F3317C176,HeaderTextAsset,C:\Users\omard\source\repos\RecepcionDocumental\RecepcionDocumental\tools\DocumentAiProbe\experiments\H1D10A\text\BCBBF28C995BCD25F999826AE1848F034C3835F0CFA162AFA733CB7F3317C176.header.txt,0D95AAC9844E9ADF510E09DF1ECEAC1E80B11BEAA9B8B9DADD0FB7C4F95E7591
BCDB3FA6314A6818D45588D3055054720B71C0FFD5AF1BF073F8B68C9823DB5C,HeaderTextAsset,C:\Users\omard\source\repos\RecepcionDocumental\RecepcionDocumental\tools\DocumentAiProbe\experiments\H1D10A\text\BCDB3FA6314A6818D45588D3055054720B71C0FFD5AF1BF073F8B68C9823DB5C.header.txt,05D51B71BACA68184FC8A951A5A53BBE12ECE2ABC9427AC4D58E38145ED0534B
BD24EA94A76C917A05925825C6264475970B3150A5DD24C5C1706E1BCE397335,HeaderTextAsset,C:\Users\omard\source\repos\RecepcionDocumental\RecepcionDocumental\tools\DocumentAiProbe\experiments\H1D10A\text\BD24EA94A76C917A05925825C6264475970B3150A5DD24C5C1706E1BCE397335.header.txt,DD6BDFFADCA4D3C9EBBCD4B0C8238A7F242C68B8254C2FF885CB63E4356D74C3
BD7F4BAA498B98BEFACE0028528DCDF91D331EBEC91FDC934BAC440BB06984D5,HeaderTextAsset,C:\Users\omard\source\repos\RecepcionDocumental\RecepcionDocumental\tools\DocumentAiProbe\experiments\H1D10A\text\BD7F4BAA498B98BEFACE0028528DCDF91D331EBEC91FDC934BAC440BB06984D5.header.txt,AA8948EE7CF8E2A98A27806EF43CE6714A471967F36B41383B4DCD6CAC63B177
BD8E11FCAEC9A44D6A00F4A35DDE7592D803BF3A213F1871A206063466741EDA,HeaderTextAsset,C:\Users\omard\source\repos\RecepcionDocumental\RecepcionDocumental\tools\DocumentAiProbe\experiments\H1D10A\text\BD8E11FCAEC9A44D6A00F4A35DDE7592D803BF3A213F1871A206063466741EDA.header.txt,2282CE2F81B891D848046543DDF1A4E4347275EB83B8C32A977151F46713B86E
BE42D5645B6B6FC115CDDAC2DE7D1E6B4155601B7184FD659D4E749B43A7CC4F,HeaderTextAsset,C:\Users\omard\source\repos\RecepcionDocumental\RecepcionDocumental\tools\DocumentAiProbe\experiments\H1D10A\text\BE42D5645B6B6FC115CDDAC2DE7D1E6B4155601B7184FD659D4E749B43A7CC4F.header.txt,25BA20368113142DD2CEA65A880C8FED4731A5BCAB145A52C207C0A4137C4DF3
BEBEE3FEB2ECE2A58A28A20BC713DBD94D72534F2C5B58650B9A002E753C4FC7,HeaderTextAsset,C:\Users\omard\source\repos\RecepcionDocumental\RecepcionDocumental\tools\DocumentAiProbe\experiments\H1D10A\text\BEBEE3FEB2ECE2A58A28A20BC713DBD94D72534F2C5B58650B9A002E753C4FC7.header.txt,88EA8FFDD7C5ADF7CAE6F75274907D0D53FC286B37EDBEF40BE5E40170814DC4
BF29AA335807B8772722D77E8BB1A6FFF97439E4C538B4E8487ABADED18B3E1E,HeaderTextAsset,C:\Users\omard\source\repos\RecepcionDocumental\RecepcionDocumental\tools\DocumentAiProbe\experiments\H1D10A\text\BF29AA335807B8772722D77E8BB1A6FFF97439E4C538B4E8487ABADED18B3E1E.header.txt,091247E9B7287BAEE889DE577FF9E647EC793E389EA117148EAA6CFDD19B6ACF
BF3C8B6E0629580CD73B07E38158B2BAC03A920BD9965548A236F02203849DB0,HeaderTextAsset,C:\Users\omard\source\repos\RecepcionDocumental\RecepcionDocumental\tools\DocumentAiProbe\experiments\H1D10A\text\BF3C8B6E0629580CD73B07E38158B2BAC03A920BD9965548A236F02203849DB0.header.txt,FE3214EC8CAE3DD530837E43B4D351D23D69B4DF0527C9F40F7D1064EE93DE30
BFA345B7F7EFD8A252FFE7A2961BC8491F0CA8088E7FA68D0FFBA8CDDD06C239,HeaderTextAsset,C:\Users\omard\source\repos\RecepcionDocumental\RecepcionDocumental\tools\DocumentAiProbe\experiments\H1D10A\text\BFA345B7F7EFD8A252FFE7A2961BC8491F0CA8088E7FA68D0FFBA8CDDD06C239.header.txt,474158C0FD6972C2582558C57C00E3776F35FBD6E5323E4F480A5EC886617DC0
C03307D0E30E87F1DB5F43875D2908DF294EC66AFC045B5F000F4B437912790C,HeaderTextAsset,C:\Users\omard\source\repos\RecepcionDocumental\RecepcionDocumental\tools\DocumentAiProbe\experiments\H1D10A\text\C03307D0E30E87F1DB5F43875D2908DF294EC66AFC045B5F000F4B437912790C.header.txt,DC8535D531273A22E89747D7AEDB1F8C527E14A9DB529297FC1D2F3369A7ECED
C09C687DD4CA97DF30A9EEA5AC8D3FC4F376766772980E559830B9458C6E9A0F,HeaderTextAsset,C:\Users\omard\source\repos\RecepcionDocumental\RecepcionDocumental\tools\DocumentAiProbe\experiments\H1D10A\text\C09C687DD4CA97DF30A9EEA5AC8D3FC4F376766772980E559830B9458C6E9A0F.header.txt,6EAF739FC01E3531F06BC53D04858D18F8035820B09D9DC30B89CD1CD8D32043
C0D4042C7735626A538A99C8481F8B0D139A983D3DE8B0FDB50C6B519588B0D0,HeaderTextAsset,C:\Users\omard\source\repos\RecepcionDocumental\RecepcionDocumental\tools\DocumentAiProbe\experiments\H1D10A\text\C0D4042C7735626A538A99C8481F8B0D139A983D3DE8B0FDB50C6B519588B0D0.header.txt,613CCBB6B78361599A5432C36F2968C962182FE727391DDE11F7B0DC01148E80
C128DB050D40091655B54E5796821E4B97A21879827F408B1A1562D141649385,HeaderTextAsset,C:\Users\omard\source\repos\RecepcionDocumental\RecepcionDocumental\tools\DocumentAiProbe\experiments\H1D10A\text\C128DB050D40091655B54E5796821E4B97A21879827F408B1A1562D141649385.header.txt,C43CBE735352FC055672F80DE41856093F4311F096327C2AAF3CACF172DD6CCD
C1339904E1A25B7C57F4FCD77911D4E12AC16E32615C65591D13F656405BCD61,HeaderTextAsset,C:\Users\omard\source\repos\RecepcionDocumental\RecepcionDocumental\tools\DocumentAiProbe\experiments\H1D10A\text\C1339904E1A25B7C57F4FCD77911D4E12AC16E32615C65591D13F656405BCD61.header.txt,38ADF6DDC39DA1F0E8D1FBECD828E2A7F999802E91AC9F9480D53D1A204B9A5C
C177CD77BAA5F5587D302FDCC9F5615424F6BCED6057AA300113D6E3A600DC02,HeaderTextAsset,C:\Users\omard\source\repos\RecepcionDocumental\RecepcionDocumental\tools\DocumentAiProbe\experiments\H1D10A\text\C177CD77BAA5F5587D302FDCC9F5615424F6BCED6057AA300113D6E3A600DC02.header.txt,A4D65F99BC6F8FC56D6DE44EE97317EB4524D7A6157E9C49E0573AA5580DAD2E
C2100227A4E19E89166D86B967E5BBDCD57CA5023BA5E65D69389BC8B8BEC3C8,HeaderTextAsset,C:\Users\omard\source\repos\RecepcionDocumental\RecepcionDocumental\tools\DocumentAiProbe\experiments\H1D10A\text\C2100227A4E19E89166D86B967E5BBDCD57CA5023BA5E65D69389BC8B8BEC3C8.header.txt,C78402A5B8EE2379E7B423707C78062A0FCCE58AE821B377D32751A85AEF6E75
C253AB0D7A2231B0EE8ADE2089FF0F31FB3DCD431952756AEF456E8C35F50177,HeaderTextAsset,C:\Users\omard\source\repos\RecepcionDocumental\RecepcionDocumental\tools\DocumentAiProbe\experiments\H1D10A\text\C253AB0D7A2231B0EE8ADE2089FF0F31FB3DCD431952756AEF456E8C35F50177.header.txt,E359D4D2E8A77C982546DBEC0216B761B0D84E88B7458A714A7109C2D201A4BE
C286855F489A0EF1D75420C90BA90D7C7F7357631A50F2B6239F2E888FD0198B,HeaderTextAsset,C:\Users\omard\source\repos\RecepcionDocumental\RecepcionDocumental\tools\DocumentAiProbe\experiments\H1D10A\text\C286855F489A0EF1D75420C90BA90D7C7F7357631A50F2B6239F2E888FD0198B.header.txt,0DF454C09C79AC12F62DA12446EC88A9E65F0F3DCA8A95796E3184D2DB403461
C2B9C93B9693A319CF01C0A5D31F3962BF7E02F0006FD13871EDFC50CF7B4121,HeaderTextAsset,C:\Users\omard\source\repos\RecepcionDocumental\RecepcionDocumental\tools\DocumentAiProbe\experiments\H1D10A\text\C2B9C93B9693A319CF01C0A5D31F3962BF7E02F0006FD13871EDFC50CF7B4121.header.txt,74C379234F807B123E45B33EB6A1DE75604C5DC2B01B5C238A1E3257E8B5D027
C2C93818726DAC52E58536C78525B62A417DEC82F9491E4941E8AEE2CFA42B42,HeaderTextAsset,C:\Users\omard\source\repos\RecepcionDocumental\RecepcionDocumental\tools\DocumentAiProbe\experiments\H1D10A\text\C2C93818726DAC52E58536C78525B62A417DEC82F9491E4941E8AEE2CFA42B42.header.txt,A05A8057E71DEB4B1251C620DFC1B14CF7372B9B07F8B3C39F27020C0B4204DA
C32B2E20D7C26374931D1211FDDC75A8B9DC021D4FB1E43E423060A42FCB0F90,HeaderTextAsset,C:\Users\omard\source\repos\RecepcionDocumental\RecepcionDocumental\tools\DocumentAiProbe\experiments\H1D10A\text\C32B2E20D7C26374931D1211FDDC75A8B9DC021D4FB1E43E423060A42FCB0F90.header.txt,F886F26635FCB4D366D97DDE92DE29B40262B7CE221251F0791A8CDB6F7E2734
C34D90268A5F10333F6EEB206403454ED03AD03DFE2E0F82144D322FCB2BE2FE,HeaderTextAsset,C:\Users\omard\source\repos\RecepcionDocumental\RecepcionDocumental\tools\DocumentAiProbe\experiments\H1D10A\text\C34D90268A5F10333F6EEB206403454ED03AD03DFE2E0F82144D322FCB2BE2FE.header.txt,CC0483E7BF894F0F8B7A04A68B002A2820AAC99CBE5CAFCC861B163C8468D0EA
C3B17A6E5FCF4075138716E7C05C7C2C00B9C6DB35B1F7CF269759EE308A472C,HeaderTextAsset,C:\Users\omard\source\repos\RecepcionDocumental\RecepcionDocumental\tools\DocumentAiProbe\experiments\H1D10A\text\C3B17A6E5FCF4075138716E7C05C7C2C00B9C6DB35B1F7CF269759EE308A472C.header.txt,9E45841DC5C57FF55EE1AF827606E59CC757063326CBBF8400F8C3E807E0DC5A
C467CA492CC79EDB963E9E4B1D87CB6B9AC232D99505BB4BFF97EA5240921873,HeaderTextAsset,C:\Users\omard\source\repos\RecepcionDocumental\RecepcionDocumental\tools\DocumentAiProbe\experiments\H1D10A\text\C467CA492CC79EDB963E9E4B1D87CB6B9AC232D99505BB4BFF97EA5240921873.header.txt,7A185FF9B40135366C0C7B1BC23F5EA6D3758917DCBB5DADA5BBC39B8C1755A4
C4F20F86104A25A042C17226A58FE4A2904FF327D27396E512BFB9855A181AB0,HeaderTextAsset,C:\Users\omard\source\repos\RecepcionDocumental\RecepcionDocumental\tools\DocumentAiProbe\experiments\H1D10A\text\C4F20F86104A25A042C17226A58FE4A2904FF327D27396E512BFB9855A181AB0.header.txt,2D1DA461E4B859D85759C43FFC4F4D26633DBA26A7F4623598BA21CCEC9E97AE
C4FA660C17826F3719DD1559315A2810F55C5F458EC9FE51CBC1C34E09580929,HeaderTextAsset,C:\Users\omard\source\repos\RecepcionDocumental\RecepcionDocumental\tools\DocumentAiProbe\experiments\H1D10A\text\C4FA660C17826F3719DD1559315A2810F55C5F458EC9FE51CBC1C34E09580929.header.txt,2B35E57E86A60E03D71E1533FF65BCD85058E654643DF32649E79021A0738027
C5015F3E9ACE903E1F1A3F021F972B5725DAA7D97CBF494731F3C5FFBD0178AB,HeaderTextAsset,C:\Users\omard\source\repos\RecepcionDocumental\RecepcionDocumental\tools\DocumentAiProbe\experiments\H1D10A\text\C5015F3E9ACE903E1F1A3F021F972B5725DAA7D97CBF494731F3C5FFBD0178AB.header.txt,02C8AC966DC7F007C5EB7E983621D0E31CD2A685CA3477EC4250D523E96E204D
C5130207272100B6F37D2F1DF7D551DB1B8689288E3EDA73B8DE49834D6D8DF4,HeaderTextAsset,C:\Users\omard\source\repos\RecepcionDocumental\RecepcionDocumental\tools\DocumentAiProbe\experiments\H1D10A\text\C5130207272100B6F37D2F1DF7D551DB1B8689288E3EDA73B8DE49834D6D8DF4.header.txt,5B5FA9EEF333B5030C2744271565751BBF4B94E69C1C07B7E9D80D3871362246
C5AB3289EC750F8FE7A4D0025AEC51B2F9E3031E9A750BFD7152F5635577B831,HeaderTextAsset,C:\Users\omard\source\repos\RecepcionDocumental\RecepcionDocumental\tools\DocumentAiProbe\experiments\H1D10A\text\C5AB3289EC750F8FE7A4D0025AEC51B2F9E3031E9A750BFD7152F5635577B831.header.txt,0FFC1C00AD56608FB710888D84FF882D10C259C8D429C4A55A72A4D62EE06A41
C6469439E8A7EADDAB74F948CDEB8C758FB7E73195A0FA9FADF994E98857A5FC,HeaderTextAsset,C:\Users\omard\source\repos\RecepcionDocumental\RecepcionDocumental\tools\DocumentAiProbe\experiments\H1D10A\text\C6469439E8A7EADDAB74F948CDEB8C758FB7E73195A0FA9FADF994E98857A5FC.header.txt,BE16BE4E87D439EA430F9FCD62313126D0AEF1AA26FF640B558D9C2CE3BB9172
C66AE5D0BA9546144237F3ED91AA92D98D806F940E4D3B863AD114692FFD1AFA,HeaderTextAsset,C:\Users\omard\source\repos\RecepcionDocumental\RecepcionDocumental\tools\DocumentAiProbe\experiments\H1D10A\text\C66AE5D0BA9546144237F3ED91AA92D98D806F940E4D3B863AD114692FFD1AFA.header.txt,DCD4CED456AF4BC27C08D90AE9F4B3049CED5738FB9646775D959404923C6BC8
C6FA29FFDF0C2B39FE22AA6A5DF8FDC4C215B1DD849C481E4EF56978B614EAE2,HeaderTextAsset,C:\Users\omard\source\repos\RecepcionDocumental\RecepcionDocumental\tools\DocumentAiProbe\experiments\H1D10A\text\C6FA29FFDF0C2B39FE22AA6A5DF8FDC4C215B1DD849C481E4EF56978B614EAE2.header.txt,F5D6A8530B0E809B0D77994FC1578AD2AC4CE3309484774F015BE366BD3AC7EE
C73C512EC4364FB25B1DD1CE61856BFDE06C3BB7FB3897FC660CBEA83E889F71,HeaderTextAsset,C:\Users\omard\source\repos\RecepcionDocumental\RecepcionDocumental\tools\DocumentAiProbe\experiments\H1D10A\text\C73C512EC4364FB25B1DD1CE61856BFDE06C3BB7FB3897FC660CBEA83E889F71.header.txt,3F40C7C4155DC9598408780D01983257E338CBE1BC44ED3EC991830737039B62
C7DCFC7B887ED14B331FE01DC9255DB7490E7A0124783AFBAF3B6B292AD6D0A6,HeaderTextAsset,C:\Users\omard\source\repos\RecepcionDocumental\RecepcionDocumental\tools\DocumentAiProbe\experiments\H1D10A\text\C7DCFC7B887ED14B331FE01DC9255DB7490E7A0124783AFBAF3B6B292AD6D0A6.header.txt,AA49F743CCC66FDE103AA28E0260D76A6208CF8DADA3E7476B81644BEDD8345F
C92C0422097D51A3D93193E6CF419568C35B45B68AE7BA0E8F044DAA781BDE27,HeaderTextAsset,C:\Users\omard\source\repos\RecepcionDocumental\RecepcionDocumental\tools\DocumentAiProbe\experiments\H1D10A\text\C92C0422097D51A3D93193E6CF419568C35B45B68AE7BA0E8F044DAA781BDE27.header.txt,482483B5536358F4EF17CC0234A85E02A758956F4F912BD27F453CD34D87EDDB
C94D2466ABBCA670AEB72345C937ECD41C9AE3519E58A521C3DC5E400F88B6CB,HeaderTextAsset,C:\Users\omard\source\repos\RecepcionDocumental\RecepcionDocumental\tools\DocumentAiProbe\experiments\H1D10A\text\C94D2466ABBCA670AEB72345C937ECD41C9AE3519E58A521C3DC5E400F88B6CB.header.txt,537B8969C94C26E9CF9946A05BE416B60CEBD9F330CAF522A21BEFE8D9D941C8
C954E8A98EC5F59434BC8FD7AD7063CDACEF485CA4C4172312005AAD894268AF,HeaderTextAsset,C:\Users\omard\source\repos\RecepcionDocumental\RecepcionDocumental\tools\DocumentAiProbe\experiments\H1D10A\text\C954E8A98EC5F59434BC8FD7AD7063CDACEF485CA4C4172312005AAD894268AF.header.txt,920BE2C6D2B85E9F13828FE7FE718902029C0697113ECCD1C417B26BD97B606B
C975B3D927FB1E30EEDB65478115A3885467118916194B500FD55F0D0875019E,HeaderTextAsset,C:\Users\omard\source\repos\RecepcionDocumental\RecepcionDocumental\tools\DocumentAiProbe\experiments\H1D10A\text\C975B3D927FB1E30EEDB65478115A3885467118916194B500FD55F0D0875019E.header.txt,D9177AB2A3D489A7ED98422848EAA51F4B9ED4604BD615B11AD25164B90CE760
C9E25B0A4129298A70D0938226DC15E47A3489EE06D723D9F8A969C5193FB68D,HeaderTextAsset,C:\Users\omard\source\repos\RecepcionDocumental\RecepcionDocumental\tools\DocumentAiProbe\experiments\H1D10A\text\C9E25B0A4129298A70D0938226DC15E47A3489EE06D723D9F8A969C5193FB68D.header.txt,18A0AE0ED8A5F308ED79BEFAB1376FB57D9DE83CB14FD6D29C40EB5377FFFE96
C9E46A38A0109D9C87D2CF516D39DF2B685B99E66F6EE09830A75CB7A8A11495,HeaderTextAsset,C:\Users\omard\source\repos\RecepcionDocumental\RecepcionDocumental\tools\DocumentAiProbe\experiments\H1D10A\text\C9E46A38A0109D9C87D2CF516D39DF2B685B99E66F6EE09830A75CB7A8A11495.header.txt,A45E200B4B374F4313DE18FAC91C087941144A97B8436CCEFEB45DEAFC1FF120
CA02A2902F5BD9190AD57D7FDB96C2EDBE63D4E91C1524B91B5677BDDA01A3BF,HeaderTextAsset,C:\Users\omard\source\repos\RecepcionDocumental\RecepcionDocumental\tools\DocumentAiProbe\experiments\H1D10A\text\CA02A2902F5BD9190AD57D7FDB96C2EDBE63D4E91C1524B91B5677BDDA01A3BF.header.txt,7D5C031D0FC620078AE03008CC412B5F8E5C16623CA8E3877667221E45D889E5
CA106104222A9D6DF2CA34E8D58F08DB9F65369DFD4A2465C7836AFB52F4EABD,HeaderTextAsset,C:\Users\omard\source\repos\RecepcionDocumental\RecepcionDocumental\tools\DocumentAiProbe\experiments\H1D10A\text\CA106104222A9D6DF2CA34E8D58F08DB9F65369DFD4A2465C7836AFB52F4EABD.header.txt,3F9000BCEBA8C29852336C174C155568FD696ADB7BEA19CCE19B364C4D8ECD60
CA14A4C3BB942C93600EBD048A66925B35F6189FFF084EE4AF994D09603804F3,HeaderTextAsset,C:\Users\omard\source\repos\RecepcionDocumental\RecepcionDocumental\tools\DocumentAiProbe\experiments\H1D10A\text\CA14A4C3BB942C93600EBD048A66925B35F6189FFF084EE4AF994D09603804F3.header.txt,01300151C65C849F18AE3BA52014200650AD74028EDF2E02E08DCFB052CB352F
CA4B144974CDD331E904D3646E7F74FDAE6502B6CCDA4A0B4845C2FA9E2F6DB8,HeaderTextAsset,C:\Users\omard\source\repos\RecepcionDocumental\RecepcionDocumental\tools\DocumentAiProbe\experiments\H1D10A\text\CA4B144974CDD331E904D3646E7F74FDAE6502B6CCDA4A0B4845C2FA9E2F6DB8.header.txt,C6377298BF4F9ECC9685C636B0832327F28BB6EF0560A87EB17C47FE81D4FA4B
CA75936BB5B3F05DC8FDB2E6D7BA8CD9F1E57E6DD78173F81181FDC1C88D6451,HeaderTextAsset,C:\Users\omard\source\repos\RecepcionDocumental\RecepcionDocumental\tools\DocumentAiProbe\experiments\H1D10A\text\CA75936BB5B3F05DC8FDB2E6D7BA8CD9F1E57E6DD78173F81181FDC1C88D6451.header.txt,3B704DD218A4F583CD8BAEDE1834F0E3ACB70DB11181726B3AB21531FEABF227
CACFCD72797B5F3FDBC68225A60AA5A14FBC6A696BDE7B0F8377B5B9A2BC254C,HeaderTextAsset,C:\Users\omard\source\repos\RecepcionDocumental\RecepcionDocumental\tools\DocumentAiProbe\experiments\H1D10A\text\CACFCD72797B5F3FDBC68225A60AA5A14FBC6A696BDE7B0F8377B5B9A2BC254C.header.txt,E5FF7E2EAB13515FFB1A966C9EB6DB6BEA753552E3B0E26D3EC0B57DD038FBC8
CB3F881168E39D42F2154112BEFFC872F79A0F1E34F6E9C1939842604C61CA62,HeaderTextAsset,C:\Users\omard\source\repos\RecepcionDocumental\RecepcionDocumental\tools\DocumentAiProbe\experiments\H1D10A\text\CB3F881168E39D42F2154112BEFFC872F79A0F1E34F6E9C1939842604C61CA62.header.txt,523CC5EB76C230805532219DA6617E4CF4EE578F04AD39DD7AF9AD763801AD82
CB67F361EA64E80587BAB165B922A2E4760A9CB206DD074A571F27A3DC6C743A,HeaderTextAsset,C:\Users\omard\source\repos\RecepcionDocumental\RecepcionDocumental\tools\DocumentAiProbe\experiments\H1D10A\text\CB67F361EA64E80587BAB165B922A2E4760A9CB206DD074A571F27A3DC6C743A.header.txt,5E1F4E30ADCC21DC045DE55C8D540545D3CF0AFC0C36303971A6551DF830934B
CBF1504F1A2BD20989734BB93F9A6B821D696DC3D9F026A3AE97DB428987BDF8,HeaderTextAsset,C:\Users\omard\source\repos\RecepcionDocumental\RecepcionDocumental\tools\DocumentAiProbe\experiments\H1D10A\text\CBF1504F1A2BD20989734BB93F9A6B821D696DC3D9F026A3AE97DB428987BDF8.header.txt,157AEB50EC83EE188D44ACC613C326182E4E368BFD2DACC3E7C64BAE657DCC29
CBF2C5E3D3358E302151CED6A4FA4397E6E7656E3D8B5A494F458C3DD20F0286,HeaderTextAsset,C:\Users\omard\source\repos\RecepcionDocumental\RecepcionDocumental\tools\DocumentAiProbe\experiments\H1D10A\text\CBF2C5E3D3358E302151CED6A4FA4397E6E7656E3D8B5A494F458C3DD20F0286.header.txt,FB2F3CFC51776A3C85D7CB55B94573EE1B75240CFBF2D5F9CABCEDEE7CB889E0
CCFC8856B2EE75B258F83A9BD8D590012639F2C3E9281B03568D96D0692E4D9A,HeaderTextAsset,C:\Users\omard\source\repos\RecepcionDocumental\RecepcionDocumental\tools\DocumentAiProbe\experiments\H1D10A\text\CCFC8856B2EE75B258F83A9BD8D590012639F2C3E9281B03568D96D0692E4D9A.header.txt,E5F1566EA3074DCE72A9C0B491303767CE68789F37690FACA6C8AA8FC391BFCD
CD3258E1403C53DB4C5EACA945EF96391202785804131074295CCBE93FC71D03,HeaderTextAsset,C:\Users\omard\source\repos\RecepcionDocumental\RecepcionDocumental\tools\DocumentAiProbe\experiments\H1D10A\text\CD3258E1403C53DB4C5EACA945EF96391202785804131074295CCBE93FC71D03.header.txt,8F0FCDAA7ADD7422B199493FBFB6C501B06F63391114ABCB61D4BA4DEF666D9E
CD4CD7560303283D5284D0D6B005BEEDB1CC792033BDCF94FB6BED9C4125C0E2,HeaderTextAsset,C:\Users\omard\source\repos\RecepcionDocumental\RecepcionDocumental\tools\DocumentAiProbe\experiments\H1D10A\text\CD4CD7560303283D5284D0D6B005BEEDB1CC792033BDCF94FB6BED9C4125C0E2.header.txt,D66BFFA24D40CC13B4D442A503512E78471AECFAA080A1DE2968C3DF25E23406
CDA31B4D8EB807890C25AEAC70F69CAE0352427C25F2FFB2206725CFD54D02E0,HeaderTextAsset,C:\Users\omard\source\repos\RecepcionDocumental\RecepcionDocumental\tools\DocumentAiProbe\experiments\H1D10A\text\CDA31B4D8EB807890C25AEAC70F69CAE0352427C25F2FFB2206725CFD54D02E0.header.txt,4C7D1755954C8D527B81BB3443D2A3F8713CC225F7AD7A7613EDB78B3A69523A
CDB639A0D68885C85F4A138356E228E627A7125AFD55A0013282FF29A7B544CB,HeaderTextAsset,C:\Users\omard\source\repos\RecepcionDocumental\RecepcionDocumental\tools\DocumentAiProbe\experiments\H1D10A\text\CDB639A0D68885C85F4A138356E228E627A7125AFD55A0013282FF29A7B544CB.header.txt,69433A712BBFCC4EA22B7D9D643905A4C110CC2EFC68144D35B251F2FD800689
CDCE4AFFBA4C7A14E62EC97B786AE463F5A06625309D2F3C7EC30632192363E0,HeaderTextAsset,C:\Users\omard\source\repos\RecepcionDocumental\RecepcionDocumental\tools\DocumentAiProbe\experiments\H1D10A\text\CDCE4AFFBA4C7A14E62EC97B786AE463F5A06625309D2F3C7EC30632192363E0.header.txt,7C1D2DF2930710CB8B0C51883796D91F48104D45AE4BEEF9169859F8D5047785
CDE2CF61792ECB1685A1B5D28F4185B11E4FFE284D37428507FA26C8426DAACE,HeaderTextAsset,C:\Users\omard\source\repos\RecepcionDocumental\RecepcionDocumental\tools\DocumentAiProbe\experiments\H1D10A\text\CDE2CF61792ECB1685A1B5D28F4185B11E4FFE284D37428507FA26C8426DAACE.header.txt,233FAE9E08DBA94D4B0B1A96BD8EBB238ADF40251496F68C910CF6AFF066B68F
CF8EE0C26F214C226A853C81CBE52E96BF760B42197050F3726F7344891B269F,HeaderTextAsset,C:\Users\omard\source\repos\RecepcionDocumental\RecepcionDocumental\tools\DocumentAiProbe\experiments\H1D10A\text\CF8EE0C26F214C226A853C81CBE52E96BF760B42197050F3726F7344891B269F.header.txt,75486A690CE18905BE1FE1CB418870A74943BF59340D6C1CCF33A5706D21561A
CFEBAFFA7B16C0A2A9DA4E31369F607C6769560AE4F0AF5DB7EBC7C7A5796942,HeaderTextAsset,C:\Users\omard\source\repos\RecepcionDocumental\RecepcionDocumental\tools\DocumentAiProbe\experiments\H1D10A\text\CFEBAFFA7B16C0A2A9DA4E31369F607C6769560AE4F0AF5DB7EBC7C7A5796942.header.txt,57C6E5CF1628C17D3C64DC85D23492CF46827BCF96DF6EE3F5B2D176115DFE97
D03C1B7D2CE5300F2A3C336A8087AE6560C158270F5B6818D0E8E90DA84B5550,HeaderTextAsset,C:\Users\omard\source\repos\RecepcionDocumental\RecepcionDocumental\tools\DocumentAiProbe\experiments\H1D10A\text\D03C1B7D2CE5300F2A3C336A8087AE6560C158270F5B6818D0E8E90DA84B5550.header.txt,FE72003FB6989FDE9971A8982A8DB80F38DAB1A913A7511113D2FE402C83564C
D0998159322E7036852951E3B6BB4631E0A5EF21ADFC0DFC39679D4F410C959F,HeaderTextAsset,C:\Users\omard\source\repos\RecepcionDocumental\RecepcionDocumental\tools\DocumentAiProbe\experiments\H1D10A\text\D0998159322E7036852951E3B6BB4631E0A5EF21ADFC0DFC39679D4F410C959F.header.txt,97C9DBF088799630497E17DE461A4303D55E56108409C64F9B3844D4FA2E71CC
D0B7E38560380EE7EAF6E34B6061E48C5CF2F35B8AA99A8D2F89E7E6B0A3F40B,HeaderTextAsset,C:\Users\omard\source\repos\RecepcionDocumental\RecepcionDocumental\tools\DocumentAiProbe\experiments\H1D10A\text\D0B7E38560380EE7EAF6E34B6061E48C5CF2F35B8AA99A8D2F89E7E6B0A3F40B.header.txt,8E7EBABA5C0CD7BEC08027B511CC9FD8163BD9F229C6C06A5E2A0282094C849B
D11EF5EFCB57C92D4BE706C631DEFF9D02684892A02A457AA7DF2790EC054948,HeaderTextAsset,C:\Users\omard\source\repos\RecepcionDocumental\RecepcionDocumental\tools\DocumentAiProbe\experiments\H1D10A\text\D11EF5EFCB57C92D4BE706C631DEFF9D02684892A02A457AA7DF2790EC054948.header.txt,9315486CA40C86F5F72138E5ED8012FBE98DB2839A4A0AECDDE992A15BCDD6DD
D163D9B8B20036EC5A3CE46A3EA5FC17F7C3019E2243C66920EF6716BF3A65A9,HeaderTextAsset,C:\Users\omard\source\repos\RecepcionDocumental\RecepcionDocumental\tools\DocumentAiProbe\experiments\H1D10A\text\D163D9B8B20036EC5A3CE46A3EA5FC17F7C3019E2243C66920EF6716BF3A65A9.header.txt,C8770B5A2A795B8144BE4E5F15421B1DC3CB1F2EED5FF3DCD28ED7496048A9BB
D165FB62E80F26847F1F00B1DBD7E949928E56EC5C2A0EDD2FE929E4ABD85CB0,HeaderTextAsset,C:\Users\omard\source\repos\RecepcionDocumental\RecepcionDocumental\tools\DocumentAiProbe\experiments\H1D10A\text\D165FB62E80F26847F1F00B1DBD7E949928E56EC5C2A0EDD2FE929E4ABD85CB0.header.txt,DF88FC877184B1739E3145FF95A85C3172BAE0D2689B2E2A2B3C91675C80D827
D183235157D76503E27005F2393996607AA052447B62D8B048242B417E9E45B4,HeaderTextAsset,C:\Users\omard\source\repos\RecepcionDocumental\RecepcionDocumental\tools\DocumentAiProbe\experiments\H1D10A\text\D183235157D76503E27005F2393996607AA052447B62D8B048242B417E9E45B4.header.txt,D346CB567A1DC1F61C7C9A01BFE99984473A77CB1E86B14D2D94440577408619
D19AD7052E1DA4CDC234A7E9C645D2FE992C1AEB9092802605F5BE4CC83326EF,HeaderTextAsset,C:\Users\omard\source\repos\RecepcionDocumental\RecepcionDocumental\tools\DocumentAiProbe\experiments\H1D10A\text\D19AD7052E1DA4CDC234A7E9C645D2FE992C1AEB9092802605F5BE4CC83326EF.header.txt,B72785B029321A04743158257D1ADB3D9C71F0F4174E5A3452B3F149AD98A4AF
D1B8EF56BC2CC9568D9F04C2ED50CEA8C6F4A17561011E419D36CE40F034ABC8,HeaderTextAsset,C:\Users\omard\source\repos\RecepcionDocumental\RecepcionDocumental\tools\DocumentAiProbe\experiments\H1D10A\text\D1B8EF56BC2CC9568D9F04C2ED50CEA8C6F4A17561011E419D36CE40F034ABC8.header.txt,9C16BB86B166CA31A07A60590BCB980B3192854D857053AF263F7EDDDEDF660D
D1E6F1AF5284A0AD66F07602A7398225612A7F72630FAB3C140919894AB51E8E,HeaderTextAsset,C:\Users\omard\source\repos\RecepcionDocumental\RecepcionDocumental\tools\DocumentAiProbe\experiments\H1D10A\text\D1E6F1AF5284A0AD66F07602A7398225612A7F72630FAB3C140919894AB51E8E.header.txt,E5C1F2EDD055A4BFAAAC4993C61DD432095B18F30DAC3668269131F46024C48D
D1F8966052F9585FA0A09C435D2ACA06180130A3DC9FDBDFE46534FA6BA34BD9,HeaderTextAsset,C:\Users\omard\source\repos\RecepcionDocumental\RecepcionDocumental\tools\DocumentAiProbe\experiments\H1D10A\text\D1F8966052F9585FA0A09C435D2ACA06180130A3DC9FDBDFE46534FA6BA34BD9.header.txt,26DE01223E8E050D696165678712AD20AE7CFFA3EF97D2CA7499264883B27204
D2009CF9F31D7894DB728342C16C23B5D69767488011AB222E69A86185D457AF,HeaderTextAsset,C:\Users\omard\source\repos\RecepcionDocumental\RecepcionDocumental\tools\DocumentAiProbe\experiments\H1D10A\text\D2009CF9F31D7894DB728342C16C23B5D69767488011AB222E69A86185D457AF.header.txt,4BE0816A37D38379329C68FA39D2BBC3CCAF9375D77512CEFDF08BFF32F8E32B
D22FA4C5DAD47E0503E3A3BFE4B9F69FCF46A197EFD9D5632C40ACD092587E8D,HeaderTextAsset,C:\Users\omard\source\repos\RecepcionDocumental\RecepcionDocumental\tools\DocumentAiProbe\experiments\H1D10A\text\D22FA4C5DAD47E0503E3A3BFE4B9F69FCF46A197EFD9D5632C40ACD092587E8D.header.txt,F7EBBDACDAA84CF039704DF10685DA1DC369D410AB1C9D3471C5834248ECB501
D24949793794B54566EF791877070947AF6F5BEA0E1AE4D9AD59D0C7311C7730,HeaderTextAsset,C:\Users\omard\source\repos\RecepcionDocumental\RecepcionDocumental\tools\DocumentAiProbe\experiments\H1D10A\text\D24949793794B54566EF791877070947AF6F5BEA0E1AE4D9AD59D0C7311C7730.header.txt,6E074C604014E50477D73065977DCE07399F4BFAD0008CC7D45B6BBA4B9D397E
D278278F52A696DF386A5CD1DA883A54D42374905A42330A42B48E05DFBCE94F,HeaderTextAsset,C:\Users\omard\source\repos\RecepcionDocumental\RecepcionDocumental\tools\DocumentAiProbe\experiments\H1D10A\text\D278278F52A696DF386A5CD1DA883A54D42374905A42330A42B48E05DFBCE94F.header.txt,57D353BD2A94E4240E6D00088DF74720A4C0B8775AFEE80D2AD543D8E2F90311
D2A9D1946120EC88B3B109FE0E565AF998A3E46A6B1166F1B13DB93D0FA7F3CA,HeaderTextAsset,C:\Users\omard\source\repos\RecepcionDocumental\RecepcionDocumental\tools\DocumentAiProbe\experiments\H1D10A\text\D2A9D1946120EC88B3B109FE0E565AF998A3E46A6B1166F1B13DB93D0FA7F3CA.header.txt,2E061B7D1551F3BCB3B68D6DEA0F1965D7FE925AF391C7BD0546DED6E7A1BAB3
D3360D063323398B960AB04D10199119F7B9065CBFD7101D262535999DABA93A,HeaderTextAsset,C:\Users\omard\source\repos\RecepcionDocumental\RecepcionDocumental\tools\DocumentAiProbe\experiments\H1D10A\text\D3360D063323398B960AB04D10199119F7B9065CBFD7101D262535999DABA93A.header.txt,729CFA4099ABD8C1703759B4F6D93303A6099389C3FFACB097FB527F18B4E2A5
D381BF2B9FE9921A149F2EB5C74207B1E5A4B543B3C045A18B09CA2D7F403833,HeaderTextAsset,C:\Users\omard\source\repos\RecepcionDocumental\RecepcionDocumental\tools\DocumentAiProbe\experiments\H1D10A\text\D381BF2B9FE9921A149F2EB5C74207B1E5A4B543B3C045A18B09CA2D7F403833.header.txt,A346F740863E204EFE48F6BFAADE3E2F249A631DB0F9ABF47406DCD7228ECBD2
D3FA25D4862E2993FB02982B9F4DE3C5E3B142BB76A254447C41DE643EAB4275,HeaderTextAsset,C:\Users\omard\source\repos\RecepcionDocumental\RecepcionDocumental\tools\DocumentAiProbe\experiments\H1D10A\text\D3FA25D4862E2993FB02982B9F4DE3C5E3B142BB76A254447C41DE643EAB4275.header.txt,9D36A9E9DE7FCA6EF56FF34DAD1A20438E89673FEAE52C294D27C6D710656016
D41718D7740A44FC105BDCA62453EA10635C6857F3FFCD5C6FD6C0E517E74AB0,HeaderTextAsset,C:\Users\omard\source\repos\RecepcionDocumental\RecepcionDocumental\tools\DocumentAiProbe\experiments\H1D10A\text\D41718D7740A44FC105BDCA62453EA10635C6857F3FFCD5C6FD6C0E517E74AB0.header.txt,F5FDA98EC792B563124219EEC690AEC02621B3EA2E4ABEBDED771A2DA18D452E
D429E736D82B111075BDA9E832F25D555146ABAFCF3885B9B4590A612F337A71,HeaderTextAsset,C:\Users\omard\source\repos\RecepcionDocumental\RecepcionDocumental\tools\DocumentAiProbe\experiments\H1D10A\text\D429E736D82B111075BDA9E832F25D555146ABAFCF3885B9B4590A612F337A71.header.txt,3704650C422726DD0D4B5328F43107C2582031AD311EDF6947598ABA10985572
D47F13C4D81C5BCE308D5DCB445BC07C07CC2768BC801833B8C24EDE0B3038E9,HeaderTextAsset,C:\Users\omard\source\repos\RecepcionDocumental\RecepcionDocumental\tools\DocumentAiProbe\experiments\H1D10A\text\D47F13C4D81C5BCE308D5DCB445BC07C07CC2768BC801833B8C24EDE0B3038E9.header.txt,87DCA7C74C7729CD591B69A3962A9334707D5CFB596D9DFD4D09D8A528AFA497
D49E91493367E3924D7AF8AE16CA0B26567C40EC39687EF9043A0731EF840B3D,HeaderTextAsset,C:\Users\omard\source\repos\RecepcionDocumental\RecepcionDocumental\tools\DocumentAiProbe\experiments\H1D10A\text\D49E91493367E3924D7AF8AE16CA0B26567C40EC39687EF9043A0731EF840B3D.header.txt,2F4092C86F5EB627D7DE32ED98B9FD3DC6F3CCB54E81C0E11FE7BE4B18B5D2CF
D4C3E3E5A6C8A6396585AED0657045546DB61BED0E576E6862CA8130164BCE08,HeaderTextAsset,C:\Users\omard\source\repos\RecepcionDocumental\RecepcionDocumental\tools\DocumentAiProbe\experiments\H1D10A\text\D4C3E3E5A6C8A6396585AED0657045546DB61BED0E576E6862CA8130164BCE08.header.txt,98FDDF6EA7637484BCCFAD4110EA3FB55B37551DC30A635739D123C8E4B0CEA8
D5957D9DF6DF9855CAA5CE947E569B66D4ADC253C00A000A2FB29FD88DA8B763,HeaderTextAsset,C:\Users\omard\source\repos\RecepcionDocumental\RecepcionDocumental\tools\DocumentAiProbe\experiments\H1D10A\text\D5957D9DF6DF9855CAA5CE947E569B66D4ADC253C00A000A2FB29FD88DA8B763.header.txt,AC88A73B74AB14FC0B1E2B1784F1C26114333B1066FEE5599374FDEBE50CB907
D5A928540B4295A42FCF5B310EB45330AD6A407D3A188D3E5C3A05BA49112712,HeaderTextAsset,C:\Users\omard\source\repos\RecepcionDocumental\RecepcionDocumental\tools\DocumentAiProbe\experiments\H1D10A\text\D5A928540B4295A42FCF5B310EB45330AD6A407D3A188D3E5C3A05BA49112712.header.txt,352C41C7D7E01128F0F0341C0AB423E7922EFA8FBDB6DE43DDF70C74C35B0E3A
D63E75967E91D0B192DBD248E1D804951B173B81CF9853489C12D08AC21EACFF,HeaderTextAsset,C:\Users\omard\source\repos\RecepcionDocumental\RecepcionDocumental\tools\DocumentAiProbe\experiments\H1D10A\text\D63E75967E91D0B192DBD248E1D804951B173B81CF9853489C12D08AC21EACFF.header.txt,B70945C1F3F92ED46BDFAD50C73D4047CE7C6AA4F8EFC011A8B237B7CB291A0B
D69C5625C65854258AE9E71A91F752CC7CF79E424FB3FED772131793213E2817,HeaderTextAsset,C:\Users\omard\source\repos\RecepcionDocumental\RecepcionDocumental\tools\DocumentAiProbe\experiments\H1D10A\text\D69C5625C65854258AE9E71A91F752CC7CF79E424FB3FED772131793213E2817.header.txt,ED3A7351FF786C3F5E73076F8CF93B841B71B171B7B0F32ECC99E60EEEB1DE76
D72C0946B3BAB976FE0144254A9CB9D0062673308D4DDED3AD7CB5A4033AB853,HeaderTextAsset,C:\Users\omard\source\repos\RecepcionDocumental\RecepcionDocumental\tools\DocumentAiProbe\experiments\H1D10A\text\D72C0946B3BAB976FE0144254A9CB9D0062673308D4DDED3AD7CB5A4033AB853.header.txt,54E8DC125F12CC9EB851F3E1189DCD31FE1600EE1105D46FD9EF9C982B6BA543
D7462435CD41449C4DDA2E47EC6C3E4E72476EAC6641C372CCD50010C87C158F,HeaderTextAsset,C:\Users\omard\source\repos\RecepcionDocumental\RecepcionDocumental\tools\DocumentAiProbe\experiments\H1D10A\text\D7462435CD41449C4DDA2E47EC6C3E4E72476EAC6641C372CCD50010C87C158F.header.txt,CEB7EA655624B84390D1BA1A304B09BD3FEC3D174F135B524B35CEFF303C6C51
D7F197A9AB144A1AA1A11A794B66EB9EFDB9593D983625A8E89878B8F0B2ACE0,HeaderTextAsset,C:\Users\omard\source\repos\RecepcionDocumental\RecepcionDocumental\tools\DocumentAiProbe\experiments\H1D10A\text\D7F197A9AB144A1AA1A11A794B66EB9EFDB9593D983625A8E89878B8F0B2ACE0.header.txt,20144A1EE50178591B4D25D322D9F22883955A5CA39732E71E65CA016EDD4450
D8451310F49BFC83155DD4B1EAA3B50BC11A07754D2EB597B1D99F873B2F1088,HeaderTextAsset,C:\Users\omard\source\repos\RecepcionDocumental\RecepcionDocumental\tools\DocumentAiProbe\experiments\H1D10A\text\D8451310F49BFC83155DD4B1EAA3B50BC11A07754D2EB597B1D99F873B2F1088.header.txt,341D2D3F99BD5C65964A76AD3B1759AA6C523BD6BDBE4CDB02E26F31F59CD9DD
D9447ECF57748BEF4988A73E44F26A440F700151DE00488453184DFA0B3BF88D,HeaderTextAsset,C:\Users\omard\source\repos\RecepcionDocumental\RecepcionDocumental\tools\DocumentAiProbe\experiments\H1D10A\text\D9447ECF57748BEF4988A73E44F26A440F700151DE00488453184DFA0B3BF88D.header.txt,3864445891A8573992287D3AB709CB34C850C190222D630C959A0C6B18D9D857
D9687542799906085EC0185235899EE5C290FD8D41320CFA4E51C2C020D32952,HeaderTextAsset,C:\Users\omard\source\repos\RecepcionDocumental\RecepcionDocumental\tools\DocumentAiProbe\experiments\H1D10A\text\D9687542799906085EC0185235899EE5C290FD8D41320CFA4E51C2C020D32952.header.txt,48B781E09A3877AA2D37D6F1A46ECF4D70907C7FC88DDD017B5264A3947BE8C7
D9861CC700E580878AFB757A991F47553D144B376796E385B08231F27027C972,HeaderTextAsset,C:\Users\omard\source\repos\RecepcionDocumental\RecepcionDocumental\tools\DocumentAiProbe\experiments\H1D10A\text\D9861CC700E580878AFB757A991F47553D144B376796E385B08231F27027C972.header.txt,B3E851217AEC64A2B7314F8CCE0DCAE98EC88D04753F0A7C5914BB7C67EA941F
D9A662AF6AFE49CD7E0D29C5662AE48141573BFBDD571675FF24B6F4C47BA5B0,HeaderTextAsset,C:\Users\omard\source\repos\RecepcionDocumental\RecepcionDocumental\tools\DocumentAiProbe\experiments\H1D10A\text\D9A662AF6AFE49CD7E0D29C5662AE48141573BFBDD571675FF24B6F4C47BA5B0.header.txt,07E0229E8E9994829287C24546B70C78BBA1A5BEDB092EE947447307A66072CC
D9BA143F0ECCCB29588BDD83672A67B86A0448BFE5F967FE255067BA929A1FDA,HeaderTextAsset,C:\Users\omard\source\repos\RecepcionDocumental\RecepcionDocumental\tools\DocumentAiProbe\experiments\H1D10A\text\D9BA143F0ECCCB29588BDD83672A67B86A0448BFE5F967FE255067BA929A1FDA.header.txt,5A3FB29A120DAEB39DE6805C0B75E81B5023AF6E47C016202DC7530F6A10481D
DA11050BCD5399CFE1C38C68BE43E4EB616BA34DEF9C03A1F2D697BC2FB4CEA6,HeaderTextAsset,C:\Users\omard\source\repos\RecepcionDocumental\RecepcionDocumental\tools\DocumentAiProbe\experiments\H1D10A\text\DA11050BCD5399CFE1C38C68BE43E4EB616BA34DEF9C03A1F2D697BC2FB4CEA6.header.txt,CDA6AFD63763A1819BCD18C5EA80639249C40A365ADD54ED53B51A2B3F17C8E6
DA1D000CCEC08FADA509471CD0E20F6C981AF95C559091A786FE724290F3DCD4,HeaderTextAsset,C:\Users\omard\source\repos\RecepcionDocumental\RecepcionDocumental\tools\DocumentAiProbe\experiments\H1D10A\text\DA1D000CCEC08FADA509471CD0E20F6C981AF95C559091A786FE724290F3DCD4.header.txt,EFDB8FC6DD917BF006E7215F0D2009A3EE44BD8137D5FA9CC540F2B197963414
DA3BD00A4AAA630868A559B687F8C3383C0DEFEF30EE31ED863B3F1C29C2236E,HeaderTextAsset,C:\Users\omard\source\repos\RecepcionDocumental\RecepcionDocumental\tools\DocumentAiProbe\experiments\H1D10A\text\DA3BD00A4AAA630868A559B687F8C3383C0DEFEF30EE31ED863B3F1C29C2236E.header.txt,A46047587DCE0E79F0EA2FE02E7643EE51E17E65234D56013DE7A6B4C65A3E12
DA5FFC1E9615BAE4423440693BFE0165F59ED356657DBBAF03C35DCBB83FA8F3,HeaderTextAsset,C:\Users\omard\source\repos\RecepcionDocumental\RecepcionDocumental\tools\DocumentAiProbe\experiments\H1D10A\text\DA5FFC1E9615BAE4423440693BFE0165F59ED356657DBBAF03C35DCBB83FA8F3.header.txt,6AA5C590EC5281F1CBB27A88422C98DFB7E3B2B5CC463AA09D1DF24AE663940B
DA74B2F8E4ABFBB5F64F133F2380B3F588F02C6FB2D1D7FADE497E2DC0D53000,HeaderTextAsset,C:\Users\omard\source\repos\RecepcionDocumental\RecepcionDocumental\tools\DocumentAiProbe\experiments\H1D10A\text\DA74B2F8E4ABFBB5F64F133F2380B3F588F02C6FB2D1D7FADE497E2DC0D53000.header.txt,6A469C767E47DCE0F6323965C21B0665F77BDF43EB1D78ECE0E905A57A2B1F89
DA90A93BE580F95FE5F57983444C78F6B0479F8D349B6390E07DCC05D543D713,HeaderTextAsset,C:\Users\omard\source\repos\RecepcionDocumental\RecepcionDocumental\tools\DocumentAiProbe\experiments\H1D10A\text\DA90A93BE580F95FE5F57983444C78F6B0479F8D349B6390E07DCC05D543D713.header.txt,E4A669A04A1CD1F4476153736EF4363733D3E10549E3A82C5A3063D35B0C0CFB
DA9100439F1D9A3B810F57E18F768FE200074871E2AC69D744B3736FEF1D21C4,HeaderTextAsset,C:\Users\omard\source\repos\RecepcionDocumental\RecepcionDocumental\tools\DocumentAiProbe\experiments\H1D10A\text\DA9100439F1D9A3B810F57E18F768FE200074871E2AC69D744B3736FEF1D21C4.header.txt,6085BCD0BBD4516E0565BE29F78B622A55378FDA06C78D660B7A5C00A6DEF225
DAAD3153B676CE3FCF3DC97460A1F0F5CC77272AA8C84FE44BD32CB3F4546867,HeaderTextAsset,C:\Users\omard\source\repos\RecepcionDocumental\RecepcionDocumental\tools\DocumentAiProbe\experiments\H1D10A\text\DAAD3153B676CE3FCF3DC97460A1F0F5CC77272AA8C84FE44BD32CB3F4546867.header.txt,FE9C6BDCE374992E6BF0FD768D3494022626B8BD1D18A6D3407694C7A5114362
DAF83EEDC3D7764BA6C8D52B5F53F0AF0A298170E0DAA9D2C547D4E168418AF6,HeaderTextAsset,C:\Users\omard\source\repos\RecepcionDocumental\RecepcionDocumental\tools\DocumentAiProbe\experiments\H1D10A\text\DAF83EEDC3D7764BA6C8D52B5F53F0AF0A298170E0DAA9D2C547D4E168418AF6.header.txt,5F4F08330073E25A0DE364672FE9A7F997AACD5A4B8680BF4D62D8A2FA73AFD6
DB4D29DFEC242149E7DEB2C674FB7A28625901B96391CC68D2F99F59A56FA6C7,HeaderTextAsset,C:\Users\omard\source\repos\RecepcionDocumental\RecepcionDocumental\tools\DocumentAiProbe\experiments\H1D10A\text\DB4D29DFEC242149E7DEB2C674FB7A28625901B96391CC68D2F99F59A56FA6C7.header.txt,3F094D61593DC73A281D6686BC8580410F38DBC5400A8DF6536B78DB8943406A
DB543A149C7C3A5B0A723421AD7B1629FFD92C34ADB631A7BA21925B3F076B29,HeaderTextAsset,C:\Users\omard\source\repos\RecepcionDocumental\RecepcionDocumental\tools\DocumentAiProbe\experiments\H1D10A\text\DB543A149C7C3A5B0A723421AD7B1629FFD92C34ADB631A7BA21925B3F076B29.header.txt,A115F73AAB9091FCC89582F1839BA5DC6D5379699AB0EA39437B3A5FD264C36C
DB673D2287ED075167C3AD89F1E5FDC18C3E581A75AE0FE0374AD0C4D6B099F8,HeaderTextAsset,C:\Users\omard\source\repos\RecepcionDocumental\RecepcionDocumental\tools\DocumentAiProbe\experiments\H1D10A\text\DB673D2287ED075167C3AD89F1E5FDC18C3E581A75AE0FE0374AD0C4D6B099F8.header.txt,5F8BE960DD53CFDA3F1293AA94C59B5A219A2B0E85503BF1DDA4705941F95A73
DC6BEB8D08A58B12A06B43633D7954F4CCBBDCDB1158A8163B478E251B92DC00,HeaderTextAsset,C:\Users\omard\source\repos\RecepcionDocumental\RecepcionDocumental\tools\DocumentAiProbe\experiments\H1D10A\text\DC6BEB8D08A58B12A06B43633D7954F4CCBBDCDB1158A8163B478E251B92DC00.header.txt,125126051F7B4A59C54101F38C4545CD44C6634439092B02E67C03FB69FEE78E
DC76A86B9B4E3732696B023C9D019C6DC29B1D74D19F0CDF62FA4EDAD0E8A5EC,HeaderTextAsset,C:\Users\omard\source\repos\RecepcionDocumental\RecepcionDocumental\tools\DocumentAiProbe\experiments\H1D10A\text\DC76A86B9B4E3732696B023C9D019C6DC29B1D74D19F0CDF62FA4EDAD0E8A5EC.header.txt,CE4AEACB045BDDE3DDE106DEC1FA677B66650011FD46CA45C27006F6185CB83C
DCBE22953A36AD961A008B180A630C81D0FF772119747EEE54ED8F628A4BC721,HeaderTextAsset,C:\Users\omard\source\repos\RecepcionDocumental\RecepcionDocumental\tools\DocumentAiProbe\experiments\H1D10A\text\DCBE22953A36AD961A008B180A630C81D0FF772119747EEE54ED8F628A4BC721.header.txt,FAC3EBA4C43770E78B5A3F8BFA34D69DAD51B1CE8471E8E241F7C399F9CD5BFE
DCE7D65D2485570411821C53E99AA69569762370F3A8BA9D337328FB78AD391F,HeaderTextAsset,C:\Users\omard\source\repos\RecepcionDocumental\RecepcionDocumental\tools\DocumentAiProbe\experiments\H1D10A\text\DCE7D65D2485570411821C53E99AA69569762370F3A8BA9D337328FB78AD391F.header.txt,8F342244CA73D6498559921C4D356E6839F40BCC8C6F45A26B410B73E2CE1A36
DD372CF24ED476BE21C4FB16F5A440CA83602E0CAA7454BACE49CC46D719923D,HeaderTextAsset,C:\Users\omard\source\repos\RecepcionDocumental\RecepcionDocumental\tools\DocumentAiProbe\experiments\H1D10A\text\DD372CF24ED476BE21C4FB16F5A440CA83602E0CAA7454BACE49CC46D719923D.header.txt,6CD5823EDCAA80EE4C0EB0ACFAAF2D33917202AD215D1F6E88D54F5CA4CFE801
DDBE1DD162D9C24A450E389593D498CD4910C291C70F8B233500F851987A8C59,HeaderTextAsset,C:\Users\omard\source\repos\RecepcionDocumental\RecepcionDocumental\tools\DocumentAiProbe\experiments\H1D10A\text\DDBE1DD162D9C24A450E389593D498CD4910C291C70F8B233500F851987A8C59.header.txt,8F76F02047649BD864C1433EEF2104877EF002C68FB6A942AA470CD717C878BE
DDC35E7D6AC3D7DC2B7B9D7CD426188160168404668B566385F806DB0320AE7C,HeaderTextAsset,C:\Users\omard\source\repos\RecepcionDocumental\RecepcionDocumental\tools\DocumentAiProbe\experiments\H1D10A\text\DDC35E7D6AC3D7DC2B7B9D7CD426188160168404668B566385F806DB0320AE7C.header.txt,502EC9E81767EB2662E2316A5BA1BBF980244551A0343DB93D930332EBEE0AF6
DF7A3B4C2638053020A877AA88828487B539F33CAFD992DBB4AC0545EFAF6B87,HeaderTextAsset,C:\Users\omard\source\repos\RecepcionDocumental\RecepcionDocumental\tools\DocumentAiProbe\experiments\H1D10A\text\DF7A3B4C2638053020A877AA88828487B539F33CAFD992DBB4AC0545EFAF6B87.header.txt,D1B54132967074C058C6213624295D54F76021D404AFA438718D7B668D5240F3
DF98804B89AEF5F3D70700572F75630F33F42F33BACCEF62A0C7456066E94BFD,HeaderTextAsset,C:\Users\omard\source\repos\RecepcionDocumental\RecepcionDocumental\tools\DocumentAiProbe\experiments\H1D10A\text\DF98804B89AEF5F3D70700572F75630F33F42F33BACCEF62A0C7456066E94BFD.header.txt,3A61F58E43D12D31DD777F02AE017D3E22AA04AFDFE7640358B8344AD01CB789
DF9A5A317396F2EB09F145A8BC30BF1CA3420C9B185FE1F3A7377B9342F66C88,HeaderTextAsset,C:\Users\omard\source\repos\RecepcionDocumental\RecepcionDocumental\tools\DocumentAiProbe\experiments\H1D10A\text\DF9A5A317396F2EB09F145A8BC30BF1CA3420C9B185FE1F3A7377B9342F66C88.header.txt,1820390FBD71141AA906DC36A377A0D7359E36AD5461BD206AF4819F522D7150
DFBC2F2DB3574E4AF1A519731FA1E41DB8C6A90A30DE2485B771F7CDD6DBBA4E,HeaderTextAsset,C:\Users\omard\source\repos\RecepcionDocumental\RecepcionDocumental\tools\DocumentAiProbe\experiments\H1D10A\text\DFBC2F2DB3574E4AF1A519731FA1E41DB8C6A90A30DE2485B771F7CDD6DBBA4E.header.txt,3A03DC2B71E99427DE614CCDA9D1C2339D73EF180AB5C4B63DCC3DAD71C44141
DFC54FDC224631BBD64414B5BBC9C3CA5DC139B9CE35F60F89699C634A925331,HeaderTextAsset,C:\Users\omard\source\repos\RecepcionDocumental\RecepcionDocumental\tools\DocumentAiProbe\experiments\H1D10A\text\DFC54FDC224631BBD64414B5BBC9C3CA5DC139B9CE35F60F89699C634A925331.header.txt,A224A0519DBA883851A09060610709830BF7573100FD2EBD7A0DD7C3B05F0456
E06A1E27219A456A167CF1CA1583CC493930116EE7712D3A74BF870317C1A7F2,HeaderTextAsset,C:\Users\omard\source\repos\RecepcionDocumental\RecepcionDocumental\tools\DocumentAiProbe\experiments\H1D10A\text\E06A1E27219A456A167CF1CA1583CC493930116EE7712D3A74BF870317C1A7F2.header.txt,331F1565578B6CE3ABD5F114CD667A764F0F6951456B45D3E082F928D38A12F0
E13F5A758863FF61032D1246182C35726CC9310DD7822132AD96A4871C14DA3F,HeaderTextAsset,C:\Users\omard\source\repos\RecepcionDocumental\RecepcionDocumental\tools\DocumentAiProbe\experiments\H1D10A\text\E13F5A758863FF61032D1246182C35726CC9310DD7822132AD96A4871C14DA3F.header.txt,3C4826F2C451CCFE99D74BE1E9E3C442BDB4201360345B3A65CB605A614DFDDD
E1BD8687178653719CC1872F8CC1A422EBFBC862AAC4FE0F106A4B2947E9748E,HeaderTextAsset,C:\Users\omard\source\repos\RecepcionDocumental\RecepcionDocumental\tools\DocumentAiProbe\experiments\H1D10A\text\E1BD8687178653719CC1872F8CC1A422EBFBC862AAC4FE0F106A4B2947E9748E.header.txt,D73083347586151562B7388DFFFCDF57BB27D75BFF4FE7AEAA24E3B84ADC1535
E24CD73FADF2105B11F012348D1FB638E3042428BB19A4DD43A96FA38A640157,HeaderTextAsset,C:\Users\omard\source\repos\RecepcionDocumental\RecepcionDocumental\tools\DocumentAiProbe\experiments\H1D10A\text\E24CD73FADF2105B11F012348D1FB638E3042428BB19A4DD43A96FA38A640157.header.txt,6A27A2B9FF02A98DE56B89359EF3B2EC61A5C68F4EAC803CD86AC45BB1AE2286
E27A2EB0D78D925DB0BFDCB44BC5F8990ECF15AB74B445EE4FC1480A7E895715,HeaderTextAsset,C:\Users\omard\source\repos\RecepcionDocumental\RecepcionDocumental\tools\DocumentAiProbe\experiments\H1D10A\text\E27A2EB0D78D925DB0BFDCB44BC5F8990ECF15AB74B445EE4FC1480A7E895715.header.txt,FBAB0DBE80CB22CAF0C6C463F6FC770DE8B1D98DD6418BAD69B3EFCF6F52FC75
E3705DD435EB0F9B9C65EFA33D57110D33CBB6E83A3E6A52B2E44FF8BEC70FD7,HeaderTextAsset,C:\Users\omard\source\repos\RecepcionDocumental\RecepcionDocumental\tools\DocumentAiProbe\experiments\H1D10A\text\E3705DD435EB0F9B9C65EFA33D57110D33CBB6E83A3E6A52B2E44FF8BEC70FD7.header.txt,DDD9D25CDF72E774930F9F5C0BD83A0D1133F8E3F02EEC8C33507307742B7229
E3907210A2F2D2D49FCEA7E4C99AB668D5AA7BD8771F20EF6057612BCF9F85DB,HeaderTextAsset,C:\Users\omard\source\repos\RecepcionDocumental\RecepcionDocumental\tools\DocumentAiProbe\experiments\H1D10A\text\E3907210A2F2D2D49FCEA7E4C99AB668D5AA7BD8771F20EF6057612BCF9F85DB.header.txt,B5540E30C51112FA579AE3BCE66ACF13F179578D0E69840A8AADDD4CA30306C0
E3E57561958F450655EFE21C39C6A1BD74B778E789835C7B5205A9E99203C24F,HeaderTextAsset,C:\Users\omard\source\repos\RecepcionDocumental\RecepcionDocumental\tools\DocumentAiProbe\experiments\H1D10A\text\E3E57561958F450655EFE21C39C6A1BD74B778E789835C7B5205A9E99203C24F.header.txt,6D3153C1ED1859E24E7E1F96673CE7BC40ECD6C77AF0EAF63F3EFBC67581E643
E3FFE6BAF7D9B5810F0A7789ECC24EFD30FBEEA0535B2782F1284D50CD87FB07,HeaderTextAsset,C:\Users\omard\source\repos\RecepcionDocumental\RecepcionDocumental\tools\DocumentAiProbe\experiments\H1D10A\text\E3FFE6BAF7D9B5810F0A7789ECC24EFD30FBEEA0535B2782F1284D50CD87FB07.header.txt,9D744D9BB052BB6395417133354900900ECE946E87E298AB1DE26385ABA03519
E415A8C5F28A1BB5A8FAC4F146B80A6AA20CB17A4D6449ECC66AAD21C9BBB31B,HeaderTextAsset,C:\Users\omard\source\repos\RecepcionDocumental\RecepcionDocumental\tools\DocumentAiProbe\experiments\H1D10A\text\E415A8C5F28A1BB5A8FAC4F146B80A6AA20CB17A4D6449ECC66AAD21C9BBB31B.header.txt,51593A9A68154E4DBBE0E98E03036FDF25F5438573DD5F3BBE097A296A34EEB3
E417899D5543E4E7CB2D0AA826FD5695DAB8A3925730A905D316FA3996CE1A7B,HeaderTextAsset,C:\Users\omard\source\repos\RecepcionDocumental\RecepcionDocumental\tools\DocumentAiProbe\experiments\H1D10A\text\E417899D5543E4E7CB2D0AA826FD5695DAB8A3925730A905D316FA3996CE1A7B.header.txt,4BF3EA6C2CE9BBB964DA753808CBC0E47578AF0ED11B2F9AC767AA5FBC684847
E4C8834C47AF140E5343783F033950248E083A1625265A1C39C19C9BBDFFA5BE,HeaderTextAsset,C:\Users\omard\source\repos\RecepcionDocumental\RecepcionDocumental\tools\DocumentAiProbe\experiments\H1D10A\text\E4C8834C47AF140E5343783F033950248E083A1625265A1C39C19C9BBDFFA5BE.header.txt,962FD08B94C8A9F95C07DF8AB1320B633FA9C250299EE59D4710E86FAB4494F4
E4D931275FE79FAD3F8C371E8E4DA52B707AB7EE6D8FAB6B34077072B75E4AD8,HeaderTextAsset,C:\Users\omard\source\repos\RecepcionDocumental\RecepcionDocumental\tools\DocumentAiProbe\experiments\H1D10A\text\E4D931275FE79FAD3F8C371E8E4DA52B707AB7EE6D8FAB6B34077072B75E4AD8.header.txt,61C82D555480D12339C34D59E9A6AD8B11D80923FCE2CE5325D11DA921DE5FCB
E4EE7B924E36DAC149A0DE6D3A14BDF33EF1EC5E95B862558B80009E2B4C6E40,HeaderTextAsset,C:\Users\omard\source\repos\RecepcionDocumental\RecepcionDocumental\tools\DocumentAiProbe\experiments\H1D10A\text\E4EE7B924E36DAC149A0DE6D3A14BDF33EF1EC5E95B862558B80009E2B4C6E40.header.txt,3E5F60F65A5841BBE1D4AB05D195A17DAD1E0DC403E1573BAECC39B1DC7B2996
E526C99083663455FF9D8A144F42B5D7CAF3BF3374B88E71DBD20C1423685C76,HeaderTextAsset,C:\Users\omard\source\repos\RecepcionDocumental\RecepcionDocumental\tools\DocumentAiProbe\experiments\H1D10A\text\E526C99083663455FF9D8A144F42B5D7CAF3BF3374B88E71DBD20C1423685C76.header.txt,898C4BF27D50C607539C7299FB63C9552C7F93D5517662E1FB4D84029084FC90
E599D9ADBD781E4D3A4F5A6A603485BA0633E20C447A9615538D861C54048306,HeaderTextAsset,C:\Users\omard\source\repos\RecepcionDocumental\RecepcionDocumental\tools\DocumentAiProbe\experiments\H1D10A\text\E599D9ADBD781E4D3A4F5A6A603485BA0633E20C447A9615538D861C54048306.header.txt,0C12ED8C2F7EAC96630A0C74DDB2895D5675FA71D7DA81EE54AC988566099F7D
E5DAF9B7F340994A01C320E83B9D64BF4D91ABC9AB1925DFF36394D86760BC84,HeaderTextAsset,C:\Users\omard\source\repos\RecepcionDocumental\RecepcionDocumental\tools\DocumentAiProbe\experiments\H1D10A\text\E5DAF9B7F340994A01C320E83B9D64BF4D91ABC9AB1925DFF36394D86760BC84.header.txt,786AABBCBAD98CC4B6D6E09451523166EB931DC4CBB98F29FA96E4C6BD985492
E5EA6863561EC0AC05BD8FC2C4486B673FAEB05EF771CC9073B78A9AE63CE293,HeaderTextAsset,C:\Users\omard\source\repos\RecepcionDocumental\RecepcionDocumental\tools\DocumentAiProbe\experiments\H1D10A\text\E5EA6863561EC0AC05BD8FC2C4486B673FAEB05EF771CC9073B78A9AE63CE293.header.txt,44F3B0E7E23A14ACB58BFF8AD10470DB22BF2AB590AE5D8A6AE9B97380A07887
E65B6E3964E2729270E86EAC179D0828B974A168788E3717BBF681DB950B91F4,HeaderTextAsset,C:\Users\omard\source\repos\RecepcionDocumental\RecepcionDocumental\tools\DocumentAiProbe\experiments\H1D10A\text\E65B6E3964E2729270E86EAC179D0828B974A168788E3717BBF681DB950B91F4.header.txt,6F428C037FE61287A7D38982DD0E9B446B80AB97D18B687EDACD836A6762ABD5
E6894908E97252F617612B361755AE4CADAD7D0D40883B34D66F68B267BAFBD3,HeaderTextAsset,C:\Users\omard\source\repos\RecepcionDocumental\RecepcionDocumental\tools\DocumentAiProbe\experiments\H1D10A\text\E6894908E97252F617612B361755AE4CADAD7D0D40883B34D66F68B267BAFBD3.header.txt,E85AAF3D1201DB2F2E0D4828A13DEB2416A90C41FBFDDE0500CA39829CBCEF58
E69F094568C5FB504BF02555E1531ACAEFCF05B95F8E06AE52D73A1CA930A902,HeaderTextAsset,C:\Users\omard\source\repos\RecepcionDocumental\RecepcionDocumental\tools\DocumentAiProbe\experiments\H1D10A\text\E69F094568C5FB504BF02555E1531ACAEFCF05B95F8E06AE52D73A1CA930A902.header.txt,DC96BAC515BBEE3F3FD384DB927048EA66621FE1346D8BE60A8A2AE82BE9A338
E6B62C1D3E0FA12629EC352DE28028E3FFD836F43CD9ECA1407C095AF5275136,HeaderTextAsset,C:\Users\omard\source\repos\RecepcionDocumental\RecepcionDocumental\tools\DocumentAiProbe\experiments\H1D10A\text\E6B62C1D3E0FA12629EC352DE28028E3FFD836F43CD9ECA1407C095AF5275136.header.txt,2CEBE0E9697790B480EFDAC6AAA72D34ED48F85F7147A86FCA0C4766B29CBFF4
E6DEC7B41595AE659C40B9A202C8DBA4FAFA17EFDFA5C56EBE4E4AC33BF085F4,HeaderTextAsset,C:\Users\omard\source\repos\RecepcionDocumental\RecepcionDocumental\tools\DocumentAiProbe\experiments\H1D10A\text\E6DEC7B41595AE659C40B9A202C8DBA4FAFA17EFDFA5C56EBE4E4AC33BF085F4.header.txt,CA49BDA2E7FE5C1F0A2BD8A1B77AB8E5FFA5332701B83A0A7BCC28B242D85AB2
E74DCB56CD5FFCAC5BBF5D0CDB70C2701C5448845EE0ACED3435345867B72447,HeaderTextAsset,C:\Users\omard\source\repos\RecepcionDocumental\RecepcionDocumental\tools\DocumentAiProbe\experiments\H1D10A\text\E74DCB56CD5FFCAC5BBF5D0CDB70C2701C5448845EE0ACED3435345867B72447.header.txt,9D2539F185012B478665B34116DEACD94157D5EF54CC604CD93D6B910F024B0D
E8066B5FA877947A47862B566C3A752FD1BA514973CD2B01A7AD31803BBDD28B,HeaderTextAsset,C:\Users\omard\source\repos\RecepcionDocumental\RecepcionDocumental\tools\DocumentAiProbe\experiments\H1D10A\text\E8066B5FA877947A47862B566C3A752FD1BA514973CD2B01A7AD31803BBDD28B.header.txt,669257B8D3ADA708BDAC592686C0A08EEB95741852A03B7B069243DA518AFA06
E88C84C17FBF54873E2C5056188F282A3BE7C2BA50CA2710A2A129BBC9BFD35F,HeaderTextAsset,C:\Users\omard\source\repos\RecepcionDocumental\RecepcionDocumental\tools\DocumentAiProbe\experiments\H1D10A\text\E88C84C17FBF54873E2C5056188F282A3BE7C2BA50CA2710A2A129BBC9BFD35F.header.txt,A1C2263D9BEECD8233B5020DBD6D0B092A4EEDEA468E5700F68D4BF1E2CBA919
E8C278DBDA744A0F50B779C7A63DD07DF32F4DF3C5E6A278F59FADD4D7D7A128,HeaderTextAsset,C:\Users\omard\source\repos\RecepcionDocumental\RecepcionDocumental\tools\DocumentAiProbe\experiments\H1D10A\text\E8C278DBDA744A0F50B779C7A63DD07DF32F4DF3C5E6A278F59FADD4D7D7A128.header.txt,A61D67A07D851AF1614B61353AAC09B3214E9E26917926CE2C04BAAA3DEFDFBD
E8DFF560940591F04A1A3D7D1A8A0662A8B10A3B4352D1777F260E3C4514ECB1,HeaderTextAsset,C:\Users\omard\source\repos\RecepcionDocumental\RecepcionDocumental\tools\DocumentAiProbe\experiments\H1D10A\text\E8DFF560940591F04A1A3D7D1A8A0662A8B10A3B4352D1777F260E3C4514ECB1.header.txt,AD4C84F4C4C9E194AEED09676E4D4DF0D1A6995D5CE390C5E79905F561ED7347
E8FAA2A7C3096561DE0CE371B71A647D301EAE49F822543E0C149049862BB795,HeaderTextAsset,C:\Users\omard\source\repos\RecepcionDocumental\RecepcionDocumental\tools\DocumentAiProbe\experiments\H1D10A\text\E8FAA2A7C3096561DE0CE371B71A647D301EAE49F822543E0C149049862BB795.header.txt,47F07F55002E5C7C835FB0443837E074AC1849D1D20A14929FAD42ADD7FB86D1
E908DD409D867A6FD9362F638DDB6D1C51787DDDA28A2363CE9E6506226FDBEF,HeaderTextAsset,C:\Users\omard\source\repos\RecepcionDocumental\RecepcionDocumental\tools\DocumentAiProbe\experiments\H1D10A\text\E908DD409D867A6FD9362F638DDB6D1C51787DDDA28A2363CE9E6506226FDBEF.header.txt,A76492EE60B75C9C93EE3CC935BD7CE8F8DB1C7AC890838A99BD2710938D497C
E92EF2CC8ECEA4FA4AF559E894C9BB04CEBA9413F7356F43DDFF36BEA258F207,HeaderTextAsset,C:\Users\omard\source\repos\RecepcionDocumental\RecepcionDocumental\tools\DocumentAiProbe\experiments\H1D10A\text\E92EF2CC8ECEA4FA4AF559E894C9BB04CEBA9413F7356F43DDFF36BEA258F207.header.txt,5EBBD8C293415F02AB99EBA752BA1902ABE4F55E428572A46A2E1A55D4CD31CB
E98D9C478D365617D3165BC4C9172CA7D69760AE566B4B515FED65F3C5918B03,HeaderTextAsset,C:\Users\omard\source\repos\RecepcionDocumental\RecepcionDocumental\tools\DocumentAiProbe\experiments\H1D10A\text\E98D9C478D365617D3165BC4C9172CA7D69760AE566B4B515FED65F3C5918B03.header.txt,183E33C1B5F358DF8011043A2B97D5C0F62FB1F2D9EA0109FA34862BD4D366FE
E9EC9350980F5F090AC48F43BF269EA7107CCF279E2BCF7BFDEEFECADC2A016F,HeaderTextAsset,C:\Users\omard\source\repos\RecepcionDocumental\RecepcionDocumental\tools\DocumentAiProbe\experiments\H1D10A\text\E9EC9350980F5F090AC48F43BF269EA7107CCF279E2BCF7BFDEEFECADC2A016F.header.txt,1107FEA296481A32CFBE5D0EB5D7D50538095038A619E2D9FB961B1B852DCE02
EA20BABFAC6D778461BFAFA2DE072720F8EA92BE874D3D6B4B1C39E421274D8F,HeaderTextAsset,C:\Users\omard\source\repos\RecepcionDocumental\RecepcionDocumental\tools\DocumentAiProbe\experiments\H1D10A\text\EA20BABFAC6D778461BFAFA2DE072720F8EA92BE874D3D6B4B1C39E421274D8F.header.txt,8F19FA47EC0514DD52407D56A1D9AE34B972F0C9E7C8E74292741E914BB960CA
EACECB02AB0B558853EC20E4A12CB99B7D8DCE528838F603A777CC80DEDF9A82,HeaderTextAsset,C:\Users\omard\source\repos\RecepcionDocumental\RecepcionDocumental\tools\DocumentAiProbe\experiments\H1D10A\text\EACECB02AB0B558853EC20E4A12CB99B7D8DCE528838F603A777CC80DEDF9A82.header.txt,F5E31AD0EF790AFCA52B6FD77FD0714F9D03B55293AC300D0EA9464BAE4ED116
EBA323452EC7F15754E63AB2094D9D81C5BF968B786BEB95C927D4FD0C4ACA97,HeaderTextAsset,C:\Users\omard\source\repos\RecepcionDocumental\RecepcionDocumental\tools\DocumentAiProbe\experiments\H1D10A\text\EBA323452EC7F15754E63AB2094D9D81C5BF968B786BEB95C927D4FD0C4ACA97.header.txt,5BAD4C1B8A0AFEEC523859ECCC2DE1167002A76FC98524A9D6676572CDF1D0D2
EC2D553A5E77BC31BDDE1D8CC4A00159A8D055FA1E0F7BD830AEBEC5B32F44D6,HeaderTextAsset,C:\Users\omard\source\repos\RecepcionDocumental\RecepcionDocumental\tools\DocumentAiProbe\experiments\H1D10A\text\EC2D553A5E77BC31BDDE1D8CC4A00159A8D055FA1E0F7BD830AEBEC5B32F44D6.header.txt,C42A1CE90B0BF8B169A1EF2EA99987FF936C5FF9CBEF80EC87637830C6D3B15A
EC8FD193F7389BD89C31EC263C32EB6E9EAC3F226CDDD16ED6BB6F30B4360D56,HeaderTextAsset,C:\Users\omard\source\repos\RecepcionDocumental\RecepcionDocumental\tools\DocumentAiProbe\experiments\H1D10A\text\EC8FD193F7389BD89C31EC263C32EB6E9EAC3F226CDDD16ED6BB6F30B4360D56.header.txt,D7ACB0D29977FD3C8B17C67C637033D1BD445B4FDF04E9BBB32B2781F168E1F3
EC9F542C0D762349330D7C9D5BA35113FE54E325A7794D5D7246158EF14E78C4,HeaderTextAsset,C:\Users\omard\source\repos\RecepcionDocumental\RecepcionDocumental\tools\DocumentAiProbe\experiments\H1D10A\text\EC9F542C0D762349330D7C9D5BA35113FE54E325A7794D5D7246158EF14E78C4.header.txt,D526BD438DF94AAE96A2513F8C41E9D6A5A5A1D3756304C436D14C5C334642DB
ECAB84F2B7ACE6067202550CC1F288749C0D9933D73906EA57EC7E2CE27438EF,HeaderTextAsset,C:\Users\omard\source\repos\RecepcionDocumental\RecepcionDocumental\tools\DocumentAiProbe\experiments\H1D10A\text\ECAB84F2B7ACE6067202550CC1F288749C0D9933D73906EA57EC7E2CE27438EF.header.txt,C222BB8D4A424F12ECCE08E0596C9AE7DF96AAB07C1615642FBC68C50BE9427D
ED19A5F8AEC4AD20435C707E6523CA381B42F4AB56B354CCBBD95F9D549BEFD4,HeaderTextAsset,C:\Users\omard\source\repos\RecepcionDocumental\RecepcionDocumental\tools\DocumentAiProbe\experiments\H1D10A\text\ED19A5F8AEC4AD20435C707E6523CA381B42F4AB56B354CCBBD95F9D549BEFD4.header.txt,FC84DB7D8DF558E9CAA9FEBE642A3AB99DAC448D9FAAE82E09FC6401A7712E47
ED9DA7E668125AAC48AC5D5CB1649B43B8E8636A4B0446E134B7941C890918D3,HeaderTextAsset,C:\Users\omard\source\repos\RecepcionDocumental\RecepcionDocumental\tools\DocumentAiProbe\experiments\H1D10A\text\ED9DA7E668125AAC48AC5D5CB1649B43B8E8636A4B0446E134B7941C890918D3.header.txt,3B546CE929FF4E3B88A1E1C137F4925B8BAF75A2114DFF953535C333A99C38CD
EDC54B347FB32B128E5218BB92547F4AA440585DF3915ABC4D44D90098E2B18E,HeaderTextAsset,C:\Users\omard\source\repos\RecepcionDocumental\RecepcionDocumental\tools\DocumentAiProbe\experiments\H1D10A\text\EDC54B347FB32B128E5218BB92547F4AA440585DF3915ABC4D44D90098E2B18E.header.txt,93175EAE765DB53093BDDEB958EBCAC2696EF319C30B25759EEDBEE48499B74F
EDC98B31AFA7DF61EF661801826D24693949F1D02F83E01A2A44D99732D13B50,HeaderTextAsset,C:\Users\omard\source\repos\RecepcionDocumental\RecepcionDocumental\tools\DocumentAiProbe\experiments\H1D10A\text\EDC98B31AFA7DF61EF661801826D24693949F1D02F83E01A2A44D99732D13B50.header.txt,E7043CCFFB494079257352AB217134AF19B6F689A3B9760261F963D3F05CD673
EE17F17B2E3BA04ED99337FE93B2F9107CF18A58C93502F0BF6938D7EBBC0185,HeaderTextAsset,C:\Users\omard\source\repos\RecepcionDocumental\RecepcionDocumental\tools\DocumentAiProbe\experiments\H1D10A\text\EE17F17B2E3BA04ED99337FE93B2F9107CF18A58C93502F0BF6938D7EBBC0185.header.txt,E18CC0B91343A26074A9E733C1091BEB7FCCA551EAC89D556C43C5085F716990
EE950C6BAF7DA9C86E8E4FDC679E2D5BDF85603D5EF1C8DD6FCFBA2FFE9541B1,HeaderTextAsset,C:\Users\omard\source\repos\RecepcionDocumental\RecepcionDocumental\tools\DocumentAiProbe\experiments\H1D10A\text\EE950C6BAF7DA9C86E8E4FDC679E2D5BDF85603D5EF1C8DD6FCFBA2FFE9541B1.header.txt,A8162831EA2C2A24A15BDE0B7125CAB6149F773B10ABD4DB314D4F1F1BED2D72
EF7D8D2B6EB1DA2009EE2C414B127F6EA6B1B2EE8A71CDDE5D494B88BB7021E2,HeaderTextAsset,C:\Users\omard\source\repos\RecepcionDocumental\RecepcionDocumental\tools\DocumentAiProbe\experiments\H1D10A\text\EF7D8D2B6EB1DA2009EE2C414B127F6EA6B1B2EE8A71CDDE5D494B88BB7021E2.header.txt,A2AFA65E844D0E4E1BD671E97363B5B7732086D00ACD86804A400F13F848F37F
EF8D085AA0CC522DC505BFA3EE404551CA496928CC603CA9A2E2F72261C64480,HeaderTextAsset,C:\Users\omard\source\repos\RecepcionDocumental\RecepcionDocumental\tools\DocumentAiProbe\experiments\H1D10A\text\EF8D085AA0CC522DC505BFA3EE404551CA496928CC603CA9A2E2F72261C64480.header.txt,402946060E3EAE94D478F34204EE6B4681FF753E9BD127358FDFAAB7C3DD8FEA
EFA7644399240D4CE98CFC0922C43901B82B82154718FBA1C01D066A528AAE93,HeaderTextAsset,C:\Users\omard\source\repos\RecepcionDocumental\RecepcionDocumental\tools\DocumentAiProbe\experiments\H1D10A\text\EFA7644399240D4CE98CFC0922C43901B82B82154718FBA1C01D066A528AAE93.header.txt,F140EC09A764B4B1401553E918E25DAF0A01C87DA4262E477153586815E44A49
F02532D4FE739AE475EF518FE9ABF04523A9FCE2A2AF2966D6A8A65C39F06861,HeaderTextAsset,C:\Users\omard\source\repos\RecepcionDocumental\RecepcionDocumental\tools\DocumentAiProbe\experiments\H1D10A\text\F02532D4FE739AE475EF518FE9ABF04523A9FCE2A2AF2966D6A8A65C39F06861.header.txt,AB620BBFE71E862F04679658C1E9E16CDAC3A41A77732C1D0B480764E69C0857
F128AA90E662AD7CDB80CA46AEBFBA2F20A8B122EEC15961781923955AD06E2E,HeaderTextAsset,C:\Users\omard\source\repos\RecepcionDocumental\RecepcionDocumental\tools\DocumentAiProbe\experiments\H1D10A\text\F128AA90E662AD7CDB80CA46AEBFBA2F20A8B122EEC15961781923955AD06E2E.header.txt,0961F7538EEDCD17D41F1E534B6170B6710C713130BE83C839A0746379179DBB
F1D6DF38C956FF2FBF30C665EB678BEDC73541E868C90BBE1914DC39CFC81B74,HeaderTextAsset,C:\Users\omard\source\repos\RecepcionDocumental\RecepcionDocumental\tools\DocumentAiProbe\experiments\H1D10A\text\F1D6DF38C956FF2FBF30C665EB678BEDC73541E868C90BBE1914DC39CFC81B74.header.txt,4BF3EA6C2CE9BBB964DA753808CBC0E47578AF0ED11B2F9AC767AA5FBC684847
F1ED5614878958FA3F8F6FE4EC67586AED7BE453B74BAF85343B51C660276FC5,HeaderTextAsset,C:\Users\omard\source\repos\RecepcionDocumental\RecepcionDocumental\tools\DocumentAiProbe\experiments\H1D10A\text\F1ED5614878958FA3F8F6FE4EC67586AED7BE453B74BAF85343B51C660276FC5.header.txt,13294AD628447474993864368738492D137A34BA90748DCB47EFB83C184C63C6
F20FB9FCF93C82B0A97A7A67BFE6F5483C480F94C937353FCAE85095E78B4D30,HeaderTextAsset,C:\Users\omard\source\repos\RecepcionDocumental\RecepcionDocumental\tools\DocumentAiProbe\experiments\H1D10A\text\F20FB9FCF93C82B0A97A7A67BFE6F5483C480F94C937353FCAE85095E78B4D30.header.txt,E9530AB62573BD0AE618B525AB3E52A03D3E6AA403A4856986023F40A7E4A6D7
F27819BDCE09A908EAE141286E3F96A901693744C5D3E583CA40F3207CB07092,HeaderTextAsset,C:\Users\omard\source\repos\RecepcionDocumental\RecepcionDocumental\tools\DocumentAiProbe\experiments\H1D10A\text\F27819BDCE09A908EAE141286E3F96A901693744C5D3E583CA40F3207CB07092.header.txt,C48E965FD29E07EE4EF130838A49C71B6CB4C68A02FED9DE43CEBC8EC9D2BD45
F31E350293C5EBBC824D100FFFB2E4A84115DC163CBFA5B15223DD440A617090,HeaderTextAsset,C:\Users\omard\source\repos\RecepcionDocumental\RecepcionDocumental\tools\DocumentAiProbe\experiments\H1D10A\text\F31E350293C5EBBC824D100FFFB2E4A84115DC163CBFA5B15223DD440A617090.header.txt,9351C21C0B9D4F10F0BCEA5C931EDB27E5460807707BAD5874BA1509D82C85A6
F36DDC207A40D81075D8AC15AFEE80E857697E22529B6126925EF8D73DC72A5A,HeaderTextAsset,C:\Users\omard\source\repos\RecepcionDocumental\RecepcionDocumental\tools\DocumentAiProbe\experiments\H1D10A\text\F36DDC207A40D81075D8AC15AFEE80E857697E22529B6126925EF8D73DC72A5A.header.txt,6145D351DD951D66A5C6CDA84888A0D4B5F7A73259B75816AE3615E8C4A058D4
F3A3A486DF2712665DE56C52AF6656793D2486EDF2AA215E03C56349237419D6,HeaderTextAsset,C:\Users\omard\source\repos\RecepcionDocumental\RecepcionDocumental\tools\DocumentAiProbe\experiments\H1D10A\text\F3A3A486DF2712665DE56C52AF6656793D2486EDF2AA215E03C56349237419D6.header.txt,0F97ADD98C642A256329408A4F03BD08AA36E2E68D9B9CADF7AFF1BF6C6053E6
F443E494D46E40F1F5B004E0BC03FDCF866CA452BA358FAA128DE88FD1A1BFF2,HeaderTextAsset,C:\Users\omard\source\repos\RecepcionDocumental\RecepcionDocumental\tools\DocumentAiProbe\experiments\H1D10A\text\F443E494D46E40F1F5B004E0BC03FDCF866CA452BA358FAA128DE88FD1A1BFF2.header.txt,5E958404F964B9EC759D6D494636F72B45CD82E0EC55CC364811ED85C9F0821A
F48A1CF87F8AE7742A2FE0A5582B1A27A673493A7DA2EDB8A8DADC5D2B77A63D,HeaderTextAsset,C:\Users\omard\source\repos\RecepcionDocumental\RecepcionDocumental\tools\DocumentAiProbe\experiments\H1D10A\text\F48A1CF87F8AE7742A2FE0A5582B1A27A673493A7DA2EDB8A8DADC5D2B77A63D.header.txt,7F683FF7AFF082518F0FB3F1F2120A06CB0FED8D44924BA9D2C55661DB63A995
F5019505DEE4B97949AF2E71B3420E3BE419C11A4BB446365BFC477970DE2BA9,HeaderTextAsset,C:\Users\omard\source\repos\RecepcionDocumental\RecepcionDocumental\tools\DocumentAiProbe\experiments\H1D10A\text\F5019505DEE4B97949AF2E71B3420E3BE419C11A4BB446365BFC477970DE2BA9.header.txt,CCEBF92D38352D62B6F2464D40F6D888C0DE2A12F7539DF006BE07E342830CC5
F50D614053B0C0D28C26FFE3C5A4E0AE3408C9A201491B4026006E5AF86830BF,HeaderTextAsset,C:\Users\omard\source\repos\RecepcionDocumental\RecepcionDocumental\tools\DocumentAiProbe\experiments\H1D10A\text\F50D614053B0C0D28C26FFE3C5A4E0AE3408C9A201491B4026006E5AF86830BF.header.txt,E47351C192FC34E224A803E3337130A28DD18E8626E4CFB1E5315D50A800A1EF
F59C802AC4208228045C36181C016950962BB99A00CD60D30068C9B2118271BC,HeaderTextAsset,C:\Users\omard\source\repos\RecepcionDocumental\RecepcionDocumental\tools\DocumentAiProbe\experiments\H1D10A\text\F59C802AC4208228045C36181C016950962BB99A00CD60D30068C9B2118271BC.header.txt,CF427896E6BE06BBB9D81A13F5B56871B6C99C790FE03760C3DAA1092018285C
F5DB5A730173CF07DE8B6D1C34013C522B15E1124E2B2CB0117753C7086DF8D5,HeaderTextAsset,C:\Users\omard\source\repos\RecepcionDocumental\RecepcionDocumental\tools\DocumentAiProbe\experiments\H1D10A\text\F5DB5A730173CF07DE8B6D1C34013C522B15E1124E2B2CB0117753C7086DF8D5.header.txt,5282BA58041A88F2E4640749FE938E56D93946A47E44CF5BB11189A7283FDD46
F5E3F2CB89A7829ADD137A5CD69F51BA5334263B7A0E5234D3E28FE6AB0EE9E1,HeaderTextAsset,C:\Users\omard\source\repos\RecepcionDocumental\RecepcionDocumental\tools\DocumentAiProbe\experiments\H1D10A\text\F5E3F2CB89A7829ADD137A5CD69F51BA5334263B7A0E5234D3E28FE6AB0EE9E1.header.txt,F9F43D6CD7583C68A007DA94822A210DA79BA1B2C4C35677093A2EE8C58BB985
F61C02CEE3AA92440BD42E11C67AA26A3C2C9D34AB7AD8B0E95D7FF7C6FA3D53,HeaderTextAsset,C:\Users\omard\source\repos\RecepcionDocumental\RecepcionDocumental\tools\DocumentAiProbe\experiments\H1D10A\text\F61C02CEE3AA92440BD42E11C67AA26A3C2C9D34AB7AD8B0E95D7FF7C6FA3D53.header.txt,02580DB663FA4B19BD0F3BA54431AC3F4DAB6D7D19F5AFE2E05769887E081EBA
F63EFF161E10CF1225DD97065B64D1CA18F46DAE2F95D32106C15810281D8BC8,HeaderTextAsset,C:\Users\omard\source\repos\RecepcionDocumental\RecepcionDocumental\tools\DocumentAiProbe\experiments\H1D10A\text\F63EFF161E10CF1225DD97065B64D1CA18F46DAE2F95D32106C15810281D8BC8.header.txt,E8DC0AC7CC84D5FAD48CD627E2D4B24DE5DCBA88AC06EB02F63A226C99DBC530
F68FFBB0988D213FEDF95E02671C5249BA98E44CC73C48633A144C420E746CCE,HeaderTextAsset,C:\Users\omard\source\repos\RecepcionDocumental\RecepcionDocumental\tools\DocumentAiProbe\experiments\H1D10A\text\F68FFBB0988D213FEDF95E02671C5249BA98E44CC73C48633A144C420E746CCE.header.txt,407B89DB9E0CF70D5F8FDF9A86486198BF5AE3CA222F3C88B47D92E8A86B5F3B
F6AC68EA31D6263F385CD363C26F1FFFF5ADE73640CA3BD10454220B6CE6CEC4,HeaderTextAsset,C:\Users\omard\source\repos\RecepcionDocumental\RecepcionDocumental\tools\DocumentAiProbe\experiments\H1D10A\text\F6AC68EA31D6263F385CD363C26F1FFFF5ADE73640CA3BD10454220B6CE6CEC4.header.txt,E99BEF3C8D7AF6EA48E1EBF21D9D79E5B1173F6813EFEB1BC4D4F8AA9B33D4DF
F6BD7A6DFD38FA6CC1436A75F1D68C77A0E0921050998B4803E87E4ED14FCD54,HeaderTextAsset,C:\Users\omard\source\repos\RecepcionDocumental\RecepcionDocumental\tools\DocumentAiProbe\experiments\H1D10A\text\F6BD7A6DFD38FA6CC1436A75F1D68C77A0E0921050998B4803E87E4ED14FCD54.header.txt,5446F3CCFC96A0756A5AF655E129FC1E29D99AA73C3D13A5426BC408159FC37B
F6E6DBE4FEE024C94DDDF78999FDB798300445A5CE72C950DB209353CAF5E7E1,HeaderTextAsset,C:\Users\omard\source\repos\RecepcionDocumental\RecepcionDocumental\tools\DocumentAiProbe\experiments\H1D10A\text\F6E6DBE4FEE024C94DDDF78999FDB798300445A5CE72C950DB209353CAF5E7E1.header.txt,A6C27AD0456DF22A78D4C6C4AF805A01EC927B7AE3C6B2AB6E811A2AA28D7A11
F6FE5E4E7DBEFC3BD76AA8082F39320D6E47DF09DFED6C259F5830908418EB7F,HeaderTextAsset,C:\Users\omard\source\repos\RecepcionDocumental\RecepcionDocumental\tools\DocumentAiProbe\experiments\H1D10A\text\F6FE5E4E7DBEFC3BD76AA8082F39320D6E47DF09DFED6C259F5830908418EB7F.header.txt,E8187D0AB69648C4156DCBFCA128FC793ED6721471561D361A4202936A0A420A
F725B4229EBD565A5BE6A7ADB42AEA4114D1EAB6002088E2EBD038F51BAB05DE,HeaderTextAsset,C:\Users\omard\source\repos\RecepcionDocumental\RecepcionDocumental\tools\DocumentAiProbe\experiments\H1D10A\text\F725B4229EBD565A5BE6A7ADB42AEA4114D1EAB6002088E2EBD038F51BAB05DE.header.txt,2E4A48FF73CEDFB4B90E01893E7082EDC665E949FCD5DBD5A6825E23537F863B
F7410A2B38FC9DE05D2F5D74DD79C5237FE01A8FA1ED3536844DF21777885ED9,HeaderTextAsset,C:\Users\omard\source\repos\RecepcionDocumental\RecepcionDocumental\tools\DocumentAiProbe\experiments\H1D10A\text\F7410A2B38FC9DE05D2F5D74DD79C5237FE01A8FA1ED3536844DF21777885ED9.header.txt,30EFF6B27F8CFEE7ABF38E1484636BFBFD3E82859A344646DBFF6D524266CD06
F75C4C0B9CB0F5C9DC73516970C0A96A09EDC1141F2EED9968A8CEF0786DA72B,HeaderTextAsset,C:\Users\omard\source\repos\RecepcionDocumental\RecepcionDocumental\tools\DocumentAiProbe\experiments\H1D10A\text\F75C4C0B9CB0F5C9DC73516970C0A96A09EDC1141F2EED9968A8CEF0786DA72B.header.txt,DF34CA407372819F560526CE5AD30D64271454F33C6DF6D90112B20A81642EBC
F75E14D3306E582993E85C486C4085A4238AB020B76AAD0706CF5D2EFBD8711E,HeaderTextAsset,C:\Users\omard\source\repos\RecepcionDocumental\RecepcionDocumental\tools\DocumentAiProbe\experiments\H1D10A\text\F75E14D3306E582993E85C486C4085A4238AB020B76AAD0706CF5D2EFBD8711E.header.txt,28E241A4D379439A5E148BD9ACFAB38029D0E84BAB90FDE50EFA29E9CBA072B6
F7C9E186997998C8903EBB0761B5A5B6B2899BFC25A8AB3103635E0B5FA6D2FA,HeaderTextAsset,C:\Users\omard\source\repos\RecepcionDocumental\RecepcionDocumental\tools\DocumentAiProbe\experiments\H1D10A\text\F7C9E186997998C8903EBB0761B5A5B6B2899BFC25A8AB3103635E0B5FA6D2FA.header.txt,9ADAD62E5E04D6D4FE397F0447C1154FEEDA93EE9BEB19361BBB2658C53D0309
F7CDB6C9475CEAE90F1F8A67949A0D408B109C75B83F7F5ECCB0271E34450308,HeaderTextAsset,C:\Users\omard\source\repos\RecepcionDocumental\RecepcionDocumental\tools\DocumentAiProbe\experiments\H1D10A\text\F7CDB6C9475CEAE90F1F8A67949A0D408B109C75B83F7F5ECCB0271E34450308.header.txt,0B5A27E7C14EABD17FA31829F51B89B3FB5BD6CBB2E8F751CCCE36EA14CCCC16
F7CE019C15AA7C975DCFDF582EF7DC4467993E469ACCB5CD34D2CB0119832525,HeaderTextAsset,C:\Users\omard\source\repos\RecepcionDocumental\RecepcionDocumental\tools\DocumentAiProbe\experiments\H1D10A\text\F7CE019C15AA7C975DCFDF582EF7DC4467993E469ACCB5CD34D2CB0119832525.header.txt,0C5F635B33C2BCCA192A158D92CF18A846E869AC0965D152104906924325F63C
F7D4315B0BD34CA0C1F7F00511F6C2555B14BF1E08B0AFBD5C97CBBF1770A623,HeaderTextAsset,C:\Users\omard\source\repos\RecepcionDocumental\RecepcionDocumental\tools\DocumentAiProbe\experiments\H1D10A\text\F7D4315B0BD34CA0C1F7F00511F6C2555B14BF1E08B0AFBD5C97CBBF1770A623.header.txt,5F9C20D3FFB07BB836C04C817FDDD30CBE7994B03A6B82DB62B944CADB6F8550
FAAA10795DFC3ED7953CF7632514C2517B7251C84DE9CAB5E9D400E49971752F,HeaderTextAsset,C:\Users\omard\source\repos\RecepcionDocumental\RecepcionDocumental\tools\DocumentAiProbe\experiments\H1D10A\text\FAAA10795DFC3ED7953CF7632514C2517B7251C84DE9CAB5E9D400E49971752F.header.txt,AD5E82F196384EBE09D1A2BBED455EB9A0B187C5BF474F33B4D7BADA9EF8CC16
FB6BEE8F1D8BD758963C91213EA224344D076A9890EAE4D598AB4E5EB97F7FDF,HeaderTextAsset,C:\Users\omard\source\repos\RecepcionDocumental\RecepcionDocumental\tools\DocumentAiProbe\experiments\H1D10A\text\FB6BEE8F1D8BD758963C91213EA224344D076A9890EAE4D598AB4E5EB97F7FDF.header.txt,1271C27BDA2F33505315969CE97C5A3ABDC38002EA358BCE87A5DDC30B3FD726
FB9793DC94A8178102D75A97E0840E287BDD71D8EA9F9B07588D1582BB3FBB75,HeaderTextAsset,C:\Users\omard\source\repos\RecepcionDocumental\RecepcionDocumental\tools\DocumentAiProbe\experiments\H1D10A\text\FB9793DC94A8178102D75A97E0840E287BDD71D8EA9F9B07588D1582BB3FBB75.header.txt,747F05D14D286AAE152E73ACC1231D2E8622EF8C5A98676841AB138C4A74B8E1
FBCDA7565A60AAB32926B68591BF2C7A86F408D46DC228AA9E5F98D76ADD8FD2,HeaderTextAsset,C:\Users\omard\source\repos\RecepcionDocumental\RecepcionDocumental\tools\DocumentAiProbe\experiments\H1D10A\text\FBCDA7565A60AAB32926B68591BF2C7A86F408D46DC228AA9E5F98D76ADD8FD2.header.txt,13DEA473D50022FBD50EAB3544EC22AC975F112EC38EE6BB7F4DA0877AF75193
FC7CAABF0DC37DA0008DAB21CB11879C300FEF215B2B69DCC0BD08081358CCFB,HeaderTextAsset,C:\Users\omard\source\repos\RecepcionDocumental\RecepcionDocumental\tools\DocumentAiProbe\experiments\H1D10A\text\FC7CAABF0DC37DA0008DAB21CB11879C300FEF215B2B69DCC0BD08081358CCFB.header.txt,1B82E4E2D9068DE6D0B09C0C1D19FE034DD44195B070261D5937784FD3EC0F93
FCB7B5A2F524A16B19B60871079D42D4CF9A5A1C18278052A29B1366095DF71F,HeaderTextAsset,C:\Users\omard\source\repos\RecepcionDocumental\RecepcionDocumental\tools\DocumentAiProbe\experiments\H1D10A\text\FCB7B5A2F524A16B19B60871079D42D4CF9A5A1C18278052A29B1366095DF71F.header.txt,23F3625F3E7B9655FB22801932EB3BD30DD77255EEE76620B5223EDA3EA5C404
FD0BB6E9BCCBF8A365C21D5CE4ED8EC5D46F7C481770B64BB6007F404847129A,HeaderTextAsset,C:\Users\omard\source\repos\RecepcionDocumental\RecepcionDocumental\tools\DocumentAiProbe\experiments\H1D10A\text\FD0BB6E9BCCBF8A365C21D5CE4ED8EC5D46F7C481770B64BB6007F404847129A.header.txt,B2CA85112DEE15F391473E5B556ACD9950CB8200D5B282969883E69DD446A38E
FD0CE6D589C6F7FAA8B52B70D5AAF02E1683DFF17177426C2EF7C573B32B2998,HeaderTextAsset,C:\Users\omard\source\repos\RecepcionDocumental\RecepcionDocumental\tools\DocumentAiProbe\experiments\H1D10A\text\FD0CE6D589C6F7FAA8B52B70D5AAF02E1683DFF17177426C2EF7C573B32B2998.header.txt,D3AC6DA5D1CF101E4197486BD7CE179134F7465E24C29BAD27C24478575DDBEE
FD102BB007B1EA3F03EA7765BC8008838DD06D1745B09776C93A4EEE82F296B8,HeaderTextAsset,C:\Users\omard\source\repos\RecepcionDocumental\RecepcionDocumental\tools\DocumentAiProbe\experiments\H1D10A\text\FD102BB007B1EA3F03EA7765BC8008838DD06D1745B09776C93A4EEE82F296B8.header.txt,B094996619A8D0318C6346788015018C1279F83442177C38CDF5E5459D3FF012
FD719D239382ED1035085A73A2D28E113F954055440BA249D36B363204CA6DDC,HeaderTextAsset,C:\Users\omard\source\repos\RecepcionDocumental\RecepcionDocumental\tools\DocumentAiProbe\experiments\H1D10A\text\FD719D239382ED1035085A73A2D28E113F954055440BA249D36B363204CA6DDC.header.txt,F078E67FA735D9F8FCD1C221C51282CED916021BD4BC43193746433D7102E674
FDCDEAAD3737F44D2E52B6D87E7BB584722551A7E913238841FF96D33A7FFE64,HeaderTextAsset,C:\Users\omard\source\repos\RecepcionDocumental\RecepcionDocumental\tools\DocumentAiProbe\experiments\H1D10A\text\FDCDEAAD3737F44D2E52B6D87E7BB584722551A7E913238841FF96D33A7FFE64.header.txt,6F5C5348976EEBF7F9303C20C865449D2A7B2D55EA4D8381547C2B0366F0EAF9
FDE1A18CA6E3D15C240BDE66DDD0ABE57C2F69E300A0AD72B135608E83DFBC49,HeaderTextAsset,C:\Users\omard\source\repos\RecepcionDocumental\RecepcionDocumental\tools\DocumentAiProbe\experiments\H1D10A\text\FDE1A18CA6E3D15C240BDE66DDD0ABE57C2F69E300A0AD72B135608E83DFBC49.header.txt,7DB33F182BBF6C6C4B1866467D7D3208403A64E45DE3D4AE824875A5421242BB
FDE2B1FCF8B3FCE9029D2A8D67D1D027ECA73F1CE24428A1203C942699F501B4,HeaderTextAsset,C:\Users\omard\source\repos\RecepcionDocumental\RecepcionDocumental\tools\DocumentAiProbe\experiments\H1D10A\text\FDE2B1FCF8B3FCE9029D2A8D67D1D027ECA73F1CE24428A1203C942699F501B4.header.txt,280F2711B765302E62605E91D89D0D4CFA552BE016B5349877278DD0A145039F
FDE622A3433BE4D10FEA9E811DD12C8E4558F08219F6CF1BF974F698D2735C69,HeaderTextAsset,C:\Users\omard\source\repos\RecepcionDocumental\RecepcionDocumental\tools\DocumentAiProbe\experiments\H1D10A\text\FDE622A3433BE4D10FEA9E811DD12C8E4558F08219F6CF1BF974F698D2735C69.header.txt,ADB066E7969C3A171A6ABFB0D677A253BAA3B72C17FD1CBA8BFF8847EF62DE06
FDF0C9EACBFA6ADCDD4D8E651C451A9CDD65DBF7E8628426FA9C87F73F978DBD,HeaderTextAsset,C:\Users\omard\source\repos\RecepcionDocumental\RecepcionDocumental\tools\DocumentAiProbe\experiments\H1D10A\text\FDF0C9EACBFA6ADCDD4D8E651C451A9CDD65DBF7E8628426FA9C87F73F978DBD.header.txt,090464B7486941A725DDDFE668ED98693AB7BEC6DA0CF16E139D8E1AB16B4F11
FE56C5F0D519D9084CA60878C88E88C121CA77BD55C9A438401793C2D6B46597,HeaderTextAsset,C:\Users\omard\source\repos\RecepcionDocumental\RecepcionDocumental\tools\DocumentAiProbe\experiments\H1D10A\text\FE56C5F0D519D9084CA60878C88E88C121CA77BD55C9A438401793C2D6B46597.header.txt,754B7DEB66F9DAC1BED10126BD45FF9DF57081787E8F276DEA1B3DDD90E18044
FE6DD8A436FECC831B72D6EEE3E06DA7DEFD15DDB4CF19A2388187D93D5E8914,HeaderTextAsset,C:\Users\omard\source\repos\RecepcionDocumental\RecepcionDocumental\tools\DocumentAiProbe\experiments\H1D10A\text\FE6DD8A436FECC831B72D6EEE3E06DA7DEFD15DDB4CF19A2388187D93D5E8914.header.txt,8A3073E56A7EE9341149496DF1C59BC76556A7393B2AD35E37768621352923F4
FEE0DCEE07817A24C8E345D3710B243B72CC2A4A160CF256A18804E4FFCE8E83,HeaderTextAsset,C:\Users\omard\source\repos\RecepcionDocumental\RecepcionDocumental\tools\DocumentAiProbe\experiments\H1D10A\text\FEE0DCEE07817A24C8E345D3710B243B72CC2A4A160CF256A18804E4FFCE8E83.header.txt,5957F17F378D9A436544F16364F79F4C01A9B6CAC62776413D2CB738E5D88149
FEF50B26E0EABF3B4D805C219F18D4B4952805C3E1426AAC76B536A9EE0B8538,HeaderTextAsset,C:\Users\omard\source\repos\RecepcionDocumental\RecepcionDocumental\tools\DocumentAiProbe\experiments\H1D10A\text\FEF50B26E0EABF3B4D805C219F18D4B4952805C3E1426AAC76B536A9EE0B8538.header.txt,6786FEEAAE2BE52ECB934873A04D46B4064DCF0E7F33A03F786A96B7C2B104A0
FF045409E4708976F60CFA2E5A97D7A99302672D09D4EFB989C13B04774ADCEF,HeaderTextAsset,C:\Users\omard\source\repos\RecepcionDocumental\RecepcionDocumental\tools\DocumentAiProbe\experiments\H1D10A\text\FF045409E4708976F60CFA2E5A97D7A99302672D09D4EFB989C13B04774ADCEF.header.txt,8DCC99C5846F1A726044C10739A674F424A363415A00644426FD09CEEAE09982
FF43565801C01262106827D1A3294DC8FABE7E49F326193BB924678EA8833D59,HeaderTextAsset,C:\Users\omard\source\repos\RecepcionDocumental\RecepcionDocumental\tools\DocumentAiProbe\experiments\H1D10A\text\FF43565801C01262106827D1A3294DC8FABE7E49F326193BB924678EA8833D59.header.txt,D282C1658B6033B6393B8BB4E3B2711796CF6F6F711B1B275929A0A157A3E859
FF477AE4BDC128E02DCC79434A90D0F9F247A51A83F65655F76A4F4430B60853,HeaderTextAsset,C:\Users\omard\source\repos\RecepcionDocumental\RecepcionDocumental\tools\DocumentAiProbe\experiments\H1D10A\text\FF477AE4BDC128E02DCC79434A90D0F9F247A51A83F65655F76A4F4430B60853.header.txt,29B11772E9DA2C3CD415F85D04E1044075A3E774C08DE5CC9439B86F0121C264
FF8A0539D9B1410CF169E263973F187525B9B6918594943D2AA56275F3E2A8F0,HeaderTextAsset,C:\Users\omard\source\repos\RecepcionDocumental\RecepcionDocumental\tools\DocumentAiProbe\experiments\H1D10A\text\FF8A0539D9B1410CF169E263973F187525B9B6918594943D2AA56275F3E2A8F0.header.txt,6A52E896D5FC747B8B6B61C6FA337AAD01A73E82C2F8AFC3E771D02A2AF12C50
FF9B0AF18147938FF023F9B6CB62B31B38FFCC33B27FD1496A1073935FC0BA00,HeaderTextAsset,C:\Users\omard\source\repos\RecepcionDocumental\RecepcionDocumental\tools\DocumentAiProbe\experiments\H1D10A\text\FF9B0AF18147938FF023F9B6CB62B31B38FFCC33B27FD1496A1073935FC0BA00.header.txt,1BE1D4BC4223E8604EFD1E45D363F962F72573D862D9059A982F1C998CFD9673
FFBC84F8D220A03D34648EAFC0E9441B5AD9267065AD40A4E0C7CBB48D4F977D,HeaderTextAsset,C:\Users\omard\source\repos\RecepcionDocumental\RecepcionDocumental\tools\DocumentAiProbe\experiments\H1D10A\text\FFBC84F8D220A03D34648EAFC0E9441B5AD9267065AD40A4E0C7CBB48D4F977D.header.txt,770632419D693C9055183390F6D9C8DBCFBBAE5E985AA676EFC39A585A2231C2
FFC223740A59AAC2F4D9E71E5A2799843D2F7674B96B265B21668F6D9F84A32D,HeaderTextAsset,C:\Users\omard\source\repos\RecepcionDocumental\RecepcionDocumental\tools\DocumentAiProbe\experiments\H1D10A\text\FFC223740A59AAC2F4D9E71E5A2799843D2F7674B96B265B21668F6D9F84A32D.header.txt,E3E38DB307C8AD52D4E9F3CA6601B4689F29D8D056B594D0ED33A53E8AE39942
000441157BAD395A94250C60F40EB1F8926789D876B4B05AD40F95BE1EAA936F,TextAsset,C:\Users\omard\source\repos\RecepcionDocumental\RecepcionDocumental\tools\DocumentAiProbe\experiments\H1D10A\text\000441157BAD395A94250C60F40EB1F8926789D876B4B05AD40F95BE1EAA936F.native.txt,B5A0116ADA707AE69E0A5800F23B7FD0292DD049A988D95DB7D1AC5BC37F850B
00666E481475A66BFB08CB4FB0F53BBCFB65BF7046310458AF1948A59829CBB3,TextAsset,C:\Users\omard\source\repos\RecepcionDocumental\RecepcionDocumental\tools\DocumentAiProbe\experiments\H1D10A\text\00666E481475A66BFB08CB4FB0F53BBCFB65BF7046310458AF1948A59829CBB3.native.txt,D1EA1E3D65EC248804B509F3F06B8A26D676073D672A8AB5E705B544645171EE
009BBAAE953576D74634FBF38623C1647EAC3A8843FA33593E6A5A21CFC0CBF5,TextAsset,C:\Users\omard\source\repos\RecepcionDocumental\RecepcionDocumental\tools\DocumentAiProbe\experiments\H1D10A\text\009BBAAE953576D74634FBF38623C1647EAC3A8843FA33593E6A5A21CFC0CBF5.native.txt,3805FCCF8A7A86B3F98CAC741024A1625D7446E8E1E7338104628AA953E74E25
01B4C3B905B65F5026EE091453D00254A2A5D4EC46E657D0CF0B43DCB3585899,TextAsset,C:\Users\omard\source\repos\RecepcionDocumental\RecepcionDocumental\tools\DocumentAiProbe\experiments\H1D10A\text\01B4C3B905B65F5026EE091453D00254A2A5D4EC46E657D0CF0B43DCB3585899.native.txt,B314894C6720022896C66389A164DEC72556214474FB0EC961531F759008271A
01ED02257A77AEFC1104AC4A1B19B452BE5C85A8BA6756441FB9C4C6ADEF52BF,TextAsset,C:\Users\omard\source\repos\RecepcionDocumental\RecepcionDocumental\tools\DocumentAiProbe\experiments\H1D10A\text\01ED02257A77AEFC1104AC4A1B19B452BE5C85A8BA6756441FB9C4C6ADEF52BF.native.txt,2825A91CBDC8A3286C0917AD3E6741581FFC8E3604DFFA630A191B681343DFC9
01EEBBC0B1CF90274F09A18C563F892FF0D54A246C447FCBFA3AF69E361C94D3,TextAsset,C:\Users\omard\source\repos\RecepcionDocumental\RecepcionDocumental\tools\DocumentAiProbe\experiments\H1D10A\text\01EEBBC0B1CF90274F09A18C563F892FF0D54A246C447FCBFA3AF69E361C94D3.native.txt,AA3331D69F8CD6B9479FB28EACB11897E86D2ADE9128C5F06773349CF5CD37C0
021D03676E4829AEEEA847D3BCB185AA2D16C5CBCA32B330075F575854B360A1,TextAsset,C:\Users\omard\source\repos\RecepcionDocumental\RecepcionDocumental\tools\DocumentAiProbe\experiments\H1D10A\text\021D03676E4829AEEEA847D3BCB185AA2D16C5CBCA32B330075F575854B360A1.native.txt,2BD430DFAED6AC89429BFD4B9D5C1EBA3F9D1C4FFC9E1B3648DE94B4AD7178D0
02304E5FCF9E9935C4B1CCBC0F4D759FDB9A45B27246309A1B9E5FB698A31BCA,TextAsset,C:\Users\omard\source\repos\RecepcionDocumental\RecepcionDocumental\tools\DocumentAiProbe\experiments\H1D10A\text\02304E5FCF9E9935C4B1CCBC0F4D759FDB9A45B27246309A1B9E5FB698A31BCA.native.txt,4A37F066355729B13FBCED1875A9F3402C79B4E83E1862D5D1EB344C12C5E3B9
0253687CA478CDE6EDCCB92A089D791657BD8034D3CD008ADF1A28A23C57E578,TextAsset,C:\Users\omard\source\repos\RecepcionDocumental\RecepcionDocumental\tools\DocumentAiProbe\experiments\H1D10A\text\0253687CA478CDE6EDCCB92A089D791657BD8034D3CD008ADF1A28A23C57E578.ocr.txt,1EC47895ACCE0661CDBDF9D5928CBCBAA0EA4FBACF47AF5D5138553F53C8587E
029BA74C659EF4DD76D6B27B185845B1D08198841CC36B27A5670D9A22ABD069,TextAsset,C:\Users\omard\source\repos\RecepcionDocumental\RecepcionDocumental\tools\DocumentAiProbe\experiments\H1D10A\text\029BA74C659EF4DD76D6B27B185845B1D08198841CC36B27A5670D9A22ABD069.native.txt,8A493D2E01EBDD8DA41D5BAB790793ACDFC2773AFFCBAF57C9E5F246E44E1653
02AA03FABF61EA48498FF7FF57620894B5F1CD701E6232470FE0432717D09ED4,TextAsset,C:\Users\omard\source\repos\RecepcionDocumental\RecepcionDocumental\tools\DocumentAiProbe\experiments\H1D10A\text\02AA03FABF61EA48498FF7FF57620894B5F1CD701E6232470FE0432717D09ED4.native.txt,CCE9C649916F324E206BC356E7214201597FD7952675981D13F73C409FB54B6B
02DD9DC0C98F31853E104D0637C7D827B9FE9FFCF29A70A9238DECA430176BA3,TextAsset,C:\Users\omard\source\repos\RecepcionDocumental\RecepcionDocumental\tools\DocumentAiProbe\experiments\H1D10A\text\02DD9DC0C98F31853E104D0637C7D827B9FE9FFCF29A70A9238DECA430176BA3.native.txt,C29AFB76EAD4DBC23042FECDBAABDA69C69C6C1A2D548F7C5BC634EDAFBA8395
037701D5FED89A093E0504409BF6AE6060A2E1FB5E3360732F402A402E8F2E8E,TextAsset,C:\Users\omard\source\repos\RecepcionDocumental\RecepcionDocumental\tools\DocumentAiProbe\experiments\H1D10A\text\037701D5FED89A093E0504409BF6AE6060A2E1FB5E3360732F402A402E8F2E8E.ocr.txt,BE6510D9A2B24A6B972050E8EDE3B66278DF2EAC6B1BCC5E1543B549BBFA7152
0393CB3ABBE474C6B489BC46868FD98792B23A13B723C0F5196587EC98CCF160,TextAsset,C:\Users\omard\source\repos\RecepcionDocumental\RecepcionDocumental\tools\DocumentAiProbe\experiments\H1D10A\text\0393CB3ABBE474C6B489BC46868FD98792B23A13B723C0F5196587EC98CCF160.native.txt,810AC08508A8A347659201D3A96473036736EB88EA528A3A8E5DF44E0245F1A8
03E2328AAB18E34C88AAC9D3AF172261EA8866C75E4C3729A0F04663D57ECB7A,TextAsset,C:\Users\omard\source\repos\RecepcionDocumental\RecepcionDocumental\tools\DocumentAiProbe\experiments\H1D10A\text\03E2328AAB18E34C88AAC9D3AF172261EA8866C75E4C3729A0F04663D57ECB7A.ocr.txt,01DEFE91006DBC7EA7973B5E2F6AD5FF6BE3F51BE12E2859425133F602C50F10
03F069F10A74C7921F1F2C0FD2A94152ACF2013FD03C0AE3F0037BA8F4960F51,TextAsset,C:\Users\omard\source\repos\RecepcionDocumental\RecepcionDocumental\tools\DocumentAiProbe\experiments\H1D10A\text\03F069F10A74C7921F1F2C0FD2A94152ACF2013FD03C0AE3F0037BA8F4960F51.ocr.txt,E468A0CA543E95C957CB319B4902DA4A30A4F5E08D86A3F5EDD56A66EB6AB420
04622502B384DAAEF8528EC21E2AB0A275228BE920F7620586EB7594F8385E50,TextAsset,C:\Users\omard\source\repos\RecepcionDocumental\RecepcionDocumental\tools\DocumentAiProbe\experiments\H1D10A\text\04622502B384DAAEF8528EC21E2AB0A275228BE920F7620586EB7594F8385E50.native.txt,8322A9A66E1225E34398F96F16FD66AED9F93C2EF7AD2541455FCE0931E688A8
047C2412F436FC2F8C7B9D8DBFB7073564E01625547D740A09685C4894783331,TextAsset,C:\Users\omard\source\repos\RecepcionDocumental\RecepcionDocumental\tools\DocumentAiProbe\experiments\H1D10A\text\047C2412F436FC2F8C7B9D8DBFB7073564E01625547D740A09685C4894783331.native.txt,DCFF2DA7DF4FEE00A1355461D602C1085846F867B2BF23F269AC9AFF118A76A8
04959C36E447DCC51D86DB7A3E13AA2F054F7A5405E116EDD2D0685F84DDF048,TextAsset,C:\Users\omard\source\repos\RecepcionDocumental\RecepcionDocumental\tools\DocumentAiProbe\experiments\H1D10A\text\04959C36E447DCC51D86DB7A3E13AA2F054F7A5405E116EDD2D0685F84DDF048.native.txt,3EF020B47BA3E3ABDD8DF1B23DD5660CE6EAA000D4F52F43C5648C596FB447C9
04B7BBA87B980CE4BF534091AA2CF35C697D2F5F71510DB83C28FEB3FD85D176,TextAsset,C:\Users\omard\source\repos\RecepcionDocumental\RecepcionDocumental\tools\DocumentAiProbe\experiments\H1D10A\text\04B7BBA87B980CE4BF534091AA2CF35C697D2F5F71510DB83C28FEB3FD85D176.native.txt,7EF3AB2D3D8DF3C138150277E0CA6EF44040081F57031DBA662949E19A181C5B
04C27DADDBAB767585D7DBC73A1273A2C7BCDF998DE7CC73E87E8CA6A10B0383,TextAsset,C:\Users\omard\source\repos\RecepcionDocumental\RecepcionDocumental\tools\DocumentAiProbe\experiments\H1D10A\text\04C27DADDBAB767585D7DBC73A1273A2C7BCDF998DE7CC73E87E8CA6A10B0383.native.txt,69E2CB2B5A850AB530FC0089674311CFFC12F5D1D0218B5A0BFB5D40BF72D123
05C97349F397582E8A6249A2D5709AD4923C3B38A7E21B050DE3374402BA58A1,TextAsset,C:\Users\omard\source\repos\RecepcionDocumental\RecepcionDocumental\tools\DocumentAiProbe\experiments\H1D10A\text\05C97349F397582E8A6249A2D5709AD4923C3B38A7E21B050DE3374402BA58A1.native.txt,2B9AF2389CC64F5CC582D5CD309F3EC327B5B4BBFCBBF505097A46FF1DEDE82B
05EF053E651D91BD90ADA834671A1E38538785AE827F54441ED8A5BE0D7A38D5,TextAsset,C:\Users\omard\source\repos\RecepcionDocumental\RecepcionDocumental\tools\DocumentAiProbe\experiments\H1D10A\text\05EF053E651D91BD90ADA834671A1E38538785AE827F54441ED8A5BE0D7A38D5.native.txt,E27AE8A3B0D4D40A178FA13BA13890A6758CB006BBD043C733D8413CEF18E4DD
06A1EC59F2900358BE5E8498C8586C428432AB5378EA31B6A2474A081EDD3C24,TextAsset,C:\Users\omard\source\repos\RecepcionDocumental\RecepcionDocumental\tools\DocumentAiProbe\experiments\H1D10A\text\06A1EC59F2900358BE5E8498C8586C428432AB5378EA31B6A2474A081EDD3C24.native.txt,D6F172EC2E6C60F14C77978379F346C8124E2EF45EBE825E133653A83A24886A
06D133DEC7E848E3CE560BBE8A8F305EB2CFA072344435DECFBC4AABF2C89A47,TextAsset,C:\Users\omard\source\repos\RecepcionDocumental\RecepcionDocumental\tools\DocumentAiProbe\experiments\H1D10A\text\06D133DEC7E848E3CE560BBE8A8F305EB2CFA072344435DECFBC4AABF2C89A47.native.txt,ECFBAC7BB211CD844674E978835FFB107B323662AC6ED61745D038770E4EB2C7
077E1AB84DF868E538FAC3C97AD3D0C980891100169289B57CD81AB74155EC27,TextAsset,C:\Users\omard\source\repos\RecepcionDocumental\RecepcionDocumental\tools\DocumentAiProbe\experiments\H1D10A\text\077E1AB84DF868E538FAC3C97AD3D0C980891100169289B57CD81AB74155EC27.native.txt,88E664B6D236F49A55377DE30604C4B2AD0C205CD436DAA9FBF4E2C8170E72D6
08A59F5ACF65AAE8126396DF9CF71EA60DFCF3275E7087E7BD99CA724E103841,TextAsset,C:\Users\omard\source\repos\RecepcionDocumental\RecepcionDocumental\tools\DocumentAiProbe\experiments\H1D10A\text\08A59F5ACF65AAE8126396DF9CF71EA60DFCF3275E7087E7BD99CA724E103841.native.txt,FBB3DF0F90525B1FFCD44373A1E45641D6D0C5C856F6D867B5D3C514E3D59755
08AF3D73E0302637248E1C6068C4735A590AEA0478B805176319D610E66B89DA,TextAsset,C:\Users\omard\source\repos\RecepcionDocumental\RecepcionDocumental\tools\DocumentAiProbe\experiments\H1D10A\text\08AF3D73E0302637248E1C6068C4735A590AEA0478B805176319D610E66B89DA.native.txt,B625FCEA017FAB100CEBD8D11EF897AB21032C2ACB692F9904261013A6D94953
08C09F38F83BB6EDBE8BBF01403018FA201860CC12D064BAD8345B8B7D1EAC59,TextAsset,C:\Users\omard\source\repos\RecepcionDocumental\RecepcionDocumental\tools\DocumentAiProbe\experiments\H1D10A\text\08C09F38F83BB6EDBE8BBF01403018FA201860CC12D064BAD8345B8B7D1EAC59.native.txt,2B5583A923DDDD9D60417ACA20164832EAA0D77419C63A82CB20BEFF216BA32B
0A5F6FAB0981F8D8C0879EA76AAEBD4B446107AB6A6FD15FF23DA0C86EB33B90,TextAsset,C:\Users\omard\source\repos\RecepcionDocumental\RecepcionDocumental\tools\DocumentAiProbe\experiments\H1D10A\text\0A5F6FAB0981F8D8C0879EA76AAEBD4B446107AB6A6FD15FF23DA0C86EB33B90.ocr.txt,75C2F3FD303ADCD13488C66093ADC10CF356004CDD64DA42E1DF58253C189142
0A637333314B760AD17FC75D86A32FE397D8DF90EEC6F73D5864CA3746C73DB3,TextAsset,C:\Users\omard\source\repos\RecepcionDocumental\RecepcionDocumental\tools\DocumentAiProbe\experiments\H1D10A\text\0A637333314B760AD17FC75D86A32FE397D8DF90EEC6F73D5864CA3746C73DB3.native.txt,2D277B69D8855E86A1EC9E2D8DEB25464D40653FC848A3B62F325EEDA014387A
0AF4ABC9633AC9A8D2E9993F79A926DB3E8D1D479CD3E3091B3F0AF3D2C2E7E6,TextAsset,C:\Users\omard\source\repos\RecepcionDocumental\RecepcionDocumental\tools\DocumentAiProbe\experiments\H1D10A\text\0AF4ABC9633AC9A8D2E9993F79A926DB3E8D1D479CD3E3091B3F0AF3D2C2E7E6.ocr.txt,BB6DC8E22F2EEE2EDFCC9A1262BD77F4EF29D22EB888DF54092EB095B1141AC5
0B59A855C174A39555825291E09AD670E0177F85A302A347D979479ACC37CB5E,TextAsset,C:\Users\omard\source\repos\RecepcionDocumental\RecepcionDocumental\tools\DocumentAiProbe\experiments\H1D10A\text\0B59A855C174A39555825291E09AD670E0177F85A302A347D979479ACC37CB5E.native.txt,40C809F400D14B583566678FB43021D6596D437E615365BBE748B901777199EF
0B618A6161AB2BAED66462912C6D26350205C67C99F3F906BBD85B847C4C359C,TextAsset,C:\Users\omard\source\repos\RecepcionDocumental\RecepcionDocumental\tools\DocumentAiProbe\experiments\H1D10A\text\0B618A6161AB2BAED66462912C6D26350205C67C99F3F906BBD85B847C4C359C.native.txt,A317494EE05245FA540083FD7D66E49ADD503D5CB6373407DE26F4A9128AD87D
0B97AB3E0E13E9EDBBE286D38A67D292C41A2CF86A62B5B2E6553DA0CF55ED9E,TextAsset,C:\Users\omard\source\repos\RecepcionDocumental\RecepcionDocumental\tools\DocumentAiProbe\experiments\H1D10A\text\0B97AB3E0E13E9EDBBE286D38A67D292C41A2CF86A62B5B2E6553DA0CF55ED9E.ocr.txt,3699989E1E019971BE855380AEF088E10E4EE0D6019DB04A95251770547DB782
0C119B261945873CEB350567C4B9047A452E5075ADB4DC72F247453378F3D6C2,TextAsset,C:\Users\omard\source\repos\RecepcionDocumental\RecepcionDocumental\tools\DocumentAiProbe\experiments\H1D10A\text\0C119B261945873CEB350567C4B9047A452E5075ADB4DC72F247453378F3D6C2.native.txt,67E88573977973A8B7559B8EC8E39B7262456B0BBF100CCF14796D5FD3E14410
0C7925D145798B93A239B694B566BDABF9C25A810391C7A3C1A06180F8BD0624,TextAsset,C:\Users\omard\source\repos\RecepcionDocumental\RecepcionDocumental\tools\DocumentAiProbe\experiments\H1D10A\text\0C7925D145798B93A239B694B566BDABF9C25A810391C7A3C1A06180F8BD0624.native.txt,86C484A5B4CBF0C147B80F19B0B2C8598C197BF37D08C3333F4068C31D619A8D
0C88429B88056936267C06652EED9EF20AE1A701A550F3E3992DD9DDEC6C7B5D,TextAsset,C:\Users\omard\source\repos\RecepcionDocumental\RecepcionDocumental\tools\DocumentAiProbe\experiments\H1D10A\text\0C88429B88056936267C06652EED9EF20AE1A701A550F3E3992DD9DDEC6C7B5D.ocr.txt,3EFC7708CDC0B895D5B6CE2E4A797950ABE67C9C0D36CF223B10A5C33314030D
0CA3EE8277873990549A7D686F9CA4F4752B23AD75867D299B8CC9F9ECE7AD9B,TextAsset,C:\Users\omard\source\repos\RecepcionDocumental\RecepcionDocumental\tools\DocumentAiProbe\experiments\H1D10A\text\0CA3EE8277873990549A7D686F9CA4F4752B23AD75867D299B8CC9F9ECE7AD9B.native.txt,25FAF90499987D1DE28DE14AB6EB66CE7D5E91A8D103F3586FCD66A98FB3287E
0CE6D0F6DC7AAFEDCF0F29B1A52C095693F8F5768365885536EBB5EE4EE9AA8F,TextAsset,C:\Users\omard\source\repos\RecepcionDocumental\RecepcionDocumental\tools\DocumentAiProbe\experiments\H1D10A\text\0CE6D0F6DC7AAFEDCF0F29B1A52C095693F8F5768365885536EBB5EE4EE9AA8F.native.txt,1D794A3DF11163E684F42C5022AB95F25AAEF2E834BA860F04F8D560F019C80E
0D6CC904494B5D36AD7A14CCD6D613539CF44A2EBD1E8D3436517B820E1C6735,TextAsset,C:\Users\omard\source\repos\RecepcionDocumental\RecepcionDocumental\tools\DocumentAiProbe\experiments\H1D10A\text\0D6CC904494B5D36AD7A14CCD6D613539CF44A2EBD1E8D3436517B820E1C6735.ocr.txt,65001BE0DA5905C329FE20E2ED15B657395E4C9599F3EEDD13A1B785718A22E7
0D83342C279D8651BF63D1015F3EEAAE55883A8F1CE8C051D923B3B1B1920312,TextAsset,C:\Users\omard\source\repos\RecepcionDocumental\RecepcionDocumental\tools\DocumentAiProbe\experiments\H1D10A\text\0D83342C279D8651BF63D1015F3EEAAE55883A8F1CE8C051D923B3B1B1920312.native.txt,F65152CB38201292ED9655FA2D921596FB5D16CE5B7BBCE3B62B84DB27CC20D6
0E540B0E4A36B14042BFC034A9473679518354968C186181B12F24B96FF6CBD0,TextAsset,C:\Users\omard\source\repos\RecepcionDocumental\RecepcionDocumental\tools\DocumentAiProbe\experiments\H1D10A\text\0E540B0E4A36B14042BFC034A9473679518354968C186181B12F24B96FF6CBD0.ocr.txt,451F6532A1CA6C9B65B201B8E51A79144B284147B11B6548149018DBF81D9517
0E59ECEE0811775B658ABF3523447BC951EF3274CABA4824DD8F62DCF64917F8,TextAsset,C:\Users\omard\source\repos\RecepcionDocumental\RecepcionDocumental\tools\DocumentAiProbe\experiments\H1D10A\text\0E59ECEE0811775B658ABF3523447BC951EF3274CABA4824DD8F62DCF64917F8.native.txt,EFF575037DB1B8D2243957465307CBDB9F41302334C517DCE79B44E73574BF44
0E8C43EDC779E240D9B279E14F8F669276AFEF533DABEAD608BEA474683E480B,TextAsset,C:\Users\omard\source\repos\RecepcionDocumental\RecepcionDocumental\tools\DocumentAiProbe\experiments\H1D10A\text\0E8C43EDC779E240D9B279E14F8F669276AFEF533DABEAD608BEA474683E480B.native.txt,D107048CC1948C5EF08AA24F9145DD603451DE5527A8D8BBB09DB74AA539F692
0EB724F472D0867E4028A0EA1819E88AA8B647706DDD3EBF0DF561D3D09B544F,TextAsset,C:\Users\omard\source\repos\RecepcionDocumental\RecepcionDocumental\tools\DocumentAiProbe\experiments\H1D10A\text\0EB724F472D0867E4028A0EA1819E88AA8B647706DDD3EBF0DF561D3D09B544F.native.txt,FEE1A60509FB3DFAA2F1B37619D0C98A9424283735AAD230EF201F128C8E9359
0EB8DBCEF6C1E861455CAB45F0D946F37D5FE111851DE63421E53868D0344CED,TextAsset,C:\Users\omard\source\repos\RecepcionDocumental\RecepcionDocumental\tools\DocumentAiProbe\experiments\H1D10A\text\0EB8DBCEF6C1E861455CAB45F0D946F37D5FE111851DE63421E53868D0344CED.native.txt,C362D7C208C02105E6B1A8C1DDAFE7FBF8B6AF08B77C55EB64F72B0782E044EE
0F9246AC42EC24CE74596A53393B3137E04A75F4B1EC270ED3217F470D822C10,TextAsset,C:\Users\omard\source\repos\RecepcionDocumental\RecepcionDocumental\tools\DocumentAiProbe\experiments\H1D10A\text\0F9246AC42EC24CE74596A53393B3137E04A75F4B1EC270ED3217F470D822C10.ocr.txt,4C62405061369B101638D810353D9803379EF51FFCC9CCE38EF9D522480CEA81
0FA8463ED567FFE590E435570D0223B6F4A12CB7F6613366B51561D4DAD73426,TextAsset,C:\Users\omard\source\repos\RecepcionDocumental\RecepcionDocumental\tools\DocumentAiProbe\experiments\H1D10A\text\0FA8463ED567FFE590E435570D0223B6F4A12CB7F6613366B51561D4DAD73426.native.txt,8A1F85420805957DE6DB7B6431DB020B6C7B234A71B9AD529136036C4E6CC837
103D4B7D4FC3E90843B65EF81BC37F7579A84BC7B89FF656AC00130A79D1E0A3,TextAsset,C:\Users\omard\source\repos\RecepcionDocumental\RecepcionDocumental\tools\DocumentAiProbe\experiments\H1D10A\text\103D4B7D4FC3E90843B65EF81BC37F7579A84BC7B89FF656AC00130A79D1E0A3.native.txt,8A37DF2F2CFC943D6A601E23CE96BFE577511F116897601056B88C64BA4EFB49
10C8DE86B04BF25561A35A82242B33B470AF2939CEAE75D3705D0DE2B0439C8A,TextAsset,C:\Users\omard\source\repos\RecepcionDocumental\RecepcionDocumental\tools\DocumentAiProbe\experiments\H1D10A\text\10C8DE86B04BF25561A35A82242B33B470AF2939CEAE75D3705D0DE2B0439C8A.native.txt,D0DCE02975CEB966EC8A14E567CB533744B4170F5E0DE83729F5C57314746E04
11AA4176F3F4A2CC86037046B472339888DABD214272917A6929C087593E9D8E,TextAsset,C:\Users\omard\source\repos\RecepcionDocumental\RecepcionDocumental\tools\DocumentAiProbe\experiments\H1D10A\text\11AA4176F3F4A2CC86037046B472339888DABD214272917A6929C087593E9D8E.native.txt,CB5ABC13FAF51AFA941B5333EBB2D1D11C6109BA7DDA8CDBFF2A03B943D01628
11D14380F5AB72DEA8A5310BFDF5802785E3B72846717188B71C33839F1F7946,TextAsset,C:\Users\omard\source\repos\RecepcionDocumental\RecepcionDocumental\tools\DocumentAiProbe\experiments\H1D10A\text\11D14380F5AB72DEA8A5310BFDF5802785E3B72846717188B71C33839F1F7946.ocr.txt,8933E36093DFF5416CD3F5E2A6621E4C4408C0FA3BF8C36A10C46C8C02E78BD0
11F3EAC90134B12551950394AA754634A73F52156C58047F001C53FC2A8E2B6A,TextAsset,C:\Users\omard\source\repos\RecepcionDocumental\RecepcionDocumental\tools\DocumentAiProbe\experiments\H1D10A\text\11F3EAC90134B12551950394AA754634A73F52156C58047F001C53FC2A8E2B6A.native.txt,D0C2357A605C1F9019A1FCF5C5EBFDC847E4427FE92F6A736188FA83D0109D15
121935DCAF0E74813765F04221A3B2771AC2471A7E501773E5ED762449345F74,TextAsset,C:\Users\omard\source\repos\RecepcionDocumental\RecepcionDocumental\tools\DocumentAiProbe\experiments\H1D10A\text\121935DCAF0E74813765F04221A3B2771AC2471A7E501773E5ED762449345F74.native.txt,1A43F47BF8BF40F6B6E5FDE3915AD11EFB05BCED5AFECF8AD3B1591A5BB6444E
1263357752F19929AB58E0457B9C3BF0003909F01745B4562D6B023F84D191CE,TextAsset,C:\Users\omard\source\repos\RecepcionDocumental\RecepcionDocumental\tools\DocumentAiProbe\experiments\H1D10A\text\1263357752F19929AB58E0457B9C3BF0003909F01745B4562D6B023F84D191CE.native.txt,59D4F47A0A7276898D72D8A77CCDE9CE46BBA50DD90D37E9A004544D41E60A73
12B4F8A879EF86D8F1B1F542753A5C0F1CA0BC63E0BD9E86DE53E1AAB2B75D6F,TextAsset,C:\Users\omard\source\repos\RecepcionDocumental\RecepcionDocumental\tools\DocumentAiProbe\experiments\H1D10A\text\12B4F8A879EF86D8F1B1F542753A5C0F1CA0BC63E0BD9E86DE53E1AAB2B75D6F.native.txt,B91FD381308D77B2702047A550D53D2208EFD85D21CBE4D7A042D8972F845BFB
12CA6DFC58500509E1ECF06C8E7E9C69E1F6AE3C2DD3F6E90FE50506DEF80A4D,TextAsset,C:\Users\omard\source\repos\RecepcionDocumental\RecepcionDocumental\tools\DocumentAiProbe\experiments\H1D10A\text\12CA6DFC58500509E1ECF06C8E7E9C69E1F6AE3C2DD3F6E90FE50506DEF80A4D.ocr.txt,83C10D3769804B08F89FF013F493F9711604014BF91D12242A611BAC64C802BE
1303FFF3152A9BCA27886296FE5721AD7F803BA0CFC37D6296DE2FC83912AC0F,TextAsset,C:\Users\omard\source\repos\RecepcionDocumental\RecepcionDocumental\tools\DocumentAiProbe\experiments\H1D10A\text\1303FFF3152A9BCA27886296FE5721AD7F803BA0CFC37D6296DE2FC83912AC0F.ocr.txt,06E0B871950D7DC807E4D7257650C2DC51EEB8D7D70BCAB76EE87CD3CB4CFABB
1333A90EBB43AD0E599070C8EF90E5A27A029FF12280CA95C2C03798470CBCCD,TextAsset,C:\Users\omard\source\repos\RecepcionDocumental\RecepcionDocumental\tools\DocumentAiProbe\experiments\H1D10A\text\1333A90EBB43AD0E599070C8EF90E5A27A029FF12280CA95C2C03798470CBCCD.ocr.txt,8D2B319D7B797662A68362BD85056CF9061326B3C347323ED5035B7769D9CA88
1404DB34FC4F98116BC724C50860B093747B8B6958BA341FCD6820A169B30763,TextAsset,C:\Users\omard\source\repos\RecepcionDocumental\RecepcionDocumental\tools\DocumentAiProbe\experiments\H1D10A\text\1404DB34FC4F98116BC724C50860B093747B8B6958BA341FCD6820A169B30763.native.txt,57B517C0A8C182B60B38FC9F779878FC456C7908861C423C2DA9510291D59E63
14C5AE52A8EEAFEEFC07064F3CA220CF3FF2275CC59888BA114642668962F978,TextAsset,C:\Users\omard\source\repos\RecepcionDocumental\RecepcionDocumental\tools\DocumentAiProbe\experiments\H1D10A\text\14C5AE52A8EEAFEEFC07064F3CA220CF3FF2275CC59888BA114642668962F978.native.txt,5D9FA103E718876BB108AAD52DBFFF007155D3B2B241BBE76DEA9F489CBCEAED
14DFA7B487FE176FB734A07739399ED41B4658E3573EEB7E4448B13730B06F57,TextAsset,C:\Users\omard\source\repos\RecepcionDocumental\RecepcionDocumental\tools\DocumentAiProbe\experiments\H1D10A\text\14DFA7B487FE176FB734A07739399ED41B4658E3573EEB7E4448B13730B06F57.ocr.txt,6C549D788F1C291D19DC3CB5EF1A9D1C32EC9DA807F13AB26031C579C873B24F
15A026D2938AFB432CF119015772179FEC95B6CFBE1173DF47FCCC7DAD8EC61C,TextAsset,C:\Users\omard\source\repos\RecepcionDocumental\RecepcionDocumental\tools\DocumentAiProbe\experiments\H1D10A\text\15A026D2938AFB432CF119015772179FEC95B6CFBE1173DF47FCCC7DAD8EC61C.native.txt,EF0E83D44F46D83C47EA02944C3C13BD9718E77E47FC3117D0D42B17C93A55AB
15B140C52F151CE8CECA898F343965567AA73E7CFA89957E4B110094B6DCFB67,TextAsset,C:\Users\omard\source\repos\RecepcionDocumental\RecepcionDocumental\tools\DocumentAiProbe\experiments\H1D10A\text\15B140C52F151CE8CECA898F343965567AA73E7CFA89957E4B110094B6DCFB67.ocr.txt,491B35887BAD0BDDFA9A02AB25D823A44C10D8B018F51D34816BC4095120DE94
160526753107767C39EC95E3ADDCD2CD497AE532CEFFC3DC2F84BB0DC8CE49FE,TextAsset,C:\Users\omard\source\repos\RecepcionDocumental\RecepcionDocumental\tools\DocumentAiProbe\experiments\H1D10A\text\160526753107767C39EC95E3ADDCD2CD497AE532CEFFC3DC2F84BB0DC8CE49FE.native.txt,D439D60A08BAB0F43A8291C234FEB1A818803FF808806657B6F6AEAA12EBC076
161EC212E4A6935F8CFAB567C97F912D35EDF5215767FC8E77BD1C22BA9EDCB1,TextAsset,C:\Users\omard\source\repos\RecepcionDocumental\RecepcionDocumental\tools\DocumentAiProbe\experiments\H1D10A\text\161EC212E4A6935F8CFAB567C97F912D35EDF5215767FC8E77BD1C22BA9EDCB1.native.txt,EFEA708A625C582312B66A3E0FBEA0337A099EB56E0CB4475532327344C589DE
1630D16F8FDB2A7721ACEF572A7F8E2CB269845113E8B30AB282FF65B3372AA2,TextAsset,C:\Users\omard\source\repos\RecepcionDocumental\RecepcionDocumental\tools\DocumentAiProbe\experiments\H1D10A\text\1630D16F8FDB2A7721ACEF572A7F8E2CB269845113E8B30AB282FF65B3372AA2.native.txt,C0845649723520E5ED38EB6C76D079B83409F2559B784B143637A02E8B83FAC5
166F800D9EDF270B19C23DD114D9663F92A11A943FD9C0C549CABE6281F724A3,TextAsset,C:\Users\omard\source\repos\RecepcionDocumental\RecepcionDocumental\tools\DocumentAiProbe\experiments\H1D10A\text\166F800D9EDF270B19C23DD114D9663F92A11A943FD9C0C549CABE6281F724A3.native.txt,03E757AC73AD63396EF44C6CF09FF39EAF8FBC4D8CEC3F1D86B7C98D5E2536FA
16774F7F1BF693AAAF6595FD95FE826967AD240AE8DCDCF1D0DA1FDFA5B8B47F,TextAsset,C:\Users\omard\source\repos\RecepcionDocumental\RecepcionDocumental\tools\DocumentAiProbe\experiments\H1D10A\text\16774F7F1BF693AAAF6595FD95FE826967AD240AE8DCDCF1D0DA1FDFA5B8B47F.native.txt,2ACC7CFD48EC159C25A10A6D96CB6C64D0FEC4CE9FF1AA95F8DF5D120B39BA78
16945BA3A0FB38E9BC5A16E5A5985D0D639AEB3DBAE2B4FB57E018F9F01DC7F6,TextAsset,C:\Users\omard\source\repos\RecepcionDocumental\RecepcionDocumental\tools\DocumentAiProbe\experiments\H1D10A\text\16945BA3A0FB38E9BC5A16E5A5985D0D639AEB3DBAE2B4FB57E018F9F01DC7F6.native.txt,94D78790B229F0699E31DF3DEAD2BDD72BE0CBB3B1C66B8A5305321F33790777
16C599BB507BA2B2F3C2269E6A2C5D1AECB01E18F4CC72BEBE25B5003074BB39,TextAsset,C:\Users\omard\source\repos\RecepcionDocumental\RecepcionDocumental\tools\DocumentAiProbe\experiments\H1D10A\text\16C599BB507BA2B2F3C2269E6A2C5D1AECB01E18F4CC72BEBE25B5003074BB39.ocr.txt,0D10E72749C3697D86B13577E49800FCB368883B77DB60FFC2D914AA9559FD0F
174DD634BAA4E1F2C0F29A99FDC68EAD0DC5A7B03E2E3013D0BC3EDC84BBBE6F,TextAsset,C:\Users\omard\source\repos\RecepcionDocumental\RecepcionDocumental\tools\DocumentAiProbe\experiments\H1D10A\text\174DD634BAA4E1F2C0F29A99FDC68EAD0DC5A7B03E2E3013D0BC3EDC84BBBE6F.native.txt,D06F5AFCA7EEB463BA39C39ACD93AB4A40DF6F8C33DFDD549501E319E6F2BB71
18E7CA0C5FA2A263B81C0E6331BD60EE7C3FE5F34B9607844B4F68CB65659CF1,TextAsset,C:\Users\omard\source\repos\RecepcionDocumental\RecepcionDocumental\tools\DocumentAiProbe\experiments\H1D10A\text\18E7CA0C5FA2A263B81C0E6331BD60EE7C3FE5F34B9607844B4F68CB65659CF1.native.txt,DAC1B4C3C3FC7F20A5203CDF6E4CC2D098528BCCDFA51A8F5F7A0540F9AD43C8
18F037E71275BAC8EB6B9907A801BB8596276D931C4A89D42AD4A1DDB99C44C7,TextAsset,C:\Users\omard\source\repos\RecepcionDocumental\RecepcionDocumental\tools\DocumentAiProbe\experiments\H1D10A\text\18F037E71275BAC8EB6B9907A801BB8596276D931C4A89D42AD4A1DDB99C44C7.native.txt,DE37EA4C7055D45FC8D897A63ADE85778B62F5C830D4EBAD61B6A359905C0DFE
18FEACDE4C4BC3186A35471632ADCC16CE8B5003E33AB4DD3E2B5F753C965052,TextAsset,C:\Users\omard\source\repos\RecepcionDocumental\RecepcionDocumental\tools\DocumentAiProbe\experiments\H1D10A\text\18FEACDE4C4BC3186A35471632ADCC16CE8B5003E33AB4DD3E2B5F753C965052.native.txt,A4EB5FCC5438E81B05151FFD82C851E1ECBC879968220B641E28E8FBFC1E1FC0
19CA2317F157D7F77CBA71C4C7DADA16BA98EB297488E5B8E29356E5C706F58E,TextAsset,C:\Users\omard\source\repos\RecepcionDocumental\RecepcionDocumental\tools\DocumentAiProbe\experiments\H1D10A\text\19CA2317F157D7F77CBA71C4C7DADA16BA98EB297488E5B8E29356E5C706F58E.native.txt,4F2230CE6F91C2AC5C3B9DB5E5F4DF2CDBB441B75877D26261D29B3BFAAFC152
19F6641B6B3AA29365169F3EAE0968960FCA636ECEE571730C1EA3B84723A6C5,TextAsset,C:\Users\omard\source\repos\RecepcionDocumental\RecepcionDocumental\tools\DocumentAiProbe\experiments\H1D10A\text\19F6641B6B3AA29365169F3EAE0968960FCA636ECEE571730C1EA3B84723A6C5.native.txt,6A55975253250171234E52E937570F2924D922FFF550639DBDCFD3B57C5F3425
1A0286054805EE1B889C2AEC853E4C1820A7963FA5B8513AAD2AB306B1D5FCB0,TextAsset,C:\Users\omard\source\repos\RecepcionDocumental\RecepcionDocumental\tools\DocumentAiProbe\experiments\H1D10A\text\1A0286054805EE1B889C2AEC853E4C1820A7963FA5B8513AAD2AB306B1D5FCB0.ocr.txt,99B727B4252BD20205A553C662810F875F799918641CA1A5540A218080CA3E45
1A0A36E455982173F5BF5C96D830E13327B71722D30631BC3F0CC3CC9FAF0540,TextAsset,C:\Users\omard\source\repos\RecepcionDocumental\RecepcionDocumental\tools\DocumentAiProbe\experiments\H1D10A\text\1A0A36E455982173F5BF5C96D830E13327B71722D30631BC3F0CC3CC9FAF0540.native.txt,7B0D5F0933CF4124750EE9CE6B5AE674DB9D724FC72B8A39A87948E356D78C71
1A94D10FAD4A3B2AAAA3E3A02F2F963B295A6BFFFD9A535B339D7390DEAFC82B,TextAsset,C:\Users\omard\source\repos\RecepcionDocumental\RecepcionDocumental\tools\DocumentAiProbe\experiments\H1D10A\text\1A94D10FAD4A3B2AAAA3E3A02F2F963B295A6BFFFD9A535B339D7390DEAFC82B.ocr.txt,2E165F9149F2972D0CE8770245A9CA4026F79B4F31933703748C50DF39FB60BD
1BAC08C96C2B7DF33CB003BD97FE4CEAD87E53DE3314421FFE719FB320CF8F1B,TextAsset,C:\Users\omard\source\repos\RecepcionDocumental\RecepcionDocumental\tools\DocumentAiProbe\experiments\H1D10A\text\1BAC08C96C2B7DF33CB003BD97FE4CEAD87E53DE3314421FFE719FB320CF8F1B.native.txt,01AD517ABA9677D0350DD8A78790ED14EC2611744156E4587BE91812AA1A1C33
1C0D51D6F3C6284AC33F646437A23D1C8C0413DD8507BC1EF61CE9709A6202CB,TextAsset,C:\Users\omard\source\repos\RecepcionDocumental\RecepcionDocumental\tools\DocumentAiProbe\experiments\H1D10A\text\1C0D51D6F3C6284AC33F646437A23D1C8C0413DD8507BC1EF61CE9709A6202CB.ocr.txt,6AA72D896FA334D672C2AA0D666A38C85EAF2C732FD73EE36B5758263C7676F1
1C98F6E7FCAB99BCF1A9F60F1C3C9C65393ED41CD6DB09C21056B4A06AC7D5C9,TextAsset,C:\Users\omard\source\repos\RecepcionDocumental\RecepcionDocumental\tools\DocumentAiProbe\experiments\H1D10A\text\1C98F6E7FCAB99BCF1A9F60F1C3C9C65393ED41CD6DB09C21056B4A06AC7D5C9.native.txt,BC69B0A25DFC938346CD316391980772B66910CBADAA02185D9461A16F14FDFD
1CDBBA2E0D0087C3CB21CD350611DDCB701EC633C668DAE9376C36FD6E95CB2D,TextAsset,C:\Users\omard\source\repos\RecepcionDocumental\RecepcionDocumental\tools\DocumentAiProbe\experiments\H1D10A\text\1CDBBA2E0D0087C3CB21CD350611DDCB701EC633C668DAE9376C36FD6E95CB2D.native.txt,7921D87064BB13058D49D6E923F0B5A6AD0D1CCE90B38A175EABA5CB74B737C8
1D13477161B6EB6F50A6EBAFE735A74D351D55222F26B460197C1D95EE5798A5,TextAsset,C:\Users\omard\source\repos\RecepcionDocumental\RecepcionDocumental\tools\DocumentAiProbe\experiments\H1D10A\text\1D13477161B6EB6F50A6EBAFE735A74D351D55222F26B460197C1D95EE5798A5.native.txt,A5CE4B807B697361A26D4689760EAC5BCFA0351F21F0157DE26F55B0803BECDD
1D599FB9901C840037490A7813C889834DFF4C7EEA0D469A58A71E6F59B1268C,TextAsset,C:\Users\omard\source\repos\RecepcionDocumental\RecepcionDocumental\tools\DocumentAiProbe\experiments\H1D10A\text\1D599FB9901C840037490A7813C889834DFF4C7EEA0D469A58A71E6F59B1268C.native.txt,D6BE1F52EB05E96F60BF4E32AA17DA2B8E42C81B8A8822CA58C84C6ED6D13B02
1D5F2FFDB7A42FB654E7D25AC2C03B44FFF9CB0BB77FC63A494AA74CA4370078,TextAsset,C:\Users\omard\source\repos\RecepcionDocumental\RecepcionDocumental\tools\DocumentAiProbe\experiments\H1D10A\text\1D5F2FFDB7A42FB654E7D25AC2C03B44FFF9CB0BB77FC63A494AA74CA4370078.native.txt,3BA2FB434151BC597BA610289D9D0840654D8D730C3EB44DFC67FC6EE75A95E2
1D690E9263C4C758D742F763DF1CBAFAEC61E32C010E5AF12578698CB2DA4C2D,TextAsset,C:\Users\omard\source\repos\RecepcionDocumental\RecepcionDocumental\tools\DocumentAiProbe\experiments\H1D10A\text\1D690E9263C4C758D742F763DF1CBAFAEC61E32C010E5AF12578698CB2DA4C2D.native.txt,3141C311E375C0C8FF3DADC6DE92AF50E14C743717BF631E31282C6A447955C5
1E3A54E29CDFD98200A8968E8ED2B1DDDE4DDCC94F9FA7FA24A7FF973C6256A2,TextAsset,C:\Users\omard\source\repos\RecepcionDocumental\RecepcionDocumental\tools\DocumentAiProbe\experiments\H1D10A\text\1E3A54E29CDFD98200A8968E8ED2B1DDDE4DDCC94F9FA7FA24A7FF973C6256A2.native.txt,AF487789AAB2C1C323DBE1B9FAB8901271738E455063883ACCF55D76D65F05E3
1E4FC830876DF4A2D7E323D059FC3B5F03968B0A7BF7E8067947BF00B1508969,TextAsset,C:\Users\omard\source\repos\RecepcionDocumental\RecepcionDocumental\tools\DocumentAiProbe\experiments\H1D10A\text\1E4FC830876DF4A2D7E323D059FC3B5F03968B0A7BF7E8067947BF00B1508969.native.txt,5C2A4432754C9885C4160220FA6D7DE9FF96EADF2D4DE45BD8B1D9A73902A276
1E6204E31083CC7D65901CC8CA5C00C90562459A9876FFDB0C909ADA7C2DEB5D,TextAsset,C:\Users\omard\source\repos\RecepcionDocumental\RecepcionDocumental\tools\DocumentAiProbe\experiments\H1D10A\text\1E6204E31083CC7D65901CC8CA5C00C90562459A9876FFDB0C909ADA7C2DEB5D.native.txt,BCABF700B9C59B8FC049B689D7E15117C06412F32B13F35EAB8E141FA68A6542
1E91DDC230C4879196FB8A9C6D0F2B571E5781379160AA07760A8B3773DA1EAB,TextAsset,C:\Users\omard\source\repos\RecepcionDocumental\RecepcionDocumental\tools\DocumentAiProbe\experiments\H1D10A\text\1E91DDC230C4879196FB8A9C6D0F2B571E5781379160AA07760A8B3773DA1EAB.ocr.txt,37C81BF3141788905666E75E31772D1DC9767D76905B827E7618EFDD50911BC3
1ED61F74F18006764BD6449DD4DFD2A4762E84307C9B3636FB875B1E0D7E9F26,TextAsset,C:\Users\omard\source\repos\RecepcionDocumental\RecepcionDocumental\tools\DocumentAiProbe\experiments\H1D10A\text\1ED61F74F18006764BD6449DD4DFD2A4762E84307C9B3636FB875B1E0D7E9F26.native.txt,EDCA68B8E8691022D88771D434FA3949DBAC064EA55C551E9AF13BDA0356733B
1EFEC494A72D347AD1840B5869281F259425F030DD79621BD5DB09028C336295,TextAsset,C:\Users\omard\source\repos\RecepcionDocumental\RecepcionDocumental\tools\DocumentAiProbe\experiments\H1D10A\text\1EFEC494A72D347AD1840B5869281F259425F030DD79621BD5DB09028C336295.ocr.txt,55429A304024417B6EF1FF04336D22C21765DD9E038AFB850C99678EFB5EF144
1F1946F209640E1E5690363F1F7983E92D582C609A65653B72FCDC3E6D501EC9,TextAsset,C:\Users\omard\source\repos\RecepcionDocumental\RecepcionDocumental\tools\DocumentAiProbe\experiments\H1D10A\text\1F1946F209640E1E5690363F1F7983E92D582C609A65653B72FCDC3E6D501EC9.native.txt,251AF8E26655E1977B694F740101025390B98BAD88801EE1BE9B2F50762ED00A
1F26D49FBA99019EB261823E6F5BD97006F5CBD3D0514AC5C4FF96E5829586B7,TextAsset,C:\Users\omard\source\repos\RecepcionDocumental\RecepcionDocumental\tools\DocumentAiProbe\experiments\H1D10A\text\1F26D49FBA99019EB261823E6F5BD97006F5CBD3D0514AC5C4FF96E5829586B7.native.txt,268528E8F7BB4CAD17057C466AD104C1389589E870A81237C829858657C183A0
1F6AC3D4A076A3746C99EA3109F93F259DDDBC66C2931E9D962C8C9754218CDE,TextAsset,C:\Users\omard\source\repos\RecepcionDocumental\RecepcionDocumental\tools\DocumentAiProbe\experiments\H1D10A\text\1F6AC3D4A076A3746C99EA3109F93F259DDDBC66C2931E9D962C8C9754218CDE.ocr.txt,E2F37EC60A9B60101DE8BB6AB53376CB88B3E9AFF1C4C3723BE1D924A1291273
1F9DD0B2BF3B5C5D6D46D3091174ECB7FD8813A730E6E775358AF0ABAC13456B,TextAsset,C:\Users\omard\source\repos\RecepcionDocumental\RecepcionDocumental\tools\DocumentAiProbe\experiments\H1D10A\text\1F9DD0B2BF3B5C5D6D46D3091174ECB7FD8813A730E6E775358AF0ABAC13456B.native.txt,B2F4E29C86716C8C9150E2C83849BBB0F13DCCFB4609B13B5A7B118BE694D246
1FE1C412FCEAF64499CE4682FF2DFE2D89E4498F769BBC23E00DD78C77C3CE3E,TextAsset,C:\Users\omard\source\repos\RecepcionDocumental\RecepcionDocumental\tools\DocumentAiProbe\experiments\H1D10A\text\1FE1C412FCEAF64499CE4682FF2DFE2D89E4498F769BBC23E00DD78C77C3CE3E.native.txt,06527DA8BE2A376D1E412454B83DE566DCE454115CB0DC74B9FFC428CEA6AA54
2076838F1D52111FD6BC4EE423E4CCB3B132F44875254A486F179702AC11CD3E,TextAsset,C:\Users\omard\source\repos\RecepcionDocumental\RecepcionDocumental\tools\DocumentAiProbe\experiments\H1D10A\text\2076838F1D52111FD6BC4EE423E4CCB3B132F44875254A486F179702AC11CD3E.native.txt,93E9150E675E7934527C4F60A4F91987D224737800E59B606B11CE7705C69A3A
20B544DC3592067EB9B4670C527A8CDE245286CCF376D0F414A46958E219053D,TextAsset,C:\Users\omard\source\repos\RecepcionDocumental\RecepcionDocumental\tools\DocumentAiProbe\experiments\H1D10A\text\20B544DC3592067EB9B4670C527A8CDE245286CCF376D0F414A46958E219053D.native.txt,21DE8E9F1E69CAF9F7C36C571495E4BEC3A7DBE2D9FFF36EEF2F8CA0E8A4C215
20D924F11A7120C5C466FDED4D019730E992897515BED072CD42CC1827E38DB9,TextAsset,C:\Users\omard\source\repos\RecepcionDocumental\RecepcionDocumental\tools\DocumentAiProbe\experiments\H1D10A\text\20D924F11A7120C5C466FDED4D019730E992897515BED072CD42CC1827E38DB9.native.txt,60D7D58EF118B96D47217D73379C142DBD9E657B6439BE4ED1D31C1A0EF784F6
214391B212DE575A749E2CE564AB831866F3B4E810B804B112AFFECC4A0DC0C5,TextAsset,C:\Users\omard\source\repos\RecepcionDocumental\RecepcionDocumental\tools\DocumentAiProbe\experiments\H1D10A\text\214391B212DE575A749E2CE564AB831866F3B4E810B804B112AFFECC4A0DC0C5.ocr.txt,4ACA2DB52F9F52F6C885A6466DED017F260036A66453624A7023784D8D4DF18D
2177FA907AE027A8214549A497D8B20FAC11F03378434E82243735B41CDCCF90,TextAsset,C:\Users\omard\source\repos\RecepcionDocumental\RecepcionDocumental\tools\DocumentAiProbe\experiments\H1D10A\text\2177FA907AE027A8214549A497D8B20FAC11F03378434E82243735B41CDCCF90.native.txt,1BCC649A48D1260402D40F56342F4E085A6A12AC0DD98B87AA434ABAF449BED1
22A220E82D281BC035328305906BE657A8888917D0B30AA6CC8D5267677D4064,TextAsset,C:\Users\omard\source\repos\RecepcionDocumental\RecepcionDocumental\tools\DocumentAiProbe\experiments\H1D10A\text\22A220E82D281BC035328305906BE657A8888917D0B30AA6CC8D5267677D4064.native.txt,383256B6D959B4B1165CDD78CCDC891525CD001D34225708F18C43DBA0DD7688
22CB6FF71816972CE79D5B68D3DC2942FDBF27DB62CE09AC084F2A738A184F21,TextAsset,C:\Users\omard\source\repos\RecepcionDocumental\RecepcionDocumental\tools\DocumentAiProbe\experiments\H1D10A\text\22CB6FF71816972CE79D5B68D3DC2942FDBF27DB62CE09AC084F2A738A184F21.native.txt,831AB5362372115F8E1AD289200FED0D4DB74F1C8BFBC7548EACB0C34DBA74A5
238450449FF81A482559F1E03EE384FAD00D8AF468625EFC43ED56456068CAD0,TextAsset,C:\Users\omard\source\repos\RecepcionDocumental\RecepcionDocumental\tools\DocumentAiProbe\experiments\H1D10A\text\238450449FF81A482559F1E03EE384FAD00D8AF468625EFC43ED56456068CAD0.native.txt,588206A18AA7677F52981AD75EA49ACB5B6E7C9A19EED3096B616DACA01ECFF4
239BC30DB9260C6A5A365B595D11D3D601BD2A7FDDBFBBC6942F5C5B8DD2C39D,TextAsset,C:\Users\omard\source\repos\RecepcionDocumental\RecepcionDocumental\tools\DocumentAiProbe\experiments\H1D10A\text\239BC30DB9260C6A5A365B595D11D3D601BD2A7FDDBFBBC6942F5C5B8DD2C39D.native.txt,A98A9D48E87E41E39ED2180CB1C21AB42100AA43246F6D32FCA077C78EC8A862
23A963A9C0C71A93525846B4B4493D7A791A1657AC0334B2893A1CCF8B7F3E95,TextAsset,C:\Users\omard\source\repos\RecepcionDocumental\RecepcionDocumental\tools\DocumentAiProbe\experiments\H1D10A\text\23A963A9C0C71A93525846B4B4493D7A791A1657AC0334B2893A1CCF8B7F3E95.native.txt,0DAC4DCD977934D81B7FF3E3A8F10DBC2977AF7BF30AB787064FD92AA788458B
23AD11468F884AC31C8DE408789102DEF544877629136636911F54124071DBD5,TextAsset,C:\Users\omard\source\repos\RecepcionDocumental\RecepcionDocumental\tools\DocumentAiProbe\experiments\H1D10A\text\23AD11468F884AC31C8DE408789102DEF544877629136636911F54124071DBD5.native.txt,A7E3657D380E5DAC5721BB9BF01077ACC2D978CAF1F641917F903E9D93CB439C
2476686913A22085E08C9FB772282309D0E57FD54559BC40585D6AF7A80CC8C8,TextAsset,C:\Users\omard\source\repos\RecepcionDocumental\RecepcionDocumental\tools\DocumentAiProbe\experiments\H1D10A\text\2476686913A22085E08C9FB772282309D0E57FD54559BC40585D6AF7A80CC8C8.native.txt,6755B1CC4701C69DA7CF7FA17A4712359D3D9932BD2B49A5570BE0D1C3FA3977
24B614F76779C4A03DA9946CB4E8F4441AB7725A1EC6F55EB084F63D939D16B9,TextAsset,C:\Users\omard\source\repos\RecepcionDocumental\RecepcionDocumental\tools\DocumentAiProbe\experiments\H1D10A\text\24B614F76779C4A03DA9946CB4E8F4441AB7725A1EC6F55EB084F63D939D16B9.native.txt,5CD26FBBFC002F6402886900260319BF6B1D5DEB2C3F0EE43225CF27028F171D
250783E7B15BD80101AE6C9F5F499FCEB36B13995BB35C483708DC3695A38473,TextAsset,C:\Users\omard\source\repos\RecepcionDocumental\RecepcionDocumental\tools\DocumentAiProbe\experiments\H1D10A\text\250783E7B15BD80101AE6C9F5F499FCEB36B13995BB35C483708DC3695A38473.ocr.txt,FFEE8AEAB978B7DA250587F3C962616E8EDF063991B1A2BCE5FBF63E1F947406
2508167B50A8E8901EF02FDAC3D11A80EB57A7D000A33B38FE2A22B3B0A13425,TextAsset,C:\Users\omard\source\repos\RecepcionDocumental\RecepcionDocumental\tools\DocumentAiProbe\experiments\H1D10A\text\2508167B50A8E8901EF02FDAC3D11A80EB57A7D000A33B38FE2A22B3B0A13425.ocr.txt,05EB827E63EE571F8662A934EFAB63B353110F7FD98526FD5217C1B18A0ABA7C
253B922E743ED3799598D68A259FB420DFA7F0351B17785DDCF693005E0B9D55,TextAsset,C:\Users\omard\source\repos\RecepcionDocumental\RecepcionDocumental\tools\DocumentAiProbe\experiments\H1D10A\text\253B922E743ED3799598D68A259FB420DFA7F0351B17785DDCF693005E0B9D55.native.txt,EF16C90F685193DB2D5C9C8A31674A3FDD0D4E9225EFFFA32A65F4BBE3C92F1C
254FC2460ED4167A5679EAC17131CAD1AF9BCDD5DF57735EB1B77EC144249C0F,TextAsset,C:\Users\omard\source\repos\RecepcionDocumental\RecepcionDocumental\tools\DocumentAiProbe\experiments\H1D10A\text\254FC2460ED4167A5679EAC17131CAD1AF9BCDD5DF57735EB1B77EC144249C0F.ocr.txt,0BE15F3FD7866CC46B2A4FC68E87583EFE8194081A4088CE3708B71B53DE8AD6
2561CB08DF5796D2821965653E2B99FDC224AA0A34497D57DB56B176A047078E,TextAsset,C:\Users\omard\source\repos\RecepcionDocumental\RecepcionDocumental\tools\DocumentAiProbe\experiments\H1D10A\text\2561CB08DF5796D2821965653E2B99FDC224AA0A34497D57DB56B176A047078E.ocr.txt,E287136F5C78FE3C6439E3599ED72F955DD766CBD6A870B8737F43BB69A88FDB
25A510BA5B19D5DD96CE010E2B5FCD59436F3900B8D3225A921DD84D70C0AF9F,TextAsset,C:\Users\omard\source\repos\RecepcionDocumental\RecepcionDocumental\tools\DocumentAiProbe\experiments\H1D10A\text\25A510BA5B19D5DD96CE010E2B5FCD59436F3900B8D3225A921DD84D70C0AF9F.native.txt,147F875D3061FAACE64CF3C830D523A8518CD728D5634A004732A98AA51532D5
269759132FB55D567FEEA3FF49AB869F3C2551A726DD615F70808EDF43CE48CE,TextAsset,C:\Users\omard\source\repos\RecepcionDocumental\RecepcionDocumental\tools\DocumentAiProbe\experiments\H1D10A\text\269759132FB55D567FEEA3FF49AB869F3C2551A726DD615F70808EDF43CE48CE.native.txt,AE93823E309E8124BBCF2A340C4ECB5648B42B207EA5A05776FF959631FD3491
271BB1B094E0EB4AEA101752E7C07265ABB906ADD707394EB6D66A12B8173D8B,TextAsset,C:\Users\omard\source\repos\RecepcionDocumental\RecepcionDocumental\tools\DocumentAiProbe\experiments\H1D10A\text\271BB1B094E0EB4AEA101752E7C07265ABB906ADD707394EB6D66A12B8173D8B.native.txt,22D28D8CFE1742A932E3C701C4E84C7556EBC8088FB6DF13ABFBE1F496D90E8D
2754D3559341F815081980BDD192EED779630BB6B233314D17B4863113891EF0,TextAsset,C:\Users\omard\source\repos\RecepcionDocumental\RecepcionDocumental\tools\DocumentAiProbe\experiments\H1D10A\text\2754D3559341F815081980BDD192EED779630BB6B233314D17B4863113891EF0.native.txt,91B7DE6B5B0358285683070A4486F08F39372D1CDDC2DBFD357AE4F4442D2BBE
279DCD8A49C9A1869C6D483B37F0F7E4037A4ED69D6B7A74ABD491D56752CFA4,TextAsset,C:\Users\omard\source\repos\RecepcionDocumental\RecepcionDocumental\tools\DocumentAiProbe\experiments\H1D10A\text\279DCD8A49C9A1869C6D483B37F0F7E4037A4ED69D6B7A74ABD491D56752CFA4.native.txt,34DF78DDCAA6451A9BC38FD26FEC5260F78690A495B94F4591BA2F50B39F895B
27BB3486888A0FD9EB49AB34CCAD8DC64D9DBA4526BE1905FC3E4033AB10E4EA,TextAsset,C:\Users\omard\source\repos\RecepcionDocumental\RecepcionDocumental\tools\DocumentAiProbe\experiments\H1D10A\text\27BB3486888A0FD9EB49AB34CCAD8DC64D9DBA4526BE1905FC3E4033AB10E4EA.native.txt,826C0010B64AA98B59CF7D32244EC5F0510F8845EDA1F2615709E22C9CC2415B
28BA3F371A86FDED8763BF4E936F400EC37718092458DDE04349F730074A8041,TextAsset,C:\Users\omard\source\repos\RecepcionDocumental\RecepcionDocumental\tools\DocumentAiProbe\experiments\H1D10A\text\28BA3F371A86FDED8763BF4E936F400EC37718092458DDE04349F730074A8041.native.txt,EDE426187EB6C29F9ACF3E5B35CDD8635668DAE6D6AD5AEA9559807144B4F3B1
28E051A5FFC30CD108C62532DB3BB625AE2F92006A000BC861F3BB2C56D67E99,TextAsset,C:\Users\omard\source\repos\RecepcionDocumental\RecepcionDocumental\tools\DocumentAiProbe\experiments\H1D10A\text\28E051A5FFC30CD108C62532DB3BB625AE2F92006A000BC861F3BB2C56D67E99.native.txt,DEE1A5E69830CA4339DA315074A32F6AC4039CC0551C77C77ABA85258F68747A
28E57B85A23B5F3B189376E78081BE8CE4406AE462E2B485E933D79370388A59,TextAsset,C:\Users\omard\source\repos\RecepcionDocumental\RecepcionDocumental\tools\DocumentAiProbe\experiments\H1D10A\text\28E57B85A23B5F3B189376E78081BE8CE4406AE462E2B485E933D79370388A59.native.txt,432B5C6FF3DEFABFA81E54D387FC822C8D4F98DB2D0B5BEA2A7E5657BEC3C960
291D53881AC4D3DB4444FEAB3EEA3F5E6E143D9ABC61352ACD5952CE33E4D9A1,TextAsset,C:\Users\omard\source\repos\RecepcionDocumental\RecepcionDocumental\tools\DocumentAiProbe\experiments\H1D10A\text\291D53881AC4D3DB4444FEAB3EEA3F5E6E143D9ABC61352ACD5952CE33E4D9A1.native.txt,B03E0BF2E13524114A67D7EDD93D8792158F8C1E213758C7E21B334A09A33F6B
299F8923F29027FBA851E54F1DFD39185F0BAB9650CE0FD8382F85428314E810,TextAsset,C:\Users\omard\source\repos\RecepcionDocumental\RecepcionDocumental\tools\DocumentAiProbe\experiments\H1D10A\text\299F8923F29027FBA851E54F1DFD39185F0BAB9650CE0FD8382F85428314E810.ocr.txt,E9EDEC1E46FDDFAF07169B7B6FF0DA3F2A712514042C0C97BFDE520E933B4B2A
2A6375B320A9C38DCD845B42991BE997C5564DA8CE362D2050A0204D00CC609F,TextAsset,C:\Users\omard\source\repos\RecepcionDocumental\RecepcionDocumental\tools\DocumentAiProbe\experiments\H1D10A\text\2A6375B320A9C38DCD845B42991BE997C5564DA8CE362D2050A0204D00CC609F.native.txt,204C9413AF6E83A402D50ABB6E416349330183037BB8EE7F1211BE8DD69F564A
2A7AB31F4AD69F64910E3CEEE8C65743B22D669A790ABFCAF491E8BAAAE9C4B7,TextAsset,C:\Users\omard\source\repos\RecepcionDocumental\RecepcionDocumental\tools\DocumentAiProbe\experiments\H1D10A\text\2A7AB31F4AD69F64910E3CEEE8C65743B22D669A790ABFCAF491E8BAAAE9C4B7.native.txt,37E001184DFE9CC545453F9B4E6D6C9469D5435BA0441E759929158E899A5C07
2B7ED7004CB4A5A4A65923E06D0D449A472E6A175B3B37DB857A5CD2766924EC,TextAsset,C:\Users\omard\source\repos\RecepcionDocumental\RecepcionDocumental\tools\DocumentAiProbe\experiments\H1D10A\text\2B7ED7004CB4A5A4A65923E06D0D449A472E6A175B3B37DB857A5CD2766924EC.native.txt,22A55D82BFBDC21AD32780F8006488145483987A6777C2F276779E3B5751ED40
2D2A5FAA85CA3ED0E930858626211A8596B2126AFB0B4A0708C7385B151ACC00,TextAsset,C:\Users\omard\source\repos\RecepcionDocumental\RecepcionDocumental\tools\DocumentAiProbe\experiments\H1D10A\text\2D2A5FAA85CA3ED0E930858626211A8596B2126AFB0B4A0708C7385B151ACC00.ocr.txt,15C84FC6D6CD87CF73C8D14036C50BF0456DC862CF01ED9C06370DDE95DF30EA
2D3CA66653E428CB7712750CDEB2634051699DBE2C42DF4A7C287D7ABAEB934B,TextAsset,C:\Users\omard\source\repos\RecepcionDocumental\RecepcionDocumental\tools\DocumentAiProbe\experiments\H1D10A\text\2D3CA66653E428CB7712750CDEB2634051699DBE2C42DF4A7C287D7ABAEB934B.native.txt,541DC7ADC8ED742654B0CB0CD44D1F115010416D6FD17D84F1018ECB7F7CD254
2D7A4A576822AA27FDA36C58AA8393A5A69BA09584A74A72FAEDD0C9A4EC76CF,TextAsset,C:\Users\omard\source\repos\RecepcionDocumental\RecepcionDocumental\tools\DocumentAiProbe\experiments\H1D10A\text\2D7A4A576822AA27FDA36C58AA8393A5A69BA09584A74A72FAEDD0C9A4EC76CF.native.txt,715D4D0401BBC6CC0B478DD97E2E86095BA90A93B25BFA093EDB2531DBF66A67
2DA1E505AF015145856EA6546519A252A9DF63F88A31E7C1476053E2A7B0642B,TextAsset,C:\Users\omard\source\repos\RecepcionDocumental\RecepcionDocumental\tools\DocumentAiProbe\experiments\H1D10A\text\2DA1E505AF015145856EA6546519A252A9DF63F88A31E7C1476053E2A7B0642B.ocr.txt,E060B907B35B08D099B2F09A3EA368C36DDDF148C405A6A5EF0989607E3350DF
2E0C576CBF8D0EBF70A3813880AC9DEF66AC12E0889212F086C21B704453886A,TextAsset,C:\Users\omard\source\repos\RecepcionDocumental\RecepcionDocumental\tools\DocumentAiProbe\experiments\H1D10A\text\2E0C576CBF8D0EBF70A3813880AC9DEF66AC12E0889212F086C21B704453886A.native.txt,8D784DBE644FC189E52835C1D28CF8553989C29081AE4F9E73B22A3A99C2C922
2E2B3AD5EB47C2465B9744FD5BBD9A54EDD69C73A92CD41C577D441D650D8E03,TextAsset,C:\Users\omard\source\repos\RecepcionDocumental\RecepcionDocumental\tools\DocumentAiProbe\experiments\H1D10A\text\2E2B3AD5EB47C2465B9744FD5BBD9A54EDD69C73A92CD41C577D441D650D8E03.native.txt,06C07B1C6FCCC97193D01C8FD170D81A389DFBA9A4AD386A533C762D9BB18FC9
2E81DF80CEEBF07F54D70CA7DD706A79558744B1AE9141BC3746DB971A9E002C,TextAsset,C:\Users\omard\source\repos\RecepcionDocumental\RecepcionDocumental\tools\DocumentAiProbe\experiments\H1D10A\text\2E81DF80CEEBF07F54D70CA7DD706A79558744B1AE9141BC3746DB971A9E002C.native.txt,F46C126DE7AC6A5796CC87AB222524983520B519FBB244EA2B1DFEB4B92948A6
2F1E945B42EFC9DC4B0237EC0B8D8458B94BC0DE5AC9FBBEF393B78058EFB654,TextAsset,C:\Users\omard\source\repos\RecepcionDocumental\RecepcionDocumental\tools\DocumentAiProbe\experiments\H1D10A\text\2F1E945B42EFC9DC4B0237EC0B8D8458B94BC0DE5AC9FBBEF393B78058EFB654.native.txt,A0590D943910F13A29A0397A327603F9D1CA6E695A549E4981E388A4C9633BF5
2F5F1CA52F0DED94FE75437F025BC3FCFAAB65071326D28E30FC1CD6E3E39020,TextAsset,C:\Users\omard\source\repos\RecepcionDocumental\RecepcionDocumental\tools\DocumentAiProbe\experiments\H1D10A\text\2F5F1CA52F0DED94FE75437F025BC3FCFAAB65071326D28E30FC1CD6E3E39020.native.txt,F2EB681866FB89EB7F513B699559DE7759CFCD94C964823820CCDF6F1EA3387D
2F70A9005F76072CD8540C75A1E3F9FC5D58D245CAFE99AF4D33F7080F5CCE60,TextAsset,C:\Users\omard\source\repos\RecepcionDocumental\RecepcionDocumental\tools\DocumentAiProbe\experiments\H1D10A\text\2F70A9005F76072CD8540C75A1E3F9FC5D58D245CAFE99AF4D33F7080F5CCE60.native.txt,AB1B174AF12E06FF136FE20BCDA824FBA4601C53DFEEFD5BC9C85A86C5083690
2FF2E066C974DC58D1F1E6778660C08F00D4A488FBF067E0C9C7B7FF7B694FD9,TextAsset,C:\Users\omard\source\repos\RecepcionDocumental\RecepcionDocumental\tools\DocumentAiProbe\experiments\H1D10A\text\2FF2E066C974DC58D1F1E6778660C08F00D4A488FBF067E0C9C7B7FF7B694FD9.native.txt,5BD112F0A29CB8AF1022A51B6D41D211910B0148AFDA4718B8B9081EB205C3BA
303D69CF7F61B95FC915238D4DF8D38A3C2F382602627C8775A5A09059B13F7B,TextAsset,C:\Users\omard\source\repos\RecepcionDocumental\RecepcionDocumental\tools\DocumentAiProbe\experiments\H1D10A\text\303D69CF7F61B95FC915238D4DF8D38A3C2F382602627C8775A5A09059B13F7B.native.txt,144272DEFD6350920AADEAFD63A701F4E63BCACCEDED6F8C152ED4FC2F1F83DF
305701EAFC1ABE518E8AC8F499B310B2F0C4795D3071FFFF8BBA29C6C0B7266E,TextAsset,C:\Users\omard\source\repos\RecepcionDocumental\RecepcionDocumental\tools\DocumentAiProbe\experiments\H1D10A\text\305701EAFC1ABE518E8AC8F499B310B2F0C4795D3071FFFF8BBA29C6C0B7266E.native.txt,F2F8B74D388F91B471CE1811FB7478CAAB6E9D3923266BDDD873B54D50F55943
3058856E18A76B70EBBFDB5E07AFA0ACB08EFF7939F382674A14B71FF8238DF3,TextAsset,C:\Users\omard\source\repos\RecepcionDocumental\RecepcionDocumental\tools\DocumentAiProbe\experiments\H1D10A\text\3058856E18A76B70EBBFDB5E07AFA0ACB08EFF7939F382674A14B71FF8238DF3.native.txt,636AF316E1B7A4C5EB384513A94C2112897FCDB2A59AED7654E3ABB8D0A1F043
30D2CCEC7717BB6C118C173F0CE11BE7DE2CBB369AC5EE047190A9C100F70BDE,TextAsset,C:\Users\omard\source\repos\RecepcionDocumental\RecepcionDocumental\tools\DocumentAiProbe\experiments\H1D10A\text\30D2CCEC7717BB6C118C173F0CE11BE7DE2CBB369AC5EE047190A9C100F70BDE.ocr.txt,23E1D86390B1048E960AF1D04B03D5A2E44465F52FEF216E2FE9F999CD3ADE40
31328D4E2153E46FAAAE9641222277DAE1F13947AF9A092B4BB7755FBBB9A801,TextAsset,C:\Users\omard\source\repos\RecepcionDocumental\RecepcionDocumental\tools\DocumentAiProbe\experiments\H1D10A\text\31328D4E2153E46FAAAE9641222277DAE1F13947AF9A092B4BB7755FBBB9A801.native.txt,60E90F47B963FB6100CEA484E1ECA8AD01E1CF37B7212B51623DE95446452102
31F3BA80D44EAF5B3BB8A88176C9358058CBC652C08C687F5B5F7D5B9649E460,TextAsset,C:\Users\omard\source\repos\RecepcionDocumental\RecepcionDocumental\tools\DocumentAiProbe\experiments\H1D10A\text\31F3BA80D44EAF5B3BB8A88176C9358058CBC652C08C687F5B5F7D5B9649E460.native.txt,F4745C4C074F77EEB493F361B7EC4DE6F44C05CA0FF95BD4A257D5C0A6D7EE45
3232DDF4B4915E9F40D395AC61F63126227AC9225AA9518E6A476E614D19884E,TextAsset,C:\Users\omard\source\repos\RecepcionDocumental\RecepcionDocumental\tools\DocumentAiProbe\experiments\H1D10A\text\3232DDF4B4915E9F40D395AC61F63126227AC9225AA9518E6A476E614D19884E.native.txt,BA88F0823C2ACE61D8C9D70A7FAED4900F1EF8AB9FDC77C786C7DA26985EDCCC
32E8B48195B841B268A109CF781BAB6898A259ED433D0D655D092E1C2B5A8EE9,TextAsset,C:\Users\omard\source\repos\RecepcionDocumental\RecepcionDocumental\tools\DocumentAiProbe\experiments\H1D10A\text\32E8B48195B841B268A109CF781BAB6898A259ED433D0D655D092E1C2B5A8EE9.native.txt,BE5E7E124233051DC0F5CE29F70D974F1D0EDF0F3638D05DBA22DC879DEAF77C
332FFB1D90DB17A2646977121AD6D87B112993E79461108025126C4935CE72B7,TextAsset,C:\Users\omard\source\repos\RecepcionDocumental\RecepcionDocumental\tools\DocumentAiProbe\experiments\H1D10A\text\332FFB1D90DB17A2646977121AD6D87B112993E79461108025126C4935CE72B7.native.txt,097DC8500CF20DBBD7C0C3F3D3C019919A47638483649789CF69860F69303366
3386DE12204913FB9BF2712AFA8F18E749DBCB774830853DC5DEDAD17C572581,TextAsset,C:\Users\omard\source\repos\RecepcionDocumental\RecepcionDocumental\tools\DocumentAiProbe\experiments\H1D10A\text\3386DE12204913FB9BF2712AFA8F18E749DBCB774830853DC5DEDAD17C572581.native.txt,9F968E91F380C2F52020B0D18C480CD70A59768DADBC3BD58CB57B41DFFEDFAA
338E5A66A292959A04447C0ECAC2E67A3C559D26B091E83BA091B09EB0A9A5DD,TextAsset,C:\Users\omard\source\repos\RecepcionDocumental\RecepcionDocumental\tools\DocumentAiProbe\experiments\H1D10A\text\338E5A66A292959A04447C0ECAC2E67A3C559D26B091E83BA091B09EB0A9A5DD.native.txt,A16AE4B2A7145A83901FFEA7AD82F5A9ED82AFA4126051071290E4AAAFCA7431
3494E27BFA6FF4EC7A1E28005D4F49419F2BA970B9D285C76FAD740EA341BF38,TextAsset,C:\Users\omard\source\repos\RecepcionDocumental\RecepcionDocumental\tools\DocumentAiProbe\experiments\H1D10A\text\3494E27BFA6FF4EC7A1E28005D4F49419F2BA970B9D285C76FAD740EA341BF38.ocr.txt,99B1758674993E0FA5A62FF9002EFE09733D9C6C43A9973647640335807886E2
34EA03414CBB06206D7244C5291C0498F00B9631B15ED002F203E973BDFD8A2C,TextAsset,C:\Users\omard\source\repos\RecepcionDocumental\RecepcionDocumental\tools\DocumentAiProbe\experiments\H1D10A\text\34EA03414CBB06206D7244C5291C0498F00B9631B15ED002F203E973BDFD8A2C.native.txt,95C626B8C23AB589ED789C5C2779DBC804747B3AC6D845DA70D47439EC114355
34FD397015B7DCB9CE1111F8F24E1C76439E879CD7631F90AEB8F94B17559EB0,TextAsset,C:\Users\omard\source\repos\RecepcionDocumental\RecepcionDocumental\tools\DocumentAiProbe\experiments\H1D10A\text\34FD397015B7DCB9CE1111F8F24E1C76439E879CD7631F90AEB8F94B17559EB0.native.txt,5938723144573F2D6960E17FF6EA3801BEBA6519B945A4101D365A044053C5E3
35036B91118820402A43C5A7AF8FEDD19F3EE0B4F5CD092F6045A38564329AA7,TextAsset,C:\Users\omard\source\repos\RecepcionDocumental\RecepcionDocumental\tools\DocumentAiProbe\experiments\H1D10A\text\35036B91118820402A43C5A7AF8FEDD19F3EE0B4F5CD092F6045A38564329AA7.native.txt,448DC61C4D00FF220290CB583899DBAD158C4A0A9D1968E5CE9C8ABE42C56FAF
3504BC9DB0D6985ADC2509C7561829CBDC4C3AEF3608271344B8AAA78193893A,TextAsset,C:\Users\omard\source\repos\RecepcionDocumental\RecepcionDocumental\tools\DocumentAiProbe\experiments\H1D10A\text\3504BC9DB0D6985ADC2509C7561829CBDC4C3AEF3608271344B8AAA78193893A.native.txt,FBA265D704860B0B4B968483D1FAE0F9DC7D427B1D30692BA68987C5827D596D
354C3F7045F79A2B3CDB2ADFC8EEA10521BBDFA984CFFDF6CE061D5EB8D6FFB4,TextAsset,C:\Users\omard\source\repos\RecepcionDocumental\RecepcionDocumental\tools\DocumentAiProbe\experiments\H1D10A\text\354C3F7045F79A2B3CDB2ADFC8EEA10521BBDFA984CFFDF6CE061D5EB8D6FFB4.native.txt,5D6958EFE6C1D64A779F547BAF3037CB1A1B0C8A04CCE134F33A11590EE896DE
3571618E89D8244D63E9E65FA5791D0A9573533F30212F6DACF24AF3CC754B5E,TextAsset,C:\Users\omard\source\repos\RecepcionDocumental\RecepcionDocumental\tools\DocumentAiProbe\experiments\H1D10A\text\3571618E89D8244D63E9E65FA5791D0A9573533F30212F6DACF24AF3CC754B5E.native.txt,A42F1D7F2D914900EE97846CED9E90A5821166F9A2020507954435D2C22BF5CF
35791498E9F8BC8414C7D451BEA7468B07D5413301CD1A31AE2C5382DE9A18FE,TextAsset,C:\Users\omard\source\repos\RecepcionDocumental\RecepcionDocumental\tools\DocumentAiProbe\experiments\H1D10A\text\35791498E9F8BC8414C7D451BEA7468B07D5413301CD1A31AE2C5382DE9A18FE.ocr.txt,591BEAFAF555267B3742676EF715C5896E83FBF44DF590AA462C5E6820D64070
35F2897AC3C00021506195C4264DAB3B4C81A4A8133253F774EE00E5F34ADDD3,TextAsset,C:\Users\omard\source\repos\RecepcionDocumental\RecepcionDocumental\tools\DocumentAiProbe\experiments\H1D10A\text\35F2897AC3C00021506195C4264DAB3B4C81A4A8133253F774EE00E5F34ADDD3.ocr.txt,EAB8432AE8261AE7E6C6F6EB37109DD965332F1A0C80947DBB95B029F3610D61
35FDB3CDA152A689D8A6EA7A3403B64E7433117F44A067238964E7099ADCF734,TextAsset,C:\Users\omard\source\repos\RecepcionDocumental\RecepcionDocumental\tools\DocumentAiProbe\experiments\H1D10A\text\35FDB3CDA152A689D8A6EA7A3403B64E7433117F44A067238964E7099ADCF734.ocr.txt,A310E1144F91AFD5179FE6A24AC6AE3DFD3D2662E29F2143EA5DCAA3AABE19ED
36429CA5B94D3DBDBD0C7003516E55976683623709FAB71AD14FDC8C09F0D0F4,TextAsset,C:\Users\omard\source\repos\RecepcionDocumental\RecepcionDocumental\tools\DocumentAiProbe\experiments\H1D10A\text\36429CA5B94D3DBDBD0C7003516E55976683623709FAB71AD14FDC8C09F0D0F4.native.txt,6C647F59D8E4A6643B99B1B7BAF3C817571DF54986A0433693AE9BBE343A36D9
38017A0408F844F062D501E3C21D06497DA65971B8F2693A17A110684DF5685C,TextAsset,C:\Users\omard\source\repos\RecepcionDocumental\RecepcionDocumental\tools\DocumentAiProbe\experiments\H1D10A\text\38017A0408F844F062D501E3C21D06497DA65971B8F2693A17A110684DF5685C.native.txt,7DA7220E513794AE91E89C005EE33162C3BD4207A59D272A0CAB9AA7B9036A29
392469EBD7523DB65CBFA2FE469EAEB0FECFB49131ADCC83159E169A4DCC3F50,TextAsset,C:\Users\omard\source\repos\RecepcionDocumental\RecepcionDocumental\tools\DocumentAiProbe\experiments\H1D10A\text\392469EBD7523DB65CBFA2FE469EAEB0FECFB49131ADCC83159E169A4DCC3F50.native.txt,58C270445B9173F7FC8CF00DDA949C6E0A3D91DE809B88C0CE19038018998B1A
395B8379677065319DAB4B5CEBFAE22376D9CB768938B0C481E59332B205C16F,TextAsset,C:\Users\omard\source\repos\RecepcionDocumental\RecepcionDocumental\tools\DocumentAiProbe\experiments\H1D10A\text\395B8379677065319DAB4B5CEBFAE22376D9CB768938B0C481E59332B205C16F.native.txt,D683C9A5BE364A11034CBB5F0C7CDE389F0CCC32962DBAC518F23A9C71276045
39923AD2ED799B35E3F8AA1399A3B752C18AD1665B48AE30286BF2435BE28587,TextAsset,C:\Users\omard\source\repos\RecepcionDocumental\RecepcionDocumental\tools\DocumentAiProbe\experiments\H1D10A\text\39923AD2ED799B35E3F8AA1399A3B752C18AD1665B48AE30286BF2435BE28587.native.txt,562F64BC5A9AA5603C4F0EB9390B132A93930C2A255E09BA42E7ED8DE0D649E4
39ACAC8085438EB269E25425B0C11230A2ECAF466A4A2D16FF1143DCB1CB8207,TextAsset,C:\Users\omard\source\repos\RecepcionDocumental\RecepcionDocumental\tools\DocumentAiProbe\experiments\H1D10A\text\39ACAC8085438EB269E25425B0C11230A2ECAF466A4A2D16FF1143DCB1CB8207.native.txt,3181BD11B56D44DE6E482D96846D7E4F86C1EFAFD229CC7A8F372397F49C8A5A
39D4DA7B831EF26756B162DD2D4AAFE5DD37D2EB11F9AFFB51F6E558BFB70FB0,TextAsset,C:\Users\omard\source\repos\RecepcionDocumental\RecepcionDocumental\tools\DocumentAiProbe\experiments\H1D10A\text\39D4DA7B831EF26756B162DD2D4AAFE5DD37D2EB11F9AFFB51F6E558BFB70FB0.ocr.txt,1451ADBEDEC0DFFA3C4537E15EA1906A03F15B26B8B2346CA0B204D247BB4E61
3A5D7B9BDFF059269E267778DD09F8B1D4B32743E551758513DE4D39E3B73265,TextAsset,C:\Users\omard\source\repos\RecepcionDocumental\RecepcionDocumental\tools\DocumentAiProbe\experiments\H1D10A\text\3A5D7B9BDFF059269E267778DD09F8B1D4B32743E551758513DE4D39E3B73265.native.txt,05870DDF928E6619636284840495BB46D6EA1BD8C237D24C82FC88A25A32BECF
3AAB092615DA76FF52FB2EE20B938CA0F8837110C60E9F3900DE41BBD989DD39,TextAsset,C:\Users\omard\source\repos\RecepcionDocumental\RecepcionDocumental\tools\DocumentAiProbe\experiments\H1D10A\text\3AAB092615DA76FF52FB2EE20B938CA0F8837110C60E9F3900DE41BBD989DD39.ocr.txt,2DA1E75A6FFDE70C36FBC54AE3B48944B4EB13E1C19F295009FE614715149695
3AC5366E65A4E1113E796139D09F4CFA0E3102DD6D170F523943C1836B200E77,TextAsset,C:\Users\omard\source\repos\RecepcionDocumental\RecepcionDocumental\tools\DocumentAiProbe\experiments\H1D10A\text\3AC5366E65A4E1113E796139D09F4CFA0E3102DD6D170F523943C1836B200E77.native.txt,3EA7567AFB162361BD21D6497BCA214302B0C53C4864E6416FF2A25B058F2A0E
3AE8EB7E4E38B0F90B57C05F0AC49109AFC0A9471F9277A696892D4BD491E2EF,TextAsset,C:\Users\omard\source\repos\RecepcionDocumental\RecepcionDocumental\tools\DocumentAiProbe\experiments\H1D10A\text\3AE8EB7E4E38B0F90B57C05F0AC49109AFC0A9471F9277A696892D4BD491E2EF.ocr.txt,A37A4A493D888E4C00173E4B9EDDE7D5C381482E8B0C8698A1C586040F87ED38
3AF3921E63B0A2C3534F37D086A256E0DB234544239E4CC0DBC187D6032CB85A,TextAsset,C:\Users\omard\source\repos\RecepcionDocumental\RecepcionDocumental\tools\DocumentAiProbe\experiments\H1D10A\text\3AF3921E63B0A2C3534F37D086A256E0DB234544239E4CC0DBC187D6032CB85A.native.txt,88397C7715005DAB825696163796DD4B4E9DE90FBF91614F29470A5A7553DC60
3B394E621E927A5D336A282E41A7695E344AC81CD76DC7C6B82C5636FEFA5282,TextAsset,C:\Users\omard\source\repos\RecepcionDocumental\RecepcionDocumental\tools\DocumentAiProbe\experiments\H1D10A\text\3B394E621E927A5D336A282E41A7695E344AC81CD76DC7C6B82C5636FEFA5282.native.txt,36F67ECCDA7A692929B6D45D78B4D16307E0F8F57403303AD2156B7080DE81D9
3B58AAEBE704B77164E221693C2D296A4476F9D75BE9585F0A2643A003D476A6,TextAsset,C:\Users\omard\source\repos\RecepcionDocumental\RecepcionDocumental\tools\DocumentAiProbe\experiments\H1D10A\text\3B58AAEBE704B77164E221693C2D296A4476F9D75BE9585F0A2643A003D476A6.native.txt,AB2A02B243CDD4FECCFC2C6BFE9379DC4A22F2D18D04DFEAD0E4428915DB67EE
3C94257F7903975E81A85B51D28E34E5F606FD9A65B196B49A7E627B796A8ED2,TextAsset,C:\Users\omard\source\repos\RecepcionDocumental\RecepcionDocumental\tools\DocumentAiProbe\experiments\H1D10A\text\3C94257F7903975E81A85B51D28E34E5F606FD9A65B196B49A7E627B796A8ED2.native.txt,4EDF054C16206B62FF27E2D718D02D6DC45700B2105F70979D1C086C15556DCF
3CE2C0673FDD58DAC9A355EC5956718B440A5C9DA8B42AD5991DA2C234D43803,TextAsset,C:\Users\omard\source\repos\RecepcionDocumental\RecepcionDocumental\tools\DocumentAiProbe\experiments\H1D10A\text\3CE2C0673FDD58DAC9A355EC5956718B440A5C9DA8B42AD5991DA2C234D43803.native.txt,FAAD38992F218778CBDD279D95D404230BC9A6A54D66D15566F5768397C2D2CC
3E26FF29921BE0E949C64C6A91E7FE7891CC8DFC1578115057A26CA96F7EBD0D,TextAsset,C:\Users\omard\source\repos\RecepcionDocumental\RecepcionDocumental\tools\DocumentAiProbe\experiments\H1D10A\text\3E26FF29921BE0E949C64C6A91E7FE7891CC8DFC1578115057A26CA96F7EBD0D.native.txt,57F7E5F707E724F55A8F9E3E6F241986377B7AD4C15FBE02F00D65348FC84BC5
3F01BDD57CB2A4718AD7BFAFF3341CC63E7F054E2CCBE470B7B43AC6F3FE1A12,TextAsset,C:\Users\omard\source\repos\RecepcionDocumental\RecepcionDocumental\tools\DocumentAiProbe\experiments\H1D10A\text\3F01BDD57CB2A4718AD7BFAFF3341CC63E7F054E2CCBE470B7B43AC6F3FE1A12.ocr.txt,F51199A7C91DC4DB59C5C0AE83135F37BAA79456ACBB128D54140C02CDF28B2C
3F5F5DBC90453C5A84803CDEAB6B560255B52986DB837EF17718BF92FC61B994,TextAsset,C:\Users\omard\source\repos\RecepcionDocumental\RecepcionDocumental\tools\DocumentAiProbe\experiments\H1D10A\text\3F5F5DBC90453C5A84803CDEAB6B560255B52986DB837EF17718BF92FC61B994.ocr.txt,8EC625DF88E3B0115C9E4229B54C1B40E34FF07058D30C9EE138CA817D2282E9
3FD55DD2C1024C71DDF80F06B48AF4EB5A2F8FE059469E32B9EEC13C2C96E7B1,TextAsset,C:\Users\omard\source\repos\RecepcionDocumental\RecepcionDocumental\tools\DocumentAiProbe\experiments\H1D10A\text\3FD55DD2C1024C71DDF80F06B48AF4EB5A2F8FE059469E32B9EEC13C2C96E7B1.ocr.txt,1C5D25493050B131681ACAF51FD4DC52AE00961E8E2265B6956B650E20A094DE
40F8B0E88097C8C50C413B854686104427E1642BBC1D4063A25647E0B86ABC97,TextAsset,C:\Users\omard\source\repos\RecepcionDocumental\RecepcionDocumental\tools\DocumentAiProbe\experiments\H1D10A\text\40F8B0E88097C8C50C413B854686104427E1642BBC1D4063A25647E0B86ABC97.native.txt,81A5ADEF78CAAFFEE8CF52EE92006FBE84049A1D4422809553277D9F0FA84D50
41243EBAAC992E0FFDE0B76B2E7CEBF9A2E1C96BFC84AEF0F888498524C237D8,TextAsset,C:\Users\omard\source\repos\RecepcionDocumental\RecepcionDocumental\tools\DocumentAiProbe\experiments\H1D10A\text\41243EBAAC992E0FFDE0B76B2E7CEBF9A2E1C96BFC84AEF0F888498524C237D8.ocr.txt,BBAC5993DC445959F8D8EB86D2D5D9567EDF3A208E40481A875C531E6414814F
41909824D1AB0FBE74B93662CE79C82F6A0E2B9DC9ED0C3E9854890DF861A3BA,TextAsset,C:\Users\omard\source\repos\RecepcionDocumental\RecepcionDocumental\tools\DocumentAiProbe\experiments\H1D10A\text\41909824D1AB0FBE74B93662CE79C82F6A0E2B9DC9ED0C3E9854890DF861A3BA.native.txt,DADC5BB1EC81A0CF37D5136709A66F2603C39F32EC96A3B827ACF1197E48E6EA
41AEB96DBA1C14EFF3D08816B26277FCEC0EB92C66D95059DD65470E88A0A4D1,TextAsset,C:\Users\omard\source\repos\RecepcionDocumental\RecepcionDocumental\tools\DocumentAiProbe\experiments\H1D10A\text\41AEB96DBA1C14EFF3D08816B26277FCEC0EB92C66D95059DD65470E88A0A4D1.ocr.txt,60576CF7E98467237F9119DD7977F9A602DEC05061345301F682D016FDE90F79
41EE1283CB1D4D029BC3E99EB43EF53E2CB045CF0457F2AEEBE981C7662BC3DB,TextAsset,C:\Users\omard\source\repos\RecepcionDocumental\RecepcionDocumental\tools\DocumentAiProbe\experiments\H1D10A\text\41EE1283CB1D4D029BC3E99EB43EF53E2CB045CF0457F2AEEBE981C7662BC3DB.native.txt,1F74D84A3893856E2928D71AD583182DFAE3E3295DD137C4EB538993A03F635A
4331677C50533FF143E83D223EC0FD2B1053D3A9F3AA530DD1050B24A0C86D82,TextAsset,C:\Users\omard\source\repos\RecepcionDocumental\RecepcionDocumental\tools\DocumentAiProbe\experiments\H1D10A\text\4331677C50533FF143E83D223EC0FD2B1053D3A9F3AA530DD1050B24A0C86D82.native.txt,379BE02AA3D04C54A8AEB8A84FA404B0A79A3174D3E8D684E291E1FA3F4590FB
43B0D7CEC8095B14EFAF767BAE3B13B1B021D4DFCA5B67941729F1646C56B231,TextAsset,C:\Users\omard\source\repos\RecepcionDocumental\RecepcionDocumental\tools\DocumentAiProbe\experiments\H1D10A\text\43B0D7CEC8095B14EFAF767BAE3B13B1B021D4DFCA5B67941729F1646C56B231.native.txt,E7072078A96FDCF1A80B52D8315343D033F20B70E98F27E6C4F09C44D8DC7248
44420C26D2C5A84C4691FE97D9DA110124E0E7BECA630F9B61F70AB46855DD8C,TextAsset,C:\Users\omard\source\repos\RecepcionDocumental\RecepcionDocumental\tools\DocumentAiProbe\experiments\H1D10A\text\44420C26D2C5A84C4691FE97D9DA110124E0E7BECA630F9B61F70AB46855DD8C.native.txt,2FEF7B65DC04FB3894E70CBF41CF9258441188319CDEED4F2DC862C35285C6DD
44D9E78779065F9F9E875CFBAC32B9059FC9EE29860F35DC5F0CCA8E73D4436C,TextAsset,C:\Users\omard\source\repos\RecepcionDocumental\RecepcionDocumental\tools\DocumentAiProbe\experiments\H1D10A\text\44D9E78779065F9F9E875CFBAC32B9059FC9EE29860F35DC5F0CCA8E73D4436C.ocr.txt,854DBB140CF228170CA812CF5E741EA4874B58DA5ACE14A600A601AFE5F60DE7
458790FF2AD5DB4FEB83228733FDC09CF5F18C6E641625E9563E807DAA6F1DF0,TextAsset,C:\Users\omard\source\repos\RecepcionDocumental\RecepcionDocumental\tools\DocumentAiProbe\experiments\H1D10A\text\458790FF2AD5DB4FEB83228733FDC09CF5F18C6E641625E9563E807DAA6F1DF0.native.txt,CAB674D1DBC674C8754AE2C5A511466E2949A7918F7467E1276DD0F3B38BFB1C
458E7FC3ABCF1C43FC4069A9F45E36DB1ED09317C6648F4C58F29BEB4B6DAFEC,TextAsset,C:\Users\omard\source\repos\RecepcionDocumental\RecepcionDocumental\tools\DocumentAiProbe\experiments\H1D10A\text\458E7FC3ABCF1C43FC4069A9F45E36DB1ED09317C6648F4C58F29BEB4B6DAFEC.ocr.txt,F3F8E9E1628F56D15C75D9A865082D24E23051D560609C72100A4FE019D2E542
45D4988123345CD8C4685E0739B35536C62D140299339630F78B4C0AF6E75ABF,TextAsset,C:\Users\omard\source\repos\RecepcionDocumental\RecepcionDocumental\tools\DocumentAiProbe\experiments\H1D10A\text\45D4988123345CD8C4685E0739B35536C62D140299339630F78B4C0AF6E75ABF.ocr.txt,3C4B74480E063027E5A0B8841D7EB2830265D8047F6C58EA688F6CDFEE41A919
45F5B247A5364DD64478D657C6C312B930AFC35DA0F4A3692FCA89ABFF12D923,TextAsset,C:\Users\omard\source\repos\RecepcionDocumental\RecepcionDocumental\tools\DocumentAiProbe\experiments\H1D10A\text\45F5B247A5364DD64478D657C6C312B930AFC35DA0F4A3692FCA89ABFF12D923.native.txt,DD4AB6527C97A01F81199EDEE2553CD7E32FBEED2CF277854A0E87188A26FF8A
46412C582EC68E60285EC0E79A140A0A20C9BCB1CEDB73F930B2F903E19A12CA,TextAsset,C:\Users\omard\source\repos\RecepcionDocumental\RecepcionDocumental\tools\DocumentAiProbe\experiments\H1D10A\text\46412C582EC68E60285EC0E79A140A0A20C9BCB1CEDB73F930B2F903E19A12CA.native.txt,92E8D7DBB8CAB0829E4E2FB7F555C6759F00A25B4DB78FF608F0664CF208BA41
46513DC8EF40B3D70818DC5BDF3F2718F2639EF4146157CD7372B6C941840A70,TextAsset,C:\Users\omard\source\repos\RecepcionDocumental\RecepcionDocumental\tools\DocumentAiProbe\experiments\H1D10A\text\46513DC8EF40B3D70818DC5BDF3F2718F2639EF4146157CD7372B6C941840A70.native.txt,8F2D99317CC8A58FBBEF6AC19107E6AC003B0AE3667C8F3237A404EF4A8048AF
476E2F9A7FC24B74F925F618ECB49C5F316806D9974C022BA3477795DA031501,TextAsset,C:\Users\omard\source\repos\RecepcionDocumental\RecepcionDocumental\tools\DocumentAiProbe\experiments\H1D10A\text\476E2F9A7FC24B74F925F618ECB49C5F316806D9974C022BA3477795DA031501.native.txt,B794AF3BD8488805300C04C4FB2536BF255D164A1B33596C6A722A24A5FCE846
47F349058901A6672857945C6D64DA7C5FA306A695E591409BD3F4BB6D2AB493,TextAsset,C:\Users\omard\source\repos\RecepcionDocumental\RecepcionDocumental\tools\DocumentAiProbe\experiments\H1D10A\text\47F349058901A6672857945C6D64DA7C5FA306A695E591409BD3F4BB6D2AB493.native.txt,5E59FD7883C13422414371717EBDD11E92C988C793E3AE09E85238466E582273
487D5E4E9B60C4A86E287EB9340E089D0B6158ED340D8E2EF0F26A96A7F18882,TextAsset,C:\Users\omard\source\repos\RecepcionDocumental\RecepcionDocumental\tools\DocumentAiProbe\experiments\H1D10A\text\487D5E4E9B60C4A86E287EB9340E089D0B6158ED340D8E2EF0F26A96A7F18882.ocr.txt,356ADBAFBDF9C40D3DFD9ED20DC81C2554ECAAF7BA23A6D4A70692D64439905C
4A009288CD8FFB6B74430BE0FB24722819A4F318C960B4988FFB158C7CE74EA8,TextAsset,C:\Users\omard\source\repos\RecepcionDocumental\RecepcionDocumental\tools\DocumentAiProbe\experiments\H1D10A\text\4A009288CD8FFB6B74430BE0FB24722819A4F318C960B4988FFB158C7CE74EA8.native.txt,E6A62474882D62D1013CC89D01E56FF7FC58C3EB74FFF605724663183CF85E94
4A0590BC6237913F4CED64245105B51A7CF2ABAB94E6753692FD646F3DB276D2,TextAsset,C:\Users\omard\source\repos\RecepcionDocumental\RecepcionDocumental\tools\DocumentAiProbe\experiments\H1D10A\text\4A0590BC6237913F4CED64245105B51A7CF2ABAB94E6753692FD646F3DB276D2.native.txt,A78976D147A07A6D10D448339D3726CEB4E3B15B14467FBE6260D106FCB2400F
4AB649EE8A29906DBF515F649DCDE8FDAED28B10F00DE0B9D36F0E944513ED2D,TextAsset,C:\Users\omard\source\repos\RecepcionDocumental\RecepcionDocumental\tools\DocumentAiProbe\experiments\H1D10A\text\4AB649EE8A29906DBF515F649DCDE8FDAED28B10F00DE0B9D36F0E944513ED2D.ocr.txt,EA3DA7262B4BBDBF318D2EBBA4CFFB750FA267D53A0125695BEF2758F0241A87
4C321C21F6889F727A0043604487D513727F48B309DAC56F0B8A2256234B049B,TextAsset,C:\Users\omard\source\repos\RecepcionDocumental\RecepcionDocumental\tools\DocumentAiProbe\experiments\H1D10A\text\4C321C21F6889F727A0043604487D513727F48B309DAC56F0B8A2256234B049B.native.txt,E48571493776216D00E7CE786AFB597404B33ECEE2963D6C7546CEA7070F6B72
4C411CF48623280119E0ED769E084B7CEBD8DCAB71779167D6010F853B29C0A7,TextAsset,C:\Users\omard\source\repos\RecepcionDocumental\RecepcionDocumental\tools\DocumentAiProbe\experiments\H1D10A\text\4C411CF48623280119E0ED769E084B7CEBD8DCAB71779167D6010F853B29C0A7.native.txt,2F87F4242E9EAE9FE5C0DF458B606880063AD631CFB9F4819832F85D906627DB
4CBE0DFB852CA508AE1D36F4C7770C1EBBB95E3769DA3A769885C04C4300AEC6,TextAsset,C:\Users\omard\source\repos\RecepcionDocumental\RecepcionDocumental\tools\DocumentAiProbe\experiments\H1D10A\text\4CBE0DFB852CA508AE1D36F4C7770C1EBBB95E3769DA3A769885C04C4300AEC6.ocr.txt,40C15B2E9E9C0F4877F7F13C5017690FD065A485A3C43D99A4AB2A1D021FB90F
4CC06F93E1B11422A960D8194230A57A953A907CB783557A88C25866C698A51E,TextAsset,C:\Users\omard\source\repos\RecepcionDocumental\RecepcionDocumental\tools\DocumentAiProbe\experiments\H1D10A\text\4CC06F93E1B11422A960D8194230A57A953A907CB783557A88C25866C698A51E.ocr.txt,D25D3B6C5EDE47029B05DB558176A999B55D3D02914EFA8160EA3E544C779470
4CFD7B823A43598446A87CE6919967010EA3D50D1E3E2E5C3BDE7A49D963BC79,TextAsset,C:\Users\omard\source\repos\RecepcionDocumental\RecepcionDocumental\tools\DocumentAiProbe\experiments\H1D10A\text\4CFD7B823A43598446A87CE6919967010EA3D50D1E3E2E5C3BDE7A49D963BC79.native.txt,A7FC200BA7809AB328F372B80DF9FD9D9FB3C4B0B987E1CA592294641B9ABE1B
4DE7E2A50CB83BC5CE43B657D5D7F3FF84FD8951D76309BBA21FC3D90B1B93E7,TextAsset,C:\Users\omard\source\repos\RecepcionDocumental\RecepcionDocumental\tools\DocumentAiProbe\experiments\H1D10A\text\4DE7E2A50CB83BC5CE43B657D5D7F3FF84FD8951D76309BBA21FC3D90B1B93E7.native.txt,EE9E0C5F1C6D4DBB0093B7C0D21CA25CA6F0DA96E5FA86C2C5763A843D85C439
4E0D8880FA2317B1B33E840BFA6C3266FEA612990B3E8899F353E9E83C8D5A22,TextAsset,C:\Users\omard\source\repos\RecepcionDocumental\RecepcionDocumental\tools\DocumentAiProbe\experiments\H1D10A\text\4E0D8880FA2317B1B33E840BFA6C3266FEA612990B3E8899F353E9E83C8D5A22.native.txt,C5797DA9FDC4A5CF0B3F3ABB11DC34426D09F08B1D337AC5A99A7BC6E5AC39E1
4E2C816FFF574B805516CE36CB360CBF81812915C3BC2B598B3032866342A4D0,TextAsset,C:\Users\omard\source\repos\RecepcionDocumental\RecepcionDocumental\tools\DocumentAiProbe\experiments\H1D10A\text\4E2C816FFF574B805516CE36CB360CBF81812915C3BC2B598B3032866342A4D0.native.txt,15468FE277287661C9EE98877B8F5706B5A70A21B5BC13C1582A941EAC577D98
4E9F15B4C33721C89298B000715112F6B568AC53394F7D5855B7B34947214EBF,TextAsset,C:\Users\omard\source\repos\RecepcionDocumental\RecepcionDocumental\tools\DocumentAiProbe\experiments\H1D10A\text\4E9F15B4C33721C89298B000715112F6B568AC53394F7D5855B7B34947214EBF.native.txt,98220B26C71995B15538A5C6BDD2DA016D79AEF1F4390F96BFDD88EE5457E70D
4F39462F761C9986054107B13330318BA14C99276BBFE1C27A5CC4443B4992C8,TextAsset,C:\Users\omard\source\repos\RecepcionDocumental\RecepcionDocumental\tools\DocumentAiProbe\experiments\H1D10A\text\4F39462F761C9986054107B13330318BA14C99276BBFE1C27A5CC4443B4992C8.native.txt,0B2182B51896EF29B53EB2013497CCF6556AEA5513AB128D462BA55CD03119D5
4F5674A155962270E0A47202B86D24C3113450BA84B5B05D77217E9D564EDB26,TextAsset,C:\Users\omard\source\repos\RecepcionDocumental\RecepcionDocumental\tools\DocumentAiProbe\experiments\H1D10A\text\4F5674A155962270E0A47202B86D24C3113450BA84B5B05D77217E9D564EDB26.ocr.txt,CF43F9F9FA0109F8F0F364F5BBE5B6294AC3D9C8808D2CC4815C0EBE724A2C29
4F62E8444D509E2CFE12025568E326EE4E114C92C0D564C1B034873B5CF1EEAE,TextAsset,C:\Users\omard\source\repos\RecepcionDocumental\RecepcionDocumental\tools\DocumentAiProbe\experiments\H1D10A\text\4F62E8444D509E2CFE12025568E326EE4E114C92C0D564C1B034873B5CF1EEAE.native.txt,7CF0BD9DE7FD3EC2183C9D2AEACBFECCE14ECFD670E39A3D24872396249E8E07
4FBD39D3860CECB7F02C6437F7C8FDD7A4994CAE4B3821F210D7F5D5635F07C0,TextAsset,C:\Users\omard\source\repos\RecepcionDocumental\RecepcionDocumental\tools\DocumentAiProbe\experiments\H1D10A\text\4FBD39D3860CECB7F02C6437F7C8FDD7A4994CAE4B3821F210D7F5D5635F07C0.ocr.txt,49B5D9A51CB32D51BFA8AB71FAC887424290FDFDDF10637D89D0F789D4D6BF98
4FE91650CFDCB809A2708879FA18B112475B76ADB1D197A93FA447D1B3787739,TextAsset,C:\Users\omard\source\repos\RecepcionDocumental\RecepcionDocumental\tools\DocumentAiProbe\experiments\H1D10A\text\4FE91650CFDCB809A2708879FA18B112475B76ADB1D197A93FA447D1B3787739.native.txt,238C5E6A7D9BB961BC9151828D84ED93A92F3AFE57D50BD585DA5A5FA9C7C76B
50566E41BEA66843426E938E48CA28589AAC5B91B9CD44A9CB684AED8E8609DA,TextAsset,C:\Users\omard\source\repos\RecepcionDocumental\RecepcionDocumental\tools\DocumentAiProbe\experiments\H1D10A\text\50566E41BEA66843426E938E48CA28589AAC5B91B9CD44A9CB684AED8E8609DA.native.txt,D6B9AB808750F8DE1A67A704D9CA12754A883BA023BC9A4DBCA867D4AC42486F
5122AC18B80B16BF1AA4E66053CA9397F1B2C4BB1D2C36058926E367B46698D9,TextAsset,C:\Users\omard\source\repos\RecepcionDocumental\RecepcionDocumental\tools\DocumentAiProbe\experiments\H1D10A\text\5122AC18B80B16BF1AA4E66053CA9397F1B2C4BB1D2C36058926E367B46698D9.native.txt,C73B62ADF211B2D9FF1098BED0C46E592052360C1F61BEF11F3DDD686749346E
5176E5C03A0FE88311E155B40D3A64F18D832AD1C34B7BFA168B0BA443EAA0EF,TextAsset,C:\Users\omard\source\repos\RecepcionDocumental\RecepcionDocumental\tools\DocumentAiProbe\experiments\H1D10A\text\5176E5C03A0FE88311E155B40D3A64F18D832AD1C34B7BFA168B0BA443EAA0EF.native.txt,F203435336462EDE4AA60CA56F9DD004AC024591FA44150AEA3E9B57FF65D277
518E2B853B3744B09B40C32A3A6AE7798F137319687D60A64B2D7BEF04F51141,TextAsset,C:\Users\omard\source\repos\RecepcionDocumental\RecepcionDocumental\tools\DocumentAiProbe\experiments\H1D10A\text\518E2B853B3744B09B40C32A3A6AE7798F137319687D60A64B2D7BEF04F51141.native.txt,7466BD01159771D2BAAD890353BAF1E803DE4960E7E7ADB98777BBEEEAD7393B
51EEB25AD23B828C7DCB0340F3EDDE2D3B4A5FD563053604CB14917A1A26E572,TextAsset,C:\Users\omard\source\repos\RecepcionDocumental\RecepcionDocumental\tools\DocumentAiProbe\experiments\H1D10A\text\51EEB25AD23B828C7DCB0340F3EDDE2D3B4A5FD563053604CB14917A1A26E572.native.txt,3C6448998A5F7B58937BA51A9F70E5345CBC2496BA5F81223806E35560F048C8
5203F69CB8A4BC26FE82B7B40A71C2EA99B2B09468C75F7F052A4C71100FE233,TextAsset,C:\Users\omard\source\repos\RecepcionDocumental\RecepcionDocumental\tools\DocumentAiProbe\experiments\H1D10A\text\5203F69CB8A4BC26FE82B7B40A71C2EA99B2B09468C75F7F052A4C71100FE233.native.txt,88B83E6B46779977174B4DC50281E9C40008243A5B84022B5FFF03C0453EAC4C
5228AFAF75E3D032EEB4BA4FEF716C026473A7151880A8A0186BC53EF71EE423,TextAsset,C:\Users\omard\source\repos\RecepcionDocumental\RecepcionDocumental\tools\DocumentAiProbe\experiments\H1D10A\text\5228AFAF75E3D032EEB4BA4FEF716C026473A7151880A8A0186BC53EF71EE423.native.txt,83B422EE0F014C35C81BFB7161D8AA8872FDD3BCA5CE5271A230D67A0D0294EC
52CCD771F1911ECFFC3F1605E0522AB1E869C5B268A9D3CCCF8F3DF6B9CDD5E3,TextAsset,C:\Users\omard\source\repos\RecepcionDocumental\RecepcionDocumental\tools\DocumentAiProbe\experiments\H1D10A\text\52CCD771F1911ECFFC3F1605E0522AB1E869C5B268A9D3CCCF8F3DF6B9CDD5E3.native.txt,E76CAB2A40113D12436D0A48BF371E94C692363CA77F29348748431DD27A0FD3
52E48E94AE02735B5811D4F43291DFC21DA9074983A85E5BB255BD0A4C6FA77C,TextAsset,C:\Users\omard\source\repos\RecepcionDocumental\RecepcionDocumental\tools\DocumentAiProbe\experiments\H1D10A\text\52E48E94AE02735B5811D4F43291DFC21DA9074983A85E5BB255BD0A4C6FA77C.native.txt,A24880DE241959477F0F53A8381EAEBCD572FE6B35770D279B38C14CA25C07FB
52FE664876FA2826D1C28609B50E875F103D17E5B811AF9120F7711D1415984D,TextAsset,C:\Users\omard\source\repos\RecepcionDocumental\RecepcionDocumental\tools\DocumentAiProbe\experiments\H1D10A\text\52FE664876FA2826D1C28609B50E875F103D17E5B811AF9120F7711D1415984D.native.txt,990E44D8DC6411CAE20947A9D0B70B66EEBBA4B5D61D0DDF01E6DEAF6CDF3EA6
53B927FC9DF965E28134461A652CAC7278A89215D38D19A93BE5535A44D0D4FC,TextAsset,C:\Users\omard\source\repos\RecepcionDocumental\RecepcionDocumental\tools\DocumentAiProbe\experiments\H1D10A\text\53B927FC9DF965E28134461A652CAC7278A89215D38D19A93BE5535A44D0D4FC.native.txt,E7E708042BAD016624F4C613E820E2219BBC5EFF826FBAB582144F90F56206D6
546E19F42721BEECB1D6B201D53B5FDE2695F2579CB5C095E8DD352C0B8F1917,TextAsset,C:\Users\omard\source\repos\RecepcionDocumental\RecepcionDocumental\tools\DocumentAiProbe\experiments\H1D10A\text\546E19F42721BEECB1D6B201D53B5FDE2695F2579CB5C095E8DD352C0B8F1917.native.txt,01C811B7E4132E8ADF915CF272E5FFF0FCDA60656A6C6CCE2C5830422EDB1202
54FD2072009FAA11BC31C0ECD1055AA552E1765FB3AB10620818DF0B63E48C99,TextAsset,C:\Users\omard\source\repos\RecepcionDocumental\RecepcionDocumental\tools\DocumentAiProbe\experiments\H1D10A\text\54FD2072009FAA11BC31C0ECD1055AA552E1765FB3AB10620818DF0B63E48C99.ocr.txt,379CFA7725F3380685899532F00913C09A999AA3F17CD64F755E703E4CA4F238
5519076051D460ACDE095061FBDAEA6082C4FAABC0D0520FABC285A4E2DF989F,TextAsset,C:\Users\omard\source\repos\RecepcionDocumental\RecepcionDocumental\tools\DocumentAiProbe\experiments\H1D10A\text\5519076051D460ACDE095061FBDAEA6082C4FAABC0D0520FABC285A4E2DF989F.ocr.txt,F3AD5C2FC1D22F70CF8FE01B616421EA63EE3FAC7C7D8B61F14DF8E34225580B
5534D51615B3263B0C144B1D3CB67CC95E576143FB6C6A10C18F38DBB101B56F,TextAsset,C:\Users\omard\source\repos\RecepcionDocumental\RecepcionDocumental\tools\DocumentAiProbe\experiments\H1D10A\text\5534D51615B3263B0C144B1D3CB67CC95E576143FB6C6A10C18F38DBB101B56F.native.txt,0B3AC5322F2CD5B5FDB3EE2FC326D4DEE3395E2A21843EF84D3ED433E7A50F63
55B3C0547934183CDE6EBAF5DC2BF228B8C8C5CA368A1A8864DC3583A93A9C0A,TextAsset,C:\Users\omard\source\repos\RecepcionDocumental\RecepcionDocumental\tools\DocumentAiProbe\experiments\H1D10A\text\55B3C0547934183CDE6EBAF5DC2BF228B8C8C5CA368A1A8864DC3583A93A9C0A.native.txt,644595884CE958033628CA5FAA790C7C5546796D35CFB68AC443E3E7D4302183
5624667E68E813192C39A1E13218E3F6FA9AFF9C3F252FA066D096A83B4D6C6B,TextAsset,C:\Users\omard\source\repos\RecepcionDocumental\RecepcionDocumental\tools\DocumentAiProbe\experiments\H1D10A\text\5624667E68E813192C39A1E13218E3F6FA9AFF9C3F252FA066D096A83B4D6C6B.native.txt,D9C5CA277BA767EE4062EB5355379DB7F24B07BE9FFA1325283AFC6F42E4F6C7
565020CD171BC587CD09292855DB5A36E5FB93F156787989397E52E115592D4B,TextAsset,C:\Users\omard\source\repos\RecepcionDocumental\RecepcionDocumental\tools\DocumentAiProbe\experiments\H1D10A\text\565020CD171BC587CD09292855DB5A36E5FB93F156787989397E52E115592D4B.native.txt,8FCB9191458BCCFF136ED94E79CBC9B5EFC381C1FA8077946AE942E6EB6122AB
567841FFA35B66B4C4196EC5DC0D9A9973BBCA4E79EC13E6D1E5F76BCC94E78A,TextAsset,C:\Users\omard\source\repos\RecepcionDocumental\RecepcionDocumental\tools\DocumentAiProbe\experiments\H1D10A\text\567841FFA35B66B4C4196EC5DC0D9A9973BBCA4E79EC13E6D1E5F76BCC94E78A.native.txt,D402B70E7BCDB4D052E1170E882033FF0DC6B274B19B69BB08C0FC4EF4D0BFA5
56BB74D44FEE9977F67BA86E18AF61311FF1CAB321C0D5F72FF02BDEB00C4D5D,TextAsset,C:\Users\omard\source\repos\RecepcionDocumental\RecepcionDocumental\tools\DocumentAiProbe\experiments\H1D10A\text\56BB74D44FEE9977F67BA86E18AF61311FF1CAB321C0D5F72FF02BDEB00C4D5D.native.txt,E36728C36EF5218D427F71B7365006AC6EEEA3ED30794457AB9AA07B9B1C9C19
56D39A5F9D1B9453032F58A2E9AD1E15DD388288CC16A256C948E7C45E676E51,TextAsset,C:\Users\omard\source\repos\RecepcionDocumental\RecepcionDocumental\tools\DocumentAiProbe\experiments\H1D10A\text\56D39A5F9D1B9453032F58A2E9AD1E15DD388288CC16A256C948E7C45E676E51.native.txt,7C689BE80E1D6AA98B3EDB986E203DFC34271EA5755583BEB1CFD93D54889DDE
56E9553295F645ECFC4245CEDC974D37D874EDF5875B2D23438824326E82F99E,TextAsset,C:\Users\omard\source\repos\RecepcionDocumental\RecepcionDocumental\tools\DocumentAiProbe\experiments\H1D10A\text\56E9553295F645ECFC4245CEDC974D37D874EDF5875B2D23438824326E82F99E.native.txt,91653EA6606A628A7527C5E433FE8E85F8467E3579965F1A8553CA9ED2B831A8
576B8F132C0E88EBDAE42BE903FF9786177F4D737C93B63D8869C4627462B461,TextAsset,C:\Users\omard\source\repos\RecepcionDocumental\RecepcionDocumental\tools\DocumentAiProbe\experiments\H1D10A\text\576B8F132C0E88EBDAE42BE903FF9786177F4D737C93B63D8869C4627462B461.native.txt,7DDC04269106AFB118CB4920F85EBC715972D2002CB5A154AFC0CEDE933D65A9
577A9D71CD8966371762425B96EA7F3FE7E06FD5C0203F72E64A6011C17C0F6E,TextAsset,C:\Users\omard\source\repos\RecepcionDocumental\RecepcionDocumental\tools\DocumentAiProbe\experiments\H1D10A\text\577A9D71CD8966371762425B96EA7F3FE7E06FD5C0203F72E64A6011C17C0F6E.native.txt,0936B3C474C7CE8203C451046508284B5A1EF59A7F88A44ABE9DCD375C729364
5796008F929AE08D607B6A36C5254BC78C3BF3A55DA4807B9FAA69009CD3C0EE,TextAsset,C:\Users\omard\source\repos\RecepcionDocumental\RecepcionDocumental\tools\DocumentAiProbe\experiments\H1D10A\text\5796008F929AE08D607B6A36C5254BC78C3BF3A55DA4807B9FAA69009CD3C0EE.native.txt,9CDDA370F442F3FFE85F381111C4C1C4A71E657C343B76C035F1B78B68B0CE12
593ABDF0EE3E91506269EFD5CCA99B3AF04A888A7A0AE4D24D96583F8DC9E8BA,TextAsset,C:\Users\omard\source\repos\RecepcionDocumental\RecepcionDocumental\tools\DocumentAiProbe\experiments\H1D10A\text\593ABDF0EE3E91506269EFD5CCA99B3AF04A888A7A0AE4D24D96583F8DC9E8BA.native.txt,75C90FB8C2161612DCB668157D67BE3B5A2F60778555DBB2A28AD97E1F4392CF
5A3DE1739FB496DBB9FA08B6272476E8A2B4A735630CC6FA721347F5714A201F,TextAsset,C:\Users\omard\source\repos\RecepcionDocumental\RecepcionDocumental\tools\DocumentAiProbe\experiments\H1D10A\text\5A3DE1739FB496DBB9FA08B6272476E8A2B4A735630CC6FA721347F5714A201F.native.txt,5ADB6276AC1E034CA48A0F2CA7B2BD8FD824B308DB6038EAA4E63427C1924A86
5B147EAC2CDDD983CF7E8E27576B856A421C4397BF06F766B74F23C1B3633029,TextAsset,C:\Users\omard\source\repos\RecepcionDocumental\RecepcionDocumental\tools\DocumentAiProbe\experiments\H1D10A\text\5B147EAC2CDDD983CF7E8E27576B856A421C4397BF06F766B74F23C1B3633029.ocr.txt,41B0C2C1ADF1019C1676D058650AAF10667FC8BBF2CA481DBDC375995C69B06E
5B68A036EC845CF5071E8E39F0357DFA190C5FF99787F831360E05E467B2D36B,TextAsset,C:\Users\omard\source\repos\RecepcionDocumental\RecepcionDocumental\tools\DocumentAiProbe\experiments\H1D10A\text\5B68A036EC845CF5071E8E39F0357DFA190C5FF99787F831360E05E467B2D36B.native.txt,C193C3FFD8E693B03514F83EF7EA51E6BA80101CFCA002A35A58EA1ADD628EB9
5BA5E74FDC3E744FE001D25F2A83DBD4D510A328CD464D0F651515449B5F179C,TextAsset,C:\Users\omard\source\repos\RecepcionDocumental\RecepcionDocumental\tools\DocumentAiProbe\experiments\H1D10A\text\5BA5E74FDC3E744FE001D25F2A83DBD4D510A328CD464D0F651515449B5F179C.native.txt,3BD7CCA0869F58DFA60B3DB37AE814ECED218CC4794E0B1BF2FF880A86E17EB4
5BDCA8EC7A304793C5EE8E9427ED3E6CC403E6106B48E9E4D2CC2A1C0617FFFA,TextAsset,C:\Users\omard\source\repos\RecepcionDocumental\RecepcionDocumental\tools\DocumentAiProbe\experiments\H1D10A\text\5BDCA8EC7A304793C5EE8E9427ED3E6CC403E6106B48E9E4D2CC2A1C0617FFFA.native.txt,3E4CC36AC88B9CF67D9630B9EE67AE1DCDB4E3B66B1286E02D944D2CD3B147D1
5C0929058CDBB5BC47EC541BF5041450B2C974A869989B8614122BA188D13056,TextAsset,C:\Users\omard\source\repos\RecepcionDocumental\RecepcionDocumental\tools\DocumentAiProbe\experiments\H1D10A\text\5C0929058CDBB5BC47EC541BF5041450B2C974A869989B8614122BA188D13056.native.txt,BF0D5BB8AA829161F1A52D4A95D8C48957133F564B6AD085E2516F0855C02506
5C2BB36404A54C73E61A08DA38C8F824DCE609279F30E57870FFB009A65014A2,TextAsset,C:\Users\omard\source\repos\RecepcionDocumental\RecepcionDocumental\tools\DocumentAiProbe\experiments\H1D10A\text\5C2BB36404A54C73E61A08DA38C8F824DCE609279F30E57870FFB009A65014A2.native.txt,8CA6AED3896F791B60F63277FB638F1731B2BE1BD174B43A947D09D709C9BDCA
5D3897E5C4D82DF2441EEE0DFC64EB89F218EBB1079981F940160D1C848F22EB,TextAsset,C:\Users\omard\source\repos\RecepcionDocumental\RecepcionDocumental\tools\DocumentAiProbe\experiments\H1D10A\text\5D3897E5C4D82DF2441EEE0DFC64EB89F218EBB1079981F940160D1C848F22EB.native.txt,5442A905F6718BEB9117730BBD66F5F802CFF6A7D482AE866F18B884E890C8FC
5DBA7CBB3EB49D3C74FBFEEAAEB4577AE3A1E6A301084ABB8BF3A43AEF78660A,TextAsset,C:\Users\omard\source\repos\RecepcionDocumental\RecepcionDocumental\tools\DocumentAiProbe\experiments\H1D10A\text\5DBA7CBB3EB49D3C74FBFEEAAEB4577AE3A1E6A301084ABB8BF3A43AEF78660A.native.txt,6DECDCB895038F370CB1A6BD25E59819BDB9307AC732DFD552118C24DE4D1C93
5DC072AF4EDB6D207C475E7566C3FEC38142A3E338A651C14B89891BCDA79222,TextAsset,C:\Users\omard\source\repos\RecepcionDocumental\RecepcionDocumental\tools\DocumentAiProbe\experiments\H1D10A\text\5DC072AF4EDB6D207C475E7566C3FEC38142A3E338A651C14B89891BCDA79222.native.txt,EB3E6ACC9BDA84E134D3807F00BC6595F0C99C42898D7527E3BD99E4F1AB99EF
5F3A879162836D55EBF4EC8C114B9C7E46E9FC2AE3CCD7F5BB9102A766C7CDD0,TextAsset,C:\Users\omard\source\repos\RecepcionDocumental\RecepcionDocumental\tools\DocumentAiProbe\experiments\H1D10A\text\5F3A879162836D55EBF4EC8C114B9C7E46E9FC2AE3CCD7F5BB9102A766C7CDD0.ocr.txt,12A7AC96AE93794E6ABFDAFEC208C60DA0D62B928FC10384B24474097755193A
5F53885F5A7CCBC8AA0039592621E42F2CD4C654E7B901F968A242975E63F451,TextAsset,C:\Users\omard\source\repos\RecepcionDocumental\RecepcionDocumental\tools\DocumentAiProbe\experiments\H1D10A\text\5F53885F5A7CCBC8AA0039592621E42F2CD4C654E7B901F968A242975E63F451.native.txt,F7D616668A7C2E94CEBE29E910750C2A895729EB65705787E31E9B6869922455
5FE4032EDA700A2C08DF2E475D2911CF85352B967C85E73A004BCE508DB49868,TextAsset,C:\Users\omard\source\repos\RecepcionDocumental\RecepcionDocumental\tools\DocumentAiProbe\experiments\H1D10A\text\5FE4032EDA700A2C08DF2E475D2911CF85352B967C85E73A004BCE508DB49868.ocr.txt,4F287657490930EB8CFA6CBC8E1392C3385DE7945FEECC879979B29C846C1737
6027795BAF41946DBA91302987071F720437F3DBCD24AFC81386AF1BF488F28B,TextAsset,C:\Users\omard\source\repos\RecepcionDocumental\RecepcionDocumental\tools\DocumentAiProbe\experiments\H1D10A\text\6027795BAF41946DBA91302987071F720437F3DBCD24AFC81386AF1BF488F28B.native.txt,277D7198C9443C3913534A512FAB589767E8245921F602F9C362377410E10740
6041784577391E11DA44CCFDD8F49F2665AB654CECDE68188610184280D0353F,TextAsset,C:\Users\omard\source\repos\RecepcionDocumental\RecepcionDocumental\tools\DocumentAiProbe\experiments\H1D10A\text\6041784577391E11DA44CCFDD8F49F2665AB654CECDE68188610184280D0353F.native.txt,64C61D6D3A6239224361E4FCA56E4FE59A6E5CE3E42DE113011403322E87F878
604348879CA3168805EED06B88FB193B09B812B4E3915EA9F97BC25B4DCDC462,TextAsset,C:\Users\omard\source\repos\RecepcionDocumental\RecepcionDocumental\tools\DocumentAiProbe\experiments\H1D10A\text\604348879CA3168805EED06B88FB193B09B812B4E3915EA9F97BC25B4DCDC462.ocr.txt,F86FD24E2E91581DC5F7A7BAB88AFC2CC91EAF877130A6C27765D391CCDD4B2E
604E2F0DE59B3E53C81E10C19EF41919C706C5162FDA1CA3D8C91427244E5B7D,TextAsset,C:\Users\omard\source\repos\RecepcionDocumental\RecepcionDocumental\tools\DocumentAiProbe\experiments\H1D10A\text\604E2F0DE59B3E53C81E10C19EF41919C706C5162FDA1CA3D8C91427244E5B7D.native.txt,3BD060E3FFB8F3338FD05965FBF2818882180FD6314BA5562399D921C3EB8723
60B3511F90C799F93063C1DB61C190D5B86D3343ED9E05A39F1CF80E84B4B425,TextAsset,C:\Users\omard\source\repos\RecepcionDocumental\RecepcionDocumental\tools\DocumentAiProbe\experiments\H1D10A\text\60B3511F90C799F93063C1DB61C190D5B86D3343ED9E05A39F1CF80E84B4B425.native.txt,078AD678B08B8A0EEEC9459D9141996D83BAECA521D17F030F00A648D12A3596
61028A70518BA892F45603BF90EC226C18A19A5179CFD58A8C6A7038250D18A9,TextAsset,C:\Users\omard\source\repos\RecepcionDocumental\RecepcionDocumental\tools\DocumentAiProbe\experiments\H1D10A\text\61028A70518BA892F45603BF90EC226C18A19A5179CFD58A8C6A7038250D18A9.native.txt,EF2DA0FFE95100CFC23A6EEE9A0C2D88C6DAD8D94192646D935401FC45E669D3
613875DAA826084D061538932AF2549945A6B52B6AC8EC68DAB8403564056489,TextAsset,C:\Users\omard\source\repos\RecepcionDocumental\RecepcionDocumental\tools\DocumentAiProbe\experiments\H1D10A\text\613875DAA826084D061538932AF2549945A6B52B6AC8EC68DAB8403564056489.native.txt,CF0D6F0AB5A1DECEE4D8C18BF01DE837063FF3395F6748A43D485E3EBB5FEB24
616794539B7C4B5DF3CE240204FCE2CEBB67CC60FAB8BE37DCBFCD190B3A0BF4,TextAsset,C:\Users\omard\source\repos\RecepcionDocumental\RecepcionDocumental\tools\DocumentAiProbe\experiments\H1D10A\text\616794539B7C4B5DF3CE240204FCE2CEBB67CC60FAB8BE37DCBFCD190B3A0BF4.native.txt,111021DF4C1380977C5A69BA0FF79DE4D3EB569AF7FE39B477BE8B5FBED0D27C
621D302792608A0F7753D90084A909322708849DB507134A9B4D001CC76C4935,TextAsset,C:\Users\omard\source\repos\RecepcionDocumental\RecepcionDocumental\tools\DocumentAiProbe\experiments\H1D10A\text\621D302792608A0F7753D90084A909322708849DB507134A9B4D001CC76C4935.native.txt,4D7980D3CFB3D14B28EF044744353E24684C71F41741CD368752233494A5C787
624E85021D43827AD2B3E8B1DCD80FAE5615F3D494B65E721ED1A8F668BF0989,TextAsset,C:\Users\omard\source\repos\RecepcionDocumental\RecepcionDocumental\tools\DocumentAiProbe\experiments\H1D10A\text\624E85021D43827AD2B3E8B1DCD80FAE5615F3D494B65E721ED1A8F668BF0989.native.txt,2D09D0EE2C3FF90DA403C5BF8EEA901C4088D87EE0AD4FE6AE8042304D53BFEE
6397751726250ADCAFF9223A5165FCDBEC678962C80710A66E088BD74EE2B98F,TextAsset,C:\Users\omard\source\repos\RecepcionDocumental\RecepcionDocumental\tools\DocumentAiProbe\experiments\H1D10A\text\6397751726250ADCAFF9223A5165FCDBEC678962C80710A66E088BD74EE2B98F.native.txt,E5807021F60B050B8717B883C795737C0ACD7E717A07A6030128AA4D14AE6345
63CB5ECA5C3C698857A7AAC8979CD26F30C6E5E06D6CD2638A83F4412C48A852,TextAsset,C:\Users\omard\source\repos\RecepcionDocumental\RecepcionDocumental\tools\DocumentAiProbe\experiments\H1D10A\text\63CB5ECA5C3C698857A7AAC8979CD26F30C6E5E06D6CD2638A83F4412C48A852.native.txt,8D28BD20C9008E9FAB1214A4DF76581AD5C2153BFB77407FC28B5E0BAE285FDC
6403F4BAEA29F0572CD01DCF95BF5F3B217C9101108E749C6E1A598D5D2BAC36,TextAsset,C:\Users\omard\source\repos\RecepcionDocumental\RecepcionDocumental\tools\DocumentAiProbe\experiments\H1D10A\text\6403F4BAEA29F0572CD01DCF95BF5F3B217C9101108E749C6E1A598D5D2BAC36.native.txt,5A4D0B7B6E62647B70D820CE3E96EAF502AA4338F247C208D07AA2510E889D02
64E82D80FCAA2EF6D3AEF7EE8141DE7DC33FCD4AD2A80B3297E4E003C123047C,TextAsset,C:\Users\omard\source\repos\RecepcionDocumental\RecepcionDocumental\tools\DocumentAiProbe\experiments\H1D10A\text\64E82D80FCAA2EF6D3AEF7EE8141DE7DC33FCD4AD2A80B3297E4E003C123047C.native.txt,A2622F20DD5C375B596BA4E1311F273A45F68FE3F035BEAD00888FECF524DAD9
64F93DA0C69F17478CD6052D88B84346BC9392E955468EAEB7F37BB92B647762,TextAsset,C:\Users\omard\source\repos\RecepcionDocumental\RecepcionDocumental\tools\DocumentAiProbe\experiments\H1D10A\text\64F93DA0C69F17478CD6052D88B84346BC9392E955468EAEB7F37BB92B647762.native.txt,37C48F727FBD70C0D6191893620B8869805BE07B6B1785190CB0566B0D8EC7CA
656386FE1A238BEC6044ED0DE22EEF339619F7FB71C6B39E0C0AAAF4854803CF,TextAsset,C:\Users\omard\source\repos\RecepcionDocumental\RecepcionDocumental\tools\DocumentAiProbe\experiments\H1D10A\text\656386FE1A238BEC6044ED0DE22EEF339619F7FB71C6B39E0C0AAAF4854803CF.native.txt,1B3CACFE2F8AFDDAF07D0C0DBAD4F7DF44EE81099F0B746DC3AA8F26C5FD289F
6566E5B2F25A610A7050DDAC354F3BFD30EF005CA8D986CA966EEDEF5FEE6180,TextAsset,C:\Users\omard\source\repos\RecepcionDocumental\RecepcionDocumental\tools\DocumentAiProbe\experiments\H1D10A\text\6566E5B2F25A610A7050DDAC354F3BFD30EF005CA8D986CA966EEDEF5FEE6180.ocr.txt,0F8A2E2A73234138A6B6C24E5264A78299A53B455A2DC79311170AD22A00580B
656D5AE0B6E56A426A27D1641C28FD6399B7C35B09FF73D37BA1F9BB63A1B752,TextAsset,C:\Users\omard\source\repos\RecepcionDocumental\RecepcionDocumental\tools\DocumentAiProbe\experiments\H1D10A\text\656D5AE0B6E56A426A27D1641C28FD6399B7C35B09FF73D37BA1F9BB63A1B752.native.txt,F3C9AD9A968F3BBF3676E298E3BE1BE29D04B4AD5C1B320460F22AC2BCBFC168
6622C9EFD9051FD3CEB3DA3E7012E7B2F101F479DA7C76AE80C86318A6963881,TextAsset,C:\Users\omard\source\repos\RecepcionDocumental\RecepcionDocumental\tools\DocumentAiProbe\experiments\H1D10A\text\6622C9EFD9051FD3CEB3DA3E7012E7B2F101F479DA7C76AE80C86318A6963881.ocr.txt,D28AC485055D555765EB3A3AEEE9F6FF3812A23096C4E7BE054BAFC80A03918F
6635042CEF9293D601A8C5B62805D67F0FB7472C62F5EAB58608269DA95930B1,TextAsset,C:\Users\omard\source\repos\RecepcionDocumental\RecepcionDocumental\tools\DocumentAiProbe\experiments\H1D10A\text\6635042CEF9293D601A8C5B62805D67F0FB7472C62F5EAB58608269DA95930B1.native.txt,E1FB70843B830322ED14234E54C12EDA21F057A216B66F136E32A0D4D87D67D3
6656F6685D0E364101F05862968CD5DB475D006F6EA292B02FB7F73420C74E6D,TextAsset,C:\Users\omard\source\repos\RecepcionDocumental\RecepcionDocumental\tools\DocumentAiProbe\experiments\H1D10A\text\6656F6685D0E364101F05862968CD5DB475D006F6EA292B02FB7F73420C74E6D.ocr.txt,2A843E6751898BD1CABEDCAAB69CA2E93452616E589D2CB2892A297C40623386
6660D2B3C9AE8230CA9FA0CDC75202436DD32B952F48CE70FC243CF0F142B1CF,TextAsset,C:\Users\omard\source\repos\RecepcionDocumental\RecepcionDocumental\tools\DocumentAiProbe\experiments\H1D10A\text\6660D2B3C9AE8230CA9FA0CDC75202436DD32B952F48CE70FC243CF0F142B1CF.ocr.txt,CFE74559328942FFB11016A3D523795D4129450BAE4CA9772DEBCDA217CFB38E
669DD6476BE5C0CDB4380E38C32AC0191B79E55B8091C27E06765012EB20DDF2,TextAsset,C:\Users\omard\source\repos\RecepcionDocumental\RecepcionDocumental\tools\DocumentAiProbe\experiments\H1D10A\text\669DD6476BE5C0CDB4380E38C32AC0191B79E55B8091C27E06765012EB20DDF2.native.txt,9FFE4DAEFA2A95FA5778C81CA6E17CBB5A852A39AF185A7443CE8EF15E64C157
6743518A72681A6F35166A41241AE3D4C42A45CA56266DAC53C733FBEE055D7E,TextAsset,C:\Users\omard\source\repos\RecepcionDocumental\RecepcionDocumental\tools\DocumentAiProbe\experiments\H1D10A\text\6743518A72681A6F35166A41241AE3D4C42A45CA56266DAC53C733FBEE055D7E.native.txt,D2C4D82089926F486837755D20540FE72F6C857FA75453D02DFBAFB036E71BBF
67964333228FD5679741CAE810F2B0AB4CE118C6137BDFD1B32ACFE77B911616,TextAsset,C:\Users\omard\source\repos\RecepcionDocumental\RecepcionDocumental\tools\DocumentAiProbe\experiments\H1D10A\text\67964333228FD5679741CAE810F2B0AB4CE118C6137BDFD1B32ACFE77B911616.native.txt,779B11D6BE7AB20183BF1B911AC44317A1AFDF0F018AE8A75509E2A462E8C974
6847B5779151E0CBABD230D26319A7C98816D0DC1CB1E29BE43284F906E180C3,TextAsset,C:\Users\omard\source\repos\RecepcionDocumental\RecepcionDocumental\tools\DocumentAiProbe\experiments\H1D10A\text\6847B5779151E0CBABD230D26319A7C98816D0DC1CB1E29BE43284F906E180C3.native.txt,842E3628E33129DBE85D1FDBEA3FDD495AEF3985B93FD17E666ED98E2A14EFB2
692C0777313BAABD423DE1E30355C51C4FD8A27764C160F0B8DDE61F8F138CF5,TextAsset,C:\Users\omard\source\repos\RecepcionDocumental\RecepcionDocumental\tools\DocumentAiProbe\experiments\H1D10A\text\692C0777313BAABD423DE1E30355C51C4FD8A27764C160F0B8DDE61F8F138CF5.native.txt,4B027C08411BB6CB7FAF34AE485EE8ECCFE58CBD69103D0AE3F7606FB4889BFC
69A41A9336BD087CD1DE05A3481CFD378C3896D06C317E3C65E8BFA17FF9C38B,TextAsset,C:\Users\omard\source\repos\RecepcionDocumental\RecepcionDocumental\tools\DocumentAiProbe\experiments\H1D10A\text\69A41A9336BD087CD1DE05A3481CFD378C3896D06C317E3C65E8BFA17FF9C38B.native.txt,835397C340C1DD2D25FEA6373641E33516864DF1C3AF2424CE5DFC2B2B6859D2
69C1E0801F87A1EF0A667A8CA6434748EB159C10B3413DB24EBF605343CD79A9,TextAsset,C:\Users\omard\source\repos\RecepcionDocumental\RecepcionDocumental\tools\DocumentAiProbe\experiments\H1D10A\text\69C1E0801F87A1EF0A667A8CA6434748EB159C10B3413DB24EBF605343CD79A9.native.txt,D40FC4A716AF40733F210CD656B2C598329618B27627FD36AEE27348B56764CE
69EB61B831F098BE9D870A069C9732F9082C6DE31B5E89576F973046AA3D0537,TextAsset,C:\Users\omard\source\repos\RecepcionDocumental\RecepcionDocumental\tools\DocumentAiProbe\experiments\H1D10A\text\69EB61B831F098BE9D870A069C9732F9082C6DE31B5E89576F973046AA3D0537.native.txt,722E47E874429157EE33EE26F902BF844E8D777EF7A11ECDD3B2595136708960
6A6F48DC2B73742555E9B7725922EA7EB7B79DA71B4C91385C7E4E897659394C,TextAsset,C:\Users\omard\source\repos\RecepcionDocumental\RecepcionDocumental\tools\DocumentAiProbe\experiments\H1D10A\text\6A6F48DC2B73742555E9B7725922EA7EB7B79DA71B4C91385C7E4E897659394C.native.txt,0F002017D6B7BCE692E3459E09D49BB90525FEA9C1645A96AFF9CF7C51C86698
6A9BDCA349F3FAD5AF9C83D9C275D6030CE77BF8CEFB45B0E6BBE7F105DD0790,TextAsset,C:\Users\omard\source\repos\RecepcionDocumental\RecepcionDocumental\tools\DocumentAiProbe\experiments\H1D10A\text\6A9BDCA349F3FAD5AF9C83D9C275D6030CE77BF8CEFB45B0E6BBE7F105DD0790.native.txt,2648DDEA6667C97CA1CCAF0AF5B794424BD86C6618B4D6563368905CA0D41F3C
6ACB04B9B2EB656794F4D236CB7B80FABDE605F40896E47A7D6CC48B34F692B7,TextAsset,C:\Users\omard\source\repos\RecepcionDocumental\RecepcionDocumental\tools\DocumentAiProbe\experiments\H1D10A\text\6ACB04B9B2EB656794F4D236CB7B80FABDE605F40896E47A7D6CC48B34F692B7.native.txt,24BC932B1A05A0F72C09FE8A629C7FBB37C6C56C636E5D7252C0E53FE51CDC63
6B5CA4D57A8AF24207DADE365891605C598C2766A9C9D903D4309174B45F9498,TextAsset,C:\Users\omard\source\repos\RecepcionDocumental\RecepcionDocumental\tools\DocumentAiProbe\experiments\H1D10A\text\6B5CA4D57A8AF24207DADE365891605C598C2766A9C9D903D4309174B45F9498.native.txt,C3C3BD526D4428A6BDDDEB0FAD1971A7822DF27D0FA80B05126D022769AAC2C3
6B813304D2E10D3EE3A7AA8B42007E68441814C25E72F5689284E7F744B356BE,TextAsset,C:\Users\omard\source\repos\RecepcionDocumental\RecepcionDocumental\tools\DocumentAiProbe\experiments\H1D10A\text\6B813304D2E10D3EE3A7AA8B42007E68441814C25E72F5689284E7F744B356BE.native.txt,0E8861E471DB59EA7F12324ABC2C8C1B1F5054C68827F03F2EE32DF09E0DB4DD
6B9A699A6823FF46958CA2C2A6CC24B4A71870124086B7AF0350409E9E8ED38E,TextAsset,C:\Users\omard\source\repos\RecepcionDocumental\RecepcionDocumental\tools\DocumentAiProbe\experiments\H1D10A\text\6B9A699A6823FF46958CA2C2A6CC24B4A71870124086B7AF0350409E9E8ED38E.native.txt,5D7FF3BCA41DB64CE1ABA700C3515516580A8E62715A35DA27525A918F7DBE57
6BFDFBC8F84DCCC678A6F5118976176B5B84582CBABD37F00BD6C91D76A40808,TextAsset,C:\Users\omard\source\repos\RecepcionDocumental\RecepcionDocumental\tools\DocumentAiProbe\experiments\H1D10A\text\6BFDFBC8F84DCCC678A6F5118976176B5B84582CBABD37F00BD6C91D76A40808.native.txt,B429350CA7025D9AA896E7FF18E45679B6BA587DB4D1423B6AF0059B16914D2C
6C0C0168466808E4AC06DB82A0B76C9CD174B885CA55AE69BC62B8E933F7EC08,TextAsset,C:\Users\omard\source\repos\RecepcionDocumental\RecepcionDocumental\tools\DocumentAiProbe\experiments\H1D10A\text\6C0C0168466808E4AC06DB82A0B76C9CD174B885CA55AE69BC62B8E933F7EC08.ocr.txt,988D62755C08479B3C6F01C4AA913E5CF3AC21C55DAE82560062909F1BE5CFFE
6C82D960ABF48E805D4D2D7586359ED4894E378A43A3D6F0BA2BE3601D521D49,TextAsset,C:\Users\omard\source\repos\RecepcionDocumental\RecepcionDocumental\tools\DocumentAiProbe\experiments\H1D10A\text\6C82D960ABF48E805D4D2D7586359ED4894E378A43A3D6F0BA2BE3601D521D49.ocr.txt,227DD3E6012D6C375AE2DFD3ADB36D353EC87C011DE58E583AFE8CCABBF69734
6CB834E60F1EE39CCE5113B1014C036615F43084D7819B2B7DF991725488B140,TextAsset,C:\Users\omard\source\repos\RecepcionDocumental\RecepcionDocumental\tools\DocumentAiProbe\experiments\H1D10A\text\6CB834E60F1EE39CCE5113B1014C036615F43084D7819B2B7DF991725488B140.ocr.txt,4E8A118C01BFF34E2A2719D59E0AD23472D4B9999087640D791BF17D582A8E0E
6D277C8C03CEA6FBF2354412F087226C065D4D228AA1030A19919572081F20F2,TextAsset,C:\Users\omard\source\repos\RecepcionDocumental\RecepcionDocumental\tools\DocumentAiProbe\experiments\H1D10A\text\6D277C8C03CEA6FBF2354412F087226C065D4D228AA1030A19919572081F20F2.native.txt,6B68FF0B8C6BA366827AA9DACE7AE3342009181992880018BA545A5668D20358
6E97AB3E6B7999A22C355A9E033A37ECCD59B3287E144C837EFA247E56FDCD7D,TextAsset,C:\Users\omard\source\repos\RecepcionDocumental\RecepcionDocumental\tools\DocumentAiProbe\experiments\H1D10A\text\6E97AB3E6B7999A22C355A9E033A37ECCD59B3287E144C837EFA247E56FDCD7D.ocr.txt,4F17F49D9A453BFEB7C5915BDC9286B448F739457664262534481154B6BA18D2
6EEA7E897C4E25A920F0C41390989C0343BF831207E63B4FDB49DC94EE11687A,TextAsset,C:\Users\omard\source\repos\RecepcionDocumental\RecepcionDocumental\tools\DocumentAiProbe\experiments\H1D10A\text\6EEA7E897C4E25A920F0C41390989C0343BF831207E63B4FDB49DC94EE11687A.native.txt,206936CCF4ACAF9A24BEA44E2B37ECDA2CB217F5CF1713B31616CF12FE458C93
6F131DD0EAF52BBEA47DE4FD62FBEBA9C8D82B1DE26FE5B258A15717FE214DB4,TextAsset,C:\Users\omard\source\repos\RecepcionDocumental\RecepcionDocumental\tools\DocumentAiProbe\experiments\H1D10A\text\6F131DD0EAF52BBEA47DE4FD62FBEBA9C8D82B1DE26FE5B258A15717FE214DB4.native.txt,F0CA0CE7E6372006FE8688E0BDC9BF63D5B10A7903874599F1D3FA1055F77B02
6F5C17D146C25CC219D5E517EE3C922BE4AC3E675B6F4F64828A7BD51F1F81FA,TextAsset,C:\Users\omard\source\repos\RecepcionDocumental\RecepcionDocumental\tools\DocumentAiProbe\experiments\H1D10A\text\6F5C17D146C25CC219D5E517EE3C922BE4AC3E675B6F4F64828A7BD51F1F81FA.native.txt,CBE19B710DF636648F8BE33B0A6D49D6AA3FAACD43C20E8E829C33E456B74964
6FE51C9812EA8C22BE95BA7E3240F9FFC7B5E03EECEBBF8936AD443A30E2E0BB,TextAsset,C:\Users\omard\source\repos\RecepcionDocumental\RecepcionDocumental\tools\DocumentAiProbe\experiments\H1D10A\text\6FE51C9812EA8C22BE95BA7E3240F9FFC7B5E03EECEBBF8936AD443A30E2E0BB.native.txt,F732A338741F43E996EE7656AF6D45B9CDA45046DA859C24AF79D79A33754449
701E96AB1D777313D11116902E69CDB65C6D1B7CCC90CE2D7A2F83A22AB166A9,TextAsset,C:\Users\omard\source\repos\RecepcionDocumental\RecepcionDocumental\tools\DocumentAiProbe\experiments\H1D10A\text\701E96AB1D777313D11116902E69CDB65C6D1B7CCC90CE2D7A2F83A22AB166A9.native.txt,0E7B606CF37BE2BB31D0F045B23A29694EF5EF5584432F65FDAEA0DA48A1F587
707A0612969061182FCD182790AC956C51265BCC4C3078FEFF93823F1E9F1735,TextAsset,C:\Users\omard\source\repos\RecepcionDocumental\RecepcionDocumental\tools\DocumentAiProbe\experiments\H1D10A\text\707A0612969061182FCD182790AC956C51265BCC4C3078FEFF93823F1E9F1735.native.txt,4D84DD3A877F14D28238641DDC4C437ECBC9BBA1BFEFCC31C7A5BA81F641873F
70AB86572E06875C396D8221A2F69C9F9D562506F1D227E250F96A0294F8C658,TextAsset,C:\Users\omard\source\repos\RecepcionDocumental\RecepcionDocumental\tools\DocumentAiProbe\experiments\H1D10A\text\70AB86572E06875C396D8221A2F69C9F9D562506F1D227E250F96A0294F8C658.native.txt,6AA7971071BD87739F349B82B4AF0F380FC4271F70BAFF165E235DE839038C52
70B4CD9A1264D42D8290410E17519C058F7DF514C05BF5725C9F7441BB00E27D,TextAsset,C:\Users\omard\source\repos\RecepcionDocumental\RecepcionDocumental\tools\DocumentAiProbe\experiments\H1D10A\text\70B4CD9A1264D42D8290410E17519C058F7DF514C05BF5725C9F7441BB00E27D.native.txt,F7C59948544198EB8CC8351EBBCC1E3B0A1D1C717AFA3DFDD7AE1E3F70D6583B
70D73626A396EF94EB5D6F929B9521B736FBF5E912AB1D89DF322A4FEF6A454A,TextAsset,C:\Users\omard\source\repos\RecepcionDocumental\RecepcionDocumental\tools\DocumentAiProbe\experiments\H1D10A\text\70D73626A396EF94EB5D6F929B9521B736FBF5E912AB1D89DF322A4FEF6A454A.native.txt,45628D034EC57EB68B345953FD7F289726EB524B91261F593EF7A76E72FCD579
70D93374DC5BE743CA638BB0B09EB9765F8BAF882B539E0C8B1882F69EA2D180,TextAsset,C:\Users\omard\source\repos\RecepcionDocumental\RecepcionDocumental\tools\DocumentAiProbe\experiments\H1D10A\text\70D93374DC5BE743CA638BB0B09EB9765F8BAF882B539E0C8B1882F69EA2D180.native.txt,6C4EC36EA6A4443A1E6C4DB40A60CE7984B4AAAEA39222DCD44926D681A8B7C6
71273BE17289DA2920A0A8A1A0E17A6DABED2A43DB33A8FD3D5B2FD8C0C4C031,TextAsset,C:\Users\omard\source\repos\RecepcionDocumental\RecepcionDocumental\tools\DocumentAiProbe\experiments\H1D10A\text\71273BE17289DA2920A0A8A1A0E17A6DABED2A43DB33A8FD3D5B2FD8C0C4C031.ocr.txt,53EEC2D89742B57B61188C2F6AF224CF8609D6F8024780FC79ECBE2FAD7F4212
727CFDEC5B928E4A63BAF2E67A9B26AB1EC0EAF73B78DDAA02D8E2C65F245C32,TextAsset,C:\Users\omard\source\repos\RecepcionDocumental\RecepcionDocumental\tools\DocumentAiProbe\experiments\H1D10A\text\727CFDEC5B928E4A63BAF2E67A9B26AB1EC0EAF73B78DDAA02D8E2C65F245C32.native.txt,29E10622FD53EBA1C8DDDE9CBC93C5373DF1B6B630EAE7EC1FB9518FDFC6F2ED
7283909A30C86B8131301F460285F46B33BBAAC2D3CB556104D366BE677DE138,TextAsset,C:\Users\omard\source\repos\RecepcionDocumental\RecepcionDocumental\tools\DocumentAiProbe\experiments\H1D10A\text\7283909A30C86B8131301F460285F46B33BBAAC2D3CB556104D366BE677DE138.native.txt,DF56BE247AFEFC46B1279AF26B7AF81EA83F8F9CD8D9DDC323BCFC6E0C0081A1
729A1203860525891D21A701B07FC575EBA4638867490110DF195EBDD3E24834,TextAsset,C:\Users\omard\source\repos\RecepcionDocumental\RecepcionDocumental\tools\DocumentAiProbe\experiments\H1D10A\text\729A1203860525891D21A701B07FC575EBA4638867490110DF195EBDD3E24834.native.txt,9EA2B53558242C9C2709DB3EE7CC9503706D780C9EC8DB8D216E9F60EF5E11A2
72B1A25BE1FB975D7E71D41CB49C2F6B0D661C89E9AFC94D92FD23B56BBBB193,TextAsset,C:\Users\omard\source\repos\RecepcionDocumental\RecepcionDocumental\tools\DocumentAiProbe\experiments\H1D10A\text\72B1A25BE1FB975D7E71D41CB49C2F6B0D661C89E9AFC94D92FD23B56BBBB193.native.txt,BEDFB760449C1B9C5FCC87B41B8F70E1F8E84D7DC0B25179C25AEF73FBED88C1
72D76D6DAE007FA4DC7A3A4B431031B6EE2D2483276CBEDB01FA2CD3D08CAE52,TextAsset,C:\Users\omard\source\repos\RecepcionDocumental\RecepcionDocumental\tools\DocumentAiProbe\experiments\H1D10A\text\72D76D6DAE007FA4DC7A3A4B431031B6EE2D2483276CBEDB01FA2CD3D08CAE52.native.txt,7771F7604B067F874D999A3E305552A92A92324759AE0CBD7C0092F4D3CE45F7
72EDC21A6C809D59BF19C16BA004EBEDB2A9EF36E30C4021255587BD85D02DFA,TextAsset,C:\Users\omard\source\repos\RecepcionDocumental\RecepcionDocumental\tools\DocumentAiProbe\experiments\H1D10A\text\72EDC21A6C809D59BF19C16BA004EBEDB2A9EF36E30C4021255587BD85D02DFA.native.txt,F1828479FF9B4792CB57A548D558D462AFE4372FFE39B0B5F702E679CDD3B974
734D420EFE50C1A4EA6741B4B69806B2E5ABF1BE40CF866D3560F903ACE2AF2C,TextAsset,C:\Users\omard\source\repos\RecepcionDocumental\RecepcionDocumental\tools\DocumentAiProbe\experiments\H1D10A\text\734D420EFE50C1A4EA6741B4B69806B2E5ABF1BE40CF866D3560F903ACE2AF2C.ocr.txt,5AF93553BE4D47A837315FDB51C79B84EC3753EA36FEBF5CE1C25BCEEB9C1A16
73D84FABB35BD6AB8B9F6D7AE59524102BFE262746A54FDCCD57EA0FCA0DA016,TextAsset,C:\Users\omard\source\repos\RecepcionDocumental\RecepcionDocumental\tools\DocumentAiProbe\experiments\H1D10A\text\73D84FABB35BD6AB8B9F6D7AE59524102BFE262746A54FDCCD57EA0FCA0DA016.native.txt,493B0FB4E4043D77442EA63199C36C27F8C049B62D8EB26B402021E42049E3EE
745AAFF23345A2A40AC1BC45D5BA745C0EC6611A849A1A32E8738B3227780E38,TextAsset,C:\Users\omard\source\repos\RecepcionDocumental\RecepcionDocumental\tools\DocumentAiProbe\experiments\H1D10A\text\745AAFF23345A2A40AC1BC45D5BA745C0EC6611A849A1A32E8738B3227780E38.native.txt,10ED13679DC12031C3B3E74038B2F1B46731EB468655D98E103CFCEF7ECB200D
746231C240660A5BAA14A9CA67FC64A423EB229468923A3B171B6A20CCDE68F2,TextAsset,C:\Users\omard\source\repos\RecepcionDocumental\RecepcionDocumental\tools\DocumentAiProbe\experiments\H1D10A\text\746231C240660A5BAA14A9CA67FC64A423EB229468923A3B171B6A20CCDE68F2.ocr.txt,B4C1B6B4BA1E17A6535E513DF0847C90256FE6A4B3D3680E2CF8CED5408CF30D
7486AA6E43E29A8BB7F64B6583C2FF330FEC901518E563D0D86E5DA025BDD695,TextAsset,C:\Users\omard\source\repos\RecepcionDocumental\RecepcionDocumental\tools\DocumentAiProbe\experiments\H1D10A\text\7486AA6E43E29A8BB7F64B6583C2FF330FEC901518E563D0D86E5DA025BDD695.native.txt,728FFCC32F37E783D0BE7155BBD4C8809806F76AC00F1CC22B116F17D895D19B
750B2F485A400D74B7BD2A709DFDAF8C1C8B3A9108B1402DE0CBB48E40BEEB96,TextAsset,C:\Users\omard\source\repos\RecepcionDocumental\RecepcionDocumental\tools\DocumentAiProbe\experiments\H1D10A\text\750B2F485A400D74B7BD2A709DFDAF8C1C8B3A9108B1402DE0CBB48E40BEEB96.native.txt,99A1F44BB50C445BAC981058148B50837A7600EED2700A38F8BFFC77C82D7507
75311A6D3AB7F6E86672C3EC7334673FFC77C9D949ECE67E55E38DFE7685242D,TextAsset,C:\Users\omard\source\repos\RecepcionDocumental\RecepcionDocumental\tools\DocumentAiProbe\experiments\H1D10A\text\75311A6D3AB7F6E86672C3EC7334673FFC77C9D949ECE67E55E38DFE7685242D.native.txt,382BAB7CE8B33BC6F8E51D514D94DCA65C2CA94FDCDACD8C4AF8E9E73DA9411C
75DF61E9FDA845DC081CFC82F85D18F3ACA95979563AA94854B1AECE0FC6E62C,TextAsset,C:\Users\omard\source\repos\RecepcionDocumental\RecepcionDocumental\tools\DocumentAiProbe\experiments\H1D10A\text\75DF61E9FDA845DC081CFC82F85D18F3ACA95979563AA94854B1AECE0FC6E62C.native.txt,1F3F5A0BD5CB6D5443AD29D7B43E6E6C13FAA1DB89534F1357BD630CC4EDDAC6
770A8BC869BDA23991E48A3B5B586B63CA3D2B9EBE6F533495495AC3CCDAC92C,TextAsset,C:\Users\omard\source\repos\RecepcionDocumental\RecepcionDocumental\tools\DocumentAiProbe\experiments\H1D10A\text\770A8BC869BDA23991E48A3B5B586B63CA3D2B9EBE6F533495495AC3CCDAC92C.native.txt,6B70EB3C74F211AFE04B2F0D33E97298797FEAA8471D98B5552581456B8000A4
77AB12E6E272D3EC7E5B2888D48DDAC76D88FAEE32E50A217EFFF853DCCC0333,TextAsset,C:\Users\omard\source\repos\RecepcionDocumental\RecepcionDocumental\tools\DocumentAiProbe\experiments\H1D10A\text\77AB12E6E272D3EC7E5B2888D48DDAC76D88FAEE32E50A217EFFF853DCCC0333.native.txt,80FA5D31EF2E6D1A457DA7AED5E3B96C5840886A8D1E88A4C12D085FDB054959
77C8E69B8E42A208123699516A8833425435CEEED3CC26FF90FC0D6B87185263,TextAsset,C:\Users\omard\source\repos\RecepcionDocumental\RecepcionDocumental\tools\DocumentAiProbe\experiments\H1D10A\text\77C8E69B8E42A208123699516A8833425435CEEED3CC26FF90FC0D6B87185263.native.txt,526AFBE06AD8A520E65EA01FEE504D21C9622D99A3B61CF422B52D7A3C7E824D
77FA31F97509D7D255FCB2E4179652A1CD91A196971D3510623FD37D68F8823C,TextAsset,C:\Users\omard\source\repos\RecepcionDocumental\RecepcionDocumental\tools\DocumentAiProbe\experiments\H1D10A\text\77FA31F97509D7D255FCB2E4179652A1CD91A196971D3510623FD37D68F8823C.native.txt,65BE0FE14725DF4E3FF7C104B389741A44316F23363A3270450AFFF8D2754B76
784F9D9BD68F96A9846EBDC73B1696064770C69B575188710425213F05201DC0,TextAsset,C:\Users\omard\source\repos\RecepcionDocumental\RecepcionDocumental\tools\DocumentAiProbe\experiments\H1D10A\text\784F9D9BD68F96A9846EBDC73B1696064770C69B575188710425213F05201DC0.native.txt,A2C3068DFF346AE17021ADF467298B4C5B8CEFB32A79A7F809B8687D9B08BBCF
78F72149A9868B3E46CE41826362BFC1D49ACD0B74BA8B96C49C9F8EB34B8DC3,TextAsset,C:\Users\omard\source\repos\RecepcionDocumental\RecepcionDocumental\tools\DocumentAiProbe\experiments\H1D10A\text\78F72149A9868B3E46CE41826362BFC1D49ACD0B74BA8B96C49C9F8EB34B8DC3.native.txt,A3208998B83043F2284C2C4DF4DE2C068AB3CAF4BA679A90C38415E8BE25E3DD
79D72B16CC2B5501799E933CF4EE6BC2E55AA6B0FA2908E8EA10127B43C3F3E7,TextAsset,C:\Users\omard\source\repos\RecepcionDocumental\RecepcionDocumental\tools\DocumentAiProbe\experiments\H1D10A\text\79D72B16CC2B5501799E933CF4EE6BC2E55AA6B0FA2908E8EA10127B43C3F3E7.native.txt,06BFE9F98F9DF246D79D967447913C97554DEB09E1AA6135117AF15E027EE503
7A6B56B879EB82E96964292110FC30DAF7A117007D35FA16FC9BDF39CCF431A4,TextAsset,C:\Users\omard\source\repos\RecepcionDocumental\RecepcionDocumental\tools\DocumentAiProbe\experiments\H1D10A\text\7A6B56B879EB82E96964292110FC30DAF7A117007D35FA16FC9BDF39CCF431A4.native.txt,2034DD0C6E6916B387EB27944AAE8483F835320C4D418D050E1E94FC7C06518F
7A6F6A8DC8DDE99AD6F4F4FCE92CEEAB938B1A8D791A65A45C343C7C060282EF,TextAsset,C:\Users\omard\source\repos\RecepcionDocumental\RecepcionDocumental\tools\DocumentAiProbe\experiments\H1D10A\text\7A6F6A8DC8DDE99AD6F4F4FCE92CEEAB938B1A8D791A65A45C343C7C060282EF.ocr.txt,AEA8B18D39138275F39E672C972A8DB46BC2B52E0CB7442FC511AA1AF8040275
7AC1C9AC52EB6F71A1818DD3EFD8652BD707373F5044E68001CB9D34E4DBCD61,TextAsset,C:\Users\omard\source\repos\RecepcionDocumental\RecepcionDocumental\tools\DocumentAiProbe\experiments\H1D10A\text\7AC1C9AC52EB6F71A1818DD3EFD8652BD707373F5044E68001CB9D34E4DBCD61.native.txt,1004A5BA3A51E3A88CEFAEFE8BA6A2F114E6AED9F9BB3B21A3920F03803EBEDE
7B037B2AB2DF4F75EBAE4A4ED1922516E2EA37BD84D5053D354185B624070D2E,TextAsset,C:\Users\omard\source\repos\RecepcionDocumental\RecepcionDocumental\tools\DocumentAiProbe\experiments\H1D10A\text\7B037B2AB2DF4F75EBAE4A4ED1922516E2EA37BD84D5053D354185B624070D2E.native.txt,16C0F822A1F09BF88F145B7F9CB560A5FC415B6D1F50E6266BED6AE895EEEE29
7B86358A58D6B220DB2FA71EB2F990126E71791245D63DE2BC6F4893E1112D57,TextAsset,C:\Users\omard\source\repos\RecepcionDocumental\RecepcionDocumental\tools\DocumentAiProbe\experiments\H1D10A\text\7B86358A58D6B220DB2FA71EB2F990126E71791245D63DE2BC6F4893E1112D57.ocr.txt,FCECEC041EFD7162CCF07D9558EB7D4A720F87C34E59B3ECB6B2E6649180BFA4
7BDE4A6234A63437FD49094A42DF1BCF9206DCD39D993587EBF7AB45B0B73F4B,TextAsset,C:\Users\omard\source\repos\RecepcionDocumental\RecepcionDocumental\tools\DocumentAiProbe\experiments\H1D10A\text\7BDE4A6234A63437FD49094A42DF1BCF9206DCD39D993587EBF7AB45B0B73F4B.native.txt,2F739FB47C7D260105F4A70CBA1CF44F6164EF0B44DBBAA1BE715018C7C4A410
7C18DB2B45B457019E9904C1E7295A6F915742075D0CD4164CA1A72B0E7E34A2,TextAsset,C:\Users\omard\source\repos\RecepcionDocumental\RecepcionDocumental\tools\DocumentAiProbe\experiments\H1D10A\text\7C18DB2B45B457019E9904C1E7295A6F915742075D0CD4164CA1A72B0E7E34A2.native.txt,FF84DA85B2C0ED34A9F074520F8D561300E66D473C3494F94776E83516696993
7D7462CE30AA30D68CF67E839C4773AF8CBE77EFB76BAC999469CA458FB25597,TextAsset,C:\Users\omard\source\repos\RecepcionDocumental\RecepcionDocumental\tools\DocumentAiProbe\experiments\H1D10A\text\7D7462CE30AA30D68CF67E839C4773AF8CBE77EFB76BAC999469CA458FB25597.native.txt,CD70C274408A2317E19D268D6088446205F45BDD3DB69AF681965A00CE55C660
7D8EC296513F445D9002B9807DAB61EC038108C45A4681A2CF802E5783C76CB2,TextAsset,C:\Users\omard\source\repos\RecepcionDocumental\RecepcionDocumental\tools\DocumentAiProbe\experiments\H1D10A\text\7D8EC296513F445D9002B9807DAB61EC038108C45A4681A2CF802E5783C76CB2.native.txt,CD3F362889ABF7FC11C8DD603E08D156DBBF8559265D9CCDDE2E4DC561FA90E4
7E0C729D987C511194C9252681C4A1432D6F256F9CF4B75D24DD5A501612ED8D,TextAsset,C:\Users\omard\source\repos\RecepcionDocumental\RecepcionDocumental\tools\DocumentAiProbe\experiments\H1D10A\text\7E0C729D987C511194C9252681C4A1432D6F256F9CF4B75D24DD5A501612ED8D.ocr.txt,9811E0E32FAC541ED219E49EACBC622418608E34661190E923903FA09D50743F
7E53EAEC3C1D84F7366B87F6375927162044A78723C19B68ED1C7E7FDE4185B3,TextAsset,C:\Users\omard\source\repos\RecepcionDocumental\RecepcionDocumental\tools\DocumentAiProbe\experiments\H1D10A\text\7E53EAEC3C1D84F7366B87F6375927162044A78723C19B68ED1C7E7FDE4185B3.native.txt,44E8259877AC5C7637B6B555C6CB7964C31793EE456940B185B2B284CCBEAE26
7E5442F653047ED7FDC7F3F5E3FB0941703D5508A6DD880D65AEDF9336446D94,TextAsset,C:\Users\omard\source\repos\RecepcionDocumental\RecepcionDocumental\tools\DocumentAiProbe\experiments\H1D10A\text\7E5442F653047ED7FDC7F3F5E3FB0941703D5508A6DD880D65AEDF9336446D94.native.txt,598CF9B1D9E1C0D8C6CDDF704B54ECF10EB749DDA4C1FFCEA05E3AA86FE8EEDC
7EDA56327FF407D9C50987489E9F5D0FF3F4EDC0505D46FFFC3A07C6099C2F75,TextAsset,C:\Users\omard\source\repos\RecepcionDocumental\RecepcionDocumental\tools\DocumentAiProbe\experiments\H1D10A\text\7EDA56327FF407D9C50987489E9F5D0FF3F4EDC0505D46FFFC3A07C6099C2F75.ocr.txt,5F4CA54F22E047564731834AF9FC2FDB7081F814C2E8028A68EB71ABDA2DC3C9
7FA73ECA9F264C3E86DF430ECE8915B619AE5CB4B39D335F700E2A37DA13318C,TextAsset,C:\Users\omard\source\repos\RecepcionDocumental\RecepcionDocumental\tools\DocumentAiProbe\experiments\H1D10A\text\7FA73ECA9F264C3E86DF430ECE8915B619AE5CB4B39D335F700E2A37DA13318C.native.txt,2B4A28FF8249E316BE4624CA02553DCB8F137CDD700E09CFAE7BCBD58E6DDCC7
801CB1376CD7B7FD1DCFD45C87222BF5B9E48680C4D5BD21F1A3565052DE8416,TextAsset,C:\Users\omard\source\repos\RecepcionDocumental\RecepcionDocumental\tools\DocumentAiProbe\experiments\H1D10A\text\801CB1376CD7B7FD1DCFD45C87222BF5B9E48680C4D5BD21F1A3565052DE8416.native.txt,5DCE1E1FD7758E8256E3512E57AA18D2456BC0431DA47B86D9B2CF27C4D067F1
8046CECC2F808FA41C8D708DBCCDFFA069BB9BC26A69B03C857B80F14D8D5F5A,TextAsset,C:\Users\omard\source\repos\RecepcionDocumental\RecepcionDocumental\tools\DocumentAiProbe\experiments\H1D10A\text\8046CECC2F808FA41C8D708DBCCDFFA069BB9BC26A69B03C857B80F14D8D5F5A.native.txt,197F93A634C3FB88EB7C227E5E4B09172336B3695C2822253142507E2AED8F28
8055F436B8FD147B8B86E15A1DEDE16DC1E38F36E766AE84819837AA97A246FA,TextAsset,C:\Users\omard\source\repos\RecepcionDocumental\RecepcionDocumental\tools\DocumentAiProbe\experiments\H1D10A\text\8055F436B8FD147B8B86E15A1DEDE16DC1E38F36E766AE84819837AA97A246FA.native.txt,9ABF48D336D28357502A56382BC5E86BA683228B1969FBC8E3C3E963EABB5676
80EA8AC4D75DCB8E1A8079A5C2BA9A0C929CA2C2D93DEDAF3D9A9EAE85A47D52,TextAsset,C:\Users\omard\source\repos\RecepcionDocumental\RecepcionDocumental\tools\DocumentAiProbe\experiments\H1D10A\text\80EA8AC4D75DCB8E1A8079A5C2BA9A0C929CA2C2D93DEDAF3D9A9EAE85A47D52.native.txt,C3D1C28A19788CE3742B719D0245D7E64B191BC5F125C9AF115C970570C7D393
80F8293DA32D79D925FA851C066FB4DF6378233EA2B89DDF5B3E47510D5C7F70,TextAsset,C:\Users\omard\source\repos\RecepcionDocumental\RecepcionDocumental\tools\DocumentAiProbe\experiments\H1D10A\text\80F8293DA32D79D925FA851C066FB4DF6378233EA2B89DDF5B3E47510D5C7F70.ocr.txt,F9C25676688CDDBB2644BCF0F40E79E5A01B7EECB70091B7FB2B8F0551658F52
81B0F71C6C8208A35D9E7B41F0D01002293F3930C34DDFC0A2FCE923805D488F,TextAsset,C:\Users\omard\source\repos\RecepcionDocumental\RecepcionDocumental\tools\DocumentAiProbe\experiments\H1D10A\text\81B0F71C6C8208A35D9E7B41F0D01002293F3930C34DDFC0A2FCE923805D488F.native.txt,C1DA470E0FB149EAEEB3935C79D7D136E024163BCA096C2A6C518473195AB13D
82F699C0366E2AB9ABE9671D5905CD7178E2B1233EE193DAB4FE55EE4C5CCA86,TextAsset,C:\Users\omard\source\repos\RecepcionDocumental\RecepcionDocumental\tools\DocumentAiProbe\experiments\H1D10A\text\82F699C0366E2AB9ABE9671D5905CD7178E2B1233EE193DAB4FE55EE4C5CCA86.native.txt,A25E3980D9155E3018E8CDF5C5E6725E5FE59B8A2D0899236ED49DA07AF25021
838BDD3491B67E2E7A98FAF41EE394F622A0A3C6E67F48909DF591C1015D861A,TextAsset,C:\Users\omard\source\repos\RecepcionDocumental\RecepcionDocumental\tools\DocumentAiProbe\experiments\H1D10A\text\838BDD3491B67E2E7A98FAF41EE394F622A0A3C6E67F48909DF591C1015D861A.native.txt,B59FB03EAB9C0E1997201B8077248DDA7FF7A87950C89119FE91D1B0CD1E28FA
83960E4A2025A3CEAC1669AF3BB0760321D7AA2FE2B239CD5DEDE439BA0A7CD5,TextAsset,C:\Users\omard\source\repos\RecepcionDocumental\RecepcionDocumental\tools\DocumentAiProbe\experiments\H1D10A\text\83960E4A2025A3CEAC1669AF3BB0760321D7AA2FE2B239CD5DEDE439BA0A7CD5.native.txt,460BB7A783538D68492188CE6B03EB024451B51B31641A47A62761143BCE8F8A
83D3787D3C1C67BDE0CF0859A1C1CFBAFD12CB2A08DCEACFED823A939AB86448,TextAsset,C:\Users\omard\source\repos\RecepcionDocumental\RecepcionDocumental\tools\DocumentAiProbe\experiments\H1D10A\text\83D3787D3C1C67BDE0CF0859A1C1CFBAFD12CB2A08DCEACFED823A939AB86448.native.txt,6E0BBAD02E875928198DE8E590F35D2DB62C274C4F150CBBFADF505B77FB2101
83FF610427EDDFDCACCC0701011861D95A017E8EFFEDC212097521687AEA30A5,TextAsset,C:\Users\omard\source\repos\RecepcionDocumental\RecepcionDocumental\tools\DocumentAiProbe\experiments\H1D10A\text\83FF610427EDDFDCACCC0701011861D95A017E8EFFEDC212097521687AEA30A5.native.txt,55C9F43A25633E4A9E5128F93069A843A6494E6E6A104440DF4ABE9C3A715361
8441B87BFC984C929BA7CAD936B73DC8744FCB5AFCE7621462F69256E436A220,TextAsset,C:\Users\omard\source\repos\RecepcionDocumental\RecepcionDocumental\tools\DocumentAiProbe\experiments\H1D10A\text\8441B87BFC984C929BA7CAD936B73DC8744FCB5AFCE7621462F69256E436A220.native.txt,57697BD4010BB266282A0A043B86F6AD8F4D46AC35B7101EE055C481970A05A1
8469C1DC30FA68ACF9AB761890C24E46FFE9EC17A4D94BB19C855CF91D165413,TextAsset,C:\Users\omard\source\repos\RecepcionDocumental\RecepcionDocumental\tools\DocumentAiProbe\experiments\H1D10A\text\8469C1DC30FA68ACF9AB761890C24E46FFE9EC17A4D94BB19C855CF91D165413.ocr.txt,4D6E0A21A742D1EDDFF22C01EFD591D054C0FC56C4E7CF49DDA67F014E091A01
84C3696B2F8E391A2EE5E0C40990CFDF6A01BF1DB432F8037606E840030944A6,TextAsset,C:\Users\omard\source\repos\RecepcionDocumental\RecepcionDocumental\tools\DocumentAiProbe\experiments\H1D10A\text\84C3696B2F8E391A2EE5E0C40990CFDF6A01BF1DB432F8037606E840030944A6.ocr.txt,510F0B7DEF581A8D0CF8E92EF5D31AAAC89224B0A9353A8BA8821D9DC87E70AF
84D9E205506ADA7BE8467CBE10D347D7C258D7751CFAA2BCA48B2E9C59FC6108,TextAsset,C:\Users\omard\source\repos\RecepcionDocumental\RecepcionDocumental\tools\DocumentAiProbe\experiments\H1D10A\text\84D9E205506ADA7BE8467CBE10D347D7C258D7751CFAA2BCA48B2E9C59FC6108.ocr.txt,2063EDE389CB3AC2467DD20A95D3E76FBAC9AEB0E9B0B660C1870A7C5D77B58C
85DD96B52360238128DEBF13F22C3A11653044338087911CC47DF0C06BE38D6A,TextAsset,C:\Users\omard\source\repos\RecepcionDocumental\RecepcionDocumental\tools\DocumentAiProbe\experiments\H1D10A\text\85DD96B52360238128DEBF13F22C3A11653044338087911CC47DF0C06BE38D6A.native.txt,D2776DBD48249D0EADB17E1101EE8F613D8A0BF137755F01D608467AE8CDDA6C
863D96C2CB9C9BBE49C71442191E1490BE86EF8924B31349B08B797D4F23CE2A,TextAsset,C:\Users\omard\source\repos\RecepcionDocumental\RecepcionDocumental\tools\DocumentAiProbe\experiments\H1D10A\text\863D96C2CB9C9BBE49C71442191E1490BE86EF8924B31349B08B797D4F23CE2A.native.txt,22B456D2785D71B123A3A74743C884941335445B1C8BA2283B735D73C07513B0
8679AF44469FF9AA689315147277CB2AD7730B02C966251EF88D6734C02F8E39,TextAsset,C:\Users\omard\source\repos\RecepcionDocumental\RecepcionDocumental\tools\DocumentAiProbe\experiments\H1D10A\text\8679AF44469FF9AA689315147277CB2AD7730B02C966251EF88D6734C02F8E39.ocr.txt,B51675CE5F9D271FB1BF1DB0E03CF55D76B4E4C0B0E76E86DD32F4DAD3B05A73
86843BA2824BF042AC7FB104A213134C86A7CC60C61C2849ECD243AC58702D17,TextAsset,C:\Users\omard\source\repos\RecepcionDocumental\RecepcionDocumental\tools\DocumentAiProbe\experiments\H1D10A\text\86843BA2824BF042AC7FB104A213134C86A7CC60C61C2849ECD243AC58702D17.native.txt,0E4ECB6367206F7EE1020FDA6EBFE68EC987C0F10C7D7A572E2D646665CEA14A
86A099DFDEC94FD6B3BE5207E700F8103303ECF1730B079A72D5ECECEA862CBC,TextAsset,C:\Users\omard\source\repos\RecepcionDocumental\RecepcionDocumental\tools\DocumentAiProbe\experiments\H1D10A\text\86A099DFDEC94FD6B3BE5207E700F8103303ECF1730B079A72D5ECECEA862CBC.native.txt,35011FD39ABB44482AABFF5064E463D6FD709135FE5E38760B46E250857CFF86
86C678C7F385714269F42E69A8DBB7CF3E1DD7DC25C93C12606893609B093A14,TextAsset,C:\Users\omard\source\repos\RecepcionDocumental\RecepcionDocumental\tools\DocumentAiProbe\experiments\H1D10A\text\86C678C7F385714269F42E69A8DBB7CF3E1DD7DC25C93C12606893609B093A14.ocr.txt,7ABF359E811F8B0E5C8DF14EFAF33279D839F10EE7785EBB883F1DF22923F58E
871A27FC662D38A1C559011615D6A48C9E1BA8D3CC32A234BD5503498F2671F0,TextAsset,C:\Users\omard\source\repos\RecepcionDocumental\RecepcionDocumental\tools\DocumentAiProbe\experiments\H1D10A\text\871A27FC662D38A1C559011615D6A48C9E1BA8D3CC32A234BD5503498F2671F0.ocr.txt,FBC5EC923EDF5A11EC05957E442F3E37C98DA4587F82736A57C6F21CFA4D1E7D
872FB7DA763A4201C73317F430045C9C678991CFBA2936CCA0C6AF6F3E507B02,TextAsset,C:\Users\omard\source\repos\RecepcionDocumental\RecepcionDocumental\tools\DocumentAiProbe\experiments\H1D10A\text\872FB7DA763A4201C73317F430045C9C678991CFBA2936CCA0C6AF6F3E507B02.native.txt,583DF89F8E3180EA4869B767B62D407D5A4C4F74FAF34EF9B40E52505DCF386E
87AF9B6C07186BDDB815D96BE317D66144F33FF28A3E4C7CB8D3B2D0DBACB3A6,TextAsset,C:\Users\omard\source\repos\RecepcionDocumental\RecepcionDocumental\tools\DocumentAiProbe\experiments\H1D10A\text\87AF9B6C07186BDDB815D96BE317D66144F33FF28A3E4C7CB8D3B2D0DBACB3A6.ocr.txt,6327A11797103BEA18B23ECBBA0C83F092FFF075520C4F683634502833669EF3
87F2AA02637EE62913CB081146FA2CED91CE4FEA16C4B729941E3652EDC7F8AF,TextAsset,C:\Users\omard\source\repos\RecepcionDocumental\RecepcionDocumental\tools\DocumentAiProbe\experiments\H1D10A\text\87F2AA02637EE62913CB081146FA2CED91CE4FEA16C4B729941E3652EDC7F8AF.native.txt,EE8F28A5408B30EBE0AF1EDCBB6DE0FE179C14597D1FD361836F57203A7D4280
8948EFE038972CDAA69FBA12222372A32FAB25660E9FE688F303C0843F57B065,TextAsset,C:\Users\omard\source\repos\RecepcionDocumental\RecepcionDocumental\tools\DocumentAiProbe\experiments\H1D10A\text\8948EFE038972CDAA69FBA12222372A32FAB25660E9FE688F303C0843F57B065.native.txt,265D75BC4F7A5105EAC47BCD183ECCE12375CE9E33EF77C51B93FBE825D85556
895412EA332ACCBA41F9B28494B31FAE1EA1AA820FC26815D81C84882DA4176D,TextAsset,C:\Users\omard\source\repos\RecepcionDocumental\RecepcionDocumental\tools\DocumentAiProbe\experiments\H1D10A\text\895412EA332ACCBA41F9B28494B31FAE1EA1AA820FC26815D81C84882DA4176D.native.txt,1D0A3FDE2D3D35B65C78006BD05D8B037D22DC4EE3D2B6AFEF2E01FBEE6F737C
89ED291443AE0BB7EC1C6646F2AE9BFB22F77D463839310C80F3463F78F3FEB4,TextAsset,C:\Users\omard\source\repos\RecepcionDocumental\RecepcionDocumental\tools\DocumentAiProbe\experiments\H1D10A\text\89ED291443AE0BB7EC1C6646F2AE9BFB22F77D463839310C80F3463F78F3FEB4.native.txt,372D61B4B1BDBEABFC4E9DB992336A7B784337BFC57B83951347CB04CA4EA3CA
8A55E59D25578AB42D030998A505AD64E19E983E4D325911A3013DB958E779C0,TextAsset,C:\Users\omard\source\repos\RecepcionDocumental\RecepcionDocumental\tools\DocumentAiProbe\experiments\H1D10A\text\8A55E59D25578AB42D030998A505AD64E19E983E4D325911A3013DB958E779C0.ocr.txt,271CD5420DBD16BC19A35F4FAE0BFE5A87F67231E8B67DEEA7009C827ACF03BD
8A64B41735B3B600608142415E0C217D7F0C612A792192C0B59C69389228BDDD,TextAsset,C:\Users\omard\source\repos\RecepcionDocumental\RecepcionDocumental\tools\DocumentAiProbe\experiments\H1D10A\text\8A64B41735B3B600608142415E0C217D7F0C612A792192C0B59C69389228BDDD.native.txt,764BDE1DB0B748E209615F851D74D5914B013676B087977D675CF5A82AC085AB
8A98B36B86D14525DBB239EC247A4C69EC070884F059CEACB00B551F187AEDA1,TextAsset,C:\Users\omard\source\repos\RecepcionDocumental\RecepcionDocumental\tools\DocumentAiProbe\experiments\H1D10A\text\8A98B36B86D14525DBB239EC247A4C69EC070884F059CEACB00B551F187AEDA1.ocr.txt,A6F7C10BD231179689394272A3537260A37A15361B8F17097938110BAF1C5024
8AB10F657AC45624CBA60319A6D6E3903B0796C20680B4F0128F2E29EC6814B9,TextAsset,C:\Users\omard\source\repos\RecepcionDocumental\RecepcionDocumental\tools\DocumentAiProbe\experiments\H1D10A\text\8AB10F657AC45624CBA60319A6D6E3903B0796C20680B4F0128F2E29EC6814B9.native.txt,0F1C61E3F36FF43F85C8B7B1A971CAC3D9B54D0025EC513C27175B59E3BB87A0
8B413A28B2078C81F33BFA43153D0505069C9EC5CB4BCFF69F9E3BFD8B2BEB65,TextAsset,C:\Users\omard\source\repos\RecepcionDocumental\RecepcionDocumental\tools\DocumentAiProbe\experiments\H1D10A\text\8B413A28B2078C81F33BFA43153D0505069C9EC5CB4BCFF69F9E3BFD8B2BEB65.native.txt,41F6D70FFD08B9C4810549CBA6AE21829DA882BE91366C520CEE6433394FF47F
8B5CA18A91177CF5FEE4C93A727A39D67FC6CC06FECC508B41ECCD19AEB5EA5F,TextAsset,C:\Users\omard\source\repos\RecepcionDocumental\RecepcionDocumental\tools\DocumentAiProbe\experiments\H1D10A\text\8B5CA18A91177CF5FEE4C93A727A39D67FC6CC06FECC508B41ECCD19AEB5EA5F.native.txt,72B52F4C0DA1E76FF4470F23C048E0700FB2D424B9AB646C05790DA29348D0D0
8B66E370C91ACB0D718E699B802643202D3DEAC9809FE10A978631CF03836B37,TextAsset,C:\Users\omard\source\repos\RecepcionDocumental\RecepcionDocumental\tools\DocumentAiProbe\experiments\H1D10A\text\8B66E370C91ACB0D718E699B802643202D3DEAC9809FE10A978631CF03836B37.native.txt,BFA2ADF4649B3ADE3C1590A9C777F759B83885AE5EB41F7FDFA6F296E876E304
8B7554C363443A9568CB0DE71C08C6F1D4481B09F56E7E90BF741C53ACB0C91B,TextAsset,C:\Users\omard\source\repos\RecepcionDocumental\RecepcionDocumental\tools\DocumentAiProbe\experiments\H1D10A\text\8B7554C363443A9568CB0DE71C08C6F1D4481B09F56E7E90BF741C53ACB0C91B.ocr.txt,90AEEE55177034A1E79E3E1A438EA03C56DCCA9E8A2CDC2BA9B8BFE26174110F
8B99A22D29696717771CBAF632D3CDCFFF3E56D09B122D3A8E5A9FD20AC70C62,TextAsset,C:\Users\omard\source\repos\RecepcionDocumental\RecepcionDocumental\tools\DocumentAiProbe\experiments\H1D10A\text\8B99A22D29696717771CBAF632D3CDCFFF3E56D09B122D3A8E5A9FD20AC70C62.ocr.txt,3F83E56CD46FC6FA35E2D56BA9BB5077AE52CB8F5472C19C16846B97B5A6138B
8BB2619FAE5554CE04971B56DA87DD320154C038B95EE961DA4A893D8AE8261D,TextAsset,C:\Users\omard\source\repos\RecepcionDocumental\RecepcionDocumental\tools\DocumentAiProbe\experiments\H1D10A\text\8BB2619FAE5554CE04971B56DA87DD320154C038B95EE961DA4A893D8AE8261D.native.txt,7F0463A87E74EE578736CDFB54AA72B5319EFF8608C91C490DBBD4A4DB974656
8BB6A993C31E82AC7CB82A8F7DA256410F5D07F2EAD669F18712B19DAF9D05ED,TextAsset,C:\Users\omard\source\repos\RecepcionDocumental\RecepcionDocumental\tools\DocumentAiProbe\experiments\H1D10A\text\8BB6A993C31E82AC7CB82A8F7DA256410F5D07F2EAD669F18712B19DAF9D05ED.native.txt,4AE8C90398224E7B5384DB9AEEEB537806EB539670824BDECA6FF203874FF370
8C1EE9B1C7D94DF5FE5C44387BCBC8336D97854D121C4B1F1E6CCB5E435BB5B8,TextAsset,C:\Users\omard\source\repos\RecepcionDocumental\RecepcionDocumental\tools\DocumentAiProbe\experiments\H1D10A\text\8C1EE9B1C7D94DF5FE5C44387BCBC8336D97854D121C4B1F1E6CCB5E435BB5B8.native.txt,AA5E96D2C04B59056F8D37D5E4A08620B97646E9428D57F92D3BFD32A473931C
8C2046C4378D46D95FED8002878E4BD3B02155EC99FB9A2675BE2CAE794ACF94,TextAsset,C:\Users\omard\source\repos\RecepcionDocumental\RecepcionDocumental\tools\DocumentAiProbe\experiments\H1D10A\text\8C2046C4378D46D95FED8002878E4BD3B02155EC99FB9A2675BE2CAE794ACF94.native.txt,B15FE49FDACAC416C0B9AE93078478D92B98FB46168CF3B83AB7ED117533B79F
8C4FE2376B296AE1A97D7BF5273F83697EF0E7D3FCA14052088D0B7BAE2C45BB,TextAsset,C:\Users\omard\source\repos\RecepcionDocumental\RecepcionDocumental\tools\DocumentAiProbe\experiments\H1D10A\text\8C4FE2376B296AE1A97D7BF5273F83697EF0E7D3FCA14052088D0B7BAE2C45BB.native.txt,E6DF60B1C132A3EFFBB739C2221CDCF968A620E29074DD9212BAED3A07A03646
8CACCA49C1F3830446384AE1E40B0ADE9991E5BF0452601621929CC77DEF4CD3,TextAsset,C:\Users\omard\source\repos\RecepcionDocumental\RecepcionDocumental\tools\DocumentAiProbe\experiments\H1D10A\text\8CACCA49C1F3830446384AE1E40B0ADE9991E5BF0452601621929CC77DEF4CD3.native.txt,25FD147CF17469D414E43F95D86AFA2B3334A98B01B00976FD9B9DBC6C559514
8D46878EDAE2D7879432B49A9B7CA06617C68A69A712020F769B4F957EBD61DF,TextAsset,C:\Users\omard\source\repos\RecepcionDocumental\RecepcionDocumental\tools\DocumentAiProbe\experiments\H1D10A\text\8D46878EDAE2D7879432B49A9B7CA06617C68A69A712020F769B4F957EBD61DF.ocr.txt,A7C37042EDE12EF7804A5C949545B5D49CB1CCF8F01E028FD79E7ABE77FD606F
8DA06AF9D7E91EE0C4B5E6A0CBD50C9B2641F262C773F18B65CD39F4B71F9AB0,TextAsset,C:\Users\omard\source\repos\RecepcionDocumental\RecepcionDocumental\tools\DocumentAiProbe\experiments\H1D10A\text\8DA06AF9D7E91EE0C4B5E6A0CBD50C9B2641F262C773F18B65CD39F4B71F9AB0.native.txt,A324DEBA6DF82E55EFCD66E0C282BB30E1B11050206F5F2B866F1F5B5E3718EE
8DC80D0E3B2567254DCD7C4C92A0B43A2AA240489E7A0F158EF9D659D7DC10DC,TextAsset,C:\Users\omard\source\repos\RecepcionDocumental\RecepcionDocumental\tools\DocumentAiProbe\experiments\H1D10A\text\8DC80D0E3B2567254DCD7C4C92A0B43A2AA240489E7A0F158EF9D659D7DC10DC.native.txt,A1EDD225996F89A643B68E4638AB4096B2CEAA5B32C81C4E7583211280D11E07
8DF2E61CB78D3570A650346617661BA99AE20F5CA8F318BAE9757A5E35C21583,TextAsset,C:\Users\omard\source\repos\RecepcionDocumental\RecepcionDocumental\tools\DocumentAiProbe\experiments\H1D10A\text\8DF2E61CB78D3570A650346617661BA99AE20F5CA8F318BAE9757A5E35C21583.native.txt,FCBAFEE4C98AA2E771B1BD2804E09749C6D4732B348FAD3D961DA97F66FED3AE
8E13B132B3C35681FD69825FDE333EBCA80C317CA504C213983AAC7C752C5051,TextAsset,C:\Users\omard\source\repos\RecepcionDocumental\RecepcionDocumental\tools\DocumentAiProbe\experiments\H1D10A\text\8E13B132B3C35681FD69825FDE333EBCA80C317CA504C213983AAC7C752C5051.native.txt,41DBA9D52209E97B895567FF5FC9837B99111C5F165B5F0197E32D6141C09363
8E3ED9CD08D116D97319FA72591D1A71C1BF262414371319A422952749639061,TextAsset,C:\Users\omard\source\repos\RecepcionDocumental\RecepcionDocumental\tools\DocumentAiProbe\experiments\H1D10A\text\8E3ED9CD08D116D97319FA72591D1A71C1BF262414371319A422952749639061.native.txt,95A12DFBDBB31C4A02C9940234A3550FF3FFFBBC2C89B4ECF146C7AEC95A74F0
8E4314A5E5DC08A45F4D222B5F89D64EAB6BE0A4C07D4833F629D06A1D75BFB8,TextAsset,C:\Users\omard\source\repos\RecepcionDocumental\RecepcionDocumental\tools\DocumentAiProbe\experiments\H1D10A\text\8E4314A5E5DC08A45F4D222B5F89D64EAB6BE0A4C07D4833F629D06A1D75BFB8.native.txt,F112FDA781564BC8A6F401E4632ECEF67CE14576785BCFCD0D63CBF8D22004D9
8EBCEDEDBC1F5C6641CEC59BF43B69D2768EED5FCD4A90E263675F07FA729345,TextAsset,C:\Users\omard\source\repos\RecepcionDocumental\RecepcionDocumental\tools\DocumentAiProbe\experiments\H1D10A\text\8EBCEDEDBC1F5C6641CEC59BF43B69D2768EED5FCD4A90E263675F07FA729345.native.txt,5641493173B228E969EE72B534691710898C67475962FA91C465B7B1BF174581
8EC7ADBD9271C5BE8DED67767D18E373AD67AA1F771D0C6967D63408E76C06E9,TextAsset,C:\Users\omard\source\repos\RecepcionDocumental\RecepcionDocumental\tools\DocumentAiProbe\experiments\H1D10A\text\8EC7ADBD9271C5BE8DED67767D18E373AD67AA1F771D0C6967D63408E76C06E9.native.txt,9B7D28E92DEBD5BE5BD702358E3E852E4A2B9F1926943DE94D5890FD8F5E17F2
8F590A4478A6EA9CF5BB735F5F313617F920C0D2D8BA1E7C00541EE8848BEAE6,TextAsset,C:\Users\omard\source\repos\RecepcionDocumental\RecepcionDocumental\tools\DocumentAiProbe\experiments\H1D10A\text\8F590A4478A6EA9CF5BB735F5F313617F920C0D2D8BA1E7C00541EE8848BEAE6.native.txt,217C097C27DFB700249B1B2699DF0E765BE0F01933FFC14FA3789062DE886EB8
8F84864C920906BAD9FFFB017F550A432F2DA5977CF3C228ECAA41C964C6551D,TextAsset,C:\Users\omard\source\repos\RecepcionDocumental\RecepcionDocumental\tools\DocumentAiProbe\experiments\H1D10A\text\8F84864C920906BAD9FFFB017F550A432F2DA5977CF3C228ECAA41C964C6551D.native.txt,748B2794BADB9F1A36489945C8AF4BD2277832B991D728A2CEED704E13D7703C
8F8B0D04F433688E68340F95C3B73FD2482654BD6272297F57F6A3C68D38C764,TextAsset,C:\Users\omard\source\repos\RecepcionDocumental\RecepcionDocumental\tools\DocumentAiProbe\experiments\H1D10A\text\8F8B0D04F433688E68340F95C3B73FD2482654BD6272297F57F6A3C68D38C764.native.txt,BF1FBF3FC3F452548F889ABEF356692A2B6BE3C71CC032A947ADACA9C610AE72
9006D847B75981F85DFE60D4C44636C58924D5EF921B39BB072209A5FEB97702,TextAsset,C:\Users\omard\source\repos\RecepcionDocumental\RecepcionDocumental\tools\DocumentAiProbe\experiments\H1D10A\text\9006D847B75981F85DFE60D4C44636C58924D5EF921B39BB072209A5FEB97702.native.txt,D941BF9ED8DCD640249A06CFA4E563AA0F0B95662BB81C49E440789D7871FD1D
9135FD3D4AA827A2D80A1AE09E0FA9DFA0FFCC62DC88FF54E7754CFB2894C77C,TextAsset,C:\Users\omard\source\repos\RecepcionDocumental\RecepcionDocumental\tools\DocumentAiProbe\experiments\H1D10A\text\9135FD3D4AA827A2D80A1AE09E0FA9DFA0FFCC62DC88FF54E7754CFB2894C77C.native.txt,F82494CA9A00D065A970A93624D426431173D0899F2629DF7F657F0442A0B0A1
914F05B9361B18D7157B7B242366C24DC3309BCC4F9A7921E31793FDCD39A061,TextAsset,C:\Users\omard\source\repos\RecepcionDocumental\RecepcionDocumental\tools\DocumentAiProbe\experiments\H1D10A\text\914F05B9361B18D7157B7B242366C24DC3309BCC4F9A7921E31793FDCD39A061.ocr.txt,9C1EFC8D1E542C28990EC6893FF888E3B08C8A478D5959A13A72ADE202306869
918370F621103ADF69B84A631E8BCEBB4FDFA068BB4289E44E615F647AD48657,TextAsset,C:\Users\omard\source\repos\RecepcionDocumental\RecepcionDocumental\tools\DocumentAiProbe\experiments\H1D10A\text\918370F621103ADF69B84A631E8BCEBB4FDFA068BB4289E44E615F647AD48657.native.txt,0D726617F6FDC137F37009188F83F74C4D1C744A9C0AD7730BB4D7A6D047D018
919E46614EAB8D6AA723378211A27A0271E06E749E4FC49745AF7520CCE6F1C6,TextAsset,C:\Users\omard\source\repos\RecepcionDocumental\RecepcionDocumental\tools\DocumentAiProbe\experiments\H1D10A\text\919E46614EAB8D6AA723378211A27A0271E06E749E4FC49745AF7520CCE6F1C6.ocr.txt,C271159891FC7117C02CC699E92D002DC297BA57845ED1D227957498AC913D43
922029A70D288AB1837BE93B8FBE4EE53EDEC6A4F68E7135A308E99B69D04321,TextAsset,C:\Users\omard\source\repos\RecepcionDocumental\RecepcionDocumental\tools\DocumentAiProbe\experiments\H1D10A\text\922029A70D288AB1837BE93B8FBE4EE53EDEC6A4F68E7135A308E99B69D04321.native.txt,52B7A2D3E88155C2D33DB143776B5FE48F566DF7189EEB8AC26E55D5A81EE3D3
9296238E39AFC467ED401132F7CEF5F4C77B290709C34B8E07F5F84900BA3081,TextAsset,C:\Users\omard\source\repos\RecepcionDocumental\RecepcionDocumental\tools\DocumentAiProbe\experiments\H1D10A\text\9296238E39AFC467ED401132F7CEF5F4C77B290709C34B8E07F5F84900BA3081.ocr.txt,0C62CDCE5A4DB5C70098777DE5161F0DA3FDEB4AD62D9884FF861CC58F99B666
92A207627B7BBB6C591EC6967230F6486D1AD13FAE5E5DD797C7EA38FE3A7ECA,TextAsset,C:\Users\omard\source\repos\RecepcionDocumental\RecepcionDocumental\tools\DocumentAiProbe\experiments\H1D10A\text\92A207627B7BBB6C591EC6967230F6486D1AD13FAE5E5DD797C7EA38FE3A7ECA.native.txt,89631DE0F5D70A3D7FD39B66407CA0A020062A1361253BDD7475045B11400BD3
92B614E47B9608F67B6EC997AE08D635D414797CBDC49247FE6DBCEB5B82FDB1,TextAsset,C:\Users\omard\source\repos\RecepcionDocumental\RecepcionDocumental\tools\DocumentAiProbe\experiments\H1D10A\text\92B614E47B9608F67B6EC997AE08D635D414797CBDC49247FE6DBCEB5B82FDB1.native.txt,77EA29B37E69806A9FD1FB3AA206849F609DE5CEE1A791FAD893AFD0E63C5876
92BED5F1C789C4E62BFF3973C0D0E2CA2AF22D3A88D70A4530DFBDA5FFFAF7D3,TextAsset,C:\Users\omard\source\repos\RecepcionDocumental\RecepcionDocumental\tools\DocumentAiProbe\experiments\H1D10A\text\92BED5F1C789C4E62BFF3973C0D0E2CA2AF22D3A88D70A4530DFBDA5FFFAF7D3.native.txt,B100A49221295998E4B40AFB127848DD5FE86C70C6D54A94B02CBA8A4F90B9BA
92D639C30E3FAC88364D4F2E29B816EB25CD4A72864407601A824CC9A06A7039,TextAsset,C:\Users\omard\source\repos\RecepcionDocumental\RecepcionDocumental\tools\DocumentAiProbe\experiments\H1D10A\text\92D639C30E3FAC88364D4F2E29B816EB25CD4A72864407601A824CC9A06A7039.native.txt,CEC50B4F9FF9CF2C443A736BA7FB953165DBB2B9EEFC70FAA2CF470E29FBC23F
932E4DE8FB499D585D29ED6B0456350E27406F8B86F78C4BAF3DBAE65A6CEB9B,TextAsset,C:\Users\omard\source\repos\RecepcionDocumental\RecepcionDocumental\tools\DocumentAiProbe\experiments\H1D10A\text\932E4DE8FB499D585D29ED6B0456350E27406F8B86F78C4BAF3DBAE65A6CEB9B.native.txt,A044EFB3B15114113CEA2C63867EC7A499705D1F5BFCB4AED5C6336160DB1A15
93904BF94C042A9903653C099D33B775CA314298164B908F712B2920E4DB6D32,TextAsset,C:\Users\omard\source\repos\RecepcionDocumental\RecepcionDocumental\tools\DocumentAiProbe\experiments\H1D10A\text\93904BF94C042A9903653C099D33B775CA314298164B908F712B2920E4DB6D32.ocr.txt,511BB767ED43FD6FE2E09852165ECE8722821CE696DA26AD79E3DCCDB175BDAD
93D176F4AAA012A05176DA514967D1BD80A9882897F8A869B072554CEBCFF5ED,TextAsset,C:\Users\omard\source\repos\RecepcionDocumental\RecepcionDocumental\tools\DocumentAiProbe\experiments\H1D10A\text\93D176F4AAA012A05176DA514967D1BD80A9882897F8A869B072554CEBCFF5ED.native.txt,443EA48E6424289CDB935AFF45F477AC8AE20F3442B5CBA9A2C6D7CD45E92AA1
93ED3048D26C9F4020F5417C660C4EB42975A4594C363AD06DD43CB34564B176,TextAsset,C:\Users\omard\source\repos\RecepcionDocumental\RecepcionDocumental\tools\DocumentAiProbe\experiments\H1D10A\text\93ED3048D26C9F4020F5417C660C4EB42975A4594C363AD06DD43CB34564B176.native.txt,F9D4B2F92FEC29A53E9A0315EF9166F1C4B2C49BD2FB9ED36AC82C4033C42B95
94236583CE91323343024A8BCAD7DDC5F7D2482458063EC6E342AEE44CE8628C,TextAsset,C:\Users\omard\source\repos\RecepcionDocumental\RecepcionDocumental\tools\DocumentAiProbe\experiments\H1D10A\text\94236583CE91323343024A8BCAD7DDC5F7D2482458063EC6E342AEE44CE8628C.ocr.txt,D193F28B199C2E3516BEECD617E4093A33CBD1EE0B245411164248D02C73FF60
9438730B56C9399DAD3C48D8DA087875EBFDAB1EC35C99B951393D326C5A99CF,TextAsset,C:\Users\omard\source\repos\RecepcionDocumental\RecepcionDocumental\tools\DocumentAiProbe\experiments\H1D10A\text\9438730B56C9399DAD3C48D8DA087875EBFDAB1EC35C99B951393D326C5A99CF.native.txt,20C6595360DB5348CC2A7BA17EBF47457719A9364B84B3719F884FDCC29D7C1E
94D293F51C67992B79BDC0C411D48D1D04DA543BE637421D5DA1A1A3BF474BD5,TextAsset,C:\Users\omard\source\repos\RecepcionDocumental\RecepcionDocumental\tools\DocumentAiProbe\experiments\H1D10A\text\94D293F51C67992B79BDC0C411D48D1D04DA543BE637421D5DA1A1A3BF474BD5.native.txt,79B489B569105A6E6D9DEAE0290C8A7769F93C11904B6E1706214833E57EAD2B
94D9135E1417E8510FB69278BAF7DD9FEDE9C2B0BAB17D52060FAE0B7AF4009D,TextAsset,C:\Users\omard\source\repos\RecepcionDocumental\RecepcionDocumental\tools\DocumentAiProbe\experiments\H1D10A\text\94D9135E1417E8510FB69278BAF7DD9FEDE9C2B0BAB17D52060FAE0B7AF4009D.native.txt,196141AD46D877E5635BCE567ED1D4132F6258464249DD47B596B4B727591A30
94F4F2FDE9F8C99A52B3052E8951186B9BAE1B728954D41DE66D2ED7F6106B60,TextAsset,C:\Users\omard\source\repos\RecepcionDocumental\RecepcionDocumental\tools\DocumentAiProbe\experiments\H1D10A\text\94F4F2FDE9F8C99A52B3052E8951186B9BAE1B728954D41DE66D2ED7F6106B60.ocr.txt,07AD994A0827A3133D1B9131629AB59F3A6590EACDEF6035727E30C61A03E3AF
952231558F1FCB85A1DAD9B78A8EE6D6BAA4127CD7DEBD08B775DAA171E947E9,TextAsset,C:\Users\omard\source\repos\RecepcionDocumental\RecepcionDocumental\tools\DocumentAiProbe\experiments\H1D10A\text\952231558F1FCB85A1DAD9B78A8EE6D6BAA4127CD7DEBD08B775DAA171E947E9.native.txt,03AD55763396E3A2A7FB92D09109BB5962C745F312DE8E02B897B241C527A5D1
9533C501848D09DBBEEDF536AB13D5AA44346115AE6BF579C504B93F7598FA36,TextAsset,C:\Users\omard\source\repos\RecepcionDocumental\RecepcionDocumental\tools\DocumentAiProbe\experiments\H1D10A\text\9533C501848D09DBBEEDF536AB13D5AA44346115AE6BF579C504B93F7598FA36.ocr.txt,12AEC351BF59564DC4D03D90BA3FCD6DDC4CE98439BB33C321F482BFEA65A379
9535420A65DBBFDCBDB266D34F2F2C37697034E8F50B59F6DBBABA928461F7D8,TextAsset,C:\Users\omard\source\repos\RecepcionDocumental\RecepcionDocumental\tools\DocumentAiProbe\experiments\H1D10A\text\9535420A65DBBFDCBDB266D34F2F2C37697034E8F50B59F6DBBABA928461F7D8.native.txt,D4F7EA0CECD8E27932E62B2B84849469BF50FC9CFAB765CB13544A9868514300
95735C704A056C5262DA20FE7E758F87FD840321023B07DBA3F31DBE3EC81B32,TextAsset,C:\Users\omard\source\repos\RecepcionDocumental\RecepcionDocumental\tools\DocumentAiProbe\experiments\H1D10A\text\95735C704A056C5262DA20FE7E758F87FD840321023B07DBA3F31DBE3EC81B32.ocr.txt,B4FDE39753A2AC9BB88919E46304E1739733D63EDFA88CDC717F798C2F339C20
9595171C316BF157FBB05B3B719D36858109C1542BDDD2104E869FAD47411A31,TextAsset,C:\Users\omard\source\repos\RecepcionDocumental\RecepcionDocumental\tools\DocumentAiProbe\experiments\H1D10A\text\9595171C316BF157FBB05B3B719D36858109C1542BDDD2104E869FAD47411A31.ocr.txt,BEA3CC473FB9E5E74EC6A212DCCB61BC19E6D64AE44AA38C6D3741837B2F297D
95F2C9C4D0C1D6280F1EB19BEFBEBD0BA285843D7F7A512DB9D892EE33ED6304,TextAsset,C:\Users\omard\source\repos\RecepcionDocumental\RecepcionDocumental\tools\DocumentAiProbe\experiments\H1D10A\text\95F2C9C4D0C1D6280F1EB19BEFBEBD0BA285843D7F7A512DB9D892EE33ED6304.native.txt,EDF79525A295CB830021BA0572BA8C8A16112CCB7C4906D52E9100995FD7815B
97756EDE6104E0DD39BFE46879DE67906CF89FD042106EA5E96B813BFCD79906,TextAsset,C:\Users\omard\source\repos\RecepcionDocumental\RecepcionDocumental\tools\DocumentAiProbe\experiments\H1D10A\text\97756EDE6104E0DD39BFE46879DE67906CF89FD042106EA5E96B813BFCD79906.ocr.txt,F441968347BEA01E887508AE6AE0C74A12D055F100F266114D9A304D0A1DBC19
982F7C678EC59D2EE3FD8B49283BEFFF07EF6AAF2D165BB9460C9C1D6FCDEDEB,TextAsset,C:\Users\omard\source\repos\RecepcionDocumental\RecepcionDocumental\tools\DocumentAiProbe\experiments\H1D10A\text\982F7C678EC59D2EE3FD8B49283BEFFF07EF6AAF2D165BB9460C9C1D6FCDEDEB.native.txt,F712B217CB1C4D9DB6943780366818EB6BD22A49B4006046F0677946F1304F9D
988AA2F112F7E2DD5A23BB19FBC74237D2EA18263A36E12007C19FEDB140C4F7,TextAsset,C:\Users\omard\source\repos\RecepcionDocumental\RecepcionDocumental\tools\DocumentAiProbe\experiments\H1D10A\text\988AA2F112F7E2DD5A23BB19FBC74237D2EA18263A36E12007C19FEDB140C4F7.native.txt,83CFE49A7D51D217EFB7348738A8D77FC8212081824D198293EA69589E5BF3C6
98B85AF352A89B59E8B3693929931C0F38C57CD3CEB6ACFBA234FE83FAFB038D,TextAsset,C:\Users\omard\source\repos\RecepcionDocumental\RecepcionDocumental\tools\DocumentAiProbe\experiments\H1D10A\text\98B85AF352A89B59E8B3693929931C0F38C57CD3CEB6ACFBA234FE83FAFB038D.ocr.txt,FDA5F327BCC98512A538D49127949CE5B7C90FB98AC5B3103D1C87F6E5B6FAFB
9902D6F74091F460C46CDB14FB50554C46DA9B7F4D9679F73CA51FA1C5766EFF,TextAsset,C:\Users\omard\source\repos\RecepcionDocumental\RecepcionDocumental\tools\DocumentAiProbe\experiments\H1D10A\text\9902D6F74091F460C46CDB14FB50554C46DA9B7F4D9679F73CA51FA1C5766EFF.native.txt,E485701C150EEF1175AC91009D46BA91618D457CA4734A2BA67CF91B21C034C7
99A2CF7BF327A43FB919148AA5372122ADF57642939511E90CD42EBD43513074,TextAsset,C:\Users\omard\source\repos\RecepcionDocumental\RecepcionDocumental\tools\DocumentAiProbe\experiments\H1D10A\text\99A2CF7BF327A43FB919148AA5372122ADF57642939511E90CD42EBD43513074.ocr.txt,D5BB1D9F85F2EEC0BE7F5E5CD67CE68394EF8FE18A2BEA3470240A8F2C983CDC
99C3AC8AA32EEE0B5F8D14AFF06CF970678A9E779BCBF65C6C0C7EBE7875F490,TextAsset,C:\Users\omard\source\repos\RecepcionDocumental\RecepcionDocumental\tools\DocumentAiProbe\experiments\H1D10A\text\99C3AC8AA32EEE0B5F8D14AFF06CF970678A9E779BCBF65C6C0C7EBE7875F490.native.txt,85CE1A2C02D6127C63BB1B9488DBC83C474AF082114136A36FB8638AE8445705
99FA880F2D49DFE12B9ABE055A03BC9E9CBF2C7F90B7D6DBCBCB180E5161955C,TextAsset,C:\Users\omard\source\repos\RecepcionDocumental\RecepcionDocumental\tools\DocumentAiProbe\experiments\H1D10A\text\99FA880F2D49DFE12B9ABE055A03BC9E9CBF2C7F90B7D6DBCBCB180E5161955C.native.txt,9438A720AC7B2ABE7359128EBAB3B9952CF82617D56D91F77E31DDF4F2AAE4C7
9A2EE5AC1B90DEFA83B03EA44FC25CFD797A3AFD47E60BCFCEFCBCCBB7571407,TextAsset,C:\Users\omard\source\repos\RecepcionDocumental\RecepcionDocumental\tools\DocumentAiProbe\experiments\H1D10A\text\9A2EE5AC1B90DEFA83B03EA44FC25CFD797A3AFD47E60BCFCEFCBCCBB7571407.ocr.txt,EE864D091DF55C15846E0E9D8A7F7F61AFAD6A1C83CB7C6D303A90566BEB35C6
9A63DF60A2B989883B62B7EEFF890A651A0823FF651B548C7110C9841D9FEAE6,TextAsset,C:\Users\omard\source\repos\RecepcionDocumental\RecepcionDocumental\tools\DocumentAiProbe\experiments\H1D10A\text\9A63DF60A2B989883B62B7EEFF890A651A0823FF651B548C7110C9841D9FEAE6.native.txt,B56BD9E228CA4BE1F7808F9620E804008C1663AA1A091E8421FA7B4DF441F033
9A8AD632A6650939B79837D8ED72A5DFF5ABDA3A88B2BE48E074E7DD6ECE99F8,TextAsset,C:\Users\omard\source\repos\RecepcionDocumental\RecepcionDocumental\tools\DocumentAiProbe\experiments\H1D10A\text\9A8AD632A6650939B79837D8ED72A5DFF5ABDA3A88B2BE48E074E7DD6ECE99F8.native.txt,079C749F6E74BA8FFBDA31325600E5A34DF64EBEC4CFC56BE8967731FDE9F1D2
9B835F1EE315552D28E9B177838F43143459553205ED605766309135803AC3DB,TextAsset,C:\Users\omard\source\repos\RecepcionDocumental\RecepcionDocumental\tools\DocumentAiProbe\experiments\H1D10A\text\9B835F1EE315552D28E9B177838F43143459553205ED605766309135803AC3DB.native.txt,8ED690E5990661D07CE9D8EF1851557E788B4298234D202A442A3858DEC36B84
9BF5CA3F532649C50C157B6AC8C23B5B7D29E958B4CC86488B96F01A4D183D42,TextAsset,C:\Users\omard\source\repos\RecepcionDocumental\RecepcionDocumental\tools\DocumentAiProbe\experiments\H1D10A\text\9BF5CA3F532649C50C157B6AC8C23B5B7D29E958B4CC86488B96F01A4D183D42.native.txt,DEE4386BB1E9473A8121361FFECD67A9440B447573C4059CF6631CF4C4798016
9C75DD4EEAA88B9D6F34FCF718F77238D95CC898D26234A7F6FAE1BA0166FCF3,TextAsset,C:\Users\omard\source\repos\RecepcionDocumental\RecepcionDocumental\tools\DocumentAiProbe\experiments\H1D10A\text\9C75DD4EEAA88B9D6F34FCF718F77238D95CC898D26234A7F6FAE1BA0166FCF3.ocr.txt,796C0EFDEF18F80B0FD647B4B38B752A0E6B3C7D548685D0B598F66DE6DA4489
9CD3EF32AAC9B333AA663DBDB9C3C50A0569492018FB064DE7CC5131F4E5E0CB,TextAsset,C:\Users\omard\source\repos\RecepcionDocumental\RecepcionDocumental\tools\DocumentAiProbe\experiments\H1D10A\text\9CD3EF32AAC9B333AA663DBDB9C3C50A0569492018FB064DE7CC5131F4E5E0CB.native.txt,F1828479FF9B4792CB57A548D558D462AFE4372FFE39B0B5F702E679CDD3B974
9CE4431E0E551FCD8F64C87303CAF2B92FF90D1B4592A2EE10776DC2D92E19B0,TextAsset,C:\Users\omard\source\repos\RecepcionDocumental\RecepcionDocumental\tools\DocumentAiProbe\experiments\H1D10A\text\9CE4431E0E551FCD8F64C87303CAF2B92FF90D1B4592A2EE10776DC2D92E19B0.native.txt,34346E5B33811997F531E9E2094AC685CA25796EB4857C0BB5303307E19DBA35
9CF0E925961EE4034C97B109F734605A285C4F6805428D16C4AA73439270B528,TextAsset,C:\Users\omard\source\repos\RecepcionDocumental\RecepcionDocumental\tools\DocumentAiProbe\experiments\H1D10A\text\9CF0E925961EE4034C97B109F734605A285C4F6805428D16C4AA73439270B528.native.txt,815C9DA06632974F6C8045BF7B8B31E947DCC283A3E54BE1DAA379386961DFB1
9D32EB2A7AAE8AF96268B8B27BA2A8BE47FF4ACFC571F07F51753E2CAC4BC474,TextAsset,C:\Users\omard\source\repos\RecepcionDocumental\RecepcionDocumental\tools\DocumentAiProbe\experiments\H1D10A\text\9D32EB2A7AAE8AF96268B8B27BA2A8BE47FF4ACFC571F07F51753E2CAC4BC474.ocr.txt,11C8DD8B5FE938A924D2597E29301B4B2B0E2BC0B57C9484115A81679692D3B1
9D9DCD74FDCADF6E7F394B283EC849B42A5DDB2941D87CCBABC7A7DB6C1D1329,TextAsset,C:\Users\omard\source\repos\RecepcionDocumental\RecepcionDocumental\tools\DocumentAiProbe\experiments\H1D10A\text\9D9DCD74FDCADF6E7F394B283EC849B42A5DDB2941D87CCBABC7A7DB6C1D1329.native.txt,968B811F53EAB966A04C4E9A254EB8715383573BBA8B363455756A85EF27B353
9DE34BE46F78A2971BB05A1AF6F6D97B6F50CA2562168D50657E048CCEB8F769,TextAsset,C:\Users\omard\source\repos\RecepcionDocumental\RecepcionDocumental\tools\DocumentAiProbe\experiments\H1D10A\text\9DE34BE46F78A2971BB05A1AF6F6D97B6F50CA2562168D50657E048CCEB8F769.native.txt,B8928D6BFE7E07B0FB1978059B21C817C81A2D843B91BB673731FB2663009FC6
9DEFF370610668A672B5743E1D56640197DD73C29661C593A4E07656610312BE,TextAsset,C:\Users\omard\source\repos\RecepcionDocumental\RecepcionDocumental\tools\DocumentAiProbe\experiments\H1D10A\text\9DEFF370610668A672B5743E1D56640197DD73C29661C593A4E07656610312BE.header.txt,734AC8ABF4E885F6D04F36625A980B7CA2340D9601A17E8499BDE0B10E124E80
9E79E8C55CE752763CEE24AFC77AA13C831D5158522CAE55FEB9732180FC8E2D,TextAsset,C:\Users\omard\source\repos\RecepcionDocumental\RecepcionDocumental\tools\DocumentAiProbe\experiments\H1D10A\text\9E79E8C55CE752763CEE24AFC77AA13C831D5158522CAE55FEB9732180FC8E2D.native.txt,E51969B970BC0682C06C1E2905E5D6558C379C2F35FF1D29691B9BD66E112CE8
9F19E8127FAFA3A410DA535F6F5C178CDB2AA84B8AA0B657EBDF2A63D8D71A4C,TextAsset,C:\Users\omard\source\repos\RecepcionDocumental\RecepcionDocumental\tools\DocumentAiProbe\experiments\H1D10A\text\9F19E8127FAFA3A410DA535F6F5C178CDB2AA84B8AA0B657EBDF2A63D8D71A4C.ocr.txt,C9EA4D647E2129FE1C58C2C9B33D8615DC193BA1512E00DD57587253B4CC1F4A
9F53B7B116A3A51215A962D081E818A335EE37123DC694D717E93A4986D8F2BD,TextAsset,C:\Users\omard\source\repos\RecepcionDocumental\RecepcionDocumental\tools\DocumentAiProbe\experiments\H1D10A\text\9F53B7B116A3A51215A962D081E818A335EE37123DC694D717E93A4986D8F2BD.native.txt,2A18F8106B74BAEEEC98434CE71705021D0B8B9F30D2A7F75280CC4961EB3001
9FD5F8D949B31CA77F5739AA8A21CD75F381E1A6BA5DDAB30CF452EF87A54219,TextAsset,C:\Users\omard\source\repos\RecepcionDocumental\RecepcionDocumental\tools\DocumentAiProbe\experiments\H1D10A\text\9FD5F8D949B31CA77F5739AA8A21CD75F381E1A6BA5DDAB30CF452EF87A54219.native.txt,62407838A649A9CCCABD36A21321C0D743F2E13F0EFD2D45589C40369890C4F9
A06521A0634D351B2C5C439A3E0724CF379301CCDA7FA4C0D9DEA962A8CC0644,TextAsset,C:\Users\omard\source\repos\RecepcionDocumental\RecepcionDocumental\tools\DocumentAiProbe\experiments\H1D10A\text\A06521A0634D351B2C5C439A3E0724CF379301CCDA7FA4C0D9DEA962A8CC0644.native.txt,CAFF552D0F19CE2F6083A8E845E4C4DE6506AEF8564539687BD7993DEFEFA0A6
A0885E2F9662A9A164C4BB6E49E988BAAD8220E0821546A9858A4E0973DD3625,TextAsset,C:\Users\omard\source\repos\RecepcionDocumental\RecepcionDocumental\tools\DocumentAiProbe\experiments\H1D10A\text\A0885E2F9662A9A164C4BB6E49E988BAAD8220E0821546A9858A4E0973DD3625.ocr.txt,E671092EC2C50D2B787A1DC09513290A66F1DF85197955B4621148647A7F0995
A0C0B2292DF6F4D62380D4BC1C7AE4868469167C17D7B00295326D1D8E0B4E7D,TextAsset,C:\Users\omard\source\repos\RecepcionDocumental\RecepcionDocumental\tools\DocumentAiProbe\experiments\H1D10A\text\A0C0B2292DF6F4D62380D4BC1C7AE4868469167C17D7B00295326D1D8E0B4E7D.native.txt,EA0965F71282371C516B3B2DED591A06979D6A5F38C4F586DD678A9A6449EFE3
A0FB56F6B5FE34808095BAEF8886F29081BC4101DF3E01F0C8167841A53BEEEA,TextAsset,C:\Users\omard\source\repos\RecepcionDocumental\RecepcionDocumental\tools\DocumentAiProbe\experiments\H1D10A\text\A0FB56F6B5FE34808095BAEF8886F29081BC4101DF3E01F0C8167841A53BEEEA.native.txt,FA8694949B5625DF3C587BE2ABFDFDDCC41D307CB6B808E0C664FCB8B59D4C0D
A12C2363915C402DE302B9049B009E954DCBBC1F91A607F7BCC495645CF16CCC,TextAsset,C:\Users\omard\source\repos\RecepcionDocumental\RecepcionDocumental\tools\DocumentAiProbe\experiments\H1D10A\text\A12C2363915C402DE302B9049B009E954DCBBC1F91A607F7BCC495645CF16CCC.native.txt,499466D99183CFB893B78FAC114AEDFA4E3331760143406AA35A6FABDF528BBF
A159E0211AD1EF740AABE80F6400A6BFCF63A683B24530D29E04ABA953327251,TextAsset,C:\Users\omard\source\repos\RecepcionDocumental\RecepcionDocumental\tools\DocumentAiProbe\experiments\H1D10A\text\A159E0211AD1EF740AABE80F6400A6BFCF63A683B24530D29E04ABA953327251.native.txt,7D8F7C99217D1C5C7FAEFF55C52666FFDE2E75C52C5EFC41518ACE7B3B908EBD
A19BBC22A22912C1ABF027202777CB3D4280B5E3DA879371F0B92297B50A3BC9,TextAsset,C:\Users\omard\source\repos\RecepcionDocumental\RecepcionDocumental\tools\DocumentAiProbe\experiments\H1D10A\text\A19BBC22A22912C1ABF027202777CB3D4280B5E3DA879371F0B92297B50A3BC9.ocr.txt,6819D234DE63570875B952C78BAA7CFF5867B27D4FCF8936CDB62F076B6C784C
A240C8CD36DB470D86B7036CE00EB12FB6F27333414A5A00AC78925096D04C81,TextAsset,C:\Users\omard\source\repos\RecepcionDocumental\RecepcionDocumental\tools\DocumentAiProbe\experiments\H1D10A\text\A240C8CD36DB470D86B7036CE00EB12FB6F27333414A5A00AC78925096D04C81.native.txt,F322A66EE344737ECBFDCAE723F2697ACE1867C87B2CAF213C68B11EDD3430A8
A2EA23940C35D7E63B9C3509DA8730B68CB48C9F9F69CDD174FD74CD27DE82FD,TextAsset,C:\Users\omard\source\repos\RecepcionDocumental\RecepcionDocumental\tools\DocumentAiProbe\experiments\H1D10A\text\A2EA23940C35D7E63B9C3509DA8730B68CB48C9F9F69CDD174FD74CD27DE82FD.native.txt,569B72BEC912E5ABBC009036BFDACE3178E608B3F6A52BF0DF9DC1CABE0F4763
A32ECD1BFF857D02AB31FBFE06D1869C3F0497B9D4FF9A69A02E307D0FC33208,TextAsset,C:\Users\omard\source\repos\RecepcionDocumental\RecepcionDocumental\tools\DocumentAiProbe\experiments\H1D10A\text\A32ECD1BFF857D02AB31FBFE06D1869C3F0497B9D4FF9A69A02E307D0FC33208.native.txt,C60AEDDE2EDB92FFA33A0D49893C2D10C287A254E6AEBA7E5997141D7D3F9C8E
A33EA9E8D636C9EC2984B0439A944F4E90BDC95C4DA175B598A46CD411C0D550,TextAsset,C:\Users\omard\source\repos\RecepcionDocumental\RecepcionDocumental\tools\DocumentAiProbe\experiments\H1D10A\text\A33EA9E8D636C9EC2984B0439A944F4E90BDC95C4DA175B598A46CD411C0D550.native.txt,9C1E0CBBA33F5F82F862D37FC15BC889E34FC71CB2F1B1C505D98CD55308FE39
A37E0A7FBBAA75E4DCF826BFB84A01DB2E75C41BCC66DA610D4EAD0161AC64A3,TextAsset,C:\Users\omard\source\repos\RecepcionDocumental\RecepcionDocumental\tools\DocumentAiProbe\experiments\H1D10A\text\A37E0A7FBBAA75E4DCF826BFB84A01DB2E75C41BCC66DA610D4EAD0161AC64A3.native.txt,5409CB608487C9D3770373E6AAE1511EC27DEC726528639E2FC321EF5B6E44FB
A414CF8CC30DADDD6094E677E51CB37E21915CFFEA74A688F3BC5D2AC05373EF,TextAsset,C:\Users\omard\source\repos\RecepcionDocumental\RecepcionDocumental\tools\DocumentAiProbe\experiments\H1D10A\text\A414CF8CC30DADDD6094E677E51CB37E21915CFFEA74A688F3BC5D2AC05373EF.ocr.txt,BCD584D8F13BD54231721EC9ACB69CE0A47D5DB93AFA932E9A98D0D55571DAE3
A4523BEDBD4667517FD350E88C68312134772D059DF00900F500C7DE74ED5D08,TextAsset,C:\Users\omard\source\repos\RecepcionDocumental\RecepcionDocumental\tools\DocumentAiProbe\experiments\H1D10A\text\A4523BEDBD4667517FD350E88C68312134772D059DF00900F500C7DE74ED5D08.native.txt,5B4CC3B0A5B6E1B0574CC2A6D459A02DD10C61E155D932A835490DEAC4ADB458
A480BD7BF2D262AB240B04C4F67E20BB6D107695A8DC01D209B965B7DF8F1D22,TextAsset,C:\Users\omard\source\repos\RecepcionDocumental\RecepcionDocumental\tools\DocumentAiProbe\experiments\H1D10A\text\A480BD7BF2D262AB240B04C4F67E20BB6D107695A8DC01D209B965B7DF8F1D22.ocr.txt,B6088E33C41DF0CDF3F26A2A7418EF014E7053A8AF74410B24EF524EE32B551B
A4BC0FFF6264A49C7F26DEF70AB61CDA387F7A8DEB559C014AD44C254DC1F24F,TextAsset,C:\Users\omard\source\repos\RecepcionDocumental\RecepcionDocumental\tools\DocumentAiProbe\experiments\H1D10A\text\A4BC0FFF6264A49C7F26DEF70AB61CDA387F7A8DEB559C014AD44C254DC1F24F.ocr.txt,6659CC4FD8F81FF90BC0B303D4CDE7CE7BCDB9903F50EB681BDA42572D321E6B
A6B20E13A4B01BF8446FAC67C1DBB5017F36D9AFE81EEAD4DB7A905F007CBA9F,TextAsset,C:\Users\omard\source\repos\RecepcionDocumental\RecepcionDocumental\tools\DocumentAiProbe\experiments\H1D10A\text\A6B20E13A4B01BF8446FAC67C1DBB5017F36D9AFE81EEAD4DB7A905F007CBA9F.native.txt,83CD1BCB0363B5B8897ADF809DB2AB0E898B4EC1C7E2412744AD90051FA21EA4
A6D943E86073406D69A2BE4C1751A6C7EB285A3860B94FE6E1A630775C2D1280,TextAsset,C:\Users\omard\source\repos\RecepcionDocumental\RecepcionDocumental\tools\DocumentAiProbe\experiments\H1D10A\text\A6D943E86073406D69A2BE4C1751A6C7EB285A3860B94FE6E1A630775C2D1280.native.txt,5AFB6655016362DF622774D7F52B360ED3BEC0946F99214564DC1284C5955C67
A6F677AC979547DCA61C3C09F51FEC807ECF0EE10C90B36C0AA6BA18AFCCD40D,TextAsset,C:\Users\omard\source\repos\RecepcionDocumental\RecepcionDocumental\tools\DocumentAiProbe\experiments\H1D10A\text\A6F677AC979547DCA61C3C09F51FEC807ECF0EE10C90B36C0AA6BA18AFCCD40D.ocr.txt,0BC743166945D54A4A0C705224EB732EADFAF80E05C41D5E20DBCE4100154112
A71FC5B1F8DC5DEC5BCCCF9BC94C8368C2A741F27460799BFC74BBC21B8D9A76,TextAsset,C:\Users\omard\source\repos\RecepcionDocumental\RecepcionDocumental\tools\DocumentAiProbe\experiments\H1D10A\text\A71FC5B1F8DC5DEC5BCCCF9BC94C8368C2A741F27460799BFC74BBC21B8D9A76.native.txt,DB79B523A47476E7AB828193D13623FA75C626AE58BD192C59CC3B07C8174584
A72DB0F4550183329E062A5BBE470D8FFA6C455B462AABD94B50E55F8D1F1629,TextAsset,C:\Users\omard\source\repos\RecepcionDocumental\RecepcionDocumental\tools\DocumentAiProbe\experiments\H1D10A\text\A72DB0F4550183329E062A5BBE470D8FFA6C455B462AABD94B50E55F8D1F1629.native.txt,8B076BAB3B2943168CBC8864CF770B2142A4FEFACACEE5710CC36332B07851EA
A75470D62993B9317232B2513554972B0D32D4BBC1238489D9CAACDDA1FC8FF8,TextAsset,C:\Users\omard\source\repos\RecepcionDocumental\RecepcionDocumental\tools\DocumentAiProbe\experiments\H1D10A\text\A75470D62993B9317232B2513554972B0D32D4BBC1238489D9CAACDDA1FC8FF8.native.txt,913FFFCCABD53E477771E01485B979FF35257FC7E28259AB403A145FCF5753BD
A7622D943E2C55E1267BAB01BE6F0EA30658F64D967AE038F22845EDE38B62B9,TextAsset,C:\Users\omard\source\repos\RecepcionDocumental\RecepcionDocumental\tools\DocumentAiProbe\experiments\H1D10A\text\A7622D943E2C55E1267BAB01BE6F0EA30658F64D967AE038F22845EDE38B62B9.ocr.txt,7173A361602F135B5F4991FD92BFB996DDED18D1B19273CCF4FAA37EA6CD82E9
A823C02E8A81B443C25AA8306D55ADDE4F816161F1CF25A68327148A8EB04038,TextAsset,C:\Users\omard\source\repos\RecepcionDocumental\RecepcionDocumental\tools\DocumentAiProbe\experiments\H1D10A\text\A823C02E8A81B443C25AA8306D55ADDE4F816161F1CF25A68327148A8EB04038.native.txt,FA323263DF3116A6AED427DE998FF2C2EF4799990E9F9B76FB5313D17D26A3C4
A8F0331BAF8D9E7B9ED28CD8B900BF486AEFFB7A38F1DF2EE711D3D8E15BD33C,TextAsset,C:\Users\omard\source\repos\RecepcionDocumental\RecepcionDocumental\tools\DocumentAiProbe\experiments\H1D10A\text\A8F0331BAF8D9E7B9ED28CD8B900BF486AEFFB7A38F1DF2EE711D3D8E15BD33C.native.txt,5EC15D1E5B9486A0C411B206A244A1572A89BF05A22A1AA5D8E2BE6AAB2AE1DB
A93C55D266256947439C01BB2AD88DF7261C2EFE439A721B8CDCCB1F8926C8F4,TextAsset,C:\Users\omard\source\repos\RecepcionDocumental\RecepcionDocumental\tools\DocumentAiProbe\experiments\H1D10A\text\A93C55D266256947439C01BB2AD88DF7261C2EFE439A721B8CDCCB1F8926C8F4.native.txt,D40D8DD766AB07A8B90C18323405948DB56C36D9DC25B42467CAD089968A354A
A95392B9FC96E4A1DB3656FD23468BD6685794BE5D05DCEA26C7B210995A47D2,TextAsset,C:\Users\omard\source\repos\RecepcionDocumental\RecepcionDocumental\tools\DocumentAiProbe\experiments\H1D10A\text\A95392B9FC96E4A1DB3656FD23468BD6685794BE5D05DCEA26C7B210995A47D2.ocr.txt,C142FE44ABB7C84088ADC1E061CCDD8B8D5C4C167983DC6059F871BCFF245F25
A9CDFAC58D90A54DD068ED8952E180624EFF9AF8E7710BECC757CF616B22C492,TextAsset,C:\Users\omard\source\repos\RecepcionDocumental\RecepcionDocumental\tools\DocumentAiProbe\experiments\H1D10A\text\A9CDFAC58D90A54DD068ED8952E180624EFF9AF8E7710BECC757CF616B22C492.ocr.txt,F1A5AD5F9D65BF3542AC9CB4127105675029B5549B7A691CBC8180BD27C30DF5
AA0A55992BCC4CBF075DECB0D3D6264A5C828DFC2E36E69BED6229A67D129606,TextAsset,C:\Users\omard\source\repos\RecepcionDocumental\RecepcionDocumental\tools\DocumentAiProbe\experiments\H1D10A\text\AA0A55992BCC4CBF075DECB0D3D6264A5C828DFC2E36E69BED6229A67D129606.ocr.txt,E5BC78F32BCD5F91B9CA7431BA2DD3400605B4588ABFE6D0130103FDB991170D
AA6F3AD1D91CC4FCE231018AA45B333C5C0CC84637ABEB3ED46CF7B91F737025,TextAsset,C:\Users\omard\source\repos\RecepcionDocumental\RecepcionDocumental\tools\DocumentAiProbe\experiments\H1D10A\text\AA6F3AD1D91CC4FCE231018AA45B333C5C0CC84637ABEB3ED46CF7B91F737025.native.txt,1F60984D57FBD0BAE5AFC423977752B76964B11B5BAA1F7ECB5D51177E3D8C82
AAACD05AB2F9D7F8E822DC08530454028431294811101A531E80A9C923A5FEE5,TextAsset,C:\Users\omard\source\repos\RecepcionDocumental\RecepcionDocumental\tools\DocumentAiProbe\experiments\H1D10A\text\AAACD05AB2F9D7F8E822DC08530454028431294811101A531E80A9C923A5FEE5.native.txt,4900109E990E519FFC1F0E4E466A313F3C1F127315D16253716C537D3AEF1F7B
AAD31C221D1E014FC8E2BD6C4B1A56C83146EFD19F8DF992AAFC6109740A6195,TextAsset,C:\Users\omard\source\repos\RecepcionDocumental\RecepcionDocumental\tools\DocumentAiProbe\experiments\H1D10A\text\AAD31C221D1E014FC8E2BD6C4B1A56C83146EFD19F8DF992AAFC6109740A6195.native.txt,43F06D45064403B43795DFB737F4375EC108EA9F1519B16465605EC0EE463455
AB94A237AF2D65D4C357CC6BDB8C537E436906E3A8557631EEB6385ECB3D9092,TextAsset,C:\Users\omard\source\repos\RecepcionDocumental\RecepcionDocumental\tools\DocumentAiProbe\experiments\H1D10A\text\AB94A237AF2D65D4C357CC6BDB8C537E436906E3A8557631EEB6385ECB3D9092.native.txt,7E929EB7C5F30A0FE88C0F7A9C2D25BE9D4C69F870CA51E00F489A527EF9F3B8
ABFB9D15A1ACBC0F43F7AEEF7EABD9ADDE79A98F23FAE10719ACED072B104F99,TextAsset,C:\Users\omard\source\repos\RecepcionDocumental\RecepcionDocumental\tools\DocumentAiProbe\experiments\H1D10A\text\ABFB9D15A1ACBC0F43F7AEEF7EABD9ADDE79A98F23FAE10719ACED072B104F99.ocr.txt,03A0097DF59FA247BED2A806FCFC3494A1E1BCD4FEF965F8849A7FF7F86FD6E4
AC18CF0B3F1C34C963FD893C238D89DDBDE2A25531222DEA86D20B256EC029B2,TextAsset,C:\Users\omard\source\repos\RecepcionDocumental\RecepcionDocumental\tools\DocumentAiProbe\experiments\H1D10A\text\AC18CF0B3F1C34C963FD893C238D89DDBDE2A25531222DEA86D20B256EC029B2.ocr.txt,2968146DDA39E6AB823239117DEF514AB4430FD8B75C1C3CD17470128FF7A410
AC210970B60755DAE67F8AD826EC33C8D206E8CD176E4360ACF31D68C83F8793,TextAsset,C:\Users\omard\source\repos\RecepcionDocumental\RecepcionDocumental\tools\DocumentAiProbe\experiments\H1D10A\text\AC210970B60755DAE67F8AD826EC33C8D206E8CD176E4360ACF31D68C83F8793.native.txt,7FD76C64A01FCD769E98D49F1453DE7CF0982F0788FA63597BAFA59D83C841FD
AC37463A396EFEB20601425E5BB45D2D747C5E48603CFE56E247737AAF48D8DE,TextAsset,C:\Users\omard\source\repos\RecepcionDocumental\RecepcionDocumental\tools\DocumentAiProbe\experiments\H1D10A\text\AC37463A396EFEB20601425E5BB45D2D747C5E48603CFE56E247737AAF48D8DE.native.txt,C33CA9CFC06DBB9E7C1411AE64FCD4E058FB7831D91DCC2EB8909DC05DD16BF9
ACC048319775E1E15699EF5BA9B41FE91E15CA3A4B832DBFD4103758E5F65E97,TextAsset,C:\Users\omard\source\repos\RecepcionDocumental\RecepcionDocumental\tools\DocumentAiProbe\experiments\H1D10A\text\ACC048319775E1E15699EF5BA9B41FE91E15CA3A4B832DBFD4103758E5F65E97.native.txt,D0407700A699EB45AC30862C4127059C799C775720D60BFAC3E9A25178427D54
ACCF8E8FEC38135BC20F66FA0CC4CC442A6F73FB26C43DC71D9C9F69589D4B56,TextAsset,C:\Users\omard\source\repos\RecepcionDocumental\RecepcionDocumental\tools\DocumentAiProbe\experiments\H1D10A\text\ACCF8E8FEC38135BC20F66FA0CC4CC442A6F73FB26C43DC71D9C9F69589D4B56.ocr.txt,3233BB80371ED98A8A9F4CD05286832CE1EB36A8A47AB212B8E5E5118C162F6F
AD6AD70C8513829235E6424DF2D2CE64853CF18203EC9A8FF5976279D77231CF,TextAsset,C:\Users\omard\source\repos\RecepcionDocumental\RecepcionDocumental\tools\DocumentAiProbe\experiments\H1D10A\text\AD6AD70C8513829235E6424DF2D2CE64853CF18203EC9A8FF5976279D77231CF.native.txt,8261B95E0F2DEA47002AE3ABA16A0DF9FCCC240424650D41902065D9F943657B
AD8BAC5E05109AE4603F6EE1D3ACC2AA53BC2F8B530E34A5C4150D0416E44ACD,TextAsset,C:\Users\omard\source\repos\RecepcionDocumental\RecepcionDocumental\tools\DocumentAiProbe\experiments\H1D10A\text\AD8BAC5E05109AE4603F6EE1D3ACC2AA53BC2F8B530E34A5C4150D0416E44ACD.native.txt,CFAE147FFDE5B51EC6FD76743CB406632CCB79F35A254A99A577F73D0A93C3ED
AD9F6F5A72D8131D0B85D1003E8B63494A646AE1FBC81D1BC7120048ABA7E675,TextAsset,C:\Users\omard\source\repos\RecepcionDocumental\RecepcionDocumental\tools\DocumentAiProbe\experiments\H1D10A\text\AD9F6F5A72D8131D0B85D1003E8B63494A646AE1FBC81D1BC7120048ABA7E675.ocr.txt,92AF3F22FBF4C802290A3B9F7CF750796F0ED15A8C6491E9E11986815F05E65B
ADD08D343270C35C06824EF58EE47390215B1FAFD797A96502A7A10208522646,TextAsset,C:\Users\omard\source\repos\RecepcionDocumental\RecepcionDocumental\tools\DocumentAiProbe\experiments\H1D10A\text\ADD08D343270C35C06824EF58EE47390215B1FAFD797A96502A7A10208522646.ocr.txt,CBE27BFFE427AE26433C288D5583C20BD2E187AAC0E87AA737AF1C5D8215D3B3
ADDB4C168C1550A2B9FE56FC3AED90EE296C7A21C60ADFAA1EA904B4D4A4EF14,TextAsset,C:\Users\omard\source\repos\RecepcionDocumental\RecepcionDocumental\tools\DocumentAiProbe\experiments\H1D10A\text\ADDB4C168C1550A2B9FE56FC3AED90EE296C7A21C60ADFAA1EA904B4D4A4EF14.native.txt,EF392182A71D4ECC0C0750F298A5A81CB84760AA60F0F0706FC48DC293D5AFBA
AF045798312AA570496D34E7F9881A914D147F18BA1EFC937620EDC8A83C01CA,TextAsset,C:\Users\omard\source\repos\RecepcionDocumental\RecepcionDocumental\tools\DocumentAiProbe\experiments\H1D10A\text\AF045798312AA570496D34E7F9881A914D147F18BA1EFC937620EDC8A83C01CA.native.txt,1CA755A5699B8CA9FAAB552E96FC38118E746C4203FF8DFEF945BDDFEF8589D6
AF07531F61EF959807CE40A9BA8B8362F516A5741D0A152906514C1422FC62B6,TextAsset,C:\Users\omard\source\repos\RecepcionDocumental\RecepcionDocumental\tools\DocumentAiProbe\experiments\H1D10A\text\AF07531F61EF959807CE40A9BA8B8362F516A5741D0A152906514C1422FC62B6.native.txt,F919414D14D858B8E786AC41BA365DAA007C64DE4C382D2B12327AF63423F2C0
AF222AF587C2EB549B9F2FDC0943ABF416C279FD35329C54941B78A5AECA545A,TextAsset,C:\Users\omard\source\repos\RecepcionDocumental\RecepcionDocumental\tools\DocumentAiProbe\experiments\H1D10A\text\AF222AF587C2EB549B9F2FDC0943ABF416C279FD35329C54941B78A5AECA545A.native.txt,BB08E7A28CA5428641813D53546CC2716DB3DD70257A0984FF728FD02F466BE5
AF5AF96DF21402C34237AAF9A7B9926F458AC92F6F9C1C414FE22E99C131B4BF,TextAsset,C:\Users\omard\source\repos\RecepcionDocumental\RecepcionDocumental\tools\DocumentAiProbe\experiments\H1D10A\text\AF5AF96DF21402C34237AAF9A7B9926F458AC92F6F9C1C414FE22E99C131B4BF.ocr.txt,640F449F753076FCC2BC401E82D2656F678B4A5C18F500A59A9970E12F5B1E6B
AF5D2B37C4A7BA2FDD20D1628E4F2A743D3DB07A1C79A59923CE70E491A1FD3C,TextAsset,C:\Users\omard\source\repos\RecepcionDocumental\RecepcionDocumental\tools\DocumentAiProbe\experiments\H1D10A\text\AF5D2B37C4A7BA2FDD20D1628E4F2A743D3DB07A1C79A59923CE70E491A1FD3C.native.txt,D448A549B8A3C33B0FF7D47ACE55A250BBE185F50B616BBBA9F04E4C7E39D902
AFE5C07F754EC3FF5C6ED21342EB7F60B5116385BF2E096B9D6F69631879E471,TextAsset,C:\Users\omard\source\repos\RecepcionDocumental\RecepcionDocumental\tools\DocumentAiProbe\experiments\H1D10A\text\AFE5C07F754EC3FF5C6ED21342EB7F60B5116385BF2E096B9D6F69631879E471.ocr.txt,9A69223C4580F6BEFDF5F3082911C9D87FC2B80B47F715E39A701326FEC79D1F
AFED52A09304D2AFC91D1F2FC2680CD10AC199AE959EB631A69F2BC9ABABEB8F,TextAsset,C:\Users\omard\source\repos\RecepcionDocumental\RecepcionDocumental\tools\DocumentAiProbe\experiments\H1D10A\text\AFED52A09304D2AFC91D1F2FC2680CD10AC199AE959EB631A69F2BC9ABABEB8F.ocr.txt,4C8EAC133E44E7F23E3B144EF2CB7AF21970DAC233436F5FE70F5DE666F92B38
AFF325F3A733F9A677C3A3E186A0D82D09D54DD9E9F5B308B9BAC208AD45C823,TextAsset,C:\Users\omard\source\repos\RecepcionDocumental\RecepcionDocumental\tools\DocumentAiProbe\experiments\H1D10A\text\AFF325F3A733F9A677C3A3E186A0D82D09D54DD9E9F5B308B9BAC208AD45C823.native.txt,A1B2A002421353E64E66AD3E09BC4162B6DFC418E2DC1F36E5588B16A4133FF4
B142C4D54C09C54A8ABAFAADE159DA4B7652B609DC8E7156A2D4ED445DF29F02,TextAsset,C:\Users\omard\source\repos\RecepcionDocumental\RecepcionDocumental\tools\DocumentAiProbe\experiments\H1D10A\text\B142C4D54C09C54A8ABAFAADE159DA4B7652B609DC8E7156A2D4ED445DF29F02.native.txt,FDB50594756FEC200D64338B6CBAB8352B6D8B3D6DF52BAFA3DE171DD19FDBC5
B1B444D5C28E363D53F6B12D8C4C7DF8467BAB97FE461D554C77EFB1CDBB7F49,TextAsset,C:\Users\omard\source\repos\RecepcionDocumental\RecepcionDocumental\tools\DocumentAiProbe\experiments\H1D10A\text\B1B444D5C28E363D53F6B12D8C4C7DF8467BAB97FE461D554C77EFB1CDBB7F49.native.txt,BFB3B62A9C66B9F05295EACC5E4416A6DC9E77DF6803BF326783E2EBA8CF3244
B1F8C68688C815C4B2E622CE629A8FB8E1E167F946A31358C0DEEB2C2EE9067E,TextAsset,C:\Users\omard\source\repos\RecepcionDocumental\RecepcionDocumental\tools\DocumentAiProbe\experiments\H1D10A\text\B1F8C68688C815C4B2E622CE629A8FB8E1E167F946A31358C0DEEB2C2EE9067E.native.txt,637A7BBBE9B9319EAE36E59877F0935BA75F047B5DCFA9D1A83966152DB0DD82
B24C7355D0913FE18C0E81BD1DEE40A5D26A2A67421866B7B15B0A68EBFFD461,TextAsset,C:\Users\omard\source\repos\RecepcionDocumental\RecepcionDocumental\tools\DocumentAiProbe\experiments\H1D10A\text\B24C7355D0913FE18C0E81BD1DEE40A5D26A2A67421866B7B15B0A68EBFFD461.native.txt,27D9AA49E031B31A2D6BBF748E557C991930FBA86A3CD3B7420FF2F6F923FA9C
B2FF0B4A124C59014E155CC295168F191450CB84F4475FDEE07698A40C828FD8,TextAsset,C:\Users\omard\source\repos\RecepcionDocumental\RecepcionDocumental\tools\DocumentAiProbe\experiments\H1D10A\text\B2FF0B4A124C59014E155CC295168F191450CB84F4475FDEE07698A40C828FD8.ocr.txt,2D57D48341029F0FB5640F970AEDFF5CED1DD58BE26B043FAB77614480D26DA3
B3113D190773FBBD65962BAFBED3850DA90037CDB78B067D8E3DC4D3C8E67A65,TextAsset,C:\Users\omard\source\repos\RecepcionDocumental\RecepcionDocumental\tools\DocumentAiProbe\experiments\H1D10A\text\B3113D190773FBBD65962BAFBED3850DA90037CDB78B067D8E3DC4D3C8E67A65.ocr.txt,51FD171F9018673174BF114E15A75D5149014DD678F91C7C3693695042A12DFF
B317DD5B2948BED0AC094B85A7DDD06291B6CEA51221F4B54C81BCD306B70A9D,TextAsset,C:\Users\omard\source\repos\RecepcionDocumental\RecepcionDocumental\tools\DocumentAiProbe\experiments\H1D10A\text\B317DD5B2948BED0AC094B85A7DDD06291B6CEA51221F4B54C81BCD306B70A9D.native.txt,E9D5F2F7352B44803EB6181EE94B5F222E5C7A173AE59B58FDBE7C603AD478C8
B341884895A7E88E7AFC455DC3EC66E90DD8C350A46B9E108870D244B79B4659,TextAsset,C:\Users\omard\source\repos\RecepcionDocumental\RecepcionDocumental\tools\DocumentAiProbe\experiments\H1D10A\text\B341884895A7E88E7AFC455DC3EC66E90DD8C350A46B9E108870D244B79B4659.native.txt,2806799A4BC2CC656BF2F29D9647077018CB1D268DA70A0023939DD291CE76C1
B35E69E2736957B4E82B541D2FA0882FFA8B690FCF400F00D3565518C39F07E7,TextAsset,C:\Users\omard\source\repos\RecepcionDocumental\RecepcionDocumental\tools\DocumentAiProbe\experiments\H1D10A\text\B35E69E2736957B4E82B541D2FA0882FFA8B690FCF400F00D3565518C39F07E7.native.txt,54F515F2CCF9039B8C53C0E6D110D553B7DC0BB3806F24B474CE860589CF6804
B50033761C545171297B9A1ECC24CB16299CC271859962E767F5A43D1A74A813,TextAsset,C:\Users\omard\source\repos\RecepcionDocumental\RecepcionDocumental\tools\DocumentAiProbe\experiments\H1D10A\text\B50033761C545171297B9A1ECC24CB16299CC271859962E767F5A43D1A74A813.native.txt,77BC02AC7A09AB0B5B12FCE64F38E1A3B16D400F4B6ED867A52C77D1A166DEC6
B6AA48A5CE30F4F6A36F5A79F52B827827D311ACEFD072DA7ADA5E7DF534E53F,TextAsset,C:\Users\omard\source\repos\RecepcionDocumental\RecepcionDocumental\tools\DocumentAiProbe\experiments\H1D10A\text\B6AA48A5CE30F4F6A36F5A79F52B827827D311ACEFD072DA7ADA5E7DF534E53F.ocr.txt,D4833C411CAEB9DA3F47C634C3A9607BD2D3B71ECED4383DBEA5DFD628791F74
B6FC91612D0D67AA4FFBCBAD979A4999CDDD79A3AEEDEEC07B92FD925467783E,TextAsset,C:\Users\omard\source\repos\RecepcionDocumental\RecepcionDocumental\tools\DocumentAiProbe\experiments\H1D10A\text\B6FC91612D0D67AA4FFBCBAD979A4999CDDD79A3AEEDEEC07B92FD925467783E.ocr.txt,D727D9FE652DCFCEA1EF26CE61892CA314EDC89D228F5BBF4F43586D0C66E2A3
B708300DA4D47B7F271FA88AD2F0BE9CAABCA5AB55BE2C278F2689A9272829A1,TextAsset,C:\Users\omard\source\repos\RecepcionDocumental\RecepcionDocumental\tools\DocumentAiProbe\experiments\H1D10A\text\B708300DA4D47B7F271FA88AD2F0BE9CAABCA5AB55BE2C278F2689A9272829A1.native.txt,3CE4D3C27AA49D7E75DFADF0D22495EC8EF4E97F6BDFB4D823E30A6F196FB724
B74F2DCA315F2C0C20BD3F950FE7D0CDD421C9AB08E1DA4D9B39FBF0A428EB87,TextAsset,C:\Users\omard\source\repos\RecepcionDocumental\RecepcionDocumental\tools\DocumentAiProbe\experiments\H1D10A\text\B74F2DCA315F2C0C20BD3F950FE7D0CDD421C9AB08E1DA4D9B39FBF0A428EB87.native.txt,9A9FCB663E24E6EA6AB9BA05C449AE4261F61789829FEDFB16DE34B593FB38C6
B80A35829588FA239AD5B16A7F0A34E43B2B5DEB5112605DF44B49AE8131913F,TextAsset,C:\Users\omard\source\repos\RecepcionDocumental\RecepcionDocumental\tools\DocumentAiProbe\experiments\H1D10A\text\B80A35829588FA239AD5B16A7F0A34E43B2B5DEB5112605DF44B49AE8131913F.ocr.txt,FD855B5EEE03378BECDC4D50D8B9583D40E20E8471CC76979EBA64614BCEB847
B8992F725C23EFF6C42C9D6177B1284854ECEFAD3E2F85CA1CFB642ED063AB4F,TextAsset,C:\Users\omard\source\repos\RecepcionDocumental\RecepcionDocumental\tools\DocumentAiProbe\experiments\H1D10A\text\B8992F725C23EFF6C42C9D6177B1284854ECEFAD3E2F85CA1CFB642ED063AB4F.native.txt,89970EBAA55368916D81399F6A032EAF9FB998B02C585701D2F722B2791769AE
B95D92B1911D81571A50B54AC7C9F9195C49676989CE33453C00FAB1C3DF007A,TextAsset,C:\Users\omard\source\repos\RecepcionDocumental\RecepcionDocumental\tools\DocumentAiProbe\experiments\H1D10A\text\B95D92B1911D81571A50B54AC7C9F9195C49676989CE33453C00FAB1C3DF007A.native.txt,6B5E750A1C1BD6B544EC303D90EDE32FB61CCA8EB7E1EDDB8CA12ECEB7A6459D
BBC0964799DAAA2C35AEDB4004A4C6E0323FAD9332B0FA6ED2A1BE5BAF5EFE27,TextAsset,C:\Users\omard\source\repos\RecepcionDocumental\RecepcionDocumental\tools\DocumentAiProbe\experiments\H1D10A\text\BBC0964799DAAA2C35AEDB4004A4C6E0323FAD9332B0FA6ED2A1BE5BAF5EFE27.native.txt,60C5D49146BF3084EC92AD477E124C5312ABEEFBC253D243F1002CFFD7AF4F63
BC4C6F83B2FFBA9A1285782A30CC36A0D4D8114857F98B6B3B27AA8772F00774,TextAsset,C:\Users\omard\source\repos\RecepcionDocumental\RecepcionDocumental\tools\DocumentAiProbe\experiments\H1D10A\text\BC4C6F83B2FFBA9A1285782A30CC36A0D4D8114857F98B6B3B27AA8772F00774.native.txt,846E654331FDA574594428898AEBD11E51BF40219E5C516AE138C168743ACF93
BC710CA9DC8374C895F9D2C756448CC35535DBDD7406A1C328C2FCF2E885C555,TextAsset,C:\Users\omard\source\repos\RecepcionDocumental\RecepcionDocumental\tools\DocumentAiProbe\experiments\H1D10A\text\BC710CA9DC8374C895F9D2C756448CC35535DBDD7406A1C328C2FCF2E885C555.native.txt,61F8AB1232EE0134F9D242652023ACF82F5D7543258CEC03CB1996820FEA437B
BCB5824133621FF86C0E30218A27FF35EB80B07C6ED9B0720BC06055DA926DBD,TextAsset,C:\Users\omard\source\repos\RecepcionDocumental\RecepcionDocumental\tools\DocumentAiProbe\experiments\H1D10A\text\BCB5824133621FF86C0E30218A27FF35EB80B07C6ED9B0720BC06055DA926DBD.native.txt,E731959BF2F4876104E3BFDEE88985FBF6E0FBA2160B654F32CD6DC5ADD71C49
BD1E0ED2FF5728514FE2BA73BC86754E43DF43FC802597B768C1BE1E3E86828D,TextAsset,C:\Users\omard\source\repos\RecepcionDocumental\RecepcionDocumental\tools\DocumentAiProbe\experiments\H1D10A\text\BD1E0ED2FF5728514FE2BA73BC86754E43DF43FC802597B768C1BE1E3E86828D.native.txt,ED5C64B5EB4EF7D74322493DC64DFCCCCA810399212684381CE7C9F4A770B90D
BDF21F2211E4DBF480EB36032B6D8C0B592CBC12AD96383E89A76D84590D89D7,TextAsset,C:\Users\omard\source\repos\RecepcionDocumental\RecepcionDocumental\tools\DocumentAiProbe\experiments\H1D10A\text\BDF21F2211E4DBF480EB36032B6D8C0B592CBC12AD96383E89A76D84590D89D7.ocr.txt,5F7C1929CF8907ACCE8DC2788F7B11BB728456E727C2CACEE15B054FA5939A34
BE2BFF0EE6E231A3B2BCB5CE3FBD8D378E1FC44FBAC6FEC76FE5BE3188604ECB,TextAsset,C:\Users\omard\source\repos\RecepcionDocumental\RecepcionDocumental\tools\DocumentAiProbe\experiments\H1D10A\text\BE2BFF0EE6E231A3B2BCB5CE3FBD8D378E1FC44FBAC6FEC76FE5BE3188604ECB.native.txt,818994D4718365E1F553308830D023D08385F96FF6172C4E43AB62BAB252F348
BE2EB39793D6974EDFD51E26FA4D97F7E3D9F1D576A56D51849763230F2F8B89,TextAsset,C:\Users\omard\source\repos\RecepcionDocumental\RecepcionDocumental\tools\DocumentAiProbe\experiments\H1D10A\text\BE2EB39793D6974EDFD51E26FA4D97F7E3D9F1D576A56D51849763230F2F8B89.ocr.txt,C4F505A8B4727A86544245C01909B27BB952910F7C0EEA7454A239333D55B186
BE3A56DD69AF80DBCC6970213DC3956F6BD11A5592F5A5975E3E9C6946755301,TextAsset,C:\Users\omard\source\repos\RecepcionDocumental\RecepcionDocumental\tools\DocumentAiProbe\experiments\H1D10A\text\BE3A56DD69AF80DBCC6970213DC3956F6BD11A5592F5A5975E3E9C6946755301.native.txt,D5CD16BA068CE77D20B167EEC7B00258F79105DD9C202682DD39EF3D3369B524
BE59DEF803C07A83A9F8B313117820974411A10C344C882E0DAA0E92A9D9CF94,TextAsset,C:\Users\omard\source\repos\RecepcionDocumental\RecepcionDocumental\tools\DocumentAiProbe\experiments\H1D10A\text\BE59DEF803C07A83A9F8B313117820974411A10C344C882E0DAA0E92A9D9CF94.native.txt,59E9B846F226A604C135587E9F899E5014FEB4C6086A2DACD54A1F3DA9D29E8E
BE9A6EC48E0EAF5EB2B9495596B955648F51A7207FCF2BF3757220A49354F8CB,TextAsset,C:\Users\omard\source\repos\RecepcionDocumental\RecepcionDocumental\tools\DocumentAiProbe\experiments\H1D10A\text\BE9A6EC48E0EAF5EB2B9495596B955648F51A7207FCF2BF3757220A49354F8CB.ocr.txt,F548CC8203CE0340B374E794D953B4777E663C5936BD0FE749495D2F2558E093
BF524A65D0708D90E26239C3125D267507482E33819A415BB5539F6D2642C8BE,TextAsset,C:\Users\omard\source\repos\RecepcionDocumental\RecepcionDocumental\tools\DocumentAiProbe\experiments\H1D10A\text\BF524A65D0708D90E26239C3125D267507482E33819A415BB5539F6D2642C8BE.native.txt,E50D5E8EC7E25E5CC49E1BA84306EEBD4D5488D3D5178E32644824F7A1BD63EE
BFFD180EBE36EB2FCECE5A43A00B3A494448C26094B5828BFC591E1D2471A8E2,TextAsset,C:\Users\omard\source\repos\RecepcionDocumental\RecepcionDocumental\tools\DocumentAiProbe\experiments\H1D10A\text\BFFD180EBE36EB2FCECE5A43A00B3A494448C26094B5828BFC591E1D2471A8E2.native.txt,E1B73E368CBB597578E6061E1DFBE481A056EC26961A0686E9160C47F65A81D1
C03E5C5FE84DB19CAF29F42F864E7A65D4E49194113D53A1159793A9C9A9C987,TextAsset,C:\Users\omard\source\repos\RecepcionDocumental\RecepcionDocumental\tools\DocumentAiProbe\experiments\H1D10A\text\C03E5C5FE84DB19CAF29F42F864E7A65D4E49194113D53A1159793A9C9A9C987.native.txt,C3BE4246ADDD175A8EBA21C8956A7A7512A95A8BAA260F84F13D9276BC020EEA
C087BAC4C98C0267A3ECF1372EED6FDB0CC59D8472D853D196C162EB3536F616,TextAsset,C:\Users\omard\source\repos\RecepcionDocumental\RecepcionDocumental\tools\DocumentAiProbe\experiments\H1D10A\text\C087BAC4C98C0267A3ECF1372EED6FDB0CC59D8472D853D196C162EB3536F616.native.txt,3EDD4B81C45483C13B2F378E9F7E20A710228F267C95AB13E81DEBD00158FC79
C090BC61FD044DD4AB78163652B0F9EC19969395F05A39AA2C9D37D25ED565E4,TextAsset,C:\Users\omard\source\repos\RecepcionDocumental\RecepcionDocumental\tools\DocumentAiProbe\experiments\H1D10A\text\C090BC61FD044DD4AB78163652B0F9EC19969395F05A39AA2C9D37D25ED565E4.ocr.txt,4A3F2489223FE2FA901E243F7CB3854815C9C4B774DBD976B3BD04D7FB8CF458
C09735500360DFE78129D14EF3A20E0668C0E08CC4FAC87ECD258E0B194D1F19,TextAsset,C:\Users\omard\source\repos\RecepcionDocumental\RecepcionDocumental\tools\DocumentAiProbe\experiments\H1D10A\text\C09735500360DFE78129D14EF3A20E0668C0E08CC4FAC87ECD258E0B194D1F19.native.txt,33288C0AFE764998A48E668CCF14E3184AE86419A54D7E90865EAF06CFCF5AE9
C0A98883504ED896EE65F0BAB17913181343E3B060353F1B69E7616F48A1C3D0,TextAsset,C:\Users\omard\source\repos\RecepcionDocumental\RecepcionDocumental\tools\DocumentAiProbe\experiments\H1D10A\text\C0A98883504ED896EE65F0BAB17913181343E3B060353F1B69E7616F48A1C3D0.native.txt,9F0C4CB29D6572EA91E2AB320260D1A966FA9C3745AC4CD7F11E284CF233C556
C1337CD9E2CE1B4FBFAC43E69AF28D24376092DB6735E0F4C1C53DE5DD9A29CA,TextAsset,C:\Users\omard\source\repos\RecepcionDocumental\RecepcionDocumental\tools\DocumentAiProbe\experiments\H1D10A\text\C1337CD9E2CE1B4FBFAC43E69AF28D24376092DB6735E0F4C1C53DE5DD9A29CA.native.txt,3C33AB799374BEF5AAEB5B40033724C5B06344304DCC923B01E80E1736DC4CA5
C238EF59EDB9D49A70524D1B4E2258BE7ADB7112A8DB168003703D1107F830DE,TextAsset,C:\Users\omard\source\repos\RecepcionDocumental\RecepcionDocumental\tools\DocumentAiProbe\experiments\H1D10A\text\C238EF59EDB9D49A70524D1B4E2258BE7ADB7112A8DB168003703D1107F830DE.native.txt,BBB31C2C4AFA37F68E487EE813C5ADC455F18E7B029451FD94A1D9B7FC7F9866
C2AFDB1568B744D697C3CD2B931B30D120DC01DA9CEED3D069EE948FB11956BC,TextAsset,C:\Users\omard\source\repos\RecepcionDocumental\RecepcionDocumental\tools\DocumentAiProbe\experiments\H1D10A\text\C2AFDB1568B744D697C3CD2B931B30D120DC01DA9CEED3D069EE948FB11956BC.native.txt,A2DA912D5FCA34216AA8483209A3B048331E11CDFF8748BE39C10588793CCEBE
C2EB6A13535F3DE855B61491DF1DF64399AFE2B4D93CD63ADCEA3D1ED9D79843,TextAsset,C:\Users\omard\source\repos\RecepcionDocumental\RecepcionDocumental\tools\DocumentAiProbe\experiments\H1D10A\text\C2EB6A13535F3DE855B61491DF1DF64399AFE2B4D93CD63ADCEA3D1ED9D79843.native.txt,88404FC9FD6FA43E117ABEE23A8089C76D0293E5B1741CBAFC0A8D11CBCEBE6A
C319C6B40800192D8C5C6929BB122A9010982AAE9A0BEF468F446FBC156517F6,TextAsset,C:\Users\omard\source\repos\RecepcionDocumental\RecepcionDocumental\tools\DocumentAiProbe\experiments\H1D10A\text\C319C6B40800192D8C5C6929BB122A9010982AAE9A0BEF468F446FBC156517F6.native.txt,FA7FA385F5DB87E79116BBCF371D5197D4465897515E81EE324CD549EC00A423
C36EA90CDF92312554964CD3ACB96C75B2E21394D21321A1D5F6D16D7D2BC66B,TextAsset,C:\Users\omard\source\repos\RecepcionDocumental\RecepcionDocumental\tools\DocumentAiProbe\experiments\H1D10A\text\C36EA90CDF92312554964CD3ACB96C75B2E21394D21321A1D5F6D16D7D2BC66B.native.txt,87D5BC4A8DD096D1DAE465C2751ABD29A060B45EFE2A9673A4B92EF68B537D1E
C41A80814FFACC787F7A868C35D087DBA54BCA7ADEAED9E57632749D953A0FC3,TextAsset,C:\Users\omard\source\repos\RecepcionDocumental\RecepcionDocumental\tools\DocumentAiProbe\experiments\H1D10A\text\C41A80814FFACC787F7A868C35D087DBA54BCA7ADEAED9E57632749D953A0FC3.native.txt,E0C66F73B88A26A136D4F558EB83BDB2988F0EABFD6F827103E7C36566D457D0
C434649C3CDB9EBD6CEC3DB16F2C8FA54B197D8A439ED74DE5FC37F2CE561F88,TextAsset,C:\Users\omard\source\repos\RecepcionDocumental\RecepcionDocumental\tools\DocumentAiProbe\experiments\H1D10A\text\C434649C3CDB9EBD6CEC3DB16F2C8FA54B197D8A439ED74DE5FC37F2CE561F88.native.txt,16C2E0977E2D8A55FB0293D411E8276C44DD2CA00A352C598C50C6DD7A00D968
C4A374EBE71A704851898A247AD017B8AA0319E7E9EBAFCC8414F67118C22674,TextAsset,C:\Users\omard\source\repos\RecepcionDocumental\RecepcionDocumental\tools\DocumentAiProbe\experiments\H1D10A\text\C4A374EBE71A704851898A247AD017B8AA0319E7E9EBAFCC8414F67118C22674.ocr.txt,8832A69C4AC246EB961D05CB872B11B8BC629EEB423F9D1F0CBCE7EDB4005BD7
C4C783AF2B933857EB298955FE50D6C2545FDB9101E0BDD7B25D70FB44DF54BA,TextAsset,C:\Users\omard\source\repos\RecepcionDocumental\RecepcionDocumental\tools\DocumentAiProbe\experiments\H1D10A\text\C4C783AF2B933857EB298955FE50D6C2545FDB9101E0BDD7B25D70FB44DF54BA.native.txt,8595DBE0EC5261D721DF79A00785AB28823D502778808659872CBD449D0F5ABB
C502BC6DB8C90164FEB17CE99C86754EF737BB05F6FC67A6AA3FF4DA2DC377C6,TextAsset,C:\Users\omard\source\repos\RecepcionDocumental\RecepcionDocumental\tools\DocumentAiProbe\experiments\H1D10A\text\C502BC6DB8C90164FEB17CE99C86754EF737BB05F6FC67A6AA3FF4DA2DC377C6.native.txt,B97C0F95D298F5FD833127B819180B97FFF52BF9891CD453ED97857D423A1759
C56F123F393BB64598BE69DCB37593BDFC52727C444D22CDD615B952C5124854,TextAsset,C:\Users\omard\source\repos\RecepcionDocumental\RecepcionDocumental\tools\DocumentAiProbe\experiments\H1D10A\text\C56F123F393BB64598BE69DCB37593BDFC52727C444D22CDD615B952C5124854.ocr.txt,0E85CF62068997EFE106F180934DAA20BA6A230E7809B9B1F548215F53FAE9F8
C6300AC74E673106078B4FF074BABAF9CEA63E7B19340AB6BC815529561AE286,TextAsset,C:\Users\omard\source\repos\RecepcionDocumental\RecepcionDocumental\tools\DocumentAiProbe\experiments\H1D10A\text\C6300AC74E673106078B4FF074BABAF9CEA63E7B19340AB6BC815529561AE286.native.txt,A916CF5DDB16A44152C9A9F580DC18AF25995F65F6C86A508F29ED23EA47199C
C7125FE0EFE8E1B2FF91062ABF5176DF1B0627D33DC11DF8DB5BD71B22800D9A,TextAsset,C:\Users\omard\source\repos\RecepcionDocumental\RecepcionDocumental\tools\DocumentAiProbe\experiments\H1D10A\text\C7125FE0EFE8E1B2FF91062ABF5176DF1B0627D33DC11DF8DB5BD71B22800D9A.native.txt,4E9B5B3B95CD15FF20E216B9427B7B7B04CDD078DF3B217F02B037B294DBF574
C7698BD8176A1BD0CBA29A9546F838EABE35A2A06DEE0C6D36F563505078AA56,TextAsset,C:\Users\omard\source\repos\RecepcionDocumental\RecepcionDocumental\tools\DocumentAiProbe\experiments\H1D10A\text\C7698BD8176A1BD0CBA29A9546F838EABE35A2A06DEE0C6D36F563505078AA56.native.txt,EFA05C07B89E3AD8111DF5C6530498F8D6A8489B73D3B1020D11DECD09BC9082
C76AFC20227BFFA4DE3F148E4AA91F66A3F069C3DDA082037A4751F7236B6387,TextAsset,C:\Users\omard\source\repos\RecepcionDocumental\RecepcionDocumental\tools\DocumentAiProbe\experiments\H1D10A\text\C76AFC20227BFFA4DE3F148E4AA91F66A3F069C3DDA082037A4751F7236B6387.native.txt,CB156887A1248C9AA28E5A48E059D7AFB0711FD0853329CED5C389CF3D54CDDD
C77044008A97EBB7AACFDE72FCAF1BEFF735B529516F5239039C1FB3889CD6D3,TextAsset,C:\Users\omard\source\repos\RecepcionDocumental\RecepcionDocumental\tools\DocumentAiProbe\experiments\H1D10A\text\C77044008A97EBB7AACFDE72FCAF1BEFF735B529516F5239039C1FB3889CD6D3.ocr.txt,22864AB722EF2617F27EDD204DEEF027A064197E72AEDB99D47EE408654B47A4
C7878CB77608850C544168E945D00762576A1494A2847F0A5A4ED6791A8762EC,TextAsset,C:\Users\omard\source\repos\RecepcionDocumental\RecepcionDocumental\tools\DocumentAiProbe\experiments\H1D10A\text\C7878CB77608850C544168E945D00762576A1494A2847F0A5A4ED6791A8762EC.native.txt,0249C4B55F60F6AFE14571CED00282041DC3997E568B7EA49A72FAAF205E369E
C94B3A536AB57B9DB3AF7BEF19A649E54942C536ED0668C1682597C416318FDB,TextAsset,C:\Users\omard\source\repos\RecepcionDocumental\RecepcionDocumental\tools\DocumentAiProbe\experiments\H1D10A\text\C94B3A536AB57B9DB3AF7BEF19A649E54942C536ED0668C1682597C416318FDB.native.txt,15D1537975437E82CAA4240116F64BE1883E74F1EC75BED3B3FEADBB51032987
CA3E02045B80670FD0DC23716AAB6FD21E1739242806AA1CDB9C6F8659A1DC1C,TextAsset,C:\Users\omard\source\repos\RecepcionDocumental\RecepcionDocumental\tools\DocumentAiProbe\experiments\H1D10A\text\CA3E02045B80670FD0DC23716AAB6FD21E1739242806AA1CDB9C6F8659A1DC1C.ocr.txt,48F0EF0A9F7258F79970EF5C311D7A332662C90427B78032CED8CBEBA74D3D38
CA5815573EDC66C63A4E1C370F56EBCF13F7E9BC9D43C5822B4203E6DE295773,TextAsset,C:\Users\omard\source\repos\RecepcionDocumental\RecepcionDocumental\tools\DocumentAiProbe\experiments\H1D10A\text\CA5815573EDC66C63A4E1C370F56EBCF13F7E9BC9D43C5822B4203E6DE295773.native.txt,A74BD8BD4D044E40FA673B1BE207CD39DD07F6E61F321E6576DEC90B78929122
CA769CD199134EC6C73A6A5BEBB8699D52DCBB3777A23F4B6A3B1C43A5AFDD10,TextAsset,C:\Users\omard\source\repos\RecepcionDocumental\RecepcionDocumental\tools\DocumentAiProbe\experiments\H1D10A\text\CA769CD199134EC6C73A6A5BEBB8699D52DCBB3777A23F4B6A3B1C43A5AFDD10.native.txt,D48F9E7B761D77F4C2B17D0F21E78170C073D4992B40030A717D6818AF00609B
CA822291BE5FD43423EDDF731B1B9057412CDFB537AE79EED3E51B4F585A4F40,TextAsset,C:\Users\omard\source\repos\RecepcionDocumental\RecepcionDocumental\tools\DocumentAiProbe\experiments\H1D10A\text\CA822291BE5FD43423EDDF731B1B9057412CDFB537AE79EED3E51B4F585A4F40.ocr.txt,0366CEE7FE0174FD3B8820E4A48007657D92D925B08956C6B2086540E9276541
CAB0406F83A35EAD9D42A79ED8E8474E040EE40EEF15EB623E298600B5D436E9,TextAsset,C:\Users\omard\source\repos\RecepcionDocumental\RecepcionDocumental\tools\DocumentAiProbe\experiments\H1D10A\text\CAB0406F83A35EAD9D42A79ED8E8474E040EE40EEF15EB623E298600B5D436E9.native.txt,F7144DED594E3DD5843606F63D609E83F49CE9F669A2065905464B84BB97A069
CABA4F39709ABF33B35E8EA9E62BA643F45F79B5748305017D7B55C18736C042,TextAsset,C:\Users\omard\source\repos\RecepcionDocumental\RecepcionDocumental\tools\DocumentAiProbe\experiments\H1D10A\text\CABA4F39709ABF33B35E8EA9E62BA643F45F79B5748305017D7B55C18736C042.native.txt,DB011F8C95FA3B2C6C06EE49C5F00368F4D1F55BEA2E6679983F5694E840A364
CAE54411BC7BD05CAF2FE7DBE9889AD5AA22D61E139051865BD9E06CFCD5C7CE,TextAsset,C:\Users\omard\source\repos\RecepcionDocumental\RecepcionDocumental\tools\DocumentAiProbe\experiments\H1D10A\text\CAE54411BC7BD05CAF2FE7DBE9889AD5AA22D61E139051865BD9E06CFCD5C7CE.ocr.txt,6CDDC44636DD886679774CB6315CB47BD519107C656F2FB0F43D2B0CA1952552
CAF89CAB8325DB5581C9E345EB911386351A9E239344C51034EE27AC9538F359,TextAsset,C:\Users\omard\source\repos\RecepcionDocumental\RecepcionDocumental\tools\DocumentAiProbe\experiments\H1D10A\text\CAF89CAB8325DB5581C9E345EB911386351A9E239344C51034EE27AC9538F359.ocr.txt,1918C73D2E87B5F96DC8FB45458EF219B76E31F725B189F469DAF3230AA1C5EB
CB0281CD4F100C1DC38A7D347A6595C8742B49F9FA79F5D16AEF07D66FAB7039,TextAsset,C:\Users\omard\source\repos\RecepcionDocumental\RecepcionDocumental\tools\DocumentAiProbe\experiments\H1D10A\text\CB0281CD4F100C1DC38A7D347A6595C8742B49F9FA79F5D16AEF07D66FAB7039.ocr.txt,0BB5B7697C469C269667F9EE3F668EF8A6E966DC3C0157F3F4F23F86D19EFCA3
CBCB53C1EE05C28D9B5783AB3A4E24F15B7A4998DAFCC96C866FBB043A2A3995,TextAsset,C:\Users\omard\source\repos\RecepcionDocumental\RecepcionDocumental\tools\DocumentAiProbe\experiments\H1D10A\text\CBCB53C1EE05C28D9B5783AB3A4E24F15B7A4998DAFCC96C866FBB043A2A3995.ocr.txt,086AE04271D1DB313E8B4A13BFAD099B37DB2D501EAEF403A42B8295700C79D8
CD065BA2CB97F0265D93BF71AC29471DA8CFBC531053CDC4510C69DEEBC3C839,TextAsset,C:\Users\omard\source\repos\RecepcionDocumental\RecepcionDocumental\tools\DocumentAiProbe\experiments\H1D10A\text\CD065BA2CB97F0265D93BF71AC29471DA8CFBC531053CDC4510C69DEEBC3C839.native.txt,7E63DEDA0BBD42B169E0F786860797B5F060CBAC6397E0C3F3E233B2F47D51DC
CD62EF3902257F9D0D9EDFE7748D730B23A10FF66DAE8C736C7D48243599B816,TextAsset,C:\Users\omard\source\repos\RecepcionDocumental\RecepcionDocumental\tools\DocumentAiProbe\experiments\H1D10A\text\CD62EF3902257F9D0D9EDFE7748D730B23A10FF66DAE8C736C7D48243599B816.native.txt,DBC60E995DA041CB2B20DF3AE6CA9C35505230DD4EAFC033AE1663C69EC7A755
CD9318EA661D2FB16C3D12874E8EAC81E765FA9E0D34C4344277F566B3AF8225,TextAsset,C:\Users\omard\source\repos\RecepcionDocumental\RecepcionDocumental\tools\DocumentAiProbe\experiments\H1D10A\text\CD9318EA661D2FB16C3D12874E8EAC81E765FA9E0D34C4344277F566B3AF8225.native.txt,C8AD63D4A16F381751D3CAA9EC56E754E80C7CA7F02CE958DBD74CE7058DBD96
CDB8FA0468DAFEC847F39B8E159069F2BA2597D1B1058186990AE30AC611790D,TextAsset,C:\Users\omard\source\repos\RecepcionDocumental\RecepcionDocumental\tools\DocumentAiProbe\experiments\H1D10A\text\CDB8FA0468DAFEC847F39B8E159069F2BA2597D1B1058186990AE30AC611790D.native.txt,91D7042772DA683BE46CB986E63365DA7B7A1186686BDD9E99A2820E77622ED3
CDBC9CE725ED68D5E561F53FC06928BA56FDBFA18A3AD897C4A45D143D1B1056,TextAsset,C:\Users\omard\source\repos\RecepcionDocumental\RecepcionDocumental\tools\DocumentAiProbe\experiments\H1D10A\text\CDBC9CE725ED68D5E561F53FC06928BA56FDBFA18A3AD897C4A45D143D1B1056.native.txt,26D8C29CF70DA42A65559ADD1794787EDCE803ACD14B74B5259E27F8BBD9D59E
CE7160133672FD9F3450176876854198FBF15716625BC1FDFAD793838A440CE2,TextAsset,C:\Users\omard\source\repos\RecepcionDocumental\RecepcionDocumental\tools\DocumentAiProbe\experiments\H1D10A\text\CE7160133672FD9F3450176876854198FBF15716625BC1FDFAD793838A440CE2.ocr.txt,EA77F5FDE5C3EE51AD9354487C26C7E50FCCCA92D810F69492A6380D90366174
CE75A76B5BD6AD4A5AA5A8EF5B73EB307AF3B4BB069F8B0B3439236ACA11D5C6,TextAsset,C:\Users\omard\source\repos\RecepcionDocumental\RecepcionDocumental\tools\DocumentAiProbe\experiments\H1D10A\text\CE75A76B5BD6AD4A5AA5A8EF5B73EB307AF3B4BB069F8B0B3439236ACA11D5C6.native.txt,8AA7E473D5618AA710BD708EF9E000505F69FF4B005807C0DB4FEC83B1844666
CE8FCBD2CF90A20BBB9D66AB2A30CB610FCE462C7E45B6FDFE9CBD342FEBE461,TextAsset,C:\Users\omard\source\repos\RecepcionDocumental\RecepcionDocumental\tools\DocumentAiProbe\experiments\H1D10A\text\CE8FCBD2CF90A20BBB9D66AB2A30CB610FCE462C7E45B6FDFE9CBD342FEBE461.native.txt,220F110FFCC077ABC6AB0ED036F210F8FAB7DE6A2F4142099A03320B23A85535
CF1B0AAD4B633322B50D7FFDBEDBED32C1B7DF11A46EBE800F4AB45DC0B8CDBD,TextAsset,C:\Users\omard\source\repos\RecepcionDocumental\RecepcionDocumental\tools\DocumentAiProbe\experiments\H1D10A\text\CF1B0AAD4B633322B50D7FFDBEDBED32C1B7DF11A46EBE800F4AB45DC0B8CDBD.native.txt,9035CA7ECC2F302082B5385DCC33338C6192922BFE3B62CF0A84E6F4D1F82389
CF55806E22A60868249F5E11CA3EEB47FDB2D1C6E287F0AF1F485328ABE9F391,TextAsset,C:\Users\omard\source\repos\RecepcionDocumental\RecepcionDocumental\tools\DocumentAiProbe\experiments\H1D10A\text\CF55806E22A60868249F5E11CA3EEB47FDB2D1C6E287F0AF1F485328ABE9F391.native.txt,E11ED2CC882B3A46DB67A2F21484A7F7F658C6DF89ABCF4686AB2A13A0A621DB
D03B12295D7E2C90B4C243C7F0597B491A97CD0E6AD087AA2E702841D8F70BCF,TextAsset,C:\Users\omard\source\repos\RecepcionDocumental\RecepcionDocumental\tools\DocumentAiProbe\experiments\H1D10A\text\D03B12295D7E2C90B4C243C7F0597B491A97CD0E6AD087AA2E702841D8F70BCF.ocr.txt,C14C860929084A6E0E9F91E7E41890E470CEA1E5E54C184A229A17F02ECF2B61
D05146FB2060EBDBA287EE9E6BF7E067D3365A74C7D3CBD8AEAE9E14BF6561D2,TextAsset,C:\Users\omard\source\repos\RecepcionDocumental\RecepcionDocumental\tools\DocumentAiProbe\experiments\H1D10A\text\D05146FB2060EBDBA287EE9E6BF7E067D3365A74C7D3CBD8AEAE9E14BF6561D2.native.txt,96901814AF267C98A711DE9CCFC090F963B051F6E1BE8B178105F27E0159D158
D0B235541FF454DD27C268EFAEAD6B7BD9413252680BF968BD1A73DFBAB8FBF2,TextAsset,C:\Users\omard\source\repos\RecepcionDocumental\RecepcionDocumental\tools\DocumentAiProbe\experiments\H1D10A\text\D0B235541FF454DD27C268EFAEAD6B7BD9413252680BF968BD1A73DFBAB8FBF2.native.txt,F6923B7C456E79D8592FF00602929A475AE4E9C25C4637615C162A06BF812D02
D0C22929625573AA924B272A3C6BF3564D06BC107975FA72C28BB8CE97123304,TextAsset,C:\Users\omard\source\repos\RecepcionDocumental\RecepcionDocumental\tools\DocumentAiProbe\experiments\H1D10A\text\D0C22929625573AA924B272A3C6BF3564D06BC107975FA72C28BB8CE97123304.native.txt,6EE142A7148A51DCF2D9FE04AB24D8FB8792DD24DBEC3436B47E06F0D3AB3334
D1499A0B39257FAED04745461FE1A6DB7B109DE3800DD10E4FE3C270D0EEFEDC,TextAsset,C:\Users\omard\source\repos\RecepcionDocumental\RecepcionDocumental\tools\DocumentAiProbe\experiments\H1D10A\text\D1499A0B39257FAED04745461FE1A6DB7B109DE3800DD10E4FE3C270D0EEFEDC.native.txt,8677FB8F9CF2E5DB47219D4E5EEC91FB5585812CDC74C9B9DE7B1EDCEAD784A3
D19186FF7C1D0B8802E049D695AD55E88ED02E59A2056380B48DB82C1D1F810B,TextAsset,C:\Users\omard\source\repos\RecepcionDocumental\RecepcionDocumental\tools\DocumentAiProbe\experiments\H1D10A\text\D19186FF7C1D0B8802E049D695AD55E88ED02E59A2056380B48DB82C1D1F810B.native.txt,F91DA08C46DA90A3E410EB44D5E689F2DA6FEDF480A10AD0895F0E4327798B2A
D1C3AB6491904918D61A6BDA015E6A7EE394D45701861404B8118D23A1E5B413,TextAsset,C:\Users\omard\source\repos\RecepcionDocumental\RecepcionDocumental\tools\DocumentAiProbe\experiments\H1D10A\text\D1C3AB6491904918D61A6BDA015E6A7EE394D45701861404B8118D23A1E5B413.native.txt,880CC6495798B6B02AD5E1A0DD2412A2E86D31FC779BCC4D437D1ED2B2600BC3
D231E007B8428912369BD0B27FE0DD1D3AD06BC65B70264D9311BF50134119CC,TextAsset,C:\Users\omard\source\repos\RecepcionDocumental\RecepcionDocumental\tools\DocumentAiProbe\experiments\H1D10A\text\D231E007B8428912369BD0B27FE0DD1D3AD06BC65B70264D9311BF50134119CC.native.txt,63D9F799B398A4B5766AA30C22DBBE5F5718EA33E73708A7E1815694983468F2
D2A1FEA80404D2D1A4B23C95DE89B524417590D6F0620757E9C5431264D9304B,TextAsset,C:\Users\omard\source\repos\RecepcionDocumental\RecepcionDocumental\tools\DocumentAiProbe\experiments\H1D10A\text\D2A1FEA80404D2D1A4B23C95DE89B524417590D6F0620757E9C5431264D9304B.native.txt,E61085C25B91F6DA5213B03EA092008965AB8D7DF519F8D2C6DED9FFFC619650
D2A8D9364B112EECED6C20725E47D2602AD99DC6C1B68BA512896E809F5BA34C,TextAsset,C:\Users\omard\source\repos\RecepcionDocumental\RecepcionDocumental\tools\DocumentAiProbe\experiments\H1D10A\text\D2A8D9364B112EECED6C20725E47D2602AD99DC6C1B68BA512896E809F5BA34C.native.txt,6114B8F8508B84662EB8AB9FBCA99BA0AFDC9EBC9BE0896E8705F7D63EFACB78
D2B1869BDD2518AE809CFC34636DC37AACFF0C166EA643382ACE5354EA81F5EC,TextAsset,C:\Users\omard\source\repos\RecepcionDocumental\RecepcionDocumental\tools\DocumentAiProbe\experiments\H1D10A\text\D2B1869BDD2518AE809CFC34636DC37AACFF0C166EA643382ACE5354EA81F5EC.native.txt,EC4FB69F71474A3BD26D4FDB6F45680FE8728214B1FCB544868CA176A025E2DE
D2B9E973CC7A455B8CD888FF17D197A17E7EC0E6FB2A58C1496CD4DE23D30D58,TextAsset,C:\Users\omard\source\repos\RecepcionDocumental\RecepcionDocumental\tools\DocumentAiProbe\experiments\H1D10A\text\D2B9E973CC7A455B8CD888FF17D197A17E7EC0E6FB2A58C1496CD4DE23D30D58.native.txt,8649FBBDBC19302681138BA6CE7EA8769C254450EBAF8A0DB11831AC548F0CFA
D2C0B9DE3C41E1BFDB53F7DC61A911807A5C9B1B8F9BB3D7E8168813CD6BC613,TextAsset,C:\Users\omard\source\repos\RecepcionDocumental\RecepcionDocumental\tools\DocumentAiProbe\experiments\H1D10A\text\D2C0B9DE3C41E1BFDB53F7DC61A911807A5C9B1B8F9BB3D7E8168813CD6BC613.native.txt,02B0FEC7A9C78E11D5E95761D8855D5059CE666303A5AC7159548C0394B11BD2
D3E36860387BE716D4597FD2C877126526F57829E9098F72195483724D54C5D5,TextAsset,C:\Users\omard\source\repos\RecepcionDocumental\RecepcionDocumental\tools\DocumentAiProbe\experiments\H1D10A\text\D3E36860387BE716D4597FD2C877126526F57829E9098F72195483724D54C5D5.native.txt,6F6BD177BAEDAF2DFEB8E661C17B41633CDF2E8003D129D0385BF56BE26B144A
D416AF03D7B5D60FE2A59056080795B421B1D9D54E928A1B22289FCC8A0284B9,TextAsset,C:\Users\omard\source\repos\RecepcionDocumental\RecepcionDocumental\tools\DocumentAiProbe\experiments\H1D10A\text\D416AF03D7B5D60FE2A59056080795B421B1D9D54E928A1B22289FCC8A0284B9.ocr.txt,C57A96BE9C56A11C13BEEDEF9F8B7669CF4600075A2F153619BE8BA193B11897
D6112D2145364EB672F79507F1EBD2800D09F6C0C372A10556E7F4A2F62EFDD7,TextAsset,C:\Users\omard\source\repos\RecepcionDocumental\RecepcionDocumental\tools\DocumentAiProbe\experiments\H1D10A\text\D6112D2145364EB672F79507F1EBD2800D09F6C0C372A10556E7F4A2F62EFDD7.native.txt,2C258C55CD651B908A0EA8DF11C0A72C13A35CE6B1ECFEE7C5434CE822406FD6
D671BDC5F2B3050AB15E59B60046DA4F42DA331E6B20713D9334EE87F9BF0ADF,TextAsset,C:\Users\omard\source\repos\RecepcionDocumental\RecepcionDocumental\tools\DocumentAiProbe\experiments\H1D10A\text\D671BDC5F2B3050AB15E59B60046DA4F42DA331E6B20713D9334EE87F9BF0ADF.native.txt,EA734F2F9D26696B254208C08A14593D285F42790017B724E57C0C6D9E529842
D6FF3209A134A6BA26F75231C6691EE3C8D31BB459D68648BC355BC276BF6588,TextAsset,C:\Users\omard\source\repos\RecepcionDocumental\RecepcionDocumental\tools\DocumentAiProbe\experiments\H1D10A\text\D6FF3209A134A6BA26F75231C6691EE3C8D31BB459D68648BC355BC276BF6588.ocr.txt,4C2AF9C66A07673C27612575E6E58A5824CF6DC22311EF2022E5EB827C91F736
D824E365F415F5D652EE44C5D33E0033736730ABB817D16C48BC965DCF91B3EE,TextAsset,C:\Users\omard\source\repos\RecepcionDocumental\RecepcionDocumental\tools\DocumentAiProbe\experiments\H1D10A\text\D824E365F415F5D652EE44C5D33E0033736730ABB817D16C48BC965DCF91B3EE.native.txt,E6AB3F1C4E50488F88C57BBBD40FD326DB41CFF70BA9B9530F6F4BAF98F7D678
D857FEB48AD62E7DBEC97D9722B73D44F104600A567A48C8E682082554E1BC24,TextAsset,C:\Users\omard\source\repos\RecepcionDocumental\RecepcionDocumental\tools\DocumentAiProbe\experiments\H1D10A\text\D857FEB48AD62E7DBEC97D9722B73D44F104600A567A48C8E682082554E1BC24.native.txt,980702F1DFF823C6E761E071532BEBFC62D881E1F16CE91E4AFBF3243168D688
D9EBC7BBC241CD2CA87B4E02C42BDFAF74DC14B30A651D821476276C25EBEB9C,TextAsset,C:\Users\omard\source\repos\RecepcionDocumental\RecepcionDocumental\tools\DocumentAiProbe\experiments\H1D10A\text\D9EBC7BBC241CD2CA87B4E02C42BDFAF74DC14B30A651D821476276C25EBEB9C.native.txt,68DC812BC4BE02CCDECA9657C0527713F7E3EFB6B0A2C459C491BD63E5AA3017
DA130B72BC02828AAC651F9D5D53AF365733702FFF7BB13CDA53332E32148348,TextAsset,C:\Users\omard\source\repos\RecepcionDocumental\RecepcionDocumental\tools\DocumentAiProbe\experiments\H1D10A\text\DA130B72BC02828AAC651F9D5D53AF365733702FFF7BB13CDA53332E32148348.native.txt,72C3C5D582EFC418B8580B0B48DE7C9C186DB054835D12B501D250907BC8AC8A
DA26E17D532C04114C812C63E84D2D9A9E533821C5AF289467BD03078CF2B0AA,TextAsset,C:\Users\omard\source\repos\RecepcionDocumental\RecepcionDocumental\tools\DocumentAiProbe\experiments\H1D10A\text\DA26E17D532C04114C812C63E84D2D9A9E533821C5AF289467BD03078CF2B0AA.native.txt,35BDAC4E8B2457D1D80F1DCEC0A1308767E9A3F4C1B8203B241C4AC3249DC38C
DA49C0CE061E4A8CF9E1B915F3F3B83645997B214D9D52B27CE136CD3A56ADE8,TextAsset,C:\Users\omard\source\repos\RecepcionDocumental\RecepcionDocumental\tools\DocumentAiProbe\experiments\H1D10A\text\DA49C0CE061E4A8CF9E1B915F3F3B83645997B214D9D52B27CE136CD3A56ADE8.ocr.txt,4C59C493B078BFF20D6CF7C4C6A1F4A787B526FED608B4B6E134941F8C073A8E
DBAF5884786F464385EA44AF9BBDAE901F2DE08C9D1FC8D185DD2C67C6C8BB04,TextAsset,C:\Users\omard\source\repos\RecepcionDocumental\RecepcionDocumental\tools\DocumentAiProbe\experiments\H1D10A\text\DBAF5884786F464385EA44AF9BBDAE901F2DE08C9D1FC8D185DD2C67C6C8BB04.native.txt,6610BAE266317FD4027857C7C6DBFC168C87726853B1C014933EB6994B9504D7
DC4E1127253424B23D00141782F19C748CC3C450BAE19E0E5D455C60D489BE54,TextAsset,C:\Users\omard\source\repos\RecepcionDocumental\RecepcionDocumental\tools\DocumentAiProbe\experiments\H1D10A\text\DC4E1127253424B23D00141782F19C748CC3C450BAE19E0E5D455C60D489BE54.native.txt,40C4DF981616DD8B1E3C5C8B9A02786DE35B952BAEF004E99EFCF7D4FCD79856
DC52062FD591409536C3831D6F40713D3B0F5CAA3D6353D72B7E56870825AA29,TextAsset,C:\Users\omard\source\repos\RecepcionDocumental\RecepcionDocumental\tools\DocumentAiProbe\experiments\H1D10A\text\DC52062FD591409536C3831D6F40713D3B0F5CAA3D6353D72B7E56870825AA29.native.txt,D13C868D23347AF303C64CB73212EB51A6E0D10360CEB410651EEB8E9DB367EC
DD3E4B778A019A41A2B6F024DD12DE40F76A621D6AB46235261A5E8B23F3D6EA,TextAsset,C:\Users\omard\source\repos\RecepcionDocumental\RecepcionDocumental\tools\DocumentAiProbe\experiments\H1D10A\text\DD3E4B778A019A41A2B6F024DD12DE40F76A621D6AB46235261A5E8B23F3D6EA.ocr.txt,F7EA1F55E4B31D32684B9DC285062CD668F0AE0D582FB88D9569DC3CA0454C85
DD92B26B14B428EC9EEF7991C589E6BC5B34177EE48234490439272A187C4227,TextAsset,C:\Users\omard\source\repos\RecepcionDocumental\RecepcionDocumental\tools\DocumentAiProbe\experiments\H1D10A\text\DD92B26B14B428EC9EEF7991C589E6BC5B34177EE48234490439272A187C4227.ocr.txt,BD426AC6E9DCBA754F2D92D6DDB85986B1ACF0323A4D4C5F6C55A3462184C85D
DE28C059C8640AE56F7F2C7B9EFA125F6A3E776543E7B0A0475C6C6C550809B5,TextAsset,C:\Users\omard\source\repos\RecepcionDocumental\RecepcionDocumental\tools\DocumentAiProbe\experiments\H1D10A\text\DE28C059C8640AE56F7F2C7B9EFA125F6A3E776543E7B0A0475C6C6C550809B5.ocr.txt,43D5EA636DB2246781D22B5EC3C83A457BEDFF014336D4ABD5BB27BDC51BA8DD
DEB3626A2509FB059118B9368962B9050E368188C034BA9B7D7A981AC6DE1F45,TextAsset,C:\Users\omard\source\repos\RecepcionDocumental\RecepcionDocumental\tools\DocumentAiProbe\experiments\H1D10A\text\DEB3626A2509FB059118B9368962B9050E368188C034BA9B7D7A981AC6DE1F45.native.txt,E7274885DAB0BBB6D06A40D6F915BBAB66A87DA03C5498CCD6E1FA1D4C05B5A4
DED867B6C611631BAC6385336A43E86BD2C9EA22D53849C47A19BEBC732F4C6A,TextAsset,C:\Users\omard\source\repos\RecepcionDocumental\RecepcionDocumental\tools\DocumentAiProbe\experiments\H1D10A\text\DED867B6C611631BAC6385336A43E86BD2C9EA22D53849C47A19BEBC732F4C6A.native.txt,B2625AF6651FC2BBB162AF380C915A67E984FB0AA4B502C63ECC4F2A3BF1EC9E
DEFF870283E30BAAD2B39543DFE8E04A47AB1834D8E119BE482C0CD3BC3E3A01,TextAsset,C:\Users\omard\source\repos\RecepcionDocumental\RecepcionDocumental\tools\DocumentAiProbe\experiments\H1D10A\text\DEFF870283E30BAAD2B39543DFE8E04A47AB1834D8E119BE482C0CD3BC3E3A01.ocr.txt,67D6CDD23F482270065AC63B6ADDD5BBE97BAECD4610B498D6507F374819E7EA
DF4A05AE4A1925AEB3A39EC00FCAABBBF1FFDD68B4C82843A8E7440B55D094D6,TextAsset,C:\Users\omard\source\repos\RecepcionDocumental\RecepcionDocumental\tools\DocumentAiProbe\experiments\H1D10A\text\DF4A05AE4A1925AEB3A39EC00FCAABBBF1FFDD68B4C82843A8E7440B55D094D6.native.txt,128A47C71631C1FF89A998D0671B4E0741ACBCA067B04F51FF44249CB1A50D5D
DF65D41D1DA0378B8194406289D037E200D86D5DA731F6D9267CD8BADCAA075C,TextAsset,C:\Users\omard\source\repos\RecepcionDocumental\RecepcionDocumental\tools\DocumentAiProbe\experiments\H1D10A\text\DF65D41D1DA0378B8194406289D037E200D86D5DA731F6D9267CD8BADCAA075C.native.txt,46F71276A911F515CAC3A0716DF62C8344718093DFB8AFF17A292AA373BFEB9C
DF756AB6DA1AD4751608DDF38FAD14F8AC3E184CFB5A3D03549A9E9F60DD829D,TextAsset,C:\Users\omard\source\repos\RecepcionDocumental\RecepcionDocumental\tools\DocumentAiProbe\experiments\H1D10A\text\DF756AB6DA1AD4751608DDF38FAD14F8AC3E184CFB5A3D03549A9E9F60DD829D.native.txt,8EFC775C034D5A7C4DA74A14CE8EC1D28F989B9D942008A849E600B3164BF32D
DFB11D29B02F14E2A08BF414C7BBA0F6D18802FB24F737D8B9EAF6C520ACD6A6,TextAsset,C:\Users\omard\source\repos\RecepcionDocumental\RecepcionDocumental\tools\DocumentAiProbe\experiments\H1D10A\text\DFB11D29B02F14E2A08BF414C7BBA0F6D18802FB24F737D8B9EAF6C520ACD6A6.ocr.txt,679C39CB6EE05B8A9770454366257D1260AD796023C98B6E0FB8A371C906BE60
DFF48C510D245E37107896A84C68B189734A153B5B6020E732475431F6B088CB,TextAsset,C:\Users\omard\source\repos\RecepcionDocumental\RecepcionDocumental\tools\DocumentAiProbe\experiments\H1D10A\text\DFF48C510D245E37107896A84C68B189734A153B5B6020E732475431F6B088CB.native.txt,45DCB20E5A44895205C166E5FD48436CE77F8262817C15CD06E5161AC9E3A0CF
E083A2C0B185265F948CB45F28739A2413BD8710E104EB2A4583817FDAA8010A,TextAsset,C:\Users\omard\source\repos\RecepcionDocumental\RecepcionDocumental\tools\DocumentAiProbe\experiments\H1D10A\text\E083A2C0B185265F948CB45F28739A2413BD8710E104EB2A4583817FDAA8010A.native.txt,BC09DA631C2DF0D58977BA6F264FEA2936D0EEAFC43974002A50ABAFB10ECA7F
E0B64F87458FA906B275EC3715290322CC3DE49C5EEA5C0518D66E2DB93D0A5C,TextAsset,C:\Users\omard\source\repos\RecepcionDocumental\RecepcionDocumental\tools\DocumentAiProbe\experiments\H1D10A\text\E0B64F87458FA906B275EC3715290322CC3DE49C5EEA5C0518D66E2DB93D0A5C.native.txt,B5402FAC3DEB9A735212F32F067B38BF503F145FA2E0887D3F29FA929152D569
E1393A74814533C9CB4BBB1CFA8322D6327E92B91CA096B775CDC735B74D8831,TextAsset,C:\Users\omard\source\repos\RecepcionDocumental\RecepcionDocumental\tools\DocumentAiProbe\experiments\H1D10A\text\E1393A74814533C9CB4BBB1CFA8322D6327E92B91CA096B775CDC735B74D8831.ocr.txt,30C219277CF5288387C311B2DB2465ED70362E904AE22B247BA94116850BB6BD
E1C8D565C7D9058B600F95D5CB1A3AF40E515A107479AD6A95E69E92244BD1FC,TextAsset,C:\Users\omard\source\repos\RecepcionDocumental\RecepcionDocumental\tools\DocumentAiProbe\experiments\H1D10A\text\E1C8D565C7D9058B600F95D5CB1A3AF40E515A107479AD6A95E69E92244BD1FC.native.txt,754343F47EEC918C9225A3BFD6B44F13272B39B56C9487043844FFFE8FF74A4C
E22C741A59BA80D2BF4F68BC8211C193516FCCDCDB19A609A11304E4E8820556,TextAsset,C:\Users\omard\source\repos\RecepcionDocumental\RecepcionDocumental\tools\DocumentAiProbe\experiments\H1D10A\text\E22C741A59BA80D2BF4F68BC8211C193516FCCDCDB19A609A11304E4E8820556.ocr.txt,3AE2BA2DDAE3AB76518D9C74B5A5FA8189249ECAC56D3B049D0C11CC292E1E61
E2361D3E799D3E0EE8352125B044319D4BF6918F1E4488292F8360AA2BF46DEF,TextAsset,C:\Users\omard\source\repos\RecepcionDocumental\RecepcionDocumental\tools\DocumentAiProbe\experiments\H1D10A\text\E2361D3E799D3E0EE8352125B044319D4BF6918F1E4488292F8360AA2BF46DEF.native.txt,17A0F156B983681333C73F9F10D28C4A6C1EF9F69EEBF9B7358BBBCDCCF24E76
E3C0BD90C47B248FFE19DB462B228D5ABB4A9F12F7AD69A2D189E772CF58B0E4,TextAsset,C:\Users\omard\source\repos\RecepcionDocumental\RecepcionDocumental\tools\DocumentAiProbe\experiments\H1D10A\text\E3C0BD90C47B248FFE19DB462B228D5ABB4A9F12F7AD69A2D189E772CF58B0E4.native.txt,FC3B253C44B756B6F092195A568D2BE1D0C92AB25B04B57F58614B9E8274CBD4
E3F9AE97E2B319B35810355921AC7D47007E9B7D769F95083E54A20666DA225E,TextAsset,C:\Users\omard\source\repos\RecepcionDocumental\RecepcionDocumental\tools\DocumentAiProbe\experiments\H1D10A\text\E3F9AE97E2B319B35810355921AC7D47007E9B7D769F95083E54A20666DA225E.native.txt,B7E308A3FCF8286DB3A599BAF7122C7EC1A55BA6FD8117C3C3F1F00A3006E490
E4336FEECC9AC8FDBCE2BC3BD8B6764390827E1D0C4C095419D3D4027F4F6734,TextAsset,C:\Users\omard\source\repos\RecepcionDocumental\RecepcionDocumental\tools\DocumentAiProbe\experiments\H1D10A\text\E4336FEECC9AC8FDBCE2BC3BD8B6764390827E1D0C4C095419D3D4027F4F6734.native.txt,05B27ACB2D49067F2DED9CDBDC0EB19A551D4D525220B70E1715B597BFFD8EC7
E436A92CAE6468042FBF4E911849EFBFED82DB6D40A76E92494DD6308A2D3E8A,TextAsset,C:\Users\omard\source\repos\RecepcionDocumental\RecepcionDocumental\tools\DocumentAiProbe\experiments\H1D10A\text\E436A92CAE6468042FBF4E911849EFBFED82DB6D40A76E92494DD6308A2D3E8A.native.txt,9C1E6BB8D41B0EF56509665D83FF7FE0F79474EA5131E0158AC7E8C9AE483EA8
E453A507C8E84A499D6A05799B4F33870B4B4A6E751A8D87665CE1D597D11C24,TextAsset,C:\Users\omard\source\repos\RecepcionDocumental\RecepcionDocumental\tools\DocumentAiProbe\experiments\H1D10A\text\E453A507C8E84A499D6A05799B4F33870B4B4A6E751A8D87665CE1D597D11C24.native.txt,71B0A4399D71075CA6995B724213E9E60F8BC422EF650FD1F8F4D6BE4C34210B
E4F3E90DFCD1CD5DE0C8E004D83C55B25F29591424CD0D32EB9A5E26F1641223,TextAsset,C:\Users\omard\source\repos\RecepcionDocumental\RecepcionDocumental\tools\DocumentAiProbe\experiments\H1D10A\text\E4F3E90DFCD1CD5DE0C8E004D83C55B25F29591424CD0D32EB9A5E26F1641223.native.txt,9BCF5CA0D20CCBE785F184782C61A6B0C557A54AE3525110AD14C9084AAC0C0F
E500D92B10AE0FB96FD2FED52CEE26EC016D8EAF457AFF3FBDC4895F85FC3674,TextAsset,C:\Users\omard\source\repos\RecepcionDocumental\RecepcionDocumental\tools\DocumentAiProbe\experiments\H1D10A\text\E500D92B10AE0FB96FD2FED52CEE26EC016D8EAF457AFF3FBDC4895F85FC3674.ocr.txt,CDFCD13BA1D795FDD3C5A42D4190799597D8BB0DC91416EF20E887DCD9E1E538
E59B88AE49EE8B9709A84DD8CC1BF15D2DD13EB799DA810B18DFAA9FB7ACD59F,TextAsset,C:\Users\omard\source\repos\RecepcionDocumental\RecepcionDocumental\tools\DocumentAiProbe\experiments\H1D10A\text\E59B88AE49EE8B9709A84DD8CC1BF15D2DD13EB799DA810B18DFAA9FB7ACD59F.native.txt,99DC0EF0F9F54A64C8289137630FEB35C579636037CA0EFC5F8FC3256127A874
E5A80D52B6CFE0A932901333CAD5F1540E5B2904D2D7E25F034C49F025279E80,TextAsset,C:\Users\omard\source\repos\RecepcionDocumental\RecepcionDocumental\tools\DocumentAiProbe\experiments\H1D10A\text\E5A80D52B6CFE0A932901333CAD5F1540E5B2904D2D7E25F034C49F025279E80.ocr.txt,5D9CFDE89DBBD62AFE8BFD738168FF32E12EEF7C33411CBC1FFF1D089A90BC9C
E5DAAD3D98F5F6111C106517540EA48FEAA3D1A3320E32E42C9C574DE13EB9AD,TextAsset,C:\Users\omard\source\repos\RecepcionDocumental\RecepcionDocumental\tools\DocumentAiProbe\experiments\H1D10A\text\E5DAAD3D98F5F6111C106517540EA48FEAA3D1A3320E32E42C9C574DE13EB9AD.native.txt,02EE1A59A49A4E84CE53FE2ACFEC8A6DE8BD0A2A50995B54AF8364EC45FD994E
E690A5A92162A892DEC37AEF4FCE94601F75E6EFBDA30AB919CC53B2B328F5BA,TextAsset,C:\Users\omard\source\repos\RecepcionDocumental\RecepcionDocumental\tools\DocumentAiProbe\experiments\H1D10A\text\E690A5A92162A892DEC37AEF4FCE94601F75E6EFBDA30AB919CC53B2B328F5BA.native.txt,1A644B57F2852A70B413ECE6F891CF39A6C134993DDEDD786739D2850D1E6640
E6A1CDC107417F27F4C4CD5FDF9A2B801D28892907A1D4A929BD246F6EFC61CE,TextAsset,C:\Users\omard\source\repos\RecepcionDocumental\RecepcionDocumental\tools\DocumentAiProbe\experiments\H1D10A\text\E6A1CDC107417F27F4C4CD5FDF9A2B801D28892907A1D4A929BD246F6EFC61CE.native.txt,B8201AD7E482749DB4A5A5505E19E09B6C05BE3724E78F860CCA08F6E294ED60
E6CFCBD9F91F312A677B23ABD128DFF8031080E4AD83E659A5A39990A2BD554A,TextAsset,C:\Users\omard\source\repos\RecepcionDocumental\RecepcionDocumental\tools\DocumentAiProbe\experiments\H1D10A\text\E6CFCBD9F91F312A677B23ABD128DFF8031080E4AD83E659A5A39990A2BD554A.ocr.txt,C525A8DF1B25BEF90B64ADAE53ED272286F96CD7165E4A16643B9B99352C64FB
E75D70352EC3D9FB25529BCEEB3B74CC002B4F834E2C4811D63AD3E5709B8111,TextAsset,C:\Users\omard\source\repos\RecepcionDocumental\RecepcionDocumental\tools\DocumentAiProbe\experiments\H1D10A\text\E75D70352EC3D9FB25529BCEEB3B74CC002B4F834E2C4811D63AD3E5709B8111.native.txt,C23927D8576E99E66D11548BDA9ADDF9D8BBB8A17C7E0AD0B77016D6FFD99DB1
E7758EB36BDDFC3AAD9884FBFC6825783F985A68F054DCD4FCABBE277CE10A2F,TextAsset,C:\Users\omard\source\repos\RecepcionDocumental\RecepcionDocumental\tools\DocumentAiProbe\experiments\H1D10A\text\E7758EB36BDDFC3AAD9884FBFC6825783F985A68F054DCD4FCABBE277CE10A2F.native.txt,2134B694AFD38D33D922BD556B1AE3D213C4B6F5EECA738D364C455B0B9DDC49
E832A52655881819E85E31BE7A6EF9F0183ABAA7F96B77A560F8961D792F3256,TextAsset,C:\Users\omard\source\repos\RecepcionDocumental\RecepcionDocumental\tools\DocumentAiProbe\experiments\H1D10A\text\E832A52655881819E85E31BE7A6EF9F0183ABAA7F96B77A560F8961D792F3256.ocr.txt,6572564E9C43F12F6A16F900967D0441570C7B89AF9E3ACFF8BE71032D510F98
E84EE2D8F3FFFC56FD00153CFED67AEC614227120151E973AFFC920D0E796D2C,TextAsset,C:\Users\omard\source\repos\RecepcionDocumental\RecepcionDocumental\tools\DocumentAiProbe\experiments\H1D10A\text\E84EE2D8F3FFFC56FD00153CFED67AEC614227120151E973AFFC920D0E796D2C.native.txt,77CC0C4BE9BB7338059E1021CED6EDD6A223C5A7F36DDCF34563F2DF46F27084
E917F07DBC2701ED05A4141FE21FAD8A1A284A98A741B8A0347E1AF3CCEC1197,TextAsset,C:\Users\omard\source\repos\RecepcionDocumental\RecepcionDocumental\tools\DocumentAiProbe\experiments\H1D10A\text\E917F07DBC2701ED05A4141FE21FAD8A1A284A98A741B8A0347E1AF3CCEC1197.native.txt,12596A4B1170067C53446F0A406528A102CD1E5A6889A016DE4D31274F583C58
E9BBA26952C3730263E9120FEC269F1F2D732652F7A2F2FE8677925273A01F02,TextAsset,C:\Users\omard\source\repos\RecepcionDocumental\RecepcionDocumental\tools\DocumentAiProbe\experiments\H1D10A\text\E9BBA26952C3730263E9120FEC269F1F2D732652F7A2F2FE8677925273A01F02.native.txt,583E7F934116BA8552232073B9A5F0C665175282243F58DBB734BE956083AF6F
E9BC54FFD41CD0A71E5415486C1BC98C8725F95C9F0E374166EE3821F17AAE74,TextAsset,C:\Users\omard\source\repos\RecepcionDocumental\RecepcionDocumental\tools\DocumentAiProbe\experiments\H1D10A\text\E9BC54FFD41CD0A71E5415486C1BC98C8725F95C9F0E374166EE3821F17AAE74.native.txt,F323CF48B5B4C58076F27C8F3A6825E50012AAE021A8B103A5EC46E5ECEB8803
E9C4C9A1A3F634072BFA4759AF8CCC4BBE576AEAB6884AA733BEF5B6B2953EDD,TextAsset,C:\Users\omard\source\repos\RecepcionDocumental\RecepcionDocumental\tools\DocumentAiProbe\experiments\H1D10A\text\E9C4C9A1A3F634072BFA4759AF8CCC4BBE576AEAB6884AA733BEF5B6B2953EDD.native.txt,3AB62673F8CA3DAD9E2107F9CF244E4861AC004DAD8A724FFD941F0E4E4E7F85
EA68A6AC708E6C504AD4D17C1F97E04197665708B9564FD529BC468F57A444B3,TextAsset,C:\Users\omard\source\repos\RecepcionDocumental\RecepcionDocumental\tools\DocumentAiProbe\experiments\H1D10A\text\EA68A6AC708E6C504AD4D17C1F97E04197665708B9564FD529BC468F57A444B3.native.txt,D59BB8EE72995DBA35DBF61CF3CE68331D1A9F62F80352110ADB3252707FCDDF
EC83998F355257D58F55AAF5C4AFD007E76B5A5685633187F96D58C8874438A5,TextAsset,C:\Users\omard\source\repos\RecepcionDocumental\RecepcionDocumental\tools\DocumentAiProbe\experiments\H1D10A\text\EC83998F355257D58F55AAF5C4AFD007E76B5A5685633187F96D58C8874438A5.ocr.txt,532198C6D158AFBFBE8CCB4C76BF8C4CCC0BA62EBEE4AE2DAE8D94867E5C0DF7
ED53561E1882BBAC24EDA64BC8D04EE1EAC850860E789B28BA5FBD5B0FC1AA07,TextAsset,C:\Users\omard\source\repos\RecepcionDocumental\RecepcionDocumental\tools\DocumentAiProbe\experiments\H1D10A\text\ED53561E1882BBAC24EDA64BC8D04EE1EAC850860E789B28BA5FBD5B0FC1AA07.native.txt,8B25BA4AB88684C79EFB2D5C8DA21E92F3D632F6E456C5BC374D4D8F4F2C45AF
ED6DA68BBBAD2D35F398BBBC9B2F280D0285969D325BBD7559D2F60031221717,TextAsset,C:\Users\omard\source\repos\RecepcionDocumental\RecepcionDocumental\tools\DocumentAiProbe\experiments\H1D10A\text\ED6DA68BBBAD2D35F398BBBC9B2F280D0285969D325BBD7559D2F60031221717.ocr.txt,EA46ED67EA058FCCC80EEE2FA2A465AED4E3EDF1C11977071DC4AA2865DE15D6
EDD1C021AA071E09A25B30EB5F1A9B904DCC81136B5104EC986203E606939E1D,TextAsset,C:\Users\omard\source\repos\RecepcionDocumental\RecepcionDocumental\tools\DocumentAiProbe\experiments\H1D10A\text\EDD1C021AA071E09A25B30EB5F1A9B904DCC81136B5104EC986203E606939E1D.native.txt,3B7504597043A9F768C5D59540B5E88F9826E9FD04E65874655B5A4FBAF54989
EE6BD53E28831728DFCEDE1210988F85D796963A6646594D058AEFE52F468C5F,TextAsset,C:\Users\omard\source\repos\RecepcionDocumental\RecepcionDocumental\tools\DocumentAiProbe\experiments\H1D10A\text\EE6BD53E28831728DFCEDE1210988F85D796963A6646594D058AEFE52F468C5F.native.txt,C1984489594FEDD6BA81BF0D490240D86A2CE82D10152E61B1E7C66F58534FFC
EEAABE46C4993290A0083DAFDA13EE6121EF807C061364CA9242D401AE006593,TextAsset,C:\Users\omard\source\repos\RecepcionDocumental\RecepcionDocumental\tools\DocumentAiProbe\experiments\H1D10A\text\EEAABE46C4993290A0083DAFDA13EE6121EF807C061364CA9242D401AE006593.ocr.txt,68D4D08C554BEEA7ED3454DC4C3F2C873FD537F36274F0752A2D433C01D68E20
EF2CE87564C6FF7F341FAEBA484FF57392877D0389834D5050001D4C9BD2D3B7,TextAsset,C:\Users\omard\source\repos\RecepcionDocumental\RecepcionDocumental\tools\DocumentAiProbe\experiments\H1D10A\text\EF2CE87564C6FF7F341FAEBA484FF57392877D0389834D5050001D4C9BD2D3B7.ocr.txt,DF98D06A1FEE85D7FFC627F0FBCB83E3723712B66900A3D57615EF30A24592E3
EF66C78DED8518E2D794AE7A624C10A37F92E4457E92B93C4954B67CC013C796,TextAsset,C:\Users\omard\source\repos\RecepcionDocumental\RecepcionDocumental\tools\DocumentAiProbe\experiments\H1D10A\text\EF66C78DED8518E2D794AE7A624C10A37F92E4457E92B93C4954B67CC013C796.native.txt,2EF0B637DEED97DB4EACC430C76F8C0DF303A2D03B71C8B9C7F3F9FF90BB4D11
F03A50CDE08C368F9A878F55CBD5DA39E12CF31517E6F9A0EAEEC57447015FEA,TextAsset,C:\Users\omard\source\repos\RecepcionDocumental\RecepcionDocumental\tools\DocumentAiProbe\experiments\H1D10A\text\F03A50CDE08C368F9A878F55CBD5DA39E12CF31517E6F9A0EAEEC57447015FEA.ocr.txt,C685D908903A6C3657EA1B96A83F04E1FFCED00EC3E81E78E49A70F4FBD66026
F04A1348081E616526F44A4DAE35C85951F18BC32B81AAADEEF9A775D8D2D18C,TextAsset,C:\Users\omard\source\repos\RecepcionDocumental\RecepcionDocumental\tools\DocumentAiProbe\experiments\H1D10A\text\F04A1348081E616526F44A4DAE35C85951F18BC32B81AAADEEF9A775D8D2D18C.native.txt,9DE0532D9E69E7F208A3A408CCB98308345CC907AACE746A1E5CB648D6703730
F0890A0F57FAD278E98ECA684AF5AFD773B52999C7296A4372345F0140A9AA3D,TextAsset,C:\Users\omard\source\repos\RecepcionDocumental\RecepcionDocumental\tools\DocumentAiProbe\experiments\H1D10A\text\F0890A0F57FAD278E98ECA684AF5AFD773B52999C7296A4372345F0140A9AA3D.native.txt,E0EB5CDC4FE176F1D6DA264C605AB029871237CA725D0E223AB4CE10BE1F5431
F09DA5A7B07A5B624E927B55E85566FE5430BA189F57990FC0195433ADAD4EDE,TextAsset,C:\Users\omard\source\repos\RecepcionDocumental\RecepcionDocumental\tools\DocumentAiProbe\experiments\H1D10A\text\F09DA5A7B07A5B624E927B55E85566FE5430BA189F57990FC0195433ADAD4EDE.native.txt,836C47BE915804E89F15EE25C95C9BE8EF83451A481EEB89DB7C6D9AD890AD4D
F2F227C1560123224826962437E9D3F2ED451F31A71FA802071E98B066CD9D73,TextAsset,C:\Users\omard\source\repos\RecepcionDocumental\RecepcionDocumental\tools\DocumentAiProbe\experiments\H1D10A\text\F2F227C1560123224826962437E9D3F2ED451F31A71FA802071E98B066CD9D73.native.txt,A8CCDEEFE772F55718645FFE2D923CB295F42791B2904B77AF830DD4939D8390
F317BB18993C7CED7A45AA3F6FD178FA96A6172E7FABD7108EEF224157CC0671,TextAsset,C:\Users\omard\source\repos\RecepcionDocumental\RecepcionDocumental\tools\DocumentAiProbe\experiments\H1D10A\text\F317BB18993C7CED7A45AA3F6FD178FA96A6172E7FABD7108EEF224157CC0671.native.txt,D4882C1BD79687A35FC1C27ED072A013715FA700077765A923810B669844CD77
F40EE07EB2A7C4134F1FBBB96F41BA498E4343F0F385948B5918A9F9AA94C329,TextAsset,C:\Users\omard\source\repos\RecepcionDocumental\RecepcionDocumental\tools\DocumentAiProbe\experiments\H1D10A\text\F40EE07EB2A7C4134F1FBBB96F41BA498E4343F0F385948B5918A9F9AA94C329.native.txt,AF1EF32B5DE1CBDCC5774B88C9EFE930C52F057D6855BADB6590E6BA0FCB5F36
F525BDB8259383F6F6A861EE1E29AFC6639E2609A756C8A3D4A38A205DF90867,TextAsset,C:\Users\omard\source\repos\RecepcionDocumental\RecepcionDocumental\tools\DocumentAiProbe\experiments\H1D10A\text\F525BDB8259383F6F6A861EE1E29AFC6639E2609A756C8A3D4A38A205DF90867.native.txt,08290F017CD8BD72591C83CDADA8C2F944C77EDA1A6DAE00A9E5DC3623967788
F527F35D16881DE9E8402FA05F8F69179185FFEA0CEF56CB560668492045CA6D,TextAsset,C:\Users\omard\source\repos\RecepcionDocumental\RecepcionDocumental\tools\DocumentAiProbe\experiments\H1D10A\text\F527F35D16881DE9E8402FA05F8F69179185FFEA0CEF56CB560668492045CA6D.native.txt,992428D387592B4A6AF8FE150875C40A5C092D8A690D76F2B4EF3507B0DB95DB
F5A61C9519CBBBD86F9372EABC8E48A434D8797C27C42A15EC4EB3AAEBF874E0,TextAsset,C:\Users\omard\source\repos\RecepcionDocumental\RecepcionDocumental\tools\DocumentAiProbe\experiments\H1D10A\text\F5A61C9519CBBBD86F9372EABC8E48A434D8797C27C42A15EC4EB3AAEBF874E0.native.txt,59C73FBC455419AC16BCBBEEF2D119F6E4FBDE3BE1845A37C9FE2752604F4F54
F5B20E2FAC033C9D5BA92D99C949698DBB26043F8E3F3F442FED8229556887A2,TextAsset,C:\Users\omard\source\repos\RecepcionDocumental\RecepcionDocumental\tools\DocumentAiProbe\experiments\H1D10A\text\F5B20E2FAC033C9D5BA92D99C949698DBB26043F8E3F3F442FED8229556887A2.native.txt,C96A9FB1F3BB5B665D2AB1CBF489FAA9539645A086416BAFAC70C3FFEDDEB478
F76A7F8DC2B2DA23464A2823E8ECEDD428A1BC84C2E840760F2825302788EC9A,TextAsset,C:\Users\omard\source\repos\RecepcionDocumental\RecepcionDocumental\tools\DocumentAiProbe\experiments\H1D10A\text\F76A7F8DC2B2DA23464A2823E8ECEDD428A1BC84C2E840760F2825302788EC9A.native.txt,ABE56D85187D0E06562F6E42C804DCC5E9B7D4C35F69C9BFDC3D701D8080B395
F77E3E296A654ADC3AD8647D1D43D395A6D523520BA08AD5D5634D3B4D28BDB1,TextAsset,C:\Users\omard\source\repos\RecepcionDocumental\RecepcionDocumental\tools\DocumentAiProbe\experiments\H1D10A\text\F77E3E296A654ADC3AD8647D1D43D395A6D523520BA08AD5D5634D3B4D28BDB1.native.txt,C73F6499055FD395B973C8B3AF42D03352F1EA89ADC4DE6E92C241A20A0E0F02
F798C037CB547CE8C7B8EA89225A776A4CA6CD1C4FFB08A14EE739A4EAD7ADD5,TextAsset,C:\Users\omard\source\repos\RecepcionDocumental\RecepcionDocumental\tools\DocumentAiProbe\experiments\H1D10A\text\F798C037CB547CE8C7B8EA89225A776A4CA6CD1C4FFB08A14EE739A4EAD7ADD5.native.txt,4F64E0B8C445DBADA9CE25ACA38AFD924FBBF96A7E1E3C2F4713CA869C55432F
F7DE50AC4859C1771E500A39D75EF2DD53DDFD9845717BF3EE60FFEA2120D5BF,TextAsset,C:\Users\omard\source\repos\RecepcionDocumental\RecepcionDocumental\tools\DocumentAiProbe\experiments\H1D10A\text\F7DE50AC4859C1771E500A39D75EF2DD53DDFD9845717BF3EE60FFEA2120D5BF.native.txt,B1C61AFBC37D4068A229DBF74E06A338AD65852CCB1CD08299CA5BD1C913F221
F7FD16ADE6F49C26ACD656E34CC066FDC687D5EEC89F1003AD7A6EBD735FE2D5,TextAsset,C:\Users\omard\source\repos\RecepcionDocumental\RecepcionDocumental\tools\DocumentAiProbe\experiments\H1D10A\text\F7FD16ADE6F49C26ACD656E34CC066FDC687D5EEC89F1003AD7A6EBD735FE2D5.ocr.txt,88B9DA91831811A06053363B1DE4BCA04A3ED0F8F1612757562166A61E97565E
F884D62F9B896608CB34181AD0D9656F8382FFC7F698E1790E1BCFC605842E31,TextAsset,C:\Users\omard\source\repos\RecepcionDocumental\RecepcionDocumental\tools\DocumentAiProbe\experiments\H1D10A\text\F884D62F9B896608CB34181AD0D9656F8382FFC7F698E1790E1BCFC605842E31.native.txt,995E3C385DF27E1C73AE3BBC0C15B1DF5360CBD6FFACD00D5A5C69928167DACF
F8D4766E8FF381CB54A80D272A79A2EA85C429A48739B1176669898459154BB6,TextAsset,C:\Users\omard\source\repos\RecepcionDocumental\RecepcionDocumental\tools\DocumentAiProbe\experiments\H1D10A\text\F8D4766E8FF381CB54A80D272A79A2EA85C429A48739B1176669898459154BB6.native.txt,68625A39828ABFD55D0BC9E6772B734F660DC0D45A48ADE716057009FE212575
F90433D439AF4E6DD36FAD06398942562B57C817C1F4FD4CC3A902A642078241,TextAsset,C:\Users\omard\source\repos\RecepcionDocumental\RecepcionDocumental\tools\DocumentAiProbe\experiments\H1D10A\text\F90433D439AF4E6DD36FAD06398942562B57C817C1F4FD4CC3A902A642078241.ocr.txt,A8AE549062064489A634E2F81DFC0AC79BAD41636CA48DA9C172A257CEBFA35B
FA1330351E7A10794C76EF98917D3E3BCBD4D9A057B9FED5BAA2CF512643BDAC,TextAsset,C:\Users\omard\source\repos\RecepcionDocumental\RecepcionDocumental\tools\DocumentAiProbe\experiments\H1D10A\text\FA1330351E7A10794C76EF98917D3E3BCBD4D9A057B9FED5BAA2CF512643BDAC.native.txt,4F1997C88DA46C39C2E39E5BAEBC4F613567750953C897CD079A41F63D360B98
FA32B612158C9DD82E1EABC88907F365CE5D9332CB10A5F459DAE9FD2EEF9475,TextAsset,C:\Users\omard\source\repos\RecepcionDocumental\RecepcionDocumental\tools\DocumentAiProbe\experiments\H1D10A\text\FA32B612158C9DD82E1EABC88907F365CE5D9332CB10A5F459DAE9FD2EEF9475.ocr.txt,A8C46DC429797BBCD645B9DCAED3E2FDC4248ED797773593B435676832CD38F6
FA53340165B1193898BC2671A9D638E4A994F3A4CCF22EF86131AEE822598D75,TextAsset,C:\Users\omard\source\repos\RecepcionDocumental\RecepcionDocumental\tools\DocumentAiProbe\experiments\H1D10A\text\FA53340165B1193898BC2671A9D638E4A994F3A4CCF22EF86131AEE822598D75.native.txt,39DC796E248D509E9D42E9049D316EF2EFBC0D356E44622EF039CAF3F91CFC8D
FB0B599425FADF0A6166F2462D23ADB1151D0655B7E706C248C5B58A5FCB1415,TextAsset,C:\Users\omard\source\repos\RecepcionDocumental\RecepcionDocumental\tools\DocumentAiProbe\experiments\H1D10A\text\FB0B599425FADF0A6166F2462D23ADB1151D0655B7E706C248C5B58A5FCB1415.native.txt,A335ED1323B9AF27CE7E0725C35BB5DDC133D5909AF354E99231621EDF93022E
FC4C02B0A8101C0C0E56F4C2C960C8CB343CA8840AEBF54315EF8E546816823A,TextAsset,C:\Users\omard\source\repos\RecepcionDocumental\RecepcionDocumental\tools\DocumentAiProbe\experiments\H1D10A\text\FC4C02B0A8101C0C0E56F4C2C960C8CB343CA8840AEBF54315EF8E546816823A.native.txt,3AB7DE9186213710F81F0F372A2A9D9BC58497B3EBA27ACB26BB1BFB5AAB3833
FCADB9AA8BCE7BBC42C43C6A7515368F701DE89808DDC35808AB2C6453803777,TextAsset,C:\Users\omard\source\repos\RecepcionDocumental\RecepcionDocumental\tools\DocumentAiProbe\experiments\H1D10A\text\FCADB9AA8BCE7BBC42C43C6A7515368F701DE89808DDC35808AB2C6453803777.native.txt,6BC169932B3E089CDF35A4C8A2A31EF26938C993C1B95A082FC2D0114D26E768
FD0CD5369ED4CCF6E42FF5A5598D8C6360F1DF9709EF553102D36383796BE1EB,TextAsset,C:\Users\omard\source\repos\RecepcionDocumental\RecepcionDocumental\tools\DocumentAiProbe\experiments\H1D10A\text\FD0CD5369ED4CCF6E42FF5A5598D8C6360F1DF9709EF553102D36383796BE1EB.ocr.txt,3E02B98816392A707D2EE5241B0B7F75CF3149BD3476697929C9A6FDD5E5852B
FE50D8C7D48EE5418635F836264568AF6D1D8CF56F1F06F5AD82E1F58F213766,TextAsset,C:\Users\omard\source\repos\RecepcionDocumental\RecepcionDocumental\tools\DocumentAiProbe\experiments\H1D10A\text\FE50D8C7D48EE5418635F836264568AF6D1D8CF56F1F06F5AD82E1F58F213766.ocr.txt,C39F66196B892436521AF37A22AFF10F9B7E8C735E5B19EEABEAEF72C08C5498
FE760F61466D4D28B18BD2EC428D31724844F3067A77DAE026BB02D90752B545,TextAsset,C:\Users\omard\source\repos\RecepcionDocumental\RecepcionDocumental\tools\DocumentAiProbe\experiments\H1D10A\text\FE760F61466D4D28B18BD2EC428D31724844F3067A77DAE026BB02D90752B545.ocr.txt,D8E39C84A0DAF4B6D524A2E34002437F3404FAD06322B39197479147EBC61864
FF0B2320E5ACFA3B9F0C6A7C2977B5193E047693B40FABCA123E8CE535FFF56B,TextAsset,C:\Users\omard\source\repos\RecepcionDocumental\RecepcionDocumental\tools\DocumentAiProbe\experiments\H1D10A\text\FF0B2320E5ACFA3B9F0C6A7C2977B5193E047693B40FABCA123E8CE535FFF56B.native.txt,7E8191AB409D39D9E5C7574440514473E887A2EBCA95A33F34372637E8BC9913
FF433460A3FF33124AFFA05BE3FBC9A9141EAEAC0670DB972697575FE72FC935,TextAsset,C:\Users\omard\source\repos\RecepcionDocumental\RecepcionDocumental\tools\DocumentAiProbe\experiments\H1D10A\text\FF433460A3FF33124AFFA05BE3FBC9A9141EAEAC0670DB972697575FE72FC935.native.txt,FDE74B19487EA2E5FEDBB50A33968A64592066EBEF176782F3866253599DE4EC
000441157BAD395A94250C60F40EB1F8926789D876B4B05AD40F95BE1EAA936F,HeaderTextAsset,C:\Users\omard\source\repos\RecepcionDocumental\RecepcionDocumental\tools\DocumentAiProbe\experiments\H1D10A\text\000441157BAD395A94250C60F40EB1F8926789D876B4B05AD40F95BE1EAA936F.header.txt,E17361C64FA383DE41CAAAA9BB9EFF41640783807172D10716C5B04EC3C8F5F6
00666E481475A66BFB08CB4FB0F53BBCFB65BF7046310458AF1948A59829CBB3,HeaderTextAsset,C:\Users\omard\source\repos\RecepcionDocumental\RecepcionDocumental\tools\DocumentAiProbe\experiments\H1D10A\text\00666E481475A66BFB08CB4FB0F53BBCFB65BF7046310458AF1948A59829CBB3.header.txt,229A426E1D938F909EF28C5EC6832C3380414433D8FFCB2E395F0F080E461CFD
009BBAAE953576D74634FBF38623C1647EAC3A8843FA33593E6A5A21CFC0CBF5,HeaderTextAsset,C:\Users\omard\source\repos\RecepcionDocumental\RecepcionDocumental\tools\DocumentAiProbe\experiments\H1D10A\text\009BBAAE953576D74634FBF38623C1647EAC3A8843FA33593E6A5A21CFC0CBF5.header.txt,0BB0EC0C35140273E1D559AE2B9C55240E00F901098006F2FED0451D494747C4
01B4C3B905B65F5026EE091453D00254A2A5D4EC46E657D0CF0B43DCB3585899,HeaderTextAsset,C:\Users\omard\source\repos\RecepcionDocumental\RecepcionDocumental\tools\DocumentAiProbe\experiments\H1D10A\text\01B4C3B905B65F5026EE091453D00254A2A5D4EC46E657D0CF0B43DCB3585899.header.txt,CB6E8EF79522014209625BABAE7375EF74D98F8932A79D3875D0D61476B0CCFF
01ED02257A77AEFC1104AC4A1B19B452BE5C85A8BA6756441FB9C4C6ADEF52BF,HeaderTextAsset,C:\Users\omard\source\repos\RecepcionDocumental\RecepcionDocumental\tools\DocumentAiProbe\experiments\H1D10A\text\01ED02257A77AEFC1104AC4A1B19B452BE5C85A8BA6756441FB9C4C6ADEF52BF.header.txt,636C67AF3B6967A17C7F17D30F8B6E51E47A29278DF727D24B16CA56ABF6E42F
01EEBBC0B1CF90274F09A18C563F892FF0D54A246C447FCBFA3AF69E361C94D3,HeaderTextAsset,C:\Users\omard\source\repos\RecepcionDocumental\RecepcionDocumental\tools\DocumentAiProbe\experiments\H1D10A\text\01EEBBC0B1CF90274F09A18C563F892FF0D54A246C447FCBFA3AF69E361C94D3.header.txt,CED486C436F28E052D3ED750F62DAC231A477385E1455475358213D1C9BB6796
021D03676E4829AEEEA847D3BCB185AA2D16C5CBCA32B330075F575854B360A1,HeaderTextAsset,C:\Users\omard\source\repos\RecepcionDocumental\RecepcionDocumental\tools\DocumentAiProbe\experiments\H1D10A\text\021D03676E4829AEEEA847D3BCB185AA2D16C5CBCA32B330075F575854B360A1.header.txt,6532285BDB56FD9DF03A46EB15B07E67506BFBC206B650254E17EC55FC7F5205
02304E5FCF9E9935C4B1CCBC0F4D759FDB9A45B27246309A1B9E5FB698A31BCA,HeaderTextAsset,C:\Users\omard\source\repos\RecepcionDocumental\RecepcionDocumental\tools\DocumentAiProbe\experiments\H1D10A\text\02304E5FCF9E9935C4B1CCBC0F4D759FDB9A45B27246309A1B9E5FB698A31BCA.header.txt,27CC0CEE848B7769BEA8742A38D959B6F94B65E9609A3E75565D1D22B1C8B99D
0253687CA478CDE6EDCCB92A089D791657BD8034D3CD008ADF1A28A23C57E578,HeaderTextAsset,C:\Users\omard\source\repos\RecepcionDocumental\RecepcionDocumental\tools\DocumentAiProbe\experiments\H1D10A\text\0253687CA478CDE6EDCCB92A089D791657BD8034D3CD008ADF1A28A23C57E578.header.txt,987469E444227C89146971AA05B088912BA7E43B24E37F16F05F5C56B91B1340
029BA74C659EF4DD76D6B27B185845B1D08198841CC36B27A5670D9A22ABD069,HeaderTextAsset,C:\Users\omard\source\repos\RecepcionDocumental\RecepcionDocumental\tools\DocumentAiProbe\experiments\H1D10A\text\029BA74C659EF4DD76D6B27B185845B1D08198841CC36B27A5670D9A22ABD069.header.txt,4B9AC158CBD16B664C42C743DAB3E01DAF4EEC91ABE6AB56834755DF5B55E316
02AA03FABF61EA48498FF7FF57620894B5F1CD701E6232470FE0432717D09ED4,HeaderTextAsset,C:\Users\omard\source\repos\RecepcionDocumental\RecepcionDocumental\tools\DocumentAiProbe\experiments\H1D10A\text\02AA03FABF61EA48498FF7FF57620894B5F1CD701E6232470FE0432717D09ED4.header.txt,8904E91BCCC60AD7A639C83C301A843E9F2E0A977C4E7C358402A505116662D4
02DD9DC0C98F31853E104D0637C7D827B9FE9FFCF29A70A9238DECA430176BA3,HeaderTextAsset,C:\Users\omard\source\repos\RecepcionDocumental\RecepcionDocumental\tools\DocumentAiProbe\experiments\H1D10A\text\02DD9DC0C98F31853E104D0637C7D827B9FE9FFCF29A70A9238DECA430176BA3.header.txt,7F3D39F0DAF8ACA7B5BCA1A9C98B547EB1A659A8F20514BCA46746366B96C9BB
037701D5FED89A093E0504409BF6AE6060A2E1FB5E3360732F402A402E8F2E8E,HeaderTextAsset,C:\Users\omard\source\repos\RecepcionDocumental\RecepcionDocumental\tools\DocumentAiProbe\experiments\H1D10A\text\037701D5FED89A093E0504409BF6AE6060A2E1FB5E3360732F402A402E8F2E8E.header.txt,C3628F31BEC35AF7EBE43301F566DA0C60D6FCF856A08D6999FABC513EFED874
0393CB3ABBE474C6B489BC46868FD98792B23A13B723C0F5196587EC98CCF160,HeaderTextAsset,C:\Users\omard\source\repos\RecepcionDocumental\RecepcionDocumental\tools\DocumentAiProbe\experiments\H1D10A\text\0393CB3ABBE474C6B489BC46868FD98792B23A13B723C0F5196587EC98CCF160.header.txt,243A02FEE3234388714680CF55F8D155D2E271EE16C655547A76CE7E180502FB
03E2328AAB18E34C88AAC9D3AF172261EA8866C75E4C3729A0F04663D57ECB7A,HeaderTextAsset,C:\Users\omard\source\repos\RecepcionDocumental\RecepcionDocumental\tools\DocumentAiProbe\experiments\H1D10A\text\03E2328AAB18E34C88AAC9D3AF172261EA8866C75E4C3729A0F04663D57ECB7A.header.txt,758370EB7BC2BA37457CCDF690D985BE28460C0F915B4C4F34BB49C25DD4BF3C
03F069F10A74C7921F1F2C0FD2A94152ACF2013FD03C0AE3F0037BA8F4960F51,HeaderTextAsset,C:\Users\omard\source\repos\RecepcionDocumental\RecepcionDocumental\tools\DocumentAiProbe\experiments\H1D10A\text\03F069F10A74C7921F1F2C0FD2A94152ACF2013FD03C0AE3F0037BA8F4960F51.header.txt,2C13B8EA675D47D65530A14886074A66070BE64B9945002F8236D746A6E6D94E
04622502B384DAAEF8528EC21E2AB0A275228BE920F7620586EB7594F8385E50,HeaderTextAsset,C:\Users\omard\source\repos\RecepcionDocumental\RecepcionDocumental\tools\DocumentAiProbe\experiments\H1D10A\text\04622502B384DAAEF8528EC21E2AB0A275228BE920F7620586EB7594F8385E50.header.txt,14C5AAB530C14263BF74236CAB1F9C2378080C61704205E52CDB077C42A8F96D
047C2412F436FC2F8C7B9D8DBFB7073564E01625547D740A09685C4894783331,HeaderTextAsset,C:\Users\omard\source\repos\RecepcionDocumental\RecepcionDocumental\tools\DocumentAiProbe\experiments\H1D10A\text\047C2412F436FC2F8C7B9D8DBFB7073564E01625547D740A09685C4894783331.header.txt,665D7EA5F995113A882C69A841671AE4C794342216793BEFBA5678F47ACE2E5A
04959C36E447DCC51D86DB7A3E13AA2F054F7A5405E116EDD2D0685F84DDF048,HeaderTextAsset,C:\Users\omard\source\repos\RecepcionDocumental\RecepcionDocumental\tools\DocumentAiProbe\experiments\H1D10A\text\04959C36E447DCC51D86DB7A3E13AA2F054F7A5405E116EDD2D0685F84DDF048.header.txt,3A5BDC5F89DAC1F2BEE51D91FF106E6CB8B6AFE85605CDEC1A1AF0572599DC8F
04B7BBA87B980CE4BF534091AA2CF35C697D2F5F71510DB83C28FEB3FD85D176,HeaderTextAsset,C:\Users\omard\source\repos\RecepcionDocumental\RecepcionDocumental\tools\DocumentAiProbe\experiments\H1D10A\text\04B7BBA87B980CE4BF534091AA2CF35C697D2F5F71510DB83C28FEB3FD85D176.header.txt,EA0393200F88E325A29617FDD33FCE4C450C1881B219853CEA083D30AA92879C
04C27DADDBAB767585D7DBC73A1273A2C7BCDF998DE7CC73E87E8CA6A10B0383,HeaderTextAsset,C:\Users\omard\source\repos\RecepcionDocumental\RecepcionDocumental\tools\DocumentAiProbe\experiments\H1D10A\text\04C27DADDBAB767585D7DBC73A1273A2C7BCDF998DE7CC73E87E8CA6A10B0383.header.txt,38FE90BDE4E2845157A2DEEA759C8572508B6B7EC23B4917D1FF7C43BA9CA56B
05C97349F397582E8A6249A2D5709AD4923C3B38A7E21B050DE3374402BA58A1,HeaderTextAsset,C:\Users\omard\source\repos\RecepcionDocumental\RecepcionDocumental\tools\DocumentAiProbe\experiments\H1D10A\text\05C97349F397582E8A6249A2D5709AD4923C3B38A7E21B050DE3374402BA58A1.header.txt,35ACD55F370D59CFE3AE80047A1F34861966AD338D7207037946EA495CB2EAA1
05EF053E651D91BD90ADA834671A1E38538785AE827F54441ED8A5BE0D7A38D5,HeaderTextAsset,C:\Users\omard\source\repos\RecepcionDocumental\RecepcionDocumental\tools\DocumentAiProbe\experiments\H1D10A\text\05EF053E651D91BD90ADA834671A1E38538785AE827F54441ED8A5BE0D7A38D5.header.txt,E1E9C1C19EFA40DADCA811708919A7888EC9C87F1DDC1C4BD926E095060DBD54
06A1EC59F2900358BE5E8498C8586C428432AB5378EA31B6A2474A081EDD3C24,HeaderTextAsset,C:\Users\omard\source\repos\RecepcionDocumental\RecepcionDocumental\tools\DocumentAiProbe\experiments\H1D10A\text\06A1EC59F2900358BE5E8498C8586C428432AB5378EA31B6A2474A081EDD3C24.header.txt,FF19350521E68AEB5D215DF98F64AD5316FFE16D27A407EE888EF434AB97D315
06D133DEC7E848E3CE560BBE8A8F305EB2CFA072344435DECFBC4AABF2C89A47,HeaderTextAsset,C:\Users\omard\source\repos\RecepcionDocumental\RecepcionDocumental\tools\DocumentAiProbe\experiments\H1D10A\text\06D133DEC7E848E3CE560BBE8A8F305EB2CFA072344435DECFBC4AABF2C89A47.header.txt,A3845374A7FAB22AA490D5063AB02CE5DD23722DED43D4D7EB83F4B12FA1998F
077E1AB84DF868E538FAC3C97AD3D0C980891100169289B57CD81AB74155EC27,HeaderTextAsset,C:\Users\omard\source\repos\RecepcionDocumental\RecepcionDocumental\tools\DocumentAiProbe\experiments\H1D10A\text\077E1AB84DF868E538FAC3C97AD3D0C980891100169289B57CD81AB74155EC27.header.txt,C262D8B2B4A85DDAB9F555CDAEAE569243A1D4C1F15B6CBF1215A3D7C207B4D2
08A59F5ACF65AAE8126396DF9CF71EA60DFCF3275E7087E7BD99CA724E103841,HeaderTextAsset,C:\Users\omard\source\repos\RecepcionDocumental\RecepcionDocumental\tools\DocumentAiProbe\experiments\H1D10A\text\08A59F5ACF65AAE8126396DF9CF71EA60DFCF3275E7087E7BD99CA724E103841.header.txt,F94A7DF25B8EC6039F1B4EF3C7067A68C312420CC5672882629C25273BF41843
08AF3D73E0302637248E1C6068C4735A590AEA0478B805176319D610E66B89DA,HeaderTextAsset,C:\Users\omard\source\repos\RecepcionDocumental\RecepcionDocumental\tools\DocumentAiProbe\experiments\H1D10A\text\08AF3D73E0302637248E1C6068C4735A590AEA0478B805176319D610E66B89DA.header.txt,0C9D11E713851E702BC63D71B7C8665CE4F42E34DA51E5FE6FBBEFF7542D8DB4
08C09F38F83BB6EDBE8BBF01403018FA201860CC12D064BAD8345B8B7D1EAC59,HeaderTextAsset,C:\Users\omard\source\repos\RecepcionDocumental\RecepcionDocumental\tools\DocumentAiProbe\experiments\H1D10A\text\08C09F38F83BB6EDBE8BBF01403018FA201860CC12D064BAD8345B8B7D1EAC59.header.txt,9FE41A18E0FFE77C769292D33F5F10BD14582934F2B4C74E3034C1E0C04EE843
0A5F6FAB0981F8D8C0879EA76AAEBD4B446107AB6A6FD15FF23DA0C86EB33B90,HeaderTextAsset,C:\Users\omard\source\repos\RecepcionDocumental\RecepcionDocumental\tools\DocumentAiProbe\experiments\H1D10A\text\0A5F6FAB0981F8D8C0879EA76AAEBD4B446107AB6A6FD15FF23DA0C86EB33B90.header.txt,50654510EEE7B8D1BD8FEFB5E95874C3BC97F28FBF707D188724AD81A02398DF
0A637333314B760AD17FC75D86A32FE397D8DF90EEC6F73D5864CA3746C73DB3,HeaderTextAsset,C:\Users\omard\source\repos\RecepcionDocumental\RecepcionDocumental\tools\DocumentAiProbe\experiments\H1D10A\text\0A637333314B760AD17FC75D86A32FE397D8DF90EEC6F73D5864CA3746C73DB3.header.txt,E4D51BB50C409D1E5443F4F9EAB6B8BAD53CDFE6A48888368B0C59BD74CE2AA2
0AF4ABC9633AC9A8D2E9993F79A926DB3E8D1D479CD3E3091B3F0AF3D2C2E7E6,HeaderTextAsset,C:\Users\omard\source\repos\RecepcionDocumental\RecepcionDocumental\tools\DocumentAiProbe\experiments\H1D10A\text\0AF4ABC9633AC9A8D2E9993F79A926DB3E8D1D479CD3E3091B3F0AF3D2C2E7E6.header.txt,8BFB876BC6AAA2D99DCF6DE740BCD5352AE1D37AA565453161620EF4AA2EC060
0B59A855C174A39555825291E09AD670E0177F85A302A347D979479ACC37CB5E,HeaderTextAsset,C:\Users\omard\source\repos\RecepcionDocumental\RecepcionDocumental\tools\DocumentAiProbe\experiments\H1D10A\text\0B59A855C174A39555825291E09AD670E0177F85A302A347D979479ACC37CB5E.header.txt,D11F3B5EE14A686C29DAE455E9A20B63F67A2F69D7435CEF6B8DCAD2AF1411A4
0B618A6161AB2BAED66462912C6D26350205C67C99F3F906BBD85B847C4C359C,HeaderTextAsset,C:\Users\omard\source\repos\RecepcionDocumental\RecepcionDocumental\tools\DocumentAiProbe\experiments\H1D10A\text\0B618A6161AB2BAED66462912C6D26350205C67C99F3F906BBD85B847C4C359C.header.txt,7C509665CC113C5E0589F326F21DE1245613A1780A4641CF4167506F991DDCE9
0B97AB3E0E13E9EDBBE286D38A67D292C41A2CF86A62B5B2E6553DA0CF55ED9E,HeaderTextAsset,C:\Users\omard\source\repos\RecepcionDocumental\RecepcionDocumental\tools\DocumentAiProbe\experiments\H1D10A\text\0B97AB3E0E13E9EDBBE286D38A67D292C41A2CF86A62B5B2E6553DA0CF55ED9E.header.txt,55595A84DF80ED37DC6FACEAFEBE315C0FBF779E18B7C14B60F2A3F8B9A2893C
0C119B261945873CEB350567C4B9047A452E5075ADB4DC72F247453378F3D6C2,HeaderTextAsset,C:\Users\omard\source\repos\RecepcionDocumental\RecepcionDocumental\tools\DocumentAiProbe\experiments\H1D10A\text\0C119B261945873CEB350567C4B9047A452E5075ADB4DC72F247453378F3D6C2.header.txt,3A657B7AAA3D1FFCBB8CF8604A10191C3EF4328406DEE51759C3C70EE856AA78
0C7925D145798B93A239B694B566BDABF9C25A810391C7A3C1A06180F8BD0624,HeaderTextAsset,C:\Users\omard\source\repos\RecepcionDocumental\RecepcionDocumental\tools\DocumentAiProbe\experiments\H1D10A\text\0C7925D145798B93A239B694B566BDABF9C25A810391C7A3C1A06180F8BD0624.header.txt,9121E9F5F0837234612726FA3C2BC77ED99971DEA8F03E6215679EB2B976E56F
0C88429B88056936267C06652EED9EF20AE1A701A550F3E3992DD9DDEC6C7B5D,HeaderTextAsset,C:\Users\omard\source\repos\RecepcionDocumental\RecepcionDocumental\tools\DocumentAiProbe\experiments\H1D10A\text\0C88429B88056936267C06652EED9EF20AE1A701A550F3E3992DD9DDEC6C7B5D.header.txt,75C07F20DA2465BCCAE21EB1016F9ECFC1A5D5D6DF0E58FF7082B468D4A0E3C4
0CA3EE8277873990549A7D686F9CA4F4752B23AD75867D299B8CC9F9ECE7AD9B,HeaderTextAsset,C:\Users\omard\source\repos\RecepcionDocumental\RecepcionDocumental\tools\DocumentAiProbe\experiments\H1D10A\text\0CA3EE8277873990549A7D686F9CA4F4752B23AD75867D299B8CC9F9ECE7AD9B.header.txt,E1DEEF385F9FF0DFA621CCB803356891E76B71B7BC0C72FC10DB3345D12D103A
0CE6D0F6DC7AAFEDCF0F29B1A52C095693F8F5768365885536EBB5EE4EE9AA8F,HeaderTextAsset,C:\Users\omard\source\repos\RecepcionDocumental\RecepcionDocumental\tools\DocumentAiProbe\experiments\H1D10A\text\0CE6D0F6DC7AAFEDCF0F29B1A52C095693F8F5768365885536EBB5EE4EE9AA8F.header.txt,856493429AFF738CC1439D916DA728BFB5F4FDCFD0E4109FFD50FE9ABBEF445E
0D6CC904494B5D36AD7A14CCD6D613539CF44A2EBD1E8D3436517B820E1C6735,HeaderTextAsset,C:\Users\omard\source\repos\RecepcionDocumental\RecepcionDocumental\tools\DocumentAiProbe\experiments\H1D10A\text\0D6CC904494B5D36AD7A14CCD6D613539CF44A2EBD1E8D3436517B820E1C6735.header.txt,4573C015F8D16620CA4EB86DCBF61BB3C6E19EAAC91A9C824083A4DE579CC5BB
0D83342C279D8651BF63D1015F3EEAAE55883A8F1CE8C051D923B3B1B1920312,HeaderTextAsset,C:\Users\omard\source\repos\RecepcionDocumental\RecepcionDocumental\tools\DocumentAiProbe\experiments\H1D10A\text\0D83342C279D8651BF63D1015F3EEAAE55883A8F1CE8C051D923B3B1B1920312.header.txt,B10FDB971AECE23DECD0B3FE1627A2F0CC156D674E4E40DE6009D06D78C747A5
0E540B0E4A36B14042BFC034A9473679518354968C186181B12F24B96FF6CBD0,HeaderTextAsset,C:\Users\omard\source\repos\RecepcionDocumental\RecepcionDocumental\tools\DocumentAiProbe\experiments\H1D10A\text\0E540B0E4A36B14042BFC034A9473679518354968C186181B12F24B96FF6CBD0.header.txt,2358722B421E2AD9FFC47C300CA1FFEC30EDC18B44E164F7D502B684598698DC
0E59ECEE0811775B658ABF3523447BC951EF3274CABA4824DD8F62DCF64917F8,HeaderTextAsset,C:\Users\omard\source\repos\RecepcionDocumental\RecepcionDocumental\tools\DocumentAiProbe\experiments\H1D10A\text\0E59ECEE0811775B658ABF3523447BC951EF3274CABA4824DD8F62DCF64917F8.header.txt,27A04AA50114E9DEC682A33D1294B470E5A2760CD1BCBD583018DE1D98B1258C
0E8C43EDC779E240D9B279E14F8F669276AFEF533DABEAD608BEA474683E480B,HeaderTextAsset,C:\Users\omard\source\repos\RecepcionDocumental\RecepcionDocumental\tools\DocumentAiProbe\experiments\H1D10A\text\0E8C43EDC779E240D9B279E14F8F669276AFEF533DABEAD608BEA474683E480B.header.txt,7DB0738D8A780C9261847F5F3A26529BD9BC7CF3A4DD5050B2AECFF025A3AEEA
0EB724F472D0867E4028A0EA1819E88AA8B647706DDD3EBF0DF561D3D09B544F,HeaderTextAsset,C:\Users\omard\source\repos\RecepcionDocumental\RecepcionDocumental\tools\DocumentAiProbe\experiments\H1D10A\text\0EB724F472D0867E4028A0EA1819E88AA8B647706DDD3EBF0DF561D3D09B544F.header.txt,0B872BD718643E2CD0BF3FF1FA99E1CFE11A55E6FD40A8ADFDB2B907A64866BB
0EB8DBCEF6C1E861455CAB45F0D946F37D5FE111851DE63421E53868D0344CED,HeaderTextAsset,C:\Users\omard\source\repos\RecepcionDocumental\RecepcionDocumental\tools\DocumentAiProbe\experiments\H1D10A\text\0EB8DBCEF6C1E861455CAB45F0D946F37D5FE111851DE63421E53868D0344CED.header.txt,07B8C79EA990A8B70D234F0002344FC8AABA5DEE8E78188E196EFBA05ED37233
0F9246AC42EC24CE74596A53393B3137E04A75F4B1EC270ED3217F470D822C10,HeaderTextAsset,C:\Users\omard\source\repos\RecepcionDocumental\RecepcionDocumental\tools\DocumentAiProbe\experiments\H1D10A\text\0F9246AC42EC24CE74596A53393B3137E04A75F4B1EC270ED3217F470D822C10.header.txt,C5FE0C3E8DF3C8435A583AFDA5431C0E8B76B04600E44496588BEE2E56AEF89D
0FA8463ED567FFE590E435570D0223B6F4A12CB7F6613366B51561D4DAD73426,HeaderTextAsset,C:\Users\omard\source\repos\RecepcionDocumental\RecepcionDocumental\tools\DocumentAiProbe\experiments\H1D10A\text\0FA8463ED567FFE590E435570D0223B6F4A12CB7F6613366B51561D4DAD73426.header.txt,B01CB08D689F5A3C1F3AF6372D52CFB33ADF545655C110E5740391D16D0B282F
103D4B7D4FC3E90843B65EF81BC37F7579A84BC7B89FF656AC00130A79D1E0A3,HeaderTextAsset,C:\Users\omard\source\repos\RecepcionDocumental\RecepcionDocumental\tools\DocumentAiProbe\experiments\H1D10A\text\103D4B7D4FC3E90843B65EF81BC37F7579A84BC7B89FF656AC00130A79D1E0A3.header.txt,8DDFF83B3DE994802A7D3D0C22C6ABCC24044594D96EB5256F2F914F20415630
10C8DE86B04BF25561A35A82242B33B470AF2939CEAE75D3705D0DE2B0439C8A,HeaderTextAsset,C:\Users\omard\source\repos\RecepcionDocumental\RecepcionDocumental\tools\DocumentAiProbe\experiments\H1D10A\text\10C8DE86B04BF25561A35A82242B33B470AF2939CEAE75D3705D0DE2B0439C8A.header.txt,624C0A392605983AF5E15B903ED77E8A7B9C46175DF0497A92C31C284E0E4AA1
11AA4176F3F4A2CC86037046B472339888DABD214272917A6929C087593E9D8E,HeaderTextAsset,C:\Users\omard\source\repos\RecepcionDocumental\RecepcionDocumental\tools\DocumentAiProbe\experiments\H1D10A\text\11AA4176F3F4A2CC86037046B472339888DABD214272917A6929C087593E9D8E.header.txt,EDEBA0EEF4420D713C46537F8D940B3066CDA713CC05177719F639CFA446159A
11D14380F5AB72DEA8A5310BFDF5802785E3B72846717188B71C33839F1F7946,HeaderTextAsset,C:\Users\omard\source\repos\RecepcionDocumental\RecepcionDocumental\tools\DocumentAiProbe\experiments\H1D10A\text\11D14380F5AB72DEA8A5310BFDF5802785E3B72846717188B71C33839F1F7946.header.txt,02D62551DDD9CEAC02200951A2D337CFEEC45EE162F8BAB9AC10EC382990C5E8
11F3EAC90134B12551950394AA754634A73F52156C58047F001C53FC2A8E2B6A,HeaderTextAsset,C:\Users\omard\source\repos\RecepcionDocumental\RecepcionDocumental\tools\DocumentAiProbe\experiments\H1D10A\text\11F3EAC90134B12551950394AA754634A73F52156C58047F001C53FC2A8E2B6A.header.txt,2EF795E3083F45B01E7B907E7FE0935D052149E12591613ABB3A5F1AAFBDB017
121935DCAF0E74813765F04221A3B2771AC2471A7E501773E5ED762449345F74,HeaderTextAsset,C:\Users\omard\source\repos\RecepcionDocumental\RecepcionDocumental\tools\DocumentAiProbe\experiments\H1D10A\text\121935DCAF0E74813765F04221A3B2771AC2471A7E501773E5ED762449345F74.header.txt,BF3546584DE95B4506A9A651E323D5571632563127FAA1BBB89F63C582E5DBCB
1263357752F19929AB58E0457B9C3BF0003909F01745B4562D6B023F84D191CE,HeaderTextAsset,C:\Users\omard\source\repos\RecepcionDocumental\RecepcionDocumental\tools\DocumentAiProbe\experiments\H1D10A\text\1263357752F19929AB58E0457B9C3BF0003909F01745B4562D6B023F84D191CE.header.txt,A8CFFCF253322C0A583BCC451837A40393ED10A0EBBD2CC86257AEE49EB91600
12B4F8A879EF86D8F1B1F542753A5C0F1CA0BC63E0BD9E86DE53E1AAB2B75D6F,HeaderTextAsset,C:\Users\omard\source\repos\RecepcionDocumental\RecepcionDocumental\tools\DocumentAiProbe\experiments\H1D10A\text\12B4F8A879EF86D8F1B1F542753A5C0F1CA0BC63E0BD9E86DE53E1AAB2B75D6F.header.txt,43C84EC668BF729DC940A8E6E19BE6DCC11DF8DB4BAA4DC85517C9D19C4CD366
12CA6DFC58500509E1ECF06C8E7E9C69E1F6AE3C2DD3F6E90FE50506DEF80A4D,HeaderTextAsset,C:\Users\omard\source\repos\RecepcionDocumental\RecepcionDocumental\tools\DocumentAiProbe\experiments\H1D10A\text\12CA6DFC58500509E1ECF06C8E7E9C69E1F6AE3C2DD3F6E90FE50506DEF80A4D.header.txt,B114DA5AFFE8A38CCF4A2F622E88B69E1F63FAD8BC3C624F3C09EF7F4572A412
1303FFF3152A9BCA27886296FE5721AD7F803BA0CFC37D6296DE2FC83912AC0F,HeaderTextAsset,C:\Users\omard\source\repos\RecepcionDocumental\RecepcionDocumental\tools\DocumentAiProbe\experiments\H1D10A\text\1303FFF3152A9BCA27886296FE5721AD7F803BA0CFC37D6296DE2FC83912AC0F.header.txt,35C49EED6CCD151CD2FF781D51005346D3361329A1F66262A06FAD7A25F53429
1333A90EBB43AD0E599070C8EF90E5A27A029FF12280CA95C2C03798470CBCCD,HeaderTextAsset,C:\Users\omard\source\repos\RecepcionDocumental\RecepcionDocumental\tools\DocumentAiProbe\experiments\H1D10A\text\1333A90EBB43AD0E599070C8EF90E5A27A029FF12280CA95C2C03798470CBCCD.header.txt,BB2BE29D565C61E5DEBB0F93F6F7833023464DC86406C66F9742282F017F1ADC
1404DB34FC4F98116BC724C50860B093747B8B6958BA341FCD6820A169B30763,HeaderTextAsset,C:\Users\omard\source\repos\RecepcionDocumental\RecepcionDocumental\tools\DocumentAiProbe\experiments\H1D10A\text\1404DB34FC4F98116BC724C50860B093747B8B6958BA341FCD6820A169B30763.header.txt,883B37B659054A439036CEBC01FD531888E7990653EC99955B33C49EB2DC940B
14C5AE52A8EEAFEEFC07064F3CA220CF3FF2275CC59888BA114642668962F978,HeaderTextAsset,C:\Users\omard\source\repos\RecepcionDocumental\RecepcionDocumental\tools\DocumentAiProbe\experiments\H1D10A\text\14C5AE52A8EEAFEEFC07064F3CA220CF3FF2275CC59888BA114642668962F978.header.txt,2A758BDE314C71895B06B95135613C0B72CD112A44C0B35AAF7503DFFDAABB87
14DFA7B487FE176FB734A07739399ED41B4658E3573EEB7E4448B13730B06F57,HeaderTextAsset,C:\Users\omard\source\repos\RecepcionDocumental\RecepcionDocumental\tools\DocumentAiProbe\experiments\H1D10A\text\14DFA7B487FE176FB734A07739399ED41B4658E3573EEB7E4448B13730B06F57.header.txt,8423EF128736CFC9BAF130A1BBEA83BB5CFA9FD8A6711CDEB61A61E721057D35
15A026D2938AFB432CF119015772179FEC95B6CFBE1173DF47FCCC7DAD8EC61C,HeaderTextAsset,C:\Users\omard\source\repos\RecepcionDocumental\RecepcionDocumental\tools\DocumentAiProbe\experiments\H1D10A\text\15A026D2938AFB432CF119015772179FEC95B6CFBE1173DF47FCCC7DAD8EC61C.header.txt,0592FB7E151DA25EB8ABF6A5C6A6E31B01D9F2DD83902D531E2E537A034B41E0
15B140C52F151CE8CECA898F343965567AA73E7CFA89957E4B110094B6DCFB67,HeaderTextAsset,C:\Users\omard\source\repos\RecepcionDocumental\RecepcionDocumental\tools\DocumentAiProbe\experiments\H1D10A\text\15B140C52F151CE8CECA898F343965567AA73E7CFA89957E4B110094B6DCFB67.header.txt,72202EA24FD44C25F0BF444D83F4F8E83E0962AF87479D60AE38A36D2A4C84D8
160526753107767C39EC95E3ADDCD2CD497AE532CEFFC3DC2F84BB0DC8CE49FE,HeaderTextAsset,C:\Users\omard\source\repos\RecepcionDocumental\RecepcionDocumental\tools\DocumentAiProbe\experiments\H1D10A\text\160526753107767C39EC95E3ADDCD2CD497AE532CEFFC3DC2F84BB0DC8CE49FE.header.txt,72191DB02BE5F0865BC852BB721F1C70CBC1F884C8919068F06309FFBB31B3F2
161EC212E4A6935F8CFAB567C97F912D35EDF5215767FC8E77BD1C22BA9EDCB1,HeaderTextAsset,C:\Users\omard\source\repos\RecepcionDocumental\RecepcionDocumental\tools\DocumentAiProbe\experiments\H1D10A\text\161EC212E4A6935F8CFAB567C97F912D35EDF5215767FC8E77BD1C22BA9EDCB1.header.txt,F66BA09D368E36A5FC1F3C44BD75DBBD87ECFE7A242314FB7BD42EE67CA5CA05
1630D16F8FDB2A7721ACEF572A7F8E2CB269845113E8B30AB282FF65B3372AA2,HeaderTextAsset,C:\Users\omard\source\repos\RecepcionDocumental\RecepcionDocumental\tools\DocumentAiProbe\experiments\H1D10A\text\1630D16F8FDB2A7721ACEF572A7F8E2CB269845113E8B30AB282FF65B3372AA2.header.txt,D86F0A618B4F9608813BD6DC1ED3BDFD31356156DDF4DD71A7349D00A57956DC
166F800D9EDF270B19C23DD114D9663F92A11A943FD9C0C549CABE6281F724A3,HeaderTextAsset,C:\Users\omard\source\repos\RecepcionDocumental\RecepcionDocumental\tools\DocumentAiProbe\experiments\H1D10A\text\166F800D9EDF270B19C23DD114D9663F92A11A943FD9C0C549CABE6281F724A3.header.txt,35C70A085986B2F4257ED76C1F0B4A8AD0EC3035871B8ECAE31E909F32B8C133
16774F7F1BF693AAAF6595FD95FE826967AD240AE8DCDCF1D0DA1FDFA5B8B47F,HeaderTextAsset,C:\Users\omard\source\repos\RecepcionDocumental\RecepcionDocumental\tools\DocumentAiProbe\experiments\H1D10A\text\16774F7F1BF693AAAF6595FD95FE826967AD240AE8DCDCF1D0DA1FDFA5B8B47F.header.txt,9ABD7B07AB93DFD84E1E206CBADB7DD120B39FE0E5FAB83F5F4BD81D999A28C2
16945BA3A0FB38E9BC5A16E5A5985D0D639AEB3DBAE2B4FB57E018F9F01DC7F6,HeaderTextAsset,C:\Users\omard\source\repos\RecepcionDocumental\RecepcionDocumental\tools\DocumentAiProbe\experiments\H1D10A\text\16945BA3A0FB38E9BC5A16E5A5985D0D639AEB3DBAE2B4FB57E018F9F01DC7F6.header.txt,6BEF6FB7335C0B9C0DF6445848FBA85868C5389B6E9A2C684D5C891C4AB2B264
16C599BB507BA2B2F3C2269E6A2C5D1AECB01E18F4CC72BEBE25B5003074BB39,HeaderTextAsset,C:\Users\omard\source\repos\RecepcionDocumental\RecepcionDocumental\tools\DocumentAiProbe\experiments\H1D10A\text\16C599BB507BA2B2F3C2269E6A2C5D1AECB01E18F4CC72BEBE25B5003074BB39.header.txt,F824EF2252E450BB46CBD1D5448DC96B00973A1933843CD786149B0F01667A96
174DD634BAA4E1F2C0F29A99FDC68EAD0DC5A7B03E2E3013D0BC3EDC84BBBE6F,HeaderTextAsset,C:\Users\omard\source\repos\RecepcionDocumental\RecepcionDocumental\tools\DocumentAiProbe\experiments\H1D10A\text\174DD634BAA4E1F2C0F29A99FDC68EAD0DC5A7B03E2E3013D0BC3EDC84BBBE6F.header.txt,8002453D99CB4E0B67040A49AA55573FB87DECA61040CF81FDEF8E410FE07978
18E7CA0C5FA2A263B81C0E6331BD60EE7C3FE5F34B9607844B4F68CB65659CF1,HeaderTextAsset,C:\Users\omard\source\repos\RecepcionDocumental\RecepcionDocumental\tools\DocumentAiProbe\experiments\H1D10A\text\18E7CA0C5FA2A263B81C0E6331BD60EE7C3FE5F34B9607844B4F68CB65659CF1.header.txt,99F5D6C9702DF690704290BD6FBED29C67C3D55474D56A8027633A137373C3B3
18F037E71275BAC8EB6B9907A801BB8596276D931C4A89D42AD4A1DDB99C44C7,HeaderTextAsset,C:\Users\omard\source\repos\RecepcionDocumental\RecepcionDocumental\tools\DocumentAiProbe\experiments\H1D10A\text\18F037E71275BAC8EB6B9907A801BB8596276D931C4A89D42AD4A1DDB99C44C7.header.txt,4F21B70E0D1882B763C24645FD35C7E7EC2479F98F5B166601184E2CCFD0026E
18FEACDE4C4BC3186A35471632ADCC16CE8B5003E33AB4DD3E2B5F753C965052,HeaderTextAsset,C:\Users\omard\source\repos\RecepcionDocumental\RecepcionDocumental\tools\DocumentAiProbe\experiments\H1D10A\text\18FEACDE4C4BC3186A35471632ADCC16CE8B5003E33AB4DD3E2B5F753C965052.header.txt,1371C6E319B02BF65201350A9D65C90E35004637C7FF664508948E529BF53CA1
19CA2317F157D7F77CBA71C4C7DADA16BA98EB297488E5B8E29356E5C706F58E,HeaderTextAsset,C:\Users\omard\source\repos\RecepcionDocumental\RecepcionDocumental\tools\DocumentAiProbe\experiments\H1D10A\text\19CA2317F157D7F77CBA71C4C7DADA16BA98EB297488E5B8E29356E5C706F58E.header.txt,630D62F86D14D8B2B2E3A032CFDC53CEBFBEFF504C043463A61BAEEFAD320B93
19F6641B6B3AA29365169F3EAE0968960FCA636ECEE571730C1EA3B84723A6C5,HeaderTextAsset,C:\Users\omard\source\repos\RecepcionDocumental\RecepcionDocumental\tools\DocumentAiProbe\experiments\H1D10A\text\19F6641B6B3AA29365169F3EAE0968960FCA636ECEE571730C1EA3B84723A6C5.header.txt,3544F5AA502D552335932061A3D5961FFB6D811C47DCA548C42BFBE889A3C54B
1A0286054805EE1B889C2AEC853E4C1820A7963FA5B8513AAD2AB306B1D5FCB0,HeaderTextAsset,C:\Users\omard\source\repos\RecepcionDocumental\RecepcionDocumental\tools\DocumentAiProbe\experiments\H1D10A\text\1A0286054805EE1B889C2AEC853E4C1820A7963FA5B8513AAD2AB306B1D5FCB0.header.txt,646E13E6DC0C258775B6AF6CFEF7F5D40F041D76321C6BD89FD7EDD6E3161D55
1A0A36E455982173F5BF5C96D830E13327B71722D30631BC3F0CC3CC9FAF0540,HeaderTextAsset,C:\Users\omard\source\repos\RecepcionDocumental\RecepcionDocumental\tools\DocumentAiProbe\experiments\H1D10A\text\1A0A36E455982173F5BF5C96D830E13327B71722D30631BC3F0CC3CC9FAF0540.header.txt,0A8CB185DC3DED473E463B4C755C29FDB9DC321E987B8FA9F76A10C4D7AC4041
1A94D10FAD4A3B2AAAA3E3A02F2F963B295A6BFFFD9A535B339D7390DEAFC82B,HeaderTextAsset,C:\Users\omard\source\repos\RecepcionDocumental\RecepcionDocumental\tools\DocumentAiProbe\experiments\H1D10A\text\1A94D10FAD4A3B2AAAA3E3A02F2F963B295A6BFFFD9A535B339D7390DEAFC82B.header.txt,0716D175063B232E79B9E61A1E2BB569E05416ABEEC8BEAC948B7C0EA84EB3C4
1BAC08C96C2B7DF33CB003BD97FE4CEAD87E53DE3314421FFE719FB320CF8F1B,HeaderTextAsset,C:\Users\omard\source\repos\RecepcionDocumental\RecepcionDocumental\tools\DocumentAiProbe\experiments\H1D10A\text\1BAC08C96C2B7DF33CB003BD97FE4CEAD87E53DE3314421FFE719FB320CF8F1B.header.txt,2D904B4C1EF2F80B4171FCF0DEE767C6CAD9DD3AA1456D08EB0383FFBB18E8D5
1C0D51D6F3C6284AC33F646437A23D1C8C0413DD8507BC1EF61CE9709A6202CB,HeaderTextAsset,C:\Users\omard\source\repos\RecepcionDocumental\RecepcionDocumental\tools\DocumentAiProbe\experiments\H1D10A\text\1C0D51D6F3C6284AC33F646437A23D1C8C0413DD8507BC1EF61CE9709A6202CB.header.txt,7E6C90F5636E31043C3ACA3B00A5A213FB3A0681C651575608B620931D2E54B1
1C98F6E7FCAB99BCF1A9F60F1C3C9C65393ED41CD6DB09C21056B4A06AC7D5C9,HeaderTextAsset,C:\Users\omard\source\repos\RecepcionDocumental\RecepcionDocumental\tools\DocumentAiProbe\experiments\H1D10A\text\1C98F6E7FCAB99BCF1A9F60F1C3C9C65393ED41CD6DB09C21056B4A06AC7D5C9.header.txt,548DA36D20E8112A47CB5A2988102F4B73B217F03936273E955DF4DCE2092C8D
1CDBBA2E0D0087C3CB21CD350611DDCB701EC633C668DAE9376C36FD6E95CB2D,HeaderTextAsset,C:\Users\omard\source\repos\RecepcionDocumental\RecepcionDocumental\tools\DocumentAiProbe\experiments\H1D10A\text\1CDBBA2E0D0087C3CB21CD350611DDCB701EC633C668DAE9376C36FD6E95CB2D.header.txt,C26C2762B1D48FB5B564E32704750E6858F9FF1BAA0D6F2500C5061378D026C2
1D13477161B6EB6F50A6EBAFE735A74D351D55222F26B460197C1D95EE5798A5,HeaderTextAsset,C:\Users\omard\source\repos\RecepcionDocumental\RecepcionDocumental\tools\DocumentAiProbe\experiments\H1D10A\text\1D13477161B6EB6F50A6EBAFE735A74D351D55222F26B460197C1D95EE5798A5.header.txt,23F91A53D0876B97232F453D3B42FD6B89C3DF21DBF8BB65FA406C78E5FEF2F6
1D599FB9901C840037490A7813C889834DFF4C7EEA0D469A58A71E6F59B1268C,HeaderTextAsset,C:\Users\omard\source\repos\RecepcionDocumental\RecepcionDocumental\tools\DocumentAiProbe\experiments\H1D10A\text\1D599FB9901C840037490A7813C889834DFF4C7EEA0D469A58A71E6F59B1268C.header.txt,F5F9E8713532A3DDFA4D2F07061ADE60F11CEB0C45BDF6CFDB49EE7EA6E2C18D
1D5F2FFDB7A42FB654E7D25AC2C03B44FFF9CB0BB77FC63A494AA74CA4370078,HeaderTextAsset,C:\Users\omard\source\repos\RecepcionDocumental\RecepcionDocumental\tools\DocumentAiProbe\experiments\H1D10A\text\1D5F2FFDB7A42FB654E7D25AC2C03B44FFF9CB0BB77FC63A494AA74CA4370078.header.txt,71D84771397C4B2E223833675A3C9FA3EDDC4DE475A84C0EA50AAE569B784B87
1D690E9263C4C758D742F763DF1CBAFAEC61E32C010E5AF12578698CB2DA4C2D,HeaderTextAsset,C:\Users\omard\source\repos\RecepcionDocumental\RecepcionDocumental\tools\DocumentAiProbe\experiments\H1D10A\text\1D690E9263C4C758D742F763DF1CBAFAEC61E32C010E5AF12578698CB2DA4C2D.header.txt,180862A977A67FB7899009568ECD41A4E0039FFE9CA90A6508130DD166416F33
1E3A54E29CDFD98200A8968E8ED2B1DDDE4DDCC94F9FA7FA24A7FF973C6256A2,HeaderTextAsset,C:\Users\omard\source\repos\RecepcionDocumental\RecepcionDocumental\tools\DocumentAiProbe\experiments\H1D10A\text\1E3A54E29CDFD98200A8968E8ED2B1DDDE4DDCC94F9FA7FA24A7FF973C6256A2.header.txt,D330F8623E61C9A5290656C926E1ED825CCFE53ED30F19C3912E4D11912F29F4
1E4FC830876DF4A2D7E323D059FC3B5F03968B0A7BF7E8067947BF00B1508969,HeaderTextAsset,C:\Users\omard\source\repos\RecepcionDocumental\RecepcionDocumental\tools\DocumentAiProbe\experiments\H1D10A\text\1E4FC830876DF4A2D7E323D059FC3B5F03968B0A7BF7E8067947BF00B1508969.header.txt,B1B812F902EE57FF3098C5D024A718CF4108F4B295EF96FB8E2D3C84B39AA672
1E6204E31083CC7D65901CC8CA5C00C90562459A9876FFDB0C909ADA7C2DEB5D,HeaderTextAsset,C:\Users\omard\source\repos\RecepcionDocumental\RecepcionDocumental\tools\DocumentAiProbe\experiments\H1D10A\text\1E6204E31083CC7D65901CC8CA5C00C90562459A9876FFDB0C909ADA7C2DEB5D.header.txt,0B6E1315C7A31CF2E3D528B388E6EDEC757DC0FB1B002E1E60691AC52985E8D6
1E91DDC230C4879196FB8A9C6D0F2B571E5781379160AA07760A8B3773DA1EAB,HeaderTextAsset,C:\Users\omard\source\repos\RecepcionDocumental\RecepcionDocumental\tools\DocumentAiProbe\experiments\H1D10A\text\1E91DDC230C4879196FB8A9C6D0F2B571E5781379160AA07760A8B3773DA1EAB.header.txt,4E6A5F073F30C6AD187A63E3469B8108AF8ABFF8CDD5C7D44E6069A383A9B2C9
1ED61F74F18006764BD6449DD4DFD2A4762E84307C9B3636FB875B1E0D7E9F26,HeaderTextAsset,C:\Users\omard\source\repos\RecepcionDocumental\RecepcionDocumental\tools\DocumentAiProbe\experiments\H1D10A\text\1ED61F74F18006764BD6449DD4DFD2A4762E84307C9B3636FB875B1E0D7E9F26.header.txt,BEAC31837E59082897BF71EC58E986F0A5A8C848B25FD9A895B4834ECB9C7E10
1EFEC494A72D347AD1840B5869281F259425F030DD79621BD5DB09028C336295,HeaderTextAsset,C:\Users\omard\source\repos\RecepcionDocumental\RecepcionDocumental\tools\DocumentAiProbe\experiments\H1D10A\text\1EFEC494A72D347AD1840B5869281F259425F030DD79621BD5DB09028C336295.header.txt,80B045E7F5A5A819290C3CC7EB83A7895C146BB011AD951D2F81E6A37BF58AC4
1F1946F209640E1E5690363F1F7983E92D582C609A65653B72FCDC3E6D501EC9,HeaderTextAsset,C:\Users\omard\source\repos\RecepcionDocumental\RecepcionDocumental\tools\DocumentAiProbe\experiments\H1D10A\text\1F1946F209640E1E5690363F1F7983E92D582C609A65653B72FCDC3E6D501EC9.header.txt,AFBDF064D93F0B9F21E7C65A3C0ABC3F93C8847556B9F3EDBAA190E5028A9ACE
1F26D49FBA99019EB261823E6F5BD97006F5CBD3D0514AC5C4FF96E5829586B7,HeaderTextAsset,C:\Users\omard\source\repos\RecepcionDocumental\RecepcionDocumental\tools\DocumentAiProbe\experiments\H1D10A\text\1F26D49FBA99019EB261823E6F5BD97006F5CBD3D0514AC5C4FF96E5829586B7.header.txt,6E5A511D528403C5D3BDB8F730CCF6F8AB928E685DCF208F8587825AAB3F44ED
1F6AC3D4A076A3746C99EA3109F93F259DDDBC66C2931E9D962C8C9754218CDE,HeaderTextAsset,C:\Users\omard\source\repos\RecepcionDocumental\RecepcionDocumental\tools\DocumentAiProbe\experiments\H1D10A\text\1F6AC3D4A076A3746C99EA3109F93F259DDDBC66C2931E9D962C8C9754218CDE.header.txt,ECCCD5E09B6B0D33E5D0D41D99876B7586BDAC274EDE5DEDE72FA4AD5BC43FD2
1F9DD0B2BF3B5C5D6D46D3091174ECB7FD8813A730E6E775358AF0ABAC13456B,HeaderTextAsset,C:\Users\omard\source\repos\RecepcionDocumental\RecepcionDocumental\tools\DocumentAiProbe\experiments\H1D10A\text\1F9DD0B2BF3B5C5D6D46D3091174ECB7FD8813A730E6E775358AF0ABAC13456B.header.txt,DD4ABBA5F0A22AA99BA1CB3A4890B4089BB612985C21785BEFF14C157E626A1A
1FE1C412FCEAF64499CE4682FF2DFE2D89E4498F769BBC23E00DD78C77C3CE3E,HeaderTextAsset,C:\Users\omard\source\repos\RecepcionDocumental\RecepcionDocumental\tools\DocumentAiProbe\experiments\H1D10A\text\1FE1C412FCEAF64499CE4682FF2DFE2D89E4498F769BBC23E00DD78C77C3CE3E.header.txt,7AC5118B27D2D0CC36894DEA8E94257DC2526D089C7BFA1BE126A75567D5868D
2076838F1D52111FD6BC4EE423E4CCB3B132F44875254A486F179702AC11CD3E,HeaderTextAsset,C:\Users\omard\source\repos\RecepcionDocumental\RecepcionDocumental\tools\DocumentAiProbe\experiments\H1D10A\text\2076838F1D52111FD6BC4EE423E4CCB3B132F44875254A486F179702AC11CD3E.header.txt,5D356535F0205E72EB15FBF70938C3E7FE0C6D5DAD64896F7A48F3AE1D76EA59
20B544DC3592067EB9B4670C527A8CDE245286CCF376D0F414A46958E219053D,HeaderTextAsset,C:\Users\omard\source\repos\RecepcionDocumental\RecepcionDocumental\tools\DocumentAiProbe\experiments\H1D10A\text\20B544DC3592067EB9B4670C527A8CDE245286CCF376D0F414A46958E219053D.header.txt,B54855F0ED3EA1DA933A4DCFFF7CD9408320CB05FE5578D27B96F9092BC33236
20D924F11A7120C5C466FDED4D019730E992897515BED072CD42CC1827E38DB9,HeaderTextAsset,C:\Users\omard\source\repos\RecepcionDocumental\RecepcionDocumental\tools\DocumentAiProbe\experiments\H1D10A\text\20D924F11A7120C5C466FDED4D019730E992897515BED072CD42CC1827E38DB9.header.txt,0A1609862765EDD4F10AB65F6022011AC60404A816156D91C5DA805353BAA3D1
214391B212DE575A749E2CE564AB831866F3B4E810B804B112AFFECC4A0DC0C5,HeaderTextAsset,C:\Users\omard\source\repos\RecepcionDocumental\RecepcionDocumental\tools\DocumentAiProbe\experiments\H1D10A\text\214391B212DE575A749E2CE564AB831866F3B4E810B804B112AFFECC4A0DC0C5.header.txt,932C75113C733B365BBFE34C8BF13D922A610FE228A99EB2448F4D3C3986D5AE
2177FA907AE027A8214549A497D8B20FAC11F03378434E82243735B41CDCCF90,HeaderTextAsset,C:\Users\omard\source\repos\RecepcionDocumental\RecepcionDocumental\tools\DocumentAiProbe\experiments\H1D10A\text\2177FA907AE027A8214549A497D8B20FAC11F03378434E82243735B41CDCCF90.header.txt,52412AECCD8CB73239126D216963AD50CA3398CC604E473A80BFA66907F144F9
22A220E82D281BC035328305906BE657A8888917D0B30AA6CC8D5267677D4064,HeaderTextAsset,C:\Users\omard\source\repos\RecepcionDocumental\RecepcionDocumental\tools\DocumentAiProbe\experiments\H1D10A\text\22A220E82D281BC035328305906BE657A8888917D0B30AA6CC8D5267677D4064.header.txt,91F4FC88CFC2CB21F032264AB4D2A31258CFF968EE4CB7FACE2F6A1C8B330D5C
22CB6FF71816972CE79D5B68D3DC2942FDBF27DB62CE09AC084F2A738A184F21,HeaderTextAsset,C:\Users\omard\source\repos\RecepcionDocumental\RecepcionDocumental\tools\DocumentAiProbe\experiments\H1D10A\text\22CB6FF71816972CE79D5B68D3DC2942FDBF27DB62CE09AC084F2A738A184F21.header.txt,907C35D566547756301FB4B587BB8388EC9ABB8C77E56D990F064C6564916D8C
238450449FF81A482559F1E03EE384FAD00D8AF468625EFC43ED56456068CAD0,HeaderTextAsset,C:\Users\omard\source\repos\RecepcionDocumental\RecepcionDocumental\tools\DocumentAiProbe\experiments\H1D10A\text\238450449FF81A482559F1E03EE384FAD00D8AF468625EFC43ED56456068CAD0.header.txt,3E00246B067A61D8FF05F7B1B5130CF733A1B018D991A1560A7569E679C05666
239BC30DB9260C6A5A365B595D11D3D601BD2A7FDDBFBBC6942F5C5B8DD2C39D,HeaderTextAsset,C:\Users\omard\source\repos\RecepcionDocumental\RecepcionDocumental\tools\DocumentAiProbe\experiments\H1D10A\text\239BC30DB9260C6A5A365B595D11D3D601BD2A7FDDBFBBC6942F5C5B8DD2C39D.header.txt,52A577D2DB58CE57E2B633DFDF11CD8B30B19A6680130C64E806F9E1BDAEC69B
23A963A9C0C71A93525846B4B4493D7A791A1657AC0334B2893A1CCF8B7F3E95,HeaderTextAsset,C:\Users\omard\source\repos\RecepcionDocumental\RecepcionDocumental\tools\DocumentAiProbe\experiments\H1D10A\text\23A963A9C0C71A93525846B4B4493D7A791A1657AC0334B2893A1CCF8B7F3E95.header.txt,D00D06CA9DC41E75914688064D1EAE4E8E3C92343F71C2423CA171BB5F99170A
23AD11468F884AC31C8DE408789102DEF544877629136636911F54124071DBD5,HeaderTextAsset,C:\Users\omard\source\repos\RecepcionDocumental\RecepcionDocumental\tools\DocumentAiProbe\experiments\H1D10A\text\23AD11468F884AC31C8DE408789102DEF544877629136636911F54124071DBD5.header.txt,56263AD55B83989D7073D5BA7489F918FE937BAC134A35B25F29315461294A5E
2476686913A22085E08C9FB772282309D0E57FD54559BC40585D6AF7A80CC8C8,HeaderTextAsset,C:\Users\omard\source\repos\RecepcionDocumental\RecepcionDocumental\tools\DocumentAiProbe\experiments\H1D10A\text\2476686913A22085E08C9FB772282309D0E57FD54559BC40585D6AF7A80CC8C8.header.txt,19F54CA0339B2486CB0C28E22AF0A807A923254FD27B54857372B214900EE48C
24B614F76779C4A03DA9946CB4E8F4441AB7725A1EC6F55EB084F63D939D16B9,HeaderTextAsset,C:\Users\omard\source\repos\RecepcionDocumental\RecepcionDocumental\tools\DocumentAiProbe\experiments\H1D10A\text\24B614F76779C4A03DA9946CB4E8F4441AB7725A1EC6F55EB084F63D939D16B9.header.txt,E05716ADB27262C6A8E03809F29212513121A69BDE36BF58EBCD7DDDD70A680A
250783E7B15BD80101AE6C9F5F499FCEB36B13995BB35C483708DC3695A38473,HeaderTextAsset,C:\Users\omard\source\repos\RecepcionDocumental\RecepcionDocumental\tools\DocumentAiProbe\experiments\H1D10A\text\250783E7B15BD80101AE6C9F5F499FCEB36B13995BB35C483708DC3695A38473.header.txt,7424EAC74E7E25D1B57AC5B1B4D40BE403CB1941D1154ED0A998AD5DA91C6103
2508167B50A8E8901EF02FDAC3D11A80EB57A7D000A33B38FE2A22B3B0A13425,HeaderTextAsset,C:\Users\omard\source\repos\RecepcionDocumental\RecepcionDocumental\tools\DocumentAiProbe\experiments\H1D10A\text\2508167B50A8E8901EF02FDAC3D11A80EB57A7D000A33B38FE2A22B3B0A13425.header.txt,8CA930D50301EBE818F084E6DB05F59C4802A5EE939556110DB08C274FA2B8CE
253B922E743ED3799598D68A259FB420DFA7F0351B17785DDCF693005E0B9D55,HeaderTextAsset,C:\Users\omard\source\repos\RecepcionDocumental\RecepcionDocumental\tools\DocumentAiProbe\experiments\H1D10A\text\253B922E743ED3799598D68A259FB420DFA7F0351B17785DDCF693005E0B9D55.header.txt,EE2CDDC8B952B5A838EAA1053F519308B3E5BA17893B65A76B748EC1E98081BE
254FC2460ED4167A5679EAC17131CAD1AF9BCDD5DF57735EB1B77EC144249C0F,HeaderTextAsset,C:\Users\omard\source\repos\RecepcionDocumental\RecepcionDocumental\tools\DocumentAiProbe\experiments\H1D10A\text\254FC2460ED4167A5679EAC17131CAD1AF9BCDD5DF57735EB1B77EC144249C0F.header.txt,6080E788FC2247B387EDBBF23593DA15E4D75120C938C1E5B1C2F3A2F420FE33
2561CB08DF5796D2821965653E2B99FDC224AA0A34497D57DB56B176A047078E,HeaderTextAsset,C:\Users\omard\source\repos\RecepcionDocumental\RecepcionDocumental\tools\DocumentAiProbe\experiments\H1D10A\text\2561CB08DF5796D2821965653E2B99FDC224AA0A34497D57DB56B176A047078E.header.txt,F2EFE1DC90FC7A4AD8F21089C875BB2784798DF56C24E98F7679F088962BC7E6
25A510BA5B19D5DD96CE010E2B5FCD59436F3900B8D3225A921DD84D70C0AF9F,HeaderTextAsset,C:\Users\omard\source\repos\RecepcionDocumental\RecepcionDocumental\tools\DocumentAiProbe\experiments\H1D10A\text\25A510BA5B19D5DD96CE010E2B5FCD59436F3900B8D3225A921DD84D70C0AF9F.header.txt,171F1DBA9989B75FAEC5651F9BCBB1F4B9736EF1AEAA99E98B49F54153F21729
269759132FB55D567FEEA3FF49AB869F3C2551A726DD615F70808EDF43CE48CE,HeaderTextAsset,C:\Users\omard\source\repos\RecepcionDocumental\RecepcionDocumental\tools\DocumentAiProbe\experiments\H1D10A\text\269759132FB55D567FEEA3FF49AB869F3C2551A726DD615F70808EDF43CE48CE.header.txt,ED16C0812C60895D1D867018610CF8ACFC93FCEB939EAC59B993ADF20209691A
271BB1B094E0EB4AEA101752E7C07265ABB906ADD707394EB6D66A12B8173D8B,HeaderTextAsset,C:\Users\omard\source\repos\RecepcionDocumental\RecepcionDocumental\tools\DocumentAiProbe\experiments\H1D10A\text\271BB1B094E0EB4AEA101752E7C07265ABB906ADD707394EB6D66A12B8173D8B.header.txt,7DCD0D7D16D15484A9633FA74928418E8053B8191D6EF27F3432586F691625DE
2754D3559341F815081980BDD192EED779630BB6B233314D17B4863113891EF0,HeaderTextAsset,C:\Users\omard\source\repos\RecepcionDocumental\RecepcionDocumental\tools\DocumentAiProbe\experiments\H1D10A\text\2754D3559341F815081980BDD192EED779630BB6B233314D17B4863113891EF0.header.txt,FF4D69A1E1239559B90FF47D94FC1E9CDA3D7F7FA223FB6B85BF764EEBA8A4B8
279DCD8A49C9A1869C6D483B37F0F7E4037A4ED69D6B7A74ABD491D56752CFA4,HeaderTextAsset,C:\Users\omard\source\repos\RecepcionDocumental\RecepcionDocumental\tools\DocumentAiProbe\experiments\H1D10A\text\279DCD8A49C9A1869C6D483B37F0F7E4037A4ED69D6B7A74ABD491D56752CFA4.header.txt,5C81E361A143640DA73EE4F3F37F2CC20C3E3DECA43D0F5076590857D2663B6E
27BB3486888A0FD9EB49AB34CCAD8DC64D9DBA4526BE1905FC3E4033AB10E4EA,HeaderTextAsset,C:\Users\omard\source\repos\RecepcionDocumental\RecepcionDocumental\tools\DocumentAiProbe\experiments\H1D10A\text\27BB3486888A0FD9EB49AB34CCAD8DC64D9DBA4526BE1905FC3E4033AB10E4EA.header.txt,BD3A8F6702DD39B3D606C4A567169AFF98F06886F8EF9D0FB2771E302AEE9F64
28BA3F371A86FDED8763BF4E936F400EC37718092458DDE04349F730074A8041,HeaderTextAsset,C:\Users\omard\source\repos\RecepcionDocumental\RecepcionDocumental\tools\DocumentAiProbe\experiments\H1D10A\text\28BA3F371A86FDED8763BF4E936F400EC37718092458DDE04349F730074A8041.header.txt,31B0D4F466CF3C7BF7B1E6C200B6F3DE478C29D21BB6425FE11D0B371F64E244
28E051A5FFC30CD108C62532DB3BB625AE2F92006A000BC861F3BB2C56D67E99,HeaderTextAsset,C:\Users\omard\source\repos\RecepcionDocumental\RecepcionDocumental\tools\DocumentAiProbe\experiments\H1D10A\text\28E051A5FFC30CD108C62532DB3BB625AE2F92006A000BC861F3BB2C56D67E99.header.txt,FC7CE6E48BA07E9D3661351546B9823B0C64798CA2733A00882265332FF3E7BC
28E57B85A23B5F3B189376E78081BE8CE4406AE462E2B485E933D79370388A59,HeaderTextAsset,C:\Users\omard\source\repos\RecepcionDocumental\RecepcionDocumental\tools\DocumentAiProbe\experiments\H1D10A\text\28E57B85A23B5F3B189376E78081BE8CE4406AE462E2B485E933D79370388A59.header.txt,2F95D623E4CA770300BF5E045A8C677FE59B333EE1566FAA54A5D6B400FFF636
291D53881AC4D3DB4444FEAB3EEA3F5E6E143D9ABC61352ACD5952CE33E4D9A1,HeaderTextAsset,C:\Users\omard\source\repos\RecepcionDocumental\RecepcionDocumental\tools\DocumentAiProbe\experiments\H1D10A\text\291D53881AC4D3DB4444FEAB3EEA3F5E6E143D9ABC61352ACD5952CE33E4D9A1.header.txt,C65F715928292D76E96D0179472625FD99F34DD56E7D690FEFD089D9F9F768B2
299F8923F29027FBA851E54F1DFD39185F0BAB9650CE0FD8382F85428314E810,HeaderTextAsset,C:\Users\omard\source\repos\RecepcionDocumental\RecepcionDocumental\tools\DocumentAiProbe\experiments\H1D10A\text\299F8923F29027FBA851E54F1DFD39185F0BAB9650CE0FD8382F85428314E810.header.txt,3919FDAF1B250AE3A5D809AD88A9D76DD844B22298BDDD73568A930574C7A8B8
2A6375B320A9C38DCD845B42991BE997C5564DA8CE362D2050A0204D00CC609F,HeaderTextAsset,C:\Users\omard\source\repos\RecepcionDocumental\RecepcionDocumental\tools\DocumentAiProbe\experiments\H1D10A\text\2A6375B320A9C38DCD845B42991BE997C5564DA8CE362D2050A0204D00CC609F.header.txt,33211532459A84797AA2AD5D593AC270568D83806DFB6C6EB0B59C39C5098EE6
2A7AB31F4AD69F64910E3CEEE8C65743B22D669A790ABFCAF491E8BAAAE9C4B7,HeaderTextAsset,C:\Users\omard\source\repos\RecepcionDocumental\RecepcionDocumental\tools\DocumentAiProbe\experiments\H1D10A\text\2A7AB31F4AD69F64910E3CEEE8C65743B22D669A790ABFCAF491E8BAAAE9C4B7.header.txt,7ED65BA6884E2A37A046374695629DD9725A9860941595EEED39FBBB98435750
2B7ED7004CB4A5A4A65923E06D0D449A472E6A175B3B37DB857A5CD2766924EC,HeaderTextAsset,C:\Users\omard\source\repos\RecepcionDocumental\RecepcionDocumental\tools\DocumentAiProbe\experiments\H1D10A\text\2B7ED7004CB4A5A4A65923E06D0D449A472E6A175B3B37DB857A5CD2766924EC.header.txt,D6E38A12811B443EBA033833290B0A535F194995839EEF206CBD264E70FD3DA5
2D2A5FAA85CA3ED0E930858626211A8596B2126AFB0B4A0708C7385B151ACC00,HeaderTextAsset,C:\Users\omard\source\repos\RecepcionDocumental\RecepcionDocumental\tools\DocumentAiProbe\experiments\H1D10A\text\2D2A5FAA85CA3ED0E930858626211A8596B2126AFB0B4A0708C7385B151ACC00.header.txt,1880D2C67E61B2C72BF29A6AB0E221D81690B73D64DE0394F34F8786AD304217
2D3CA66653E428CB7712750CDEB2634051699DBE2C42DF4A7C287D7ABAEB934B,HeaderTextAsset,C:\Users\omard\source\repos\RecepcionDocumental\RecepcionDocumental\tools\DocumentAiProbe\experiments\H1D10A\text\2D3CA66653E428CB7712750CDEB2634051699DBE2C42DF4A7C287D7ABAEB934B.header.txt,E6E12310F176C094A55C4AFAEED598B97253217C5154E15E08CB8216A0EFC530
2D7A4A576822AA27FDA36C58AA8393A5A69BA09584A74A72FAEDD0C9A4EC76CF,HeaderTextAsset,C:\Users\omard\source\repos\RecepcionDocumental\RecepcionDocumental\tools\DocumentAiProbe\experiments\H1D10A\text\2D7A4A576822AA27FDA36C58AA8393A5A69BA09584A74A72FAEDD0C9A4EC76CF.header.txt,0FC17A90C9EF0D7C43ED85BD543DA4DB6B4B1EE2DF8E1FE73C888F5A736320A2
2DA1E505AF015145856EA6546519A252A9DF63F88A31E7C1476053E2A7B0642B,HeaderTextAsset,C:\Users\omard\source\repos\RecepcionDocumental\RecepcionDocumental\tools\DocumentAiProbe\experiments\H1D10A\text\2DA1E505AF015145856EA6546519A252A9DF63F88A31E7C1476053E2A7B0642B.header.txt,5CD44C0FD7A25D3244147849C39AB690F517D8376561A2B983DBF77AC258C780
2E0C576CBF8D0EBF70A3813880AC9DEF66AC12E0889212F086C21B704453886A,HeaderTextAsset,C:\Users\omard\source\repos\RecepcionDocumental\RecepcionDocumental\tools\DocumentAiProbe\experiments\H1D10A\text\2E0C576CBF8D0EBF70A3813880AC9DEF66AC12E0889212F086C21B704453886A.header.txt,FB2B056CD9160EED0A151D90250276791E067623E79B174D7BE565F2C0036BE2
2E2B3AD5EB47C2465B9744FD5BBD9A54EDD69C73A92CD41C577D441D650D8E03,HeaderTextAsset,C:\Users\omard\source\repos\RecepcionDocumental\RecepcionDocumental\tools\DocumentAiProbe\experiments\H1D10A\text\2E2B3AD5EB47C2465B9744FD5BBD9A54EDD69C73A92CD41C577D441D650D8E03.header.txt,435D12D6CE3B40BC724A801CFE774CC0912AC841B7FD495DB9554C3B2CEB1807
2E81DF80CEEBF07F54D70CA7DD706A79558744B1AE9141BC3746DB971A9E002C,HeaderTextAsset,C:\Users\omard\source\repos\RecepcionDocumental\RecepcionDocumental\tools\DocumentAiProbe\experiments\H1D10A\text\2E81DF80CEEBF07F54D70CA7DD706A79558744B1AE9141BC3746DB971A9E002C.header.txt,07941C535F173EA63334AB2794E717D58410902EFE597708C91F8C7D28540958
2F1E945B42EFC9DC4B0237EC0B8D8458B94BC0DE5AC9FBBEF393B78058EFB654,HeaderTextAsset,C:\Users\omard\source\repos\RecepcionDocumental\RecepcionDocumental\tools\DocumentAiProbe\experiments\H1D10A\text\2F1E945B42EFC9DC4B0237EC0B8D8458B94BC0DE5AC9FBBEF393B78058EFB654.header.txt,76F7E07D1E80C61CAFCE653BB08DF9469CEC14F944393E62ADA82C3FCBAFB0D6
2F5F1CA52F0DED94FE75437F025BC3FCFAAB65071326D28E30FC1CD6E3E39020,HeaderTextAsset,C:\Users\omard\source\repos\RecepcionDocumental\RecepcionDocumental\tools\DocumentAiProbe\experiments\H1D10A\text\2F5F1CA52F0DED94FE75437F025BC3FCFAAB65071326D28E30FC1CD6E3E39020.header.txt,55D2D5FD7C2A2B6AEDC56EEE0AD45688E33C80FA1960C32B18B1422CAE1510BB
2F70A9005F76072CD8540C75A1E3F9FC5D58D245CAFE99AF4D33F7080F5CCE60,HeaderTextAsset,C:\Users\omard\source\repos\RecepcionDocumental\RecepcionDocumental\tools\DocumentAiProbe\experiments\H1D10A\text\2F70A9005F76072CD8540C75A1E3F9FC5D58D245CAFE99AF4D33F7080F5CCE60.header.txt,4D44E607BD8AE3D09B2B4A686E880D7591DD68B02504C3EE3CEBB6F7535203CE
2FF2E066C974DC58D1F1E6778660C08F00D4A488FBF067E0C9C7B7FF7B694FD9,HeaderTextAsset,C:\Users\omard\source\repos\RecepcionDocumental\RecepcionDocumental\tools\DocumentAiProbe\experiments\H1D10A\text\2FF2E066C974DC58D1F1E6778660C08F00D4A488FBF067E0C9C7B7FF7B694FD9.header.txt,459A0D33427E5611E85C4A18BE36F1125F479A92CA34BF468A2AEC624E07D197
303D69CF7F61B95FC915238D4DF8D38A3C2F382602627C8775A5A09059B13F7B,HeaderTextAsset,C:\Users\omard\source\repos\RecepcionDocumental\RecepcionDocumental\tools\DocumentAiProbe\experiments\H1D10A\text\303D69CF7F61B95FC915238D4DF8D38A3C2F382602627C8775A5A09059B13F7B.header.txt,690D91F34183E78369578952864D0B42E128ECD3D1D5BE582C7DE1A37B53745F
305701EAFC1ABE518E8AC8F499B310B2F0C4795D3071FFFF8BBA29C6C0B7266E,HeaderTextAsset,C:\Users\omard\source\repos\RecepcionDocumental\RecepcionDocumental\tools\DocumentAiProbe\experiments\H1D10A\text\305701EAFC1ABE518E8AC8F499B310B2F0C4795D3071FFFF8BBA29C6C0B7266E.header.txt,B5A9AE8709651AA782BC29C6A58C2B3345AD766BFD25721DB3BAC26633491CB3
3058856E18A76B70EBBFDB5E07AFA0ACB08EFF7939F382674A14B71FF8238DF3,HeaderTextAsset,C:\Users\omard\source\repos\RecepcionDocumental\RecepcionDocumental\tools\DocumentAiProbe\experiments\H1D10A\text\3058856E18A76B70EBBFDB5E07AFA0ACB08EFF7939F382674A14B71FF8238DF3.header.txt,066B818D42C168D0AD9E8FEF1D5E1CB3C793FF0A43124C49A9434E584AB58112
30D2CCEC7717BB6C118C173F0CE11BE7DE2CBB369AC5EE047190A9C100F70BDE,HeaderTextAsset,C:\Users\omard\source\repos\RecepcionDocumental\RecepcionDocumental\tools\DocumentAiProbe\experiments\H1D10A\text\30D2CCEC7717BB6C118C173F0CE11BE7DE2CBB369AC5EE047190A9C100F70BDE.header.txt,EFAF2BF8AA94AA6624673136FA890138E5D36AB0A26D1B2CEFC1F72D6EC2D4F3
31328D4E2153E46FAAAE9641222277DAE1F13947AF9A092B4BB7755FBBB9A801,HeaderTextAsset,C:\Users\omard\source\repos\RecepcionDocumental\RecepcionDocumental\tools\DocumentAiProbe\experiments\H1D10A\text\31328D4E2153E46FAAAE9641222277DAE1F13947AF9A092B4BB7755FBBB9A801.header.txt,80B41AFEA311D8B6D5677510E260EA8DD5104F3CA46DE404879D582B76967196
31F3BA80D44EAF5B3BB8A88176C9358058CBC652C08C687F5B5F7D5B9649E460,HeaderTextAsset,C:\Users\omard\source\repos\RecepcionDocumental\RecepcionDocumental\tools\DocumentAiProbe\experiments\H1D10A\text\31F3BA80D44EAF5B3BB8A88176C9358058CBC652C08C687F5B5F7D5B9649E460.header.txt,814DB76C8D0CA65D569E029F946E44CB05F375E00CFBB3056C6662184B83BB5A
3232DDF4B4915E9F40D395AC61F63126227AC9225AA9518E6A476E614D19884E,HeaderTextAsset,C:\Users\omard\source\repos\RecepcionDocumental\RecepcionDocumental\tools\DocumentAiProbe\experiments\H1D10A\text\3232DDF4B4915E9F40D395AC61F63126227AC9225AA9518E6A476E614D19884E.header.txt,87CB5B85D71A50D3A2037B3088F536D6E349C47F4D7E04F61B59F6A219BE1D60
32E8B48195B841B268A109CF781BAB6898A259ED433D0D655D092E1C2B5A8EE9,HeaderTextAsset,C:\Users\omard\source\repos\RecepcionDocumental\RecepcionDocumental\tools\DocumentAiProbe\experiments\H1D10A\text\32E8B48195B841B268A109CF781BAB6898A259ED433D0D655D092E1C2B5A8EE9.header.txt,3F35159883A528FDD57C67CD4F4E76A0780250356C218AFE96CDDEC7E425D92E
332FFB1D90DB17A2646977121AD6D87B112993E79461108025126C4935CE72B7,HeaderTextAsset,C:\Users\omard\source\repos\RecepcionDocumental\RecepcionDocumental\tools\DocumentAiProbe\experiments\H1D10A\text\332FFB1D90DB17A2646977121AD6D87B112993E79461108025126C4935CE72B7.header.txt,D4A9ABBEB26FF308583C6A1FAB81121BE9782F3E88E793B499DF383FF60F0FD1
3386DE12204913FB9BF2712AFA8F18E749DBCB774830853DC5DEDAD17C572581,HeaderTextAsset,C:\Users\omard\source\repos\RecepcionDocumental\RecepcionDocumental\tools\DocumentAiProbe\experiments\H1D10A\text\3386DE12204913FB9BF2712AFA8F18E749DBCB774830853DC5DEDAD17C572581.header.txt,9909B9CD47F296ACA8699640525862950A01F8D68C6C3998F140E83946DA248A
338E5A66A292959A04447C0ECAC2E67A3C559D26B091E83BA091B09EB0A9A5DD,HeaderTextAsset,C:\Users\omard\source\repos\RecepcionDocumental\RecepcionDocumental\tools\DocumentAiProbe\experiments\H1D10A\text\338E5A66A292959A04447C0ECAC2E67A3C559D26B091E83BA091B09EB0A9A5DD.header.txt,B84C2847B358CC91D3263E8D398301781DDA594F399E8E8B3DDF1B99E03E5FFA
3494E27BFA6FF4EC7A1E28005D4F49419F2BA970B9D285C76FAD740EA341BF38,HeaderTextAsset,C:\Users\omard\source\repos\RecepcionDocumental\RecepcionDocumental\tools\DocumentAiProbe\experiments\H1D10A\text\3494E27BFA6FF4EC7A1E28005D4F49419F2BA970B9D285C76FAD740EA341BF38.header.txt,41AD1EBD124563ABF059AAD8A3BAFB4BC20F3022EC770A021A7FECBCA93D71C4
34EA03414CBB06206D7244C5291C0498F00B9631B15ED002F203E973BDFD8A2C,HeaderTextAsset,C:\Users\omard\source\repos\RecepcionDocumental\RecepcionDocumental\tools\DocumentAiProbe\experiments\H1D10A\text\34EA03414CBB06206D7244C5291C0498F00B9631B15ED002F203E973BDFD8A2C.header.txt,8AF7436A9A550B7933436E45F909DB395CBFAC58D6D3CCFB504F5D5801A81932
34FD397015B7DCB9CE1111F8F24E1C76439E879CD7631F90AEB8F94B17559EB0,HeaderTextAsset,C:\Users\omard\source\repos\RecepcionDocumental\RecepcionDocumental\tools\DocumentAiProbe\experiments\H1D10A\text\34FD397015B7DCB9CE1111F8F24E1C76439E879CD7631F90AEB8F94B17559EB0.header.txt,73CC50EA3ED9C84084103DAC113F1033B2D5F8A1C8CBA1F6BD9E1087FA3124F3
35036B91118820402A43C5A7AF8FEDD19F3EE0B4F5CD092F6045A38564329AA7,HeaderTextAsset,C:\Users\omard\source\repos\RecepcionDocumental\RecepcionDocumental\tools\DocumentAiProbe\experiments\H1D10A\text\35036B91118820402A43C5A7AF8FEDD19F3EE0B4F5CD092F6045A38564329AA7.header.txt,DE671C989E24FEA50B3D4CA28B20046956D2761BE1A3EFD9537FE6984DC255D9
3504BC9DB0D6985ADC2509C7561829CBDC4C3AEF3608271344B8AAA78193893A,HeaderTextAsset,C:\Users\omard\source\repos\RecepcionDocumental\RecepcionDocumental\tools\DocumentAiProbe\experiments\H1D10A\text\3504BC9DB0D6985ADC2509C7561829CBDC4C3AEF3608271344B8AAA78193893A.header.txt,225764618AD856E41DFB28282C3A69CA9E4CCA55F47C4D94EA010B39368B5E8F
354C3F7045F79A2B3CDB2ADFC8EEA10521BBDFA984CFFDF6CE061D5EB8D6FFB4,HeaderTextAsset,C:\Users\omard\source\repos\RecepcionDocumental\RecepcionDocumental\tools\DocumentAiProbe\experiments\H1D10A\text\354C3F7045F79A2B3CDB2ADFC8EEA10521BBDFA984CFFDF6CE061D5EB8D6FFB4.header.txt,0AC6621A9466A0FB8BB4247F290C467AD33CFE27AF28597F9AB5AFDB8584E904
3571618E89D8244D63E9E65FA5791D0A9573533F30212F6DACF24AF3CC754B5E,HeaderTextAsset,C:\Users\omard\source\repos\RecepcionDocumental\RecepcionDocumental\tools\DocumentAiProbe\experiments\H1D10A\text\3571618E89D8244D63E9E65FA5791D0A9573533F30212F6DACF24AF3CC754B5E.header.txt,4195A749FF6961716F748FCD3535E687D8A04338634A0AD53284E03A853CED95
35791498E9F8BC8414C7D451BEA7468B07D5413301CD1A31AE2C5382DE9A18FE,HeaderTextAsset,C:\Users\omard\source\repos\RecepcionDocumental\RecepcionDocumental\tools\DocumentAiProbe\experiments\H1D10A\text\35791498E9F8BC8414C7D451BEA7468B07D5413301CD1A31AE2C5382DE9A18FE.header.txt,9C3D0B5B554BE53F2103008BDD2FC5CB3B52E73B38F2C10E37B673DA6BC02F6E
35F2897AC3C00021506195C4264DAB3B4C81A4A8133253F774EE00E5F34ADDD3,HeaderTextAsset,C:\Users\omard\source\repos\RecepcionDocumental\RecepcionDocumental\tools\DocumentAiProbe\experiments\H1D10A\text\35F2897AC3C00021506195C4264DAB3B4C81A4A8133253F774EE00E5F34ADDD3.header.txt,5F008286CC4FF6E62E0FE286034F50C5AD4DAA9314D4C433D579D179BE863128
35FDB3CDA152A689D8A6EA7A3403B64E7433117F44A067238964E7099ADCF734,HeaderTextAsset,C:\Users\omard\source\repos\RecepcionDocumental\RecepcionDocumental\tools\DocumentAiProbe\experiments\H1D10A\text\35FDB3CDA152A689D8A6EA7A3403B64E7433117F44A067238964E7099ADCF734.header.txt,5DC776CD124703B79A64DADA9FD255DD46AEDCD3567D148B76FA6DAB70E2B467
36429CA5B94D3DBDBD0C7003516E55976683623709FAB71AD14FDC8C09F0D0F4,HeaderTextAsset,C:\Users\omard\source\repos\RecepcionDocumental\RecepcionDocumental\tools\DocumentAiProbe\experiments\H1D10A\text\36429CA5B94D3DBDBD0C7003516E55976683623709FAB71AD14FDC8C09F0D0F4.header.txt,6507BEDC410736E5DEDBAD8DAE3D47951231FCE499C96B0477AB2B37E3FC0A9F
38017A0408F844F062D501E3C21D06497DA65971B8F2693A17A110684DF5685C,HeaderTextAsset,C:\Users\omard\source\repos\RecepcionDocumental\RecepcionDocumental\tools\DocumentAiProbe\experiments\H1D10A\text\38017A0408F844F062D501E3C21D06497DA65971B8F2693A17A110684DF5685C.header.txt,A156E61FD49BDD93CE129774CC08F7E8D9D64F41C694621214591A7F5B9C24F1
392469EBD7523DB65CBFA2FE469EAEB0FECFB49131ADCC83159E169A4DCC3F50,HeaderTextAsset,C:\Users\omard\source\repos\RecepcionDocumental\RecepcionDocumental\tools\DocumentAiProbe\experiments\H1D10A\text\392469EBD7523DB65CBFA2FE469EAEB0FECFB49131ADCC83159E169A4DCC3F50.header.txt,329CEAC60C87357C81FD6B3DC2EC903C6502088CE24E22F4EB6CE6DF8F08E39B
395B8379677065319DAB4B5CEBFAE22376D9CB768938B0C481E59332B205C16F,HeaderTextAsset,C:\Users\omard\source\repos\RecepcionDocumental\RecepcionDocumental\tools\DocumentAiProbe\experiments\H1D10A\text\395B8379677065319DAB4B5CEBFAE22376D9CB768938B0C481E59332B205C16F.header.txt,1487D672F2597B109964DC47CEA4D15C8AD0CE18B68378C0793CC8575363EFB8
39923AD2ED799B35E3F8AA1399A3B752C18AD1665B48AE30286BF2435BE28587,HeaderTextAsset,C:\Users\omard\source\repos\RecepcionDocumental\RecepcionDocumental\tools\DocumentAiProbe\experiments\H1D10A\text\39923AD2ED799B35E3F8AA1399A3B752C18AD1665B48AE30286BF2435BE28587.header.txt,2CD7A0E096AFD2735833470FAB76737B41A92BAF0AF2B73A93043F0F383065AE
39ACAC8085438EB269E25425B0C11230A2ECAF466A4A2D16FF1143DCB1CB8207,HeaderTextAsset,C:\Users\omard\source\repos\RecepcionDocumental\RecepcionDocumental\tools\DocumentAiProbe\experiments\H1D10A\text\39ACAC8085438EB269E25425B0C11230A2ECAF466A4A2D16FF1143DCB1CB8207.header.txt,1C833E4D733EDA1DBEF5A9B782B0BC8D573B08ED2668516575BF06B0352D150B
39D4DA7B831EF26756B162DD2D4AAFE5DD37D2EB11F9AFFB51F6E558BFB70FB0,HeaderTextAsset,C:\Users\omard\source\repos\RecepcionDocumental\RecepcionDocumental\tools\DocumentAiProbe\experiments\H1D10A\text\39D4DA7B831EF26756B162DD2D4AAFE5DD37D2EB11F9AFFB51F6E558BFB70FB0.header.txt,42E72099E839F1A06328E29E106A7C9E844C9F0BF82596AB53CBE3636795CC99
3A5D7B9BDFF059269E267778DD09F8B1D4B32743E551758513DE4D39E3B73265,HeaderTextAsset,C:\Users\omard\source\repos\RecepcionDocumental\RecepcionDocumental\tools\DocumentAiProbe\experiments\H1D10A\text\3A5D7B9BDFF059269E267778DD09F8B1D4B32743E551758513DE4D39E3B73265.header.txt,16583BE21CDB157728DEE5F18B7F50E0E9DF6E3AD89286F1A30D8AFC44DE56F6
3AAB092615DA76FF52FB2EE20B938CA0F8837110C60E9F3900DE41BBD989DD39,HeaderTextAsset,C:\Users\omard\source\repos\RecepcionDocumental\RecepcionDocumental\tools\DocumentAiProbe\experiments\H1D10A\text\3AAB092615DA76FF52FB2EE20B938CA0F8837110C60E9F3900DE41BBD989DD39.header.txt,BC93FBE14D02D5B652DBB546DDDF431CE88D0DD57A632658831BFD90F8BAB670
3AC5366E65A4E1113E796139D09F4CFA0E3102DD6D170F523943C1836B200E77,HeaderTextAsset,C:\Users\omard\source\repos\RecepcionDocumental\RecepcionDocumental\tools\DocumentAiProbe\experiments\H1D10A\text\3AC5366E65A4E1113E796139D09F4CFA0E3102DD6D170F523943C1836B200E77.header.txt,D1DBCC3CF902F2E1E9511B81464AF3DF194E523316EDF56FF362D222A62C1DAE
3AE8EB7E4E38B0F90B57C05F0AC49109AFC0A9471F9277A696892D4BD491E2EF,HeaderTextAsset,C:\Users\omard\source\repos\RecepcionDocumental\RecepcionDocumental\tools\DocumentAiProbe\experiments\H1D10A\text\3AE8EB7E4E38B0F90B57C05F0AC49109AFC0A9471F9277A696892D4BD491E2EF.header.txt,585BDC4577211B24BA37CFAF36ED5A2AB5793D466ED119A0A0E55D3C9B4C709B
3AF3921E63B0A2C3534F37D086A256E0DB234544239E4CC0DBC187D6032CB85A,HeaderTextAsset,C:\Users\omard\source\repos\RecepcionDocumental\RecepcionDocumental\tools\DocumentAiProbe\experiments\H1D10A\text\3AF3921E63B0A2C3534F37D086A256E0DB234544239E4CC0DBC187D6032CB85A.header.txt,027CC413AA98CC529480789BFE1BF754E22E37475BA17536A19C4FD3EDECBD41
3B394E621E927A5D336A282E41A7695E344AC81CD76DC7C6B82C5636FEFA5282,HeaderTextAsset,C:\Users\omard\source\repos\RecepcionDocumental\RecepcionDocumental\tools\DocumentAiProbe\experiments\H1D10A\text\3B394E621E927A5D336A282E41A7695E344AC81CD76DC7C6B82C5636FEFA5282.header.txt,C5AF312D2D22DA938F880372FF0283AFCD85631F70018194DE7D7FE257D327FE
3B58AAEBE704B77164E221693C2D296A4476F9D75BE9585F0A2643A003D476A6,HeaderTextAsset,C:\Users\omard\source\repos\RecepcionDocumental\RecepcionDocumental\tools\DocumentAiProbe\experiments\H1D10A\text\3B58AAEBE704B77164E221693C2D296A4476F9D75BE9585F0A2643A003D476A6.header.txt,49A176ADF2A9F8E6FC09B09DAA39F12825200F565C0D8C20087A662116B8EFAA
3C94257F7903975E81A85B51D28E34E5F606FD9A65B196B49A7E627B796A8ED2,HeaderTextAsset,C:\Users\omard\source\repos\RecepcionDocumental\RecepcionDocumental\tools\DocumentAiProbe\experiments\H1D10A\text\3C94257F7903975E81A85B51D28E34E5F606FD9A65B196B49A7E627B796A8ED2.header.txt,8571710A5445276A03C22FAE5FB1A2E12BB273A8E5CBDCD4788BDE6506845413
3CE2C0673FDD58DAC9A355EC5956718B440A5C9DA8B42AD5991DA2C234D43803,HeaderTextAsset,C:\Users\omard\source\repos\RecepcionDocumental\RecepcionDocumental\tools\DocumentAiProbe\experiments\H1D10A\text\3CE2C0673FDD58DAC9A355EC5956718B440A5C9DA8B42AD5991DA2C234D43803.header.txt,5FF591F5081E1F6C61C57E99DF6DDD13D77AD6821BA5FB2BC2CE0D6D5161AEAA
3E26FF29921BE0E949C64C6A91E7FE7891CC8DFC1578115057A26CA96F7EBD0D,HeaderTextAsset,C:\Users\omard\source\repos\RecepcionDocumental\RecepcionDocumental\tools\DocumentAiProbe\experiments\H1D10A\text\3E26FF29921BE0E949C64C6A91E7FE7891CC8DFC1578115057A26CA96F7EBD0D.header.txt,4EC825E2F27C53CD9192C43E7807A68EC953ACB248BBD94EA57A47C837036AEB
3F01BDD57CB2A4718AD7BFAFF3341CC63E7F054E2CCBE470B7B43AC6F3FE1A12,HeaderTextAsset,C:\Users\omard\source\repos\RecepcionDocumental\RecepcionDocumental\tools\DocumentAiProbe\experiments\H1D10A\text\3F01BDD57CB2A4718AD7BFAFF3341CC63E7F054E2CCBE470B7B43AC6F3FE1A12.header.txt,79108A22B60543D5D243BA8CD7ECD7F0FF4964C596735648BF8524719CC48A87
3F5F5DBC90453C5A84803CDEAB6B560255B52986DB837EF17718BF92FC61B994,HeaderTextAsset,C:\Users\omard\source\repos\RecepcionDocumental\RecepcionDocumental\tools\DocumentAiProbe\experiments\H1D10A\text\3F5F5DBC90453C5A84803CDEAB6B560255B52986DB837EF17718BF92FC61B994.header.txt,0422FEDB92874E04DBB22F88F75624E0753D5B85699772CF1E0C796ED710715E
3FD55DD2C1024C71DDF80F06B48AF4EB5A2F8FE059469E32B9EEC13C2C96E7B1,HeaderTextAsset,C:\Users\omard\source\repos\RecepcionDocumental\RecepcionDocumental\tools\DocumentAiProbe\experiments\H1D10A\text\3FD55DD2C1024C71DDF80F06B48AF4EB5A2F8FE059469E32B9EEC13C2C96E7B1.header.txt,FB03DACDDAD73C75BF4F8FF53F90C87A45EE4ACE3191D3739A5B591FEEA18556
40F8B0E88097C8C50C413B854686104427E1642BBC1D4063A25647E0B86ABC97,HeaderTextAsset,C:\Users\omard\source\repos\RecepcionDocumental\RecepcionDocumental\tools\DocumentAiProbe\experiments\H1D10A\text\40F8B0E88097C8C50C413B854686104427E1642BBC1D4063A25647E0B86ABC97.header.txt,25F20063F4886E0A5C2FA8DC8DCBBDA12DC0FE924594BF09DA786B9770C49122
41243EBAAC992E0FFDE0B76B2E7CEBF9A2E1C96BFC84AEF0F888498524C237D8,HeaderTextAsset,C:\Users\omard\source\repos\RecepcionDocumental\RecepcionDocumental\tools\DocumentAiProbe\experiments\H1D10A\text\41243EBAAC992E0FFDE0B76B2E7CEBF9A2E1C96BFC84AEF0F888498524C237D8.header.txt,24C341FA73F0302AF4A5D595A9FD0DF8805763896D8C90364DAB3CB41D67B473
41909824D1AB0FBE74B93662CE79C82F6A0E2B9DC9ED0C3E9854890DF861A3BA,HeaderTextAsset,C:\Users\omard\source\repos\RecepcionDocumental\RecepcionDocumental\tools\DocumentAiProbe\experiments\H1D10A\text\41909824D1AB0FBE74B93662CE79C82F6A0E2B9DC9ED0C3E9854890DF861A3BA.header.txt,C5399B98A7636D0BC5B8802F6364FC753C53E5C1C94AA31F08767A664374DB90
41AEB96DBA1C14EFF3D08816B26277FCEC0EB92C66D95059DD65470E88A0A4D1,HeaderTextAsset,C:\Users\omard\source\repos\RecepcionDocumental\RecepcionDocumental\tools\DocumentAiProbe\experiments\H1D10A\text\41AEB96DBA1C14EFF3D08816B26277FCEC0EB92C66D95059DD65470E88A0A4D1.header.txt,6E1840109BD0D6F50A43700822F29119606B28800C740C488FA3CD5B34D61EBD
41EE1283CB1D4D029BC3E99EB43EF53E2CB045CF0457F2AEEBE981C7662BC3DB,HeaderTextAsset,C:\Users\omard\source\repos\RecepcionDocumental\RecepcionDocumental\tools\DocumentAiProbe\experiments\H1D10A\text\41EE1283CB1D4D029BC3E99EB43EF53E2CB045CF0457F2AEEBE981C7662BC3DB.header.txt,45359E0DD1100C51A2C12F8BF2233C38CDDA64B934E87DAD75F019105539CB1A
4331677C50533FF143E83D223EC0FD2B1053D3A9F3AA530DD1050B24A0C86D82,HeaderTextAsset,C:\Users\omard\source\repos\RecepcionDocumental\RecepcionDocumental\tools\DocumentAiProbe\experiments\H1D10A\text\4331677C50533FF143E83D223EC0FD2B1053D3A9F3AA530DD1050B24A0C86D82.header.txt,81F7ADAC68D63967124D87B739A1AA6C55CE652D943C8295AFE04D0C9697E99F
43B0D7CEC8095B14EFAF767BAE3B13B1B021D4DFCA5B67941729F1646C56B231,HeaderTextAsset,C:\Users\omard\source\repos\RecepcionDocumental\RecepcionDocumental\tools\DocumentAiProbe\experiments\H1D10A\text\43B0D7CEC8095B14EFAF767BAE3B13B1B021D4DFCA5B67941729F1646C56B231.header.txt,3D2268C0E30A48AD8184B1DB1D0FBD8240E3DDB0ADC6C9D6CB4DA69FAB7A4685
44420C26D2C5A84C4691FE97D9DA110124E0E7BECA630F9B61F70AB46855DD8C,HeaderTextAsset,C:\Users\omard\source\repos\RecepcionDocumental\RecepcionDocumental\tools\DocumentAiProbe\experiments\H1D10A\text\44420C26D2C5A84C4691FE97D9DA110124E0E7BECA630F9B61F70AB46855DD8C.header.txt,A6DC69E4B60E181D50796EB33CBEDA031959F240A5BCF7BD924E5A53C2DF3AC0
44D9E78779065F9F9E875CFBAC32B9059FC9EE29860F35DC5F0CCA8E73D4436C,HeaderTextAsset,C:\Users\omard\source\repos\RecepcionDocumental\RecepcionDocumental\tools\DocumentAiProbe\experiments\H1D10A\text\44D9E78779065F9F9E875CFBAC32B9059FC9EE29860F35DC5F0CCA8E73D4436C.header.txt,5949EDB773E29804449BBE75F3A331901BC71C051B57300DFFA2F0B9B793DFB6
458790FF2AD5DB4FEB83228733FDC09CF5F18C6E641625E9563E807DAA6F1DF0,HeaderTextAsset,C:\Users\omard\source\repos\RecepcionDocumental\RecepcionDocumental\tools\DocumentAiProbe\experiments\H1D10A\text\458790FF2AD5DB4FEB83228733FDC09CF5F18C6E641625E9563E807DAA6F1DF0.header.txt,15BB79E68EA09FF7D8037BA53AEC5686D71C1F6ADBD4B8355816320EF5535602
458E7FC3ABCF1C43FC4069A9F45E36DB1ED09317C6648F4C58F29BEB4B6DAFEC,HeaderTextAsset,C:\Users\omard\source\repos\RecepcionDocumental\RecepcionDocumental\tools\DocumentAiProbe\experiments\H1D10A\text\458E7FC3ABCF1C43FC4069A9F45E36DB1ED09317C6648F4C58F29BEB4B6DAFEC.header.txt,A4D6CA804300F3E0A9703ACD516A37EB4E20B1112196D74ECDC969768DE98F17
45D4988123345CD8C4685E0739B35536C62D140299339630F78B4C0AF6E75ABF,HeaderTextAsset,C:\Users\omard\source\repos\RecepcionDocumental\RecepcionDocumental\tools\DocumentAiProbe\experiments\H1D10A\text\45D4988123345CD8C4685E0739B35536C62D140299339630F78B4C0AF6E75ABF.header.txt,4ABB0C7A544CEC828D0A97D8A99C896F43A7166DC1F32366DBEBC33799FB9ADF
45F5B247A5364DD64478D657C6C312B930AFC35DA0F4A3692FCA89ABFF12D923,HeaderTextAsset,C:\Users\omard\source\repos\RecepcionDocumental\RecepcionDocumental\tools\DocumentAiProbe\experiments\H1D10A\text\45F5B247A5364DD64478D657C6C312B930AFC35DA0F4A3692FCA89ABFF12D923.header.txt,1A217E07FC5D3D054D434BA1F823EB6B91DE78489FE063B6FB0936699573CBF6
46412C582EC68E60285EC0E79A140A0A20C9BCB1CEDB73F930B2F903E19A12CA,HeaderTextAsset,C:\Users\omard\source\repos\RecepcionDocumental\RecepcionDocumental\tools\DocumentAiProbe\experiments\H1D10A\text\46412C582EC68E60285EC0E79A140A0A20C9BCB1CEDB73F930B2F903E19A12CA.header.txt,64EB6B2587FA529345C53A14495FD5EA1D83B1D8FCB74AF55D5271D6627F04A8
46513DC8EF40B3D70818DC5BDF3F2718F2639EF4146157CD7372B6C941840A70,HeaderTextAsset,C:\Users\omard\source\repos\RecepcionDocumental\RecepcionDocumental\tools\DocumentAiProbe\experiments\H1D10A\text\46513DC8EF40B3D70818DC5BDF3F2718F2639EF4146157CD7372B6C941840A70.header.txt,E36F3B5F9FCFD632BE4940E46D169C05FF5BD9329D7621B836873868BCCC47B8
476E2F9A7FC24B74F925F618ECB49C5F316806D9974C022BA3477795DA031501,HeaderTextAsset,C:\Users\omard\source\repos\RecepcionDocumental\RecepcionDocumental\tools\DocumentAiProbe\experiments\H1D10A\text\476E2F9A7FC24B74F925F618ECB49C5F316806D9974C022BA3477795DA031501.header.txt,8EACC18F725B09B7A1E9F56FD4579561C3E28EF48FCFEBA541678C0489B0CBC3
47F349058901A6672857945C6D64DA7C5FA306A695E591409BD3F4BB6D2AB493,HeaderTextAsset,C:\Users\omard\source\repos\RecepcionDocumental\RecepcionDocumental\tools\DocumentAiProbe\experiments\H1D10A\text\47F349058901A6672857945C6D64DA7C5FA306A695E591409BD3F4BB6D2AB493.header.txt,2B3C70FB27E220D2A2ACA074F06AF0E8B3765E64DF94D1D962E039AD0236A6D7
487D5E4E9B60C4A86E287EB9340E089D0B6158ED340D8E2EF0F26A96A7F18882,HeaderTextAsset,C:\Users\omard\source\repos\RecepcionDocumental\RecepcionDocumental\tools\DocumentAiProbe\experiments\H1D10A\text\487D5E4E9B60C4A86E287EB9340E089D0B6158ED340D8E2EF0F26A96A7F18882.header.txt,7922931BB2D99C9DFAED6F763A432750A2CD1B3468B72E9E8E184F6E86F9148A
4A009288CD8FFB6B74430BE0FB24722819A4F318C960B4988FFB158C7CE74EA8,HeaderTextAsset,C:\Users\omard\source\repos\RecepcionDocumental\RecepcionDocumental\tools\DocumentAiProbe\experiments\H1D10A\text\4A009288CD8FFB6B74430BE0FB24722819A4F318C960B4988FFB158C7CE74EA8.header.txt,A72C1C808230A32F8D55F19BC0024C5859780E5416C07807172BFD7647329C7D
4A0590BC6237913F4CED64245105B51A7CF2ABAB94E6753692FD646F3DB276D2,HeaderTextAsset,C:\Users\omard\source\repos\RecepcionDocumental\RecepcionDocumental\tools\DocumentAiProbe\experiments\H1D10A\text\4A0590BC6237913F4CED64245105B51A7CF2ABAB94E6753692FD646F3DB276D2.header.txt,EE4FE3A401A79A566A665FA74CE326F5ACEBC4E4024AF50686F7181DCB30A17E
4AB649EE8A29906DBF515F649DCDE8FDAED28B10F00DE0B9D36F0E944513ED2D,HeaderTextAsset,C:\Users\omard\source\repos\RecepcionDocumental\RecepcionDocumental\tools\DocumentAiProbe\experiments\H1D10A\text\4AB649EE8A29906DBF515F649DCDE8FDAED28B10F00DE0B9D36F0E944513ED2D.header.txt,1DC1E7DFE4C5FA2E786BFC82D5B8009ED965B56C44934A63F6107C4A0422A8C0
4C321C21F6889F727A0043604487D513727F48B309DAC56F0B8A2256234B049B,HeaderTextAsset,C:\Users\omard\source\repos\RecepcionDocumental\RecepcionDocumental\tools\DocumentAiProbe\experiments\H1D10A\text\4C321C21F6889F727A0043604487D513727F48B309DAC56F0B8A2256234B049B.header.txt,664CA613586E21164D4D916AE689B115410D2227F31F29E2E2847EF2F9E4AA98
4C411CF48623280119E0ED769E084B7CEBD8DCAB71779167D6010F853B29C0A7,HeaderTextAsset,C:\Users\omard\source\repos\RecepcionDocumental\RecepcionDocumental\tools\DocumentAiProbe\experiments\H1D10A\text\4C411CF48623280119E0ED769E084B7CEBD8DCAB71779167D6010F853B29C0A7.header.txt,04CA32A88D76DD83BC909C5C9E4DA0F789EE45093DDBD981DD7B0FDF30296C34
4CBE0DFB852CA508AE1D36F4C7770C1EBBB95E3769DA3A769885C04C4300AEC6,HeaderTextAsset,C:\Users\omard\source\repos\RecepcionDocumental\RecepcionDocumental\tools\DocumentAiProbe\experiments\H1D10A\text\4CBE0DFB852CA508AE1D36F4C7770C1EBBB95E3769DA3A769885C04C4300AEC6.header.txt,D0B0165C8A38928A67E485D270489C03F24169328440D3D4DCB224F9486A4FD3
4CC06F93E1B11422A960D8194230A57A953A907CB783557A88C25866C698A51E,HeaderTextAsset,C:\Users\omard\source\repos\RecepcionDocumental\RecepcionDocumental\tools\DocumentAiProbe\experiments\H1D10A\text\4CC06F93E1B11422A960D8194230A57A953A907CB783557A88C25866C698A51E.header.txt,3FE095173B8B352992B2A0CBF0D1E25159E4AAB836D3DB16437C85E935ED9638
4CFD7B823A43598446A87CE6919967010EA3D50D1E3E2E5C3BDE7A49D963BC79,HeaderTextAsset,C:\Users\omard\source\repos\RecepcionDocumental\RecepcionDocumental\tools\DocumentAiProbe\experiments\H1D10A\text\4CFD7B823A43598446A87CE6919967010EA3D50D1E3E2E5C3BDE7A49D963BC79.header.txt,28E1139A18904D8ACBBBC05EB3038A63D62FFD80A90BEA2F84DEEE49F1535124
4DE7E2A50CB83BC5CE43B657D5D7F3FF84FD8951D76309BBA21FC3D90B1B93E7,HeaderTextAsset,C:\Users\omard\source\repos\RecepcionDocumental\RecepcionDocumental\tools\DocumentAiProbe\experiments\H1D10A\text\4DE7E2A50CB83BC5CE43B657D5D7F3FF84FD8951D76309BBA21FC3D90B1B93E7.header.txt,F2100219B8060C379C899F8995B56DD60D8D0763F2C86BCDA882ABDDBC9879BA
4E0D8880FA2317B1B33E840BFA6C3266FEA612990B3E8899F353E9E83C8D5A22,HeaderTextAsset,C:\Users\omard\source\repos\RecepcionDocumental\RecepcionDocumental\tools\DocumentAiProbe\experiments\H1D10A\text\4E0D8880FA2317B1B33E840BFA6C3266FEA612990B3E8899F353E9E83C8D5A22.header.txt,EBF34187FF5FF9F93469EF2633AC96F3D2EBB12005F98F57A58DEFB8683AB9E6
4E2C816FFF574B805516CE36CB360CBF81812915C3BC2B598B3032866342A4D0,HeaderTextAsset,C:\Users\omard\source\repos\RecepcionDocumental\RecepcionDocumental\tools\DocumentAiProbe\experiments\H1D10A\text\4E2C816FFF574B805516CE36CB360CBF81812915C3BC2B598B3032866342A4D0.header.txt,3B7E5E0CC9CB24F38E6AA80DCB2F769606C1A40CE7EF7C55D4F7CC18AB9FBF08
4E9F15B4C33721C89298B000715112F6B568AC53394F7D5855B7B34947214EBF,HeaderTextAsset,C:\Users\omard\source\repos\RecepcionDocumental\RecepcionDocumental\tools\DocumentAiProbe\experiments\H1D10A\text\4E9F15B4C33721C89298B000715112F6B568AC53394F7D5855B7B34947214EBF.header.txt,C3D486247C24C421BBB66DF69AA042B29115E4DCD023824C9120AD84692A86D6
4F39462F761C9986054107B13330318BA14C99276BBFE1C27A5CC4443B4992C8,HeaderTextAsset,C:\Users\omard\source\repos\RecepcionDocumental\RecepcionDocumental\tools\DocumentAiProbe\experiments\H1D10A\text\4F39462F761C9986054107B13330318BA14C99276BBFE1C27A5CC4443B4992C8.header.txt,0442F98A5EE6031DB07D1F748E2FA12043E0E2ED4A76E905BCDDD8EB728AB713
4F5674A155962270E0A47202B86D24C3113450BA84B5B05D77217E9D564EDB26,HeaderTextAsset,C:\Users\omard\source\repos\RecepcionDocumental\RecepcionDocumental\tools\DocumentAiProbe\experiments\H1D10A\text\4F5674A155962270E0A47202B86D24C3113450BA84B5B05D77217E9D564EDB26.header.txt,7CCBD0CB3968C914C45601A363D8E9C36D03EE7B18647B5862F84BFCE0191472
4F62E8444D509E2CFE12025568E326EE4E114C92C0D564C1B034873B5CF1EEAE,HeaderTextAsset,C:\Users\omard\source\repos\RecepcionDocumental\RecepcionDocumental\tools\DocumentAiProbe\experiments\H1D10A\text\4F62E8444D509E2CFE12025568E326EE4E114C92C0D564C1B034873B5CF1EEAE.header.txt,6C221578EAFBFE5CF3AF0C24B76D7822E31F81F4FEA218174026C4D194EC7B02
4FBD39D3860CECB7F02C6437F7C8FDD7A4994CAE4B3821F210D7F5D5635F07C0,HeaderTextAsset,C:\Users\omard\source\repos\RecepcionDocumental\RecepcionDocumental\tools\DocumentAiProbe\experiments\H1D10A\text\4FBD39D3860CECB7F02C6437F7C8FDD7A4994CAE4B3821F210D7F5D5635F07C0.header.txt,8B3F9D4D51B570D17EEA5A207F41BEA1FD715DBDFF92EF3F319CE94BA9C76A35
4FE91650CFDCB809A2708879FA18B112475B76ADB1D197A93FA447D1B3787739,HeaderTextAsset,C:\Users\omard\source\repos\RecepcionDocumental\RecepcionDocumental\tools\DocumentAiProbe\experiments\H1D10A\text\4FE91650CFDCB809A2708879FA18B112475B76ADB1D197A93FA447D1B3787739.header.txt,8123270919BBD41104DBD24CDF881CBDBB8E7559D09131E919DA228F3F9F55E7
50566E41BEA66843426E938E48CA28589AAC5B91B9CD44A9CB684AED8E8609DA,HeaderTextAsset,C:\Users\omard\source\repos\RecepcionDocumental\RecepcionDocumental\tools\DocumentAiProbe\experiments\H1D10A\text\50566E41BEA66843426E938E48CA28589AAC5B91B9CD44A9CB684AED8E8609DA.header.txt,3CC1FCBCAD220B7900ACFDC0952C11A4C1AF4652128BF260E60B443A2ABFD30C
5122AC18B80B16BF1AA4E66053CA9397F1B2C4BB1D2C36058926E367B46698D9,HeaderTextAsset,C:\Users\omard\source\repos\RecepcionDocumental\RecepcionDocumental\tools\DocumentAiProbe\experiments\H1D10A\text\5122AC18B80B16BF1AA4E66053CA9397F1B2C4BB1D2C36058926E367B46698D9.header.txt,2C1D3C41D318FF33D2C520689D3A0B3925ACA23BE8B1AECF2748A75E87511106
5176E5C03A0FE88311E155B40D3A64F18D832AD1C34B7BFA168B0BA443EAA0EF,HeaderTextAsset,C:\Users\omard\source\repos\RecepcionDocumental\RecepcionDocumental\tools\DocumentAiProbe\experiments\H1D10A\text\5176E5C03A0FE88311E155B40D3A64F18D832AD1C34B7BFA168B0BA443EAA0EF.header.txt,619404896CB48056CDE065B728BB69D0E0BBBE3341381C13CFF57ACC8236D6C5
518E2B853B3744B09B40C32A3A6AE7798F137319687D60A64B2D7BEF04F51141,HeaderTextAsset,C:\Users\omard\source\repos\RecepcionDocumental\RecepcionDocumental\tools\DocumentAiProbe\experiments\H1D10A\text\518E2B853B3744B09B40C32A3A6AE7798F137319687D60A64B2D7BEF04F51141.header.txt,D20923E6499870BE03415697466CCA6DCF167A2DD6B69904FA1C5B9AE3B3DDE5
51EEB25AD23B828C7DCB0340F3EDDE2D3B4A5FD563053604CB14917A1A26E572,HeaderTextAsset,C:\Users\omard\source\repos\RecepcionDocumental\RecepcionDocumental\tools\DocumentAiProbe\experiments\H1D10A\text\51EEB25AD23B828C7DCB0340F3EDDE2D3B4A5FD563053604CB14917A1A26E572.header.txt,F8DECDF776F550C4A1388E73A42EA22EFEEFD8C1568492F225A804D30554A32C
5203F69CB8A4BC26FE82B7B40A71C2EA99B2B09468C75F7F052A4C71100FE233,HeaderTextAsset,C:\Users\omard\source\repos\RecepcionDocumental\RecepcionDocumental\tools\DocumentAiProbe\experiments\H1D10A\text\5203F69CB8A4BC26FE82B7B40A71C2EA99B2B09468C75F7F052A4C71100FE233.header.txt,115814A45E249C73576923A7E5E7906E487ED34E1E6639A3F7BBF6C23C7F0D59
5228AFAF75E3D032EEB4BA4FEF716C026473A7151880A8A0186BC53EF71EE423,HeaderTextAsset,C:\Users\omard\source\repos\RecepcionDocumental\RecepcionDocumental\tools\DocumentAiProbe\experiments\H1D10A\text\5228AFAF75E3D032EEB4BA4FEF716C026473A7151880A8A0186BC53EF71EE423.header.txt,8F7176DDA5DDD459E879541EBAFF8C2E712DB4FED097066CE148C1ABCDEF6D9C
52CCD771F1911ECFFC3F1605E0522AB1E869C5B268A9D3CCCF8F3DF6B9CDD5E3,HeaderTextAsset,C:\Users\omard\source\repos\RecepcionDocumental\RecepcionDocumental\tools\DocumentAiProbe\experiments\H1D10A\text\52CCD771F1911ECFFC3F1605E0522AB1E869C5B268A9D3CCCF8F3DF6B9CDD5E3.header.txt,C3F50EBE4B20A125D08FB451F3192B2E4521360FF55F2E9E8D687C166FFD4AE2
52E48E94AE02735B5811D4F43291DFC21DA9074983A85E5BB255BD0A4C6FA77C,HeaderTextAsset,C:\Users\omard\source\repos\RecepcionDocumental\RecepcionDocumental\tools\DocumentAiProbe\experiments\H1D10A\text\52E48E94AE02735B5811D4F43291DFC21DA9074983A85E5BB255BD0A4C6FA77C.header.txt,BD5788703C34A06C754ED47D705233026FC568AF993302B1E7F487744FE70D10
52FE664876FA2826D1C28609B50E875F103D17E5B811AF9120F7711D1415984D,HeaderTextAsset,C:\Users\omard\source\repos\RecepcionDocumental\RecepcionDocumental\tools\DocumentAiProbe\experiments\H1D10A\text\52FE664876FA2826D1C28609B50E875F103D17E5B811AF9120F7711D1415984D.header.txt,D8E3DFCB4E3D2E408F9EE593B7A2840564CF26A815E753E344E1482FEED9A119
53B927FC9DF965E28134461A652CAC7278A89215D38D19A93BE5535A44D0D4FC,HeaderTextAsset,C:\Users\omard\source\repos\RecepcionDocumental\RecepcionDocumental\tools\DocumentAiProbe\experiments\H1D10A\text\53B927FC9DF965E28134461A652CAC7278A89215D38D19A93BE5535A44D0D4FC.header.txt,102936A97CA664130866BA5425969F971DD0A8F897E18380A4B2BB96B606B3DB
546E19F42721BEECB1D6B201D53B5FDE2695F2579CB5C095E8DD352C0B8F1917,HeaderTextAsset,C:\Users\omard\source\repos\RecepcionDocumental\RecepcionDocumental\tools\DocumentAiProbe\experiments\H1D10A\text\546E19F42721BEECB1D6B201D53B5FDE2695F2579CB5C095E8DD352C0B8F1917.header.txt,E1F9F9572E0C41E9212B8B711E236BCAF148E8EDFE751F78EF666985216F9290
54FD2072009FAA11BC31C0ECD1055AA552E1765FB3AB10620818DF0B63E48C99,HeaderTextAsset,C:\Users\omard\source\repos\RecepcionDocumental\RecepcionDocumental\tools\DocumentAiProbe\experiments\H1D10A\text\54FD2072009FAA11BC31C0ECD1055AA552E1765FB3AB10620818DF0B63E48C99.header.txt,727269BEF54637DACDF7E9E5FF342E1207D7A62FE430237BA1A24A27CDE28C76
5519076051D460ACDE095061FBDAEA6082C4FAABC0D0520FABC285A4E2DF989F,HeaderTextAsset,C:\Users\omard\source\repos\RecepcionDocumental\RecepcionDocumental\tools\DocumentAiProbe\experiments\H1D10A\text\5519076051D460ACDE095061FBDAEA6082C4FAABC0D0520FABC285A4E2DF989F.header.txt,0515FFD20A93631A39A0BF21685751AF56C4AD1B3B249B538CB0DDAC487D4B6A
5534D51615B3263B0C144B1D3CB67CC95E576143FB6C6A10C18F38DBB101B56F,HeaderTextAsset,C:\Users\omard\source\repos\RecepcionDocumental\RecepcionDocumental\tools\DocumentAiProbe\experiments\H1D10A\text\5534D51615B3263B0C144B1D3CB67CC95E576143FB6C6A10C18F38DBB101B56F.header.txt,833A8B97CCFF4688D6DE0FFC450A3960760A5A74A301A6CCD4DC8D300CDDA1E6
55B3C0547934183CDE6EBAF5DC2BF228B8C8C5CA368A1A8864DC3583A93A9C0A,HeaderTextAsset,C:\Users\omard\source\repos\RecepcionDocumental\RecepcionDocumental\tools\DocumentAiProbe\experiments\H1D10A\text\55B3C0547934183CDE6EBAF5DC2BF228B8C8C5CA368A1A8864DC3583A93A9C0A.header.txt,22E11C83DF3ADBF65AA3A6429F1595A325E691B1E9D7DDCBC957D79B827DCA04
5624667E68E813192C39A1E13218E3F6FA9AFF9C3F252FA066D096A83B4D6C6B,HeaderTextAsset,C:\Users\omard\source\repos\RecepcionDocumental\RecepcionDocumental\tools\DocumentAiProbe\experiments\H1D10A\text\5624667E68E813192C39A1E13218E3F6FA9AFF9C3F252FA066D096A83B4D6C6B.header.txt,34565DA80886049A5B9AAB7C6D1688127674A81F53DB1EAD52BBD6490B8D54D4
565020CD171BC587CD09292855DB5A36E5FB93F156787989397E52E115592D4B,HeaderTextAsset,C:\Users\omard\source\repos\RecepcionDocumental\RecepcionDocumental\tools\DocumentAiProbe\experiments\H1D10A\text\565020CD171BC587CD09292855DB5A36E5FB93F156787989397E52E115592D4B.header.txt,AEDEA405B16833C7BAEC7B56541415A8C9D12649EC775B151F4D6447A86CAD02
567841FFA35B66B4C4196EC5DC0D9A9973BBCA4E79EC13E6D1E5F76BCC94E78A,HeaderTextAsset,C:\Users\omard\source\repos\RecepcionDocumental\RecepcionDocumental\tools\DocumentAiProbe\experiments\H1D10A\text\567841FFA35B66B4C4196EC5DC0D9A9973BBCA4E79EC13E6D1E5F76BCC94E78A.header.txt,C0F98D10EFD9E3E50CECF9856878160DC845A5AB98000A3DD178C3B21D47C631
56BB74D44FEE9977F67BA86E18AF61311FF1CAB321C0D5F72FF02BDEB00C4D5D,HeaderTextAsset,C:\Users\omard\source\repos\RecepcionDocumental\RecepcionDocumental\tools\DocumentAiProbe\experiments\H1D10A\text\56BB74D44FEE9977F67BA86E18AF61311FF1CAB321C0D5F72FF02BDEB00C4D5D.header.txt,9A14DED03DDA5303DA2CF5F3C9A86D6E2BF90F558CA870BB53F8C9A0F2AA440B
56D39A5F9D1B9453032F58A2E9AD1E15DD388288CC16A256C948E7C45E676E51,HeaderTextAsset,C:\Users\omard\source\repos\RecepcionDocumental\RecepcionDocumental\tools\DocumentAiProbe\experiments\H1D10A\text\56D39A5F9D1B9453032F58A2E9AD1E15DD388288CC16A256C948E7C45E676E51.header.txt,3CDFAAF662EE6AB2429D29FCD24DB4D5A197B3598B69A1F2C494E53D096AC8D3
56E9553295F645ECFC4245CEDC974D37D874EDF5875B2D23438824326E82F99E,HeaderTextAsset,C:\Users\omard\source\repos\RecepcionDocumental\RecepcionDocumental\tools\DocumentAiProbe\experiments\H1D10A\text\56E9553295F645ECFC4245CEDC974D37D874EDF5875B2D23438824326E82F99E.header.txt,A8F44009DF3B6053D51F0E6CC012CEFB4529DDE8451919CFFE1A57DA07F4D016
576B8F132C0E88EBDAE42BE903FF9786177F4D737C93B63D8869C4627462B461,HeaderTextAsset,C:\Users\omard\source\repos\RecepcionDocumental\RecepcionDocumental\tools\DocumentAiProbe\experiments\H1D10A\text\576B8F132C0E88EBDAE42BE903FF9786177F4D737C93B63D8869C4627462B461.header.txt,418773B0F3AE5943005BC0242E32765CDD88E1549FF06A5073B4BC00B8EB96C3
577A9D71CD8966371762425B96EA7F3FE7E06FD5C0203F72E64A6011C17C0F6E,HeaderTextAsset,C:\Users\omard\source\repos\RecepcionDocumental\RecepcionDocumental\tools\DocumentAiProbe\experiments\H1D10A\text\577A9D71CD8966371762425B96EA7F3FE7E06FD5C0203F72E64A6011C17C0F6E.header.txt,B933528F55CA5D803703697545A180922F19688BF48BDED5E5E2B0EE533E1AAF
5796008F929AE08D607B6A36C5254BC78C3BF3A55DA4807B9FAA69009CD3C0EE,HeaderTextAsset,C:\Users\omard\source\repos\RecepcionDocumental\RecepcionDocumental\tools\DocumentAiProbe\experiments\H1D10A\text\5796008F929AE08D607B6A36C5254BC78C3BF3A55DA4807B9FAA69009CD3C0EE.header.txt,30F472CA0702CE59E26654923878C3759AFEE4278AB02B21262E525B4E43DD9A
593ABDF0EE3E91506269EFD5CCA99B3AF04A888A7A0AE4D24D96583F8DC9E8BA,HeaderTextAsset,C:\Users\omard\source\repos\RecepcionDocumental\RecepcionDocumental\tools\DocumentAiProbe\experiments\H1D10A\text\593ABDF0EE3E91506269EFD5CCA99B3AF04A888A7A0AE4D24D96583F8DC9E8BA.header.txt,62A657A03953F7213C75BE743CB052E67857C6CC5C9C60DA14F380DC6FB659DD
5A3DE1739FB496DBB9FA08B6272476E8A2B4A735630CC6FA721347F5714A201F,HeaderTextAsset,C:\Users\omard\source\repos\RecepcionDocumental\RecepcionDocumental\tools\DocumentAiProbe\experiments\H1D10A\text\5A3DE1739FB496DBB9FA08B6272476E8A2B4A735630CC6FA721347F5714A201F.header.txt,6DDB0C3F6A9CD7D088492F53CA743680F966419EC4E8351C773470383166FD2F
5B147EAC2CDDD983CF7E8E27576B856A421C4397BF06F766B74F23C1B3633029,HeaderTextAsset,C:\Users\omard\source\repos\RecepcionDocumental\RecepcionDocumental\tools\DocumentAiProbe\experiments\H1D10A\text\5B147EAC2CDDD983CF7E8E27576B856A421C4397BF06F766B74F23C1B3633029.header.txt,C5323C9D99C8A3DDBD197C1D2DB4214BA9F5A6B9318257C87CA9539AB4C16BFD
5B68A036EC845CF5071E8E39F0357DFA190C5FF99787F831360E05E467B2D36B,HeaderTextAsset,C:\Users\omard\source\repos\RecepcionDocumental\RecepcionDocumental\tools\DocumentAiProbe\experiments\H1D10A\text\5B68A036EC845CF5071E8E39F0357DFA190C5FF99787F831360E05E467B2D36B.header.txt,D3EF2189E5F82C406152CD08374D9898034D09B21631D34353A376E8D339217D
5BA5E74FDC3E744FE001D25F2A83DBD4D510A328CD464D0F651515449B5F179C,HeaderTextAsset,C:\Users\omard\source\repos\RecepcionDocumental\RecepcionDocumental\tools\DocumentAiProbe\experiments\H1D10A\text\5BA5E74FDC3E744FE001D25F2A83DBD4D510A328CD464D0F651515449B5F179C.header.txt,01EEE6EAB1011EA4DF139E9C705672BC5BC1822DDEEC27A2EF46B72010F45DD6
5BDCA8EC7A304793C5EE8E9427ED3E6CC403E6106B48E9E4D2CC2A1C0617FFFA,HeaderTextAsset,C:\Users\omard\source\repos\RecepcionDocumental\RecepcionDocumental\tools\DocumentAiProbe\experiments\H1D10A\text\5BDCA8EC7A304793C5EE8E9427ED3E6CC403E6106B48E9E4D2CC2A1C0617FFFA.header.txt,4C66B94B761A100D2E2853C36AB337D349A43F577910B9B248D0C3B705E3B4AD
5C0929058CDBB5BC47EC541BF5041450B2C974A869989B8614122BA188D13056,HeaderTextAsset,C:\Users\omard\source\repos\RecepcionDocumental\RecepcionDocumental\tools\DocumentAiProbe\experiments\H1D10A\text\5C0929058CDBB5BC47EC541BF5041450B2C974A869989B8614122BA188D13056.header.txt,CFB5929534A763654CF2970DD61529B16353443FA35673948ED83F4476C9ECF9
5C2BB36404A54C73E61A08DA38C8F824DCE609279F30E57870FFB009A65014A2,HeaderTextAsset,C:\Users\omard\source\repos\RecepcionDocumental\RecepcionDocumental\tools\DocumentAiProbe\experiments\H1D10A\text\5C2BB36404A54C73E61A08DA38C8F824DCE609279F30E57870FFB009A65014A2.header.txt,EE606F9856760ABA64AEED167A22054232DFF1FB7E6C84549A3C8FB5FFE158CF
5D3897E5C4D82DF2441EEE0DFC64EB89F218EBB1079981F940160D1C848F22EB,HeaderTextAsset,C:\Users\omard\source\repos\RecepcionDocumental\RecepcionDocumental\tools\DocumentAiProbe\experiments\H1D10A\text\5D3897E5C4D82DF2441EEE0DFC64EB89F218EBB1079981F940160D1C848F22EB.header.txt,857B5486D7DEC8DC7DA2F0466F120567E7AD87908A53E4C4DC82A9CE889D6AFA
5DBA7CBB3EB49D3C74FBFEEAAEB4577AE3A1E6A301084ABB8BF3A43AEF78660A,HeaderTextAsset,C:\Users\omard\source\repos\RecepcionDocumental\RecepcionDocumental\tools\DocumentAiProbe\experiments\H1D10A\text\5DBA7CBB3EB49D3C74FBFEEAAEB4577AE3A1E6A301084ABB8BF3A43AEF78660A.header.txt,52F6794755435E9899BA13268314592C56D3E70DCB4C56DDEBCDE6DDE8D48D19
5DC072AF4EDB6D207C475E7566C3FEC38142A3E338A651C14B89891BCDA79222,HeaderTextAsset,C:\Users\omard\source\repos\RecepcionDocumental\RecepcionDocumental\tools\DocumentAiProbe\experiments\H1D10A\text\5DC072AF4EDB6D207C475E7566C3FEC38142A3E338A651C14B89891BCDA79222.header.txt,0AC88544FA9FD707005A2DAD7C63E9509A1608CEBDE59F32C126402D1EAF0686
5F3A879162836D55EBF4EC8C114B9C7E46E9FC2AE3CCD7F5BB9102A766C7CDD0,HeaderTextAsset,C:\Users\omard\source\repos\RecepcionDocumental\RecepcionDocumental\tools\DocumentAiProbe\experiments\H1D10A\text\5F3A879162836D55EBF4EC8C114B9C7E46E9FC2AE3CCD7F5BB9102A766C7CDD0.header.txt,42C796EE8908979A805DB790F3D86CC57BDF69BE9A40BC8DE43FAD742A60B57E
5F53885F5A7CCBC8AA0039592621E42F2CD4C654E7B901F968A242975E63F451,HeaderTextAsset,C:\Users\omard\source\repos\RecepcionDocumental\RecepcionDocumental\tools\DocumentAiProbe\experiments\H1D10A\text\5F53885F5A7CCBC8AA0039592621E42F2CD4C654E7B901F968A242975E63F451.header.txt,C09298EAEDDAFD448B6A27C8FBCDB133EE03EAA07BF5CD607F002F8B1B4F80B6
5FE4032EDA700A2C08DF2E475D2911CF85352B967C85E73A004BCE508DB49868,HeaderTextAsset,C:\Users\omard\source\repos\RecepcionDocumental\RecepcionDocumental\tools\DocumentAiProbe\experiments\H1D10A\text\5FE4032EDA700A2C08DF2E475D2911CF85352B967C85E73A004BCE508DB49868.header.txt,E4455A3B2AE2673DBEAA67D520D36D98019C9D482A56347948C6AE479F7E30C8
6027795BAF41946DBA91302987071F720437F3DBCD24AFC81386AF1BF488F28B,HeaderTextAsset,C:\Users\omard\source\repos\RecepcionDocumental\RecepcionDocumental\tools\DocumentAiProbe\experiments\H1D10A\text\6027795BAF41946DBA91302987071F720437F3DBCD24AFC81386AF1BF488F28B.header.txt,D7CF37ADE670F1224E6533AC16CFF9B2759D530779B685DE1E00142050092AAD
6041784577391E11DA44CCFDD8F49F2665AB654CECDE68188610184280D0353F,HeaderTextAsset,C:\Users\omard\source\repos\RecepcionDocumental\RecepcionDocumental\tools\DocumentAiProbe\experiments\H1D10A\text\6041784577391E11DA44CCFDD8F49F2665AB654CECDE68188610184280D0353F.header.txt,A6DC69E4B60E181D50796EB33CBEDA031959F240A5BCF7BD924E5A53C2DF3AC0
604348879CA3168805EED06B88FB193B09B812B4E3915EA9F97BC25B4DCDC462,HeaderTextAsset,C:\Users\omard\source\repos\RecepcionDocumental\RecepcionDocumental\tools\DocumentAiProbe\experiments\H1D10A\text\604348879CA3168805EED06B88FB193B09B812B4E3915EA9F97BC25B4DCDC462.header.txt,48472C5AC62A8ED0FEE83557655C8C7105436484BE3E7CB89A74E585EFB2D903
604E2F0DE59B3E53C81E10C19EF41919C706C5162FDA1CA3D8C91427244E5B7D,HeaderTextAsset,C:\Users\omard\source\repos\RecepcionDocumental\RecepcionDocumental\tools\DocumentAiProbe\experiments\H1D10A\text\604E2F0DE59B3E53C81E10C19EF41919C706C5162FDA1CA3D8C91427244E5B7D.header.txt,B094D93B187EFD13D8D8B2B4DF6AEA2D91E71E6C6F686063C7930C93B4D6C4C2
60B3511F90C799F93063C1DB61C190D5B86D3343ED9E05A39F1CF80E84B4B425,HeaderTextAsset,C:\Users\omard\source\repos\RecepcionDocumental\RecepcionDocumental\tools\DocumentAiProbe\experiments\H1D10A\text\60B3511F90C799F93063C1DB61C190D5B86D3343ED9E05A39F1CF80E84B4B425.header.txt,1564B90A0AED938905F615E65B16D7399E195B4317F43D1515ED9350C4643F7C
61028A70518BA892F45603BF90EC226C18A19A5179CFD58A8C6A7038250D18A9,HeaderTextAsset,C:\Users\omard\source\repos\RecepcionDocumental\RecepcionDocumental\tools\DocumentAiProbe\experiments\H1D10A\text\61028A70518BA892F45603BF90EC226C18A19A5179CFD58A8C6A7038250D18A9.header.txt,5F7CE485A64DE138CF2D4A3C6CCB8B6E2BD5158F9B391C751CFC414E7F22BCB2
613875DAA826084D061538932AF2549945A6B52B6AC8EC68DAB8403564056489,HeaderTextAsset,C:\Users\omard\source\repos\RecepcionDocumental\RecepcionDocumental\tools\DocumentAiProbe\experiments\H1D10A\text\613875DAA826084D061538932AF2549945A6B52B6AC8EC68DAB8403564056489.header.txt,EA2FD2895E9DB6D45350F57D4B418FE5DE55059A7CE153032F9F4BB750E30B8C
616794539B7C4B5DF3CE240204FCE2CEBB67CC60FAB8BE37DCBFCD190B3A0BF4,HeaderTextAsset,C:\Users\omard\source\repos\RecepcionDocumental\RecepcionDocumental\tools\DocumentAiProbe\experiments\H1D10A\text\616794539B7C4B5DF3CE240204FCE2CEBB67CC60FAB8BE37DCBFCD190B3A0BF4.header.txt,9E98B226E08B591A1FBD0477DFD09255381D6500FBCA61B00CAC8A2D849A7304
621D302792608A0F7753D90084A909322708849DB507134A9B4D001CC76C4935,HeaderTextAsset,C:\Users\omard\source\repos\RecepcionDocumental\RecepcionDocumental\tools\DocumentAiProbe\experiments\H1D10A\text\621D302792608A0F7753D90084A909322708849DB507134A9B4D001CC76C4935.header.txt,FA0AB2683CB2E2C68DC1F2A1A579A1BAEBFCA689D4C851339A8DE6BA0E02B6E7
624E85021D43827AD2B3E8B1DCD80FAE5615F3D494B65E721ED1A8F668BF0989,HeaderTextAsset,C:\Users\omard\source\repos\RecepcionDocumental\RecepcionDocumental\tools\DocumentAiProbe\experiments\H1D10A\text\624E85021D43827AD2B3E8B1DCD80FAE5615F3D494B65E721ED1A8F668BF0989.header.txt,D3B182906D7D516719DAA1D06088497D46F795799054A37E9BEFEE025DB91FAC
6397751726250ADCAFF9223A5165FCDBEC678962C80710A66E088BD74EE2B98F,HeaderTextAsset,C:\Users\omard\source\repos\RecepcionDocumental\RecepcionDocumental\tools\DocumentAiProbe\experiments\H1D10A\text\6397751726250ADCAFF9223A5165FCDBEC678962C80710A66E088BD74EE2B98F.header.txt,30DD977E602A5E9FA8CABE27E370B1FA1BD1B5DC63C374EE1B13AA9518209EE1
63CB5ECA5C3C698857A7AAC8979CD26F30C6E5E06D6CD2638A83F4412C48A852,HeaderTextAsset,C:\Users\omard\source\repos\RecepcionDocumental\RecepcionDocumental\tools\DocumentAiProbe\experiments\H1D10A\text\63CB5ECA5C3C698857A7AAC8979CD26F30C6E5E06D6CD2638A83F4412C48A852.header.txt,630FFF8DA2F63ACC3B364A5374654D6E3A0C08535951693F58BDA265715FB672
6403F4BAEA29F0572CD01DCF95BF5F3B217C9101108E749C6E1A598D5D2BAC36,HeaderTextAsset,C:\Users\omard\source\repos\RecepcionDocumental\RecepcionDocumental\tools\DocumentAiProbe\experiments\H1D10A\text\6403F4BAEA29F0572CD01DCF95BF5F3B217C9101108E749C6E1A598D5D2BAC36.header.txt,815D81293F053C3F8C894325031DEA79953E3A8F308D727E596AD54B1B172C11
64E82D80FCAA2EF6D3AEF7EE8141DE7DC33FCD4AD2A80B3297E4E003C123047C,HeaderTextAsset,C:\Users\omard\source\repos\RecepcionDocumental\RecepcionDocumental\tools\DocumentAiProbe\experiments\H1D10A\text\64E82D80FCAA2EF6D3AEF7EE8141DE7DC33FCD4AD2A80B3297E4E003C123047C.header.txt,1E687E9D057D3466B10592B4DD3A75C1D6E660C6D5802623E348E9B4E006DF42
64F93DA0C69F17478CD6052D88B84346BC9392E955468EAEB7F37BB92B647762,HeaderTextAsset,C:\Users\omard\source\repos\RecepcionDocumental\RecepcionDocumental\tools\DocumentAiProbe\experiments\H1D10A\text\64F93DA0C69F17478CD6052D88B84346BC9392E955468EAEB7F37BB92B647762.header.txt,E67F964210F58AC9AA03E2CF8878A34EEA9EB0B37C943375ECD21438B0FAB655
656386FE1A238BEC6044ED0DE22EEF339619F7FB71C6B39E0C0AAAF4854803CF,HeaderTextAsset,C:\Users\omard\source\repos\RecepcionDocumental\RecepcionDocumental\tools\DocumentAiProbe\experiments\H1D10A\text\656386FE1A238BEC6044ED0DE22EEF339619F7FB71C6B39E0C0AAAF4854803CF.header.txt,1C49B7FD639D374024971E36EFEAEFE6FD7CF0D68CD4CFFF825ECC8760563AED
6566E5B2F25A610A7050DDAC354F3BFD30EF005CA8D986CA966EEDEF5FEE6180,HeaderTextAsset,C:\Users\omard\source\repos\RecepcionDocumental\RecepcionDocumental\tools\DocumentAiProbe\experiments\H1D10A\text\6566E5B2F25A610A7050DDAC354F3BFD30EF005CA8D986CA966EEDEF5FEE6180.header.txt,5E741EB8865374138CC786B5395920494FEFCE181C837ED8A54E0EB8433E7D10
656D5AE0B6E56A426A27D1641C28FD6399B7C35B09FF73D37BA1F9BB63A1B752,HeaderTextAsset,C:\Users\omard\source\repos\RecepcionDocumental\RecepcionDocumental\tools\DocumentAiProbe\experiments\H1D10A\text\656D5AE0B6E56A426A27D1641C28FD6399B7C35B09FF73D37BA1F9BB63A1B752.header.txt,B4D295DF7FFB0C9E424C0D4EBFE7B5D4FCC33783EA2AC0268FDEB9E65DAEA9F5
6622C9EFD9051FD3CEB3DA3E7012E7B2F101F479DA7C76AE80C86318A6963881,HeaderTextAsset,C:\Users\omard\source\repos\RecepcionDocumental\RecepcionDocumental\tools\DocumentAiProbe\experiments\H1D10A\text\6622C9EFD9051FD3CEB3DA3E7012E7B2F101F479DA7C76AE80C86318A6963881.header.txt,276EF7AB2270ECBF98DA6B09A9C978F2B4E11EC6EC15A5E420750533058FDB3C
6635042CEF9293D601A8C5B62805D67F0FB7472C62F5EAB58608269DA95930B1,HeaderTextAsset,C:\Users\omard\source\repos\RecepcionDocumental\RecepcionDocumental\tools\DocumentAiProbe\experiments\H1D10A\text\6635042CEF9293D601A8C5B62805D67F0FB7472C62F5EAB58608269DA95930B1.header.txt,8121E9E7E4E2121C72CB4ABE3BA07FFC71CAB1A55C42B65EC4AE792AB9E4DAED
6656F6685D0E364101F05862968CD5DB475D006F6EA292B02FB7F73420C74E6D,HeaderTextAsset,C:\Users\omard\source\repos\RecepcionDocumental\RecepcionDocumental\tools\DocumentAiProbe\experiments\H1D10A\text\6656F6685D0E364101F05862968CD5DB475D006F6EA292B02FB7F73420C74E6D.header.txt,EA42B156D1832B72C1ABF58BC311CD140A349E86EB58202D274721E051875642
6660D2B3C9AE8230CA9FA0CDC75202436DD32B952F48CE70FC243CF0F142B1CF,HeaderTextAsset,C:\Users\omard\source\repos\RecepcionDocumental\RecepcionDocumental\tools\DocumentAiProbe\experiments\H1D10A\text\6660D2B3C9AE8230CA9FA0CDC75202436DD32B952F48CE70FC243CF0F142B1CF.header.txt,3E9BBC7466F49E94C94EED6A8079FDDFE1FA1F12929242FB04E9528452A5DAF0
669DD6476BE5C0CDB4380E38C32AC0191B79E55B8091C27E06765012EB20DDF2,HeaderTextAsset,C:\Users\omard\source\repos\RecepcionDocumental\RecepcionDocumental\tools\DocumentAiProbe\experiments\H1D10A\text\669DD6476BE5C0CDB4380E38C32AC0191B79E55B8091C27E06765012EB20DDF2.header.txt,15F3584D8BC47E219EAA1FA354297AEFF1DDA7894EDC862E8FD02F2F4F637020
6743518A72681A6F35166A41241AE3D4C42A45CA56266DAC53C733FBEE055D7E,HeaderTextAsset,C:\Users\omard\source\repos\RecepcionDocumental\RecepcionDocumental\tools\DocumentAiProbe\experiments\H1D10A\text\6743518A72681A6F35166A41241AE3D4C42A45CA56266DAC53C733FBEE055D7E.header.txt,D17C5775D5D6D86F283AF1BD8CBA98E8EC9C421D5BDEA2B0C4FA33A39F559333
67964333228FD5679741CAE810F2B0AB4CE118C6137BDFD1B32ACFE77B911616,HeaderTextAsset,C:\Users\omard\source\repos\RecepcionDocumental\RecepcionDocumental\tools\DocumentAiProbe\experiments\H1D10A\text\67964333228FD5679741CAE810F2B0AB4CE118C6137BDFD1B32ACFE77B911616.header.txt,925C9F2A6010515C5860E20958D33D34BD527B035A9BC8778CAAD49AD677CDE6
6847B5779151E0CBABD230D26319A7C98816D0DC1CB1E29BE43284F906E180C3,HeaderTextAsset,C:\Users\omard\source\repos\RecepcionDocumental\RecepcionDocumental\tools\DocumentAiProbe\experiments\H1D10A\text\6847B5779151E0CBABD230D26319A7C98816D0DC1CB1E29BE43284F906E180C3.header.txt,9EAEFB32B0EEA6AD0709DDE98432DE30425815FA22DDE64E17616610A1E7E3CE
692C0777313BAABD423DE1E30355C51C4FD8A27764C160F0B8DDE61F8F138CF5,HeaderTextAsset,C:\Users\omard\source\repos\RecepcionDocumental\RecepcionDocumental\tools\DocumentAiProbe\experiments\H1D10A\text\692C0777313BAABD423DE1E30355C51C4FD8A27764C160F0B8DDE61F8F138CF5.header.txt,C7F88663E1FA08DA1318E03FD22E3086D6DBBBFEDDFD14B97D6ADEEF9F870F4D
69A41A9336BD087CD1DE05A3481CFD378C3896D06C317E3C65E8BFA17FF9C38B,HeaderTextAsset,C:\Users\omard\source\repos\RecepcionDocumental\RecepcionDocumental\tools\DocumentAiProbe\experiments\H1D10A\text\69A41A9336BD087CD1DE05A3481CFD378C3896D06C317E3C65E8BFA17FF9C38B.header.txt,5CFC4B876C6C2F436537B1786A08E4C0D46965A99F860051D6DEFFBE71806897
69C1E0801F87A1EF0A667A8CA6434748EB159C10B3413DB24EBF605343CD79A9,HeaderTextAsset,C:\Users\omard\source\repos\RecepcionDocumental\RecepcionDocumental\tools\DocumentAiProbe\experiments\H1D10A\text\69C1E0801F87A1EF0A667A8CA6434748EB159C10B3413DB24EBF605343CD79A9.header.txt,15ACE3B480588C8E142DEB81F52B910FC779B4614AC24DB4CF285EFB7A48A31A
69EB61B831F098BE9D870A069C9732F9082C6DE31B5E89576F973046AA3D0537,HeaderTextAsset,C:\Users\omard\source\repos\RecepcionDocumental\RecepcionDocumental\tools\DocumentAiProbe\experiments\H1D10A\text\69EB61B831F098BE9D870A069C9732F9082C6DE31B5E89576F973046AA3D0537.header.txt,757AACAB1FE8FF350EAE7210E8DA6A9F52EF749C48829D699F89C16380A7FD9C
6A6F48DC2B73742555E9B7725922EA7EB7B79DA71B4C91385C7E4E897659394C,HeaderTextAsset,C:\Users\omard\source\repos\RecepcionDocumental\RecepcionDocumental\tools\DocumentAiProbe\experiments\H1D10A\text\6A6F48DC2B73742555E9B7725922EA7EB7B79DA71B4C91385C7E4E897659394C.header.txt,E051E784510DBC67BE8756B4C3C37C40A0F0B96D75346BB03C665A721F0D97E9
6A9BDCA349F3FAD5AF9C83D9C275D6030CE77BF8CEFB45B0E6BBE7F105DD0790,HeaderTextAsset,C:\Users\omard\source\repos\RecepcionDocumental\RecepcionDocumental\tools\DocumentAiProbe\experiments\H1D10A\text\6A9BDCA349F3FAD5AF9C83D9C275D6030CE77BF8CEFB45B0E6BBE7F105DD0790.header.txt,6E9026C34E1C4B48C654B11599CD52A49C90D7FC0A7DF72B6D6F56AB12CE8C7E
6ACB04B9B2EB656794F4D236CB7B80FABDE605F40896E47A7D6CC48B34F692B7,HeaderTextAsset,C:\Users\omard\source\repos\RecepcionDocumental\RecepcionDocumental\tools\DocumentAiProbe\experiments\H1D10A\text\6ACB04B9B2EB656794F4D236CB7B80FABDE605F40896E47A7D6CC48B34F692B7.header.txt,BBBCF1B49A161ACD10C1D9FFC22BC684097018C3A1B378BB12BB48C1F3940355
6B5CA4D57A8AF24207DADE365891605C598C2766A9C9D903D4309174B45F9498,HeaderTextAsset,C:\Users\omard\source\repos\RecepcionDocumental\RecepcionDocumental\tools\DocumentAiProbe\experiments\H1D10A\text\6B5CA4D57A8AF24207DADE365891605C598C2766A9C9D903D4309174B45F9498.header.txt,F97D490C2E0A00EB49D8AA696EB9767FF097114268148C09F61B6465933E0766
6B813304D2E10D3EE3A7AA8B42007E68441814C25E72F5689284E7F744B356BE,HeaderTextAsset,C:\Users\omard\source\repos\RecepcionDocumental\RecepcionDocumental\tools\DocumentAiProbe\experiments\H1D10A\text\6B813304D2E10D3EE3A7AA8B42007E68441814C25E72F5689284E7F744B356BE.header.txt,BA92EEE236B93BC21D14131D61E671FE456983AC40FBCEFA6BF425B297C79D8D
6B9A699A6823FF46958CA2C2A6CC24B4A71870124086B7AF0350409E9E8ED38E,HeaderTextAsset,C:\Users\omard\source\repos\RecepcionDocumental\RecepcionDocumental\tools\DocumentAiProbe\experiments\H1D10A\text\6B9A699A6823FF46958CA2C2A6CC24B4A71870124086B7AF0350409E9E8ED38E.header.txt,A850AF77743D425D4F170F87E3299100A153E47E0B96EDB7AB4D5A54DE373F07
6BFDFBC8F84DCCC678A6F5118976176B5B84582CBABD37F00BD6C91D76A40808,HeaderTextAsset,C:\Users\omard\source\repos\RecepcionDocumental\RecepcionDocumental\tools\DocumentAiProbe\experiments\H1D10A\text\6BFDFBC8F84DCCC678A6F5118976176B5B84582CBABD37F00BD6C91D76A40808.header.txt,445D129BB3705450537BFCB106D55093DF24AC201649A9F135840AB6F239041D
6C0C0168466808E4AC06DB82A0B76C9CD174B885CA55AE69BC62B8E933F7EC08,HeaderTextAsset,C:\Users\omard\source\repos\RecepcionDocumental\RecepcionDocumental\tools\DocumentAiProbe\experiments\H1D10A\text\6C0C0168466808E4AC06DB82A0B76C9CD174B885CA55AE69BC62B8E933F7EC08.header.txt,670D2BFA2F40AAD72B35F968DB9DC307B3385B23A01E418B3F59B88FFB69DF37
6C82D960ABF48E805D4D2D7586359ED4894E378A43A3D6F0BA2BE3601D521D49,HeaderTextAsset,C:\Users\omard\source\repos\RecepcionDocumental\RecepcionDocumental\tools\DocumentAiProbe\experiments\H1D10A\text\6C82D960ABF48E805D4D2D7586359ED4894E378A43A3D6F0BA2BE3601D521D49.header.txt,A2A44047E4AEBBCEBEA1A0CD5EE3FBD94DB831531FF26C77D876E51BB158E86D
6CB834E60F1EE39CCE5113B1014C036615F43084D7819B2B7DF991725488B140,HeaderTextAsset,C:\Users\omard\source\repos\RecepcionDocumental\RecepcionDocumental\tools\DocumentAiProbe\experiments\H1D10A\text\6CB834E60F1EE39CCE5113B1014C036615F43084D7819B2B7DF991725488B140.header.txt,82F00D323CDEAB4422A1485FBD8A69874755301304CB30F1CF07D046AD09591D
6D277C8C03CEA6FBF2354412F087226C065D4D228AA1030A19919572081F20F2,HeaderTextAsset,C:\Users\omard\source\repos\RecepcionDocumental\RecepcionDocumental\tools\DocumentAiProbe\experiments\H1D10A\text\6D277C8C03CEA6FBF2354412F087226C065D4D228AA1030A19919572081F20F2.header.txt,9F2AA2A7E03BE395A2C1D2E467237A500C77B6EF0E19CBC376C7FBA2377790E5
6E97AB3E6B7999A22C355A9E033A37ECCD59B3287E144C837EFA247E56FDCD7D,HeaderTextAsset,C:\Users\omard\source\repos\RecepcionDocumental\RecepcionDocumental\tools\DocumentAiProbe\experiments\H1D10A\text\6E97AB3E6B7999A22C355A9E033A37ECCD59B3287E144C837EFA247E56FDCD7D.header.txt,385CDC02AD2F32C007A2DE60BFEC27E9B907DF24C4BD5CE5693AE5A0A179D806
6EEA7E897C4E25A920F0C41390989C0343BF831207E63B4FDB49DC94EE11687A,HeaderTextAsset,C:\Users\omard\source\repos\RecepcionDocumental\RecepcionDocumental\tools\DocumentAiProbe\experiments\H1D10A\text\6EEA7E897C4E25A920F0C41390989C0343BF831207E63B4FDB49DC94EE11687A.header.txt,3C71084961B2F28DF82F9FDCFF770859B5C3D0FA8C3798851671B87B444CE015
6F131DD0EAF52BBEA47DE4FD62FBEBA9C8D82B1DE26FE5B258A15717FE214DB4,HeaderTextAsset,C:\Users\omard\source\repos\RecepcionDocumental\RecepcionDocumental\tools\DocumentAiProbe\experiments\H1D10A\text\6F131DD0EAF52BBEA47DE4FD62FBEBA9C8D82B1DE26FE5B258A15717FE214DB4.header.txt,DA4EA0D31C476DDC52617A72BBE39F7968E3C7401B1A3492AF3BFD0F8A9628AB
6F5C17D146C25CC219D5E517EE3C922BE4AC3E675B6F4F64828A7BD51F1F81FA,HeaderTextAsset,C:\Users\omard\source\repos\RecepcionDocumental\RecepcionDocumental\tools\DocumentAiProbe\experiments\H1D10A\text\6F5C17D146C25CC219D5E517EE3C922BE4AC3E675B6F4F64828A7BD51F1F81FA.header.txt,B8C61067C9D20AB2CB8F66CDCA5190DE40EC302F2FCF4DBD73B90E33E88E009E
6FE51C9812EA8C22BE95BA7E3240F9FFC7B5E03EECEBBF8936AD443A30E2E0BB,HeaderTextAsset,C:\Users\omard\source\repos\RecepcionDocumental\RecepcionDocumental\tools\DocumentAiProbe\experiments\H1D10A\text\6FE51C9812EA8C22BE95BA7E3240F9FFC7B5E03EECEBBF8936AD443A30E2E0BB.header.txt,A56D81E52FB57BC07C50B07B6B5068D3DA4E2CA6A5BEA6FE0D4339F2F4A5CD31
701E96AB1D777313D11116902E69CDB65C6D1B7CCC90CE2D7A2F83A22AB166A9,HeaderTextAsset,C:\Users\omard\source\repos\RecepcionDocumental\RecepcionDocumental\tools\DocumentAiProbe\experiments\H1D10A\text\701E96AB1D777313D11116902E69CDB65C6D1B7CCC90CE2D7A2F83A22AB166A9.header.txt,75E47E9B6306679D17D8F3A266CCC8FF0BE8E9C96481C031C22A1E99C7E81A57
707A0612969061182FCD182790AC956C51265BCC4C3078FEFF93823F1E9F1735,HeaderTextAsset,C:\Users\omard\source\repos\RecepcionDocumental\RecepcionDocumental\tools\DocumentAiProbe\experiments\H1D10A\text\707A0612969061182FCD182790AC956C51265BCC4C3078FEFF93823F1E9F1735.header.txt,489C1219D975CCA8DFE16188724358505BA8524ABF91433059D313A6FB5BD890
70AB86572E06875C396D8221A2F69C9F9D562506F1D227E250F96A0294F8C658,HeaderTextAsset,C:\Users\omard\source\repos\RecepcionDocumental\RecepcionDocumental\tools\DocumentAiProbe\experiments\H1D10A\text\70AB86572E06875C396D8221A2F69C9F9D562506F1D227E250F96A0294F8C658.header.txt,14471C3D584833F7FBFA55989576243DC2BD28D9ADA943E254938F7F34A138DB
70B4CD9A1264D42D8290410E17519C058F7DF514C05BF5725C9F7441BB00E27D,HeaderTextAsset,C:\Users\omard\source\repos\RecepcionDocumental\RecepcionDocumental\tools\DocumentAiProbe\experiments\H1D10A\text\70B4CD9A1264D42D8290410E17519C058F7DF514C05BF5725C9F7441BB00E27D.header.txt,870ECF6243B653F3A3F5A057A5D8E67F43BD81230C92FEA592CC35B2922CB554
70D73626A396EF94EB5D6F929B9521B736FBF5E912AB1D89DF322A4FEF6A454A,HeaderTextAsset,C:\Users\omard\source\repos\RecepcionDocumental\RecepcionDocumental\tools\DocumentAiProbe\experiments\H1D10A\text\70D73626A396EF94EB5D6F929B9521B736FBF5E912AB1D89DF322A4FEF6A454A.header.txt,492B311D9B991E11D6BCD9E0680B256646D80ED73BD51408276ADBC5528E68FD
70D93374DC5BE743CA638BB0B09EB9765F8BAF882B539E0C8B1882F69EA2D180,HeaderTextAsset,C:\Users\omard\source\repos\RecepcionDocumental\RecepcionDocumental\tools\DocumentAiProbe\experiments\H1D10A\text\70D93374DC5BE743CA638BB0B09EB9765F8BAF882B539E0C8B1882F69EA2D180.header.txt,1B4A7420513BFC5AD597D58C87C1A842A57D3944952122CF03D38A5F8671CD1B
71273BE17289DA2920A0A8A1A0E17A6DABED2A43DB33A8FD3D5B2FD8C0C4C031,HeaderTextAsset,C:\Users\omard\source\repos\RecepcionDocumental\RecepcionDocumental\tools\DocumentAiProbe\experiments\H1D10A\text\71273BE17289DA2920A0A8A1A0E17A6DABED2A43DB33A8FD3D5B2FD8C0C4C031.header.txt,481BA8F9749AE25A2A3C2E11EDD07D4621C9933B5EF7820A06EAE3856499A823
727CFDEC5B928E4A63BAF2E67A9B26AB1EC0EAF73B78DDAA02D8E2C65F245C32,HeaderTextAsset,C:\Users\omard\source\repos\RecepcionDocumental\RecepcionDocumental\tools\DocumentAiProbe\experiments\H1D10A\text\727CFDEC5B928E4A63BAF2E67A9B26AB1EC0EAF73B78DDAA02D8E2C65F245C32.header.txt,7562093BBC97E743699C07ACD15D8941BEBBB2D14E80CDA1190174E3F3C744FD
7283909A30C86B8131301F460285F46B33BBAAC2D3CB556104D366BE677DE138,HeaderTextAsset,C:\Users\omard\source\repos\RecepcionDocumental\RecepcionDocumental\tools\DocumentAiProbe\experiments\H1D10A\text\7283909A30C86B8131301F460285F46B33BBAAC2D3CB556104D366BE677DE138.header.txt,082FF77FC9B136DF7702AA148D4B26BA38631314308524101504F152BFCD02E4
729A1203860525891D21A701B07FC575EBA4638867490110DF195EBDD3E24834,HeaderTextAsset,C:\Users\omard\source\repos\RecepcionDocumental\RecepcionDocumental\tools\DocumentAiProbe\experiments\H1D10A\text\729A1203860525891D21A701B07FC575EBA4638867490110DF195EBDD3E24834.header.txt,A3F805CAF26B22F4CDF71C356B2D13B6F50597BD6D356B071FF8CE2825A7CB61
72B1A25BE1FB975D7E71D41CB49C2F6B0D661C89E9AFC94D92FD23B56BBBB193,HeaderTextAsset,C:\Users\omard\source\repos\RecepcionDocumental\RecepcionDocumental\tools\DocumentAiProbe\experiments\H1D10A\text\72B1A25BE1FB975D7E71D41CB49C2F6B0D661C89E9AFC94D92FD23B56BBBB193.header.txt,71A577564332441F788D0C6DD60D51B09BF6B0998B21070D13688ED9CF1AC346
72D76D6DAE007FA4DC7A3A4B431031B6EE2D2483276CBEDB01FA2CD3D08CAE52,HeaderTextAsset,C:\Users\omard\source\repos\RecepcionDocumental\RecepcionDocumental\tools\DocumentAiProbe\experiments\H1D10A\text\72D76D6DAE007FA4DC7A3A4B431031B6EE2D2483276CBEDB01FA2CD3D08CAE52.header.txt,2B2D250DF789E800565E34289AE25811AC9A507EA002AF71BB215097F75BC119
72EDC21A6C809D59BF19C16BA004EBEDB2A9EF36E30C4021255587BD85D02DFA,HeaderTextAsset,C:\Users\omard\source\repos\RecepcionDocumental\RecepcionDocumental\tools\DocumentAiProbe\experiments\H1D10A\text\72EDC21A6C809D59BF19C16BA004EBEDB2A9EF36E30C4021255587BD85D02DFA.header.txt,F812B0B83AABFB28D7D1D8D9712B5D9F15D8FAFDA93AE8F60EB77CCEFD9B3274
734D420EFE50C1A4EA6741B4B69806B2E5ABF1BE40CF866D3560F903ACE2AF2C,HeaderTextAsset,C:\Users\omard\source\repos\RecepcionDocumental\RecepcionDocumental\tools\DocumentAiProbe\experiments\H1D10A\text\734D420EFE50C1A4EA6741B4B69806B2E5ABF1BE40CF866D3560F903ACE2AF2C.header.txt,885FF94E0F8B0761DA71D85A96DD5AF28622EF2DEDA4E3C8F35BA2BD69D631B1
73D84FABB35BD6AB8B9F6D7AE59524102BFE262746A54FDCCD57EA0FCA0DA016,HeaderTextAsset,C:\Users\omard\source\repos\RecepcionDocumental\RecepcionDocumental\tools\DocumentAiProbe\experiments\H1D10A\text\73D84FABB35BD6AB8B9F6D7AE59524102BFE262746A54FDCCD57EA0FCA0DA016.header.txt,34D050C957702C415919BD426BC0D30C7349FFDC5FF55A01D388AD7D681E6F27
745AAFF23345A2A40AC1BC45D5BA745C0EC6611A849A1A32E8738B3227780E38,HeaderTextAsset,C:\Users\omard\source\repos\RecepcionDocumental\RecepcionDocumental\tools\DocumentAiProbe\experiments\H1D10A\text\745AAFF23345A2A40AC1BC45D5BA745C0EC6611A849A1A32E8738B3227780E38.header.txt,A1EE06D2FD26F35617EF511F585E32228A74D737AAB7878241037409E3F3FCD3
746231C240660A5BAA14A9CA67FC64A423EB229468923A3B171B6A20CCDE68F2,HeaderTextAsset,C:\Users\omard\source\repos\RecepcionDocumental\RecepcionDocumental\tools\DocumentAiProbe\experiments\H1D10A\text\746231C240660A5BAA14A9CA67FC64A423EB229468923A3B171B6A20CCDE68F2.header.txt,5992D6201A7E275A513205C38E6673DE24576C8FAE997F83EC38D6AF0713006E
7486AA6E43E29A8BB7F64B6583C2FF330FEC901518E563D0D86E5DA025BDD695,HeaderTextAsset,C:\Users\omard\source\repos\RecepcionDocumental\RecepcionDocumental\tools\DocumentAiProbe\experiments\H1D10A\text\7486AA6E43E29A8BB7F64B6583C2FF330FEC901518E563D0D86E5DA025BDD695.header.txt,0B4EE5376AAFCA1B2EA5380F8EC69F45DD603B869A9A7A7CA170E13335513519
750B2F485A400D74B7BD2A709DFDAF8C1C8B3A9108B1402DE0CBB48E40BEEB96,HeaderTextAsset,C:\Users\omard\source\repos\RecepcionDocumental\RecepcionDocumental\tools\DocumentAiProbe\experiments\H1D10A\text\750B2F485A400D74B7BD2A709DFDAF8C1C8B3A9108B1402DE0CBB48E40BEEB96.header.txt,2285484D77AEF1E9E7EF2336B909F662A6D6E4FA1A1700DD6BBB503E7C9F42B6
75311A6D3AB7F6E86672C3EC7334673FFC77C9D949ECE67E55E38DFE7685242D,HeaderTextAsset,C:\Users\omard\source\repos\RecepcionDocumental\RecepcionDocumental\tools\DocumentAiProbe\experiments\H1D10A\text\75311A6D3AB7F6E86672C3EC7334673FFC77C9D949ECE67E55E38DFE7685242D.header.txt,8694A6637E66296E5C3F20AC97F0CB7AC514F0833BCBB007560AFD4F1AAEEB4F
75DF61E9FDA845DC081CFC82F85D18F3ACA95979563AA94854B1AECE0FC6E62C,HeaderTextAsset,C:\Users\omard\source\repos\RecepcionDocumental\RecepcionDocumental\tools\DocumentAiProbe\experiments\H1D10A\text\75DF61E9FDA845DC081CFC82F85D18F3ACA95979563AA94854B1AECE0FC6E62C.header.txt,D3078B9189EDCD8F51A96589F6FE3FB63799B76F5459F478C48B1D96C66D3402
770A8BC869BDA23991E48A3B5B586B63CA3D2B9EBE6F533495495AC3CCDAC92C,HeaderTextAsset,C:\Users\omard\source\repos\RecepcionDocumental\RecepcionDocumental\tools\DocumentAiProbe\experiments\H1D10A\text\770A8BC869BDA23991E48A3B5B586B63CA3D2B9EBE6F533495495AC3CCDAC92C.header.txt,1958A6153C2686A85CAB8463848E5CEAA4094D81FA307E418FBC4D036624A69B
77AB12E6E272D3EC7E5B2888D48DDAC76D88FAEE32E50A217EFFF853DCCC0333,HeaderTextAsset,C:\Users\omard\source\repos\RecepcionDocumental\RecepcionDocumental\tools\DocumentAiProbe\experiments\H1D10A\text\77AB12E6E272D3EC7E5B2888D48DDAC76D88FAEE32E50A217EFFF853DCCC0333.header.txt,4F23050AFA8E81D07FFEDFBA9D258942D0758F7AAA0FCD4D1E720799CA6AD797
77C8E69B8E42A208123699516A8833425435CEEED3CC26FF90FC0D6B87185263,HeaderTextAsset,C:\Users\omard\source\repos\RecepcionDocumental\RecepcionDocumental\tools\DocumentAiProbe\experiments\H1D10A\text\77C8E69B8E42A208123699516A8833425435CEEED3CC26FF90FC0D6B87185263.header.txt,B7B1FB297CF97A199B40663B2611BF9AFB5C771DC7DCC8D5F479D22C362A7963
77FA31F97509D7D255FCB2E4179652A1CD91A196971D3510623FD37D68F8823C,HeaderTextAsset,C:\Users\omard\source\repos\RecepcionDocumental\RecepcionDocumental\tools\DocumentAiProbe\experiments\H1D10A\text\77FA31F97509D7D255FCB2E4179652A1CD91A196971D3510623FD37D68F8823C.header.txt,618D2716955C6A1FE75A110637817B702E8F262024404C3AE300073D75DE1426
784F9D9BD68F96A9846EBDC73B1696064770C69B575188710425213F05201DC0,HeaderTextAsset,C:\Users\omard\source\repos\RecepcionDocumental\RecepcionDocumental\tools\DocumentAiProbe\experiments\H1D10A\text\784F9D9BD68F96A9846EBDC73B1696064770C69B575188710425213F05201DC0.header.txt,8964B081807122DF841A5E2749FB097315F44DD1319E28AF9742F6C1D3886624
78F72149A9868B3E46CE41826362BFC1D49ACD0B74BA8B96C49C9F8EB34B8DC3,HeaderTextAsset,C:\Users\omard\source\repos\RecepcionDocumental\RecepcionDocumental\tools\DocumentAiProbe\experiments\H1D10A\text\78F72149A9868B3E46CE41826362BFC1D49ACD0B74BA8B96C49C9F8EB34B8DC3.header.txt,55602F5C837240B4A2C271B6FB476EF7E0F8B6DB8313D3F702AD02BDFAF1D215
79D72B16CC2B5501799E933CF4EE6BC2E55AA6B0FA2908E8EA10127B43C3F3E7,HeaderTextAsset,C:\Users\omard\source\repos\RecepcionDocumental\RecepcionDocumental\tools\DocumentAiProbe\experiments\H1D10A\text\79D72B16CC2B5501799E933CF4EE6BC2E55AA6B0FA2908E8EA10127B43C3F3E7.header.txt,86636A92996CED9D40AE061B1BD9A4733F5EBE8016B7AE1A894F68E24B23AB37
7A6B56B879EB82E96964292110FC30DAF7A117007D35FA16FC9BDF39CCF431A4,HeaderTextAsset,C:\Users\omard\source\repos\RecepcionDocumental\RecepcionDocumental\tools\DocumentAiProbe\experiments\H1D10A\text\7A6B56B879EB82E96964292110FC30DAF7A117007D35FA16FC9BDF39CCF431A4.header.txt,5726DBF54CA5C6C478A46360C5EA46C2594D4C56EC7ED0F681D54BB651101C7C
7A6F6A8DC8DDE99AD6F4F4FCE92CEEAB938B1A8D791A65A45C343C7C060282EF,HeaderTextAsset,C:\Users\omard\source\repos\RecepcionDocumental\RecepcionDocumental\tools\DocumentAiProbe\experiments\H1D10A\text\7A6F6A8DC8DDE99AD6F4F4FCE92CEEAB938B1A8D791A65A45C343C7C060282EF.header.txt,EB8A181238E46A53ED7B7C0B6992678D13655A677C603657209322132CD3063C
7AC1C9AC52EB6F71A1818DD3EFD8652BD707373F5044E68001CB9D34E4DBCD61,HeaderTextAsset,C:\Users\omard\source\repos\RecepcionDocumental\RecepcionDocumental\tools\DocumentAiProbe\experiments\H1D10A\text\7AC1C9AC52EB6F71A1818DD3EFD8652BD707373F5044E68001CB9D34E4DBCD61.header.txt,57696F27BF78162F0597814B719EE29555585DC542DD451BA2294538390852C8
7B037B2AB2DF4F75EBAE4A4ED1922516E2EA37BD84D5053D354185B624070D2E,HeaderTextAsset,C:\Users\omard\source\repos\RecepcionDocumental\RecepcionDocumental\tools\DocumentAiProbe\experiments\H1D10A\text\7B037B2AB2DF4F75EBAE4A4ED1922516E2EA37BD84D5053D354185B624070D2E.header.txt,679C2E09520200CCEE018BE73DD8E4545593074150A7F7CE65E9D94702596E27
7B86358A58D6B220DB2FA71EB2F990126E71791245D63DE2BC6F4893E1112D57,HeaderTextAsset,C:\Users\omard\source\repos\RecepcionDocumental\RecepcionDocumental\tools\DocumentAiProbe\experiments\H1D10A\text\7B86358A58D6B220DB2FA71EB2F990126E71791245D63DE2BC6F4893E1112D57.header.txt,FC94EE9BD787C147D53DF0C076DCED4502AB665FAB063B988BC4B13E7F96B52D
7BDE4A6234A63437FD49094A42DF1BCF9206DCD39D993587EBF7AB45B0B73F4B,HeaderTextAsset,C:\Users\omard\source\repos\RecepcionDocumental\RecepcionDocumental\tools\DocumentAiProbe\experiments\H1D10A\text\7BDE4A6234A63437FD49094A42DF1BCF9206DCD39D993587EBF7AB45B0B73F4B.header.txt,409807D0F529F39FA606E3F84B0F34AAEDB82491260BA2C155938406353376EC
7C18DB2B45B457019E9904C1E7295A6F915742075D0CD4164CA1A72B0E7E34A2,HeaderTextAsset,C:\Users\omard\source\repos\RecepcionDocumental\RecepcionDocumental\tools\DocumentAiProbe\experiments\H1D10A\text\7C18DB2B45B457019E9904C1E7295A6F915742075D0CD4164CA1A72B0E7E34A2.header.txt,2846DB3410C03F3B7943E9222BBC8BA6B6329257BC6950B51B0AA2A885C58593
7D7462CE30AA30D68CF67E839C4773AF8CBE77EFB76BAC999469CA458FB25597,HeaderTextAsset,C:\Users\omard\source\repos\RecepcionDocumental\RecepcionDocumental\tools\DocumentAiProbe\experiments\H1D10A\text\7D7462CE30AA30D68CF67E839C4773AF8CBE77EFB76BAC999469CA458FB25597.header.txt,EB0F96711919C48A4DA9AA0606143C679D06D7E178C44933E0D1882FE4B6B3F5
7D8EC296513F445D9002B9807DAB61EC038108C45A4681A2CF802E5783C76CB2,HeaderTextAsset,C:\Users\omard\source\repos\RecepcionDocumental\RecepcionDocumental\tools\DocumentAiProbe\experiments\H1D10A\text\7D8EC296513F445D9002B9807DAB61EC038108C45A4681A2CF802E5783C76CB2.header.txt,51E7454554751DAC5D1DAD83A621A0C531BFD9BC3E8A2C1FBC71E81C3341AB2F
7E0C729D987C511194C9252681C4A1432D6F256F9CF4B75D24DD5A501612ED8D,HeaderTextAsset,C:\Users\omard\source\repos\RecepcionDocumental\RecepcionDocumental\tools\DocumentAiProbe\experiments\H1D10A\text\7E0C729D987C511194C9252681C4A1432D6F256F9CF4B75D24DD5A501612ED8D.header.txt,5DBE3D285E9A7773F5864E6247743D02A65509069E67B809843A75D22C424AB5
7E53EAEC3C1D84F7366B87F6375927162044A78723C19B68ED1C7E7FDE4185B3,HeaderTextAsset,C:\Users\omard\source\repos\RecepcionDocumental\RecepcionDocumental\tools\DocumentAiProbe\experiments\H1D10A\text\7E53EAEC3C1D84F7366B87F6375927162044A78723C19B68ED1C7E7FDE4185B3.header.txt,E22EF0E27753E39E2E5DFBFEC87079D88945F2AD612C176AE6540E91D09EA55B
7E5442F653047ED7FDC7F3F5E3FB0941703D5508A6DD880D65AEDF9336446D94,HeaderTextAsset,C:\Users\omard\source\repos\RecepcionDocumental\RecepcionDocumental\tools\DocumentAiProbe\experiments\H1D10A\text\7E5442F653047ED7FDC7F3F5E3FB0941703D5508A6DD880D65AEDF9336446D94.header.txt,74079BC44491F49FBE86F0595C5FF62A3028ECE1254BEB9AA08110968E6A4170
7EDA56327FF407D9C50987489E9F5D0FF3F4EDC0505D46FFFC3A07C6099C2F75,HeaderTextAsset,C:\Users\omard\source\repos\RecepcionDocumental\RecepcionDocumental\tools\DocumentAiProbe\experiments\H1D10A\text\7EDA56327FF407D9C50987489E9F5D0FF3F4EDC0505D46FFFC3A07C6099C2F75.header.txt,FF1E17F166D13840C9C377D39794888178D13BC128D2D30620C77B4B34A98C45
7FA73ECA9F264C3E86DF430ECE8915B619AE5CB4B39D335F700E2A37DA13318C,HeaderTextAsset,C:\Users\omard\source\repos\RecepcionDocumental\RecepcionDocumental\tools\DocumentAiProbe\experiments\H1D10A\text\7FA73ECA9F264C3E86DF430ECE8915B619AE5CB4B39D335F700E2A37DA13318C.header.txt,85F5E5928246B9BBC31D9FA7760C6F638EF26BBA9D93205B2282F54C2EFA4851
801CB1376CD7B7FD1DCFD45C87222BF5B9E48680C4D5BD21F1A3565052DE8416,HeaderTextAsset,C:\Users\omard\source\repos\RecepcionDocumental\RecepcionDocumental\tools\DocumentAiProbe\experiments\H1D10A\text\801CB1376CD7B7FD1DCFD45C87222BF5B9E48680C4D5BD21F1A3565052DE8416.header.txt,A2A00DAD414F7A392AF21124579675CDF398BC913728019FE2A86392ACA9A7FD
8046CECC2F808FA41C8D708DBCCDFFA069BB9BC26A69B03C857B80F14D8D5F5A,HeaderTextAsset,C:\Users\omard\source\repos\RecepcionDocumental\RecepcionDocumental\tools\DocumentAiProbe\experiments\H1D10A\text\8046CECC2F808FA41C8D708DBCCDFFA069BB9BC26A69B03C857B80F14D8D5F5A.header.txt,23D410CFBFD333FA305E26B67EAE824441DE081D46401094FFE0B44580D10A1C
8055F436B8FD147B8B86E15A1DEDE16DC1E38F36E766AE84819837AA97A246FA,HeaderTextAsset,C:\Users\omard\source\repos\RecepcionDocumental\RecepcionDocumental\tools\DocumentAiProbe\experiments\H1D10A\text\8055F436B8FD147B8B86E15A1DEDE16DC1E38F36E766AE84819837AA97A246FA.header.txt,8FC0F6D5C3B71EB7ED405B56D7B56923BCE010A380ABC9DD381EDEB9C6F7F378
80EA8AC4D75DCB8E1A8079A5C2BA9A0C929CA2C2D93DEDAF3D9A9EAE85A47D52,HeaderTextAsset,C:\Users\omard\source\repos\RecepcionDocumental\RecepcionDocumental\tools\DocumentAiProbe\experiments\H1D10A\text\80EA8AC4D75DCB8E1A8079A5C2BA9A0C929CA2C2D93DEDAF3D9A9EAE85A47D52.header.txt,72900B4BE599140EE1C9330455AD2753F8BE5415C5798477052ED1E8FE9B793C
80F8293DA32D79D925FA851C066FB4DF6378233EA2B89DDF5B3E47510D5C7F70,HeaderTextAsset,C:\Users\omard\source\repos\RecepcionDocumental\RecepcionDocumental\tools\DocumentAiProbe\experiments\H1D10A\text\80F8293DA32D79D925FA851C066FB4DF6378233EA2B89DDF5B3E47510D5C7F70.header.txt,7F0096B35A3BD329C12CE5A986E2F8CF3F008DD1DA1A53888CF51908888A75A7
81B0F71C6C8208A35D9E7B41F0D01002293F3930C34DDFC0A2FCE923805D488F,HeaderTextAsset,C:\Users\omard\source\repos\RecepcionDocumental\RecepcionDocumental\tools\DocumentAiProbe\experiments\H1D10A\text\81B0F71C6C8208A35D9E7B41F0D01002293F3930C34DDFC0A2FCE923805D488F.header.txt,A68EC47509350058F3379E6548A35D34919FE4AB00430745317A91A9AB8BBDC8
82F699C0366E2AB9ABE9671D5905CD7178E2B1233EE193DAB4FE55EE4C5CCA86,HeaderTextAsset,C:\Users\omard\source\repos\RecepcionDocumental\RecepcionDocumental\tools\DocumentAiProbe\experiments\H1D10A\text\82F699C0366E2AB9ABE9671D5905CD7178E2B1233EE193DAB4FE55EE4C5CCA86.header.txt,61CD6AC84C72F7876BC56811A18C54A676E3DFAED5DDFF68E4B82CACDC09B0B3
838BDD3491B67E2E7A98FAF41EE394F622A0A3C6E67F48909DF591C1015D861A,HeaderTextAsset,C:\Users\omard\source\repos\RecepcionDocumental\RecepcionDocumental\tools\DocumentAiProbe\experiments\H1D10A\text\838BDD3491B67E2E7A98FAF41EE394F622A0A3C6E67F48909DF591C1015D861A.header.txt,B351D5E4DF06DB83BA39FD7753F0527FB51B34EC7FFD1392FA91DDAA980713E1
83960E4A2025A3CEAC1669AF3BB0760321D7AA2FE2B239CD5DEDE439BA0A7CD5,HeaderTextAsset,C:\Users\omard\source\repos\RecepcionDocumental\RecepcionDocumental\tools\DocumentAiProbe\experiments\H1D10A\text\83960E4A2025A3CEAC1669AF3BB0760321D7AA2FE2B239CD5DEDE439BA0A7CD5.header.txt,9E390BF7F068E33938566B8FE72458F11256D862B7046FF6C45E3A592C035DF7
83D3787D3C1C67BDE0CF0859A1C1CFBAFD12CB2A08DCEACFED823A939AB86448,HeaderTextAsset,C:\Users\omard\source\repos\RecepcionDocumental\RecepcionDocumental\tools\DocumentAiProbe\experiments\H1D10A\text\83D3787D3C1C67BDE0CF0859A1C1CFBAFD12CB2A08DCEACFED823A939AB86448.header.txt,0DCB107DDD190E6349C996F61CA7454B7CA85991FD8D1A1E0BC1D18F01CFAF7C
83FF610427EDDFDCACCC0701011861D95A017E8EFFEDC212097521687AEA30A5,HeaderTextAsset,C:\Users\omard\source\repos\RecepcionDocumental\RecepcionDocumental\tools\DocumentAiProbe\experiments\H1D10A\text\83FF610427EDDFDCACCC0701011861D95A017E8EFFEDC212097521687AEA30A5.header.txt,AA2A7DCC0803400E310B6964DF93BA1A3EEBA8B888823838DF91288837119EA2
8441B87BFC984C929BA7CAD936B73DC8744FCB5AFCE7621462F69256E436A220,HeaderTextAsset,C:\Users\omard\source\repos\RecepcionDocumental\RecepcionDocumental\tools\DocumentAiProbe\experiments\H1D10A\text\8441B87BFC984C929BA7CAD936B73DC8744FCB5AFCE7621462F69256E436A220.header.txt,3590DDEEFFAD1F9C1708DB793C21ED3E52BB549FFDE17E2C7221F3067CBEBC67
8469C1DC30FA68ACF9AB761890C24E46FFE9EC17A4D94BB19C855CF91D165413,HeaderTextAsset,C:\Users\omard\source\repos\RecepcionDocumental\RecepcionDocumental\tools\DocumentAiProbe\experiments\H1D10A\text\8469C1DC30FA68ACF9AB761890C24E46FFE9EC17A4D94BB19C855CF91D165413.header.txt,3E35143A32955A2020C4C95CBB93E35B56F9BCDC761068721A8E780D35EDA77A
84C3696B2F8E391A2EE5E0C40990CFDF6A01BF1DB432F8037606E840030944A6,HeaderTextAsset,C:\Users\omard\source\repos\RecepcionDocumental\RecepcionDocumental\tools\DocumentAiProbe\experiments\H1D10A\text\84C3696B2F8E391A2EE5E0C40990CFDF6A01BF1DB432F8037606E840030944A6.header.txt,D7E691C08D9572FF558B9EA91E11966B673266B6AC6E458A1AE40D25BE9D3C9A
84D9E205506ADA7BE8467CBE10D347D7C258D7751CFAA2BCA48B2E9C59FC6108,HeaderTextAsset,C:\Users\omard\source\repos\RecepcionDocumental\RecepcionDocumental\tools\DocumentAiProbe\experiments\H1D10A\text\84D9E205506ADA7BE8467CBE10D347D7C258D7751CFAA2BCA48B2E9C59FC6108.header.txt,22ACA1B0CABFCE26E12ED18E40E3F0F9E7631AC840B7F8D3716EB1F3480FB1FF
85DD96B52360238128DEBF13F22C3A11653044338087911CC47DF0C06BE38D6A,HeaderTextAsset,C:\Users\omard\source\repos\RecepcionDocumental\RecepcionDocumental\tools\DocumentAiProbe\experiments\H1D10A\text\85DD96B52360238128DEBF13F22C3A11653044338087911CC47DF0C06BE38D6A.header.txt,247FE13F728D71654AC14742DA506DBCBEEFF90CF8A2D92E1A2B2DE001F43249
863D96C2CB9C9BBE49C71442191E1490BE86EF8924B31349B08B797D4F23CE2A,HeaderTextAsset,C:\Users\omard\source\repos\RecepcionDocumental\RecepcionDocumental\tools\DocumentAiProbe\experiments\H1D10A\text\863D96C2CB9C9BBE49C71442191E1490BE86EF8924B31349B08B797D4F23CE2A.header.txt,B9E5CBA0AB49D540138512E1A7E8497ABEEFEFF6F230E37053D0E73FD0B66D78
8679AF44469FF9AA689315147277CB2AD7730B02C966251EF88D6734C02F8E39,HeaderTextAsset,C:\Users\omard\source\repos\RecepcionDocumental\RecepcionDocumental\tools\DocumentAiProbe\experiments\H1D10A\text\8679AF44469FF9AA689315147277CB2AD7730B02C966251EF88D6734C02F8E39.header.txt,4E3824526783E02581CF5F26B813F51825DE25A0546178FA99ED9F13DFBC9730
86843BA2824BF042AC7FB104A213134C86A7CC60C61C2849ECD243AC58702D17,HeaderTextAsset,C:\Users\omard\source\repos\RecepcionDocumental\RecepcionDocumental\tools\DocumentAiProbe\experiments\H1D10A\text\86843BA2824BF042AC7FB104A213134C86A7CC60C61C2849ECD243AC58702D17.header.txt,3DDF4C2F2049CB6B643C34CC8F1A99A12E691731F9DD4704DE74C7DF920096A1
86A099DFDEC94FD6B3BE5207E700F8103303ECF1730B079A72D5ECECEA862CBC,HeaderTextAsset,C:\Users\omard\source\repos\RecepcionDocumental\RecepcionDocumental\tools\DocumentAiProbe\experiments\H1D10A\text\86A099DFDEC94FD6B3BE5207E700F8103303ECF1730B079A72D5ECECEA862CBC.header.txt,7EB1E6FF884AA1AD2091DD0CC0E558F5CF2AF0088C1F0840F614F7BAF89F75CB
86C678C7F385714269F42E69A8DBB7CF3E1DD7DC25C93C12606893609B093A14,HeaderTextAsset,C:\Users\omard\source\repos\RecepcionDocumental\RecepcionDocumental\tools\DocumentAiProbe\experiments\H1D10A\text\86C678C7F385714269F42E69A8DBB7CF3E1DD7DC25C93C12606893609B093A14.header.txt,6D3E72A8C566B84800A86018CFA0F85FA067C50049082A740F9074D1705759AA
871A27FC662D38A1C559011615D6A48C9E1BA8D3CC32A234BD5503498F2671F0,HeaderTextAsset,C:\Users\omard\source\repos\RecepcionDocumental\RecepcionDocumental\tools\DocumentAiProbe\experiments\H1D10A\text\871A27FC662D38A1C559011615D6A48C9E1BA8D3CC32A234BD5503498F2671F0.header.txt,B2D985FCC86ECB0632C6F7059F1C0FEC4827C2231348B0636AEBFF2960789848
872FB7DA763A4201C73317F430045C9C678991CFBA2936CCA0C6AF6F3E507B02,HeaderTextAsset,C:\Users\omard\source\repos\RecepcionDocumental\RecepcionDocumental\tools\DocumentAiProbe\experiments\H1D10A\text\872FB7DA763A4201C73317F430045C9C678991CFBA2936CCA0C6AF6F3E507B02.header.txt,FB8B8DD28C1C05018421A1B582F5A85B7E7A028BFC23FFF47B1985DBA725E762
87AF9B6C07186BDDB815D96BE317D66144F33FF28A3E4C7CB8D3B2D0DBACB3A6,HeaderTextAsset,C:\Users\omard\source\repos\RecepcionDocumental\RecepcionDocumental\tools\DocumentAiProbe\experiments\H1D10A\text\87AF9B6C07186BDDB815D96BE317D66144F33FF28A3E4C7CB8D3B2D0DBACB3A6.header.txt,40996E8F12D4BDEAEA2819840C471356A5F1B5987D16F3C0874F06B0B4B8BA3C
87F2AA02637EE62913CB081146FA2CED91CE4FEA16C4B729941E3652EDC7F8AF,HeaderTextAsset,C:\Users\omard\source\repos\RecepcionDocumental\RecepcionDocumental\tools\DocumentAiProbe\experiments\H1D10A\text\87F2AA02637EE62913CB081146FA2CED91CE4FEA16C4B729941E3652EDC7F8AF.header.txt,8F77E94472E2C032BB257C7172459E33AB9AC81596504FC025566A3F625E244C
8948EFE038972CDAA69FBA12222372A32FAB25660E9FE688F303C0843F57B065,HeaderTextAsset,C:\Users\omard\source\repos\RecepcionDocumental\RecepcionDocumental\tools\DocumentAiProbe\experiments\H1D10A\text\8948EFE038972CDAA69FBA12222372A32FAB25660E9FE688F303C0843F57B065.header.txt,60CD7076E8E6957117AE1427551CDB5B5A8A330411E84782F7DB0AB555D390A5
895412EA332ACCBA41F9B28494B31FAE1EA1AA820FC26815D81C84882DA4176D,HeaderTextAsset,C:\Users\omard\source\repos\RecepcionDocumental\RecepcionDocumental\tools\DocumentAiProbe\experiments\H1D10A\text\895412EA332ACCBA41F9B28494B31FAE1EA1AA820FC26815D81C84882DA4176D.header.txt,F35532DFA53EE1CE71812317479D092E93FCF89FE7EAEF1A6ADF315676BF493E
89ED291443AE0BB7EC1C6646F2AE9BFB22F77D463839310C80F3463F78F3FEB4,HeaderTextAsset,C:\Users\omard\source\repos\RecepcionDocumental\RecepcionDocumental\tools\DocumentAiProbe\experiments\H1D10A\text\89ED291443AE0BB7EC1C6646F2AE9BFB22F77D463839310C80F3463F78F3FEB4.header.txt,B5DE57C934E1B55C3C061F57171CC6515CEC37FC21C0A3C10DD4F17182A50E5B
8A55E59D25578AB42D030998A505AD64E19E983E4D325911A3013DB958E779C0,HeaderTextAsset,C:\Users\omard\source\repos\RecepcionDocumental\RecepcionDocumental\tools\DocumentAiProbe\experiments\H1D10A\text\8A55E59D25578AB42D030998A505AD64E19E983E4D325911A3013DB958E779C0.header.txt,D1CDFBC3CABB0E70F013ED18986001D863C1A05972E940E42E246BEF001CD2FA
8A64B41735B3B600608142415E0C217D7F0C612A792192C0B59C69389228BDDD,HeaderTextAsset,C:\Users\omard\source\repos\RecepcionDocumental\RecepcionDocumental\tools\DocumentAiProbe\experiments\H1D10A\text\8A64B41735B3B600608142415E0C217D7F0C612A792192C0B59C69389228BDDD.header.txt,3BB068BECDF51395FB9EFC8EFE9C2B2F711234FCD581D09EA81D3D4A394D07C1
8A98B36B86D14525DBB239EC247A4C69EC070884F059CEACB00B551F187AEDA1,HeaderTextAsset,C:\Users\omard\source\repos\RecepcionDocumental\RecepcionDocumental\tools\DocumentAiProbe\experiments\H1D10A\text\8A98B36B86D14525DBB239EC247A4C69EC070884F059CEACB00B551F187AEDA1.header.txt,3A84B2686A55DDD979D173073D67A0C883A0A77357D78BCCCACD1A45159DD6A0
8AB10F657AC45624CBA60319A6D6E3903B0796C20680B4F0128F2E29EC6814B9,HeaderTextAsset,C:\Users\omard\source\repos\RecepcionDocumental\RecepcionDocumental\tools\DocumentAiProbe\experiments\H1D10A\text\8AB10F657AC45624CBA60319A6D6E3903B0796C20680B4F0128F2E29EC6814B9.header.txt,AF3D8C26737AC73551DB194FF4B3151C822B8381D7BF574677BCEEFF12853BDA
8B413A28B2078C81F33BFA43153D0505069C9EC5CB4BCFF69F9E3BFD8B2BEB65,HeaderTextAsset,C:\Users\omard\source\repos\RecepcionDocumental\RecepcionDocumental\tools\DocumentAiProbe\experiments\H1D10A\text\8B413A28B2078C81F33BFA43153D0505069C9EC5CB4BCFF69F9E3BFD8B2BEB65.header.txt,E1B084281050F418B52691C9F41FF4B17944D26E7CF5FFC5F55F5D439A165D8A
8B5CA18A91177CF5FEE4C93A727A39D67FC6CC06FECC508B41ECCD19AEB5EA5F,HeaderTextAsset,C:\Users\omard\source\repos\RecepcionDocumental\RecepcionDocumental\tools\DocumentAiProbe\experiments\H1D10A\text\8B5CA18A91177CF5FEE4C93A727A39D67FC6CC06FECC508B41ECCD19AEB5EA5F.header.txt,3A2BA9539E606EB60EF3CD61D6E7FDD15C3B0FF2FE3565D6E8EC714B46FA167F
8B66E370C91ACB0D718E699B802643202D3DEAC9809FE10A978631CF03836B37,HeaderTextAsset,C:\Users\omard\source\repos\RecepcionDocumental\RecepcionDocumental\tools\DocumentAiProbe\experiments\H1D10A\text\8B66E370C91ACB0D718E699B802643202D3DEAC9809FE10A978631CF03836B37.header.txt,AFC96B206230D19F7B88601103EBE39F2CC1CDAEE827987BECE56C90794C2BA2
8B7554C363443A9568CB0DE71C08C6F1D4481B09F56E7E90BF741C53ACB0C91B,HeaderTextAsset,C:\Users\omard\source\repos\RecepcionDocumental\RecepcionDocumental\tools\DocumentAiProbe\experiments\H1D10A\text\8B7554C363443A9568CB0DE71C08C6F1D4481B09F56E7E90BF741C53ACB0C91B.header.txt,6B5196E0A60BFE6C3F959264355DF39C758F6AAF859B7A23291A717BEBBF1FA6
8B99A22D29696717771CBAF632D3CDCFFF3E56D09B122D3A8E5A9FD20AC70C62,HeaderTextAsset,C:\Users\omard\source\repos\RecepcionDocumental\RecepcionDocumental\tools\DocumentAiProbe\experiments\H1D10A\text\8B99A22D29696717771CBAF632D3CDCFFF3E56D09B122D3A8E5A9FD20AC70C62.header.txt,BBF325EB3058DF5C7A3D56BF3FBDAF874C96E9B11C1EAAF68FDD061930A7D716
8BB2619FAE5554CE04971B56DA87DD320154C038B95EE961DA4A893D8AE8261D,HeaderTextAsset,C:\Users\omard\source\repos\RecepcionDocumental\RecepcionDocumental\tools\DocumentAiProbe\experiments\H1D10A\text\8BB2619FAE5554CE04971B56DA87DD320154C038B95EE961DA4A893D8AE8261D.header.txt,601EEE301060096ED66DF7CAB6E010C4A76B19E43D913945EF151296CD99A3BA
8BB6A993C31E82AC7CB82A8F7DA256410F5D07F2EAD669F18712B19DAF9D05ED,HeaderTextAsset,C:\Users\omard\source\repos\RecepcionDocumental\RecepcionDocumental\tools\DocumentAiProbe\experiments\H1D10A\text\8BB6A993C31E82AC7CB82A8F7DA256410F5D07F2EAD669F18712B19DAF9D05ED.header.txt,7814AA7CC3E6DA2AB4C0057725A10367480909EC5E8C218B60124EC73C7B51F4
8C1EE9B1C7D94DF5FE5C44387BCBC8336D97854D121C4B1F1E6CCB5E435BB5B8,HeaderTextAsset,C:\Users\omard\source\repos\RecepcionDocumental\RecepcionDocumental\tools\DocumentAiProbe\experiments\H1D10A\text\8C1EE9B1C7D94DF5FE5C44387BCBC8336D97854D121C4B1F1E6CCB5E435BB5B8.header.txt,BDC7CA33CC04FA459F24906CA9A5D68ADA54D7E331A90A95520E0433C840F3C1
8C2046C4378D46D95FED8002878E4BD3B02155EC99FB9A2675BE2CAE794ACF94,HeaderTextAsset,C:\Users\omard\source\repos\RecepcionDocumental\RecepcionDocumental\tools\DocumentAiProbe\experiments\H1D10A\text\8C2046C4378D46D95FED8002878E4BD3B02155EC99FB9A2675BE2CAE794ACF94.header.txt,26F20E3E4B530270DCE7F3781CF4D6C11F73DC0EAA3B9D99756C1F3D58F13ADD
8C4FE2376B296AE1A97D7BF5273F83697EF0E7D3FCA14052088D0B7BAE2C45BB,HeaderTextAsset,C:\Users\omard\source\repos\RecepcionDocumental\RecepcionDocumental\tools\DocumentAiProbe\experiments\H1D10A\text\8C4FE2376B296AE1A97D7BF5273F83697EF0E7D3FCA14052088D0B7BAE2C45BB.header.txt,00C584204B7731F281244EAD74EF67BCCAEEC165AFC6B856DA6779CF918B511D
8CACCA49C1F3830446384AE1E40B0ADE9991E5BF0452601621929CC77DEF4CD3,HeaderTextAsset,C:\Users\omard\source\repos\RecepcionDocumental\RecepcionDocumental\tools\DocumentAiProbe\experiments\H1D10A\text\8CACCA49C1F3830446384AE1E40B0ADE9991E5BF0452601621929CC77DEF4CD3.header.txt,3500DFD4305ECB7118410CAEA9FB69FDEB61C227A571B9338341DB53F5DC8817
8D46878EDAE2D7879432B49A9B7CA06617C68A69A712020F769B4F957EBD61DF,HeaderTextAsset,C:\Users\omard\source\repos\RecepcionDocumental\RecepcionDocumental\tools\DocumentAiProbe\experiments\H1D10A\text\8D46878EDAE2D7879432B49A9B7CA06617C68A69A712020F769B4F957EBD61DF.header.txt,E105E70B14C09C32ACB09A8EDFFC44ED81C89F095196FA3CAA5B9F62F9A2A68B
8DA06AF9D7E91EE0C4B5E6A0CBD50C9B2641F262C773F18B65CD39F4B71F9AB0,HeaderTextAsset,C:\Users\omard\source\repos\RecepcionDocumental\RecepcionDocumental\tools\DocumentAiProbe\experiments\H1D10A\text\8DA06AF9D7E91EE0C4B5E6A0CBD50C9B2641F262C773F18B65CD39F4B71F9AB0.header.txt,C95CF6304F406CEA2AEEB6EF8788767247D7FD54938F20AA546CB582254A2B94
8DC80D0E3B2567254DCD7C4C92A0B43A2AA240489E7A0F158EF9D659D7DC10DC,HeaderTextAsset,C:\Users\omard\source\repos\RecepcionDocumental\RecepcionDocumental\tools\DocumentAiProbe\experiments\H1D10A\text\8DC80D0E3B2567254DCD7C4C92A0B43A2AA240489E7A0F158EF9D659D7DC10DC.header.txt,50DB3CD58ECF95310FFE564CDD1786A87F2B250D1D6C5D827CC0F28B19AE454B
8DF2E61CB78D3570A650346617661BA99AE20F5CA8F318BAE9757A5E35C21583,HeaderTextAsset,C:\Users\omard\source\repos\RecepcionDocumental\RecepcionDocumental\tools\DocumentAiProbe\experiments\H1D10A\text\8DF2E61CB78D3570A650346617661BA99AE20F5CA8F318BAE9757A5E35C21583.header.txt,B9AD9B0AB688CEF3E226CBB6D6D3961A6722D6852C372D5358B77DB664510F0C
8E13B132B3C35681FD69825FDE333EBCA80C317CA504C213983AAC7C752C5051,HeaderTextAsset,C:\Users\omard\source\repos\RecepcionDocumental\RecepcionDocumental\tools\DocumentAiProbe\experiments\H1D10A\text\8E13B132B3C35681FD69825FDE333EBCA80C317CA504C213983AAC7C752C5051.header.txt,6E2BEC97616B653013EECD7855AFA59F0D4EDAD6C15EA4CDED444BFF76D794EF
8E3ED9CD08D116D97319FA72591D1A71C1BF262414371319A422952749639061,HeaderTextAsset,C:\Users\omard\source\repos\RecepcionDocumental\RecepcionDocumental\tools\DocumentAiProbe\experiments\H1D10A\text\8E3ED9CD08D116D97319FA72591D1A71C1BF262414371319A422952749639061.header.txt,BB5FCD12FF69EE031E1493A056EB623B23637F11318821C523088216C15346DE
8E4314A5E5DC08A45F4D222B5F89D64EAB6BE0A4C07D4833F629D06A1D75BFB8,HeaderTextAsset,C:\Users\omard\source\repos\RecepcionDocumental\RecepcionDocumental\tools\DocumentAiProbe\experiments\H1D10A\text\8E4314A5E5DC08A45F4D222B5F89D64EAB6BE0A4C07D4833F629D06A1D75BFB8.header.txt,9F4AB31B2A2B6A53EC274A9F2E5A7A93E74774CE8816A959FCF45B0E3CD8199F
8EBCEDEDBC1F5C6641CEC59BF43B69D2768EED5FCD4A90E263675F07FA729345,HeaderTextAsset,C:\Users\omard\source\repos\RecepcionDocumental\RecepcionDocumental\tools\DocumentAiProbe\experiments\H1D10A\text\8EBCEDEDBC1F5C6641CEC59BF43B69D2768EED5FCD4A90E263675F07FA729345.header.txt,53E9D1B95D8A79628A688C1AD17E810AFFD2F7EC361D1C018DD17F5670D4F6E3
8EC7ADBD9271C5BE8DED67767D18E373AD67AA1F771D0C6967D63408E76C06E9,HeaderTextAsset,C:\Users\omard\source\repos\RecepcionDocumental\RecepcionDocumental\tools\DocumentAiProbe\experiments\H1D10A\text\8EC7ADBD9271C5BE8DED67767D18E373AD67AA1F771D0C6967D63408E76C06E9.header.txt,20926BFB81AA5B4FC8F0B0114AE3D8DD2F16A334161604B1E421A79971B8B442
8F590A4478A6EA9CF5BB735F5F313617F920C0D2D8BA1E7C00541EE8848BEAE6,HeaderTextAsset,C:\Users\omard\source\repos\RecepcionDocumental\RecepcionDocumental\tools\DocumentAiProbe\experiments\H1D10A\text\8F590A4478A6EA9CF5BB735F5F313617F920C0D2D8BA1E7C00541EE8848BEAE6.header.txt,0B467A07EE738367B20288A219BA90D69FF8B3EF403221AF14078D13F92A5E8A
8F84864C920906BAD9FFFB017F550A432F2DA5977CF3C228ECAA41C964C6551D,HeaderTextAsset,C:\Users\omard\source\repos\RecepcionDocumental\RecepcionDocumental\tools\DocumentAiProbe\experiments\H1D10A\text\8F84864C920906BAD9FFFB017F550A432F2DA5977CF3C228ECAA41C964C6551D.header.txt,0B121DCCE3FFFB0B10304E33DD33856FCEBCB2C8924189DA874AE0930BBEC27B
8F8B0D04F433688E68340F95C3B73FD2482654BD6272297F57F6A3C68D38C764,HeaderTextAsset,C:\Users\omard\source\repos\RecepcionDocumental\RecepcionDocumental\tools\DocumentAiProbe\experiments\H1D10A\text\8F8B0D04F433688E68340F95C3B73FD2482654BD6272297F57F6A3C68D38C764.header.txt,916CE2FD7D017F517260953D2CE41F1FE098EB5C153BB1CEFF157F11F402FF45
9006D847B75981F85DFE60D4C44636C58924D5EF921B39BB072209A5FEB97702,HeaderTextAsset,C:\Users\omard\source\repos\RecepcionDocumental\RecepcionDocumental\tools\DocumentAiProbe\experiments\H1D10A\text\9006D847B75981F85DFE60D4C44636C58924D5EF921B39BB072209A5FEB97702.header.txt,3C013BCCB9063E491CFAFFA0B2EA7025481E31A62622E50705C391CBF8A36222
9135FD3D4AA827A2D80A1AE09E0FA9DFA0FFCC62DC88FF54E7754CFB2894C77C,HeaderTextAsset,C:\Users\omard\source\repos\RecepcionDocumental\RecepcionDocumental\tools\DocumentAiProbe\experiments\H1D10A\text\9135FD3D4AA827A2D80A1AE09E0FA9DFA0FFCC62DC88FF54E7754CFB2894C77C.header.txt,95749273FA407074B74A491FA76DC145C9F23957949CB23C11972244B0A3978D
914F05B9361B18D7157B7B242366C24DC3309BCC4F9A7921E31793FDCD39A061,HeaderTextAsset,C:\Users\omard\source\repos\RecepcionDocumental\RecepcionDocumental\tools\DocumentAiProbe\experiments\H1D10A\text\914F05B9361B18D7157B7B242366C24DC3309BCC4F9A7921E31793FDCD39A061.header.txt,9AF9E04729F8DF138771754D12B21C37B9BFD3996B1DE78ED22F13546A8695CB
918370F621103ADF69B84A631E8BCEBB4FDFA068BB4289E44E615F647AD48657,HeaderTextAsset,C:\Users\omard\source\repos\RecepcionDocumental\RecepcionDocumental\tools\DocumentAiProbe\experiments\H1D10A\text\918370F621103ADF69B84A631E8BCEBB4FDFA068BB4289E44E615F647AD48657.header.txt,15645F9CF5E50138F810998E6A514B844D4C45865DBBD5F0768122E001E87AAA
919E46614EAB8D6AA723378211A27A0271E06E749E4FC49745AF7520CCE6F1C6,HeaderTextAsset,C:\Users\omard\source\repos\RecepcionDocumental\RecepcionDocumental\tools\DocumentAiProbe\experiments\H1D10A\text\919E46614EAB8D6AA723378211A27A0271E06E749E4FC49745AF7520CCE6F1C6.header.txt,3C11044650DBBFA12B3F1A21BB0911D3CA2E5D968E31BB9FA28CEFCC266BD035
922029A70D288AB1837BE93B8FBE4EE53EDEC6A4F68E7135A308E99B69D04321,HeaderTextAsset,C:\Users\omard\source\repos\RecepcionDocumental\RecepcionDocumental\tools\DocumentAiProbe\experiments\H1D10A\text\922029A70D288AB1837BE93B8FBE4EE53EDEC6A4F68E7135A308E99B69D04321.header.txt,A7E378A5A13348EA6A4D64EEC67EA26035534B48D8E5AB01FD0A75EDB72E47DA
9296238E39AFC467ED401132F7CEF5F4C77B290709C34B8E07F5F84900BA3081,HeaderTextAsset,C:\Users\omard\source\repos\RecepcionDocumental\RecepcionDocumental\tools\DocumentAiProbe\experiments\H1D10A\text\9296238E39AFC467ED401132F7CEF5F4C77B290709C34B8E07F5F84900BA3081.header.txt,F14457DB5B6CC63318D1179DD6A08C889A618846FBA17826FC54CF355617F70F
92A207627B7BBB6C591EC6967230F6486D1AD13FAE5E5DD797C7EA38FE3A7ECA,HeaderTextAsset,C:\Users\omard\source\repos\RecepcionDocumental\RecepcionDocumental\tools\DocumentAiProbe\experiments\H1D10A\text\92A207627B7BBB6C591EC6967230F6486D1AD13FAE5E5DD797C7EA38FE3A7ECA.header.txt,A48F05D375CFF13223D347EB643B54CDF9EAD38B5A168A5439C6809CD25F6695
92B614E47B9608F67B6EC997AE08D635D414797CBDC49247FE6DBCEB5B82FDB1,HeaderTextAsset,C:\Users\omard\source\repos\RecepcionDocumental\RecepcionDocumental\tools\DocumentAiProbe\experiments\H1D10A\text\92B614E47B9608F67B6EC997AE08D635D414797CBDC49247FE6DBCEB5B82FDB1.header.txt,84DC7034E5E6DA440A17E168591219B8DB87BC9DE83734C9C7401310289E833C
92BED5F1C789C4E62BFF3973C0D0E2CA2AF22D3A88D70A4530DFBDA5FFFAF7D3,HeaderTextAsset,C:\Users\omard\source\repos\RecepcionDocumental\RecepcionDocumental\tools\DocumentAiProbe\experiments\H1D10A\text\92BED5F1C789C4E62BFF3973C0D0E2CA2AF22D3A88D70A4530DFBDA5FFFAF7D3.header.txt,81B23C4BA8AB89761BC53BF96B92DDA56886EC51234F8FEA97DD43043FDBA9DA
92D639C30E3FAC88364D4F2E29B816EB25CD4A72864407601A824CC9A06A7039,HeaderTextAsset,C:\Users\omard\source\repos\RecepcionDocumental\RecepcionDocumental\tools\DocumentAiProbe\experiments\H1D10A\text\92D639C30E3FAC88364D4F2E29B816EB25CD4A72864407601A824CC9A06A7039.header.txt,682753421C295E2C30FDB48FD751D65CB3D9499B67DA602C6AEED0E6E2B52E8C
932E4DE8FB499D585D29ED6B0456350E27406F8B86F78C4BAF3DBAE65A6CEB9B,HeaderTextAsset,C:\Users\omard\source\repos\RecepcionDocumental\RecepcionDocumental\tools\DocumentAiProbe\experiments\H1D10A\text\932E4DE8FB499D585D29ED6B0456350E27406F8B86F78C4BAF3DBAE65A6CEB9B.header.txt,D3480936A4B350B6615EFCBCCA682CA67176B7303EB0779486B3D09427767EB4
93904BF94C042A9903653C099D33B775CA314298164B908F712B2920E4DB6D32,HeaderTextAsset,C:\Users\omard\source\repos\RecepcionDocumental\RecepcionDocumental\tools\DocumentAiProbe\experiments\H1D10A\text\93904BF94C042A9903653C099D33B775CA314298164B908F712B2920E4DB6D32.header.txt,54D758D34D9678F684673E9075C167D6A1F77896C2DABEAF86024E2D81A7CC50
93D176F4AAA012A05176DA514967D1BD80A9882897F8A869B072554CEBCFF5ED,HeaderTextAsset,C:\Users\omard\source\repos\RecepcionDocumental\RecepcionDocumental\tools\DocumentAiProbe\experiments\H1D10A\text\93D176F4AAA012A05176DA514967D1BD80A9882897F8A869B072554CEBCFF5ED.header.txt,A6A2A00E1B8D28CAED6DB167FF3AF148836D7137877B75BB571D5B08E8D5A1E5
93ED3048D26C9F4020F5417C660C4EB42975A4594C363AD06DD43CB34564B176,HeaderTextAsset,C:\Users\omard\source\repos\RecepcionDocumental\RecepcionDocumental\tools\DocumentAiProbe\experiments\H1D10A\text\93ED3048D26C9F4020F5417C660C4EB42975A4594C363AD06DD43CB34564B176.header.txt,2CBDAD22A684ABA4C005BDBD2492F35E5C62958A5673806118F1E33B502B76A9
94236583CE91323343024A8BCAD7DDC5F7D2482458063EC6E342AEE44CE8628C,HeaderTextAsset,C:\Users\omard\source\repos\RecepcionDocumental\RecepcionDocumental\tools\DocumentAiProbe\experiments\H1D10A\text\94236583CE91323343024A8BCAD7DDC5F7D2482458063EC6E342AEE44CE8628C.header.txt,641FAF274D0B9005A28573E44D058DFF6AFEFAB69B84C96C9923432CC87F68F6
9438730B56C9399DAD3C48D8DA087875EBFDAB1EC35C99B951393D326C5A99CF,HeaderTextAsset,C:\Users\omard\source\repos\RecepcionDocumental\RecepcionDocumental\tools\DocumentAiProbe\experiments\H1D10A\text\9438730B56C9399DAD3C48D8DA087875EBFDAB1EC35C99B951393D326C5A99CF.header.txt,0EF108DB9F96380F7F4741F6276E1748096ACA2525A9F513C50569C35ED902E2
94D293F51C67992B79BDC0C411D48D1D04DA543BE637421D5DA1A1A3BF474BD5,HeaderTextAsset,C:\Users\omard\source\repos\RecepcionDocumental\RecepcionDocumental\tools\DocumentAiProbe\experiments\H1D10A\text\94D293F51C67992B79BDC0C411D48D1D04DA543BE637421D5DA1A1A3BF474BD5.header.txt,1AA55076551E80E1118DD25CF13CF6598ABC93A3DFD5E680A1A8F7E2C1108344
94D9135E1417E8510FB69278BAF7DD9FEDE9C2B0BAB17D52060FAE0B7AF4009D,HeaderTextAsset,C:\Users\omard\source\repos\RecepcionDocumental\RecepcionDocumental\tools\DocumentAiProbe\experiments\H1D10A\text\94D9135E1417E8510FB69278BAF7DD9FEDE9C2B0BAB17D52060FAE0B7AF4009D.header.txt,EC6EA0441857906EEE4652D824BE1FFA9906D178EA08756EE8B4A86F0EA13900
94F4F2FDE9F8C99A52B3052E8951186B9BAE1B728954D41DE66D2ED7F6106B60,HeaderTextAsset,C:\Users\omard\source\repos\RecepcionDocumental\RecepcionDocumental\tools\DocumentAiProbe\experiments\H1D10A\text\94F4F2FDE9F8C99A52B3052E8951186B9BAE1B728954D41DE66D2ED7F6106B60.header.txt,AC7FC20BB7AAD951FB61A824AECD618BFAEE63676E7E4EE0178F31D5B5D3E95F
952231558F1FCB85A1DAD9B78A8EE6D6BAA4127CD7DEBD08B775DAA171E947E9,HeaderTextAsset,C:\Users\omard\source\repos\RecepcionDocumental\RecepcionDocumental\tools\DocumentAiProbe\experiments\H1D10A\text\952231558F1FCB85A1DAD9B78A8EE6D6BAA4127CD7DEBD08B775DAA171E947E9.header.txt,E267B2341F5F6FD80F89A61A7E13729D740D6F1B42ABDAAF3C7140A645674AC8
9533C501848D09DBBEEDF536AB13D5AA44346115AE6BF579C504B93F7598FA36,HeaderTextAsset,C:\Users\omard\source\repos\RecepcionDocumental\RecepcionDocumental\tools\DocumentAiProbe\experiments\H1D10A\text\9533C501848D09DBBEEDF536AB13D5AA44346115AE6BF579C504B93F7598FA36.header.txt,A2E84F2FA9DB9997428B03A20EB2F76876C5E23F9C52F88C9DA941D1C6399D00
9535420A65DBBFDCBDB266D34F2F2C37697034E8F50B59F6DBBABA928461F7D8,HeaderTextAsset,C:\Users\omard\source\repos\RecepcionDocumental\RecepcionDocumental\tools\DocumentAiProbe\experiments\H1D10A\text\9535420A65DBBFDCBDB266D34F2F2C37697034E8F50B59F6DBBABA928461F7D8.header.txt,B775D544544952B671E44CE9297C34822713388235D7B90D9E904D62F62D5236
95735C704A056C5262DA20FE7E758F87FD840321023B07DBA3F31DBE3EC81B32,HeaderTextAsset,C:\Users\omard\source\repos\RecepcionDocumental\RecepcionDocumental\tools\DocumentAiProbe\experiments\H1D10A\text\95735C704A056C5262DA20FE7E758F87FD840321023B07DBA3F31DBE3EC81B32.header.txt,17CD4C0EE7AC2AB2265D973A747C97E48912A3AE690113489C4347F2C6346FC5
9595171C316BF157FBB05B3B719D36858109C1542BDDD2104E869FAD47411A31,HeaderTextAsset,C:\Users\omard\source\repos\RecepcionDocumental\RecepcionDocumental\tools\DocumentAiProbe\experiments\H1D10A\text\9595171C316BF157FBB05B3B719D36858109C1542BDDD2104E869FAD47411A31.header.txt,3D69AAF9EB343D9721BA9789ACE758F2BC8939AB94363E7082D8A9C143277CD4
95F2C9C4D0C1D6280F1EB19BEFBEBD0BA285843D7F7A512DB9D892EE33ED6304,HeaderTextAsset,C:\Users\omard\source\repos\RecepcionDocumental\RecepcionDocumental\tools\DocumentAiProbe\experiments\H1D10A\text\95F2C9C4D0C1D6280F1EB19BEFBEBD0BA285843D7F7A512DB9D892EE33ED6304.header.txt,CE9DC678CB1063FF62C08B578E3A9E22DD4CE2B65BF564EE0C0A2F72A48613C4
97756EDE6104E0DD39BFE46879DE67906CF89FD042106EA5E96B813BFCD79906,HeaderTextAsset,C:\Users\omard\source\repos\RecepcionDocumental\RecepcionDocumental\tools\DocumentAiProbe\experiments\H1D10A\text\97756EDE6104E0DD39BFE46879DE67906CF89FD042106EA5E96B813BFCD79906.header.txt,82D33FF625CDB621242BF82984DC0A17073DBBE1976B67E1EE25A512F93ACE3F
982F7C678EC59D2EE3FD8B49283BEFFF07EF6AAF2D165BB9460C9C1D6FCDEDEB,HeaderTextAsset,C:\Users\omard\source\repos\RecepcionDocumental\RecepcionDocumental\tools\DocumentAiProbe\experiments\H1D10A\text\982F7C678EC59D2EE3FD8B49283BEFFF07EF6AAF2D165BB9460C9C1D6FCDEDEB.header.txt,FBE30FDCA3F0E1192D8CAE3B9072D56075C503E12BBB7C6B1A77F940CBEB23DD
988AA2F112F7E2DD5A23BB19FBC74237D2EA18263A36E12007C19FEDB140C4F7,HeaderTextAsset,C:\Users\omard\source\repos\RecepcionDocumental\RecepcionDocumental\tools\DocumentAiProbe\experiments\H1D10A\text\988AA2F112F7E2DD5A23BB19FBC74237D2EA18263A36E12007C19FEDB140C4F7.header.txt,2E4E86D62784B26E7C7B4DBF7BD9B80031EC53948FD02199A4EEF0DCC705856B
98B85AF352A89B59E8B3693929931C0F38C57CD3CEB6ACFBA234FE83FAFB038D,HeaderTextAsset,C:\Users\omard\source\repos\RecepcionDocumental\RecepcionDocumental\tools\DocumentAiProbe\experiments\H1D10A\text\98B85AF352A89B59E8B3693929931C0F38C57CD3CEB6ACFBA234FE83FAFB038D.header.txt,9B754CA14E81AA39106318EE52CA6B5960DA2F7A974049992F3821F63E76AD27
9902D6F74091F460C46CDB14FB50554C46DA9B7F4D9679F73CA51FA1C5766EFF,HeaderTextAsset,C:\Users\omard\source\repos\RecepcionDocumental\RecepcionDocumental\tools\DocumentAiProbe\experiments\H1D10A\text\9902D6F74091F460C46CDB14FB50554C46DA9B7F4D9679F73CA51FA1C5766EFF.header.txt,6990DEA928A0F6450962020A98ED46C67E1A51AA82324076747AE653214B2689
99A2CF7BF327A43FB919148AA5372122ADF57642939511E90CD42EBD43513074,HeaderTextAsset,C:\Users\omard\source\repos\RecepcionDocumental\RecepcionDocumental\tools\DocumentAiProbe\experiments\H1D10A\text\99A2CF7BF327A43FB919148AA5372122ADF57642939511E90CD42EBD43513074.header.txt,67EFCED1EC2FA2E56023EC3258F3373C77454B4AD4CD39A60C8A0E9C5DEDCAA6
99C3AC8AA32EEE0B5F8D14AFF06CF970678A9E779BCBF65C6C0C7EBE7875F490,HeaderTextAsset,C:\Users\omard\source\repos\RecepcionDocumental\RecepcionDocumental\tools\DocumentAiProbe\experiments\H1D10A\text\99C3AC8AA32EEE0B5F8D14AFF06CF970678A9E779BCBF65C6C0C7EBE7875F490.header.txt,5FB16DEBB82F79BC1B9815316733FD038D36E15CF477654A1A551692F3A364EC
99FA880F2D49DFE12B9ABE055A03BC9E9CBF2C7F90B7D6DBCBCB180E5161955C,HeaderTextAsset,C:\Users\omard\source\repos\RecepcionDocumental\RecepcionDocumental\tools\DocumentAiProbe\experiments\H1D10A\text\99FA880F2D49DFE12B9ABE055A03BC9E9CBF2C7F90B7D6DBCBCB180E5161955C.header.txt,958E5C1166BCD48051D41A9569AF7CAF8DF7C7FFCD62306817A7F7120AFDBE34
9A2EE5AC1B90DEFA83B03EA44FC25CFD797A3AFD47E60BCFCEFCBCCBB7571407,HeaderTextAsset,C:\Users\omard\source\repos\RecepcionDocumental\RecepcionDocumental\tools\DocumentAiProbe\experiments\H1D10A\text\9A2EE5AC1B90DEFA83B03EA44FC25CFD797A3AFD47E60BCFCEFCBCCBB7571407.header.txt,8A02B8699024FA1D8B05EF2C819A7FF5CBBB2B640A599591DA153091D50C7CD8
9A63DF60A2B989883B62B7EEFF890A651A0823FF651B548C7110C9841D9FEAE6,HeaderTextAsset,C:\Users\omard\source\repos\RecepcionDocumental\RecepcionDocumental\tools\DocumentAiProbe\experiments\H1D10A\text\9A63DF60A2B989883B62B7EEFF890A651A0823FF651B548C7110C9841D9FEAE6.header.txt,CC070F5261297BC778956C2777966D9413D2CF4D9555EA047B446C871D295249
9A8AD632A6650939B79837D8ED72A5DFF5ABDA3A88B2BE48E074E7DD6ECE99F8,HeaderTextAsset,C:\Users\omard\source\repos\RecepcionDocumental\RecepcionDocumental\tools\DocumentAiProbe\experiments\H1D10A\text\9A8AD632A6650939B79837D8ED72A5DFF5ABDA3A88B2BE48E074E7DD6ECE99F8.header.txt,ECD7274C32129E2EE3F335A05CA547C9455CB2CA8CCE4DCA6DD35636593E1B25
9B835F1EE315552D28E9B177838F43143459553205ED605766309135803AC3DB,HeaderTextAsset,C:\Users\omard\source\repos\RecepcionDocumental\RecepcionDocumental\tools\DocumentAiProbe\experiments\H1D10A\text\9B835F1EE315552D28E9B177838F43143459553205ED605766309135803AC3DB.header.txt,5ADC3C59E1E9877A3B6CED5EFA530138D53F0012F4817C34A80647A6F85021AB
9BF5CA3F532649C50C157B6AC8C23B5B7D29E958B4CC86488B96F01A4D183D42,HeaderTextAsset,C:\Users\omard\source\repos\RecepcionDocumental\RecepcionDocumental\tools\DocumentAiProbe\experiments\H1D10A\text\9BF5CA3F532649C50C157B6AC8C23B5B7D29E958B4CC86488B96F01A4D183D42.header.txt,1181E31BBE6994A3F17C6F52A67F846B10EB0EBE88C166B59A2C074E87FA738B
9C75DD4EEAA88B9D6F34FCF718F77238D95CC898D26234A7F6FAE1BA0166FCF3,HeaderTextAsset,C:\Users\omard\source\repos\RecepcionDocumental\RecepcionDocumental\tools\DocumentAiProbe\experiments\H1D10A\text\9C75DD4EEAA88B9D6F34FCF718F77238D95CC898D26234A7F6FAE1BA0166FCF3.header.txt,FF2C20663AFA4B2F6637E836F99F928A1F290EA2DAD15162D21A478060391139
9CD3EF32AAC9B333AA663DBDB9C3C50A0569492018FB064DE7CC5131F4E5E0CB,HeaderTextAsset,C:\Users\omard\source\repos\RecepcionDocumental\RecepcionDocumental\tools\DocumentAiProbe\experiments\H1D10A\text\9CD3EF32AAC9B333AA663DBDB9C3C50A0569492018FB064DE7CC5131F4E5E0CB.header.txt,F812B0B83AABFB28D7D1D8D9712B5D9F15D8FAFDA93AE8F60EB77CCEFD9B3274
9CE4431E0E551FCD8F64C87303CAF2B92FF90D1B4592A2EE10776DC2D92E19B0,HeaderTextAsset,C:\Users\omard\source\repos\RecepcionDocumental\RecepcionDocumental\tools\DocumentAiProbe\experiments\H1D10A\text\9CE4431E0E551FCD8F64C87303CAF2B92FF90D1B4592A2EE10776DC2D92E19B0.header.txt,1CD7EBEC41ACF95A28616CED33DFF020820CDB25A74CAB5D153BCA64A9BB8904
9CF0E925961EE4034C97B109F734605A285C4F6805428D16C4AA73439270B528,HeaderTextAsset,C:\Users\omard\source\repos\RecepcionDocumental\RecepcionDocumental\tools\DocumentAiProbe\experiments\H1D10A\text\9CF0E925961EE4034C97B109F734605A285C4F6805428D16C4AA73439270B528.header.txt,1265AFA96C6DBF8DC2434A5E80320CE18A2841F90198010CFD5CD5DE0ABC2CED
9D32EB2A7AAE8AF96268B8B27BA2A8BE47FF4ACFC571F07F51753E2CAC4BC474,HeaderTextAsset,C:\Users\omard\source\repos\RecepcionDocumental\RecepcionDocumental\tools\DocumentAiProbe\experiments\H1D10A\text\9D32EB2A7AAE8AF96268B8B27BA2A8BE47FF4ACFC571F07F51753E2CAC4BC474.header.txt,080989C115C6A9590988D20E641CBDE23F65945642DA0485C88A5313645D053E
9D9DCD74FDCADF6E7F394B283EC849B42A5DDB2941D87CCBABC7A7DB6C1D1329,HeaderTextAsset,C:\Users\omard\source\repos\RecepcionDocumental\RecepcionDocumental\tools\DocumentAiProbe\experiments\H1D10A\text\9D9DCD74FDCADF6E7F394B283EC849B42A5DDB2941D87CCBABC7A7DB6C1D1329.header.txt,E0790A17D1F4C3A6AAB6E2EC04FC56E557B5CCBD53B92281914FC1D76159E736
9DE34BE46F78A2971BB05A1AF6F6D97B6F50CA2562168D50657E048CCEB8F769,HeaderTextAsset,C:\Users\omard\source\repos\RecepcionDocumental\RecepcionDocumental\tools\DocumentAiProbe\experiments\H1D10A\text\9DE34BE46F78A2971BB05A1AF6F6D97B6F50CA2562168D50657E048CCEB8F769.header.txt,93AAC2DB04E4F01B1171332C81A5F339EDD2BEB619D2B79DEA9766BF8BD55AB5
9DEFF370610668A672B5743E1D56640197DD73C29661C593A4E07656610312BE,HeaderTextAsset,C:\Users\omard\source\repos\RecepcionDocumental\RecepcionDocumental\tools\DocumentAiProbe\experiments\H1D10A\text\9DEFF370610668A672B5743E1D56640197DD73C29661C593A4E07656610312BE.header.txt,734AC8ABF4E885F6D04F36625A980B7CA2340D9601A17E8499BDE0B10E124E80
9E79E8C55CE752763CEE24AFC77AA13C831D5158522CAE55FEB9732180FC8E2D,HeaderTextAsset,C:\Users\omard\source\repos\RecepcionDocumental\RecepcionDocumental\tools\DocumentAiProbe\experiments\H1D10A\text\9E79E8C55CE752763CEE24AFC77AA13C831D5158522CAE55FEB9732180FC8E2D.header.txt,9C8724D80F527AA3831FE76E9D97D4F06EA3C293536DC57C704F1857DAD12042
9F19E8127FAFA3A410DA535F6F5C178CDB2AA84B8AA0B657EBDF2A63D8D71A4C,HeaderTextAsset,C:\Users\omard\source\repos\RecepcionDocumental\RecepcionDocumental\tools\DocumentAiProbe\experiments\H1D10A\text\9F19E8127FAFA3A410DA535F6F5C178CDB2AA84B8AA0B657EBDF2A63D8D71A4C.header.txt,B9F4C5B1A95147D3EC52F07FA1500026A356D1800D8E18E0068883A6FC4E5584
9F53B7B116A3A51215A962D081E818A335EE37123DC694D717E93A4986D8F2BD,HeaderTextAsset,C:\Users\omard\source\repos\RecepcionDocumental\RecepcionDocumental\tools\DocumentAiProbe\experiments\H1D10A\text\9F53B7B116A3A51215A962D081E818A335EE37123DC694D717E93A4986D8F2BD.header.txt,BF6AE813B94BDEA644B534CAA6E429BF29DEF6E3169318B86ECA197E645E6EB9
9FD5F8D949B31CA77F5739AA8A21CD75F381E1A6BA5DDAB30CF452EF87A54219,HeaderTextAsset,C:\Users\omard\source\repos\RecepcionDocumental\RecepcionDocumental\tools\DocumentAiProbe\experiments\H1D10A\text\9FD5F8D949B31CA77F5739AA8A21CD75F381E1A6BA5DDAB30CF452EF87A54219.header.txt,5D38C06508553AB65F47AA0647C260595229C3DDA936E2E95CCDA1ACCBFEE272
A06521A0634D351B2C5C439A3E0724CF379301CCDA7FA4C0D9DEA962A8CC0644,HeaderTextAsset,C:\Users\omard\source\repos\RecepcionDocumental\RecepcionDocumental\tools\DocumentAiProbe\experiments\H1D10A\text\A06521A0634D351B2C5C439A3E0724CF379301CCDA7FA4C0D9DEA962A8CC0644.header.txt,25316F540BC1EBDB6FA3E663C673C54F5F83A3315E6FDE0ECA7299CDF80CEE07
A0885E2F9662A9A164C4BB6E49E988BAAD8220E0821546A9858A4E0973DD3625,HeaderTextAsset,C:\Users\omard\source\repos\RecepcionDocumental\RecepcionDocumental\tools\DocumentAiProbe\experiments\H1D10A\text\A0885E2F9662A9A164C4BB6E49E988BAAD8220E0821546A9858A4E0973DD3625.header.txt,63CA993CB2ED9460260485AD4CE1500754E32AA8C6739E0CFC002E0D3DD175FF
A0C0B2292DF6F4D62380D4BC1C7AE4868469167C17D7B00295326D1D8E0B4E7D,HeaderTextAsset,C:\Users\omard\source\repos\RecepcionDocumental\RecepcionDocumental\tools\DocumentAiProbe\experiments\H1D10A\text\A0C0B2292DF6F4D62380D4BC1C7AE4868469167C17D7B00295326D1D8E0B4E7D.header.txt,6EED00CD69F362587B2D2DACB1A984A3A403B199821153643816FB160231B164
A0FB56F6B5FE34808095BAEF8886F29081BC4101DF3E01F0C8167841A53BEEEA,HeaderTextAsset,C:\Users\omard\source\repos\RecepcionDocumental\RecepcionDocumental\tools\DocumentAiProbe\experiments\H1D10A\text\A0FB56F6B5FE34808095BAEF8886F29081BC4101DF3E01F0C8167841A53BEEEA.header.txt,D94898DC192E88262612B257B01D15241E0919F41337E59EFFFB7BEE96B1FE87
A12C2363915C402DE302B9049B009E954DCBBC1F91A607F7BCC495645CF16CCC,HeaderTextAsset,C:\Users\omard\source\repos\RecepcionDocumental\RecepcionDocumental\tools\DocumentAiProbe\experiments\H1D10A\text\A12C2363915C402DE302B9049B009E954DCBBC1F91A607F7BCC495645CF16CCC.header.txt,6EE2B953831FB24BAE99B299E53836C7462A7C8528A5239FEEABDCA8B0CC1966
A159E0211AD1EF740AABE80F6400A6BFCF63A683B24530D29E04ABA953327251,HeaderTextAsset,C:\Users\omard\source\repos\RecepcionDocumental\RecepcionDocumental\tools\DocumentAiProbe\experiments\H1D10A\text\A159E0211AD1EF740AABE80F6400A6BFCF63A683B24530D29E04ABA953327251.header.txt,ECC67AFE002D72AD4B93B1E73D2E44862B4291994FE18E48270C426D2732356D
A19BBC22A22912C1ABF027202777CB3D4280B5E3DA879371F0B92297B50A3BC9,HeaderTextAsset,C:\Users\omard\source\repos\RecepcionDocumental\RecepcionDocumental\tools\DocumentAiProbe\experiments\H1D10A\text\A19BBC22A22912C1ABF027202777CB3D4280B5E3DA879371F0B92297B50A3BC9.header.txt,6D331EE4FF9B2415D32FE135E3792BD98D230B297BCECB71ED03E9F1B2090CFC
A240C8CD36DB470D86B7036CE00EB12FB6F27333414A5A00AC78925096D04C81,HeaderTextAsset,C:\Users\omard\source\repos\RecepcionDocumental\RecepcionDocumental\tools\DocumentAiProbe\experiments\H1D10A\text\A240C8CD36DB470D86B7036CE00EB12FB6F27333414A5A00AC78925096D04C81.header.txt,62C4F366FC488D365E041205D60FCB97F4C8BFA30EE28861F1E7C85B9CEC95D9
A2EA23940C35D7E63B9C3509DA8730B68CB48C9F9F69CDD174FD74CD27DE82FD,HeaderTextAsset,C:\Users\omard\source\repos\RecepcionDocumental\RecepcionDocumental\tools\DocumentAiProbe\experiments\H1D10A\text\A2EA23940C35D7E63B9C3509DA8730B68CB48C9F9F69CDD174FD74CD27DE82FD.header.txt,DB7423EA99B0FF3A209FAFDC236104D5FAED9D025E7FCFCF5EA64457CC5C189B
A32ECD1BFF857D02AB31FBFE06D1869C3F0497B9D4FF9A69A02E307D0FC33208,HeaderTextAsset,C:\Users\omard\source\repos\RecepcionDocumental\RecepcionDocumental\tools\DocumentAiProbe\experiments\H1D10A\text\A32ECD1BFF857D02AB31FBFE06D1869C3F0497B9D4FF9A69A02E307D0FC33208.header.txt,98372C123A1C93AB65C48665E990F9BFC6C984A940784FF2CD7B48E4E0B74956
A33EA9E8D636C9EC2984B0439A944F4E90BDC95C4DA175B598A46CD411C0D550,HeaderTextAsset,C:\Users\omard\source\repos\RecepcionDocumental\RecepcionDocumental\tools\DocumentAiProbe\experiments\H1D10A\text\A33EA9E8D636C9EC2984B0439A944F4E90BDC95C4DA175B598A46CD411C0D550.header.txt,65514BF3B6A6AA2487BB0214B9DCFF97F7871FA19B4A8C3D502100CC29FAD801
A37E0A7FBBAA75E4DCF826BFB84A01DB2E75C41BCC66DA610D4EAD0161AC64A3,HeaderTextAsset,C:\Users\omard\source\repos\RecepcionDocumental\RecepcionDocumental\tools\DocumentAiProbe\experiments\H1D10A\text\A37E0A7FBBAA75E4DCF826BFB84A01DB2E75C41BCC66DA610D4EAD0161AC64A3.header.txt,01625711635BE02939690FE1F9082CC283800AFE7661ACA3423ADF263DDDC0B5
A414CF8CC30DADDD6094E677E51CB37E21915CFFEA74A688F3BC5D2AC05373EF,HeaderTextAsset,C:\Users\omard\source\repos\RecepcionDocumental\RecepcionDocumental\tools\DocumentAiProbe\experiments\H1D10A\text\A414CF8CC30DADDD6094E677E51CB37E21915CFFEA74A688F3BC5D2AC05373EF.header.txt,01CFF1D8BD0C80A41B59C33091BF0456303D81D0DF7FD73D0EA57C2BC93F3C52
A4523BEDBD4667517FD350E88C68312134772D059DF00900F500C7DE74ED5D08,HeaderTextAsset,C:\Users\omard\source\repos\RecepcionDocumental\RecepcionDocumental\tools\DocumentAiProbe\experiments\H1D10A\text\A4523BEDBD4667517FD350E88C68312134772D059DF00900F500C7DE74ED5D08.header.txt,AB836F2917BBA48C7BFF15EFB82A32C03F9CAC130B974957D5661F27355B4A48
A480BD7BF2D262AB240B04C4F67E20BB6D107695A8DC01D209B965B7DF8F1D22,HeaderTextAsset,C:\Users\omard\source\repos\RecepcionDocumental\RecepcionDocumental\tools\DocumentAiProbe\experiments\H1D10A\text\A480BD7BF2D262AB240B04C4F67E20BB6D107695A8DC01D209B965B7DF8F1D22.header.txt,494BF6345E69C4186DF9CDB5832FE4DAFD75DE5AAECD23A43D8D4541F120C3E0
A4BC0FFF6264A49C7F26DEF70AB61CDA387F7A8DEB559C014AD44C254DC1F24F,HeaderTextAsset,C:\Users\omard\source\repos\RecepcionDocumental\RecepcionDocumental\tools\DocumentAiProbe\experiments\H1D10A\text\A4BC0FFF6264A49C7F26DEF70AB61CDA387F7A8DEB559C014AD44C254DC1F24F.header.txt,9D164A5F8EF1F6F582EF673DEF1FA2471F1CE3D3F2562ADB979254C7523756C5
A6B20E13A4B01BF8446FAC67C1DBB5017F36D9AFE81EEAD4DB7A905F007CBA9F,HeaderTextAsset,C:\Users\omard\source\repos\RecepcionDocumental\RecepcionDocumental\tools\DocumentAiProbe\experiments\H1D10A\text\A6B20E13A4B01BF8446FAC67C1DBB5017F36D9AFE81EEAD4DB7A905F007CBA9F.header.txt,171B4A6B8B3B54FF55E243F490AE4D4CF970FC2F57A2A22BF00D6224463912F2
A6D943E86073406D69A2BE4C1751A6C7EB285A3860B94FE6E1A630775C2D1280,HeaderTextAsset,C:\Users\omard\source\repos\RecepcionDocumental\RecepcionDocumental\tools\DocumentAiProbe\experiments\H1D10A\text\A6D943E86073406D69A2BE4C1751A6C7EB285A3860B94FE6E1A630775C2D1280.header.txt,E684C71717F87D7A77F9ACE6DCE38D062188BD2C148F38F70F90433E8A9F3B4B
A6F677AC979547DCA61C3C09F51FEC807ECF0EE10C90B36C0AA6BA18AFCCD40D,HeaderTextAsset,C:\Users\omard\source\repos\RecepcionDocumental\RecepcionDocumental\tools\DocumentAiProbe\experiments\H1D10A\text\A6F677AC979547DCA61C3C09F51FEC807ECF0EE10C90B36C0AA6BA18AFCCD40D.header.txt,61AB56205A3552D9DEE30655BB351465618893C52AE01C27039A5C6307887B25
A71FC5B1F8DC5DEC5BCCCF9BC94C8368C2A741F27460799BFC74BBC21B8D9A76,HeaderTextAsset,C:\Users\omard\source\repos\RecepcionDocumental\RecepcionDocumental\tools\DocumentAiProbe\experiments\H1D10A\text\A71FC5B1F8DC5DEC5BCCCF9BC94C8368C2A741F27460799BFC74BBC21B8D9A76.header.txt,5CD4CE6B6A14A79C651E27A56FE9C103C3FE72D6B71F3FAA2EB0F5872F8D551B
A72DB0F4550183329E062A5BBE470D8FFA6C455B462AABD94B50E55F8D1F1629,HeaderTextAsset,C:\Users\omard\source\repos\RecepcionDocumental\RecepcionDocumental\tools\DocumentAiProbe\experiments\H1D10A\text\A72DB0F4550183329E062A5BBE470D8FFA6C455B462AABD94B50E55F8D1F1629.header.txt,6AC172039A0573D709D7A0DD16F22EA83E689BA52FF045DE68495F465D97CC5E
A75470D62993B9317232B2513554972B0D32D4BBC1238489D9CAACDDA1FC8FF8,HeaderTextAsset,C:\Users\omard\source\repos\RecepcionDocumental\RecepcionDocumental\tools\DocumentAiProbe\experiments\H1D10A\text\A75470D62993B9317232B2513554972B0D32D4BBC1238489D9CAACDDA1FC8FF8.header.txt,531E204CA4E53262A474482CFC02A89D8E6C8868B70E90960BFAF238A79C615C
A7622D943E2C55E1267BAB01BE6F0EA30658F64D967AE038F22845EDE38B62B9,HeaderTextAsset,C:\Users\omard\source\repos\RecepcionDocumental\RecepcionDocumental\tools\DocumentAiProbe\experiments\H1D10A\text\A7622D943E2C55E1267BAB01BE6F0EA30658F64D967AE038F22845EDE38B62B9.header.txt,BD2063EE61DAFBD843F16430310BD7920B9B485C80A29D750283D356776FC470
A823C02E8A81B443C25AA8306D55ADDE4F816161F1CF25A68327148A8EB04038,HeaderTextAsset,C:\Users\omard\source\repos\RecepcionDocumental\RecepcionDocumental\tools\DocumentAiProbe\experiments\H1D10A\text\A823C02E8A81B443C25AA8306D55ADDE4F816161F1CF25A68327148A8EB04038.header.txt,35E309FDAA1B4583CBD6149F8E0E769EAEA44CED651299BA387C9EAA957C5A9A
A8F0331BAF8D9E7B9ED28CD8B900BF486AEFFB7A38F1DF2EE711D3D8E15BD33C,HeaderTextAsset,C:\Users\omard\source\repos\RecepcionDocumental\RecepcionDocumental\tools\DocumentAiProbe\experiments\H1D10A\text\A8F0331BAF8D9E7B9ED28CD8B900BF486AEFFB7A38F1DF2EE711D3D8E15BD33C.header.txt,F379B4797D8AAE2442437CDE466B9DA851404809BF754DCEF7A7021150589DAC
A93C55D266256947439C01BB2AD88DF7261C2EFE439A721B8CDCCB1F8926C8F4,HeaderTextAsset,C:\Users\omard\source\repos\RecepcionDocumental\RecepcionDocumental\tools\DocumentAiProbe\experiments\H1D10A\text\A93C55D266256947439C01BB2AD88DF7261C2EFE439A721B8CDCCB1F8926C8F4.header.txt,EC48A2B1D60EFE5E695D05A1E7A09B66CCD36B71348136065376D94EEDC5E4A4
A95392B9FC96E4A1DB3656FD23468BD6685794BE5D05DCEA26C7B210995A47D2,HeaderTextAsset,C:\Users\omard\source\repos\RecepcionDocumental\RecepcionDocumental\tools\DocumentAiProbe\experiments\H1D10A\text\A95392B9FC96E4A1DB3656FD23468BD6685794BE5D05DCEA26C7B210995A47D2.header.txt,3F0642B067F021164A262A14CB4EBE903BB907E46A11107E9A69E2CF4FD4DD69
A9CDFAC58D90A54DD068ED8952E180624EFF9AF8E7710BECC757CF616B22C492,HeaderTextAsset,C:\Users\omard\source\repos\RecepcionDocumental\RecepcionDocumental\tools\DocumentAiProbe\experiments\H1D10A\text\A9CDFAC58D90A54DD068ED8952E180624EFF9AF8E7710BECC757CF616B22C492.header.txt,AADF66B0BBE375D6C29DC7D29EA1CB023937AB5EE801A85ECCA0B2F9B642C30A
AA0A55992BCC4CBF075DECB0D3D6264A5C828DFC2E36E69BED6229A67D129606,HeaderTextAsset,C:\Users\omard\source\repos\RecepcionDocumental\RecepcionDocumental\tools\DocumentAiProbe\experiments\H1D10A\text\AA0A55992BCC4CBF075DECB0D3D6264A5C828DFC2E36E69BED6229A67D129606.header.txt,3F931AF73A035A86765364D233362402ADEF81C65C8D801253872B1D6A0FF44C
AA6F3AD1D91CC4FCE231018AA45B333C5C0CC84637ABEB3ED46CF7B91F737025,HeaderTextAsset,C:\Users\omard\source\repos\RecepcionDocumental\RecepcionDocumental\tools\DocumentAiProbe\experiments\H1D10A\text\AA6F3AD1D91CC4FCE231018AA45B333C5C0CC84637ABEB3ED46CF7B91F737025.header.txt,81B81CCA2458CF006F8232B384C31772E61EC789CA781904E05DEA19D92A7DA9
AAACD05AB2F9D7F8E822DC08530454028431294811101A531E80A9C923A5FEE5,HeaderTextAsset,C:\Users\omard\source\repos\RecepcionDocumental\RecepcionDocumental\tools\DocumentAiProbe\experiments\H1D10A\text\AAACD05AB2F9D7F8E822DC08530454028431294811101A531E80A9C923A5FEE5.header.txt,C1D82B56A043354D084F8027A65C6CB12511DE27F33D619A525F5C445DE198A1
AAD31C221D1E014FC8E2BD6C4B1A56C83146EFD19F8DF992AAFC6109740A6195,HeaderTextAsset,C:\Users\omard\source\repos\RecepcionDocumental\RecepcionDocumental\tools\DocumentAiProbe\experiments\H1D10A\text\AAD31C221D1E014FC8E2BD6C4B1A56C83146EFD19F8DF992AAFC6109740A6195.header.txt,5BE8361F53CF24DEF4845B0795A7B2B20A73FF06D6B30A75A444E94CC5AEEE1D
AB94A237AF2D65D4C357CC6BDB8C537E436906E3A8557631EEB6385ECB3D9092,HeaderTextAsset,C:\Users\omard\source\repos\RecepcionDocumental\RecepcionDocumental\tools\DocumentAiProbe\experiments\H1D10A\text\AB94A237AF2D65D4C357CC6BDB8C537E436906E3A8557631EEB6385ECB3D9092.header.txt,B238E8B8E302853DF46482CD92E5CBDCE18E05BAF39AC11E16BD4B88312A87AE
ABFB9D15A1ACBC0F43F7AEEF7EABD9ADDE79A98F23FAE10719ACED072B104F99,HeaderTextAsset,C:\Users\omard\source\repos\RecepcionDocumental\RecepcionDocumental\tools\DocumentAiProbe\experiments\H1D10A\text\ABFB9D15A1ACBC0F43F7AEEF7EABD9ADDE79A98F23FAE10719ACED072B104F99.header.txt,D9E3D2AFC7D4DD2EEE680F2C9A3AF3B3B3C29428697086DD3DBF9EBC28B79CCD
AC18CF0B3F1C34C963FD893C238D89DDBDE2A25531222DEA86D20B256EC029B2,HeaderTextAsset,C:\Users\omard\source\repos\RecepcionDocumental\RecepcionDocumental\tools\DocumentAiProbe\experiments\H1D10A\text\AC18CF0B3F1C34C963FD893C238D89DDBDE2A25531222DEA86D20B256EC029B2.header.txt,A63E67EF57A508F74EC39DB74978950DCD74CDCB49F8D4CDECDC1F7B5E46A5D8
AC210970B60755DAE67F8AD826EC33C8D206E8CD176E4360ACF31D68C83F8793,HeaderTextAsset,C:\Users\omard\source\repos\RecepcionDocumental\RecepcionDocumental\tools\DocumentAiProbe\experiments\H1D10A\text\AC210970B60755DAE67F8AD826EC33C8D206E8CD176E4360ACF31D68C83F8793.header.txt,79413450B82AC6D26ADFD54DF7AC65D33F58ED5AC75EE15E1BF1078B69BD4BB7
AC37463A396EFEB20601425E5BB45D2D747C5E48603CFE56E247737AAF48D8DE,HeaderTextAsset,C:\Users\omard\source\repos\RecepcionDocumental\RecepcionDocumental\tools\DocumentAiProbe\experiments\H1D10A\text\AC37463A396EFEB20601425E5BB45D2D747C5E48603CFE56E247737AAF48D8DE.header.txt,78E08373C1D5228BA82B12B5B3A371FB9801D3A33B0F09D21A0216580B62FE59
ACC048319775E1E15699EF5BA9B41FE91E15CA3A4B832DBFD4103758E5F65E97,HeaderTextAsset,C:\Users\omard\source\repos\RecepcionDocumental\RecepcionDocumental\tools\DocumentAiProbe\experiments\H1D10A\text\ACC048319775E1E15699EF5BA9B41FE91E15CA3A4B832DBFD4103758E5F65E97.header.txt,97F2D6D4EC467E378E55559A104F0D9F63EB1070B9BBB3E74B1BD54E93F1D821
ACCF8E8FEC38135BC20F66FA0CC4CC442A6F73FB26C43DC71D9C9F69589D4B56,HeaderTextAsset,C:\Users\omard\source\repos\RecepcionDocumental\RecepcionDocumental\tools\DocumentAiProbe\experiments\H1D10A\text\ACCF8E8FEC38135BC20F66FA0CC4CC442A6F73FB26C43DC71D9C9F69589D4B56.header.txt,007F1BE761E854EBA27AB00DF7033FB6C35F06E950A61386DD830171C1E72886
AD6AD70C8513829235E6424DF2D2CE64853CF18203EC9A8FF5976279D77231CF,HeaderTextAsset,C:\Users\omard\source\repos\RecepcionDocumental\RecepcionDocumental\tools\DocumentAiProbe\experiments\H1D10A\text\AD6AD70C8513829235E6424DF2D2CE64853CF18203EC9A8FF5976279D77231CF.header.txt,DE7DB38FF9C87947B4A2D0BB68FE849FBE6E4EDD88A9500FFB55866B9C2C2C5B
AD8BAC5E05109AE4603F6EE1D3ACC2AA53BC2F8B530E34A5C4150D0416E44ACD,HeaderTextAsset,C:\Users\omard\source\repos\RecepcionDocumental\RecepcionDocumental\tools\DocumentAiProbe\experiments\H1D10A\text\AD8BAC5E05109AE4603F6EE1D3ACC2AA53BC2F8B530E34A5C4150D0416E44ACD.header.txt,5A8538BCDC32F0D6A530466C682658CBB747FA1B4E44DDCFE89AFE4D12D71478
AD9F6F5A72D8131D0B85D1003E8B63494A646AE1FBC81D1BC7120048ABA7E675,HeaderTextAsset,C:\Users\omard\source\repos\RecepcionDocumental\RecepcionDocumental\tools\DocumentAiProbe\experiments\H1D10A\text\AD9F6F5A72D8131D0B85D1003E8B63494A646AE1FBC81D1BC7120048ABA7E675.header.txt,BF1CBEB8309F24BE8939D51E87FE4B1B9B2522CC7453DC607B25BF777CFB4190
ADD08D343270C35C06824EF58EE47390215B1FAFD797A96502A7A10208522646,HeaderTextAsset,C:\Users\omard\source\repos\RecepcionDocumental\RecepcionDocumental\tools\DocumentAiProbe\experiments\H1D10A\text\ADD08D343270C35C06824EF58EE47390215B1FAFD797A96502A7A10208522646.header.txt,0D17BFBC49B8A2C50921E8DEC0ACFA74DA95B806F688AE2CF7C2EAAAE79110EB
ADDB4C168C1550A2B9FE56FC3AED90EE296C7A21C60ADFAA1EA904B4D4A4EF14,HeaderTextAsset,C:\Users\omard\source\repos\RecepcionDocumental\RecepcionDocumental\tools\DocumentAiProbe\experiments\H1D10A\text\ADDB4C168C1550A2B9FE56FC3AED90EE296C7A21C60ADFAA1EA904B4D4A4EF14.header.txt,47685887BF3713E2D615B1276C87FA41900F21414ECE78BCA82CBBDFC5161F04
AF045798312AA570496D34E7F9881A914D147F18BA1EFC937620EDC8A83C01CA,HeaderTextAsset,C:\Users\omard\source\repos\RecepcionDocumental\RecepcionDocumental\tools\DocumentAiProbe\experiments\H1D10A\text\AF045798312AA570496D34E7F9881A914D147F18BA1EFC937620EDC8A83C01CA.header.txt,BE3C229836B945A5E1B24ED8FF2E6FAA9298BCBDE8756BB5569B377E77030640
AF07531F61EF959807CE40A9BA8B8362F516A5741D0A152906514C1422FC62B6,HeaderTextAsset,C:\Users\omard\source\repos\RecepcionDocumental\RecepcionDocumental\tools\DocumentAiProbe\experiments\H1D10A\text\AF07531F61EF959807CE40A9BA8B8362F516A5741D0A152906514C1422FC62B6.header.txt,DA45F5E99B2B5D0449DC8B981946C85732A5AFC77B63DCF81A8AA58A31F8C2E5
AF222AF587C2EB549B9F2FDC0943ABF416C279FD35329C54941B78A5AECA545A,HeaderTextAsset,C:\Users\omard\source\repos\RecepcionDocumental\RecepcionDocumental\tools\DocumentAiProbe\experiments\H1D10A\text\AF222AF587C2EB549B9F2FDC0943ABF416C279FD35329C54941B78A5AECA545A.header.txt,071B43998C85F0A4CBC4A7D52053E502673E409858E782CFB470A14D802C3500
AF5AF96DF21402C34237AAF9A7B9926F458AC92F6F9C1C414FE22E99C131B4BF,HeaderTextAsset,C:\Users\omard\source\repos\RecepcionDocumental\RecepcionDocumental\tools\DocumentAiProbe\experiments\H1D10A\text\AF5AF96DF21402C34237AAF9A7B9926F458AC92F6F9C1C414FE22E99C131B4BF.header.txt,8C72C344FA8FE2EB603126C39603A0E5FFB49DA7E087D0D6B5661A5F7DCA2799
AF5D2B37C4A7BA2FDD20D1628E4F2A743D3DB07A1C79A59923CE70E491A1FD3C,HeaderTextAsset,C:\Users\omard\source\repos\RecepcionDocumental\RecepcionDocumental\tools\DocumentAiProbe\experiments\H1D10A\text\AF5D2B37C4A7BA2FDD20D1628E4F2A743D3DB07A1C79A59923CE70E491A1FD3C.header.txt,1D882BEF7828CAD8BB43F56D1411F0A8B30AC82CCC73D8AE46DF4408D041BEC8
AFE5C07F754EC3FF5C6ED21342EB7F60B5116385BF2E096B9D6F69631879E471,HeaderTextAsset,C:\Users\omard\source\repos\RecepcionDocumental\RecepcionDocumental\tools\DocumentAiProbe\experiments\H1D10A\text\AFE5C07F754EC3FF5C6ED21342EB7F60B5116385BF2E096B9D6F69631879E471.header.txt,42066EB3FDE182FB8A313538B640549816804533E9728891B271323B4E4547AD
AFED52A09304D2AFC91D1F2FC2680CD10AC199AE959EB631A69F2BC9ABABEB8F,HeaderTextAsset,C:\Users\omard\source\repos\RecepcionDocumental\RecepcionDocumental\tools\DocumentAiProbe\experiments\H1D10A\text\AFED52A09304D2AFC91D1F2FC2680CD10AC199AE959EB631A69F2BC9ABABEB8F.header.txt,2732BA4445F2027E82A265A3B02E5CBD0225A75688FD1B55B7D331CAC64123DB
AFF325F3A733F9A677C3A3E186A0D82D09D54DD9E9F5B308B9BAC208AD45C823,HeaderTextAsset,C:\Users\omard\source\repos\RecepcionDocumental\RecepcionDocumental\tools\DocumentAiProbe\experiments\H1D10A\text\AFF325F3A733F9A677C3A3E186A0D82D09D54DD9E9F5B308B9BAC208AD45C823.header.txt,58B357A53400C801DE1C5B5C9309500E474D3DB08B0C9F7E8FF7174083BDA4E6
B142C4D54C09C54A8ABAFAADE159DA4B7652B609DC8E7156A2D4ED445DF29F02,HeaderTextAsset,C:\Users\omard\source\repos\RecepcionDocumental\RecepcionDocumental\tools\DocumentAiProbe\experiments\H1D10A\text\B142C4D54C09C54A8ABAFAADE159DA4B7652B609DC8E7156A2D4ED445DF29F02.header.txt,07D3B7506BD36F6D6708B6A032222FD18AA5FAAB5AEF95651A99D052C0CF9E9A
B1B444D5C28E363D53F6B12D8C4C7DF8467BAB97FE461D554C77EFB1CDBB7F49,HeaderTextAsset,C:\Users\omard\source\repos\RecepcionDocumental\RecepcionDocumental\tools\DocumentAiProbe\experiments\H1D10A\text\B1B444D5C28E363D53F6B12D8C4C7DF8467BAB97FE461D554C77EFB1CDBB7F49.header.txt,9A7E37845F8BCA60C1C45EEE1DA04A0D0A7B71E0D95E3C11B5863D99C276DC5E
B1F8C68688C815C4B2E622CE629A8FB8E1E167F946A31358C0DEEB2C2EE9067E,HeaderTextAsset,C:\Users\omard\source\repos\RecepcionDocumental\RecepcionDocumental\tools\DocumentAiProbe\experiments\H1D10A\text\B1F8C68688C815C4B2E622CE629A8FB8E1E167F946A31358C0DEEB2C2EE9067E.header.txt,C51EB7422CF40AF8DA28EB8946E5E36FED6DE4476D981C9C69CD376B023CE22E
B24C7355D0913FE18C0E81BD1DEE40A5D26A2A67421866B7B15B0A68EBFFD461,HeaderTextAsset,C:\Users\omard\source\repos\RecepcionDocumental\RecepcionDocumental\tools\DocumentAiProbe\experiments\H1D10A\text\B24C7355D0913FE18C0E81BD1DEE40A5D26A2A67421866B7B15B0A68EBFFD461.header.txt,859EED5515D310D4E648A155221693B9202C765292CF2FCD4539B20465B9B69C
B2FF0B4A124C59014E155CC295168F191450CB84F4475FDEE07698A40C828FD8,HeaderTextAsset,C:\Users\omard\source\repos\RecepcionDocumental\RecepcionDocumental\tools\DocumentAiProbe\experiments\H1D10A\text\B2FF0B4A124C59014E155CC295168F191450CB84F4475FDEE07698A40C828FD8.header.txt,BC153019792601B103C1659D4E851E814FE0EB45DB713EC141D12F0DEE656E13
B3113D190773FBBD65962BAFBED3850DA90037CDB78B067D8E3DC4D3C8E67A65,HeaderTextAsset,C:\Users\omard\source\repos\RecepcionDocumental\RecepcionDocumental\tools\DocumentAiProbe\experiments\H1D10A\text\B3113D190773FBBD65962BAFBED3850DA90037CDB78B067D8E3DC4D3C8E67A65.header.txt,0623450C624795F1FA8FBC4E0C98C7789FC9E9B8C51FB56C47FB11C6F60106E7
B317DD5B2948BED0AC094B85A7DDD06291B6CEA51221F4B54C81BCD306B70A9D,HeaderTextAsset,C:\Users\omard\source\repos\RecepcionDocumental\RecepcionDocumental\tools\DocumentAiProbe\experiments\H1D10A\text\B317DD5B2948BED0AC094B85A7DDD06291B6CEA51221F4B54C81BCD306B70A9D.header.txt,7B978CE686AAC3507C65B14BA2DD373FC30F3F0D91A73540F45EA93EED08F9F9
B341884895A7E88E7AFC455DC3EC66E90DD8C350A46B9E108870D244B79B4659,HeaderTextAsset,C:\Users\omard\source\repos\RecepcionDocumental\RecepcionDocumental\tools\DocumentAiProbe\experiments\H1D10A\text\B341884895A7E88E7AFC455DC3EC66E90DD8C350A46B9E108870D244B79B4659.header.txt,8AB9BFCC04B9EB395CB5B6B921F0FBB4FD7CA2DF38B4D794885AEE3A6BDDA728
B35E69E2736957B4E82B541D2FA0882FFA8B690FCF400F00D3565518C39F07E7,HeaderTextAsset,C:\Users\omard\source\repos\RecepcionDocumental\RecepcionDocumental\tools\DocumentAiProbe\experiments\H1D10A\text\B35E69E2736957B4E82B541D2FA0882FFA8B690FCF400F00D3565518C39F07E7.header.txt,C598C2C72F552BCCA8359048AE629C7C12B847F28869F3A2832FF832DC7F44DA
B50033761C545171297B9A1ECC24CB16299CC271859962E767F5A43D1A74A813,HeaderTextAsset,C:\Users\omard\source\repos\RecepcionDocumental\RecepcionDocumental\tools\DocumentAiProbe\experiments\H1D10A\text\B50033761C545171297B9A1ECC24CB16299CC271859962E767F5A43D1A74A813.header.txt,4DB9B6A535E5D40E4327C1CAB5D874A7E01696AE84FD6065D5A83D388EB42AFA
B6AA48A5CE30F4F6A36F5A79F52B827827D311ACEFD072DA7ADA5E7DF534E53F,HeaderTextAsset,C:\Users\omard\source\repos\RecepcionDocumental\RecepcionDocumental\tools\DocumentAiProbe\experiments\H1D10A\text\B6AA48A5CE30F4F6A36F5A79F52B827827D311ACEFD072DA7ADA5E7DF534E53F.header.txt,DFFAFD748BB84EADD360BDB7075F91BDCE584D017DC682C1E7A2F11E574F4F12
B6FC91612D0D67AA4FFBCBAD979A4999CDDD79A3AEEDEEC07B92FD925467783E,HeaderTextAsset,C:\Users\omard\source\repos\RecepcionDocumental\RecepcionDocumental\tools\DocumentAiProbe\experiments\H1D10A\text\B6FC91612D0D67AA4FFBCBAD979A4999CDDD79A3AEEDEEC07B92FD925467783E.header.txt,AE8ED9A57CC7A4D65F3ADE82B371B3C4E8B1E2451BA5D211680AAD3FCDBDAA30
B708300DA4D47B7F271FA88AD2F0BE9CAABCA5AB55BE2C278F2689A9272829A1,HeaderTextAsset,C:\Users\omard\source\repos\RecepcionDocumental\RecepcionDocumental\tools\DocumentAiProbe\experiments\H1D10A\text\B708300DA4D47B7F271FA88AD2F0BE9CAABCA5AB55BE2C278F2689A9272829A1.header.txt,AF909150A4FAB6B7365576838C9C1517F5FFEDD13B765B4685EBF6AFA9BBEB49
B74F2DCA315F2C0C20BD3F950FE7D0CDD421C9AB08E1DA4D9B39FBF0A428EB87,HeaderTextAsset,C:\Users\omard\source\repos\RecepcionDocumental\RecepcionDocumental\tools\DocumentAiProbe\experiments\H1D10A\text\B74F2DCA315F2C0C20BD3F950FE7D0CDD421C9AB08E1DA4D9B39FBF0A428EB87.header.txt,11A275608B281AB3B0D8C9BB14F8B55EAA2E96C53A4A0C7056B19183B3D9FF13
B80A35829588FA239AD5B16A7F0A34E43B2B5DEB5112605DF44B49AE8131913F,HeaderTextAsset,C:\Users\omard\source\repos\RecepcionDocumental\RecepcionDocumental\tools\DocumentAiProbe\experiments\H1D10A\text\B80A35829588FA239AD5B16A7F0A34E43B2B5DEB5112605DF44B49AE8131913F.header.txt,2DECBD3BCE607AD3D7E3ED0493975943A43E73F243A06616C5A7772E5219764B
B8992F725C23EFF6C42C9D6177B1284854ECEFAD3E2F85CA1CFB642ED063AB4F,HeaderTextAsset,C:\Users\omard\source\repos\RecepcionDocumental\RecepcionDocumental\tools\DocumentAiProbe\experiments\H1D10A\text\B8992F725C23EFF6C42C9D6177B1284854ECEFAD3E2F85CA1CFB642ED063AB4F.header.txt,865C0014D1798D6332E196D543585B3F325A53E20DBFC627254933D7706DC9BC
B95D92B1911D81571A50B54AC7C9F9195C49676989CE33453C00FAB1C3DF007A,HeaderTextAsset,C:\Users\omard\source\repos\RecepcionDocumental\RecepcionDocumental\tools\DocumentAiProbe\experiments\H1D10A\text\B95D92B1911D81571A50B54AC7C9F9195C49676989CE33453C00FAB1C3DF007A.header.txt,5630E1F7438A2C01A86DDB5BB6F5A64C985EAA69BE0FAC825AEE70A8FB55528C
BBC0964799DAAA2C35AEDB4004A4C6E0323FAD9332B0FA6ED2A1BE5BAF5EFE27,HeaderTextAsset,C:\Users\omard\source\repos\RecepcionDocumental\RecepcionDocumental\tools\DocumentAiProbe\experiments\H1D10A\text\BBC0964799DAAA2C35AEDB4004A4C6E0323FAD9332B0FA6ED2A1BE5BAF5EFE27.header.txt,D3FED224AEF30CAC74740B256200092542C53BF9E6E4A517925B44C51730253F
BC4C6F83B2FFBA9A1285782A30CC36A0D4D8114857F98B6B3B27AA8772F00774,HeaderTextAsset,C:\Users\omard\source\repos\RecepcionDocumental\RecepcionDocumental\tools\DocumentAiProbe\experiments\H1D10A\text\BC4C6F83B2FFBA9A1285782A30CC36A0D4D8114857F98B6B3B27AA8772F00774.header.txt,7B0D1B8ED00641804ADF5948452777DF929844842F2ED6437B2FAAA97D5878B5
BC710CA9DC8374C895F9D2C756448CC35535DBDD7406A1C328C2FCF2E885C555,HeaderTextAsset,C:\Users\omard\source\repos\RecepcionDocumental\RecepcionDocumental\tools\DocumentAiProbe\experiments\H1D10A\text\BC710CA9DC8374C895F9D2C756448CC35535DBDD7406A1C328C2FCF2E885C555.header.txt,5E15693776075BE26E71DB9725BD09ADBF76FFD283580DDBAC612C8E0A704B9E
BCB5824133621FF86C0E30218A27FF35EB80B07C6ED9B0720BC06055DA926DBD,HeaderTextAsset,C:\Users\omard\source\repos\RecepcionDocumental\RecepcionDocumental\tools\DocumentAiProbe\experiments\H1D10A\text\BCB5824133621FF86C0E30218A27FF35EB80B07C6ED9B0720BC06055DA926DBD.header.txt,B8058D2887AE13453183CADDCBB6A77034FFBD31A889C95AAA8AE6ADB065AB67
BD1E0ED2FF5728514FE2BA73BC86754E43DF43FC802597B768C1BE1E3E86828D,HeaderTextAsset,C:\Users\omard\source\repos\RecepcionDocumental\RecepcionDocumental\tools\DocumentAiProbe\experiments\H1D10A\text\BD1E0ED2FF5728514FE2BA73BC86754E43DF43FC802597B768C1BE1E3E86828D.header.txt,E0956ABEEBA65D96E0A2F03C84FFB1CA8A97698802D04625FBBC197A4F90D468
BDF21F2211E4DBF480EB36032B6D8C0B592CBC12AD96383E89A76D84590D89D7,HeaderTextAsset,C:\Users\omard\source\repos\RecepcionDocumental\RecepcionDocumental\tools\DocumentAiProbe\experiments\H1D10A\text\BDF21F2211E4DBF480EB36032B6D8C0B592CBC12AD96383E89A76D84590D89D7.header.txt,3B17E5A658107331DB14B50B5702787F00B81B0F40700E096EE76DBD625BEA2B
BE2BFF0EE6E231A3B2BCB5CE3FBD8D378E1FC44FBAC6FEC76FE5BE3188604ECB,HeaderTextAsset,C:\Users\omard\source\repos\RecepcionDocumental\RecepcionDocumental\tools\DocumentAiProbe\experiments\H1D10A\text\BE2BFF0EE6E231A3B2BCB5CE3FBD8D378E1FC44FBAC6FEC76FE5BE3188604ECB.header.txt,62F5F77B1AB334719763DC58F4DBA9B180B132A58208C23263D516096F2E4AB8
BE2EB39793D6974EDFD51E26FA4D97F7E3D9F1D576A56D51849763230F2F8B89,HeaderTextAsset,C:\Users\omard\source\repos\RecepcionDocumental\RecepcionDocumental\tools\DocumentAiProbe\experiments\H1D10A\text\BE2EB39793D6974EDFD51E26FA4D97F7E3D9F1D576A56D51849763230F2F8B89.header.txt,FB1FCFBD110F1774835B300736D349E27E9C05ED1F7CF1255C6C8AEA428468BC
BE3A56DD69AF80DBCC6970213DC3956F6BD11A5592F5A5975E3E9C6946755301,HeaderTextAsset,C:\Users\omard\source\repos\RecepcionDocumental\RecepcionDocumental\tools\DocumentAiProbe\experiments\H1D10A\text\BE3A56DD69AF80DBCC6970213DC3956F6BD11A5592F5A5975E3E9C6946755301.header.txt,58DC8FF9CE6632D32F68D4A3F06F1417E0020F11F59F94E314280686E34DF62A
BE59DEF803C07A83A9F8B313117820974411A10C344C882E0DAA0E92A9D9CF94,HeaderTextAsset,C:\Users\omard\source\repos\RecepcionDocumental\RecepcionDocumental\tools\DocumentAiProbe\experiments\H1D10A\text\BE59DEF803C07A83A9F8B313117820974411A10C344C882E0DAA0E92A9D9CF94.header.txt,0AF7B705B0F7DAFA297DEEEACCAC8AEF8FF6FE80D2273E0FDEDA1CC42CC3D9E0
BE9A6EC48E0EAF5EB2B9495596B955648F51A7207FCF2BF3757220A49354F8CB,HeaderTextAsset,C:\Users\omard\source\repos\RecepcionDocumental\RecepcionDocumental\tools\DocumentAiProbe\experiments\H1D10A\text\BE9A6EC48E0EAF5EB2B9495596B955648F51A7207FCF2BF3757220A49354F8CB.header.txt,B1CBE270BCE3F5339C2293D2F8B2FF53098EA07FDACBDFE118C2BB56CC09A3EF
BF524A65D0708D90E26239C3125D267507482E33819A415BB5539F6D2642C8BE,HeaderTextAsset,C:\Users\omard\source\repos\RecepcionDocumental\RecepcionDocumental\tools\DocumentAiProbe\experiments\H1D10A\text\BF524A65D0708D90E26239C3125D267507482E33819A415BB5539F6D2642C8BE.header.txt,6F0C13BFAA2428CA66F9208BFFD697B0A2CB34786C80D70FFCE65E211A7D8578
BFFD180EBE36EB2FCECE5A43A00B3A494448C26094B5828BFC591E1D2471A8E2,HeaderTextAsset,C:\Users\omard\source\repos\RecepcionDocumental\RecepcionDocumental\tools\DocumentAiProbe\experiments\H1D10A\text\BFFD180EBE36EB2FCECE5A43A00B3A494448C26094B5828BFC591E1D2471A8E2.header.txt,8D3A365423FA066D731B1B2DAF08F14688665715462B4B00A2B7F6AC69AC7061
C03E5C5FE84DB19CAF29F42F864E7A65D4E49194113D53A1159793A9C9A9C987,HeaderTextAsset,C:\Users\omard\source\repos\RecepcionDocumental\RecepcionDocumental\tools\DocumentAiProbe\experiments\H1D10A\text\C03E5C5FE84DB19CAF29F42F864E7A65D4E49194113D53A1159793A9C9A9C987.header.txt,8F65AC31DAF7EBAFD08E6DED3B9B9098DB138DC773848E79C779D8D760F5A6AB
C087BAC4C98C0267A3ECF1372EED6FDB0CC59D8472D853D196C162EB3536F616,HeaderTextAsset,C:\Users\omard\source\repos\RecepcionDocumental\RecepcionDocumental\tools\DocumentAiProbe\experiments\H1D10A\text\C087BAC4C98C0267A3ECF1372EED6FDB0CC59D8472D853D196C162EB3536F616.header.txt,7F9687214886A5504B7511D02B2EAC93D839C9EC38DF5E834158411B7163A230
C090BC61FD044DD4AB78163652B0F9EC19969395F05A39AA2C9D37D25ED565E4,HeaderTextAsset,C:\Users\omard\source\repos\RecepcionDocumental\RecepcionDocumental\tools\DocumentAiProbe\experiments\H1D10A\text\C090BC61FD044DD4AB78163652B0F9EC19969395F05A39AA2C9D37D25ED565E4.header.txt,9F9EAE5DCCE97974B18AF7FDC92075B10E2F40FE2CA43266ED7FD5F32AF153D0
C09735500360DFE78129D14EF3A20E0668C0E08CC4FAC87ECD258E0B194D1F19,HeaderTextAsset,C:\Users\omard\source\repos\RecepcionDocumental\RecepcionDocumental\tools\DocumentAiProbe\experiments\H1D10A\text\C09735500360DFE78129D14EF3A20E0668C0E08CC4FAC87ECD258E0B194D1F19.header.txt,291B91A573724CB5C094C17FE7FCBCE7D0A77BB5DF17BCBFBD4BD82807CDD08C
C0A98883504ED896EE65F0BAB17913181343E3B060353F1B69E7616F48A1C3D0,HeaderTextAsset,C:\Users\omard\source\repos\RecepcionDocumental\RecepcionDocumental\tools\DocumentAiProbe\experiments\H1D10A\text\C0A98883504ED896EE65F0BAB17913181343E3B060353F1B69E7616F48A1C3D0.header.txt,6AF031095E44E49D741D0CDF4F4EB004C9B983C07861E521D923A6E27D12EDEC
C1337CD9E2CE1B4FBFAC43E69AF28D24376092DB6735E0F4C1C53DE5DD9A29CA,HeaderTextAsset,C:\Users\omard\source\repos\RecepcionDocumental\RecepcionDocumental\tools\DocumentAiProbe\experiments\H1D10A\text\C1337CD9E2CE1B4FBFAC43E69AF28D24376092DB6735E0F4C1C53DE5DD9A29CA.header.txt,46F168B5F1EAADE77DA362823D566703B153BD2DA4A51EF52D9275D293D35B0E
C238EF59EDB9D49A70524D1B4E2258BE7ADB7112A8DB168003703D1107F830DE,HeaderTextAsset,C:\Users\omard\source\repos\RecepcionDocumental\RecepcionDocumental\tools\DocumentAiProbe\experiments\H1D10A\text\C238EF59EDB9D49A70524D1B4E2258BE7ADB7112A8DB168003703D1107F830DE.header.txt,7E34BE8DF46FBB088DC932C9066F4F5E03842461C7265C34AF0B565A97A2BC83
C2AFDB1568B744D697C3CD2B931B30D120DC01DA9CEED3D069EE948FB11956BC,HeaderTextAsset,C:\Users\omard\source\repos\RecepcionDocumental\RecepcionDocumental\tools\DocumentAiProbe\experiments\H1D10A\text\C2AFDB1568B744D697C3CD2B931B30D120DC01DA9CEED3D069EE948FB11956BC.header.txt,7BD0B6A42C1F43EE55A5C30E70C7480C75C8CB68EF883E8E0216E1E54F3A1AA8
C2EB6A13535F3DE855B61491DF1DF64399AFE2B4D93CD63ADCEA3D1ED9D79843,HeaderTextAsset,C:\Users\omard\source\repos\RecepcionDocumental\RecepcionDocumental\tools\DocumentAiProbe\experiments\H1D10A\text\C2EB6A13535F3DE855B61491DF1DF64399AFE2B4D93CD63ADCEA3D1ED9D79843.header.txt,9638E08F9534A597762B61B858BF8CF5AC0024403B11D90C24B9582A566DBEDF
C319C6B40800192D8C5C6929BB122A9010982AAE9A0BEF468F446FBC156517F6,HeaderTextAsset,C:\Users\omard\source\repos\RecepcionDocumental\RecepcionDocumental\tools\DocumentAiProbe\experiments\H1D10A\text\C319C6B40800192D8C5C6929BB122A9010982AAE9A0BEF468F446FBC156517F6.header.txt,39BED8EC63D598CDF66F18AC60A0136AC6E7FEE7D727F62BB4B51BBEBEB8C86E
C36EA90CDF92312554964CD3ACB96C75B2E21394D21321A1D5F6D16D7D2BC66B,HeaderTextAsset,C:\Users\omard\source\repos\RecepcionDocumental\RecepcionDocumental\tools\DocumentAiProbe\experiments\H1D10A\text\C36EA90CDF92312554964CD3ACB96C75B2E21394D21321A1D5F6D16D7D2BC66B.header.txt,58A1932A0C24406DB8053F56E5BB2ADCC39AB3B0E76E04BB35C16CDEF3F762A0
C41A80814FFACC787F7A868C35D087DBA54BCA7ADEAED9E57632749D953A0FC3,HeaderTextAsset,C:\Users\omard\source\repos\RecepcionDocumental\RecepcionDocumental\tools\DocumentAiProbe\experiments\H1D10A\text\C41A80814FFACC787F7A868C35D087DBA54BCA7ADEAED9E57632749D953A0FC3.header.txt,86ABE6BFCC0A1A3D3ECFE5F6C33BA4EA90FC1FA5242B89AF9347917614F4C37D
C434649C3CDB9EBD6CEC3DB16F2C8FA54B197D8A439ED74DE5FC37F2CE561F88,HeaderTextAsset,C:\Users\omard\source\repos\RecepcionDocumental\RecepcionDocumental\tools\DocumentAiProbe\experiments\H1D10A\text\C434649C3CDB9EBD6CEC3DB16F2C8FA54B197D8A439ED74DE5FC37F2CE561F88.header.txt,78C7EDED87F57EAF7D5A45BBA7CF0ABF41936F26F99CCA566093F3374DD942A5
C4A374EBE71A704851898A247AD017B8AA0319E7E9EBAFCC8414F67118C22674,HeaderTextAsset,C:\Users\omard\source\repos\RecepcionDocumental\RecepcionDocumental\tools\DocumentAiProbe\experiments\H1D10A\text\C4A374EBE71A704851898A247AD017B8AA0319E7E9EBAFCC8414F67118C22674.header.txt,699E42D9007D60DCC4051A0262EE8F732AA95D08F516D02892A3AE369E7DEE87
C4C783AF2B933857EB298955FE50D6C2545FDB9101E0BDD7B25D70FB44DF54BA,HeaderTextAsset,C:\Users\omard\source\repos\RecepcionDocumental\RecepcionDocumental\tools\DocumentAiProbe\experiments\H1D10A\text\C4C783AF2B933857EB298955FE50D6C2545FDB9101E0BDD7B25D70FB44DF54BA.header.txt,D36AD79823E05131E538B27159EE9E65DB1D53B11B2554002FA93EC81B9785F1
C502BC6DB8C90164FEB17CE99C86754EF737BB05F6FC67A6AA3FF4DA2DC377C6,HeaderTextAsset,C:\Users\omard\source\repos\RecepcionDocumental\RecepcionDocumental\tools\DocumentAiProbe\experiments\H1D10A\text\C502BC6DB8C90164FEB17CE99C86754EF737BB05F6FC67A6AA3FF4DA2DC377C6.header.txt,B92D03020618A6C380B9FBEBE48E9124C7794470881985410C7B34DD1A314378
C56F123F393BB64598BE69DCB37593BDFC52727C444D22CDD615B952C5124854,HeaderTextAsset,C:\Users\omard\source\repos\RecepcionDocumental\RecepcionDocumental\tools\DocumentAiProbe\experiments\H1D10A\text\C56F123F393BB64598BE69DCB37593BDFC52727C444D22CDD615B952C5124854.header.txt,4905DB8A527F2F5B90E53B1B96DBA6FF7704DE74DCC727328F3388E054688DA9
C6300AC74E673106078B4FF074BABAF9CEA63E7B19340AB6BC815529561AE286,HeaderTextAsset,C:\Users\omard\source\repos\RecepcionDocumental\RecepcionDocumental\tools\DocumentAiProbe\experiments\H1D10A\text\C6300AC74E673106078B4FF074BABAF9CEA63E7B19340AB6BC815529561AE286.header.txt,083A11160A02808482FE51D6FC6C153AB0C21D5D290F4EC039120E966DC1D91F
C7125FE0EFE8E1B2FF91062ABF5176DF1B0627D33DC11DF8DB5BD71B22800D9A,HeaderTextAsset,C:\Users\omard\source\repos\RecepcionDocumental\RecepcionDocumental\tools\DocumentAiProbe\experiments\H1D10A\text\C7125FE0EFE8E1B2FF91062ABF5176DF1B0627D33DC11DF8DB5BD71B22800D9A.header.txt,FCFB2D8B1087253CCF82261D2AB447C4E2F308D8CE18C6BC2457659447D6AEA9
C7698BD8176A1BD0CBA29A9546F838EABE35A2A06DEE0C6D36F563505078AA56,HeaderTextAsset,C:\Users\omard\source\repos\RecepcionDocumental\RecepcionDocumental\tools\DocumentAiProbe\experiments\H1D10A\text\C7698BD8176A1BD0CBA29A9546F838EABE35A2A06DEE0C6D36F563505078AA56.header.txt,B376B99D12319A6C30815EAA8AE5D477737150C4A9AAD806A0D9B52BB01A8CE4
C76AFC20227BFFA4DE3F148E4AA91F66A3F069C3DDA082037A4751F7236B6387,HeaderTextAsset,C:\Users\omard\source\repos\RecepcionDocumental\RecepcionDocumental\tools\DocumentAiProbe\experiments\H1D10A\text\C76AFC20227BFFA4DE3F148E4AA91F66A3F069C3DDA082037A4751F7236B6387.header.txt,472B58D59C2251CE16C01C9BEA3CB1DA203AB5D4CECD3651E52B6F176F8D1763
C77044008A97EBB7AACFDE72FCAF1BEFF735B529516F5239039C1FB3889CD6D3,HeaderTextAsset,C:\Users\omard\source\repos\RecepcionDocumental\RecepcionDocumental\tools\DocumentAiProbe\experiments\H1D10A\text\C77044008A97EBB7AACFDE72FCAF1BEFF735B529516F5239039C1FB3889CD6D3.header.txt,D70A9B0EA0F8A9694D11BAC67949CD2C4762D798DA0A141567FF29352B298369
C7878CB77608850C544168E945D00762576A1494A2847F0A5A4ED6791A8762EC,HeaderTextAsset,C:\Users\omard\source\repos\RecepcionDocumental\RecepcionDocumental\tools\DocumentAiProbe\experiments\H1D10A\text\C7878CB77608850C544168E945D00762576A1494A2847F0A5A4ED6791A8762EC.header.txt,F296BB50F6C21F13FF3B31FF85CB6A560C3B440405C54EFBFC1DEB22AD21046E
C94B3A536AB57B9DB3AF7BEF19A649E54942C536ED0668C1682597C416318FDB,HeaderTextAsset,C:\Users\omard\source\repos\RecepcionDocumental\RecepcionDocumental\tools\DocumentAiProbe\experiments\H1D10A\text\C94B3A536AB57B9DB3AF7BEF19A649E54942C536ED0668C1682597C416318FDB.header.txt,ABB8C47E127B74929EE7416D280322A2DF5776C40673AB9B6788D3947F283BF3
CA3E02045B80670FD0DC23716AAB6FD21E1739242806AA1CDB9C6F8659A1DC1C,HeaderTextAsset,C:\Users\omard\source\repos\RecepcionDocumental\RecepcionDocumental\tools\DocumentAiProbe\experiments\H1D10A\text\CA3E02045B80670FD0DC23716AAB6FD21E1739242806AA1CDB9C6F8659A1DC1C.header.txt,D9CADC970F99F6FCA9D33A1B72C704349AEE3803833699A190A5BC51C0DE7C9A
CA5815573EDC66C63A4E1C370F56EBCF13F7E9BC9D43C5822B4203E6DE295773,HeaderTextAsset,C:\Users\omard\source\repos\RecepcionDocumental\RecepcionDocumental\tools\DocumentAiProbe\experiments\H1D10A\text\CA5815573EDC66C63A4E1C370F56EBCF13F7E9BC9D43C5822B4203E6DE295773.header.txt,B8FFD3FEE2A27FD3F4091DB24B0EE7DBF4396A15D8219C2AEE4D830D8B295DB5
CA769CD199134EC6C73A6A5BEBB8699D52DCBB3777A23F4B6A3B1C43A5AFDD10,HeaderTextAsset,C:\Users\omard\source\repos\RecepcionDocumental\RecepcionDocumental\tools\DocumentAiProbe\experiments\H1D10A\text\CA769CD199134EC6C73A6A5BEBB8699D52DCBB3777A23F4B6A3B1C43A5AFDD10.header.txt,F01C5940D0FF4325CF538D9753D6B82095014BE692F633EABBCEC7425510AE90
CA822291BE5FD43423EDDF731B1B9057412CDFB537AE79EED3E51B4F585A4F40,HeaderTextAsset,C:\Users\omard\source\repos\RecepcionDocumental\RecepcionDocumental\tools\DocumentAiProbe\experiments\H1D10A\text\CA822291BE5FD43423EDDF731B1B9057412CDFB537AE79EED3E51B4F585A4F40.header.txt,CB6653E65C1EBCA4E45B761F6FACA0D37B23C295110805B764F4378F1E3D6AAB
CAB0406F83A35EAD9D42A79ED8E8474E040EE40EEF15EB623E298600B5D436E9,HeaderTextAsset,C:\Users\omard\source\repos\RecepcionDocumental\RecepcionDocumental\tools\DocumentAiProbe\experiments\H1D10A\text\CAB0406F83A35EAD9D42A79ED8E8474E040EE40EEF15EB623E298600B5D436E9.header.txt,C723790BD82EEAE7218B268494BB8002286A27BA3D5D57B457C850E7F920E1AA
CABA4F39709ABF33B35E8EA9E62BA643F45F79B5748305017D7B55C18736C042,HeaderTextAsset,C:\Users\omard\source\repos\RecepcionDocumental\RecepcionDocumental\tools\DocumentAiProbe\experiments\H1D10A\text\CABA4F39709ABF33B35E8EA9E62BA643F45F79B5748305017D7B55C18736C042.header.txt,76043E0A1E903AE99816F9E61546B4CFCED8DE3999D7304969E6D095308C0A9D
CAE54411BC7BD05CAF2FE7DBE9889AD5AA22D61E139051865BD9E06CFCD5C7CE,HeaderTextAsset,C:\Users\omard\source\repos\RecepcionDocumental\RecepcionDocumental\tools\DocumentAiProbe\experiments\H1D10A\text\CAE54411BC7BD05CAF2FE7DBE9889AD5AA22D61E139051865BD9E06CFCD5C7CE.header.txt,32E665A97A81F8C08D8ABF5A89BCEA538738BF526EAED378B67AE0AD5288F6BE
CAF89CAB8325DB5581C9E345EB911386351A9E239344C51034EE27AC9538F359,HeaderTextAsset,C:\Users\omard\source\repos\RecepcionDocumental\RecepcionDocumental\tools\DocumentAiProbe\experiments\H1D10A\text\CAF89CAB8325DB5581C9E345EB911386351A9E239344C51034EE27AC9538F359.header.txt,557CE4B3959B13B2910C401D2B0D5B6B5979E5BBF7EAFA1779BBD4F0252266B2
CB0281CD4F100C1DC38A7D347A6595C8742B49F9FA79F5D16AEF07D66FAB7039,HeaderTextAsset,C:\Users\omard\source\repos\RecepcionDocumental\RecepcionDocumental\tools\DocumentAiProbe\experiments\H1D10A\text\CB0281CD4F100C1DC38A7D347A6595C8742B49F9FA79F5D16AEF07D66FAB7039.header.txt,0C0D4EECEB21A4D8B1E682B5FC9A1F6F362464E18F845D3B3C5C3519E57C4021
CBCB53C1EE05C28D9B5783AB3A4E24F15B7A4998DAFCC96C866FBB043A2A3995,HeaderTextAsset,C:\Users\omard\source\repos\RecepcionDocumental\RecepcionDocumental\tools\DocumentAiProbe\experiments\H1D10A\text\CBCB53C1EE05C28D9B5783AB3A4E24F15B7A4998DAFCC96C866FBB043A2A3995.header.txt,CA2E25A070E81978FBA40788039432B5305B7145AE8FD5C9A1A6A5D2FC240497
CD065BA2CB97F0265D93BF71AC29471DA8CFBC531053CDC4510C69DEEBC3C839,HeaderTextAsset,C:\Users\omard\source\repos\RecepcionDocumental\RecepcionDocumental\tools\DocumentAiProbe\experiments\H1D10A\text\CD065BA2CB97F0265D93BF71AC29471DA8CFBC531053CDC4510C69DEEBC3C839.header.txt,335A985E2622971D13CDC3B2453BD64BDB724338863FD21F830CC17408E94692
CD62EF3902257F9D0D9EDFE7748D730B23A10FF66DAE8C736C7D48243599B816,HeaderTextAsset,C:\Users\omard\source\repos\RecepcionDocumental\RecepcionDocumental\tools\DocumentAiProbe\experiments\H1D10A\text\CD62EF3902257F9D0D9EDFE7748D730B23A10FF66DAE8C736C7D48243599B816.header.txt,1840B64557E7F64994FF8D34877A89B0502D5FD6998F4B8E7F5115699B896B42
CD9318EA661D2FB16C3D12874E8EAC81E765FA9E0D34C4344277F566B3AF8225,HeaderTextAsset,C:\Users\omard\source\repos\RecepcionDocumental\RecepcionDocumental\tools\DocumentAiProbe\experiments\H1D10A\text\CD9318EA661D2FB16C3D12874E8EAC81E765FA9E0D34C4344277F566B3AF8225.header.txt,3CF1E1E8AF06EBD8EA13F2F55F563495BCAA9E26C2310EB98A835D8CCE241E6D
CDB8FA0468DAFEC847F39B8E159069F2BA2597D1B1058186990AE30AC611790D,HeaderTextAsset,C:\Users\omard\source\repos\RecepcionDocumental\RecepcionDocumental\tools\DocumentAiProbe\experiments\H1D10A\text\CDB8FA0468DAFEC847F39B8E159069F2BA2597D1B1058186990AE30AC611790D.header.txt,9EAF961D8EC13BED5052CCA66764D26699A900007BF91D7D4BB72A27E0931EE4
CDBC9CE725ED68D5E561F53FC06928BA56FDBFA18A3AD897C4A45D143D1B1056,HeaderTextAsset,C:\Users\omard\source\repos\RecepcionDocumental\RecepcionDocumental\tools\DocumentAiProbe\experiments\H1D10A\text\CDBC9CE725ED68D5E561F53FC06928BA56FDBFA18A3AD897C4A45D143D1B1056.header.txt,366DBBB37E31C48E3D101D0E2A9CD40D373CB7E6C32EF2A07CC437756C89993A
CE7160133672FD9F3450176876854198FBF15716625BC1FDFAD793838A440CE2,HeaderTextAsset,C:\Users\omard\source\repos\RecepcionDocumental\RecepcionDocumental\tools\DocumentAiProbe\experiments\H1D10A\text\CE7160133672FD9F3450176876854198FBF15716625BC1FDFAD793838A440CE2.header.txt,C9B48CA6784CC00A0883A1B6A9F919CE2826C58C9887B52CDFBD29D35F992C07
CE75A76B5BD6AD4A5AA5A8EF5B73EB307AF3B4BB069F8B0B3439236ACA11D5C6,HeaderTextAsset,C:\Users\omard\source\repos\RecepcionDocumental\RecepcionDocumental\tools\DocumentAiProbe\experiments\H1D10A\text\CE75A76B5BD6AD4A5AA5A8EF5B73EB307AF3B4BB069F8B0B3439236ACA11D5C6.header.txt,DAC899F53DA79DCF7F4AD84C2E1EA6DBA2EACCEFE968CE5FF0F53193E4DD458D
CE8FCBD2CF90A20BBB9D66AB2A30CB610FCE462C7E45B6FDFE9CBD342FEBE461,HeaderTextAsset,C:\Users\omard\source\repos\RecepcionDocumental\RecepcionDocumental\tools\DocumentAiProbe\experiments\H1D10A\text\CE8FCBD2CF90A20BBB9D66AB2A30CB610FCE462C7E45B6FDFE9CBD342FEBE461.header.txt,5BA187087D2EB51F9BE421CAD30D7E06725EE31C1525C3065A14A648C47317E6
CF1B0AAD4B633322B50D7FFDBEDBED32C1B7DF11A46EBE800F4AB45DC0B8CDBD,HeaderTextAsset,C:\Users\omard\source\repos\RecepcionDocumental\RecepcionDocumental\tools\DocumentAiProbe\experiments\H1D10A\text\CF1B0AAD4B633322B50D7FFDBEDBED32C1B7DF11A46EBE800F4AB45DC0B8CDBD.header.txt,2BEC0C1ABE1367A4EFDED0023636ED12EA9AC5AA8D608FB2E40E7841A9682C90
CF55806E22A60868249F5E11CA3EEB47FDB2D1C6E287F0AF1F485328ABE9F391,HeaderTextAsset,C:\Users\omard\source\repos\RecepcionDocumental\RecepcionDocumental\tools\DocumentAiProbe\experiments\H1D10A\text\CF55806E22A60868249F5E11CA3EEB47FDB2D1C6E287F0AF1F485328ABE9F391.header.txt,71D255D69FBBA59BAA7964A207DF4C83AEFB982F4D36A00B4950C598D951CFC0
D03B12295D7E2C90B4C243C7F0597B491A97CD0E6AD087AA2E702841D8F70BCF,HeaderTextAsset,C:\Users\omard\source\repos\RecepcionDocumental\RecepcionDocumental\tools\DocumentAiProbe\experiments\H1D10A\text\D03B12295D7E2C90B4C243C7F0597B491A97CD0E6AD087AA2E702841D8F70BCF.header.txt,2637EA69EB6231E8D173E41F3D683387970665D979F4C02686760B9576E71F49
D05146FB2060EBDBA287EE9E6BF7E067D3365A74C7D3CBD8AEAE9E14BF6561D2,HeaderTextAsset,C:\Users\omard\source\repos\RecepcionDocumental\RecepcionDocumental\tools\DocumentAiProbe\experiments\H1D10A\text\D05146FB2060EBDBA287EE9E6BF7E067D3365A74C7D3CBD8AEAE9E14BF6561D2.header.txt,831B1222A91E51198361D1997D2F3FA3E20BD317D4C1836ADA91500D78EE1C80
D0B235541FF454DD27C268EFAEAD6B7BD9413252680BF968BD1A73DFBAB8FBF2,HeaderTextAsset,C:\Users\omard\source\repos\RecepcionDocumental\RecepcionDocumental\tools\DocumentAiProbe\experiments\H1D10A\text\D0B235541FF454DD27C268EFAEAD6B7BD9413252680BF968BD1A73DFBAB8FBF2.header.txt,65F35DAE87C3FED14BB4635BB8980443E40AF6A9781AAE6BB52ED14C88F887C6
D0C22929625573AA924B272A3C6BF3564D06BC107975FA72C28BB8CE97123304,HeaderTextAsset,C:\Users\omard\source\repos\RecepcionDocumental\RecepcionDocumental\tools\DocumentAiProbe\experiments\H1D10A\text\D0C22929625573AA924B272A3C6BF3564D06BC107975FA72C28BB8CE97123304.header.txt,ED47B1508A80FBCEEEF91F25CC32AD53008DBF2AE9916798FBB3C6BBE8796142
D1499A0B39257FAED04745461FE1A6DB7B109DE3800DD10E4FE3C270D0EEFEDC,HeaderTextAsset,C:\Users\omard\source\repos\RecepcionDocumental\RecepcionDocumental\tools\DocumentAiProbe\experiments\H1D10A\text\D1499A0B39257FAED04745461FE1A6DB7B109DE3800DD10E4FE3C270D0EEFEDC.header.txt,8A5C660ADCD0743BAC1D9863F331F794906E49DD8E2F7B5E429936A9D1232C7C
D19186FF7C1D0B8802E049D695AD55E88ED02E59A2056380B48DB82C1D1F810B,HeaderTextAsset,C:\Users\omard\source\repos\RecepcionDocumental\RecepcionDocumental\tools\DocumentAiProbe\experiments\H1D10A\text\D19186FF7C1D0B8802E049D695AD55E88ED02E59A2056380B48DB82C1D1F810B.header.txt,B9A2A1E3E83A1AC35238D16AA8DE9F5783D07560684040CCA3C1BA8D78240C95
D1C3AB6491904918D61A6BDA015E6A7EE394D45701861404B8118D23A1E5B413,HeaderTextAsset,C:\Users\omard\source\repos\RecepcionDocumental\RecepcionDocumental\tools\DocumentAiProbe\experiments\H1D10A\text\D1C3AB6491904918D61A6BDA015E6A7EE394D45701861404B8118D23A1E5B413.header.txt,6FE6B9C4518832CDFDD427AF079FA6E6A87C50DBB9793DB93D48FBF882E41809
D231E007B8428912369BD0B27FE0DD1D3AD06BC65B70264D9311BF50134119CC,HeaderTextAsset,C:\Users\omard\source\repos\RecepcionDocumental\RecepcionDocumental\tools\DocumentAiProbe\experiments\H1D10A\text\D231E007B8428912369BD0B27FE0DD1D3AD06BC65B70264D9311BF50134119CC.header.txt,CB83D8FB9C61B8CE78E84CBDC0CFE23BD29F6F20648520ADA789DF2E4F6A50E4
D2A1FEA80404D2D1A4B23C95DE89B524417590D6F0620757E9C5431264D9304B,HeaderTextAsset,C:\Users\omard\source\repos\RecepcionDocumental\RecepcionDocumental\tools\DocumentAiProbe\experiments\H1D10A\text\D2A1FEA80404D2D1A4B23C95DE89B524417590D6F0620757E9C5431264D9304B.header.txt,0699A0283A941378773CAC1DEC8B76BE646A3A3B719A71D5775FE6C2A2FE2564
D2A8D9364B112EECED6C20725E47D2602AD99DC6C1B68BA512896E809F5BA34C,HeaderTextAsset,C:\Users\omard\source\repos\RecepcionDocumental\RecepcionDocumental\tools\DocumentAiProbe\experiments\H1D10A\text\D2A8D9364B112EECED6C20725E47D2602AD99DC6C1B68BA512896E809F5BA34C.header.txt,8DD2F23187E2B624704C4CF542B9A0AD5FB4CC05144ECD206E945149252F2947
D2B1869BDD2518AE809CFC34636DC37AACFF0C166EA643382ACE5354EA81F5EC,HeaderTextAsset,C:\Users\omard\source\repos\RecepcionDocumental\RecepcionDocumental\tools\DocumentAiProbe\experiments\H1D10A\text\D2B1869BDD2518AE809CFC34636DC37AACFF0C166EA643382ACE5354EA81F5EC.header.txt,1D6D5E924BF62C23ED5AF3186BD66D652664E72D3F50498B1FDF8C8C2556E119
D2B9E973CC7A455B8CD888FF17D197A17E7EC0E6FB2A58C1496CD4DE23D30D58,HeaderTextAsset,C:\Users\omard\source\repos\RecepcionDocumental\RecepcionDocumental\tools\DocumentAiProbe\experiments\H1D10A\text\D2B9E973CC7A455B8CD888FF17D197A17E7EC0E6FB2A58C1496CD4DE23D30D58.header.txt,60147B54AABFA19FD6992A37817013C3A6F085759DBF7C816A2C00738801FBF8
D2C0B9DE3C41E1BFDB53F7DC61A911807A5C9B1B8F9BB3D7E8168813CD6BC613,HeaderTextAsset,C:\Users\omard\source\repos\RecepcionDocumental\RecepcionDocumental\tools\DocumentAiProbe\experiments\H1D10A\text\D2C0B9DE3C41E1BFDB53F7DC61A911807A5C9B1B8F9BB3D7E8168813CD6BC613.header.txt,C4C4C9B32B97DC670A960874FACA9C7D0CA7C36834CC79ABF192F7113919C7C7
D3E36860387BE716D4597FD2C877126526F57829E9098F72195483724D54C5D5,HeaderTextAsset,C:\Users\omard\source\repos\RecepcionDocumental\RecepcionDocumental\tools\DocumentAiProbe\experiments\H1D10A\text\D3E36860387BE716D4597FD2C877126526F57829E9098F72195483724D54C5D5.header.txt,B8CBB241C2D7F7543F5989553B2F0275D199E99CD5D4CCCC9969C14B3E4D0BFD
D416AF03D7B5D60FE2A59056080795B421B1D9D54E928A1B22289FCC8A0284B9,HeaderTextAsset,C:\Users\omard\source\repos\RecepcionDocumental\RecepcionDocumental\tools\DocumentAiProbe\experiments\H1D10A\text\D416AF03D7B5D60FE2A59056080795B421B1D9D54E928A1B22289FCC8A0284B9.header.txt,B21CF0CF6374EDEE97D4A22E8505024BB8790211F16CFB50410CD53FBD07FABF
D6112D2145364EB672F79507F1EBD2800D09F6C0C372A10556E7F4A2F62EFDD7,HeaderTextAsset,C:\Users\omard\source\repos\RecepcionDocumental\RecepcionDocumental\tools\DocumentAiProbe\experiments\H1D10A\text\D6112D2145364EB672F79507F1EBD2800D09F6C0C372A10556E7F4A2F62EFDD7.header.txt,672FFA74BC00240BCE0FB7827B88A7276EA7853C2DAC4026EFCE0F3A9A8A4954
D671BDC5F2B3050AB15E59B60046DA4F42DA331E6B20713D9334EE87F9BF0ADF,HeaderTextAsset,C:\Users\omard\source\repos\RecepcionDocumental\RecepcionDocumental\tools\DocumentAiProbe\experiments\H1D10A\text\D671BDC5F2B3050AB15E59B60046DA4F42DA331E6B20713D9334EE87F9BF0ADF.header.txt,14F413963C14C89F3896177222E0DDDD56D86072E869E1AA2EA44022EF571946
D6FF3209A134A6BA26F75231C6691EE3C8D31BB459D68648BC355BC276BF6588,HeaderTextAsset,C:\Users\omard\source\repos\RecepcionDocumental\RecepcionDocumental\tools\DocumentAiProbe\experiments\H1D10A\text\D6FF3209A134A6BA26F75231C6691EE3C8D31BB459D68648BC355BC276BF6588.header.txt,D27695BE0677B1A397451BE339228B3DAB437C9FCCCA70A6FF00A6EF982E51BC
D824E365F415F5D652EE44C5D33E0033736730ABB817D16C48BC965DCF91B3EE,HeaderTextAsset,C:\Users\omard\source\repos\RecepcionDocumental\RecepcionDocumental\tools\DocumentAiProbe\experiments\H1D10A\text\D824E365F415F5D652EE44C5D33E0033736730ABB817D16C48BC965DCF91B3EE.header.txt,297CC9340DB9CCBD296AAAF970A0185C3A43A5DDB58128980D484B18CA89518B
D857FEB48AD62E7DBEC97D9722B73D44F104600A567A48C8E682082554E1BC24,HeaderTextAsset,C:\Users\omard\source\repos\RecepcionDocumental\RecepcionDocumental\tools\DocumentAiProbe\experiments\H1D10A\text\D857FEB48AD62E7DBEC97D9722B73D44F104600A567A48C8E682082554E1BC24.header.txt,9F0A33733F174383D826D0101A2F31C332114888EF90A16B77ACB79B66670038
D9EBC7BBC241CD2CA87B4E02C42BDFAF74DC14B30A651D821476276C25EBEB9C,HeaderTextAsset,C:\Users\omard\source\repos\RecepcionDocumental\RecepcionDocumental\tools\DocumentAiProbe\experiments\H1D10A\text\D9EBC7BBC241CD2CA87B4E02C42BDFAF74DC14B30A651D821476276C25EBEB9C.header.txt,0E5DB8367F6BE0E9BF1EB23405C410CDF863980BC009154DE5290EC1A0BB46A3
DA130B72BC02828AAC651F9D5D53AF365733702FFF7BB13CDA53332E32148348,HeaderTextAsset,C:\Users\omard\source\repos\RecepcionDocumental\RecepcionDocumental\tools\DocumentAiProbe\experiments\H1D10A\text\DA130B72BC02828AAC651F9D5D53AF365733702FFF7BB13CDA53332E32148348.header.txt,770A5896B1E63AB4ADBAF7B0DBC47259D99EFB3714736E2F1497A55AE79C56DF
DA26E17D532C04114C812C63E84D2D9A9E533821C5AF289467BD03078CF2B0AA,HeaderTextAsset,C:\Users\omard\source\repos\RecepcionDocumental\RecepcionDocumental\tools\DocumentAiProbe\experiments\H1D10A\text\DA26E17D532C04114C812C63E84D2D9A9E533821C5AF289467BD03078CF2B0AA.header.txt,1A3B79C8BA8985E40B5E5FBE3CC45ED3FD478675678166282C29CE9E046A95D0
DA49C0CE061E4A8CF9E1B915F3F3B83645997B214D9D52B27CE136CD3A56ADE8,HeaderTextAsset,C:\Users\omard\source\repos\RecepcionDocumental\RecepcionDocumental\tools\DocumentAiProbe\experiments\H1D10A\text\DA49C0CE061E4A8CF9E1B915F3F3B83645997B214D9D52B27CE136CD3A56ADE8.header.txt,20C9775A71D15B255AB1298B553FF750ECC08F55FC021BE124ED2BD0B3921AB3
DBAF5884786F464385EA44AF9BBDAE901F2DE08C9D1FC8D185DD2C67C6C8BB04,HeaderTextAsset,C:\Users\omard\source\repos\RecepcionDocumental\RecepcionDocumental\tools\DocumentAiProbe\experiments\H1D10A\text\DBAF5884786F464385EA44AF9BBDAE901F2DE08C9D1FC8D185DD2C67C6C8BB04.header.txt,F84631FB93B2DB0B4B88877092432B6ABD4F3EAD91E63ABEB6750A962DEB2571
DC4E1127253424B23D00141782F19C748CC3C450BAE19E0E5D455C60D489BE54,HeaderTextAsset,C:\Users\omard\source\repos\RecepcionDocumental\RecepcionDocumental\tools\DocumentAiProbe\experiments\H1D10A\text\DC4E1127253424B23D00141782F19C748CC3C450BAE19E0E5D455C60D489BE54.header.txt,615990F23EC77667C9D7F6A7C9EB0482D10AB1B4DBD5AD7EB578B74E654D9A7E
DC52062FD591409536C3831D6F40713D3B0F5CAA3D6353D72B7E56870825AA29,HeaderTextAsset,C:\Users\omard\source\repos\RecepcionDocumental\RecepcionDocumental\tools\DocumentAiProbe\experiments\H1D10A\text\DC52062FD591409536C3831D6F40713D3B0F5CAA3D6353D72B7E56870825AA29.header.txt,A9EF0189393A978D8DA22CD976421824B390B7896DC3450622220A89ECAB24CD
DD3E4B778A019A41A2B6F024DD12DE40F76A621D6AB46235261A5E8B23F3D6EA,HeaderTextAsset,C:\Users\omard\source\repos\RecepcionDocumental\RecepcionDocumental\tools\DocumentAiProbe\experiments\H1D10A\text\DD3E4B778A019A41A2B6F024DD12DE40F76A621D6AB46235261A5E8B23F3D6EA.header.txt,9DA8D2051CD2DC574DA260B2E3D8EADB95556A20CB211ED58207F6A79C88A96C
DD92B26B14B428EC9EEF7991C589E6BC5B34177EE48234490439272A187C4227,HeaderTextAsset,C:\Users\omard\source\repos\RecepcionDocumental\RecepcionDocumental\tools\DocumentAiProbe\experiments\H1D10A\text\DD92B26B14B428EC9EEF7991C589E6BC5B34177EE48234490439272A187C4227.header.txt,FC1B5D9B8FA43645ED9AC1CF69256C42528EA40595A9C49E08536B529E827BBD
DE28C059C8640AE56F7F2C7B9EFA125F6A3E776543E7B0A0475C6C6C550809B5,HeaderTextAsset,C:\Users\omard\source\repos\RecepcionDocumental\RecepcionDocumental\tools\DocumentAiProbe\experiments\H1D10A\text\DE28C059C8640AE56F7F2C7B9EFA125F6A3E776543E7B0A0475C6C6C550809B5.header.txt,4249985761B186A48D8F23A089DDCEE78619D2E2A83F6CA25C5311226BF77C81
DEB3626A2509FB059118B9368962B9050E368188C034BA9B7D7A981AC6DE1F45,HeaderTextAsset,C:\Users\omard\source\repos\RecepcionDocumental\RecepcionDocumental\tools\DocumentAiProbe\experiments\H1D10A\text\DEB3626A2509FB059118B9368962B9050E368188C034BA9B7D7A981AC6DE1F45.header.txt,8A52D84836A96EF25161B7F9EB141FD9310991CAD375D9C37D341F63ED221730
DED867B6C611631BAC6385336A43E86BD2C9EA22D53849C47A19BEBC732F4C6A,HeaderTextAsset,C:\Users\omard\source\repos\RecepcionDocumental\RecepcionDocumental\tools\DocumentAiProbe\experiments\H1D10A\text\DED867B6C611631BAC6385336A43E86BD2C9EA22D53849C47A19BEBC732F4C6A.header.txt,A10226C94314AABF2550E27BDDD7A73E3F1AD7EAD7384728CD691131CC5FC918
DEFF870283E30BAAD2B39543DFE8E04A47AB1834D8E119BE482C0CD3BC3E3A01,HeaderTextAsset,C:\Users\omard\source\repos\RecepcionDocumental\RecepcionDocumental\tools\DocumentAiProbe\experiments\H1D10A\text\DEFF870283E30BAAD2B39543DFE8E04A47AB1834D8E119BE482C0CD3BC3E3A01.header.txt,E3CBB32BFE4F175416E148659D32FAE6395B9326143B825DB982CE19DAB4F377
DF4A05AE4A1925AEB3A39EC00FCAABBBF1FFDD68B4C82843A8E7440B55D094D6,HeaderTextAsset,C:\Users\omard\source\repos\RecepcionDocumental\RecepcionDocumental\tools\DocumentAiProbe\experiments\H1D10A\text\DF4A05AE4A1925AEB3A39EC00FCAABBBF1FFDD68B4C82843A8E7440B55D094D6.header.txt,BB049B21EBF9BC36611FD156A41DE099398251754C4DB8CBD477546C0D5CA0EF
DF65D41D1DA0378B8194406289D037E200D86D5DA731F6D9267CD8BADCAA075C,HeaderTextAsset,C:\Users\omard\source\repos\RecepcionDocumental\RecepcionDocumental\tools\DocumentAiProbe\experiments\H1D10A\text\DF65D41D1DA0378B8194406289D037E200D86D5DA731F6D9267CD8BADCAA075C.header.txt,51D588D1575A0D19130F8791F53931B31BB1DE2C298F78FD31037824CC81192A
DF756AB6DA1AD4751608DDF38FAD14F8AC3E184CFB5A3D03549A9E9F60DD829D,HeaderTextAsset,C:\Users\omard\source\repos\RecepcionDocumental\RecepcionDocumental\tools\DocumentAiProbe\experiments\H1D10A\text\DF756AB6DA1AD4751608DDF38FAD14F8AC3E184CFB5A3D03549A9E9F60DD829D.header.txt,B417210CCA5052EC7F1056FC34BABC4584ECF00A5B4D4E34E2DCCF820599C0FB
DFB11D29B02F14E2A08BF414C7BBA0F6D18802FB24F737D8B9EAF6C520ACD6A6,HeaderTextAsset,C:\Users\omard\source\repos\RecepcionDocumental\RecepcionDocumental\tools\DocumentAiProbe\experiments\H1D10A\text\DFB11D29B02F14E2A08BF414C7BBA0F6D18802FB24F737D8B9EAF6C520ACD6A6.header.txt,3A336C1C0224C2A16F00C253A12A97AB2CF8D472ABD3F838F5804D7FCEA7DD39
DFF48C510D245E37107896A84C68B189734A153B5B6020E732475431F6B088CB,HeaderTextAsset,C:\Users\omard\source\repos\RecepcionDocumental\RecepcionDocumental\tools\DocumentAiProbe\experiments\H1D10A\text\DFF48C510D245E37107896A84C68B189734A153B5B6020E732475431F6B088CB.header.txt,997E1ACF22CB841FF21DC9FE25A26FD9CF9F73AEC164ED81457CF645757022F4
E083A2C0B185265F948CB45F28739A2413BD8710E104EB2A4583817FDAA8010A,HeaderTextAsset,C:\Users\omard\source\repos\RecepcionDocumental\RecepcionDocumental\tools\DocumentAiProbe\experiments\H1D10A\text\E083A2C0B185265F948CB45F28739A2413BD8710E104EB2A4583817FDAA8010A.header.txt,579E3BFE0B902468A8EFFA92AA0541F6E654F23B9326388B75FC4549254E5FD0
E0B64F87458FA906B275EC3715290322CC3DE49C5EEA5C0518D66E2DB93D0A5C,HeaderTextAsset,C:\Users\omard\source\repos\RecepcionDocumental\RecepcionDocumental\tools\DocumentAiProbe\experiments\H1D10A\text\E0B64F87458FA906B275EC3715290322CC3DE49C5EEA5C0518D66E2DB93D0A5C.header.txt,8D181D15B069622D23C8A81FCB657CD3AB6F13B93040B533140D0B67ACCBEAFA
E1393A74814533C9CB4BBB1CFA8322D6327E92B91CA096B775CDC735B74D8831,HeaderTextAsset,C:\Users\omard\source\repos\RecepcionDocumental\RecepcionDocumental\tools\DocumentAiProbe\experiments\H1D10A\text\E1393A74814533C9CB4BBB1CFA8322D6327E92B91CA096B775CDC735B74D8831.header.txt,505830FC31F27ECA4FA8DC4C6D5FD95F04FE6499521EBC9692D03ADD3A4064BE
E1C8D565C7D9058B600F95D5CB1A3AF40E515A107479AD6A95E69E92244BD1FC,HeaderTextAsset,C:\Users\omard\source\repos\RecepcionDocumental\RecepcionDocumental\tools\DocumentAiProbe\experiments\H1D10A\text\E1C8D565C7D9058B600F95D5CB1A3AF40E515A107479AD6A95E69E92244BD1FC.header.txt,A3DF3027AF1A85105657E179308F5D3A89CB4EBE049C5B6B0C161B3C5023C97D
E22C741A59BA80D2BF4F68BC8211C193516FCCDCDB19A609A11304E4E8820556,HeaderTextAsset,C:\Users\omard\source\repos\RecepcionDocumental\RecepcionDocumental\tools\DocumentAiProbe\experiments\H1D10A\text\E22C741A59BA80D2BF4F68BC8211C193516FCCDCDB19A609A11304E4E8820556.header.txt,DFCE21A925E646704F3F170695378006E05084977AF8A3DC13AEA3B732E70C12
E2361D3E799D3E0EE8352125B044319D4BF6918F1E4488292F8360AA2BF46DEF,HeaderTextAsset,C:\Users\omard\source\repos\RecepcionDocumental\RecepcionDocumental\tools\DocumentAiProbe\experiments\H1D10A\text\E2361D3E799D3E0EE8352125B044319D4BF6918F1E4488292F8360AA2BF46DEF.header.txt,894848BEF1714F92DD316EA6EA589F08C0FA58986C1F028FDF76F60F7B50B73F
E3C0BD90C47B248FFE19DB462B228D5ABB4A9F12F7AD69A2D189E772CF58B0E4,HeaderTextAsset,C:\Users\omard\source\repos\RecepcionDocumental\RecepcionDocumental\tools\DocumentAiProbe\experiments\H1D10A\text\E3C0BD90C47B248FFE19DB462B228D5ABB4A9F12F7AD69A2D189E772CF58B0E4.header.txt,D1B89662B0AE2A16C4CC3B87766F57052301E43D3EAAD01DA8EAE434DF0071E8
E3F9AE97E2B319B35810355921AC7D47007E9B7D769F95083E54A20666DA225E,HeaderTextAsset,C:\Users\omard\source\repos\RecepcionDocumental\RecepcionDocumental\tools\DocumentAiProbe\experiments\H1D10A\text\E3F9AE97E2B319B35810355921AC7D47007E9B7D769F95083E54A20666DA225E.header.txt,A019344323183481E171D558E05DF371D070A088B787531B16D0029CAD1ACDF5
E4336FEECC9AC8FDBCE2BC3BD8B6764390827E1D0C4C095419D3D4027F4F6734,HeaderTextAsset,C:\Users\omard\source\repos\RecepcionDocumental\RecepcionDocumental\tools\DocumentAiProbe\experiments\H1D10A\text\E4336FEECC9AC8FDBCE2BC3BD8B6764390827E1D0C4C095419D3D4027F4F6734.header.txt,AC40346096CD791A5748DBCEDDC5E5BDA2E4889BCDD4C15118BAA5041F917025
E436A92CAE6468042FBF4E911849EFBFED82DB6D40A76E92494DD6308A2D3E8A,HeaderTextAsset,C:\Users\omard\source\repos\RecepcionDocumental\RecepcionDocumental\tools\DocumentAiProbe\experiments\H1D10A\text\E436A92CAE6468042FBF4E911849EFBFED82DB6D40A76E92494DD6308A2D3E8A.header.txt,8D6A269155FFE3E727DF3F550321F48E93A0B7F1F2570FC76A0055AC97C42221
E453A507C8E84A499D6A05799B4F33870B4B4A6E751A8D87665CE1D597D11C24,HeaderTextAsset,C:\Users\omard\source\repos\RecepcionDocumental\RecepcionDocumental\tools\DocumentAiProbe\experiments\H1D10A\text\E453A507C8E84A499D6A05799B4F33870B4B4A6E751A8D87665CE1D597D11C24.header.txt,6633DBB12739826B8034D0A5FD4E62FD03D1F9BA9DCCCA97F553C4D337A7790B
E4F3E90DFCD1CD5DE0C8E004D83C55B25F29591424CD0D32EB9A5E26F1641223,HeaderTextAsset,C:\Users\omard\source\repos\RecepcionDocumental\RecepcionDocumental\tools\DocumentAiProbe\experiments\H1D10A\text\E4F3E90DFCD1CD5DE0C8E004D83C55B25F29591424CD0D32EB9A5E26F1641223.header.txt,A0009406DC8CC98F12E72E1B1293F60A0E8E6339EFD3368771D0C5F62EF4C784
E500D92B10AE0FB96FD2FED52CEE26EC016D8EAF457AFF3FBDC4895F85FC3674,HeaderTextAsset,C:\Users\omard\source\repos\RecepcionDocumental\RecepcionDocumental\tools\DocumentAiProbe\experiments\H1D10A\text\E500D92B10AE0FB96FD2FED52CEE26EC016D8EAF457AFF3FBDC4895F85FC3674.header.txt,C0BF215D7EBAF0B0ED64BE39D8C9689BB6D7F919E354940E0D26E5A60C048388
E59B88AE49EE8B9709A84DD8CC1BF15D2DD13EB799DA810B18DFAA9FB7ACD59F,HeaderTextAsset,C:\Users\omard\source\repos\RecepcionDocumental\RecepcionDocumental\tools\DocumentAiProbe\experiments\H1D10A\text\E59B88AE49EE8B9709A84DD8CC1BF15D2DD13EB799DA810B18DFAA9FB7ACD59F.header.txt,D86E140161B0AB011E2ADBE73A825B988A164D635C1D07E1E08F65A5D9E3CFC3
E5A80D52B6CFE0A932901333CAD5F1540E5B2904D2D7E25F034C49F025279E80,HeaderTextAsset,C:\Users\omard\source\repos\RecepcionDocumental\RecepcionDocumental\tools\DocumentAiProbe\experiments\H1D10A\text\E5A80D52B6CFE0A932901333CAD5F1540E5B2904D2D7E25F034C49F025279E80.header.txt,035A2E3DB351ECCC9CB15C18B4AFF16EFD236828D7087389BA48D1B64A57C1D6
E5DAAD3D98F5F6111C106517540EA48FEAA3D1A3320E32E42C9C574DE13EB9AD,HeaderTextAsset,C:\Users\omard\source\repos\RecepcionDocumental\RecepcionDocumental\tools\DocumentAiProbe\experiments\H1D10A\text\E5DAAD3D98F5F6111C106517540EA48FEAA3D1A3320E32E42C9C574DE13EB9AD.header.txt,DB42ECEEC9F3611C230D1B772B7B895225C428C39768662E83E9A3C0640F0310
E690A5A92162A892DEC37AEF4FCE94601F75E6EFBDA30AB919CC53B2B328F5BA,HeaderTextAsset,C:\Users\omard\source\repos\RecepcionDocumental\RecepcionDocumental\tools\DocumentAiProbe\experiments\H1D10A\text\E690A5A92162A892DEC37AEF4FCE94601F75E6EFBDA30AB919CC53B2B328F5BA.header.txt,8E29C203E92FF1200D6FCFB6E4FDF9188DBEA232C428A824808B724FEE07D63F
E6A1CDC107417F27F4C4CD5FDF9A2B801D28892907A1D4A929BD246F6EFC61CE,HeaderTextAsset,C:\Users\omard\source\repos\RecepcionDocumental\RecepcionDocumental\tools\DocumentAiProbe\experiments\H1D10A\text\E6A1CDC107417F27F4C4CD5FDF9A2B801D28892907A1D4A929BD246F6EFC61CE.header.txt,0F8C3B41979D9194E5BEA9DD7C1C82A547494D52E631A6C6E9D45C04F1DA2F80
E6CFCBD9F91F312A677B23ABD128DFF8031080E4AD83E659A5A39990A2BD554A,HeaderTextAsset,C:\Users\omard\source\repos\RecepcionDocumental\RecepcionDocumental\tools\DocumentAiProbe\experiments\H1D10A\text\E6CFCBD9F91F312A677B23ABD128DFF8031080E4AD83E659A5A39990A2BD554A.header.txt,6B670E711552CF5C550E424FF67EA84E435A907E5C48D96115B3A45020CD5FD7
E75D70352EC3D9FB25529BCEEB3B74CC002B4F834E2C4811D63AD3E5709B8111,HeaderTextAsset,C:\Users\omard\source\repos\RecepcionDocumental\RecepcionDocumental\tools\DocumentAiProbe\experiments\H1D10A\text\E75D70352EC3D9FB25529BCEEB3B74CC002B4F834E2C4811D63AD3E5709B8111.header.txt,04FF212D969F1627064621A37819B87E74DF6D67DE7EEC9F9EC005B41262D2CD
E7758EB36BDDFC3AAD9884FBFC6825783F985A68F054DCD4FCABBE277CE10A2F,HeaderTextAsset,C:\Users\omard\source\repos\RecepcionDocumental\RecepcionDocumental\tools\DocumentAiProbe\experiments\H1D10A\text\E7758EB36BDDFC3AAD9884FBFC6825783F985A68F054DCD4FCABBE277CE10A2F.header.txt,7EFD12790F39BC5F879C8EF7445F40780205017795C847FEA5C6637C296F21CD
E832A52655881819E85E31BE7A6EF9F0183ABAA7F96B77A560F8961D792F3256,HeaderTextAsset,C:\Users\omard\source\repos\RecepcionDocumental\RecepcionDocumental\tools\DocumentAiProbe\experiments\H1D10A\text\E832A52655881819E85E31BE7A6EF9F0183ABAA7F96B77A560F8961D792F3256.header.txt,359B69BBC418EF599FB7B31C6C2D74C0E7CA7B41766302A4B687853A6E8D885D
E84EE2D8F3FFFC56FD00153CFED67AEC614227120151E973AFFC920D0E796D2C,HeaderTextAsset,C:\Users\omard\source\repos\RecepcionDocumental\RecepcionDocumental\tools\DocumentAiProbe\experiments\H1D10A\text\E84EE2D8F3FFFC56FD00153CFED67AEC614227120151E973AFFC920D0E796D2C.header.txt,57D6816469C56F632553FDBA31245E3919322080AFB4C8BDF62CA7984F359C45
E917F07DBC2701ED05A4141FE21FAD8A1A284A98A741B8A0347E1AF3CCEC1197,HeaderTextAsset,C:\Users\omard\source\repos\RecepcionDocumental\RecepcionDocumental\tools\DocumentAiProbe\experiments\H1D10A\text\E917F07DBC2701ED05A4141FE21FAD8A1A284A98A741B8A0347E1AF3CCEC1197.header.txt,E652560A3930510AB00609CF3F2AC442C1C59957624869E36EF24F36ACEBDF56
E9BBA26952C3730263E9120FEC269F1F2D732652F7A2F2FE8677925273A01F02,HeaderTextAsset,C:\Users\omard\source\repos\RecepcionDocumental\RecepcionDocumental\tools\DocumentAiProbe\experiments\H1D10A\text\E9BBA26952C3730263E9120FEC269F1F2D732652F7A2F2FE8677925273A01F02.header.txt,09F22F3AF574A21A56C4C25E2C04F6B88E298DE65223407272952913451F1944
E9BC54FFD41CD0A71E5415486C1BC98C8725F95C9F0E374166EE3821F17AAE74,HeaderTextAsset,C:\Users\omard\source\repos\RecepcionDocumental\RecepcionDocumental\tools\DocumentAiProbe\experiments\H1D10A\text\E9BC54FFD41CD0A71E5415486C1BC98C8725F95C9F0E374166EE3821F17AAE74.header.txt,A99D593D528DCB7B112A3FF19CBF6A4CD3F4AA9F488B31CA65868F8E213474B0
E9C4C9A1A3F634072BFA4759AF8CCC4BBE576AEAB6884AA733BEF5B6B2953EDD,HeaderTextAsset,C:\Users\omard\source\repos\RecepcionDocumental\RecepcionDocumental\tools\DocumentAiProbe\experiments\H1D10A\text\E9C4C9A1A3F634072BFA4759AF8CCC4BBE576AEAB6884AA733BEF5B6B2953EDD.header.txt,E81B5F971E3ACCCEE7217D47F5B39340709AC33ACF80B6F03E11195E3E45A990
EA68A6AC708E6C504AD4D17C1F97E04197665708B9564FD529BC468F57A444B3,HeaderTextAsset,C:\Users\omard\source\repos\RecepcionDocumental\RecepcionDocumental\tools\DocumentAiProbe\experiments\H1D10A\text\EA68A6AC708E6C504AD4D17C1F97E04197665708B9564FD529BC468F57A444B3.header.txt,DD992AD0FC1426DF503552ECCCA775A2996F813D1FC1997DB1B026AB5032315C
EC83998F355257D58F55AAF5C4AFD007E76B5A5685633187F96D58C8874438A5,HeaderTextAsset,C:\Users\omard\source\repos\RecepcionDocumental\RecepcionDocumental\tools\DocumentAiProbe\experiments\H1D10A\text\EC83998F355257D58F55AAF5C4AFD007E76B5A5685633187F96D58C8874438A5.header.txt,F4CB3FAC8E8565467F6C21CD1D2E082FE335C8F97303215519B99DCECCA05078
ED53561E1882BBAC24EDA64BC8D04EE1EAC850860E789B28BA5FBD5B0FC1AA07,HeaderTextAsset,C:\Users\omard\source\repos\RecepcionDocumental\RecepcionDocumental\tools\DocumentAiProbe\experiments\H1D10A\text\ED53561E1882BBAC24EDA64BC8D04EE1EAC850860E789B28BA5FBD5B0FC1AA07.header.txt,5BBE38B744A9D79B4AD4808EAA992D6DA48C0EF203B4CDBA2439F3DF8ED3FE5F
ED6DA68BBBAD2D35F398BBBC9B2F280D0285969D325BBD7559D2F60031221717,HeaderTextAsset,C:\Users\omard\source\repos\RecepcionDocumental\RecepcionDocumental\tools\DocumentAiProbe\experiments\H1D10A\text\ED6DA68BBBAD2D35F398BBBC9B2F280D0285969D325BBD7559D2F60031221717.header.txt,6F146E0BC1E78768CEBA32D4A6355B08BFD478F97C8757579ABEBDFC0F97E5AB
EDD1C021AA071E09A25B30EB5F1A9B904DCC81136B5104EC986203E606939E1D,HeaderTextAsset,C:\Users\omard\source\repos\RecepcionDocumental\RecepcionDocumental\tools\DocumentAiProbe\experiments\H1D10A\text\EDD1C021AA071E09A25B30EB5F1A9B904DCC81136B5104EC986203E606939E1D.header.txt,DAA1177B144682B0DAB8F1682286DC53E38927F1F7712888161D64177EEC830A
EE6BD53E28831728DFCEDE1210988F85D796963A6646594D058AEFE52F468C5F,HeaderTextAsset,C:\Users\omard\source\repos\RecepcionDocumental\RecepcionDocumental\tools\DocumentAiProbe\experiments\H1D10A\text\EE6BD53E28831728DFCEDE1210988F85D796963A6646594D058AEFE52F468C5F.header.txt,765019BAA15E970CA6AC91FA9078898BDD310C8BD17E4A6CAB94EB2A1DF6E8A4
EEAABE46C4993290A0083DAFDA13EE6121EF807C061364CA9242D401AE006593,HeaderTextAsset,C:\Users\omard\source\repos\RecepcionDocumental\RecepcionDocumental\tools\DocumentAiProbe\experiments\H1D10A\text\EEAABE46C4993290A0083DAFDA13EE6121EF807C061364CA9242D401AE006593.header.txt,A042E02403066BD5BB410B7DFD54687B56E217F5B5AF6BB76620D0CF1C707E84
EF2CE87564C6FF7F341FAEBA484FF57392877D0389834D5050001D4C9BD2D3B7,HeaderTextAsset,C:\Users\omard\source\repos\RecepcionDocumental\RecepcionDocumental\tools\DocumentAiProbe\experiments\H1D10A\text\EF2CE87564C6FF7F341FAEBA484FF57392877D0389834D5050001D4C9BD2D3B7.header.txt,417A59C58C477ED0380289B292BBB8B4F2B1CF29BF5124BAEBACFB5118EAFC43
EF66C78DED8518E2D794AE7A624C10A37F92E4457E92B93C4954B67CC013C796,HeaderTextAsset,C:\Users\omard\source\repos\RecepcionDocumental\RecepcionDocumental\tools\DocumentAiProbe\experiments\H1D10A\text\EF66C78DED8518E2D794AE7A624C10A37F92E4457E92B93C4954B67CC013C796.header.txt,04DCDD5BF5F5E5239C425696818E89F081F2D0011FBE80368D46F86265FDDD63
F03A50CDE08C368F9A878F55CBD5DA39E12CF31517E6F9A0EAEEC57447015FEA,HeaderTextAsset,C:\Users\omard\source\repos\RecepcionDocumental\RecepcionDocumental\tools\DocumentAiProbe\experiments\H1D10A\text\F03A50CDE08C368F9A878F55CBD5DA39E12CF31517E6F9A0EAEEC57447015FEA.header.txt,F1845A46AF45A6912F998C2AC64C7A8CA1A59ACC4AD897D66B0DD4C28C153668
F04A1348081E616526F44A4DAE35C85951F18BC32B81AAADEEF9A775D8D2D18C,HeaderTextAsset,C:\Users\omard\source\repos\RecepcionDocumental\RecepcionDocumental\tools\DocumentAiProbe\experiments\H1D10A\text\F04A1348081E616526F44A4DAE35C85951F18BC32B81AAADEEF9A775D8D2D18C.header.txt,67313750C1C598312D40EBC180B5C8A1B5BB263E7FC64444F673A8E6717C82A0
F0890A0F57FAD278E98ECA684AF5AFD773B52999C7296A4372345F0140A9AA3D,HeaderTextAsset,C:\Users\omard\source\repos\RecepcionDocumental\RecepcionDocumental\tools\DocumentAiProbe\experiments\H1D10A\text\F0890A0F57FAD278E98ECA684AF5AFD773B52999C7296A4372345F0140A9AA3D.header.txt,3BBF99E2B66E45BF92E3F40F0E0ED7576B0867658077DB24009F2D37CC99035B
F09DA5A7B07A5B624E927B55E85566FE5430BA189F57990FC0195433ADAD4EDE,HeaderTextAsset,C:\Users\omard\source\repos\RecepcionDocumental\RecepcionDocumental\tools\DocumentAiProbe\experiments\H1D10A\text\F09DA5A7B07A5B624E927B55E85566FE5430BA189F57990FC0195433ADAD4EDE.header.txt,B282C1F85433AACB8A4B2EBB3A35DB8EF12ADD20B606FFFF01CB5E93E15B235C
F2F227C1560123224826962437E9D3F2ED451F31A71FA802071E98B066CD9D73,HeaderTextAsset,C:\Users\omard\source\repos\RecepcionDocumental\RecepcionDocumental\tools\DocumentAiProbe\experiments\H1D10A\text\F2F227C1560123224826962437E9D3F2ED451F31A71FA802071E98B066CD9D73.header.txt,9D1D1D94D42BD7377808757D990A254F77EB59906119A6852F0EF1ECA0299BB2
F317BB18993C7CED7A45AA3F6FD178FA96A6172E7FABD7108EEF224157CC0671,HeaderTextAsset,C:\Users\omard\source\repos\RecepcionDocumental\RecepcionDocumental\tools\DocumentAiProbe\experiments\H1D10A\text\F317BB18993C7CED7A45AA3F6FD178FA96A6172E7FABD7108EEF224157CC0671.header.txt,47E28BB1A84B4AB611831CE436D80259549BC7F40055B1EB0101A32EF4424E6B
F40EE07EB2A7C4134F1FBBB96F41BA498E4343F0F385948B5918A9F9AA94C329,HeaderTextAsset,C:\Users\omard\source\repos\RecepcionDocumental\RecepcionDocumental\tools\DocumentAiProbe\experiments\H1D10A\text\F40EE07EB2A7C4134F1FBBB96F41BA498E4343F0F385948B5918A9F9AA94C329.header.txt,202B7C2EDE3A45C1E2C888772A3F2D844F5E0C7D0E42540DE0425D040E018E49
F525BDB8259383F6F6A861EE1E29AFC6639E2609A756C8A3D4A38A205DF90867,HeaderTextAsset,C:\Users\omard\source\repos\RecepcionDocumental\RecepcionDocumental\tools\DocumentAiProbe\experiments\H1D10A\text\F525BDB8259383F6F6A861EE1E29AFC6639E2609A756C8A3D4A38A205DF90867.header.txt,4FCA33C1351B8DD7DC3FF14E7C0EB2BEF71C09FC171C32FCE78B0A92B50B9643
F527F35D16881DE9E8402FA05F8F69179185FFEA0CEF56CB560668492045CA6D,HeaderTextAsset,C:\Users\omard\source\repos\RecepcionDocumental\RecepcionDocumental\tools\DocumentAiProbe\experiments\H1D10A\text\F527F35D16881DE9E8402FA05F8F69179185FFEA0CEF56CB560668492045CA6D.header.txt,03171842737B66D8513F3AA248D859F7107FEB7440B4CED3E275F665B145BEF3
F5A61C9519CBBBD86F9372EABC8E48A434D8797C27C42A15EC4EB3AAEBF874E0,HeaderTextAsset,C:\Users\omard\source\repos\RecepcionDocumental\RecepcionDocumental\tools\DocumentAiProbe\experiments\H1D10A\text\F5A61C9519CBBBD86F9372EABC8E48A434D8797C27C42A15EC4EB3AAEBF874E0.header.txt,3D49301A12F5C1D97ABC6DE9844913A60D1BB1A3A148A66FDFA5287412C96F0D
F5B20E2FAC033C9D5BA92D99C949698DBB26043F8E3F3F442FED8229556887A2,HeaderTextAsset,C:\Users\omard\source\repos\RecepcionDocumental\RecepcionDocumental\tools\DocumentAiProbe\experiments\H1D10A\text\F5B20E2FAC033C9D5BA92D99C949698DBB26043F8E3F3F442FED8229556887A2.header.txt,09F3ECFD06BD807C28B9C4687584AAEDE8DB0BDADA59DF03DDF0BA1DAFCDAB76
F76A7F8DC2B2DA23464A2823E8ECEDD428A1BC84C2E840760F2825302788EC9A,HeaderTextAsset,C:\Users\omard\source\repos\RecepcionDocumental\RecepcionDocumental\tools\DocumentAiProbe\experiments\H1D10A\text\F76A7F8DC2B2DA23464A2823E8ECEDD428A1BC84C2E840760F2825302788EC9A.header.txt,A4FC448B3890247FB85570A5BE14D76D04E33F299C27689F31F773690F938D5E
F77E3E296A654ADC3AD8647D1D43D395A6D523520BA08AD5D5634D3B4D28BDB1,HeaderTextAsset,C:\Users\omard\source\repos\RecepcionDocumental\RecepcionDocumental\tools\DocumentAiProbe\experiments\H1D10A\text\F77E3E296A654ADC3AD8647D1D43D395A6D523520BA08AD5D5634D3B4D28BDB1.header.txt,74A5858E9091B2452D2A7757B88D521F4DF734B51874BA8E0C3C6AF6FBE96969
F798C037CB547CE8C7B8EA89225A776A4CA6CD1C4FFB08A14EE739A4EAD7ADD5,HeaderTextAsset,C:\Users\omard\source\repos\RecepcionDocumental\RecepcionDocumental\tools\DocumentAiProbe\experiments\H1D10A\text\F798C037CB547CE8C7B8EA89225A776A4CA6CD1C4FFB08A14EE739A4EAD7ADD5.header.txt,A4DA1F02AAA3E96B1CC078002209BF5540FA61D45DE1D0139C8F8B559C5CE8B0
F7DE50AC4859C1771E500A39D75EF2DD53DDFD9845717BF3EE60FFEA2120D5BF,HeaderTextAsset,C:\Users\omard\source\repos\RecepcionDocumental\RecepcionDocumental\tools\DocumentAiProbe\experiments\H1D10A\text\F7DE50AC4859C1771E500A39D75EF2DD53DDFD9845717BF3EE60FFEA2120D5BF.header.txt,2B49E94FAC3020B441FE0A856A0ED727744157E731A4BD984B99BD6E60DC82AC
F7FD16ADE6F49C26ACD656E34CC066FDC687D5EEC89F1003AD7A6EBD735FE2D5,HeaderTextAsset,C:\Users\omard\source\repos\RecepcionDocumental\RecepcionDocumental\tools\DocumentAiProbe\experiments\H1D10A\text\F7FD16ADE6F49C26ACD656E34CC066FDC687D5EEC89F1003AD7A6EBD735FE2D5.header.txt,27317904E21602D5EF0BB4B9E456461C187E5BF22A88D7401A4FF68B8677C7CE
F884D62F9B896608CB34181AD0D9656F8382FFC7F698E1790E1BCFC605842E31,HeaderTextAsset,C:\Users\omard\source\repos\RecepcionDocumental\RecepcionDocumental\tools\DocumentAiProbe\experiments\H1D10A\text\F884D62F9B896608CB34181AD0D9656F8382FFC7F698E1790E1BCFC605842E31.header.txt,6CF44F3DF33695B6B6E06B057111A0C3C652F03CB51A39001A2235EED70E86D9
F8D4766E8FF381CB54A80D272A79A2EA85C429A48739B1176669898459154BB6,HeaderTextAsset,C:\Users\omard\source\repos\RecepcionDocumental\RecepcionDocumental\tools\DocumentAiProbe\experiments\H1D10A\text\F8D4766E8FF381CB54A80D272A79A2EA85C429A48739B1176669898459154BB6.header.txt,690B8C352A5878FBFD3DBC5F0AB31FA646AE8DC96E424388AA4DD64DC6C1E6CF
F90433D439AF4E6DD36FAD06398942562B57C817C1F4FD4CC3A902A642078241,HeaderTextAsset,C:\Users\omard\source\repos\RecepcionDocumental\RecepcionDocumental\tools\DocumentAiProbe\experiments\H1D10A\text\F90433D439AF4E6DD36FAD06398942562B57C817C1F4FD4CC3A902A642078241.header.txt,0244D67298A30699694261FD80ECEB42EE7D846A61536C4FF01CE23BBFDB1223
FA1330351E7A10794C76EF98917D3E3BCBD4D9A057B9FED5BAA2CF512643BDAC,HeaderTextAsset,C:\Users\omard\source\repos\RecepcionDocumental\RecepcionDocumental\tools\DocumentAiProbe\experiments\H1D10A\text\FA1330351E7A10794C76EF98917D3E3BCBD4D9A057B9FED5BAA2CF512643BDAC.header.txt,9065F29FB931D0C0853288CA5DFD24AA9AC5980E027278EF46DB8D2E5A853B9E
FA32B612158C9DD82E1EABC88907F365CE5D9332CB10A5F459DAE9FD2EEF9475,HeaderTextAsset,C:\Users\omard\source\repos\RecepcionDocumental\RecepcionDocumental\tools\DocumentAiProbe\experiments\H1D10A\text\FA32B612158C9DD82E1EABC88907F365CE5D9332CB10A5F459DAE9FD2EEF9475.header.txt,D1C349020A1D37598A1E42BE462CBE97712C65CAACA2B48348057C8AD80659E0
FA53340165B1193898BC2671A9D638E4A994F3A4CCF22EF86131AEE822598D75,HeaderTextAsset,C:\Users\omard\source\repos\RecepcionDocumental\RecepcionDocumental\tools\DocumentAiProbe\experiments\H1D10A\text\FA53340165B1193898BC2671A9D638E4A994F3A4CCF22EF86131AEE822598D75.header.txt,7E842DC8F3321703EA4DDA8F20564A97799F7CF6B822A163A39D187610FAD19A
FB0B599425FADF0A6166F2462D23ADB1151D0655B7E706C248C5B58A5FCB1415,HeaderTextAsset,C:\Users\omard\source\repos\RecepcionDocumental\RecepcionDocumental\tools\DocumentAiProbe\experiments\H1D10A\text\FB0B599425FADF0A6166F2462D23ADB1151D0655B7E706C248C5B58A5FCB1415.header.txt,9A6B83867DCB292008ED34DDAC17748CD9C6CBC5F802713B822E8F5FE6631188
FC4C02B0A8101C0C0E56F4C2C960C8CB343CA8840AEBF54315EF8E546816823A,HeaderTextAsset,C:\Users\omard\source\repos\RecepcionDocumental\RecepcionDocumental\tools\DocumentAiProbe\experiments\H1D10A\text\FC4C02B0A8101C0C0E56F4C2C960C8CB343CA8840AEBF54315EF8E546816823A.header.txt,CD8BFC3893A6004B69437396BCE600460CE61A18D987524F734C75B5A234EE74
FCADB9AA8BCE7BBC42C43C6A7515368F701DE89808DDC35808AB2C6453803777,HeaderTextAsset,C:\Users\omard\source\repos\RecepcionDocumental\RecepcionDocumental\tools\DocumentAiProbe\experiments\H1D10A\text\FCADB9AA8BCE7BBC42C43C6A7515368F701DE89808DDC35808AB2C6453803777.header.txt,3586BF03367B3F0DFC997538A88DFA058D2C4D33E8197FE77919007E1C99588A
FD0CD5369ED4CCF6E42FF5A5598D8C6360F1DF9709EF553102D36383796BE1EB,HeaderTextAsset,C:\Users\omard\source\repos\RecepcionDocumental\RecepcionDocumental\tools\DocumentAiProbe\experiments\H1D10A\text\FD0CD5369ED4CCF6E42FF5A5598D8C6360F1DF9709EF553102D36383796BE1EB.header.txt,536A02B698B5C88778E6B91BF218A0CEEE0C563D9F9E7E93D4364812D0C24DAC
FE50D8C7D48EE5418635F836264568AF6D1D8CF56F1F06F5AD82E1F58F213766,HeaderTextAsset,C:\Users\omard\source\repos\RecepcionDocumental\RecepcionDocumental\tools\DocumentAiProbe\experiments\H1D10A\text\FE50D8C7D48EE5418635F836264568AF6D1D8CF56F1F06F5AD82E1F58F213766.header.txt,61BBAB5C99E05E6A136418B6CBEC3D550DCBC7E995DD1D365FE5670DA8450C8B
FE760F61466D4D28B18BD2EC428D31724844F3067A77DAE026BB02D90752B545,HeaderTextAsset,C:\Users\omard\source\repos\RecepcionDocumental\RecepcionDocumental\tools\DocumentAiProbe\experiments\H1D10A\text\FE760F61466D4D28B18BD2EC428D31724844F3067A77DAE026BB02D90752B545.header.txt,4E93750F0B8680ED5858C004558A998B4E975DD2A374E98EC1303D6712278237
FF0B2320E5ACFA3B9F0C6A7C2977B5193E047693B40FABCA123E8CE535FFF56B,HeaderTextAsset,C:\Users\omard\source\repos\RecepcionDocumental\RecepcionDocumental\tools\DocumentAiProbe\experiments\H1D10A\text\FF0B2320E5ACFA3B9F0C6A7C2977B5193E047693B40FABCA123E8CE535FFF56B.header.txt,A13254339DBCA17337381884594DC1E4C15CC4961B61EF1A30AF01BB67F38909
FF433460A3FF33124AFFA05BE3FBC9A9141EAEAC0670DB972697575FE72FC935,HeaderTextAsset,C:\Users\omard\source\repos\RecepcionDocumental\RecepcionDocumental\tools\DocumentAiProbe\experiments\H1D10A\text\FF433460A3FF33124AFFA05BE3FBC9A9141EAEAC0670DB972697575FE72FC935.header.txt,7B6CC46AEB571160031694CE2ED2ED004C3BC805BF72199FC048BC7CEF18A521
03CFBE47B1C87BEFC324BB99462C1A6722B7E29C5EB61D17AE8AB0C4A60F5AF3,HeaderTextAsset,C:\Users\omard\source\repos\RecepcionDocumental\RecepcionDocumental\tools\DocumentAiProbe\experiments\H1D10A\text\03CFBE47B1C87BEFC324BB99462C1A6722B7E29C5EB61D17AE8AB0C4A60F5AF3.header.txt,D2270202C4DF206B913DED40C2DB69302C3578963A2635EB9750910A7F10C0A1
03CFBE47B1C87BEFC324BB99462C1A6722B7E29C5EB61D17AE8AB0C4A60F5AF3,TextAsset,C:\Users\omard\source\repos\RecepcionDocumental\RecepcionDocumental\tools\DocumentAiProbe\experiments\H1D10A\text\03CFBE47B1C87BEFC324BB99462C1A6722B7E29C5EB61D17AE8AB0C4A60F5AF3.native.txt,5FB25FD002155797934D4F487482B7AD3CF33E283EA1DF0A254CDE91F48DDF8A
05C329DF72080120239DE88AA85E91D6F089D1DAA1A7F59B8E53C60752CF1D47,HeaderTextAsset,C:\Users\omard\source\repos\RecepcionDocumental\RecepcionDocumental\tools\DocumentAiProbe\experiments\H1D10A\text\05C329DF72080120239DE88AA85E91D6F089D1DAA1A7F59B8E53C60752CF1D47.header.txt,1D5A4E4B1740439C3B49FFFADAB9C9BC4977244711925E20CBF3D080DFD6FD90
05C329DF72080120239DE88AA85E91D6F089D1DAA1A7F59B8E53C60752CF1D47,TextAsset,C:\Users\omard\source\repos\RecepcionDocumental\RecepcionDocumental\tools\DocumentAiProbe\experiments\H1D10A\text\05C329DF72080120239DE88AA85E91D6F089D1DAA1A7F59B8E53C60752CF1D47.native.txt,7EE5E07B4B02B1A2DA1299DA279D8A5942BFFCE6922F288838C7AAE845260E21
10D1AFC979D966B39B92E799719AD44B93945894927B122A3BCE79C3126B9413,HeaderTextAsset,C:\Users\omard\source\repos\RecepcionDocumental\RecepcionDocumental\tools\DocumentAiProbe\experiments\H1D10A\text\10D1AFC979D966B39B92E799719AD44B93945894927B122A3BCE79C3126B9413.header.txt,CAB2BAD4B58D99F53A83E622288E3131BD8C01C8106E7CFC9757A2C2629CF8DD
10D1AFC979D966B39B92E799719AD44B93945894927B122A3BCE79C3126B9413,TextAsset,C:\Users\omard\source\repos\RecepcionDocumental\RecepcionDocumental\tools\DocumentAiProbe\experiments\H1D10A\text\10D1AFC979D966B39B92E799719AD44B93945894927B122A3BCE79C3126B9413.native.txt,6D3364DA2F3AD9220BE722F1ABA08A8786FC0DDA41A545D23BF976F0C08F83A0
14A75A878D1C46176EA9AB48865A6D723CE20D76A39D0BAAD77767EAD1EC2DD1,HeaderTextAsset,C:\Users\omard\source\repos\RecepcionDocumental\RecepcionDocumental\tools\DocumentAiProbe\experiments\H1D10A\text\14A75A878D1C46176EA9AB48865A6D723CE20D76A39D0BAAD77767EAD1EC2DD1.header.txt,887F77A9A4BEA3668EBA5740CA392F531BEE13360DAC28444713DA395724017F
14A75A878D1C46176EA9AB48865A6D723CE20D76A39D0BAAD77767EAD1EC2DD1,TextAsset,C:\Users\omard\source\repos\RecepcionDocumental\RecepcionDocumental\tools\DocumentAiProbe\experiments\H1D10A\text\14A75A878D1C46176EA9AB48865A6D723CE20D76A39D0BAAD77767EAD1EC2DD1.native.txt,FA36CE250003FE9C614D68063E5C53424F2D81AD2858E19FEF954608D3E6E53F
152604FDE489F58F0995B33FDBFBEF849D1187861D9A30592C95908147F52349,HeaderTextAsset,C:\Users\omard\source\repos\RecepcionDocumental\RecepcionDocumental\tools\DocumentAiProbe\experiments\H1D10A\text\152604FDE489F58F0995B33FDBFBEF849D1187861D9A30592C95908147F52349.header.txt,CE2A6F50EA20F1C576AA2B15923806800E0C7459189F89EC2CFCBC222C80328D
152604FDE489F58F0995B33FDBFBEF849D1187861D9A30592C95908147F52349,TextAsset,C:\Users\omard\source\repos\RecepcionDocumental\RecepcionDocumental\tools\DocumentAiProbe\experiments\H1D10A\text\152604FDE489F58F0995B33FDBFBEF849D1187861D9A30592C95908147F52349.native.txt,9329937579B4E5F1A9372924DC5CC0931EBDBE47A67CFD1EC080F3570CEE92EB
166589FEDAA33D952D81A337E8B61F2BA518F0302A237C96E8E96DDD61F7A5B1,HeaderTextAsset,C:\Users\omard\source\repos\RecepcionDocumental\RecepcionDocumental\tools\DocumentAiProbe\experiments\H1D10A\text\166589FEDAA33D952D81A337E8B61F2BA518F0302A237C96E8E96DDD61F7A5B1.header.txt,2565BA7B92B8E48FE16E82E8BD9B24981655ECF201541C3FF87C373B85E4E976
166589FEDAA33D952D81A337E8B61F2BA518F0302A237C96E8E96DDD61F7A5B1,TextAsset,C:\Users\omard\source\repos\RecepcionDocumental\RecepcionDocumental\tools\DocumentAiProbe\experiments\H1D10A\text\166589FEDAA33D952D81A337E8B61F2BA518F0302A237C96E8E96DDD61F7A5B1.native.txt,BE6C990034CF485649A82A1408A5ACA4D013232B92BAA5D1DB4F9AEED4F29571
167AC28EE4C9F156D7A730F3269118C5AD78B7F582E3FFC178BCB3FDB0A11DF7,HeaderTextAsset,C:\Users\omard\source\repos\RecepcionDocumental\RecepcionDocumental\tools\DocumentAiProbe\experiments\H1D10A\text\167AC28EE4C9F156D7A730F3269118C5AD78B7F582E3FFC178BCB3FDB0A11DF7.header.txt,424606876728A51AFB1342F5230C029F5FB39576FC10BE4D3E2CE4FFCEA1E38E
167AC28EE4C9F156D7A730F3269118C5AD78B7F582E3FFC178BCB3FDB0A11DF7,TextAsset,C:\Users\omard\source\repos\RecepcionDocumental\RecepcionDocumental\tools\DocumentAiProbe\experiments\H1D10A\text\167AC28EE4C9F156D7A730F3269118C5AD78B7F582E3FFC178BCB3FDB0A11DF7.native.txt,E8897306D5E89C4414B36444C2676E28093D11659229B00864059674A1AB29EB
19E19AD1C279BECEB59406F9DEE7DA0FB14F0747F234EF55898B99CAD0866281,HeaderTextAsset,C:\Users\omard\source\repos\RecepcionDocumental\RecepcionDocumental\tools\DocumentAiProbe\experiments\H1D10A\text\19E19AD1C279BECEB59406F9DEE7DA0FB14F0747F234EF55898B99CAD0866281.header.txt,181D3FA152DAC0A4BED15016DF93D2F7545B3B4808BDE8BA630687A60C8A7755
19E19AD1C279BECEB59406F9DEE7DA0FB14F0747F234EF55898B99CAD0866281,TextAsset,C:\Users\omard\source\repos\RecepcionDocumental\RecepcionDocumental\tools\DocumentAiProbe\experiments\H1D10A\text\19E19AD1C279BECEB59406F9DEE7DA0FB14F0747F234EF55898B99CAD0866281.native.txt,CA57B5D731C7AD6C5A92E37C3D7F1E913CA1E86570D9BD3CABD616B740166949
1C4DB25AAC0A169B26D121DF0992AB546E8D487A74FD1E45FDEF3490F3708601,HeaderTextAsset,C:\Users\omard\source\repos\RecepcionDocumental\RecepcionDocumental\tools\DocumentAiProbe\experiments\H1D10A\text\1C4DB25AAC0A169B26D121DF0992AB546E8D487A74FD1E45FDEF3490F3708601.header.txt,2939B53C2C540EC0B4E32C1AEFF37D03AD39277A8D30365288429C9D78AE8EDA
1C4DB25AAC0A169B26D121DF0992AB546E8D487A74FD1E45FDEF3490F3708601,TextAsset,C:\Users\omard\source\repos\RecepcionDocumental\RecepcionDocumental\tools\DocumentAiProbe\experiments\H1D10A\text\1C4DB25AAC0A169B26D121DF0992AB546E8D487A74FD1E45FDEF3490F3708601.native.txt,37A09E7369465D64CBF24BC7BA1138A20E6E5187F84F67B009E7057F8CE82BF9
201C2EF248B3E04F47F214E95A8360183B42A01E5B635FEAA9E07529A8C328CD,HeaderTextAsset,C:\Users\omard\source\repos\RecepcionDocumental\RecepcionDocumental\tools\DocumentAiProbe\experiments\H1D10A\text\201C2EF248B3E04F47F214E95A8360183B42A01E5B635FEAA9E07529A8C328CD.header.txt,0D6FC738F770B60D5B43B0A91B45664731F17F1AC90EC06EA3A3661CA6409470
201C2EF248B3E04F47F214E95A8360183B42A01E5B635FEAA9E07529A8C328CD,TextAsset,C:\Users\omard\source\repos\RecepcionDocumental\RecepcionDocumental\tools\DocumentAiProbe\experiments\H1D10A\text\201C2EF248B3E04F47F214E95A8360183B42A01E5B635FEAA9E07529A8C328CD.native.txt,2A5A8D43254F381552F1CC367E130D5A2CD414B23899D4EFE2CEF541801A433C
225886580C85D6E9291E33F31E663C265C372BE9B6DFF5D4C18D41160FBBE122,HeaderTextAsset,C:\Users\omard\source\repos\RecepcionDocumental\RecepcionDocumental\tools\DocumentAiProbe\experiments\H1D10A\text\225886580C85D6E9291E33F31E663C265C372BE9B6DFF5D4C18D41160FBBE122.header.txt,7040C8A55B969BEA986A3A98222A509D1B5D5A0AC8896ADB82B628C3AC72C062
225886580C85D6E9291E33F31E663C265C372BE9B6DFF5D4C18D41160FBBE122,TextAsset,C:\Users\omard\source\repos\RecepcionDocumental\RecepcionDocumental\tools\DocumentAiProbe\experiments\H1D10A\text\225886580C85D6E9291E33F31E663C265C372BE9B6DFF5D4C18D41160FBBE122.native.txt,CFD24B22BB334ED9FC9D41E3DE398ABAA2BECA5161288C6C57D19E50C5192D0C
28FCC8808B0DEE25A850B6F4C5063E17FB94B3CB194917E84422E9F2A8C111A5,HeaderTextAsset,C:\Users\omard\source\repos\RecepcionDocumental\RecepcionDocumental\tools\DocumentAiProbe\experiments\H1D10A\text\28FCC8808B0DEE25A850B6F4C5063E17FB94B3CB194917E84422E9F2A8C111A5.header.txt,EB9C0CD2017873726E05BA3A2A9664BA51D5F8F9E1D305D591AE4B563BB13123
28FCC8808B0DEE25A850B6F4C5063E17FB94B3CB194917E84422E9F2A8C111A5,TextAsset,C:\Users\omard\source\repos\RecepcionDocumental\RecepcionDocumental\tools\DocumentAiProbe\experiments\H1D10A\text\28FCC8808B0DEE25A850B6F4C5063E17FB94B3CB194917E84422E9F2A8C111A5.native.txt,2CF008B72D941C46D33D4BBCA28DB2055EE2D3D7D2EB7F8F3A227E69ABB3D5D0
305D8D5FCDD8153B4D7860ABD3DA30A0DEEB2A5FE84A9E26D4CD34F6D700C59D,HeaderTextAsset,C:\Users\omard\source\repos\RecepcionDocumental\RecepcionDocumental\tools\DocumentAiProbe\experiments\H1D10A\text\305D8D5FCDD8153B4D7860ABD3DA30A0DEEB2A5FE84A9E26D4CD34F6D700C59D.header.txt,8561840BFFCFE9B8805DE81AFDA03BA6DC32E67792AFFB3B03DB0F2D2639D586
305D8D5FCDD8153B4D7860ABD3DA30A0DEEB2A5FE84A9E26D4CD34F6D700C59D,TextAsset,C:\Users\omard\source\repos\RecepcionDocumental\RecepcionDocumental\tools\DocumentAiProbe\experiments\H1D10A\text\305D8D5FCDD8153B4D7860ABD3DA30A0DEEB2A5FE84A9E26D4CD34F6D700C59D.native.txt,5B87A2CCF29E96312B8FFE7C3954DFB9259DD7A93ABCC6307E4908594CFC3796
31371F0EA09BFB13ECAECD39B9C36CF70E4662CB0E31F2ABE26B8E74402003F5,HeaderTextAsset,C:\Users\omard\source\repos\RecepcionDocumental\RecepcionDocumental\tools\DocumentAiProbe\experiments\H1D10A\text\31371F0EA09BFB13ECAECD39B9C36CF70E4662CB0E31F2ABE26B8E74402003F5.header.txt,5F54AD0D34D93D34028969E87C6831E83FB8CF560A2EE8F633E38DF4BC2FADD4
31371F0EA09BFB13ECAECD39B9C36CF70E4662CB0E31F2ABE26B8E74402003F5,TextAsset,C:\Users\omard\source\repos\RecepcionDocumental\RecepcionDocumental\tools\DocumentAiProbe\experiments\H1D10A\text\31371F0EA09BFB13ECAECD39B9C36CF70E4662CB0E31F2ABE26B8E74402003F5.native.txt,D90FA0AF3ADE305569366A06D384BE067D38F7B74B382007E5A8E5A7FCE0078D
322C40B36550B0F7D0049DA637513996B1C31F8F06C0B448E9EC872F4E972F4B,HeaderTextAsset,C:\Users\omard\source\repos\RecepcionDocumental\RecepcionDocumental\tools\DocumentAiProbe\experiments\H1D10A\text\322C40B36550B0F7D0049DA637513996B1C31F8F06C0B448E9EC872F4E972F4B.header.txt,61EA2A1CD9407CB19C30E8E050BA4B369D082F88E5F699039ACA0FFCDDDF1795
322C40B36550B0F7D0049DA637513996B1C31F8F06C0B448E9EC872F4E972F4B,TextAsset,C:\Users\omard\source\repos\RecepcionDocumental\RecepcionDocumental\tools\DocumentAiProbe\experiments\H1D10A\text\322C40B36550B0F7D0049DA637513996B1C31F8F06C0B448E9EC872F4E972F4B.native.txt,B4137FCF9C5AD1AC01EC243DD038B949AC0DE29385FAFC1108A89BA94360EB8B
350F46F213C2653AB83900D15401209105B5455FBAB65315DC8B591F08CE62F2,HeaderTextAsset,C:\Users\omard\source\repos\RecepcionDocumental\RecepcionDocumental\tools\DocumentAiProbe\experiments\H1D10A\text\350F46F213C2653AB83900D15401209105B5455FBAB65315DC8B591F08CE62F2.header.txt,EF71CB4E7E18E168ABCBC18AB1DB795E0EE720A90C1598B5DAE15621ECF80615
350F46F213C2653AB83900D15401209105B5455FBAB65315DC8B591F08CE62F2,TextAsset,C:\Users\omard\source\repos\RecepcionDocumental\RecepcionDocumental\tools\DocumentAiProbe\experiments\H1D10A\text\350F46F213C2653AB83900D15401209105B5455FBAB65315DC8B591F08CE62F2.native.txt,8A264DAC10AADAA291E14317A5F5A11E1FA775384053DDBDC434819B0EA78EB5
372A1456ECBF9BE8FC3E552C09E78AE5217E9A0082972A7743403C6619C5A16C,HeaderTextAsset,C:\Users\omard\source\repos\RecepcionDocumental\RecepcionDocumental\tools\DocumentAiProbe\experiments\H1D10A\text\372A1456ECBF9BE8FC3E552C09E78AE5217E9A0082972A7743403C6619C5A16C.header.txt,03787154D515D96335E4AB87C5698694DD561DBEA216F898C43A3759244D7730
372A1456ECBF9BE8FC3E552C09E78AE5217E9A0082972A7743403C6619C5A16C,TextAsset,C:\Users\omard\source\repos\RecepcionDocumental\RecepcionDocumental\tools\DocumentAiProbe\experiments\H1D10A\text\372A1456ECBF9BE8FC3E552C09E78AE5217E9A0082972A7743403C6619C5A16C.native.txt,C5905F062074764505B7F878FF502F07546D9EB99C494AEC3A45CCFF237705E9
382662294B57C459DB9F1231FE0503A77176D130F8EA1BFB709132C3115F1A49,HeaderTextAsset,C:\Users\omard\source\repos\RecepcionDocumental\RecepcionDocumental\tools\DocumentAiProbe\experiments\H1D10A\text\382662294B57C459DB9F1231FE0503A77176D130F8EA1BFB709132C3115F1A49.header.txt,629667B809E53566E7C68D24B19BB033C9023FBD2E6488111FAC54A7305711B5
382662294B57C459DB9F1231FE0503A77176D130F8EA1BFB709132C3115F1A49,TextAsset,C:\Users\omard\source\repos\RecepcionDocumental\RecepcionDocumental\tools\DocumentAiProbe\experiments\H1D10A\text\382662294B57C459DB9F1231FE0503A77176D130F8EA1BFB709132C3115F1A49.native.txt,0C46D1A1AE8C8CBB34C3494EED72F2988D8CC26EBEF950E9B648BCCE5339D35F
3DF571E507FAC34246B4923D4E478BE27704DB6E0C6AB2398DB4715F69FC104F,HeaderTextAsset,C:\Users\omard\source\repos\RecepcionDocumental\RecepcionDocumental\tools\DocumentAiProbe\experiments\H1D10A\text\3DF571E507FAC34246B4923D4E478BE27704DB6E0C6AB2398DB4715F69FC104F.header.txt,2C47F29A4E687AA832D62A6A074C73EE6337385F3C4C672A5EA453F9613A985C
3DF571E507FAC34246B4923D4E478BE27704DB6E0C6AB2398DB4715F69FC104F,TextAsset,C:\Users\omard\source\repos\RecepcionDocumental\RecepcionDocumental\tools\DocumentAiProbe\experiments\H1D10A\text\3DF571E507FAC34246B4923D4E478BE27704DB6E0C6AB2398DB4715F69FC104F.native.txt,E2B1605B10BA83F385F3F3FDC30030E764DAFDB077290E43476FC8A7A589058C
41FA873A1F07397324194D528955075ABA1D624A6B9FC0141D8DF96C9FDC382B,HeaderTextAsset,C:\Users\omard\source\repos\RecepcionDocumental\RecepcionDocumental\tools\DocumentAiProbe\experiments\H1D10A\text\41FA873A1F07397324194D528955075ABA1D624A6B9FC0141D8DF96C9FDC382B.header.txt,B820E5F8ACC5A5C9731366C8A84EB73C0DDC37F74FFF6A852344EE9C478224DF
41FA873A1F07397324194D528955075ABA1D624A6B9FC0141D8DF96C9FDC382B,TextAsset,C:\Users\omard\source\repos\RecepcionDocumental\RecepcionDocumental\tools\DocumentAiProbe\experiments\H1D10A\text\41FA873A1F07397324194D528955075ABA1D624A6B9FC0141D8DF96C9FDC382B.native.txt,452427E05F406EE3F9F0C65717F8798C4D79CDCD34ACDC5B768796CC58408DEF
43793A2A180FDCA5D268FAC15C65C7B3B8E880217A1116A449C2CD24AFBAC2A6,HeaderTextAsset,C:\Users\omard\source\repos\RecepcionDocumental\RecepcionDocumental\tools\DocumentAiProbe\experiments\H1D10A\text\43793A2A180FDCA5D268FAC15C65C7B3B8E880217A1116A449C2CD24AFBAC2A6.header.txt,62493944BDB30A396D197A54E2C7E583DB19CC40461AFD3C7CC8F5153D6008A8
43793A2A180FDCA5D268FAC15C65C7B3B8E880217A1116A449C2CD24AFBAC2A6,TextAsset,C:\Users\omard\source\repos\RecepcionDocumental\RecepcionDocumental\tools\DocumentAiProbe\experiments\H1D10A\text\43793A2A180FDCA5D268FAC15C65C7B3B8E880217A1116A449C2CD24AFBAC2A6.native.txt,45C2E71A93A6F31CE70B77FA5B226B1F03F49613D71DB13BF1E0B9E4DB59C1A9
44336BFC12CA0A5E9F5243129B67CF8CF861EA319E51DBDB1B4CAF0E6F7DACE1,HeaderTextAsset,C:\Users\omard\source\repos\RecepcionDocumental\RecepcionDocumental\tools\DocumentAiProbe\experiments\H1D10A\text\44336BFC12CA0A5E9F5243129B67CF8CF861EA319E51DBDB1B4CAF0E6F7DACE1.header.txt,68EEEC6B669B8D827BBDEDADFF3BC27FD353CFFCB669A8165584D54E92619339
44336BFC12CA0A5E9F5243129B67CF8CF861EA319E51DBDB1B4CAF0E6F7DACE1,TextAsset,C:\Users\omard\source\repos\RecepcionDocumental\RecepcionDocumental\tools\DocumentAiProbe\experiments\H1D10A\text\44336BFC12CA0A5E9F5243129B67CF8CF861EA319E51DBDB1B4CAF0E6F7DACE1.native.txt,DF62DB77D36C53F106A24489F13D87B7C88E56582B6744622609D319E31F1702
446E0501DAAA8C0D2C03D8A2264B06451F4B3EFA0B5D3E22D20EB5C0FA84A76F,HeaderTextAsset,C:\Users\omard\source\repos\RecepcionDocumental\RecepcionDocumental\tools\DocumentAiProbe\experiments\H1D10A\text\446E0501DAAA8C0D2C03D8A2264B06451F4B3EFA0B5D3E22D20EB5C0FA84A76F.header.txt,4321D80BBD78A25C3C0CCCD653D074CB71A9F2803AE6E1EC2ABBBCA7DBA44F71
446E0501DAAA8C0D2C03D8A2264B06451F4B3EFA0B5D3E22D20EB5C0FA84A76F,TextAsset,C:\Users\omard\source\repos\RecepcionDocumental\RecepcionDocumental\tools\DocumentAiProbe\experiments\H1D10A\text\446E0501DAAA8C0D2C03D8A2264B06451F4B3EFA0B5D3E22D20EB5C0FA84A76F.native.txt,0F7AE1C98B93D0188E428D4169D03D2EF4E4E8A713FEFA47DCE2194F2914D5E6
45423B64B6534B7466BB3D12871E57950B3423157843BC88BACA040D2E333D3B,HeaderTextAsset,C:\Users\omard\source\repos\RecepcionDocumental\RecepcionDocumental\tools\DocumentAiProbe\experiments\H1D10A\text\45423B64B6534B7466BB3D12871E57950B3423157843BC88BACA040D2E333D3B.header.txt,7C613742664663500FF5E32BD5A45C14EC8520A7A4423ED590E66C2F6E4493B8
45423B64B6534B7466BB3D12871E57950B3423157843BC88BACA040D2E333D3B,TextAsset,C:\Users\omard\source\repos\RecepcionDocumental\RecepcionDocumental\tools\DocumentAiProbe\experiments\H1D10A\text\45423B64B6534B7466BB3D12871E57950B3423157843BC88BACA040D2E333D3B.native.txt,0FCF9395E639F4AA52F95E445F8D6B7E2DD3CBC37C97C719D660BD8ABA9E88BD
46CE690F15C5A52306BE1F63A48314E43D723A15C7BB79E6878B021D377AACB7,HeaderTextAsset,C:\Users\omard\source\repos\RecepcionDocumental\RecepcionDocumental\tools\DocumentAiProbe\experiments\H1D10A\text\46CE690F15C5A52306BE1F63A48314E43D723A15C7BB79E6878B021D377AACB7.header.txt,B11859E08267ACC537B5DCFFA0F12F88F90485E9B1BA3B4C36F822C01E377F98
46CE690F15C5A52306BE1F63A48314E43D723A15C7BB79E6878B021D377AACB7,TextAsset,C:\Users\omard\source\repos\RecepcionDocumental\RecepcionDocumental\tools\DocumentAiProbe\experiments\H1D10A\text\46CE690F15C5A52306BE1F63A48314E43D723A15C7BB79E6878B021D377AACB7.native.txt,A82FF63EFEF40C9D962FD696A51BB008BE78087260D7D446FDB98BB853677500
47202F7EA9AE6CCBE1449B55CA382D690A7F3BF48D0AF7E829BCD0D8522F4004,HeaderTextAsset,C:\Users\omard\source\repos\RecepcionDocumental\RecepcionDocumental\tools\DocumentAiProbe\experiments\H1D10A\text\47202F7EA9AE6CCBE1449B55CA382D690A7F3BF48D0AF7E829BCD0D8522F4004.header.txt,3DCE9EE449F98EB48DB519C8585CCAF48E2B80F0E252D261A669FDA7DD469A4F
47202F7EA9AE6CCBE1449B55CA382D690A7F3BF48D0AF7E829BCD0D8522F4004,TextAsset,C:\Users\omard\source\repos\RecepcionDocumental\RecepcionDocumental\tools\DocumentAiProbe\experiments\H1D10A\text\47202F7EA9AE6CCBE1449B55CA382D690A7F3BF48D0AF7E829BCD0D8522F4004.native.txt,21B866B8A4C2E19394C2FEE16C69EBD1448A63BD71F124C07DB70873BDD6219D
49AAE2D8D5826364B7C42B76AC987D080A47C6BDA17C7F7B32E6233FF452180F,HeaderTextAsset,C:\Users\omard\source\repos\RecepcionDocumental\RecepcionDocumental\tools\DocumentAiProbe\experiments\H1D10A\text\49AAE2D8D5826364B7C42B76AC987D080A47C6BDA17C7F7B32E6233FF452180F.header.txt,E2E479A550180D743D672882EC6FA1ECF8CC66BE7D16D9108443AE5C094BFBA3
49AAE2D8D5826364B7C42B76AC987D080A47C6BDA17C7F7B32E6233FF452180F,TextAsset,C:\Users\omard\source\repos\RecepcionDocumental\RecepcionDocumental\tools\DocumentAiProbe\experiments\H1D10A\text\49AAE2D8D5826364B7C42B76AC987D080A47C6BDA17C7F7B32E6233FF452180F.native.txt,E2CDF0E25342D53C59CC64679B3ED29D5DDAB6E364A6FB59048FBF633FDAB4A0
4B94E6B110CAB58547EB45BF9744C8773EBD6AEFEE79352BA74C4625125534EC,HeaderTextAsset,C:\Users\omard\source\repos\RecepcionDocumental\RecepcionDocumental\tools\DocumentAiProbe\experiments\H1D10A\text\4B94E6B110CAB58547EB45BF9744C8773EBD6AEFEE79352BA74C4625125534EC.header.txt,2E7DE9B53E222DEB9DA11AF923396427449121AD196655459D2692C04AEC7B30
4B94E6B110CAB58547EB45BF9744C8773EBD6AEFEE79352BA74C4625125534EC,TextAsset,C:\Users\omard\source\repos\RecepcionDocumental\RecepcionDocumental\tools\DocumentAiProbe\experiments\H1D10A\text\4B94E6B110CAB58547EB45BF9744C8773EBD6AEFEE79352BA74C4625125534EC.native.txt,BF0DC5744BF9F6DEFB319CCD9C3212E5B939BDFC3F7AFF51DEBD72A682C830CD
522D785B8861AC8B6E0B665918509ABFC61F4A5A7AD344D29581F3820D969F29,HeaderTextAsset,C:\Users\omard\source\repos\RecepcionDocumental\RecepcionDocumental\tools\DocumentAiProbe\experiments\H1D10A\text\522D785B8861AC8B6E0B665918509ABFC61F4A5A7AD344D29581F3820D969F29.header.txt,80E0974301F8DAB34331C0C08DBCB2A9E58EEBB268BCCAE51E806F19E2B45722
522D785B8861AC8B6E0B665918509ABFC61F4A5A7AD344D29581F3820D969F29,TextAsset,C:\Users\omard\source\repos\RecepcionDocumental\RecepcionDocumental\tools\DocumentAiProbe\experiments\H1D10A\text\522D785B8861AC8B6E0B665918509ABFC61F4A5A7AD344D29581F3820D969F29.native.txt,0B74AE0F21C6C8B347DA52C18BAC0DF95FA34AC528C441449B25FD84DDCEB937
53CF129FB285C10306585C4D401463DB0CD045CD0DC8A0FF1B487FBBC4A1AFC5,HeaderTextAsset,C:\Users\omard\source\repos\RecepcionDocumental\RecepcionDocumental\tools\DocumentAiProbe\experiments\H1D10A\text\53CF129FB285C10306585C4D401463DB0CD045CD0DC8A0FF1B487FBBC4A1AFC5.header.txt,67CB896C84ADB97CBBCFFBEED17E186F8FB9AC476AF9C422BF98C2FB2ED660DC
53CF129FB285C10306585C4D401463DB0CD045CD0DC8A0FF1B487FBBC4A1AFC5,TextAsset,C:\Users\omard\source\repos\RecepcionDocumental\RecepcionDocumental\tools\DocumentAiProbe\experiments\H1D10A\text\53CF129FB285C10306585C4D401463DB0CD045CD0DC8A0FF1B487FBBC4A1AFC5.native.txt,97FBB41ED334D91161E0DDE16AECA3F7EC0AD0BFB1AE1F0D60ECBFD18452F517
53DDEB792AFACFDD0BE1A1741A028A22298BDA5360530D373B25E5FDE3C89917,HeaderTextAsset,C:\Users\omard\source\repos\RecepcionDocumental\RecepcionDocumental\tools\DocumentAiProbe\experiments\H1D10A\text\53DDEB792AFACFDD0BE1A1741A028A22298BDA5360530D373B25E5FDE3C89917.header.txt,879FE197D265D05CDBC5076A05246E5CD04CE24974F6FB00717B73E455EC0F31
53DDEB792AFACFDD0BE1A1741A028A22298BDA5360530D373B25E5FDE3C89917,TextAsset,C:\Users\omard\source\repos\RecepcionDocumental\RecepcionDocumental\tools\DocumentAiProbe\experiments\H1D10A\text\53DDEB792AFACFDD0BE1A1741A028A22298BDA5360530D373B25E5FDE3C89917.native.txt,B47B4EB0C3A81F1CC0A7B05FB75EF6FCA01ACC7EEBA33FE4BB74D8F7419B450C
5CD323BE0FA8C7BF7DF56E09EB62B1338AD699ED21F25A09DBA6E646DA452906,HeaderTextAsset,C:\Users\omard\source\repos\RecepcionDocumental\RecepcionDocumental\tools\DocumentAiProbe\experiments\H1D10A\text\5CD323BE0FA8C7BF7DF56E09EB62B1338AD699ED21F25A09DBA6E646DA452906.header.txt,E1930217AC7E8B15684567CB8325060C58C422E1E0F005901392AD96BA58AB61
5CD323BE0FA8C7BF7DF56E09EB62B1338AD699ED21F25A09DBA6E646DA452906,TextAsset,C:\Users\omard\source\repos\RecepcionDocumental\RecepcionDocumental\tools\DocumentAiProbe\experiments\H1D10A\text\5CD323BE0FA8C7BF7DF56E09EB62B1338AD699ED21F25A09DBA6E646DA452906.native.txt,78C530C42D62554C62E36B832BE400F76683AAA37062E00D8DA225FE0DA8A72A
63D1DB74D405C58FC6B148A98498E2351418A24343D9326C5EB42A6CCEC42A4A,HeaderTextAsset,C:\Users\omard\source\repos\RecepcionDocumental\RecepcionDocumental\tools\DocumentAiProbe\experiments\H1D10A\text\63D1DB74D405C58FC6B148A98498E2351418A24343D9326C5EB42A6CCEC42A4A.header.txt,70EA64057F5DA3E52F9504B50156F24E9E0149071B39480480C2ADAA0733476C
63D1DB74D405C58FC6B148A98498E2351418A24343D9326C5EB42A6CCEC42A4A,TextAsset,C:\Users\omard\source\repos\RecepcionDocumental\RecepcionDocumental\tools\DocumentAiProbe\experiments\H1D10A\text\63D1DB74D405C58FC6B148A98498E2351418A24343D9326C5EB42A6CCEC42A4A.native.txt,CCA92392F2296A37D309C355FA0BB1CABEFACAB8D620F4F83BBDFA47AE890F23
63F5F3AB045C5B5F66EA108111298A47D3D35401D9F776570A886AC745108D3F,HeaderTextAsset,C:\Users\omard\source\repos\RecepcionDocumental\RecepcionDocumental\tools\DocumentAiProbe\experiments\H1D10A\text\63F5F3AB045C5B5F66EA108111298A47D3D35401D9F776570A886AC745108D3F.header.txt,CD21F4395D88EF00E1ECE6A193F1A7B9C787309006ED54832A11EDD9D5C3D823
63F5F3AB045C5B5F66EA108111298A47D3D35401D9F776570A886AC745108D3F,TextAsset,C:\Users\omard\source\repos\RecepcionDocumental\RecepcionDocumental\tools\DocumentAiProbe\experiments\H1D10A\text\63F5F3AB045C5B5F66EA108111298A47D3D35401D9F776570A886AC745108D3F.native.txt,23D0B116F06422910328C832A080A5F53F0F359CD74961F36A68BD7A731A3452
6403BB9E343E7ADC6832D9FEF0B238A5C7629934B729B49930D5EB612D45A237,HeaderTextAsset,C:\Users\omard\source\repos\RecepcionDocumental\RecepcionDocumental\tools\DocumentAiProbe\experiments\H1D10A\text\6403BB9E343E7ADC6832D9FEF0B238A5C7629934B729B49930D5EB612D45A237.header.txt,EAD0AC96EBF7FBB8044FA26DF47211E2562D207DC6B80803C346A8B4FEB5E716
6403BB9E343E7ADC6832D9FEF0B238A5C7629934B729B49930D5EB612D45A237,TextAsset,C:\Users\omard\source\repos\RecepcionDocumental\RecepcionDocumental\tools\DocumentAiProbe\experiments\H1D10A\text\6403BB9E343E7ADC6832D9FEF0B238A5C7629934B729B49930D5EB612D45A237.native.txt,7D1BE38F45A29446AA6D7496E5F251537F89CB0386AACBDD1BE498B92586C576
657D014F547F5C67D9C3C97F905729BE00F4498F2CB5E01528AAFF4F0E177E5B,HeaderTextAsset,C:\Users\omard\source\repos\RecepcionDocumental\RecepcionDocumental\tools\DocumentAiProbe\experiments\H1D10A\text\657D014F547F5C67D9C3C97F905729BE00F4498F2CB5E01528AAFF4F0E177E5B.header.txt,FE47974AC05195235D871069D3D01184CDA4C67FA8FA2E60AC5255D96302C5DE
657D014F547F5C67D9C3C97F905729BE00F4498F2CB5E01528AAFF4F0E177E5B,TextAsset,C:\Users\omard\source\repos\RecepcionDocumental\RecepcionDocumental\tools\DocumentAiProbe\experiments\H1D10A\text\657D014F547F5C67D9C3C97F905729BE00F4498F2CB5E01528AAFF4F0E177E5B.ocr.txt,90F043F536551EF00C44C3EC6E89A409465FA7F89CC762BEA32EFAEF8037E85C
689B7BBF501134FEE362293BF2BFE282BFAF1D3D456B47AC2C5C1CCAB5FA15C4,HeaderTextAsset,C:\Users\omard\source\repos\RecepcionDocumental\RecepcionDocumental\tools\DocumentAiProbe\experiments\H1D10A\text\689B7BBF501134FEE362293BF2BFE282BFAF1D3D456B47AC2C5C1CCAB5FA15C4.header.txt,D65ADFA9AD42966389BEEDE145D79F149A2F6782FA786F3C8F894EE10ADA5AC6
689B7BBF501134FEE362293BF2BFE282BFAF1D3D456B47AC2C5C1CCAB5FA15C4,TextAsset,C:\Users\omard\source\repos\RecepcionDocumental\RecepcionDocumental\tools\DocumentAiProbe\experiments\H1D10A\text\689B7BBF501134FEE362293BF2BFE282BFAF1D3D456B47AC2C5C1CCAB5FA15C4.native.txt,08B4DC9473ACC875DAC4F619EB2249B7DAAA3D667313A79ACF24A0B06D01C0D2
69F92D3D10F2BE9527CE3AA19F22635B987762F8663A4A61550B7791C9813E44,HeaderTextAsset,C:\Users\omard\source\repos\RecepcionDocumental\RecepcionDocumental\tools\DocumentAiProbe\experiments\H1D10A\text\69F92D3D10F2BE9527CE3AA19F22635B987762F8663A4A61550B7791C9813E44.header.txt,E5539288F6A5DC01C16BEA5114C7E8083531AE97D1FBD94786AAC6205C3EC6D6
69F92D3D10F2BE9527CE3AA19F22635B987762F8663A4A61550B7791C9813E44,TextAsset,C:\Users\omard\source\repos\RecepcionDocumental\RecepcionDocumental\tools\DocumentAiProbe\experiments\H1D10A\text\69F92D3D10F2BE9527CE3AA19F22635B987762F8663A4A61550B7791C9813E44.native.txt,A722516E74A1780CCB86759860CD74D250D18B2F161481057C0FA9D4D282C872
6AAA6E56A668CA470CE59A1DA0E3208162A408FD1E83E1DB80551F50B08F7631,HeaderTextAsset,C:\Users\omard\source\repos\RecepcionDocumental\RecepcionDocumental\tools\DocumentAiProbe\experiments\H1D10A\text\6AAA6E56A668CA470CE59A1DA0E3208162A408FD1E83E1DB80551F50B08F7631.header.txt,7A3E08B5D38172C1AAEF70041A630845BAAD61C7C35FA441EE3986CDB611CC08
6AAA6E56A668CA470CE59A1DA0E3208162A408FD1E83E1DB80551F50B08F7631,TextAsset,C:\Users\omard\source\repos\RecepcionDocumental\RecepcionDocumental\tools\DocumentAiProbe\experiments\H1D10A\text\6AAA6E56A668CA470CE59A1DA0E3208162A408FD1E83E1DB80551F50B08F7631.native.txt,747BCB3385A77945A5938BBCC594B390FA7C6524FF4E5E760C068F4EC43614DC
6C5B4EA91CF5B9B7DCFE271736BED260D3E743DB8E6B20D27414377E4A215229,HeaderTextAsset,C:\Users\omard\source\repos\RecepcionDocumental\RecepcionDocumental\tools\DocumentAiProbe\experiments\H1D10A\text\6C5B4EA91CF5B9B7DCFE271736BED260D3E743DB8E6B20D27414377E4A215229.header.txt,8B3D18ED05BE7E0D07F593FBC81718E03CD0513FBC2F089ED06B9EF38AF422B2
6C5B4EA91CF5B9B7DCFE271736BED260D3E743DB8E6B20D27414377E4A215229,TextAsset,C:\Users\omard\source\repos\RecepcionDocumental\RecepcionDocumental\tools\DocumentAiProbe\experiments\H1D10A\text\6C5B4EA91CF5B9B7DCFE271736BED260D3E743DB8E6B20D27414377E4A215229.native.txt,E6EC524F2F4FB00089EE1893048ED2ADDA61E5DFBE33BF38863DDB4F72192B5C
6EE583A0329BFFE2CC0604B2DF470F2E9E8A3A491ABED3AE58229C122955C824,HeaderTextAsset,C:\Users\omard\source\repos\RecepcionDocumental\RecepcionDocumental\tools\DocumentAiProbe\experiments\H1D10A\text\6EE583A0329BFFE2CC0604B2DF470F2E9E8A3A491ABED3AE58229C122955C824.header.txt,BD56E1F97D46DAC1A651A8F63D187664369D8473D5584CE8F543E6811D111ACD
6EE583A0329BFFE2CC0604B2DF470F2E9E8A3A491ABED3AE58229C122955C824,TextAsset,C:\Users\omard\source\repos\RecepcionDocumental\RecepcionDocumental\tools\DocumentAiProbe\experiments\H1D10A\text\6EE583A0329BFFE2CC0604B2DF470F2E9E8A3A491ABED3AE58229C122955C824.native.txt,DBD633297DC9B08E98CB13624BB8EE028DE92BEA34FA95FFE0C795CBF12DB472
70183B71AFCE11898A3EBCFC447FF1DA5F4FCE6AE346AD66A7BFB03C5841D4DF,HeaderTextAsset,C:\Users\omard\source\repos\RecepcionDocumental\RecepcionDocumental\tools\DocumentAiProbe\experiments\H1D10A\text\70183B71AFCE11898A3EBCFC447FF1DA5F4FCE6AE346AD66A7BFB03C5841D4DF.header.txt,9A60890861AF0E3B4FCAC97693FB76D022A5547152A0EA996C3636B8657854B9
70183B71AFCE11898A3EBCFC447FF1DA5F4FCE6AE346AD66A7BFB03C5841D4DF,TextAsset,C:\Users\omard\source\repos\RecepcionDocumental\RecepcionDocumental\tools\DocumentAiProbe\experiments\H1D10A\text\70183B71AFCE11898A3EBCFC447FF1DA5F4FCE6AE346AD66A7BFB03C5841D4DF.native.txt,640B90A638974DB9B82B84BB6AD4B330181BA42AEFDB317487728A7A531E33AE
70943A213A862A315DB451BAFBADDBFE5C0E45D694BF40FD8E5430FF47A032BA,HeaderTextAsset,C:\Users\omard\source\repos\RecepcionDocumental\RecepcionDocumental\tools\DocumentAiProbe\experiments\H1D10A\text\70943A213A862A315DB451BAFBADDBFE5C0E45D694BF40FD8E5430FF47A032BA.header.txt,CAFA9AE62DD7E8F7ED8016A8EF5E919131875B9DFC3FD6C3BD22935CBE2CC2D9
70943A213A862A315DB451BAFBADDBFE5C0E45D694BF40FD8E5430FF47A032BA,TextAsset,C:\Users\omard\source\repos\RecepcionDocumental\RecepcionDocumental\tools\DocumentAiProbe\experiments\H1D10A\text\70943A213A862A315DB451BAFBADDBFE5C0E45D694BF40FD8E5430FF47A032BA.ocr.txt,34A162629D926929918BF219F010A4DD50AB92A4554491EA517FB8D0C8FA748B
7369DF302D07631A98454113785F530B862A7D556083C9BCE2A378E733A259D1,HeaderTextAsset,C:\Users\omard\source\repos\RecepcionDocumental\RecepcionDocumental\tools\DocumentAiProbe\experiments\H1D10A\text\7369DF302D07631A98454113785F530B862A7D556083C9BCE2A378E733A259D1.header.txt,14BC547B04B03527B22AB644C536B0F179C3A5407C3248B1D528A6024BB3BBB8
7369DF302D07631A98454113785F530B862A7D556083C9BCE2A378E733A259D1,TextAsset,C:\Users\omard\source\repos\RecepcionDocumental\RecepcionDocumental\tools\DocumentAiProbe\experiments\H1D10A\text\7369DF302D07631A98454113785F530B862A7D556083C9BCE2A378E733A259D1.native.txt,5A85E9010DCCA80A78CEB20325201DBB77C04F149187AFE0DCF45B75072DD7FF
7DB28C1CAEF678FB79B4D943F74C412E0324E467A85C015D65AD2D45783D057A,HeaderTextAsset,C:\Users\omard\source\repos\RecepcionDocumental\RecepcionDocumental\tools\DocumentAiProbe\experiments\H1D10A\text\7DB28C1CAEF678FB79B4D943F74C412E0324E467A85C015D65AD2D45783D057A.header.txt,9125E37E96281066FF6A5D97B988B673EC0491C04E1DF5E3FFA3C7DD49E60AA0
7DB28C1CAEF678FB79B4D943F74C412E0324E467A85C015D65AD2D45783D057A,TextAsset,C:\Users\omard\source\repos\RecepcionDocumental\RecepcionDocumental\tools\DocumentAiProbe\experiments\H1D10A\text\7DB28C1CAEF678FB79B4D943F74C412E0324E467A85C015D65AD2D45783D057A.native.txt,BAF9E62625ADB9C78EF53D77FE953F9E425C4274016D24432735E8E9A26B384E
7FCBBC7B3E14E41EFA2F05C0FFC31F73B74BE9AA4754A639AD303E1AB0092CCE,HeaderTextAsset,C:\Users\omard\source\repos\RecepcionDocumental\RecepcionDocumental\tools\DocumentAiProbe\experiments\H1D10A\text\7FCBBC7B3E14E41EFA2F05C0FFC31F73B74BE9AA4754A639AD303E1AB0092CCE.header.txt,281AE0207C6E45DB065302E188DE6F3C62A2D417A1625D6B599A979A497876D7
7FCBBC7B3E14E41EFA2F05C0FFC31F73B74BE9AA4754A639AD303E1AB0092CCE,TextAsset,C:\Users\omard\source\repos\RecepcionDocumental\RecepcionDocumental\tools\DocumentAiProbe\experiments\H1D10A\text\7FCBBC7B3E14E41EFA2F05C0FFC31F73B74BE9AA4754A639AD303E1AB0092CCE.native.txt,C9CF9962F38D5A326D8F1724F86C0D995736DEF2D7AD0B5B8AB9F132CFBB2EE6
842594336FD1FDF9801D6F0769960B24152213A2368F5E5E330F898639CCCB13,HeaderTextAsset,C:\Users\omard\source\repos\RecepcionDocumental\RecepcionDocumental\tools\DocumentAiProbe\experiments\H1D10A\text\842594336FD1FDF9801D6F0769960B24152213A2368F5E5E330F898639CCCB13.header.txt,8B341F9E8778BD549BAAD1B4A907AB8F6DE118A117FFC5C28F1A2BDF83C60368
842594336FD1FDF9801D6F0769960B24152213A2368F5E5E330F898639CCCB13,TextAsset,C:\Users\omard\source\repos\RecepcionDocumental\RecepcionDocumental\tools\DocumentAiProbe\experiments\H1D10A\text\842594336FD1FDF9801D6F0769960B24152213A2368F5E5E330F898639CCCB13.native.txt,FCDD4B5ABF228B42B6A116D3A76F5F67BF22436AF92C80F68B638C5FEE9ECEA9
8E35C151859E5F6C0FE0F2832287604CE4EB800330CF83D4885A59869028FF43,HeaderTextAsset,C:\Users\omard\source\repos\RecepcionDocumental\RecepcionDocumental\tools\DocumentAiProbe\experiments\H1D10A\text\8E35C151859E5F6C0FE0F2832287604CE4EB800330CF83D4885A59869028FF43.header.txt,0CB825DDCDBB2CC4822919C62C79CC6CF1E4AA034C73CDE3A54FE7A78B35B97B
8E35C151859E5F6C0FE0F2832287604CE4EB800330CF83D4885A59869028FF43,TextAsset,C:\Users\omard\source\repos\RecepcionDocumental\RecepcionDocumental\tools\DocumentAiProbe\experiments\H1D10A\text\8E35C151859E5F6C0FE0F2832287604CE4EB800330CF83D4885A59869028FF43.native.txt,68A51E6CF03BD7126C57CEDA597D4C5C6CA8C83B58E15F50D48E35AF140360AD
95AF2B3D9E304F20830DD6D2986A230CE395D8B5FDA0B8BBC25E9B9E712B11AE,HeaderTextAsset,C:\Users\omard\source\repos\RecepcionDocumental\RecepcionDocumental\tools\DocumentAiProbe\experiments\H1D10A\text\95AF2B3D9E304F20830DD6D2986A230CE395D8B5FDA0B8BBC25E9B9E712B11AE.header.txt,17E251568C83E6D4DD3059718DBA24C2D1E3572E46303A2417A3BA9DD9458A41
95AF2B3D9E304F20830DD6D2986A230CE395D8B5FDA0B8BBC25E9B9E712B11AE,TextAsset,C:\Users\omard\source\repos\RecepcionDocumental\RecepcionDocumental\tools\DocumentAiProbe\experiments\H1D10A\text\95AF2B3D9E304F20830DD6D2986A230CE395D8B5FDA0B8BBC25E9B9E712B11AE.native.txt,5FD208DB5964B85033BF0FD9503FCE182421D1BC378DFD087367AE82BE55AB5F
9801EA3DCCCCE81A20C1A1FCA6BD057BE02056D5F6AF7568416C159F8EA6F42C,HeaderTextAsset,C:\Users\omard\source\repos\RecepcionDocumental\RecepcionDocumental\tools\DocumentAiProbe\experiments\H1D10A\text\9801EA3DCCCCE81A20C1A1FCA6BD057BE02056D5F6AF7568416C159F8EA6F42C.header.txt,4094658E6C3669B28351E7BB52F3C3EEFF92474206C30131DC587056A24A3C46
9801EA3DCCCCE81A20C1A1FCA6BD057BE02056D5F6AF7568416C159F8EA6F42C,TextAsset,C:\Users\omard\source\repos\RecepcionDocumental\RecepcionDocumental\tools\DocumentAiProbe\experiments\H1D10A\text\9801EA3DCCCCE81A20C1A1FCA6BD057BE02056D5F6AF7568416C159F8EA6F42C.native.txt,4C4BAA3B5608D542FA5CDE5A9C7FB81CAD90700F268A1FB4D61CCCC7EE24BBED
9893646420FB567085B74B4A937F0D07B988E41AE80615EEA9A62DBEED6CDEB1,HeaderTextAsset,C:\Users\omard\source\repos\RecepcionDocumental\RecepcionDocumental\tools\DocumentAiProbe\experiments\H1D10A\text\9893646420FB567085B74B4A937F0D07B988E41AE80615EEA9A62DBEED6CDEB1.header.txt,76FCD47E253284B9DA23029D32BA1CC08419F4758F6DA8ECFDE2AF4126333307
9893646420FB567085B74B4A937F0D07B988E41AE80615EEA9A62DBEED6CDEB1,TextAsset,C:\Users\omard\source\repos\RecepcionDocumental\RecepcionDocumental\tools\DocumentAiProbe\experiments\H1D10A\text\9893646420FB567085B74B4A937F0D07B988E41AE80615EEA9A62DBEED6CDEB1.native.txt,61E360294CDAB8284D3BA7AE7C2AABB3D05CE479E4AA72806C98D6B62F0A942D
A0A5960905B6EC78058181CCC8AC0CE5CC894945AB6D97889A599934D2BE636E,HeaderTextAsset,C:\Users\omard\source\repos\RecepcionDocumental\RecepcionDocumental\tools\DocumentAiProbe\experiments\H1D10A\text\A0A5960905B6EC78058181CCC8AC0CE5CC894945AB6D97889A599934D2BE636E.header.txt,73BD8ED1AA10A1C2DC027B33A9AFCAA675A8C01B865A5B0AB7DB8A995AD62474
A0A5960905B6EC78058181CCC8AC0CE5CC894945AB6D97889A599934D2BE636E,TextAsset,C:\Users\omard\source\repos\RecepcionDocumental\RecepcionDocumental\tools\DocumentAiProbe\experiments\H1D10A\text\A0A5960905B6EC78058181CCC8AC0CE5CC894945AB6D97889A599934D2BE636E.native.txt,24D0A8ADD0494ED24C9D9E290E1908CA5652A667D55A6C7B48E9ADF84581EC52
A2BF3657EE083148A054B3F7110C884140B3D69930E58683F957FBAAA580D827,HeaderTextAsset,C:\Users\omard\source\repos\RecepcionDocumental\RecepcionDocumental\tools\DocumentAiProbe\experiments\H1D10A\text\A2BF3657EE083148A054B3F7110C884140B3D69930E58683F957FBAAA580D827.header.txt,912F50D7A4A936F9F45059CDDBD858F14DF1A597A77D71E8492F140FF5AD8A90
A2BF3657EE083148A054B3F7110C884140B3D69930E58683F957FBAAA580D827,TextAsset,C:\Users\omard\source\repos\RecepcionDocumental\RecepcionDocumental\tools\DocumentAiProbe\experiments\H1D10A\text\A2BF3657EE083148A054B3F7110C884140B3D69930E58683F957FBAAA580D827.native.txt,5E1ECD391F0DF83303566A191AECCE53E94F2CA74FDCE3F80F6FBAE397B01B8C
AE5F33D11E36020FD2D0004B7D7F0E29834D1846F3753696CE2E377BA6990089,HeaderTextAsset,C:\Users\omard\source\repos\RecepcionDocumental\RecepcionDocumental\tools\DocumentAiProbe\experiments\H1D10A\text\AE5F33D11E36020FD2D0004B7D7F0E29834D1846F3753696CE2E377BA6990089.header.txt,39F27D4BA05B148F0C9789FEB88D022D761CF37EB0DE3164A346C0192EC3E204
AE5F33D11E36020FD2D0004B7D7F0E29834D1846F3753696CE2E377BA6990089,TextAsset,C:\Users\omard\source\repos\RecepcionDocumental\RecepcionDocumental\tools\DocumentAiProbe\experiments\H1D10A\text\AE5F33D11E36020FD2D0004B7D7F0E29834D1846F3753696CE2E377BA6990089.native.txt,19F31124413466E55EFD278B3B990EAC98F0B37362D55E697E530A4D00DCE85F
AF9E13927BD6123DA16DE0369AA7435A2892D4D71E8A0B3863F85C6A5E30455A,HeaderTextAsset,C:\Users\omard\source\repos\RecepcionDocumental\RecepcionDocumental\tools\DocumentAiProbe\experiments\H1D10A\text\AF9E13927BD6123DA16DE0369AA7435A2892D4D71E8A0B3863F85C6A5E30455A.header.txt,ADAB5459F1E10C78589271D92000FC5B869BF2E4E32E3BBB71941D49376FC5F8
AF9E13927BD6123DA16DE0369AA7435A2892D4D71E8A0B3863F85C6A5E30455A,TextAsset,C:\Users\omard\source\repos\RecepcionDocumental\RecepcionDocumental\tools\DocumentAiProbe\experiments\H1D10A\text\AF9E13927BD6123DA16DE0369AA7435A2892D4D71E8A0B3863F85C6A5E30455A.native.txt,D8547D0BC82BDA2F6708E5A809B5B346D5910F9ECB780F657B16902A2DD0BDB6
AFD04E98404202094A303416378E65BFF378DACC29438FCCB31F15E5DA76A62D,HeaderTextAsset,C:\Users\omard\source\repos\RecepcionDocumental\RecepcionDocumental\tools\DocumentAiProbe\experiments\H1D10A\text\AFD04E98404202094A303416378E65BFF378DACC29438FCCB31F15E5DA76A62D.header.txt,A7DCCB3E4EA6F23CA02F857C1EC226ABC139559E0DC50D372D9C6E7C7A15BB8E
AFD04E98404202094A303416378E65BFF378DACC29438FCCB31F15E5DA76A62D,TextAsset,C:\Users\omard\source\repos\RecepcionDocumental\RecepcionDocumental\tools\DocumentAiProbe\experiments\H1D10A\text\AFD04E98404202094A303416378E65BFF378DACC29438FCCB31F15E5DA76A62D.native.txt,D339C43712E1CCA42C1BD980A2CF7A5348F2898343655DD76241172639D3B1C6
BAD58EFDAD38F78981FFC549AF4B2F8E08A05F91717C17C0926AD6E832356563,HeaderTextAsset,C:\Users\omard\source\repos\RecepcionDocumental\RecepcionDocumental\tools\DocumentAiProbe\experiments\H1D10A\text\BAD58EFDAD38F78981FFC549AF4B2F8E08A05F91717C17C0926AD6E832356563.header.txt,F5F455A3072973E084A3483F6D1F87F1771924E896E294515C7B7D7F2942F5A6
BAD58EFDAD38F78981FFC549AF4B2F8E08A05F91717C17C0926AD6E832356563,TextAsset,C:\Users\omard\source\repos\RecepcionDocumental\RecepcionDocumental\tools\DocumentAiProbe\experiments\H1D10A\text\BAD58EFDAD38F78981FFC549AF4B2F8E08A05F91717C17C0926AD6E832356563.native.txt,CEFC03E83578AD40DF257DDC880347C576E0411CC8D0FC81D9620B7CDCC1C6D2
BF3C8B6E0629580CD73B07E38158B2BAC03A920BD9965548A236F02203849DB0,HeaderTextAsset,C:\Users\omard\source\repos\RecepcionDocumental\RecepcionDocumental\tools\DocumentAiProbe\experiments\H1D10A\text\BF3C8B6E0629580CD73B07E38158B2BAC03A920BD9965548A236F02203849DB0.header.txt,FE3214EC8CAE3DD530837E43B4D351D23D69B4DF0527C9F40F7D1064EE93DE30
BF3C8B6E0629580CD73B07E38158B2BAC03A920BD9965548A236F02203849DB0,TextAsset,C:\Users\omard\source\repos\RecepcionDocumental\RecepcionDocumental\tools\DocumentAiProbe\experiments\H1D10A\text\BF3C8B6E0629580CD73B07E38158B2BAC03A920BD9965548A236F02203849DB0.native.txt,1B1458B0A2226CAEF926598A834DE4D967938F346F10B84740567719783CC9F7
C92C0422097D51A3D93193E6CF419568C35B45B68AE7BA0E8F044DAA781BDE27,HeaderTextAsset,C:\Users\omard\source\repos\RecepcionDocumental\RecepcionDocumental\tools\DocumentAiProbe\experiments\H1D10A\text\C92C0422097D51A3D93193E6CF419568C35B45B68AE7BA0E8F044DAA781BDE27.header.txt,482483B5536358F4EF17CC0234A85E02A758956F4F912BD27F453CD34D87EDDB
C92C0422097D51A3D93193E6CF419568C35B45B68AE7BA0E8F044DAA781BDE27,TextAsset,C:\Users\omard\source\repos\RecepcionDocumental\RecepcionDocumental\tools\DocumentAiProbe\experiments\H1D10A\text\C92C0422097D51A3D93193E6CF419568C35B45B68AE7BA0E8F044DAA781BDE27.native.txt,E92AECA47328331315CDD3171032EB701416E5E77AD6703691CC66D38B91F336
CA4B144974CDD331E904D3646E7F74FDAE6502B6CCDA4A0B4845C2FA9E2F6DB8,HeaderTextAsset,C:\Users\omard\source\repos\RecepcionDocumental\RecepcionDocumental\tools\DocumentAiProbe\experiments\H1D10A\text\CA4B144974CDD331E904D3646E7F74FDAE6502B6CCDA4A0B4845C2FA9E2F6DB8.header.txt,C6377298BF4F9ECC9685C636B0832327F28BB6EF0560A87EB17C47FE81D4FA4B
CA4B144974CDD331E904D3646E7F74FDAE6502B6CCDA4A0B4845C2FA9E2F6DB8,TextAsset,C:\Users\omard\source\repos\RecepcionDocumental\RecepcionDocumental\tools\DocumentAiProbe\experiments\H1D10A\text\CA4B144974CDD331E904D3646E7F74FDAE6502B6CCDA4A0B4845C2FA9E2F6DB8.native.txt,8E1BD41E701772CC233E0B5A4D4CC9373B47D843242D712748AE5DB8CBF2A498
CCFC8856B2EE75B258F83A9BD8D590012639F2C3E9281B03568D96D0692E4D9A,HeaderTextAsset,C:\Users\omard\source\repos\RecepcionDocumental\RecepcionDocumental\tools\DocumentAiProbe\experiments\H1D10A\text\CCFC8856B2EE75B258F83A9BD8D590012639F2C3E9281B03568D96D0692E4D9A.header.txt,E5F1566EA3074DCE72A9C0B491303767CE68789F37690FACA6C8AA8FC391BFCD
CCFC8856B2EE75B258F83A9BD8D590012639F2C3E9281B03568D96D0692E4D9A,TextAsset,C:\Users\omard\source\repos\RecepcionDocumental\RecepcionDocumental\tools\DocumentAiProbe\experiments\H1D10A\text\CCFC8856B2EE75B258F83A9BD8D590012639F2C3E9281B03568D96D0692E4D9A.native.txt,8A1917BB77D188862AE98922EACA69B1CD5AC41E409191812249B999ADFC5651
CDCE4AFFBA4C7A14E62EC97B786AE463F5A06625309D2F3C7EC30632192363E0,HeaderTextAsset,C:\Users\omard\source\repos\RecepcionDocumental\RecepcionDocumental\tools\DocumentAiProbe\experiments\H1D10A\text\CDCE4AFFBA4C7A14E62EC97B786AE463F5A06625309D2F3C7EC30632192363E0.header.txt,7C1D2DF2930710CB8B0C51883796D91F48104D45AE4BEEF9169859F8D5047785
CDCE4AFFBA4C7A14E62EC97B786AE463F5A06625309D2F3C7EC30632192363E0,TextAsset,C:\Users\omard\source\repos\RecepcionDocumental\RecepcionDocumental\tools\DocumentAiProbe\experiments\H1D10A\text\CDCE4AFFBA4C7A14E62EC97B786AE463F5A06625309D2F3C7EC30632192363E0.native.txt,569716168EB7BFBF84081F50A25181549D29D79328C91FECB126AE4BBBB56158
DA74B2F8E4ABFBB5F64F133F2380B3F588F02C6FB2D1D7FADE497E2DC0D53000,HeaderTextAsset,C:\Users\omard\source\repos\RecepcionDocumental\RecepcionDocumental\tools\DocumentAiProbe\experiments\H1D10A\text\DA74B2F8E4ABFBB5F64F133F2380B3F588F02C6FB2D1D7FADE497E2DC0D53000.header.txt,6A469C767E47DCE0F6323965C21B0665F77BDF43EB1D78ECE0E905A57A2B1F89
DA74B2F8E4ABFBB5F64F133F2380B3F588F02C6FB2D1D7FADE497E2DC0D53000,TextAsset,C:\Users\omard\source\repos\RecepcionDocumental\RecepcionDocumental\tools\DocumentAiProbe\experiments\H1D10A\text\DA74B2F8E4ABFBB5F64F133F2380B3F588F02C6FB2D1D7FADE497E2DC0D53000.native.txt,11578FA94C6F04CDD041C88498F307B3BD3E390E5DD37AD2C259C3B9FC2F0AF0
DA90A93BE580F95FE5F57983444C78F6B0479F8D349B6390E07DCC05D543D713,HeaderTextAsset,C:\Users\omard\source\repos\RecepcionDocumental\RecepcionDocumental\tools\DocumentAiProbe\experiments\H1D10A\text\DA90A93BE580F95FE5F57983444C78F6B0479F8D349B6390E07DCC05D543D713.header.txt,E4A669A04A1CD1F4476153736EF4363733D3E10549E3A82C5A3063D35B0C0CFB
DA90A93BE580F95FE5F57983444C78F6B0479F8D349B6390E07DCC05D543D713,TextAsset,C:\Users\omard\source\repos\RecepcionDocumental\RecepcionDocumental\tools\DocumentAiProbe\experiments\H1D10A\text\DA90A93BE580F95FE5F57983444C78F6B0479F8D349B6390E07DCC05D543D713.native.txt,FCC64AAE513F082F5484C534B250BCB8347A05886D37CC41035557472B459A76
E4EE7B924E36DAC149A0DE6D3A14BDF33EF1EC5E95B862558B80009E2B4C6E40,HeaderTextAsset,C:\Users\omard\source\repos\RecepcionDocumental\RecepcionDocumental\tools\DocumentAiProbe\experiments\H1D10A\text\E4EE7B924E36DAC149A0DE6D3A14BDF33EF1EC5E95B862558B80009E2B4C6E40.header.txt,3E5F60F65A5841BBE1D4AB05D195A17DAD1E0DC403E1573BAECC39B1DC7B2996
E4EE7B924E36DAC149A0DE6D3A14BDF33EF1EC5E95B862558B80009E2B4C6E40,TextAsset,C:\Users\omard\source\repos\RecepcionDocumental\RecepcionDocumental\tools\DocumentAiProbe\experiments\H1D10A\text\E4EE7B924E36DAC149A0DE6D3A14BDF33EF1EC5E95B862558B80009E2B4C6E40.native.txt,692A7F58E5B2157E404023DB629622F7EB12CF66FC5553C9B3A0C86B98E69A6A
E69F094568C5FB504BF02555E1531ACAEFCF05B95F8E06AE52D73A1CA930A902,HeaderTextAsset,C:\Users\omard\source\repos\RecepcionDocumental\RecepcionDocumental\tools\DocumentAiProbe\experiments\H1D10A\text\E69F094568C5FB504BF02555E1531ACAEFCF05B95F8E06AE52D73A1CA930A902.header.txt,DC96BAC515BBEE3F3FD384DB927048EA66621FE1346D8BE60A8A2AE82BE9A338
E69F094568C5FB504BF02555E1531ACAEFCF05B95F8E06AE52D73A1CA930A902,TextAsset,C:\Users\omard\source\repos\RecepcionDocumental\RecepcionDocumental\tools\DocumentAiProbe\experiments\H1D10A\text\E69F094568C5FB504BF02555E1531ACAEFCF05B95F8E06AE52D73A1CA930A902.native.txt,2AB083CE035BDEA1A1795B20282E5474DE0C5623A86009EE31A5038AD54FE21A
EE17F17B2E3BA04ED99337FE93B2F9107CF18A58C93502F0BF6938D7EBBC0185,HeaderTextAsset,C:\Users\omard\source\repos\RecepcionDocumental\RecepcionDocumental\tools\DocumentAiProbe\experiments\H1D10A\text\EE17F17B2E3BA04ED99337FE93B2F9107CF18A58C93502F0BF6938D7EBBC0185.header.txt,E18CC0B91343A26074A9E733C1091BEB7FCCA551EAC89D556C43C5085F716990
EE17F17B2E3BA04ED99337FE93B2F9107CF18A58C93502F0BF6938D7EBBC0185,TextAsset,C:\Users\omard\source\repos\RecepcionDocumental\RecepcionDocumental\tools\DocumentAiProbe\experiments\H1D10A\text\EE17F17B2E3BA04ED99337FE93B2F9107CF18A58C93502F0BF6938D7EBBC0185.native.txt,A9BF8B91240C7B408E4DBCEBBFFFE883B157D242551FD8C772AB421AFFEFDD87
EF7D8D2B6EB1DA2009EE2C414B127F6EA6B1B2EE8A71CDDE5D494B88BB7021E2,HeaderTextAsset,C:\Users\omard\source\repos\RecepcionDocumental\RecepcionDocumental\tools\DocumentAiProbe\experiments\H1D10A\text\EF7D8D2B6EB1DA2009EE2C414B127F6EA6B1B2EE8A71CDDE5D494B88BB7021E2.header.txt,A2AFA65E844D0E4E1BD671E97363B5B7732086D00ACD86804A400F13F848F37F
EF7D8D2B6EB1DA2009EE2C414B127F6EA6B1B2EE8A71CDDE5D494B88BB7021E2,TextAsset,C:\Users\omard\source\repos\RecepcionDocumental\RecepcionDocumental\tools\DocumentAiProbe\experiments\H1D10A\text\EF7D8D2B6EB1DA2009EE2C414B127F6EA6B1B2EE8A71CDDE5D494B88BB7021E2.native.txt,4EBCE22630825EE189FF8A95A989A350F864C222AF88AC130A5F6A9709119FD5
F20FB9FCF93C82B0A97A7A67BFE6F5483C480F94C937353FCAE85095E78B4D30,HeaderTextAsset,C:\Users\omard\source\repos\RecepcionDocumental\RecepcionDocumental\tools\DocumentAiProbe\experiments\H1D10A\text\F20FB9FCF93C82B0A97A7A67BFE6F5483C480F94C937353FCAE85095E78B4D30.header.txt,E9530AB62573BD0AE618B525AB3E52A03D3E6AA403A4856986023F40A7E4A6D7
F20FB9FCF93C82B0A97A7A67BFE6F5483C480F94C937353FCAE85095E78B4D30,TextAsset,C:\Users\omard\source\repos\RecepcionDocumental\RecepcionDocumental\tools\DocumentAiProbe\experiments\H1D10A\text\F20FB9FCF93C82B0A97A7A67BFE6F5483C480F94C937353FCAE85095E78B4D30.native.txt,8A267E4A57FEB6A8818257403216FABA5C3F600D457322E49E19BD8C3045F338
F6FE5E4E7DBEFC3BD76AA8082F39320D6E47DF09DFED6C259F5830908418EB7F,HeaderTextAsset,C:\Users\omard\source\repos\RecepcionDocumental\RecepcionDocumental\tools\DocumentAiProbe\experiments\H1D10A\text\F6FE5E4E7DBEFC3BD76AA8082F39320D6E47DF09DFED6C259F5830908418EB7F.header.txt,E8187D0AB69648C4156DCBFCA128FC793ED6721471561D361A4202936A0A420A
F6FE5E4E7DBEFC3BD76AA8082F39320D6E47DF09DFED6C259F5830908418EB7F,TextAsset,C:\Users\omard\source\repos\RecepcionDocumental\RecepcionDocumental\tools\DocumentAiProbe\experiments\H1D10A\text\F6FE5E4E7DBEFC3BD76AA8082F39320D6E47DF09DFED6C259F5830908418EB7F.native.txt,05A7126081EC40D89DF05F335B6716A732867F6D8A2890DD2978BB5CA25950FF
FDF0C9EACBFA6ADCDD4D8E651C451A9CDD65DBF7E8628426FA9C87F73F978DBD,HeaderTextAsset,C:\Users\omard\source\repos\RecepcionDocumental\RecepcionDocumental\tools\DocumentAiProbe\experiments\H1D10A\text\FDF0C9EACBFA6ADCDD4D8E651C451A9CDD65DBF7E8628426FA9C87F73F978DBD.header.txt,090464B7486941A725DDDFE668ED98693AB7BEC6DA0CF16E139D8E1AB16B4F11
FDF0C9EACBFA6ADCDD4D8E651C451A9CDD65DBF7E8628426FA9C87F73F978DBD,TextAsset,C:\Users\omard\source\repos\RecepcionDocumental\RecepcionDocumental\tools\DocumentAiProbe\experiments\H1D10A\text\FDF0C9EACBFA6ADCDD4D8E651C451A9CDD65DBF7E8628426FA9C87F73F978DBD.native.txt,48AB5D727451D57563E538FEC69E2AD8033C4758BD45D7D83E616D4387464AA7
FEF50B26E0EABF3B4D805C219F18D4B4952805C3E1426AAC76B536A9EE0B8538,HeaderTextAsset,C:\Users\omard\source\repos\RecepcionDocumental\RecepcionDocumental\tools\DocumentAiProbe\experiments\H1D10A\text\FEF50B26E0EABF3B4D805C219F18D4B4952805C3E1426AAC76B536A9EE0B8538.header.txt,6786FEEAAE2BE52ECB934873A04D46B4064DCF0E7F33A03F786A96B7C2B104A0
FEF50B26E0EABF3B4D805C219F18D4B4952805C3E1426AAC76B536A9EE0B8538,TextAsset,C:\Users\omard\source\repos\RecepcionDocumental\RecepcionDocumental\tools\DocumentAiProbe\experiments\H1D10A\text\FEF50B26E0EABF3B4D805C219F18D4B4952805C3E1426AAC76B536A9EE0B8538.native.txt,F1196099B59B02A2088A7CD9C347ACC831A177E75A05D25C53170EBD006F65EF
FF045409E4708976F60CFA2E5A97D7A99302672D09D4EFB989C13B04774ADCEF,HeaderTextAsset,C:\Users\omard\source\repos\RecepcionDocumental\RecepcionDocumental\tools\DocumentAiProbe\experiments\H1D10A\text\FF045409E4708976F60CFA2E5A97D7A99302672D09D4EFB989C13B04774ADCEF.header.txt,8DCC99C5846F1A726044C10739A674F424A363415A00644426FD09CEEAE09982
FF045409E4708976F60CFA2E5A97D7A99302672D09D4EFB989C13B04774ADCEF,TextAsset,C:\Users\omard\source\repos\RecepcionDocumental\RecepcionDocumental\tools\DocumentAiProbe\experiments\H1D10A\text\FF045409E4708976F60CFA2E5A97D7A99302672D09D4EFB989C13B04774ADCEF.native.txt,4670D6A8265982614BB6505D50DF67581CD4C47A9DBFB6B51BC7B0E9B1886FD3
