Sha256,FileName,LabelFinal,DocumentType,LabelSource,LabelConfidence,FamilyId,Split,ObservedBatch001002,TextMethod,MainTextFile,HeaderTextFile,TextCharacters,NativeUseful,QualityStatus
002865257C71829F722158FBCEDB282C220108C3B1CE07E08876E80BAEEA8EB2,Z001023305689.pdf,FACTURA,FACTURA,QR_ARCA_STRONG,STRONG_RULE,F-EE08C7103D2458E54189,DEVELOPMENT_DIAGNOSTIC,False,MDOC_DOCUMENT+OCR_HEADER_POSITION,002865257C71829F722158FBCEDB282C220108C3B1CE07E08876E80BAEEA8EB2.native.txt,002865257C71829F722158FBCEDB282C220108C3B1CE07E08876E80BAEEA8EB2.header.txt,2255,True,OK
00A887F58DB25495DFDE02D1BD1530CE321427ECC08F8EF1E62853BF1C219A6C,Z001023321635.pdf,FACTURA,FACTURA,QR_ARCA_STRONG,STRONG_RULE,F-FACD83D8B4281A05571A,DEVELOPMENT_DIAGNOSTIC,False,MDOC_DOCUMENT+OCR_HEADER_POSITION,00A887F58DB25495DFDE02D1BD1530CE321427ECC08F8EF1E62853BF1C219A6C.native.txt,00A887F58DB25495DFDE02D1BD1530CE321427ECC08F8EF1E62853BF1C219A6C.header.txt,1328,True,OK
010343D4BCC6C1DB12C1129F149212B97C69C10242840BC5A303CC7B4AA87BAF,Z001023242961.pdf,FACTURA,FACTURA,QR_ARCA_STRONG,STRONG_RULE,F-EE08C7103D2458E54189,DEVELOPMENT_DIAGNOSTIC,True,MDOC_DOCUMENT+OCR_HEADER_POSITION,010343D4BCC6C1DB12C1129F149212B97C69C10242840BC5A303CC7B4AA87BAF.native.txt,010343D4BCC6C1DB12C1129F149212B97C69C10242840BC5A303CC7B4AA87BAF.header.txt,1981,True,OK
014E2ED703E7699D11564EA3DA8C3C759890653A8AA43818519F760562AAD8E9,Z001023267244.pdf,FACTURA,FACTURA,QR_ARCA_STRONG,STRONG_RULE,F-41390C2275426E0851C1,DEVELOPMENT,False,OCR_PRODUCT_FIRST_PAGE,014E2ED703E7699D11564EA3DA8C3C759890653A8AA43818519F760562AAD8E9.ocr.txt,014E2ED703E7699D11564EA3DA8C3C759890653A8AA43818519F760562AAD8E9.header.txt,1310,False,OK
01CD21BA921CF3E5B71026D0B35F0455C59E2D2B5B1FCC67BBF6E18173662A57,Z001023284243.pdf,FACTURA,FACTURA,QR_ARCA_STRONG,STRONG_RULE,F-17D8887E1AFD322C7FBE,DEVELOPMENT,False,MDOC_DOCUMENT+OCR_HEADER_POSITION,01CD21BA921CF3E5B71026D0B35F0455C59E2D2B5B1FCC67BBF6E18173662A57.native.txt,01CD21BA921CF3E5B71026D0B35F0455C59E2D2B5B1FCC67BBF6E18173662A57.header.txt,2052,True,OK
02481C9D2568B71F8E7C312C9750A2574BBC113DA725E94DF93185829AC84A79,Z001023320988.pdf,FACTURA,FACTURA,PDF_TEXT_STRONG,STRONG_RULE,F-BD443D8161F24BFCB109,DEVELOPMENT,False,MDOC_DOCUMENT+OCR_HEADER_POSITION,02481C9D2568B71F8E7C312C9750A2574BBC113DA725E94DF93185829AC84A79.native.txt,02481C9D2568B71F8E7C312C9750A2574BBC113DA725E94DF93185829AC84A79.header.txt,5087,True,OK
02656E7BEACD36FF1D29B09DB3B935C87A2031DBB0AC01CB7FB6EF3190A013A9,Z001023397871.pdf,FACTURA,FACTURA,QR_ARCA_STRONG,STRONG_RULE,F-463F5D66BCFC1B95B4F2,DEVELOPMENT,False,MDOC_DOCUMENT+OCR_HEADER_POSITION,02656E7BEACD36FF1D29B09DB3B935C87A2031DBB0AC01CB7FB6EF3190A013A9.native.txt,02656E7BEACD36FF1D29B09DB3B935C87A2031DBB0AC01CB7FB6EF3190A013A9.header.txt,1983,True,OK
029212DC679C033902FE2CC264F3CAB6C223BB8366CB0FE8E61BF5329E85FACE,Z001023338079.pdf,FACTURA,FACTURA,QR_ARCA_STRONG,STRONG_RULE,F-FACD83D8B4281A05571A,DEVELOPMENT_DIAGNOSTIC,False,MDOC_DOCUMENT+OCR_HEADER_POSITION,029212DC679C033902FE2CC264F3CAB6C223BB8366CB0FE8E61BF5329E85FACE.native.txt,029212DC679C033902FE2CC264F3CAB6C223BB8366CB0FE8E61BF5329E85FACE.header.txt,4131,True,OK
02E98A8346DE804B23DEB7F869E8DA197E5631C1064A63EA74D3C0B0218FFB06,Z001023242297.pdf,FACTURA,FACTURA,QR_ARCA_STRONG,STRONG_RULE,F-49A5021ADC5A10C6DAE9,DEVELOPMENT_DIAGNOSTIC,True,MDOC_DOCUMENT+OCR_HEADER_POSITION,02E98A8346DE804B23DEB7F869E8DA197E5631C1064A63EA74D3C0B0218FFB06.native.txt,02E98A8346DE804B23DEB7F869E8DA197E5631C1064A63EA74D3C0B0218FFB06.header.txt,2014,True,OK
030110C4EECAD8AD99A6AD1A53873B11A63BAD1F04245E5725E05682FCC5D4AA,Z001023397962.pdf,FACTURA,FACTURA,QR_ARCA_STRONG,STRONG_RULE,F-FACD83D8B4281A05571A,DEVELOPMENT_DIAGNOSTIC,False,MDOC_DOCUMENT+OCR_HEADER_POSITION,030110C4EECAD8AD99A6AD1A53873B11A63BAD1F04245E5725E05682FCC5D4AA.native.txt,030110C4EECAD8AD99A6AD1A53873B11A63BAD1F04245E5725E05682FCC5D4AA.header.txt,5289,True,OK
030126CE7D614353FF03F90C126B6D2C3746D913B36523810DF4F1B51326D882,Z001023242608.pdf,FACTURA,FACTURA,EXISTING_GROUND_TRUTH,CONFIRMED_EXISTING,F-EE08C7103D2458E54189,DEVELOPMENT_DIAGNOSTIC,True,MDOC_DOCUMENT+OCR_HEADER_POSITION,030126CE7D614353FF03F90C126B6D2C3746D913B36523810DF4F1B51326D882.native.txt,030126CE7D614353FF03F90C126B6D2C3746D913B36523810DF4F1B51326D882.header.txt,1836,True,OK
0364B3022336297D63A30D703615CB3CC76DF8649C864FC2E6DC9CC55D955996,Z001023435320.pdf,FACTURA,FACTURA,QR_ARCA_STRONG,STRONG_RULE,F-0DDB74E82CF65D655CE7,DEVELOPMENT,False,MDOC_DOCUMENT+OCR_HEADER_POSITION,0364B3022336297D63A30D703615CB3CC76DF8649C864FC2E6DC9CC55D955996.native.txt,0364B3022336297D63A30D703615CB3CC76DF8649C864FC2E6DC9CC55D955996.header.txt,1273,True,OK
038C8E13A29FF718AF15161F5E1623E16F4735509EBC827CBF80A30555FC05DB,Z001023422115.pdf,FACTURA,FACTURA,QR_ARCA_STRONG,STRONG_RULE,F-463F5D66BCFC1B95B4F2,DEVELOPMENT,False,OCR_PRODUCT_FIRST_PAGE,038C8E13A29FF718AF15161F5E1623E16F4735509EBC827CBF80A30555FC05DB.ocr.txt,038C8E13A29FF718AF15161F5E1623E16F4735509EBC827CBF80A30555FC05DB.header.txt,1189,False,OK
03B39A26667D7005B31BEF5DCA9F294FCC45452CA0D45BA06D78BF8CE5E16133,Z001023283786.pdf,FACTURA,FACTURA,OCR_STRONG,STRONG_RULE,F-9A735258044E0AA042F4,DEVELOPMENT,False,OCR_PRODUCT_FIRST_PAGE,03B39A26667D7005B31BEF5DCA9F294FCC45452CA0D45BA06D78BF8CE5E16133.ocr.txt,03B39A26667D7005B31BEF5DCA9F294FCC45452CA0D45BA06D78BF8CE5E16133.header.txt,2743,False,OK
03CFBE47B1C87BEFC324BB99462C1A6722B7E29C5EB61D17AE8AB0C4A60F5AF3,Z001023397760.pdf,OTRO_DOCUMENTO,NOTA_CREDITO,QR_ARCA_STRONG,STRONG_RULE,F-FACD83D8B4281A05571A,DEVELOPMENT_DIAGNOSTIC,False,MDOC_DOCUMENT+OCR_HEADER_POSITION,03CFBE47B1C87BEFC324BB99462C1A6722B7E29C5EB61D17AE8AB0C4A60F5AF3.native.txt,03CFBE47B1C87BEFC324BB99462C1A6722B7E29C5EB61D17AE8AB0C4A60F5AF3.header.txt,4152,True,OK
0405379635CC5D80EAFD03FE53704B24D220C6EFBD7EB0C7A1B8908D312819DF,Z001023267802.pdf,FACTURA,FACTURA,QR_ARCA_STRONG,STRONG_RULE,F-FACD83D8B4281A05571A,DEVELOPMENT_DIAGNOSTIC,False,MDOC_DOCUMENT+OCR_HEADER_POSITION,0405379635CC5D80EAFD03FE53704B24D220C6EFBD7EB0C7A1B8908D312819DF.native.txt,0405379635CC5D80EAFD03FE53704B24D220C6EFBD7EB0C7A1B8908D312819DF.header.txt,4515,True,OK
042267BB5BA6B2EF3DEB81E10F9D0DF556DA96E723BEE7A42CA1F5AB41E0B13E,Z001023321071.pdf,FACTURA,FACTURA,QR_ARCA_STRONG,STRONG_RULE,F-FACD83D8B4281A05571A,DEVELOPMENT_DIAGNOSTIC,False,MDOC_DOCUMENT+OCR_HEADER_POSITION,042267BB5BA6B2EF3DEB81E10F9D0DF556DA96E723BEE7A42CA1F5AB41E0B13E.native.txt,042267BB5BA6B2EF3DEB81E10F9D0DF556DA96E723BEE7A42CA1F5AB41E0B13E.header.txt,5535,True,OK
0431F3F0FA33A87F05475A197FA40165963F462ADD5E0D0F14743141B23F8ECF,Z001023285092.pdf,FACTURA,FACTURA,QR_ARCA_STRONG,STRONG_RULE,F-6F5CAF1E1AEEB43C5486,DEVELOPMENT_DIAGNOSTIC,False,MDOC_DOCUMENT+OCR_HEADER_POSITION,0431F3F0FA33A87F05475A197FA40165963F462ADD5E0D0F14743141B23F8ECF.native.txt,0431F3F0FA33A87F05475A197FA40165963F462ADD5E0D0F14743141B23F8ECF.header.txt,3651,True,OK
0433389975EC3550CE85ABFB0C93FCD6D66B39F406A635F2A1B7ECFDAD2ACEE3,Z001023243743.pdf,FACTURA,FACTURA,QR_ARCA_STRONG,STRONG_RULE,F-EE08C7103D2458E54189,DEVELOPMENT_DIAGNOSTIC,False,MDOC_DOCUMENT+OCR_HEADER_POSITION,0433389975EC3550CE85ABFB0C93FCD6D66B39F406A635F2A1B7ECFDAD2ACEE3.native.txt,0433389975EC3550CE85ABFB0C93FCD6D66B39F406A635F2A1B7ECFDAD2ACEE3.header.txt,1976,True,OK
045C94F468347D76A752B35C9E1104694E4AD501AE20C72D76DEF8E399357D50,Z001023349833.pdf,FACTURA,FACTURA,QR_ARCA_STRONG,STRONG_RULE,F-EDBFE59229E8571451DD,DEVELOPMENT,False,MDOC_DOCUMENT+OCR_HEADER_POSITION,045C94F468347D76A752B35C9E1104694E4AD501AE20C72D76DEF8E399357D50.native.txt,045C94F468347D76A752B35C9E1104694E4AD501AE20C72D76DEF8E399357D50.header.txt,2574,True,OK
04644AFCA0FD83E0BA9F4699895C76D10FBDBA2FE57B9695DC20E8D7B05F23B9,Z001023467444.pdf,FACTURA,FACTURA,QR_ARCA_STRONG,STRONG_RULE,F-6F5CAF1E1AEEB43C5486,DEVELOPMENT_DIAGNOSTIC,False,MDOC_DOCUMENT+OCR_HEADER_POSITION,04644AFCA0FD83E0BA9F4699895C76D10FBDBA2FE57B9695DC20E8D7B05F23B9.native.txt,04644AFCA0FD83E0BA9F4699895C76D10FBDBA2FE57B9695DC20E8D7B05F23B9.header.txt,3666,True,OK
04D2A6C50B9B35D2F7E917B6E3A9B8329EE86DAD2FB2D5042D6BB4040B213ABA,Z001023243462.pdf,FACTURA,FACTURA,QR_ARCA_STRONG,STRONG_RULE,F-FACD83D8B4281A05571A,DEVELOPMENT_DIAGNOSTIC,True,MDOC_DOCUMENT+OCR_HEADER_POSITION,04D2A6C50B9B35D2F7E917B6E3A9B8329EE86DAD2FB2D5042D6BB4040B213ABA.native.txt,04D2A6C50B9B35D2F7E917B6E3A9B8329EE86DAD2FB2D5042D6BB4040B213ABA.header.txt,4425,True,OK
0502FD9BDC978A9DB273A734BD4392467FCD7002B2033F73814CA959A4092E48,Z001023321087.pdf,FACTURA,FACTURA,QR_ARCA_STRONG,STRONG_RULE,F-2536699D670C4BE35026,DEVELOPMENT,False,MDOC_DOCUMENT+OCR_HEADER_POSITION,0502FD9BDC978A9DB273A734BD4392467FCD7002B2033F73814CA959A4092E48.native.txt,0502FD9BDC978A9DB273A734BD4392467FCD7002B2033F73814CA959A4092E48.header.txt,1600,True,OK
056F2DBFB04063C3907953A9FA896F379670BFB843A6C1C8D08A4A79E784AF5C,Z001023243328.pdf,FACTURA,FACTURA,QR_ARCA_STRONG,STRONG_RULE,F-FACD83D8B4281A05571A,DEVELOPMENT_DIAGNOSTIC,True,MDOC_DOCUMENT+OCR_HEADER_POSITION,056F2DBFB04063C3907953A9FA896F379670BFB843A6C1C8D08A4A79E784AF5C.native.txt,056F2DBFB04063C3907953A9FA896F379670BFB843A6C1C8D08A4A79E784AF5C.header.txt,4035,True,OK
05C329DF72080120239DE88AA85E91D6F089D1DAA1A7F59B8E53C60752CF1D47,Z001023284042.pdf,OTRO_DOCUMENTO,OTRO_DOCUMENTO,QR_ARCA_STRONG,STRONG_RULE,F-FACD83D8B4281A05571A,DEVELOPMENT_DIAGNOSTIC,False,MDOC_DOCUMENT+OCR_HEADER_POSITION,05C329DF72080120239DE88AA85E91D6F089D1DAA1A7F59B8E53C60752CF1D47.native.txt,05C329DF72080120239DE88AA85E91D6F089D1DAA1A7F59B8E53C60752CF1D47.header.txt,4383,True,OK
062D404B15F77BA8C0EABD59CB6BF2C7D319E561D80F744178F01EB08514EDCC,Z001023466256.pdf,FACTURA,FACTURA,QR_ARCA_STRONG,STRONG_RULE,F-EE08C7103D2458E54189,DEVELOPMENT_DIAGNOSTIC,False,MDOC_DOCUMENT+OCR_HEADER_POSITION,062D404B15F77BA8C0EABD59CB6BF2C7D319E561D80F744178F01EB08514EDCC.native.txt,062D404B15F77BA8C0EABD59CB6BF2C7D319E561D80F744178F01EB08514EDCC.header.txt,1925,True,OK
0694B850140E5FB7BFAECB0AE25445A17058A3081747D666726EF30BF5AA1CB8,Z001023336346.pdf,FACTURA,FACTURA,QR_ARCA_STRONG,STRONG_RULE,F-463F5D66BCFC1B95B4F2,DEVELOPMENT,False,MDOC_DOCUMENT+OCR_HEADER_POSITION,0694B850140E5FB7BFAECB0AE25445A17058A3081747D666726EF30BF5AA1CB8.native.txt,0694B850140E5FB7BFAECB0AE25445A17058A3081747D666726EF30BF5AA1CB8.header.txt,3495,True,OK
06A4E618722CC20B0791DAAF476CDE38E7C997F9619E99E853204E29184B3E6B,Z001023478160.pdf,FACTURA,FACTURA,QR_ARCA_STRONG,STRONG_RULE,F-FACD83D8B4281A05571A,DEVELOPMENT_DIAGNOSTIC,False,MDOC_DOCUMENT+OCR_HEADER_POSITION,06A4E618722CC20B0791DAAF476CDE38E7C997F9619E99E853204E29184B3E6B.native.txt,06A4E618722CC20B0791DAAF476CDE38E7C997F9619E99E853204E29184B3E6B.header.txt,4728,True,OK
06A69148F4DA1D7AED723E4EFD8016E4BF83803969862E721D1E7269E9FB7641,Z001023465957.pdf,FACTURA,FACTURA,QR_ARCA_STRONG,STRONG_RULE,F-A8BC10D011EB3739972C,DEVELOPMENT,False,MDOC_DOCUMENT+OCR_HEADER_POSITION,06A69148F4DA1D7AED723E4EFD8016E4BF83803969862E721D1E7269E9FB7641.native.txt,06A69148F4DA1D7AED723E4EFD8016E4BF83803969862E721D1E7269E9FB7641.header.txt,4554,True,OK
06C5E77F317271A5B21E226962240E9CECAA20BB4DF5B73BBEE18511EE01C7CE,Z001023466926.pdf,FACTURA,FACTURA,QR_ARCA_STRONG,STRONG_RULE,F-D1F6DC156677842D2070,DEVELOPMENT,False,OCR_PRODUCT_FIRST_PAGE,06C5E77F317271A5B21E226962240E9CECAA20BB4DF5B73BBEE18511EE01C7CE.ocr.txt,06C5E77F317271A5B21E226962240E9CECAA20BB4DF5B73BBEE18511EE01C7CE.header.txt,1473,False,OK
06F44D4A2E6F166F80269454C61462854CB02A1D7D136FAA54492E0630A88ABA,Z001023422175.pdf,FACTURA,FACTURA,QR_ARCA_STRONG,STRONG_RULE,F-FACD83D8B4281A05571A,DEVELOPMENT_DIAGNOSTIC,False,MDOC_DOCUMENT+OCR_HEADER_POSITION,06F44D4A2E6F166F80269454C61462854CB02A1D7D136FAA54492E0630A88ABA.native.txt,06F44D4A2E6F166F80269454C61462854CB02A1D7D136FAA54492E0630A88ABA.header.txt,4221,True,OK
06FAF6983BF7BBDCDCB270264CB68197C6D4C8EDA17F598D41B73C422360B1FD,Z001023320994.pdf,FACTURA,FACTURA,OCR_STRONG,STRONG_RULE,F-491E72C9A59BCFB7F91A,DEVELOPMENT,False,MDOC_DOCUMENT+OCR_HEADER_POSITION,06FAF6983BF7BBDCDCB270264CB68197C6D4C8EDA17F598D41B73C422360B1FD.native.txt,06FAF6983BF7BBDCDCB270264CB68197C6D4C8EDA17F598D41B73C422360B1FD.header.txt,1714,True,OK
072B001D7FDCB00B166EE67FDDEE8BE382F3BA7FB76113DE6F258CAC2DEDFF3E,Z001023466513.pdf,FACTURA,FACTURA,OCR_STRONG,STRONG_RULE,F-52A8D3E535639BC9066E,DEVELOPMENT,False,OCR_PRODUCT_FIRST_PAGE,072B001D7FDCB00B166EE67FDDEE8BE382F3BA7FB76113DE6F258CAC2DEDFF3E.ocr.txt,072B001D7FDCB00B166EE67FDDEE8BE382F3BA7FB76113DE6F258CAC2DEDFF3E.header.txt,1106,False,OK
0846CFEBEEDC318DCF892BDB073260F2B9D11DE1DBAD19523CC213629641A43C,Z001023349977.pdf,FACTURA,FACTURA,QR_ARCA_STRONG,STRONG_RULE,F-FACD83D8B4281A05571A,DEVELOPMENT_DIAGNOSTIC,False,MDOC_DOCUMENT+OCR_HEADER_POSITION,0846CFEBEEDC318DCF892BDB073260F2B9D11DE1DBAD19523CC213629641A43C.native.txt,0846CFEBEEDC318DCF892BDB073260F2B9D11DE1DBAD19523CC213629641A43C.header.txt,4404,True,OK
086C3868153984B80A9CF8E533AE3DD3D9A1E3AA0CC74EECF32A469E89112AFD,Z001023320981.pdf,FACTURA,FACTURA,QR_ARCA_STRONG,STRONG_RULE,F-FACD83D8B4281A05571A,DEVELOPMENT_DIAGNOSTIC,False,MDOC_DOCUMENT+OCR_HEADER_POSITION,086C3868153984B80A9CF8E533AE3DD3D9A1E3AA0CC74EECF32A469E89112AFD.native.txt,086C3868153984B80A9CF8E533AE3DD3D9A1E3AA0CC74EECF32A469E89112AFD.header.txt,4887,True,OK
087EA4366E3106496DA6B0BC81253540CE32BCC41D32F4556B269A17734EA995,Z001023321000.pdf,FACTURA,FACTURA,QR_ARCA_STRONG,STRONG_RULE,F-463F5D66BCFC1B95B4F2,DEVELOPMENT,False,MDOC_DOCUMENT+OCR_HEADER_POSITION,087EA4366E3106496DA6B0BC81253540CE32BCC41D32F4556B269A17734EA995.native.txt,087EA4366E3106496DA6B0BC81253540CE32BCC41D32F4556B269A17734EA995.header.txt,3954,True,OK
08D4415DD3DD5F35A1D0E2243FE7197C8894DC3F408F5C6241D2C12EA5EF3144,Z001023305669.pdf,FACTURA,FACTURA,QR_ARCA_STRONG,STRONG_RULE,F-463F5D66BCFC1B95B4F2,DEVELOPMENT,False,MDOC_DOCUMENT+OCR_HEADER_POSITION,08D4415DD3DD5F35A1D0E2243FE7197C8894DC3F408F5C6241D2C12EA5EF3144.native.txt,08D4415DD3DD5F35A1D0E2243FE7197C8894DC3F408F5C6241D2C12EA5EF3144.header.txt,995,True,OK
08EEB31E5FEA01CB1869C83A1C0AC14004D08320B9D98369B045EAFB33798242,Z001023266223.pdf,FACTURA,FACTURA,QR_ARCA_STRONG,STRONG_RULE,F-EE08C7103D2458E54189,DEVELOPMENT_DIAGNOSTIC,False,MDOC_DOCUMENT+OCR_HEADER_POSITION,08EEB31E5FEA01CB1869C83A1C0AC14004D08320B9D98369B045EAFB33798242.native.txt,08EEB31E5FEA01CB1869C83A1C0AC14004D08320B9D98369B045EAFB33798242.header.txt,2065,True,OK
092FC946D76F08809B4F70D8392FAD226E023A06ADE2E2D83DB28C2843BED2F2,Z001023267334.pdf,FACTURA,FACTURA,QR_ARCA_STRONG,STRONG_RULE,F-EE08C7103D2458E54189,DEVELOPMENT_DIAGNOSTIC,False,MDOC_DOCUMENT+OCR_HEADER_POSITION,092FC946D76F08809B4F70D8392FAD226E023A06ADE2E2D83DB28C2843BED2F2.native.txt,092FC946D76F08809B4F70D8392FAD226E023A06ADE2E2D83DB28C2843BED2F2.header.txt,2036,True,OK
0990D2942702442C2BAFC4B137B74346C4F7BEC3364E39EE95DACE83104DDD74,Z001023422277.pdf,FACTURA,FACTURA,PDF_TEXT_STRONG,STRONG_RULE,F-239031FB24D11A1289E7,DEVELOPMENT,False,MDOC_DOCUMENT+OCR_HEADER_POSITION,0990D2942702442C2BAFC4B137B74346C4F7BEC3364E39EE95DACE83104DDD74.native.txt,0990D2942702442C2BAFC4B137B74346C4F7BEC3364E39EE95DACE83104DDD74.header.txt,1554,True,OK
099CD04D4D313E7B125EE36BE7A592FAE24935F39860457A2663B17850A7A024,Z001023305711.pdf,FACTURA,FACTURA,QR_ARCA_STRONG,STRONG_RULE,F-463F5D66BCFC1B95B4F2,DEVELOPMENT,False,MDOC_DOCUMENT+OCR_HEADER_POSITION,099CD04D4D313E7B125EE36BE7A592FAE24935F39860457A2663B17850A7A024.native.txt,099CD04D4D313E7B125EE36BE7A592FAE24935F39860457A2663B17850A7A024.header.txt,947,True,OK
09BA9B13C67BBB69B0C9194C5E68E80D92DE3F0D572EEB90223E1DFDA26B67E7,Z001023321062.pdf,FACTURA,FACTURA,QR_ARCA_STRONG,STRONG_RULE,F-78FBBC0583221AAC5789,DEVELOPMENT,False,MDOC_DOCUMENT+OCR_HEADER_POSITION,09BA9B13C67BBB69B0C9194C5E68E80D92DE3F0D572EEB90223E1DFDA26B67E7.native.txt,09BA9B13C67BBB69B0C9194C5E68E80D92DE3F0D572EEB90223E1DFDA26B67E7.header.txt,9465,True,OK
09CB14F715B5C41BB9EF57C4DB54A53397E380B9647D9DF3125089BF05529B3D,Z001023266243.pdf,FACTURA,FACTURA,QR_ARCA_STRONG,STRONG_RULE,F-77DF7B7AF18627AF7CC8,DEVELOPMENT,False,MDOC_DOCUMENT+OCR_HEADER_POSITION,09CB14F715B5C41BB9EF57C4DB54A53397E380B9647D9DF3125089BF05529B3D.native.txt,09CB14F715B5C41BB9EF57C4DB54A53397E380B9647D9DF3125089BF05529B3D.header.txt,3057,True,OK
09EA12AF37DBD01DE88FE904C33AE8D4A1774A3846F51D7C6A5F8C4B38EEC563,Z001023422338.pdf,FACTURA,FACTURA,QR_ARCA_STRONG,STRONG_RULE,F-FACD83D8B4281A05571A,DEVELOPMENT_DIAGNOSTIC,False,MDOC_DOCUMENT+OCR_HEADER_POSITION,09EA12AF37DBD01DE88FE904C33AE8D4A1774A3846F51D7C6A5F8C4B38EEC563.native.txt,09EA12AF37DBD01DE88FE904C33AE8D4A1774A3846F51D7C6A5F8C4B38EEC563.header.txt,4068,True,OK
09F5F33D7AF68E713FCEBDED31CFDA8867C3B5839C983013AC4F4A3B4C64EADA,Z001023242370.pdf,FACTURA,FACTURA,QR_ARCA_STRONG,STRONG_RULE,F-EE08C7103D2458E54189,DEVELOPMENT_DIAGNOSTIC,True,MDOC_DOCUMENT+OCR_HEADER_POSITION,09F5F33D7AF68E713FCEBDED31CFDA8867C3B5839C983013AC4F4A3B4C64EADA.native.txt,09F5F33D7AF68E713FCEBDED31CFDA8867C3B5839C983013AC4F4A3B4C64EADA.header.txt,1943,True,OK
0A0BE06602247C93290462DF94D533A35AAAF17CD8935188A9804FC6F3805C73,Z001023336432.pdf,FACTURA,FACTURA,QR_ARCA_STRONG,STRONG_RULE,F-EE08C7103D2458E54189,DEVELOPMENT_DIAGNOSTIC,False,MDOC_DOCUMENT+OCR_HEADER_POSITION,0A0BE06602247C93290462DF94D533A35AAAF17CD8935188A9804FC6F3805C73.native.txt,0A0BE06602247C93290462DF94D533A35AAAF17CD8935188A9804FC6F3805C73.header.txt,1771,True,OK
0AB443B8A71B5F8C9B777E07D78DD56EC3BBE75E0256202DD5FADA760E576D9E,Z001023467445.pdf,FACTURA,FACTURA,QR_ARCA_STRONG,STRONG_RULE,F-6F5CAF1E1AEEB43C5486,DEVELOPMENT_DIAGNOSTIC,False,MDOC_DOCUMENT+OCR_HEADER_POSITION,0AB443B8A71B5F8C9B777E07D78DD56EC3BBE75E0256202DD5FADA760E576D9E.native.txt,0AB443B8A71B5F8C9B777E07D78DD56EC3BBE75E0256202DD5FADA760E576D9E.header.txt,3639,True,OK
0AFAE9C55C04A213F0388C634CABAEEA4C9A02686A7B1F8D6CAEF6585DCD3498,Z001023385697.pdf,FACTURA,FACTURA,QR_ARCA_STRONG,STRONG_RULE,F-6F5CAF1E1AEEB43C5486,DEVELOPMENT_DIAGNOSTIC,False,MDOC_DOCUMENT+OCR_HEADER_POSITION,0AFAE9C55C04A213F0388C634CABAEEA4C9A02686A7B1F8D6CAEF6585DCD3498.native.txt,0AFAE9C55C04A213F0388C634CABAEEA4C9A02686A7B1F8D6CAEF6585DCD3498.header.txt,3639,True,OK
0B37339859B57A9C2AC42C87C0DF2B011049680AE88FE16FF6E3274F8C264E20,Z001023242331.pdf,FACTURA,FACTURA,QR_ARCA_STRONG,STRONG_RULE,F-EE08C7103D2458E54189,DEVELOPMENT_DIAGNOSTIC,True,MDOC_DOCUMENT+OCR_HEADER_POSITION,0B37339859B57A9C2AC42C87C0DF2B011049680AE88FE16FF6E3274F8C264E20.native.txt,0B37339859B57A9C2AC42C87C0DF2B011049680AE88FE16FF6E3274F8C264E20.header.txt,2042,True,OK
0BCB4FA93CF649F724DA354451FE75CADFBA4E2BE6B7A32C41D4D5A40B6500B0,Z001023284545.pdf,FACTURA,FACTURA,QR_ARCA_STRONG,STRONG_RULE,F-463F5D66BCFC1B95B4F2,DEVELOPMENT,False,MDOC_DOCUMENT+OCR_HEADER_POSITION,0BCB4FA93CF649F724DA354451FE75CADFBA4E2BE6B7A32C41D4D5A40B6500B0.native.txt,0BCB4FA93CF649F724DA354451FE75CADFBA4E2BE6B7A32C41D4D5A40B6500B0.header.txt,807,True,OK
0BE39898903E624AD3D7957D864B44D6D84B895CE4C0B29042FB99AD5B6A2CFA,Z001023242558.pdf,FACTURA,FACTURA,QR_ARCA_STRONG,STRONG_RULE,F-6F5CAF1E1AEEB43C5486,DEVELOPMENT_DIAGNOSTIC,True,MDOC_DOCUMENT+OCR_HEADER_POSITION,0BE39898903E624AD3D7957D864B44D6D84B895CE4C0B29042FB99AD5B6A2CFA.native.txt,0BE39898903E624AD3D7957D864B44D6D84B895CE4C0B29042FB99AD5B6A2CFA.header.txt,3627,True,OK
0D03C0C9105F3C3452B28F233E73D2389FECD8D0774EF2113973DCBAD9E3FA31,Z001023242371.pdf,FACTURA,FACTURA,QR_ARCA_STRONG,STRONG_RULE,F-EE08C7103D2458E54189,DEVELOPMENT_DIAGNOSTIC,True,MDOC_DOCUMENT+OCR_HEADER_POSITION,0D03C0C9105F3C3452B28F233E73D2389FECD8D0774EF2113973DCBAD9E3FA31.native.txt,0D03C0C9105F3C3452B28F233E73D2389FECD8D0774EF2113973DCBAD9E3FA31.header.txt,1769,True,OK
0D70848C8EA89E4E7A023B53FAAC0A2C6BE60CA305D26DB1FB3C56B832D88199,Z001023321898.pdf,FACTURA,FACTURA,QR_ARCA_STRONG,STRONG_RULE,F-EE08C7103D2458E54189,DEVELOPMENT_DIAGNOSTIC,False,MDOC_DOCUMENT+OCR_HEADER_POSITION,0D70848C8EA89E4E7A023B53FAAC0A2C6BE60CA305D26DB1FB3C56B832D88199.native.txt,0D70848C8EA89E4E7A023B53FAAC0A2C6BE60CA305D26DB1FB3C56B832D88199.header.txt,1772,True,OK
0DB5D3275144FC50576194C8BE14F91BC04EF15CB58334D123857D8A15200121,Z001023337691.pdf,FACTURA,FACTURA,QR_ARCA_STRONG,STRONG_RULE,F-EE08C7103D2458E54189,DEVELOPMENT_DIAGNOSTIC,False,MDOC_DOCUMENT+OCR_HEADER_POSITION,0DB5D3275144FC50576194C8BE14F91BC04EF15CB58334D123857D8A15200121.native.txt,0DB5D3275144FC50576194C8BE14F91BC04EF15CB58334D123857D8A15200121.header.txt,1893,True,OK
0DBD0D5EFF4F30AACEF8C537FBAE56A22A835E1F94365D0505C57A282B504272,Z001023268089.pdf,FACTURA,FACTURA,QR_ARCA_STRONG,STRONG_RULE,F-A1CDEA5EA1B02B4F87C8,DEVELOPMENT,False,MDOC_DOCUMENT+OCR_HEADER_POSITION,0DBD0D5EFF4F30AACEF8C537FBAE56A22A835E1F94365D0505C57A282B504272.native.txt,0DBD0D5EFF4F30AACEF8C537FBAE56A22A835E1F94365D0505C57A282B504272.header.txt,2490,True,OK
0DDD4740926665B1F2CA1C85C2F251ECBDC8D72EA9155909898B72928455C029,Z001023242332.pdf,FACTURA,FACTURA,QR_ARCA_STRONG,STRONG_RULE,F-EE08C7103D2458E54189,DEVELOPMENT_DIAGNOSTIC,True,MDOC_DOCUMENT+OCR_HEADER_POSITION,0DDD4740926665B1F2CA1C85C2F251ECBDC8D72EA9155909898B72928455C029.native.txt,0DDD4740926665B1F2CA1C85C2F251ECBDC8D72EA9155909898B72928455C029.header.txt,2216,True,OK
0DF43C24EE1C884E4D39EA52799AF8AC28734D207C295A02C543F7E84C2C5546,Z001023266865.pdf,FACTURA,FACTURA,QR_ARCA_STRONG,STRONG_RULE,F-EE08C7103D2458E54189,DEVELOPMENT_DIAGNOSTIC,False,MDOC_DOCUMENT+OCR_HEADER_POSITION,0DF43C24EE1C884E4D39EA52799AF8AC28734D207C295A02C543F7E84C2C5546.native.txt,0DF43C24EE1C884E4D39EA52799AF8AC28734D207C295A02C543F7E84C2C5546.header.txt,1810,True,OK
0EA83AC8EB655DEA62FEAFEB9AA0E382503A8BAE3EE20782767D39071CB570D8,Z001023266214.pdf,FACTURA,FACTURA,OCR_STRONG,STRONG_RULE,F-73AB37D8D5F65AA437FE,DEVELOPMENT,False,MDOC_DOCUMENT+OCR_HEADER_POSITION,0EA83AC8EB655DEA62FEAFEB9AA0E382503A8BAE3EE20782767D39071CB570D8.native.txt,0EA83AC8EB655DEA62FEAFEB9AA0E382503A8BAE3EE20782767D39071CB570D8.header.txt,2568,True,OK
0EC7A08B7BBAC6CA90E6285FD8B309A999A6B529D7F2E7589C6DF6C18360817D,Z001023268106.pdf,FACTURA,FACTURA,QR_ARCA_STRONG,STRONG_RULE,F-FACD83D8B4281A05571A,DEVELOPMENT_DIAGNOSTIC,False,MDOC_DOCUMENT+OCR_HEADER_POSITION,0EC7A08B7BBAC6CA90E6285FD8B309A999A6B529D7F2E7589C6DF6C18360817D.native.txt,0EC7A08B7BBAC6CA90E6285FD8B309A999A6B529D7F2E7589C6DF6C18360817D.header.txt,4440,True,OK
0F17FC399AEC8157D02B8E78678720A018C8ABE168EF482D47520D265F142E71,Z001023321405.pdf,FACTURA,FACTURA,QR_ARCA_STRONG,STRONG_RULE,F-FACD83D8B4281A05571A,DEVELOPMENT_DIAGNOSTIC,False,MDOC_DOCUMENT+OCR_HEADER_POSITION,0F17FC399AEC8157D02B8E78678720A018C8ABE168EF482D47520D265F142E71.native.txt,0F17FC399AEC8157D02B8E78678720A018C8ABE168EF482D47520D265F142E71.header.txt,4578,True,OK
0FE177F6CD750D418803C35068F43884010AD341C152821186CE237C10EB4CA4,Z001023321160.pdf,FACTURA,FACTURA,QR_ARCA_STRONG,STRONG_RULE,F-EFBDDAECA8EF315C1DDB,DEVELOPMENT,False,MDOC_DOCUMENT+OCR_HEADER_POSITION,0FE177F6CD750D418803C35068F43884010AD341C152821186CE237C10EB4CA4.native.txt,0FE177F6CD750D418803C35068F43884010AD341C152821186CE237C10EB4CA4.header.txt,1087,True,OK
1015512E6F7CD4C5A4FC33C2AF6C359994ED5197589848BA4C7E5CD9F1F956B6,Z001023283874.pdf,FACTURA,FACTURA,QR_ARCA_STRONG,STRONG_RULE,F-EE08C7103D2458E54189,DEVELOPMENT_DIAGNOSTIC,False,MDOC_DOCUMENT+OCR_HEADER_POSITION,1015512E6F7CD4C5A4FC33C2AF6C359994ED5197589848BA4C7E5CD9F1F956B6.native.txt,1015512E6F7CD4C5A4FC33C2AF6C359994ED5197589848BA4C7E5CD9F1F956B6.header.txt,2006,True,OK
10191891313269319E0D3C05BAFEE13282C40FD6B8BE77F890B623E757032F66,Z001023466582.pdf,FACTURA,FACTURA,QR_ARCA_STRONG,STRONG_RULE,F-463F5D66BCFC1B95B4F2,DEVELOPMENT,False,MDOC_DOCUMENT+OCR_HEADER_POSITION,10191891313269319E0D3C05BAFEE13282C40FD6B8BE77F890B623E757032F66.native.txt,10191891313269319E0D3C05BAFEE13282C40FD6B8BE77F890B623E757032F66.header.txt,963,True,OK
106447D8042022E7A7E537E2F456DA614B64B7F191C70E08B6E6C5335ED5C164,Z001023350340.pdf,FACTURA,FACTURA,OCR_STRONG,STRONG_RULE,F-DCC01CD6C3861C7E4C3E,DEVELOPMENT,False,OCR_PRODUCT_FIRST_PAGE,106447D8042022E7A7E537E2F456DA614B64B7F191C70E08B6E6C5335ED5C164.ocr.txt,106447D8042022E7A7E537E2F456DA614B64B7F191C70E08B6E6C5335ED5C164.header.txt,2108,False,OK
1070D74119877C31496D76A77F5B15F0608CB4054729C553008B3AC97A34E774,Z001023422289.pdf,FACTURA,FACTURA,OCR_STRONG,STRONG_RULE,F-3011CA8E0F20D09184FC,DEVELOPMENT,False,MDOC_DOCUMENT+OCR_HEADER_POSITION,1070D74119877C31496D76A77F5B15F0608CB4054729C553008B3AC97A34E774.native.txt,1070D74119877C31496D76A77F5B15F0608CB4054729C553008B3AC97A34E774.header.txt,1245,True,OK
10D1AFC979D966B39B92E799719AD44B93945894927B122A3BCE79C3126B9413,Z001023423311.pdf,OTRO_DOCUMENTO,OTRO_DOCUMENTO,QR_ARCA_STRONG,STRONG_RULE,F-22D8B0B2BC197D116017,DEVELOPMENT,False,MDOC_DOCUMENT+OCR_HEADER_POSITION,10D1AFC979D966B39B92E799719AD44B93945894927B122A3BCE79C3126B9413.native.txt,10D1AFC979D966B39B92E799719AD44B93945894927B122A3BCE79C3126B9413.header.txt,7726,True,OK
10E67A94D76020372663F84AB23B4EF053A69FEF47465E0EB3C8E0DDCAABACF9,Z001023366861.pdf,FACTURA,FACTURA,QR_ARCA_STRONG,STRONG_RULE,F-FACD83D8B4281A05571A,DEVELOPMENT_DIAGNOSTIC,False,MDOC_DOCUMENT+OCR_HEADER_POSITION,10E67A94D76020372663F84AB23B4EF053A69FEF47465E0EB3C8E0DDCAABACF9.native.txt,10E67A94D76020372663F84AB23B4EF053A69FEF47465E0EB3C8E0DDCAABACF9.header.txt,4197,True,OK
1145C2EBBA8BCA114C2D4FC9C75D25C49023A274E91AA55BA25D3C6C9FF20DF8,Z001023267243.pdf,FACTURA,FACTURA,QR_ARCA_STRONG,STRONG_RULE,F-FACD83D8B4281A05571A,DEVELOPMENT_DIAGNOSTIC,False,MDOC_DOCUMENT+OCR_HEADER_POSITION,1145C2EBBA8BCA114C2D4FC9C75D25C49023A274E91AA55BA25D3C6C9FF20DF8.native.txt,1145C2EBBA8BCA114C2D4FC9C75D25C49023A274E91AA55BA25D3C6C9FF20DF8.header.txt,4533,True,OK
1159CA6B7C557BD08C99E82E1CD56A2CC1FE32763083DA0FF63B4B9B8FC13188,Z001023305806.pdf,FACTURA,FACTURA,QR_ARCA_STRONG,STRONG_RULE,F-FACD83D8B4281A05571A,DEVELOPMENT_DIAGNOSTIC,False,MDOC_DOCUMENT+OCR_HEADER_POSITION,1159CA6B7C557BD08C99E82E1CD56A2CC1FE32763083DA0FF63B4B9B8FC13188.native.txt,1159CA6B7C557BD08C99E82E1CD56A2CC1FE32763083DA0FF63B4B9B8FC13188.header.txt,2874,True,OK
11E13B5C2625E4A99DF02BA77E51E0FF80A412F0891560027A439C52B2E2F1DB,Z001023266866.pdf,FACTURA,FACTURA,QR_ARCA_STRONG,STRONG_RULE,F-EE08C7103D2458E54189,DEVELOPMENT_DIAGNOSTIC,False,MDOC_DOCUMENT+OCR_HEADER_POSITION,11E13B5C2625E4A99DF02BA77E51E0FF80A412F0891560027A439C52B2E2F1DB.native.txt,11E13B5C2625E4A99DF02BA77E51E0FF80A412F0891560027A439C52B2E2F1DB.header.txt,1970,True,OK
123AAD179BE2ED44C1896B2F0972BA3A001D1258B084B8A1FE069BC1ACB1FF14,Z001023283866.pdf,FACTURA,FACTURA,QR_ARCA_STRONG,STRONG_RULE,F-4282D891EC4146496CC2,DEVELOPMENT,False,MDOC_DOCUMENT+OCR_HEADER_POSITION,123AAD179BE2ED44C1896B2F0972BA3A001D1258B084B8A1FE069BC1ACB1FF14.native.txt,123AAD179BE2ED44C1896B2F0972BA3A001D1258B084B8A1FE069BC1ACB1FF14.header.txt,4614,True,OK
123DEAB253005D37733D22992D564C0DD27E284E2FE7447FBFB662F5CABB4F78,Z001023266874.pdf,FACTURA,FACTURA,QR_ARCA_STRONG,STRONG_RULE,F-FACD83D8B4281A05571A,DEVELOPMENT_DIAGNOSTIC,False,MDOC_DOCUMENT+OCR_HEADER_POSITION,123DEAB253005D37733D22992D564C0DD27E284E2FE7447FBFB662F5CABB4F78.native.txt,123DEAB253005D37733D22992D564C0DD27E284E2FE7447FBFB662F5CABB4F78.header.txt,4188,True,OK
1263E1D96CCC2DC62B7B63FA6BE11310C0BA2C6C480F0DD97CC90CBE48E713FA,Z001023306665.pdf,FACTURA,FACTURA,OCR_STRONG,STRONG_RULE,F-134A9F49858D4BF94062,DEVELOPMENT,False,MDOC_DOCUMENT+OCR_HEADER_POSITION,1263E1D96CCC2DC62B7B63FA6BE11310C0BA2C6C480F0DD97CC90CBE48E713FA.native.txt,1263E1D96CCC2DC62B7B63FA6BE11310C0BA2C6C480F0DD97CC90CBE48E713FA.header.txt,1841,True,OK
12A06FB638C41A396A7D0795E2B9EA77B86474B203529001B612EC9895E84BC7,Z001023410359.pdf,FACTURA,FACTURA,OCR_STRONG,STRONG_RULE,F-5213D0B5BE521925EA95,DEVELOPMENT,False,MDOC_DOCUMENT+OCR_HEADER_POSITION,12A06FB638C41A396A7D0795E2B9EA77B86474B203529001B612EC9895E84BC7.native.txt,12A06FB638C41A396A7D0795E2B9EA77B86474B203529001B612EC9895E84BC7.header.txt,1359,True,OK
14381C127DC5AC3853B4712213EAB4470DD2A21AEFD09D12626E70E430315305,Z001023242877.pdf,FACTURA,FACTURA,QR_ARCA_STRONG,STRONG_RULE,F-EE08C7103D2458E54189,DEVELOPMENT_DIAGNOSTIC,True,MDOC_DOCUMENT+OCR_HEADER_POSITION,14381C127DC5AC3853B4712213EAB4470DD2A21AEFD09D12626E70E430315305.native.txt,14381C127DC5AC3853B4712213EAB4470DD2A21AEFD09D12626E70E430315305.header.txt,1900,True,OK
14888ABF52C795CD9248EFA6B5AD5883B0C2EDEE3B11EDC68A2B534DF582EA6C,Z001023266862.pdf,FACTURA,FACTURA,QR_ARCA_STRONG,STRONG_RULE,F-EE08C7103D2458E54189,DEVELOPMENT_DIAGNOSTIC,False,MDOC_DOCUMENT+OCR_HEADER_POSITION,14888ABF52C795CD9248EFA6B5AD5883B0C2EDEE3B11EDC68A2B534DF582EA6C.native.txt,14888ABF52C795CD9248EFA6B5AD5883B0C2EDEE3B11EDC68A2B534DF582EA6C.header.txt,1979,True,OK
14A75A878D1C46176EA9AB48865A6D723CE20D76A39D0BAAD77767EAD1EC2DD1,Z001023423283.pdf,OTRO_DOCUMENTO,NOTA_DEBITO,QR_ARCA_STRONG,STRONG_RULE,F-2225E7482E0C1A2CF093,DEVELOPMENT_DIAGNOSTIC,False,MDOC_DOCUMENT+OCR_HEADER_POSITION,14A75A878D1C46176EA9AB48865A6D723CE20D76A39D0BAAD77767EAD1EC2DD1.native.txt,14A75A878D1C46176EA9AB48865A6D723CE20D76A39D0BAAD77767EAD1EC2DD1.header.txt,1697,True,OK
15017A95CAE592FF03AC85B9E98A3F558AC8C2B2382DE89708D086F963B8F662,Z001023320982.pdf,FACTURA,FACTURA,QR_ARCA_STRONG,STRONG_RULE,F-EE08C7103D2458E54189,DEVELOPMENT_DIAGNOSTIC,False,MDOC_DOCUMENT+OCR_HEADER_POSITION,15017A95CAE592FF03AC85B9E98A3F558AC8C2B2382DE89708D086F963B8F662.native.txt,15017A95CAE592FF03AC85B9E98A3F558AC8C2B2382DE89708D086F963B8F662.header.txt,2204,True,OK
152604FDE489F58F0995B33FDBFBEF849D1187861D9A30592C95908147F52349,Z001023349976.pdf,OTRO_DOCUMENTO,NOTA_CREDITO,QR_ARCA_STRONG,STRONG_RULE,F-2225E7482E0C1A2CF093,DEVELOPMENT_DIAGNOSTIC,False,MDOC_DOCUMENT+OCR_HEADER_POSITION,152604FDE489F58F0995B33FDBFBEF849D1187861D9A30592C95908147F52349.native.txt,152604FDE489F58F0995B33FDBFBEF849D1187861D9A30592C95908147F52349.header.txt,1312,True,OK
1559EC92CBDBE55D735EE7ACA8E52AEAD71C1C47C221CF45B68B936B4345C2A2,Z001023338074.pdf,FACTURA,FACTURA,QR_ARCA_STRONG,STRONG_RULE,F-FACD83D8B4281A05571A,DEVELOPMENT_DIAGNOSTIC,False,MDOC_DOCUMENT+OCR_HEADER_POSITION,1559EC92CBDBE55D735EE7ACA8E52AEAD71C1C47C221CF45B68B936B4345C2A2.native.txt,1559EC92CBDBE55D735EE7ACA8E52AEAD71C1C47C221CF45B68B936B4345C2A2.header.txt,4104,True,OK
158A0B2372339DB5F964827887050C77E088ED0C654782778E7E3DF739CCF278,Z001023306234.pdf,FACTURA,FACTURA,QR_ARCA_STRONG,STRONG_RULE,F-FACD83D8B4281A05571A,DEVELOPMENT_DIAGNOSTIC,False,MDOC_DOCUMENT+OCR_HEADER_POSITION,158A0B2372339DB5F964827887050C77E088ED0C654782778E7E3DF739CCF278.native.txt,158A0B2372339DB5F964827887050C77E088ED0C654782778E7E3DF739CCF278.header.txt,1369,True,OK
15926288C19E4044088E6417ACB087ECBBE63143BD28306C232EE3218D138E82,Z001023321106.pdf,FACTURA,FACTURA,QR_ARCA_STRONG,STRONG_RULE,F-EE08C7103D2458E54189,DEVELOPMENT_DIAGNOSTIC,False,MDOC_DOCUMENT+OCR_HEADER_POSITION,15926288C19E4044088E6417ACB087ECBBE63143BD28306C232EE3218D138E82.native.txt,15926288C19E4044088E6417ACB087ECBBE63143BD28306C232EE3218D138E82.header.txt,1960,True,OK
15969BD380B8D2DC22294AFDC4928DC42B0917483959608C7594E31E510491F3,Z001023350318.pdf,FACTURA,FACTURA,OCR_STRONG,STRONG_RULE,F-DCC01CD6C3861C7E4C3E,DEVELOPMENT,False,OCR_PRODUCT_FIRST_PAGE,15969BD380B8D2DC22294AFDC4928DC42B0917483959608C7594E31E510491F3.ocr.txt,15969BD380B8D2DC22294AFDC4928DC42B0917483959608C7594E31E510491F3.header.txt,2088,False,OK
15EE89386351047AD1C2D3173F2DF4FBDA0DE0D47542662362CCF47AEB41B838,Z001023265539.pdf,FACTURA,FACTURA,QR_ARCA_STRONG,STRONG_RULE,F-FACD83D8B4281A05571A,DEVELOPMENT_DIAGNOSTIC,False,MDOC_DOCUMENT+OCR_HEADER_POSITION,15EE89386351047AD1C2D3173F2DF4FBDA0DE0D47542662362CCF47AEB41B838.native.txt,15EE89386351047AD1C2D3173F2DF4FBDA0DE0D47542662362CCF47AEB41B838.header.txt,3939,True,OK
160507D36E36A41452843EB5116EBE6860289D267FB2CEE2F49609A29C7BB91E,Z001023384921.pdf,FACTURA,FACTURA,QR_ARCA_STRONG,STRONG_RULE,F-EE08C7103D2458E54189,DEVELOPMENT_DIAGNOSTIC,False,MDOC_DOCUMENT+OCR_HEADER_POSITION,160507D36E36A41452843EB5116EBE6860289D267FB2CEE2F49609A29C7BB91E.native.txt,160507D36E36A41452843EB5116EBE6860289D267FB2CEE2F49609A29C7BB91E.header.txt,1937,True,OK
166589FEDAA33D952D81A337E8B61F2BA518F0302A237C96E8E96DDD61F7A5B1,Z001023242296.pdf,OTRO_DOCUMENTO,NOTA_CREDITO,QR_ARCA_STRONG,STRONG_RULE,F-FACD83D8B4281A05571A,DEVELOPMENT_DIAGNOSTIC,True,MDOC_DOCUMENT+OCR_HEADER_POSITION,166589FEDAA33D952D81A337E8B61F2BA518F0302A237C96E8E96DDD61F7A5B1.native.txt,166589FEDAA33D952D81A337E8B61F2BA518F0302A237C96E8E96DDD61F7A5B1.header.txt,4143,True,OK
167929F9016E97C2CCFE59A2730534C5CD51282608A17A4EF1F23FA5F94104D9,Z001023267215.pdf,FACTURA,FACTURA,QR_ARCA_STRONG,STRONG_RULE,F-463F5D66BCFC1B95B4F2,DEVELOPMENT,False,MDOC_DOCUMENT+OCR_HEADER_POSITION,167929F9016E97C2CCFE59A2730534C5CD51282608A17A4EF1F23FA5F94104D9.native.txt,167929F9016E97C2CCFE59A2730534C5CD51282608A17A4EF1F23FA5F94104D9.header.txt,1930,True,OK
167AC28EE4C9F156D7A730F3269118C5AD78B7F582E3FFC178BCB3FDB0A11DF7,Z001023366766.pdf,OTRO_DOCUMENTO,OTRO_DOCUMENTO,QR_ARCA_STRONG,STRONG_RULE,F-FACD83D8B4281A05571A,DEVELOPMENT_DIAGNOSTIC,False,MDOC_DOCUMENT+OCR_HEADER_POSITION,167AC28EE4C9F156D7A730F3269118C5AD78B7F582E3FFC178BCB3FDB0A11DF7.native.txt,167AC28EE4C9F156D7A730F3269118C5AD78B7F582E3FFC178BCB3FDB0A11DF7.header.txt,4302,True,OK
168F8794C73214044C9A1C4597C96BD6D0C4199CC641416C3C64F8BF37098C0F,Z001023306786.pdf,FACTURA,FACTURA,PDF_TEXT_STRONG,STRONG_RULE,F-239031FB24D11A1289E7,DEVELOPMENT,False,MDOC_DOCUMENT+OCR_HEADER_POSITION,168F8794C73214044C9A1C4597C96BD6D0C4199CC641416C3C64F8BF37098C0F.native.txt,168F8794C73214044C9A1C4597C96BD6D0C4199CC641416C3C64F8BF37098C0F.header.txt,1440,True,OK
169353E3142E56941120B753DAE9B0E5A3527AE78A7B064582040B1D7E98FB61,Z001023336306.pdf,FACTURA,FACTURA,QR_ARCA_STRONG,STRONG_RULE,F-6F5CAF1E1AEEB43C5486,DEVELOPMENT_DIAGNOSTIC,False,MDOC_DOCUMENT+OCR_HEADER_POSITION,169353E3142E56941120B753DAE9B0E5A3527AE78A7B064582040B1D7E98FB61.native.txt,169353E3142E56941120B753DAE9B0E5A3527AE78A7B064582040B1D7E98FB61.header.txt,3705,True,OK
16D63A67B2329B876A7EB150497C22D00A7FC6CA3C3D9F3D21BDEACB8FC493A8,Z001023366961.pdf,FACTURA,FACTURA,QR_ARCA_STRONG,STRONG_RULE,F-463F5D66BCFC1B95B4F2,DEVELOPMENT,False,MDOC_DOCUMENT+OCR_HEADER_POSITION,16D63A67B2329B876A7EB150497C22D00A7FC6CA3C3D9F3D21BDEACB8FC493A8.native.txt,16D63A67B2329B876A7EB150497C22D00A7FC6CA3C3D9F3D21BDEACB8FC493A8.header.txt,1986,True,OK
16E375C7BFC7DEA12A79C7383665C85A3E059F7F5A69AF0C52D3D4ACC27A9341,Z001023398681.pdf,FACTURA,FACTURA,QR_ARCA_STRONG,STRONG_RULE,F-463F5D66BCFC1B95B4F2,DEVELOPMENT,False,MDOC_DOCUMENT+OCR_HEADER_POSITION,16E375C7BFC7DEA12A79C7383665C85A3E059F7F5A69AF0C52D3D4ACC27A9341.native.txt,16E375C7BFC7DEA12A79C7383665C85A3E059F7F5A69AF0C52D3D4ACC27A9341.header.txt,1032,True,OK
1755304EBD124B8B4E1309831FBEB3F6EE40934A39AC4CCF8C158A506F931EF1,Z001023283807.pdf,FACTURA,FACTURA,QR_ARCA_STRONG,STRONG_RULE,F-6F5CAF1E1AEEB43C5486,DEVELOPMENT_DIAGNOSTIC,False,MDOC_DOCUMENT+OCR_HEADER_POSITION,1755304EBD124B8B4E1309831FBEB3F6EE40934A39AC4CCF8C158A506F931EF1.native.txt,1755304EBD124B8B4E1309831FBEB3F6EE40934A39AC4CCF8C158A506F931EF1.header.txt,3678,True,OK
17645D40FA69A6828FBC913F3B3EAD8309B9DE2BA50E47598747209A0F923A62,Z001023423181.pdf,FACTURA,FACTURA,QR_ARCA_STRONG,STRONG_RULE,F-EE08C7103D2458E54189,DEVELOPMENT_DIAGNOSTIC,False,MDOC_DOCUMENT+OCR_HEADER_POSITION,17645D40FA69A6828FBC913F3B3EAD8309B9DE2BA50E47598747209A0F923A62.native.txt,17645D40FA69A6828FBC913F3B3EAD8309B9DE2BA50E47598747209A0F923A62.header.txt,2580,True,OK
1774A5264220F2FF45E5BC66ABA462BACACE62D7E6CC8D8B4C325FF2953FA33C,Z001023320999.pdf,FACTURA,FACTURA,QR_ARCA_STRONG,STRONG_RULE,F-463F5D66BCFC1B95B4F2,DEVELOPMENT,False,MDOC_DOCUMENT+OCR_HEADER_POSITION,1774A5264220F2FF45E5BC66ABA462BACACE62D7E6CC8D8B4C325FF2953FA33C.native.txt,1774A5264220F2FF45E5BC66ABA462BACACE62D7E6CC8D8B4C325FF2953FA33C.header.txt,3972,True,OK
17E9AF6EB6B495BA29E56681857C9970D33D990CDB10C0387FE85C781AC7E0E2,Z001023305767.pdf,FACTURA,FACTURA,PDF_TEXT_STRONG,STRONG_RULE,F-239031FB24D11A1289E7,DEVELOPMENT,False,MDOC_DOCUMENT+OCR_HEADER_POSITION,17E9AF6EB6B495BA29E56681857C9970D33D990CDB10C0387FE85C781AC7E0E2.native.txt,17E9AF6EB6B495BA29E56681857C9970D33D990CDB10C0387FE85C781AC7E0E2.header.txt,1664,True,OK
17F70ACA0C08EBBB8F9BDC9AB4A180DF161AB6F073AA8057FC19989E0080C69F,Z001023398630.pdf,FACTURA,FACTURA,QR_ARCA_STRONG,STRONG_RULE,F-6F5CAF1E1AEEB43C5486,DEVELOPMENT_DIAGNOSTIC,False,MDOC_DOCUMENT+OCR_HEADER_POSITION,17F70ACA0C08EBBB8F9BDC9AB4A180DF161AB6F073AA8057FC19989E0080C69F.native.txt,17F70ACA0C08EBBB8F9BDC9AB4A180DF161AB6F073AA8057FC19989E0080C69F.header.txt,3909,True,OK
180A072CF185D173A359A133EF852156206CE288B38F895772950BE3A2822433,Z001023397875.pdf,FACTURA,FACTURA,QR_ARCA_STRONG,STRONG_RULE,F-FACD83D8B4281A05571A,DEVELOPMENT_DIAGNOSTIC,False,MDOC_DOCUMENT+OCR_HEADER_POSITION,180A072CF185D173A359A133EF852156206CE288B38F895772950BE3A2822433.native.txt,180A072CF185D173A359A133EF852156206CE288B38F895772950BE3A2822433.header.txt,4143,True,OK
1820FA6D0B1A53B7BC306CA2011505E75CD8FE8D39AEA06A5730CCE9E46FFB2A,Z001023284205.pdf,FACTURA,FACTURA,PDF_TEXT_STRONG,STRONG_RULE,F-239031FB24D11A1289E7,DEVELOPMENT,False,MDOC_DOCUMENT+OCR_HEADER_POSITION,1820FA6D0B1A53B7BC306CA2011505E75CD8FE8D39AEA06A5730CCE9E46FFB2A.native.txt,1820FA6D0B1A53B7BC306CA2011505E75CD8FE8D39AEA06A5730CCE9E46FFB2A.header.txt,1705,True,OK
18328B3DA1884B52C6326DF5F1BC3410181A90AC55A53F56FD8C6784C1210128,Z001023266209.pdf,FACTURA,FACTURA,PDF_TEXT_STRONG,STRONG_RULE,F-EFE6E9C595B24436566B,DEVELOPMENT,False,MDOC_DOCUMENT+OCR_HEADER_POSITION,18328B3DA1884B52C6326DF5F1BC3410181A90AC55A53F56FD8C6784C1210128.native.txt,18328B3DA1884B52C6326DF5F1BC3410181A90AC55A53F56FD8C6784C1210128.header.txt,1534,True,OK
1838C5E4581C360065CA938F288AFE4710F33C0DFF2B9D832801704DAD65E410,Z001023467588.pdf,FACTURA,FACTURA,QR_ARCA_STRONG,STRONG_RULE,F-EE08C7103D2458E54189,DEVELOPMENT_DIAGNOSTIC,False,MDOC_DOCUMENT+OCR_HEADER_POSITION,1838C5E4581C360065CA938F288AFE4710F33C0DFF2B9D832801704DAD65E410.native.txt,1838C5E4581C360065CA938F288AFE4710F33C0DFF2B9D832801704DAD65E410.header.txt,1903,True,OK
183FAE302DC2004BF0E2C13EDF85A8E9D75E168D01D7313E31DA45794CE0428D,Z001023283873.pdf,FACTURA,FACTURA,QR_ARCA_STRONG,STRONG_RULE,F-4282D891EC4146496CC2,DEVELOPMENT,False,MDOC_DOCUMENT+OCR_HEADER_POSITION,183FAE302DC2004BF0E2C13EDF85A8E9D75E168D01D7313E31DA45794CE0428D.native.txt,183FAE302DC2004BF0E2C13EDF85A8E9D75E168D01D7313E31DA45794CE0428D.header.txt,4545,True,OK
18662EDEE4B4C711C1906E7CE4BE366A758A1188B97E161AF48336D6A3DBAE48,Z001023478148.pdf,FACTURA,FACTURA,QR_ARCA_STRONG,STRONG_RULE,F-EE08C7103D2458E54189,DEVELOPMENT_DIAGNOSTIC,False,MDOC_DOCUMENT+OCR_HEADER_POSITION,18662EDEE4B4C711C1906E7CE4BE366A758A1188B97E161AF48336D6A3DBAE48.native.txt,18662EDEE4B4C711C1906E7CE4BE366A758A1188B97E161AF48336D6A3DBAE48.header.txt,2260,True,OK
1879A4B5E7DA36E01B0F9CAF23754C27B06EA092E21F7A347CF60B15776875ED,Z001023242403.pdf,FACTURA,FACTURA,QR_ARCA_STRONG,STRONG_RULE,F-EE08C7103D2458E54189,DEVELOPMENT_DIAGNOSTIC,True,MDOC_DOCUMENT+OCR_HEADER_POSITION,1879A4B5E7DA36E01B0F9CAF23754C27B06EA092E21F7A347CF60B15776875ED.native.txt,1879A4B5E7DA36E01B0F9CAF23754C27B06EA092E21F7A347CF60B15776875ED.header.txt,1943,True,OK
18A2915116E554779056513F6E5C546608D7AE4ABBD5651F3A29EB14355EF1F7,Z001023306733.pdf,FACTURA,FACTURA,OCR_STRONG,STRONG_RULE,F-463F5D66BCFC1B95B4F2,DEVELOPMENT,False,MDOC_DOCUMENT+OCR_HEADER_POSITION,18A2915116E554779056513F6E5C546608D7AE4ABBD5651F3A29EB14355EF1F7.native.txt,18A2915116E554779056513F6E5C546608D7AE4ABBD5651F3A29EB14355EF1F7.header.txt,5518,True,OK
18F720B96A147A5AB163A7A9CF2973DD63B5BF1945AE004DF51831A085DBD07A,Z001023336305.pdf,FACTURA,FACTURA,QR_ARCA_STRONG,STRONG_RULE,F-463F5D66BCFC1B95B4F2,DEVELOPMENT,False,MDOC_DOCUMENT+OCR_HEADER_POSITION,18F720B96A147A5AB163A7A9CF2973DD63B5BF1945AE004DF51831A085DBD07A.native.txt,18F720B96A147A5AB163A7A9CF2973DD63B5BF1945AE004DF51831A085DBD07A.header.txt,1952,True,OK
194F2DA87B4471D4F618FDAFBE7C074F5DB1BC27D67350BC9E865BDBEDECF437,Z001023454444.pdf,FACTURA,FACTURA,QR_ARCA_STRONG,STRONG_RULE,F-C04B37B1724168DE2084,DEVELOPMENT,False,MDOC_DOCUMENT+OCR_HEADER_POSITION,194F2DA87B4471D4F618FDAFBE7C074F5DB1BC27D67350BC9E865BDBEDECF437.native.txt,194F2DA87B4471D4F618FDAFBE7C074F5DB1BC27D67350BC9E865BDBEDECF437.header.txt,2020,True,OK
19E19AD1C279BECEB59406F9DEE7DA0FB14F0747F234EF55898B99CAD0866281,Z001023284289.pdf,OTRO_DOCUMENTO,NOTA_DEBITO,OCR_STRONG,STRONG_RULE,F-8A2E5C33616E9AAE14BF,DEVELOPMENT,False,MDOC_DOCUMENT+OCR_HEADER_POSITION,19E19AD1C279BECEB59406F9DEE7DA0FB14F0747F234EF55898B99CAD0866281.native.txt,19E19AD1C279BECEB59406F9DEE7DA0FB14F0747F234EF55898B99CAD0866281.header.txt,3240,True,OK
1A336FF617D5A0C3A526B99A96FBAFD04444DB1284DF057F7A0963EF0F477489,Z001023305710.pdf,FACTURA,FACTURA,QR_ARCA_STRONG,STRONG_RULE,F-463F5D66BCFC1B95B4F2,DEVELOPMENT,False,MDOC_DOCUMENT+OCR_HEADER_POSITION,1A336FF617D5A0C3A526B99A96FBAFD04444DB1284DF057F7A0963EF0F477489.native.txt,1A336FF617D5A0C3A526B99A96FBAFD04444DB1284DF057F7A0963EF0F477489.header.txt,952,True,OK
1A36A3CBE7FCC2D88B622D11158D47FC31F218354BA5CAD55E5F076338CD7FD6,Z001023242302.pdf,FACTURA,FACTURA,QR_ARCA_STRONG,STRONG_RULE,F-A4599E2724A776EE31BB,DEVELOPMENT_DIAGNOSTIC,True,MDOC_DOCUMENT+OCR_HEADER_POSITION,1A36A3CBE7FCC2D88B622D11158D47FC31F218354BA5CAD55E5F076338CD7FD6.native.txt,1A36A3CBE7FCC2D88B622D11158D47FC31F218354BA5CAD55E5F076338CD7FD6.header.txt,10248,True,OK
1A4F808049D1A37F4E6AB760DD7135F61503613DEB13BADD69E536FEA2FC6B9F,Z001023454592.pdf,FACTURA,FACTURA,QR_ARCA_STRONG,STRONG_RULE,F-19E3E2219E79C363F63F,DEVELOPMENT,False,MDOC_DOCUMENT+OCR_HEADER_POSITION,1A4F808049D1A37F4E6AB760DD7135F61503613DEB13BADD69E536FEA2FC6B9F.native.txt,1A4F808049D1A37F4E6AB760DD7135F61503613DEB13BADD69E536FEA2FC6B9F.header.txt,4354,True,OK
1AE4FB903432A3B60DB3450D9487FFB226463AF51EC1BEC47448AC3F3C7B894F,Z001023350419.pdf,FACTURA,FACTURA,QR_ARCA_STRONG,STRONG_RULE,F-1A8F6C1739284F36B46F,DEVELOPMENT,False,MDOC_DOCUMENT+OCR_HEADER_POSITION,1AE4FB903432A3B60DB3450D9487FFB226463AF51EC1BEC47448AC3F3C7B894F.native.txt,1AE4FB903432A3B60DB3450D9487FFB226463AF51EC1BEC47448AC3F3C7B894F.header.txt,9756,True,OK
1AFE7750B1E03B7B6216CE4DD3DD72A572DD1127B8545E28AFE90DDD2CDC0579,Z001023336275.pdf,FACTURA,FACTURA,OCR_STRONG,STRONG_RULE,F-1A84B55E846D76A51EE3,DEVELOPMENT,False,OCR_PRODUCT_FIRST_PAGE,1AFE7750B1E03B7B6216CE4DD3DD72A572DD1127B8545E28AFE90DDD2CDC0579.ocr.txt,1AFE7750B1E03B7B6216CE4DD3DD72A572DD1127B8545E28AFE90DDD2CDC0579.header.txt,1292,False,OK
1C046CF254BA1E8E323C11493B60FE53712CC1B84EFF61DE83864A7D0C4355D1,Z001023284033.pdf,FACTURA,FACTURA,QR_ARCA_STRONG,STRONG_RULE,F-FACD83D8B4281A05571A,DEVELOPMENT_DIAGNOSTIC,False,MDOC_DOCUMENT+OCR_HEADER_POSITION,1C046CF254BA1E8E323C11493B60FE53712CC1B84EFF61DE83864A7D0C4355D1.native.txt,1C046CF254BA1E8E323C11493B60FE53712CC1B84EFF61DE83864A7D0C4355D1.header.txt,4200,True,OK
1C2730D7EA45CB80447C59154F701641B68B2CE8C31909BCBDA0D31555D6AF2D,Z001023350219.pdf,FACTURA,FACTURA,OCR_STRONG,STRONG_RULE,F-DCC01CD6C3861C7E4C3E,DEVELOPMENT,False,OCR_PRODUCT_FIRST_PAGE,1C2730D7EA45CB80447C59154F701641B68B2CE8C31909BCBDA0D31555D6AF2D.ocr.txt,1C2730D7EA45CB80447C59154F701641B68B2CE8C31909BCBDA0D31555D6AF2D.header.txt,2066,False,OK
1C4CB37EA5BD22F3F1F6316807DB3DCFA62F5E64CC4D63DE1B43A9ECB5F78C30,Z001023267335.pdf,FACTURA,FACTURA,PDF_TEXT_STRONG,STRONG_RULE,F-847ED9FB103AD022E208,DEVELOPMENT,False,MDOC_DOCUMENT+OCR_HEADER_POSITION,1C4CB37EA5BD22F3F1F6316807DB3DCFA62F5E64CC4D63DE1B43A9ECB5F78C30.native.txt,1C4CB37EA5BD22F3F1F6316807DB3DCFA62F5E64CC4D63DE1B43A9ECB5F78C30.header.txt,1615,True,OK
1C4DB25AAC0A169B26D121DF0992AB546E8D487A74FD1E45FDEF3490F3708601,Z001023243325.pdf,OTRO_DOCUMENTO,OTRO_DOCUMENTO,EXISTING_GROUND_TRUTH,CONFIRMED_EXISTING,F-64920D3701B1A613ABDC,DEVELOPMENT_DIAGNOSTIC,True,MDOC_DOCUMENT+OCR_HEADER_POSITION,1C4DB25AAC0A169B26D121DF0992AB546E8D487A74FD1E45FDEF3490F3708601.native.txt,1C4DB25AAC0A169B26D121DF0992AB546E8D487A74FD1E45FDEF3490F3708601.header.txt,864,True,OK
1C8A8808678EDA0EE2B05BB8A61144E4290EE9E18251346BBD2683F09C7D888B,Z001023242962.pdf,FACTURA,FACTURA,QR_ARCA_STRONG,STRONG_RULE,F-EE08C7103D2458E54189,DEVELOPMENT_DIAGNOSTIC,True,MDOC_DOCUMENT+OCR_HEADER_POSITION,1C8A8808678EDA0EE2B05BB8A61144E4290EE9E18251346BBD2683F09C7D888B.native.txt,1C8A8808678EDA0EE2B05BB8A61144E4290EE9E18251346BBD2683F09C7D888B.header.txt,1972,True,OK
1DA9864804DCE41CA146730F9EB0523D3ADD3030E9014CAA057097A2EA07C711,Z001023422321.pdf,FACTURA,FACTURA,QR_ARCA_STRONG,STRONG_RULE,F-FACD83D8B4281A05571A,DEVELOPMENT_DIAGNOSTIC,False,MDOC_DOCUMENT+OCR_HEADER_POSITION,1DA9864804DCE41CA146730F9EB0523D3ADD3030E9014CAA057097A2EA07C711.native.txt,1DA9864804DCE41CA146730F9EB0523D3ADD3030E9014CAA057097A2EA07C711.header.txt,3981,True,OK
1DBAC85FD76DFB51E641F429E17BBA22563A0F38D8362D27B66EB5322644AAE6,Z001023397971.pdf,FACTURA,FACTURA,QR_ARCA_STRONG,STRONG_RULE,F-FACD83D8B4281A05571A,DEVELOPMENT_DIAGNOSTIC,False,MDOC_DOCUMENT+OCR_HEADER_POSITION,1DBAC85FD76DFB51E641F429E17BBA22563A0F38D8362D27B66EB5322644AAE6.native.txt,1DBAC85FD76DFB51E641F429E17BBA22563A0F38D8362D27B66EB5322644AAE6.header.txt,4104,True,OK
1DC499A08B5A4C8EB40237A78633ACD98DF16FB8437876D106B4265CC4451588,Z001023266252.pdf,FACTURA,FACTURA,QR_ARCA_STRONG,STRONG_RULE,F-EE08C7103D2458E54189,DEVELOPMENT_DIAGNOSTIC,False,MDOC_DOCUMENT+OCR_HEADER_POSITION,1DC499A08B5A4C8EB40237A78633ACD98DF16FB8437876D106B4265CC4451588.native.txt,1DC499A08B5A4C8EB40237A78633ACD98DF16FB8437876D106B4265CC4451588.header.txt,2058,True,OK
1DE3D57C29CD74BE3B52809E07F5687161ED4F785B56045F8B4F677FDFD93DDA,Z001023384922.pdf,FACTURA,FACTURA,QR_ARCA_STRONG,STRONG_RULE,F-FACD83D8B4281A05571A,DEVELOPMENT_DIAGNOSTIC,False,MDOC_DOCUMENT+OCR_HEADER_POSITION,1DE3D57C29CD74BE3B52809E07F5687161ED4F785B56045F8B4F677FDFD93DDA.native.txt,1DE3D57C29CD74BE3B52809E07F5687161ED4F785B56045F8B4F677FDFD93DDA.header.txt,4116,True,OK
1E017419E073DE02B948D0FF0A3422759D77C393D6A5BC26E76BD8404C0104B5,Z001023337681.pdf,FACTURA,FACTURA,QR_ARCA_STRONG,STRONG_RULE,F-FACD83D8B4281A05571A,DEVELOPMENT_DIAGNOSTIC,False,MDOC_DOCUMENT+OCR_HEADER_POSITION,1E017419E073DE02B948D0FF0A3422759D77C393D6A5BC26E76BD8404C0104B5.native.txt,1E017419E073DE02B948D0FF0A3422759D77C393D6A5BC26E76BD8404C0104B5.header.txt,4131,True,OK
1E9F93E9439263AB091E1FCFA2C61AE17A3F0F1AA79A93DF4A5306624A24BEBC,Z001023243457.pdf,FACTURA,FACTURA,QR_ARCA_STRONG,STRONG_RULE,F-EE08C7103D2458E54189,DEVELOPMENT_DIAGNOSTIC,True,MDOC_DOCUMENT+OCR_HEADER_POSITION,1E9F93E9439263AB091E1FCFA2C61AE17A3F0F1AA79A93DF4A5306624A24BEBC.native.txt,1E9F93E9439263AB091E1FCFA2C61AE17A3F0F1AA79A93DF4A5306624A24BEBC.header.txt,2013,True,OK
1ED366B383A3896CFEB2405CE4CAC87D9D060DC3080F784F47BED59A1054A232,Z001023454613.pdf,FACTURA,FACTURA,QR_ARCA_STRONG,STRONG_RULE,F-463F5D66BCFC1B95B4F2,DEVELOPMENT,False,MDOC_DOCUMENT+OCR_HEADER_POSITION,1ED366B383A3896CFEB2405CE4CAC87D9D060DC3080F784F47BED59A1054A232.native.txt,1ED366B383A3896CFEB2405CE4CAC87D9D060DC3080F784F47BED59A1054A232.header.txt,3570,True,OK
1F174E86620ADDAB1691ADA0E9A283270D292E6AED4C4B923DDAFE19769D07EB,Z001023306029.pdf,FACTURA,FACTURA,QR_ARCA_STRONG,STRONG_RULE,F-FACD83D8B4281A05571A,DEVELOPMENT_DIAGNOSTIC,False,MDOC_DOCUMENT+OCR_HEADER_POSITION,1F174E86620ADDAB1691ADA0E9A283270D292E6AED4C4B923DDAFE19769D07EB.native.txt,1F174E86620ADDAB1691ADA0E9A283270D292E6AED4C4B923DDAFE19769D07EB.header.txt,4224,True,OK
1F6BE1B36C93128E6A23A08F969662219FCDD157D6A9C688764E6E854930C6F1,Z001023267210.pdf,FACTURA,FACTURA,OCR_STRONG,STRONG_RULE,F-C4EFEA98CD9D9490E678,DEVELOPMENT,False,MDOC_DOCUMENT+OCR_HEADER_POSITION,1F6BE1B36C93128E6A23A08F969662219FCDD157D6A9C688764E6E854930C6F1.native.txt,1F6BE1B36C93128E6A23A08F969662219FCDD157D6A9C688764E6E854930C6F1.header.txt,3394,True,OK
1F74158A70E303CD4219E3F0A4C0F0EE744292D6CD4C7585ECB69924A9CF7E6A,Z001023351276.pdf,FACTURA,FACTURA,QR_ARCA_STRONG,STRONG_RULE,F-EE08C7103D2458E54189,DEVELOPMENT_DIAGNOSTIC,False,MDOC_DOCUMENT+OCR_HEADER_POSITION,1F74158A70E303CD4219E3F0A4C0F0EE744292D6CD4C7585ECB69924A9CF7E6A.native.txt,1F74158A70E303CD4219E3F0A4C0F0EE744292D6CD4C7585ECB69924A9CF7E6A.header.txt,1888,True,OK
1F8ED7AFA5B9414E174104C2C5ADF13AF964A27329A26B561987EB073FC3BC7C,Z001023283788.pdf,FACTURA,FACTURA,QR_ARCA_STRONG,STRONG_RULE,F-FACD83D8B4281A05571A,DEVELOPMENT_DIAGNOSTIC,False,MDOC_DOCUMENT+OCR_HEADER_POSITION,1F8ED7AFA5B9414E174104C2C5ADF13AF964A27329A26B561987EB073FC3BC7C.native.txt,1F8ED7AFA5B9414E174104C2C5ADF13AF964A27329A26B561987EB073FC3BC7C.header.txt,4854,True,OK
1FA268A606D2E0D0B5DB2C3EB7C264ABB81A4FF68EA607482BCE2826A3488D9F,Z001023305712.pdf,FACTURA,FACTURA,PDF_TEXT_STRONG,STRONG_RULE,F-239031FB24D11A1289E7,DEVELOPMENT,False,MDOC_DOCUMENT+OCR_HEADER_POSITION,1FA268A606D2E0D0B5DB2C3EB7C264ABB81A4FF68EA607482BCE2826A3488D9F.native.txt,1FA268A606D2E0D0B5DB2C3EB7C264ABB81A4FF68EA607482BCE2826A3488D9F.header.txt,2407,True,OK
1FE5EE8327E145829C17BEDC6ED8E4BE89C6EF299984C6A454FC15B2245B7981,Z001023283744.pdf,FACTURA,FACTURA,QR_ARCA_STRONG,STRONG_RULE,F-EE08C7103D2458E54189,DEVELOPMENT_DIAGNOSTIC,False,MDOC_DOCUMENT+OCR_HEADER_POSITION,1FE5EE8327E145829C17BEDC6ED8E4BE89C6EF299984C6A454FC15B2245B7981.native.txt,1FE5EE8327E145829C17BEDC6ED8E4BE89C6EF299984C6A454FC15B2245B7981.header.txt,1933,True,OK
201C2EF248B3E04F47F214E95A8360183B42A01E5B635FEAA9E07529A8C328CD,Z001023466675.pdf,OTRO_DOCUMENTO,OTRO_DOCUMENTO,QR_ARCA_STRONG,STRONG_RULE,F-FACD83D8B4281A05571A,DEVELOPMENT_DIAGNOSTIC,False,MDOC_DOCUMENT+OCR_HEADER_POSITION,201C2EF248B3E04F47F214E95A8360183B42A01E5B635FEAA9E07529A8C328CD.native.txt,201C2EF248B3E04F47F214E95A8360183B42A01E5B635FEAA9E07529A8C328CD.header.txt,4287,True,OK
21260D1DEB9F5FC490513022E1FD91F7B583EE94863480B42371917D5BADB457,Z001023242803.pdf,FACTURA,FACTURA,QR_ARCA_STRONG,STRONG_RULE,F-EE08C7103D2458E54189,DEVELOPMENT_DIAGNOSTIC,True,MDOC_DOCUMENT+OCR_HEADER_POSITION,21260D1DEB9F5FC490513022E1FD91F7B583EE94863480B42371917D5BADB457.native.txt,21260D1DEB9F5FC490513022E1FD91F7B583EE94863480B42371917D5BADB457.header.txt,1873,True,OK
21424818179A111E4F71916FCD9A48976FE5ED7F1432854A6F2347653C38D8BE,Z001023284195.pdf,FACTURA,FACTURA,PDF_TEXT_STRONG,STRONG_RULE,F-239031FB24D11A1289E7,DEVELOPMENT,False,MDOC_DOCUMENT+OCR_HEADER_POSITION,21424818179A111E4F71916FCD9A48976FE5ED7F1432854A6F2347653C38D8BE.native.txt,21424818179A111E4F71916FCD9A48976FE5ED7F1432854A6F2347653C38D8BE.header.txt,1816,True,OK
21438B9765F499855432F21148F956C714AAA9C79EDA7413564EEE9455850671,Z001023243397.pdf,FACTURA,FACTURA,QR_ARCA_STRONG,STRONG_RULE,F-6F5CAF1E1AEEB43C5486,DEVELOPMENT_DIAGNOSTIC,True,MDOC_DOCUMENT+OCR_HEADER_POSITION,21438B9765F499855432F21148F956C714AAA9C79EDA7413564EEE9455850671.native.txt,21438B9765F499855432F21148F956C714AAA9C79EDA7413564EEE9455850671.header.txt,3279,True,OK
2154FD617AF13243DB7B586CCBA7EF469689877C9BAA53B0F84ED403E793BC99,Z001023422117.pdf,FACTURA,FACTURA,QR_ARCA_STRONG,STRONG_RULE,F-463F5D66BCFC1B95B4F2,DEVELOPMENT,False,MDOC_DOCUMENT+OCR_HEADER_POSITION,2154FD617AF13243DB7B586CCBA7EF469689877C9BAA53B0F84ED403E793BC99.native.txt,2154FD617AF13243DB7B586CCBA7EF469689877C9BAA53B0F84ED403E793BC99.header.txt,1934,True,OK
21A743EACDBE34D280CB667E66C018F678D52E114A99BD11D529122144C44BA4,Z001023321067.pdf,FACTURA,FACTURA,OCR_STRONG,STRONG_RULE,F-F9F97E5234AB53CA8EDD,DEVELOPMENT,False,MDOC_DOCUMENT+OCR_HEADER_POSITION,21A743EACDBE34D280CB667E66C018F678D52E114A99BD11D529122144C44BA4.native.txt,21A743EACDBE34D280CB667E66C018F678D52E114A99BD11D529122144C44BA4.header.txt,2631,True,OK
21FA95E0441B94EC1CA8C6B2756C6170EA9D9D18C5A192D2619FDAD6992514CB,Z001023349831.pdf,FACTURA,FACTURA,QR_ARCA_STRONG,STRONG_RULE,F-EDBFE59229E8571451DD,DEVELOPMENT,False,MDOC_DOCUMENT+OCR_HEADER_POSITION,21FA95E0441B94EC1CA8C6B2756C6170EA9D9D18C5A192D2619FDAD6992514CB.native.txt,21FA95E0441B94EC1CA8C6B2756C6170EA9D9D18C5A192D2619FDAD6992514CB.header.txt,2574,True,OK
220DD10F950D9C9E128FED4EC3B946CF309DBADDC624CC54ABD925F59E1A81BC,Z001023321407.pdf,FACTURA,FACTURA,PDF_TEXT_STRONG,STRONG_RULE,F-779475FE3B614A1E04BC,DEVELOPMENT,False,MDOC_DOCUMENT+OCR_HEADER_POSITION,220DD10F950D9C9E128FED4EC3B946CF309DBADDC624CC54ABD925F59E1A81BC.native.txt,220DD10F950D9C9E128FED4EC3B946CF309DBADDC624CC54ABD925F59E1A81BC.header.txt,921,True,OK
225886580C85D6E9291E33F31E663C265C372BE9B6DFF5D4C18D41160FBBE122,Z001023351257.pdf,OTRO_DOCUMENTO,OTRO_DOCUMENTO,QR_ARCA_STRONG,STRONG_RULE,F-EE6C10CFFB7B6C49E434,DEVELOPMENT,False,MDOC_DOCUMENT+OCR_HEADER_POSITION,225886580C85D6E9291E33F31E663C265C372BE9B6DFF5D4C18D41160FBBE122.native.txt,225886580C85D6E9291E33F31E663C265C372BE9B6DFF5D4C18D41160FBBE122.header.txt,1097,True,OK
22672F8A78F1673F9C86E8AF6C0F74C68CE69F6A47D30B59631ADDF0538252D0,Z001023266857.pdf,FACTURA,FACTURA,QR_ARCA_STRONG,STRONG_RULE,F-127BD2FBDD2CC031C0FE,DEVELOPMENT_DIAGNOSTIC,False,MDOC_DOCUMENT+OCR_HEADER_POSITION,22672F8A78F1673F9C86E8AF6C0F74C68CE69F6A47D30B59631ADDF0538252D0.native.txt,22672F8A78F1673F9C86E8AF6C0F74C68CE69F6A47D30B59631ADDF0538252D0.header.txt,1923,True,OK
22E69D2F00D6232ED552D42A07BCBA93D825967D3875DEEF8648F80EBE48E36E,Z001023398886.pdf,FACTURA,FACTURA,QR_ARCA_STRONG,STRONG_RULE,F-FACD83D8B4281A05571A,DEVELOPMENT_DIAGNOSTIC,False,MDOC_DOCUMENT+OCR_HEADER_POSITION,22E69D2F00D6232ED552D42A07BCBA93D825967D3875DEEF8648F80EBE48E36E.native.txt,22E69D2F00D6232ED552D42A07BCBA93D825967D3875DEEF8648F80EBE48E36E.header.txt,4386,True,OK
2359686156391AC697F0FACF0BC28C4A3B58BF780D9DF464022B6629A5418D41,Z001023320992.pdf,FACTURA,FACTURA,OCR_STRONG,STRONG_RULE,F-463F5D66BCFC1B95B4F2,DEVELOPMENT,False,MDOC_DOCUMENT+OCR_HEADER_POSITION,2359686156391AC697F0FACF0BC28C4A3B58BF780D9DF464022B6629A5418D41.native.txt,2359686156391AC697F0FACF0BC28C4A3B58BF780D9DF464022B6629A5418D41.header.txt,2916,True,OK
24508D57D9D2FE1CF19E71BF862D1C297C3B233C58E91B1FBCA2A8AB5AA2867E,Z001023267406.pdf,FACTURA,FACTURA,QR_ARCA_STRONG,STRONG_RULE,F-EE08C7103D2458E54189,DEVELOPMENT_DIAGNOSTIC,False,MDOC_DOCUMENT+OCR_HEADER_POSITION,24508D57D9D2FE1CF19E71BF862D1C297C3B233C58E91B1FBCA2A8AB5AA2867E.native.txt,24508D57D9D2FE1CF19E71BF862D1C297C3B233C58E91B1FBCA2A8AB5AA2867E.header.txt,1995,True,OK
2537FDF817D544D0E6993F9039C282B601828BF4030072FE60AA952C6CEBC923,Z001023267412.pdf,FACTURA,FACTURA,QR_ARCA_STRONG,STRONG_RULE,F-EE08C7103D2458E54189,DEVELOPMENT_DIAGNOSTIC,False,MDOC_DOCUMENT+OCR_HEADER_POSITION,2537FDF817D544D0E6993F9039C282B601828BF4030072FE60AA952C6CEBC923.native.txt,2537FDF817D544D0E6993F9039C282B601828BF4030072FE60AA952C6CEBC923.header.txt,1936,True,OK
25906BA449000FDC416BE77ADE177F67876EE90F96C8DA7EAF7532B3DE978549,Z001023243399.pdf,FACTURA,FACTURA,QR_ARCA_STRONG,STRONG_RULE,F-127BD2FBDD2CC031C0FE,DEVELOPMENT_DIAGNOSTIC,True,MDOC_DOCUMENT+OCR_HEADER_POSITION,25906BA449000FDC416BE77ADE177F67876EE90F96C8DA7EAF7532B3DE978549.native.txt,25906BA449000FDC416BE77ADE177F67876EE90F96C8DA7EAF7532B3DE978549.header.txt,1566,True,OK
2605B5CBE1D16F569A4744664A6098F9F1A9ADF3328747D2D99F36E44E6407EE,Z001023350339.pdf,FACTURA,FACTURA,OCR_STRONG,STRONG_RULE,F-DCC01CD6C3861C7E4C3E,DEVELOPMENT,False,OCR_PRODUCT_FIRST_PAGE,2605B5CBE1D16F569A4744664A6098F9F1A9ADF3328747D2D99F36E44E6407EE.ocr.txt,2605B5CBE1D16F569A4744664A6098F9F1A9ADF3328747D2D99F36E44E6407EE.header.txt,2087,False,OK
263D415F6C5CCB5E35FCFF9F2EF41B20D3D9D37D6BB52D156229BC10E818CD63,Z001023266941.pdf,FACTURA,FACTURA,QR_ARCA_STRONG,STRONG_RULE,F-FACD83D8B4281A05571A,DEVELOPMENT_DIAGNOSTIC,False,MDOC_DOCUMENT+OCR_HEADER_POSITION,263D415F6C5CCB5E35FCFF9F2EF41B20D3D9D37D6BB52D156229BC10E818CD63.native.txt,263D415F6C5CCB5E35FCFF9F2EF41B20D3D9D37D6BB52D156229BC10E818CD63.header.txt,4122,True,OK
263DEF4CEBFD41025BF8C60D814D6D9533131D244D35E3D23C08BBE8917C9BD9,Z001023305709.pdf,FACTURA,FACTURA,QR_ARCA_STRONG,STRONG_RULE,F-463F5D66BCFC1B95B4F2,DEVELOPMENT,False,MDOC_DOCUMENT+OCR_HEADER_POSITION,263DEF4CEBFD41025BF8C60D814D6D9533131D244D35E3D23C08BBE8917C9BD9.native.txt,263DEF4CEBFD41025BF8C60D814D6D9533131D244D35E3D23C08BBE8917C9BD9.header.txt,734,True,OK
268E9CF0A794A2450E7EFF249D3AD2594B21A19EC5462DA31C99A736388B63C2,Z001023266240.pdf,FACTURA,FACTURA,QR_ARCA_STRONG,STRONG_RULE,F-FACD83D8B4281A05571A,DEVELOPMENT_DIAGNOSTIC,False,MDOC_DOCUMENT+OCR_HEADER_POSITION,268E9CF0A794A2450E7EFF249D3AD2594B21A19EC5462DA31C99A736388B63C2.native.txt,268E9CF0A794A2450E7EFF249D3AD2594B21A19EC5462DA31C99A736388B63C2.header.txt,4689,True,OK
26EA4A2318A2CA163F0725B8551C9F4CFE6E45EA6578CACC90BC64C6575AF63B,Z001023385178.pdf,FACTURA,FACTURA,QR_ARCA_STRONG,STRONG_RULE,F-463F5D66BCFC1B95B4F2,DEVELOPMENT,False,MDOC_DOCUMENT+OCR_HEADER_POSITION,26EA4A2318A2CA163F0725B8551C9F4CFE6E45EA6578CACC90BC64C6575AF63B.native.txt,26EA4A2318A2CA163F0725B8551C9F4CFE6E45EA6578CACC90BC64C6575AF63B.header.txt,2880,True,OK
2734FF67060B9027FEB9BA327ADC516562FB5B1CF2D145050C6130AFE3D80CD5,Z001023306104.pdf,FACTURA,FACTURA,OCR_STRONG,STRONG_RULE,F-6B5DF25739C20B353A70,DEVELOPMENT,False,OCR_PRODUCT_FIRST_PAGE,2734FF67060B9027FEB9BA327ADC516562FB5B1CF2D145050C6130AFE3D80CD5.ocr.txt,2734FF67060B9027FEB9BA327ADC516562FB5B1CF2D145050C6130AFE3D80CD5.header.txt,1212,False,OK
2787E009D455BB9349B6DAE6AD30482AE9F045E858EA0D1A1CC922A6E5144B79,Z001023267144.pdf,FACTURA,FACTURA,OCR_STRONG,STRONG_RULE,F-C4EFEA98CD9D9490E678,DEVELOPMENT,False,MDOC_DOCUMENT+OCR_HEADER_POSITION,2787E009D455BB9349B6DAE6AD30482AE9F045E858EA0D1A1CC922A6E5144B79.native.txt,2787E009D455BB9349B6DAE6AD30482AE9F045E858EA0D1A1CC922A6E5144B79.header.txt,3306,True,OK
27BC4B18F491209F599B195B0ABC49F006BFC50896F0790871B4164089202C88,Z001023267236.pdf,FACTURA,FACTURA,QR_ARCA_STRONG,STRONG_RULE,F-FACD83D8B4281A05571A,DEVELOPMENT_DIAGNOSTIC,False,MDOC_DOCUMENT+OCR_HEADER_POSITION,27BC4B18F491209F599B195B0ABC49F006BFC50896F0790871B4164089202C88.native.txt,27BC4B18F491209F599B195B0ABC49F006BFC50896F0790871B4164089202C88.header.txt,3909,True,OK
27FF656A5A70E8C1A2AF544748A8FEEB1F9D764E38EE1B20DEFCF5A88675DBB2,Z001023320987.pdf,FACTURA,FACTURA,PDF_TEXT_STRONG,STRONG_RULE,F-BD443D8161F24BFCB109,DEVELOPMENT,False,MDOC_DOCUMENT+OCR_HEADER_POSITION,27FF656A5A70E8C1A2AF544748A8FEEB1F9D764E38EE1B20DEFCF5A88675DBB2.native.txt,27FF656A5A70E8C1A2AF544748A8FEEB1F9D764E38EE1B20DEFCF5A88675DBB2.header.txt,4353,True,OK
283DD750150A80FD78B56DFD05BD0CF320ED7EE5AFE628DC3A273F00642CECD5,Z001023409587.pdf,FACTURA,FACTURA,QR_ARCA_STRONG,STRONG_RULE,F-463F5D66BCFC1B95B4F2,DEVELOPMENT,False,OCR_PRODUCT_FIRST_PAGE,283DD750150A80FD78B56DFD05BD0CF320ED7EE5AFE628DC3A273F00642CECD5.ocr.txt,283DD750150A80FD78B56DFD05BD0CF320ED7EE5AFE628DC3A273F00642CECD5.header.txt,967,False,OK
28F92D6F8C69A983FC3129BC8443C5E475F94DFB173AF74A3BF5F08D957F5B0D,Z001023435847.pdf,FACTURA,FACTURA,PDF_TEXT_STRONG,STRONG_RULE,F-832328D5B6CC43C2F3DC,DEVELOPMENT_DIAGNOSTIC,False,MDOC_DOCUMENT+OCR_HEADER_POSITION,28F92D6F8C69A983FC3129BC8443C5E475F94DFB173AF74A3BF5F08D957F5B0D.native.txt,28F92D6F8C69A983FC3129BC8443C5E475F94DFB173AF74A3BF5F08D957F5B0D.header.txt,1003,True,OK
28FCC8808B0DEE25A850B6F4C5063E17FB94B3CB194917E84422E9F2A8C111A5,Z001023243169.pdf,OTRO_DOCUMENTO,OTRO_DOCUMENTO,EXISTING_GROUND_TRUTH,CONFIRMED_EXISTING,F-F005EBB69A8DFBD56F0B,DEVELOPMENT_DIAGNOSTIC,True,MDOC_DOCUMENT+OCR_HEADER_POSITION,28FCC8808B0DEE25A850B6F4C5063E17FB94B3CB194917E84422E9F2A8C111A5.native.txt,28FCC8808B0DEE25A850B6F4C5063E17FB94B3CB194917E84422E9F2A8C111A5.header.txt,10416,True,OK
29C2F82AE52AB4771D5C4F02A6C04F9336214832AD7F90907EEA3FC074BA9648,Z001023305791.pdf,FACTURA,FACTURA,QR_ARCA_STRONG,STRONG_RULE,F-EE08C7103D2458E54189,DEVELOPMENT_DIAGNOSTIC,False,MDOC_DOCUMENT+OCR_HEADER_POSITION,29C2F82AE52AB4771D5C4F02A6C04F9336214832AD7F90907EEA3FC074BA9648.native.txt,29C2F82AE52AB4771D5C4F02A6C04F9336214832AD7F90907EEA3FC074BA9648.header.txt,1909,True,OK
2A31131A45E5376D4DFD42FF9877AC6093EBD62ABF0B6791591EDD8AB1658A7D,Z001023350217.pdf,FACTURA,FACTURA,OCR_STRONG,STRONG_RULE,F-DCC01CD6C3861C7E4C3E,DEVELOPMENT,False,OCR_PRODUCT_FIRST_PAGE,2A31131A45E5376D4DFD42FF9877AC6093EBD62ABF0B6791591EDD8AB1658A7D.ocr.txt,2A31131A45E5376D4DFD42FF9877AC6093EBD62ABF0B6791591EDD8AB1658A7D.header.txt,2043,False,OK
2AB39536303132A97CD1C0CC132118D01E08A560594A6E39D2FBAD019CCA88B8,Z001023422110.pdf,FACTURA,FACTURA,QR_ARCA_STRONG,STRONG_RULE,F-EE08C7103D2458E54189,DEVELOPMENT_DIAGNOSTIC,False,MDOC_DOCUMENT+OCR_HEADER_POSITION,2AB39536303132A97CD1C0CC132118D01E08A560594A6E39D2FBAD019CCA88B8.native.txt,2AB39536303132A97CD1C0CC132118D01E08A560594A6E39D2FBAD019CCA88B8.header.txt,2029,True,OK
2AD909C6F5BC9106E0C189FB9B3FBD110F046A61DAD56FF8DB8A50C7655E2F78,Z001023305872.pdf,FACTURA,FACTURA,QR_ARCA_STRONG,STRONG_RULE,F-FACD83D8B4281A05571A,DEVELOPMENT_DIAGNOSTIC,False,MDOC_DOCUMENT+OCR_HEADER_POSITION,2AD909C6F5BC9106E0C189FB9B3FBD110F046A61DAD56FF8DB8A50C7655E2F78.native.txt,2AD909C6F5BC9106E0C189FB9B3FBD110F046A61DAD56FF8DB8A50C7655E2F78.header.txt,4224,True,OK
2B7B4A103183D9CE12C1E4633A50995F03B0E8565D49ED8EFAB97C764BC69FD2,Z001023410722.pdf,FACTURA,FACTURA,QR_ARCA_STRONG,STRONG_RULE,F-FACD83D8B4281A05571A,DEVELOPMENT_DIAGNOSTIC,False,MDOC_DOCUMENT+OCR_HEADER_POSITION,2B7B4A103183D9CE12C1E4633A50995F03B0E8565D49ED8EFAB97C764BC69FD2.native.txt,2B7B4A103183D9CE12C1E4633A50995F03B0E8565D49ED8EFAB97C764BC69FD2.header.txt,3963,True,OK
2CA14FED2FAD395EFD4983F8070DF27AF17788C817D750BBE547E27F9DB493B7,Z001023321312.pdf,FACTURA,FACTURA,PDF_TEXT_STRONG,STRONG_RULE,F-463F5D66BCFC1B95B4F2,DEVELOPMENT,False,MDOC_DOCUMENT+OCR_HEADER_POSITION,2CA14FED2FAD395EFD4983F8070DF27AF17788C817D750BBE547E27F9DB493B7.native.txt,2CA14FED2FAD395EFD4983F8070DF27AF17788C817D750BBE547E27F9DB493B7.header.txt,876,True,OK
2CA999327575D864D33380273D2641121C3430B06EBEB1396C57028AD278AEC0,Z001023243423.pdf,FACTURA,FACTURA,QR_ARCA_STRONG,STRONG_RULE,F-6F5CAF1E1AEEB43C5486,DEVELOPMENT_DIAGNOSTIC,True,MDOC_DOCUMENT+OCR_HEADER_POSITION,2CA999327575D864D33380273D2641121C3430B06EBEB1396C57028AD278AEC0.native.txt,2CA999327575D864D33380273D2641121C3430B06EBEB1396C57028AD278AEC0.header.txt,3468,True,OK
2D43B3648B73EFBB36772933B8ED7CE0CD779C0945E776A136EC6123FA5D5551,Z001023243329.pdf,FACTURA,FACTURA,EXISTING_GROUND_TRUTH,CONFIRMED_EXISTING,F-D86CE4CD0C9D0468E43A,DEVELOPMENT_DIAGNOSTIC,True,MDOC_DOCUMENT+OCR_HEADER_POSITION,2D43B3648B73EFBB36772933B8ED7CE0CD779C0945E776A136EC6123FA5D5551.native.txt,2D43B3648B73EFBB36772933B8ED7CE0CD779C0945E776A136EC6123FA5D5551.header.txt,3279,True,OK
2DE59A9D326B610580C5CD2FD4DB06C2676F42330654893AE8C8450A6D4D4A34,Z001023242964.pdf,FACTURA,FACTURA,QR_ARCA_STRONG,STRONG_RULE,F-EE08C7103D2458E54189,DEVELOPMENT_DIAGNOSTIC,True,MDOC_DOCUMENT+OCR_HEADER_POSITION,2DE59A9D326B610580C5CD2FD4DB06C2676F42330654893AE8C8450A6D4D4A34.native.txt,2DE59A9D326B610580C5CD2FD4DB06C2676F42330654893AE8C8450A6D4D4A34.header.txt,1914,True,OK
2DF94A5C2384FC7A97229E0EE33C8F5F95234472102492A6EE49DCB9C7277EFF,Z001023467604.pdf,FACTURA,FACTURA,OCR_STRONG,STRONG_RULE,F-463F5D66BCFC1B95B4F2,DEVELOPMENT,False,MDOC_DOCUMENT+OCR_HEADER_POSITION,2DF94A5C2384FC7A97229E0EE33C8F5F95234472102492A6EE49DCB9C7277EFF.native.txt,2DF94A5C2384FC7A97229E0EE33C8F5F95234472102492A6EE49DCB9C7277EFF.header.txt,2064,True,OK
2E23F651392097BF6177E1CBC5D2B43D4B848A229CDD80E9B8413254E95D51D8,Z001023435317.pdf,FACTURA,FACTURA,OCR_STRONG,STRONG_RULE,F-463F5D66BCFC1B95B4F2,DEVELOPMENT,False,OCR_PRODUCT_FIRST_PAGE,2E23F651392097BF6177E1CBC5D2B43D4B848A229CDD80E9B8413254E95D51D8.ocr.txt,2E23F651392097BF6177E1CBC5D2B43D4B848A229CDD80E9B8413254E95D51D8.header.txt,1789,False,OK
2E2889EBA992FF88C5260B76B01933BFBA0AA678BD94B8970181748B220ED2C5,Z001023266226.pdf,FACTURA,FACTURA,QR_ARCA_STRONG,STRONG_RULE,F-463F5D66BCFC1B95B4F2,DEVELOPMENT,False,MDOC_DOCUMENT+OCR_HEADER_POSITION,2E2889EBA992FF88C5260B76B01933BFBA0AA678BD94B8970181748B220ED2C5.native.txt,2E2889EBA992FF88C5260B76B01933BFBA0AA678BD94B8970181748B220ED2C5.header.txt,1135,True,OK
2EBA9E927332389040BDBA4B0A91EC59DA9560B07AF7CB00BC347FBBD287B237,Z001023385177.pdf,FACTURA,FACTURA,PDF_TEXT_STRONG,STRONG_RULE,F-3BA8B67ACD3C697FA8AD,DEVELOPMENT,False,MDOC_DOCUMENT+OCR_HEADER_POSITION,2EBA9E927332389040BDBA4B0A91EC59DA9560B07AF7CB00BC347FBBD287B237.native.txt,2EBA9E927332389040BDBA4B0A91EC59DA9560B07AF7CB00BC347FBBD287B237.header.txt,1216,True,OK
2EC76160DBDDCC45143BCA711E6203A7CB1D3F4A5AAED7C76887E33703D671DD,Z001023423296.pdf,FACTURA,FACTURA,QR_ARCA_STRONG,STRONG_RULE,F-12600531E9602D88F9A3,DEVELOPMENT,False,MDOC_DOCUMENT+OCR_HEADER_POSITION,2EC76160DBDDCC45143BCA711E6203A7CB1D3F4A5AAED7C76887E33703D671DD.native.txt,2EC76160DBDDCC45143BCA711E6203A7CB1D3F4A5AAED7C76887E33703D671DD.header.txt,2609,True,OK
2F1D5E06F79A2F76079B037BAE6E3568CA2A2D1D4067A73E128B063D1695C71F,Z001023242375.pdf,FACTURA,FACTURA,QR_ARCA_STRONG,STRONG_RULE,F-EE08C7103D2458E54189,DEVELOPMENT_DIAGNOSTIC,True,MDOC_DOCUMENT+OCR_HEADER_POSITION,2F1D5E06F79A2F76079B037BAE6E3568CA2A2D1D4067A73E128B063D1695C71F.native.txt,2F1D5E06F79A2F76079B037BAE6E3568CA2A2D1D4067A73E128B063D1695C71F.header.txt,1927,True,OK
2F28BF7EEF81639D75865B6F87CE66B0AA5E32F6473BF17B64027539D3EC98A4,Z001023337304.pdf,FACTURA,FACTURA,OCR_STRONG,STRONG_RULE,F-8284161832BF5D9F0F2E,DEVELOPMENT,False,OCR_PRODUCT_FIRST_PAGE,2F28BF7EEF81639D75865B6F87CE66B0AA5E32F6473BF17B64027539D3EC98A4.ocr.txt,2F28BF7EEF81639D75865B6F87CE66B0AA5E32F6473BF17B64027539D3EC98A4.header.txt,1869,False,OK
2FCC1BD1A06E86082D591E36E506D1FA40D760EFC1B21FE4C217B4E322C6C14A,Z001023242334.pdf,FACTURA,FACTURA,QR_ARCA_STRONG,STRONG_RULE,F-EE08C7103D2458E54189,DEVELOPMENT_DIAGNOSTIC,True,MDOC_DOCUMENT+OCR_HEADER_POSITION,2FCC1BD1A06E86082D591E36E506D1FA40D760EFC1B21FE4C217B4E322C6C14A.native.txt,2FCC1BD1A06E86082D591E36E506D1FA40D760EFC1B21FE4C217B4E322C6C14A.header.txt,1784,True,OK
3031035EFEF15605525E170DDD8F26344AE93413637DB2E3C70563167DA90FE0,Z001023266218.pdf,FACTURA,FACTURA,OCR_STRONG,STRONG_RULE,F-73AB37D8D5F65AA437FE,DEVELOPMENT,False,MDOC_DOCUMENT+OCR_HEADER_POSITION,3031035EFEF15605525E170DDD8F26344AE93413637DB2E3C70563167DA90FE0.native.txt,3031035EFEF15605525E170DDD8F26344AE93413637DB2E3C70563167DA90FE0.header.txt,2594,True,OK
305D8D5FCDD8153B4D7860ABD3DA30A0DEEB2A5FE84A9E26D4CD34F6D700C59D,Z001023305801.pdf,OTRO_DOCUMENTO,NOTA_CREDITO,QR_ARCA_STRONG,STRONG_RULE,F-2225E7482E0C1A2CF093,DEVELOPMENT_DIAGNOSTIC,False,MDOC_DOCUMENT+OCR_HEADER_POSITION,305D8D5FCDD8153B4D7860ABD3DA30A0DEEB2A5FE84A9E26D4CD34F6D700C59D.native.txt,305D8D5FCDD8153B4D7860ABD3DA30A0DEEB2A5FE84A9E26D4CD34F6D700C59D.header.txt,1412,True,OK
3076FFDD9F418AFDD5B31CC18B36AE05E9490A0F72498EE2BFBCD31D7E64BFA2,Z001023338059.pdf,FACTURA,FACTURA,QR_ARCA_STRONG,STRONG_RULE,F-8FB0C271F20EAB3092AA,DEVELOPMENT,False,MDOC_DOCUMENT+OCR_HEADER_POSITION,3076FFDD9F418AFDD5B31CC18B36AE05E9490A0F72498EE2BFBCD31D7E64BFA2.native.txt,3076FFDD9F418AFDD5B31CC18B36AE05E9490A0F72498EE2BFBCD31D7E64BFA2.header.txt,975,True,OK
3092DDF93D9023B2543787913A5DDCC17FC96A0ED1BF136611598370CF62B700,Z001023397600.pdf,FACTURA,FACTURA,QR_ARCA_STRONG,STRONG_RULE,F-6F5CAF1E1AEEB43C5486,DEVELOPMENT_DIAGNOSTIC,False,MDOC_DOCUMENT+OCR_HEADER_POSITION,3092DDF93D9023B2543787913A5DDCC17FC96A0ED1BF136611598370CF62B700.native.txt,3092DDF93D9023B2543787913A5DDCC17FC96A0ED1BF136611598370CF62B700.header.txt,3546,True,OK
31371F0EA09BFB13ECAECD39B9C36CF70E4662CB0E31F2ABE26B8E74402003F5,Z001023242951.pdf,OTRO_DOCUMENTO,OTRO_DOCUMENTO,EXISTING_GROUND_TRUTH,CONFIRMED_EXISTING,F-86BE3E411093F2089A3D,DEVELOPMENT_DIAGNOSTIC,True,MDOC_DOCUMENT+OCR_HEADER_POSITION,31371F0EA09BFB13ECAECD39B9C36CF70E4662CB0E31F2ABE26B8E74402003F5.native.txt,31371F0EA09BFB13ECAECD39B9C36CF70E4662CB0E31F2ABE26B8E74402003F5.header.txt,25827,True,OK
31DE1A416B6D580B5D1165E5D6C5C466715632F4D72D78BC2E8810AB73DE5B28,Z001023350943.pdf,FACTURA,FACTURA,QR_ARCA_STRONG,STRONG_RULE,F-A69FDECE53AB69CF1845,DEVELOPMENT,False,MDOC_DOCUMENT+OCR_HEADER_POSITION,31DE1A416B6D580B5D1165E5D6C5C466715632F4D72D78BC2E8810AB73DE5B28.native.txt,31DE1A416B6D580B5D1165E5D6C5C466715632F4D72D78BC2E8810AB73DE5B28.header.txt,1744,True,OK
322C40B36550B0F7D0049DA637513996B1C31F8F06C0B448E9EC872F4E972F4B,Z001023243737.pdf,OTRO_DOCUMENTO,NOTA_CREDITO,QR_ARCA_STRONG,STRONG_RULE,F-2225E7482E0C1A2CF093,DEVELOPMENT_DIAGNOSTIC,False,MDOC_DOCUMENT+OCR_HEADER_POSITION,322C40B36550B0F7D0049DA637513996B1C31F8F06C0B448E9EC872F4E972F4B.native.txt,322C40B36550B0F7D0049DA637513996B1C31F8F06C0B448E9EC872F4E972F4B.header.txt,1737,True,OK
333380C9957CC6E9E6EFC42F22BF224DEA5755070076AA639597896B6E673B17,Z001023454949.pdf,FACTURA,FACTURA,QR_ARCA_STRONG,STRONG_RULE,F-FACD83D8B4281A05571A,DEVELOPMENT_DIAGNOSTIC,False,MDOC_DOCUMENT+OCR_HEADER_POSITION,333380C9957CC6E9E6EFC42F22BF224DEA5755070076AA639597896B6E673B17.native.txt,333380C9957CC6E9E6EFC42F22BF224DEA5755070076AA639597896B6E673B17.header.txt,4224,True,OK
335AC770519EAE163C5134E2EA131117E2C33595801C0E539D09D931C4DA240B,Z001023242354.pdf,FACTURA,FACTURA,QR_ARCA_STRONG,STRONG_RULE,F-844F46097516D7BF05C2,DEVELOPMENT_DIAGNOSTIC,True,MDOC_DOCUMENT+OCR_HEADER_POSITION,335AC770519EAE163C5134E2EA131117E2C33595801C0E539D09D931C4DA240B.native.txt,335AC770519EAE163C5134E2EA131117E2C33595801C0E539D09D931C4DA240B.header.txt,1059,True,OK
33B95FDA5CDFC4BE5204888C87AB45239DEC0AC1ACB2370964305CE0F768245E,Z001023243395.pdf,FACTURA,FACTURA,QR_ARCA_STRONG,STRONG_RULE,F-127BD2FBDD2CC031C0FE,DEVELOPMENT_DIAGNOSTIC,True,MDOC_DOCUMENT+OCR_HEADER_POSITION,33B95FDA5CDFC4BE5204888C87AB45239DEC0AC1ACB2370964305CE0F768245E.native.txt,33B95FDA5CDFC4BE5204888C87AB45239DEC0AC1ACB2370964305CE0F768245E.header.txt,1804,True,OK
33D3388971240E38AD8A89602AF4B8B11EBBC2272E6FDAAE1E437F7FE7260AAE,Z001023466188.pdf,FACTURA,FACTURA,QR_ARCA_STRONG,STRONG_RULE,F-FACD83D8B4281A05571A,DEVELOPMENT_DIAGNOSTIC,False,MDOC_DOCUMENT+OCR_HEADER_POSITION,33D3388971240E38AD8A89602AF4B8B11EBBC2272E6FDAAE1E437F7FE7260AAE.native.txt,33D3388971240E38AD8A89602AF4B8B11EBBC2272E6FDAAE1E437F7FE7260AAE.header.txt,4092,True,OK
340AB65A0BFC66875EFA6C40EA968ED8EBF7B7E2A131262BAA9E97DFC5959B4D,Z001023398412.pdf,FACTURA,FACTURA,QR_ARCA_STRONG,STRONG_RULE,F-D591D778E05641FBA116,DEVELOPMENT,False,MDOC_DOCUMENT+OCR_HEADER_POSITION,340AB65A0BFC66875EFA6C40EA968ED8EBF7B7E2A131262BAA9E97DFC5959B4D.native.txt,340AB65A0BFC66875EFA6C40EA968ED8EBF7B7E2A131262BAA9E97DFC5959B4D.header.txt,2194,True,OK
3448DCF88F6900E8366CA08BF8BAA0692AD6BEF3F82076ADD95F8FE4947A4B0F,Z001023455692.pdf,FACTURA,FACTURA,QR_ARCA_STRONG,STRONG_RULE,F-6F5CAF1E1AEEB43C5486,DEVELOPMENT_DIAGNOSTIC,False,MDOC_DOCUMENT+OCR_HEADER_POSITION,3448DCF88F6900E8366CA08BF8BAA0692AD6BEF3F82076ADD95F8FE4947A4B0F.native.txt,3448DCF88F6900E8366CA08BF8BAA0692AD6BEF3F82076ADD95F8FE4947A4B0F.header.txt,4047,True,OK
34E7190B10DE1060A821BA5B262D16CF469116C53FAA10A487AE71EDA02DE220,Z001023243373.pdf,FACTURA,FACTURA,EXISTING_GROUND_TRUTH,CONFIRMED_EXISTING,F-CD94A06EDDC7590F7145,DEVELOPMENT_DIAGNOSTIC,True,OCR_PRODUCT_FIRST_PAGE,34E7190B10DE1060A821BA5B262D16CF469116C53FAA10A487AE71EDA02DE220.ocr.txt,34E7190B10DE1060A821BA5B262D16CF469116C53FAA10A487AE71EDA02DE220.header.txt,6828,False,OK
350F46F213C2653AB83900D15401209105B5455FBAB65315DC8B591F08CE62F2,Z001023410663.pdf,OTRO_DOCUMENTO,OTRO_DOCUMENTO,QR_ARCA_STRONG,STRONG_RULE,F-319491FEEAF6386D99BD,DEVELOPMENT_DIAGNOSTIC,False,MDOC_DOCUMENT+OCR_HEADER_POSITION,350F46F213C2653AB83900D15401209105B5455FBAB65315DC8B591F08CE62F2.native.txt,350F46F213C2653AB83900D15401209105B5455FBAB65315DC8B591F08CE62F2.header.txt,4071,True,OK
352F66BC7CF9951C2F9DE69F925334DF9B874980F691D7F45A7C24936BFE7846,Z001023283787.pdf,FACTURA,FACTURA,QR_ARCA_STRONG,STRONG_RULE,F-FACD83D8B4281A05571A,DEVELOPMENT_DIAGNOSTIC,False,MDOC_DOCUMENT+OCR_HEADER_POSITION,352F66BC7CF9951C2F9DE69F925334DF9B874980F691D7F45A7C24936BFE7846.native.txt,352F66BC7CF9951C2F9DE69F925334DF9B874980F691D7F45A7C24936BFE7846.header.txt,4224,True,OK
35709A9FA1B5566E20EBF278560F71587E0A106C380B5A0F94F2EE91C79F8222,Z001023422472.pdf,FACTURA,FACTURA,QR_ARCA_STRONG,STRONG_RULE,F-DC0A2053B5A530D4C5EF,DEVELOPMENT_DIAGNOSTIC,False,MDOC_DOCUMENT+OCR_HEADER_POSITION,35709A9FA1B5566E20EBF278560F71587E0A106C380B5A0F94F2EE91C79F8222.native.txt,35709A9FA1B5566E20EBF278560F71587E0A106C380B5A0F94F2EE91C79F8222.header.txt,3150,True,OK
3587E6AB03170DE4C4D020438261A603650DFBE85C168F60E09D5A73ECF0F860,Z001023321110.pdf,FACTURA,FACTURA,QR_ARCA_STRONG,STRONG_RULE,F-EE08C7103D2458E54189,DEVELOPMENT_DIAGNOSTIC,False,MDOC_DOCUMENT+OCR_HEADER_POSITION,3587E6AB03170DE4C4D020438261A603650DFBE85C168F60E09D5A73ECF0F860.native.txt,3587E6AB03170DE4C4D020438261A603650DFBE85C168F60E09D5A73ECF0F860.header.txt,2101,True,OK
35C4773BC9C8FC1DC8FA1507AFA0AEB06432146BB6BB557477A44D04C123B6E5,Z001023243442.pdf,FACTURA,FACTURA,QR_ARCA_STRONG,STRONG_RULE,F-6F5CAF1E1AEEB43C5486,DEVELOPMENT_DIAGNOSTIC,True,MDOC_DOCUMENT+OCR_HEADER_POSITION,35C4773BC9C8FC1DC8FA1507AFA0AEB06432146BB6BB557477A44D04C123B6E5.native.txt,35C4773BC9C8FC1DC8FA1507AFA0AEB06432146BB6BB557477A44D04C123B6E5.header.txt,3303,True,OK
365F308C8134893FC72DF386F207A96FDD371F37EC3055A5CF23B5198C24A70B,Z001023243750.pdf,FACTURA,FACTURA,QR_ARCA_STRONG,STRONG_RULE,F-FACD83D8B4281A05571A,DEVELOPMENT_DIAGNOSTIC,False,MDOC_DOCUMENT+OCR_HEADER_POSITION,365F308C8134893FC72DF386F207A96FDD371F37EC3055A5CF23B5198C24A70B.native.txt,365F308C8134893FC72DF386F207A96FDD371F37EC3055A5CF23B5198C24A70B.header.txt,3864,True,OK
36FC5A7B06DEF71BCE1C253544E436268CDF471309A124CAAFA87525DC567967,Z001023306655.pdf,FACTURA,FACTURA,QR_ARCA_STRONG,STRONG_RULE,F-EE08C7103D2458E54189,DEVELOPMENT_DIAGNOSTIC,False,MDOC_DOCUMENT+OCR_HEADER_POSITION,36FC5A7B06DEF71BCE1C253544E436268CDF471309A124CAAFA87525DC567967.native.txt,36FC5A7B06DEF71BCE1C253544E436268CDF471309A124CAAFA87525DC567967.header.txt,1892,True,OK
372A1456ECBF9BE8FC3E552C09E78AE5217E9A0082972A7743403C6619C5A16C,Z001023321175.pdf,OTRO_DOCUMENTO,NOTA_CREDITO,OCR_STRONG,STRONG_RULE,F-99F7A3F5F30B759FC1BA,DEVELOPMENT,False,MDOC_DOCUMENT+OCR_HEADER_POSITION,372A1456ECBF9BE8FC3E552C09E78AE5217E9A0082972A7743403C6619C5A16C.native.txt,372A1456ECBF9BE8FC3E552C09E78AE5217E9A0082972A7743403C6619C5A16C.header.txt,1402,True,OK
37346AA5BE6C72C4AC91E827A627194B4DE69914C851502B5823969191488907,Z001023266920.pdf,FACTURA,FACTURA,QR_ARCA_STRONG,STRONG_RULE,F-EE08C7103D2458E54189,DEVELOPMENT_DIAGNOSTIC,False,MDOC_DOCUMENT+OCR_HEADER_POSITION,37346AA5BE6C72C4AC91E827A627194B4DE69914C851502B5823969191488907.native.txt,37346AA5BE6C72C4AC91E827A627194B4DE69914C851502B5823969191488907.header.txt,2199,True,OK
3765EF04A08EF343D7BA682872B73AB2DCF411C869827A9BD7424C24F97843AD,Z001023243387.pdf,FACTURA,FACTURA,QR_ARCA_STRONG,STRONG_RULE,F-6F5CAF1E1AEEB43C5486,DEVELOPMENT_DIAGNOSTIC,True,MDOC_DOCUMENT+OCR_HEADER_POSITION,3765EF04A08EF343D7BA682872B73AB2DCF411C869827A9BD7424C24F97843AD.native.txt,3765EF04A08EF343D7BA682872B73AB2DCF411C869827A9BD7424C24F97843AD.header.txt,3378,True,OK
37A6D0A94246F3409B849117E8EBB1FB5C8C646076FAB878C3986C916D78CA50,Z001023305800.pdf,FACTURA,FACTURA,QR_ARCA_STRONG,STRONG_RULE,F-EE08C7103D2458E54189,DEVELOPMENT_DIAGNOSTIC,False,MDOC_DOCUMENT+OCR_HEADER_POSITION,37A6D0A94246F3409B849117E8EBB1FB5C8C646076FAB878C3986C916D78CA50.native.txt,37A6D0A94246F3409B849117E8EBB1FB5C8C646076FAB878C3986C916D78CA50.header.txt,1974,True,OK
37B68E63F23B331B7585BD74DD85DD8ABF5122A348AA2F7F0EF539B332FFC54F,Z001023321412.pdf,FACTURA,FACTURA,QR_ARCA_STRONG,STRONG_RULE,F-A69FDECE53AB69CF1845,DEVELOPMENT,False,MDOC_DOCUMENT+OCR_HEADER_POSITION,37B68E63F23B331B7585BD74DD85DD8ABF5122A348AA2F7F0EF539B332FFC54F.native.txt,37B68E63F23B331B7585BD74DD85DD8ABF5122A348AA2F7F0EF539B332FFC54F.header.txt,1612,True,OK
3824396E5D8165E597CA9EE48CA3FEA3B3B4C431CAC43BF725CB3BCFD5F5CFAF,Z001023410433.pdf,FACTURA,FACTURA,PDF_TEXT_STRONG,STRONG_RULE,F-EFE6E9C595B24436566B,DEVELOPMENT,False,MDOC_DOCUMENT+OCR_HEADER_POSITION,3824396E5D8165E597CA9EE48CA3FEA3B3B4C431CAC43BF725CB3BCFD5F5CFAF.native.txt,3824396E5D8165E597CA9EE48CA3FEA3B3B4C431CAC43BF725CB3BCFD5F5CFAF.header.txt,1226,True,OK
382662294B57C459DB9F1231FE0503A77176D130F8EA1BFB709132C3115F1A49,Z001023243380.pdf,OTRO_DOCUMENTO,OTRO_DOCUMENTO,EXISTING_GROUND_TRUTH,CONFIRMED_EXISTING,F-319491FEEAF6386D99BD,DEVELOPMENT_DIAGNOSTIC,True,MDOC_DOCUMENT+OCR_HEADER_POSITION,382662294B57C459DB9F1231FE0503A77176D130F8EA1BFB709132C3115F1A49.native.txt,382662294B57C459DB9F1231FE0503A77176D130F8EA1BFB709132C3115F1A49.header.txt,3825,True,OK
3834409B59C9A290C26E9267C39A01D27D92856349DB019AB59C7BCAFDA3B75C,Z001023422112.pdf,FACTURA,FACTURA,QR_ARCA_STRONG,STRONG_RULE,F-FACD83D8B4281A05571A,DEVELOPMENT_DIAGNOSTIC,False,MDOC_DOCUMENT+OCR_HEADER_POSITION,3834409B59C9A290C26E9267C39A01D27D92856349DB019AB59C7BCAFDA3B75C.native.txt,3834409B59C9A290C26E9267C39A01D27D92856349DB019AB59C7BCAFDA3B75C.header.txt,3978,True,OK
383DE8754A9EBB07BD9EB72DB9800FFB5803C8E11BFB3BC0AAEB9C79AE193FD8,Z001023351330.pdf,FACTURA,FACTURA,QR_ARCA_STRONG,STRONG_RULE,F-463F5D66BCFC1B95B4F2,DEVELOPMENT,False,MDOC_DOCUMENT+OCR_HEADER_POSITION,383DE8754A9EBB07BD9EB72DB9800FFB5803C8E11BFB3BC0AAEB9C79AE193FD8.native.txt,383DE8754A9EBB07BD9EB72DB9800FFB5803C8E11BFB3BC0AAEB9C79AE193FD8.header.txt,1969,True,OK
3959DC8DDC555027B604CAB5E54E1D05BE4D0005114FC1D9D1A12DF5024BE8FA,Z001023242875.pdf,FACTURA,FACTURA,QR_ARCA_STRONG,STRONG_RULE,F-EE08C7103D2458E54189,DEVELOPMENT_DIAGNOSTIC,True,MDOC_DOCUMENT+OCR_HEADER_POSITION,3959DC8DDC555027B604CAB5E54E1D05BE4D0005114FC1D9D1A12DF5024BE8FA.native.txt,3959DC8DDC555027B604CAB5E54E1D05BE4D0005114FC1D9D1A12DF5024BE8FA.header.txt,1876,True,OK
39882040989893FF1C7A809346D4085D7C4150C416ED632837EFB63E8EF1280C,Z001023338086.pdf,FACTURA,FACTURA,QR_ARCA_STRONG,STRONG_RULE,F-463F5D66BCFC1B95B4F2,DEVELOPMENT,False,OCR_PRODUCT_FIRST_PAGE,39882040989893FF1C7A809346D4085D7C4150C416ED632837EFB63E8EF1280C.ocr.txt,39882040989893FF1C7A809346D4085D7C4150C416ED632837EFB63E8EF1280C.header.txt,818,False,OK
39ED10D1A77B4EB055838E4EC66003D7D4699C8708F0BF4C13A5FBB1AB0F122A,Z001023385279.pdf,FACTURA,FACTURA,PDF_TEXT_STRONG,STRONG_RULE,F-35CE05482AADE1B2B731,DEVELOPMENT,False,MDOC_DOCUMENT+OCR_HEADER_POSITION,39ED10D1A77B4EB055838E4EC66003D7D4699C8708F0BF4C13A5FBB1AB0F122A.native.txt,39ED10D1A77B4EB055838E4EC66003D7D4699C8708F0BF4C13A5FBB1AB0F122A.header.txt,957,True,OK
39F2792EB6ADB7A6A42E6D59FB9CF99DC6F5782A4E2CB744BB0A4DDAEB38AF34,Z001023268127.pdf,FACTURA,FACTURA,QR_ARCA_STRONG,STRONG_RULE,F-2721D67ECCF8E868E314,DEVELOPMENT,False,MDOC_DOCUMENT+OCR_HEADER_POSITION,39F2792EB6ADB7A6A42E6D59FB9CF99DC6F5782A4E2CB744BB0A4DDAEB38AF34.native.txt,39F2792EB6ADB7A6A42E6D59FB9CF99DC6F5782A4E2CB744BB0A4DDAEB38AF34.header.txt,12186,True,OK
3A147E84D72EF85CE47639B6899772447FB32853AD73E6A2F0CC1740A4A50A77,Z001023321169.pdf,FACTURA,FACTURA,QR_ARCA_STRONG,STRONG_RULE,F-A92847205E3BBB99A982,DEVELOPMENT,False,MDOC_DOCUMENT+OCR_HEADER_POSITION,3A147E84D72EF85CE47639B6899772447FB32853AD73E6A2F0CC1740A4A50A77.native.txt,3A147E84D72EF85CE47639B6899772447FB32853AD73E6A2F0CC1740A4A50A77.header.txt,697,True,OK
3A35BCF0925F1C86CC9EB96CBFEE45AA41D851EF05409D6911769B904C4687EA,Z001023386053.pdf,FACTURA,FACTURA,QR_ARCA_STRONG,STRONG_RULE,F-6F5CAF1E1AEEB43C5486,DEVELOPMENT_DIAGNOSTIC,False,MDOC_DOCUMENT+OCR_HEADER_POSITION,3A35BCF0925F1C86CC9EB96CBFEE45AA41D851EF05409D6911769B904C4687EA.native.txt,3A35BCF0925F1C86CC9EB96CBFEE45AA41D851EF05409D6911769B904C4687EA.header.txt,3726,True,OK
3A65FD65E95627B0F05FE79FE51B07B46933815E46446CF07C38DB21EBAB9D32,Z001023467520.pdf,FACTURA,FACTURA,OCR_STRONG,STRONG_RULE,F-D8C324C174874BEB5368,DEVELOPMENT,False,OCR_PRODUCT_FIRST_PAGE,3A65FD65E95627B0F05FE79FE51B07B46933815E46446CF07C38DB21EBAB9D32.ocr.txt,3A65FD65E95627B0F05FE79FE51B07B46933815E46446CF07C38DB21EBAB9D32.header.txt,1193,False,OK
3AFB2CE63233BD208F616BCA0151C49963AEBE6E6790383E5EDDE99C80320D70,Z001023467449.pdf,FACTURA,FACTURA,QR_ARCA_STRONG,STRONG_RULE,F-6F5CAF1E1AEEB43C5486,DEVELOPMENT_DIAGNOSTIC,False,MDOC_DOCUMENT+OCR_HEADER_POSITION,3AFB2CE63233BD208F616BCA0151C49963AEBE6E6790383E5EDDE99C80320D70.native.txt,3AFB2CE63233BD208F616BCA0151C49963AEBE6E6790383E5EDDE99C80320D70.header.txt,3546,True,OK
3B09513F4698AB526157E3D33D6A791550FE255BF5C0DF6E5571073411B71FEA,Z001023306230.pdf,FACTURA,FACTURA,QR_ARCA_STRONG,STRONG_RULE,F-6F5CAF1E1AEEB43C5486,DEVELOPMENT_DIAGNOSTIC,False,MDOC_DOCUMENT+OCR_HEADER_POSITION,3B09513F4698AB526157E3D33D6A791550FE255BF5C0DF6E5571073411B71FEA.native.txt,3B09513F4698AB526157E3D33D6A791550FE255BF5C0DF6E5571073411B71FEA.header.txt,4446,True,OK
3B3B2B7D2CD031EE37963465FA692B212B53D70F89D1BF8E20ACA17B0730AC3C,Z001023267411.pdf,FACTURA,FACTURA,QR_ARCA_STRONG,STRONG_RULE,F-EE08C7103D2458E54189,DEVELOPMENT_DIAGNOSTIC,False,MDOC_DOCUMENT+OCR_HEADER_POSITION,3B3B2B7D2CD031EE37963465FA692B212B53D70F89D1BF8E20ACA17B0730AC3C.native.txt,3B3B2B7D2CD031EE37963465FA692B212B53D70F89D1BF8E20ACA17B0730AC3C.header.txt,1941,True,OK
3B53A04C13E5943D49C91233DD964AC2F017008C05D24D029268E5512BE9386E,Z001023386152.pdf,FACTURA,FACTURA,QR_ARCA_STRONG,STRONG_RULE,F-127BD2FBDD2CC031C0FE,DEVELOPMENT_DIAGNOSTIC,False,MDOC_DOCUMENT+OCR_HEADER_POSITION,3B53A04C13E5943D49C91233DD964AC2F017008C05D24D029268E5512BE9386E.native.txt,3B53A04C13E5943D49C91233DD964AC2F017008C05D24D029268E5512BE9386E.header.txt,1780,True,OK
3B65E6820366B3DBEB321D2413EE1065ED029B71CE30AB20093BAA8A2659EF02,Z001023386125.pdf,FACTURA,FACTURA,QR_ARCA_STRONG,STRONG_RULE,F-EE08C7103D2458E54189,DEVELOPMENT_DIAGNOSTIC,False,MDOC_DOCUMENT+OCR_HEADER_POSITION,3B65E6820366B3DBEB321D2413EE1065ED029B71CE30AB20093BAA8A2659EF02.native.txt,3B65E6820366B3DBEB321D2413EE1065ED029B71CE30AB20093BAA8A2659EF02.header.txt,1904,True,OK
3B82523C9A34012625F167EC918A7783E68F2BB4FA49BBDEED22E45066038496,Z001023351277.pdf,FACTURA,FACTURA,QR_ARCA_STRONG,STRONG_RULE,F-A69FDECE53AB69CF1845,DEVELOPMENT,False,MDOC_DOCUMENT+OCR_HEADER_POSITION,3B82523C9A34012625F167EC918A7783E68F2BB4FA49BBDEED22E45066038496.native.txt,3B82523C9A34012625F167EC918A7783E68F2BB4FA49BBDEED22E45066038496.header.txt,1857,True,OK
3B860B6593D1AEBC8F03506526A6AE696D13B315A1D192D7A0F847BFA42B4968,Z001023422394.pdf,FACTURA,FACTURA,QR_ARCA_STRONG,STRONG_RULE,F-FACD83D8B4281A05571A,DEVELOPMENT_DIAGNOSTIC,False,MDOC_DOCUMENT+OCR_HEADER_POSITION,3B860B6593D1AEBC8F03506526A6AE696D13B315A1D192D7A0F847BFA42B4968.native.txt,3B860B6593D1AEBC8F03506526A6AE696D13B315A1D192D7A0F847BFA42B4968.header.txt,4182,True,OK
3BA58BA10753F4E30A6CAF83DFE35249D2FBB5E80A9693D275BD1432780CE2C6,Z001023306136.pdf,FACTURA,FACTURA,QR_ARCA_STRONG,STRONG_RULE,F-463F5D66BCFC1B95B4F2,DEVELOPMENT,False,MDOC_DOCUMENT+OCR_HEADER_POSITION,3BA58BA10753F4E30A6CAF83DFE35249D2FBB5E80A9693D275BD1432780CE2C6.native.txt,3BA58BA10753F4E30A6CAF83DFE35249D2FBB5E80A9693D275BD1432780CE2C6.header.txt,913,True,OK
3BDB07DE2B4E3291CF884D0419933E905F79C6308B832D1062A765F933BE2EA4,Z001023243748.pdf,FACTURA,FACTURA,QR_ARCA_STRONG,STRONG_RULE,F-EE08C7103D2458E54189,DEVELOPMENT_DIAGNOSTIC,False,MDOC_DOCUMENT+OCR_HEADER_POSITION,3BDB07DE2B4E3291CF884D0419933E905F79C6308B832D1062A765F933BE2EA4.native.txt,3BDB07DE2B4E3291CF884D0419933E905F79C6308B832D1062A765F933BE2EA4.header.txt,2078,True,OK
3C07D634D9BF89F4C150A24582F2B4DCD64DD5167C90EEC00F74F9C1FEB0C46E,Z001023266256.pdf,FACTURA,FACTURA,QR_ARCA_STRONG,STRONG_RULE,F-EE08C7103D2458E54189,DEVELOPMENT_DIAGNOSTIC,False,MDOC_DOCUMENT+OCR_HEADER_POSITION,3C07D634D9BF89F4C150A24582F2B4DCD64DD5167C90EEC00F74F9C1FEB0C46E.native.txt,3C07D634D9BF89F4C150A24582F2B4DCD64DD5167C90EEC00F74F9C1FEB0C46E.header.txt,1761,True,OK
3C08823B6BEB2AC058AE85C93E20880C1789256E78F5819F739BEFBEF32C12B1,Z001023242611.pdf,FACTURA,FACTURA,QR_ARCA_STRONG,STRONG_RULE,F-EE08C7103D2458E54189,DEVELOPMENT_DIAGNOSTIC,True,MDOC_DOCUMENT+OCR_HEADER_POSITION,3C08823B6BEB2AC058AE85C93E20880C1789256E78F5819F739BEFBEF32C12B1.native.txt,3C08823B6BEB2AC058AE85C93E20880C1789256E78F5819F739BEFBEF32C12B1.header.txt,1898,True,OK
3C35B4CCA59C5BC90D41F89C5C8464342B8B3192AD97B1FC02C931F095D37EFD,Z001023336348.pdf,FACTURA,FACTURA,QR_ARCA_STRONG,STRONG_RULE,F-463F5D66BCFC1B95B4F2,DEVELOPMENT,False,MDOC_DOCUMENT+OCR_HEADER_POSITION,3C35B4CCA59C5BC90D41F89C5C8464342B8B3192AD97B1FC02C931F095D37EFD.native.txt,3C35B4CCA59C5BC90D41F89C5C8464342B8B3192AD97B1FC02C931F095D37EFD.header.txt,813,True,OK
3CB56665C03B7DBEE10612C491C06940310FA1CAA12F5E60EB11EC8FDBFB658C,Z001023306242.pdf,FACTURA,FACTURA,QR_ARCA_STRONG,STRONG_RULE,F-EE08C7103D2458E54189,DEVELOPMENT_DIAGNOSTIC,False,MDOC_DOCUMENT+OCR_HEADER_POSITION,3CB56665C03B7DBEE10612C491C06940310FA1CAA12F5E60EB11EC8FDBFB658C.native.txt,3CB56665C03B7DBEE10612C491C06940310FA1CAA12F5E60EB11EC8FDBFB658C.header.txt,1784,True,OK
3D2DBD1657682F7701E357F8C218517A65EE1FED40AAE6FE5EC49B2E9E354580,Z001023338053.pdf,FACTURA,FACTURA,QR_ARCA_STRONG,STRONG_RULE,F-463F5D66BCFC1B95B4F2,DEVELOPMENT,False,MDOC_DOCUMENT+OCR_HEADER_POSITION,3D2DBD1657682F7701E357F8C218517A65EE1FED40AAE6FE5EC49B2E9E354580.native.txt,3D2DBD1657682F7701E357F8C218517A65EE1FED40AAE6FE5EC49B2E9E354580.header.txt,1091,True,OK
3DA116906DC6BF9DEEA58E0EF033210A4FB68DE535200F99EADFA702389249A7,Z001023306106.pdf,FACTURA,FACTURA,QR_ARCA_STRONG,STRONG_RULE,F-FACD83D8B4281A05571A,DEVELOPMENT_DIAGNOSTIC,False,MDOC_DOCUMENT+OCR_HEADER_POSITION,3DA116906DC6BF9DEEA58E0EF033210A4FB68DE535200F99EADFA702389249A7.native.txt,3DA116906DC6BF9DEEA58E0EF033210A4FB68DE535200F99EADFA702389249A7.header.txt,3966,True,OK
3DF571E507FAC34246B4923D4E478BE27704DB6E0C6AB2398DB4715F69FC104F,Z001023305842.pdf,OTRO_DOCUMENTO,NOTA_CREDITO,QR_ARCA_STRONG,STRONG_RULE,F-2225E7482E0C1A2CF093,DEVELOPMENT_DIAGNOSTIC,False,MDOC_DOCUMENT+OCR_HEADER_POSITION,3DF571E507FAC34246B4923D4E478BE27704DB6E0C6AB2398DB4715F69FC104F.native.txt,3DF571E507FAC34246B4923D4E478BE27704DB6E0C6AB2398DB4715F69FC104F.header.txt,1530,True,OK
3E45522CFD9F62F767CE2150A4069F6390FBC22546B2B001FED1E107889FA8CB,Z001023305798.pdf,FACTURA,FACTURA,QR_ARCA_STRONG,STRONG_RULE,F-EE08C7103D2458E54189,DEVELOPMENT_DIAGNOSTIC,False,MDOC_DOCUMENT+OCR_HEADER_POSITION,3E45522CFD9F62F767CE2150A4069F6390FBC22546B2B001FED1E107889FA8CB.native.txt,3E45522CFD9F62F767CE2150A4069F6390FBC22546B2B001FED1E107889FA8CB.header.txt,1780,True,OK
3EA186C4B49837C7FB05EAE4437DC86DC30D1BE2F504C0427A8587CEB8991904,Z001023384939.pdf,FACTURA,FACTURA,QR_ARCA_STRONG,STRONG_RULE,F-EE08C7103D2458E54189,DEVELOPMENT_DIAGNOSTIC,False,MDOC_DOCUMENT+OCR_HEADER_POSITION,3EA186C4B49837C7FB05EAE4437DC86DC30D1BE2F504C0427A8587CEB8991904.native.txt,3EA186C4B49837C7FB05EAE4437DC86DC30D1BE2F504C0427A8587CEB8991904.header.txt,2091,True,OK
3EDF480C2549EFD6E0CBDB20BB4FC494A704DF9543460AAB84AB099C33CA0448,Z001023268044.pdf,FACTURA,FACTURA,QR_ARCA_STRONG,STRONG_RULE,F-EE08C7103D2458E54189,DEVELOPMENT_DIAGNOSTIC,False,MDOC_DOCUMENT+OCR_HEADER_POSITION,3EDF480C2549EFD6E0CBDB20BB4FC494A704DF9543460AAB84AB099C33CA0448.native.txt,3EDF480C2549EFD6E0CBDB20BB4FC494A704DF9543460AAB84AB099C33CA0448.header.txt,2688,True,OK
3F9FB559E8BC9E77AAB8CF090FBF8AC35299259BD3975DA5622A81A7D7363730,Z001023306132.pdf,FACTURA,FACTURA,QR_ARCA_STRONG,STRONG_RULE,F-FACD83D8B4281A05571A,DEVELOPMENT_DIAGNOSTIC,False,MDOC_DOCUMENT+OCR_HEADER_POSITION,3F9FB559E8BC9E77AAB8CF090FBF8AC35299259BD3975DA5622A81A7D7363730.native.txt,3F9FB559E8BC9E77AAB8CF090FBF8AC35299259BD3975DA5622A81A7D7363730.header.txt,4137,True,OK
3FB46C6ADB7A62D868892D84AE172B635524433BB441F572AFDF46B913EBEE42,Z001023454364.pdf,FACTURA,FACTURA,OCR_STRONG,STRONG_RULE,F-A63645627CE2D9A75BE5,DEVELOPMENT,False,MDOC_DOCUMENT+OCR_HEADER_POSITION,3FB46C6ADB7A62D868892D84AE172B635524433BB441F572AFDF46B913EBEE42.native.txt,3FB46C6ADB7A62D868892D84AE172B635524433BB441F572AFDF46B913EBEE42.header.txt,751,True,OK
406AE65863FEC4A143382804B7C8C481DE608DB940FC7E9F7AB2621871E20521,Z001023337181.pdf,FACTURA,FACTURA,QR_ARCA_STRONG,STRONG_RULE,F-463F5D66BCFC1B95B4F2,DEVELOPMENT,False,MDOC_DOCUMENT+OCR_HEADER_POSITION,406AE65863FEC4A143382804B7C8C481DE608DB940FC7E9F7AB2621871E20521.native.txt,406AE65863FEC4A143382804B7C8C481DE608DB940FC7E9F7AB2621871E20521.header.txt,1955,True,OK
40782E90EF062F83204C5F8DCD8019913D1EC2F33C93E0ADD4045BF47433CA0B,Z001023266242.pdf,FACTURA,FACTURA,QR_ARCA_STRONG,STRONG_RULE,F-6F5CAF1E1AEEB43C5486,DEVELOPMENT_DIAGNOSTIC,False,MDOC_DOCUMENT+OCR_HEADER_POSITION,40782E90EF062F83204C5F8DCD8019913D1EC2F33C93E0ADD4045BF47433CA0B.native.txt,40782E90EF062F83204C5F8DCD8019913D1EC2F33C93E0ADD4045BF47433CA0B.header.txt,3678,True,OK
40AF42DCBBE8A21C6A7731078FBA8E6A4A20B0BF33AAFAE9A6802AF2B16F19A5,Z001023305675.pdf,FACTURA,FACTURA,OCR_STRONG,STRONG_RULE,F-A89FDE7F361720CE396D,DEVELOPMENT,False,OCR_PRODUCT_FIRST_PAGE,40AF42DCBBE8A21C6A7731078FBA8E6A4A20B0BF33AAFAE9A6802AF2B16F19A5.ocr.txt,40AF42DCBBE8A21C6A7731078FBA8E6A4A20B0BF33AAFAE9A6802AF2B16F19A5.header.txt,1413,False,OK
40E83F42126BE7B8C6BFC04FB7A2B0BAA09EB6E822C1E7DD0DEDA2946AE2988A,Z001023267770.pdf,FACTURA,FACTURA,OCR_STRONG,STRONG_RULE,F-79FC3EE9CB676FEF6E5F,DEVELOPMENT,False,MDOC_DOCUMENT+OCR_HEADER_POSITION,40E83F42126BE7B8C6BFC04FB7A2B0BAA09EB6E822C1E7DD0DEDA2946AE2988A.native.txt,40E83F42126BE7B8C6BFC04FB7A2B0BAA09EB6E822C1E7DD0DEDA2946AE2988A.header.txt,1192,True,OK
4114622761D0BA0DED1DB98E3DA95F415FE0A9C428C97655033FA79F7972DDCB,Z001023423309.pdf,FACTURA,FACTURA,QR_ARCA_STRONG,STRONG_RULE,F-CEDA51D85B3AA52E945D,DEVELOPMENT,False,OCR_PRODUCT_FIRST_PAGE,4114622761D0BA0DED1DB98E3DA95F415FE0A9C428C97655033FA79F7972DDCB.ocr.txt,4114622761D0BA0DED1DB98E3DA95F415FE0A9C428C97655033FA79F7972DDCB.header.txt,779,False,OK
4163E743E2FA7C2CD9859CCDD46B04043AFBB1E94B572FD1C70445335FD25920,Z001023398661.pdf,FACTURA,FACTURA,QR_ARCA_STRONG,STRONG_RULE,F-6F5CAF1E1AEEB43C5486,DEVELOPMENT_DIAGNOSTIC,False,MDOC_DOCUMENT+OCR_HEADER_POSITION,4163E743E2FA7C2CD9859CCDD46B04043AFBB1E94B572FD1C70445335FD25920.native.txt,4163E743E2FA7C2CD9859CCDD46B04043AFBB1E94B572FD1C70445335FD25920.header.txt,3909,True,OK
41DA1916DEF0865B974AF8DA1FC410BF132CF8F2D39C53D21634C67E095437F6,Z001023454962.pdf,FACTURA,FACTURA,OCR_STRONG,STRONG_RULE,F-32D29C25B87BCDD5D9A3,DEVELOPMENT,False,MDOC_DOCUMENT+OCR_HEADER_POSITION,41DA1916DEF0865B974AF8DA1FC410BF132CF8F2D39C53D21634C67E095437F6.native.txt,41DA1916DEF0865B974AF8DA1FC410BF132CF8F2D39C53D21634C67E095437F6.header.txt,4102,True,OK
41E235FFF0768A0E226B7442B231B9E3EDF721785B5DCBD3E02D90CE677EE006,Z001023242821.pdf,FACTURA,FACTURA,QR_ARCA_STRONG,STRONG_RULE,F-EE08C7103D2458E54189,DEVELOPMENT_DIAGNOSTIC,True,MDOC_DOCUMENT+OCR_HEADER_POSITION,41E235FFF0768A0E226B7442B231B9E3EDF721785B5DCBD3E02D90CE677EE006.native.txt,41E235FFF0768A0E226B7442B231B9E3EDF721785B5DCBD3E02D90CE677EE006.header.txt,1957,True,OK
41FA873A1F07397324194D528955075ABA1D624A6B9FC0141D8DF96C9FDC382B,Z001023410769.pdf,OTRO_DOCUMENTO,NOTA_CREDITO,QR_ARCA_STRONG,STRONG_RULE,F-FACD83D8B4281A05571A,DEVELOPMENT_DIAGNOSTIC,False,MDOC_DOCUMENT+OCR_HEADER_POSITION,41FA873A1F07397324194D528955075ABA1D624A6B9FC0141D8DF96C9FDC382B.native.txt,41FA873A1F07397324194D528955075ABA1D624A6B9FC0141D8DF96C9FDC382B.header.txt,4425,True,OK
4224FC815F99DF93C9DE4D1D80F2E73762C61D7381BE75757A97E6F123EBA25F,Z001023283900.pdf,FACTURA,FACTURA,PDF_TEXT_STRONG,STRONG_RULE,F-239031FB24D11A1289E7,DEVELOPMENT,False,MDOC_DOCUMENT+OCR_HEADER_POSITION,4224FC815F99DF93C9DE4D1D80F2E73762C61D7381BE75757A97E6F123EBA25F.native.txt,4224FC815F99DF93C9DE4D1D80F2E73762C61D7381BE75757A97E6F123EBA25F.header.txt,1816,True,OK
422D3FAB3F85F96C2E7A80FE31CFC85F8877D9E4AE6EACF7CF0AB95390D04131,Z001023267264.pdf,FACTURA,FACTURA,QR_ARCA_STRONG,STRONG_RULE,F-EE08C7103D2458E54189,DEVELOPMENT_DIAGNOSTIC,False,MDOC_DOCUMENT+OCR_HEADER_POSITION,422D3FAB3F85F96C2E7A80FE31CFC85F8877D9E4AE6EACF7CF0AB95390D04131.native.txt,422D3FAB3F85F96C2E7A80FE31CFC85F8877D9E4AE6EACF7CF0AB95390D04131.header.txt,1927,True,OK
426CABFB27B1E9DC7B0AAF9A744E25706C9B8777EBED5BD036FD1595F45510A4,Z001023397759.pdf,FACTURA,FACTURA,QR_ARCA_STRONG,STRONG_RULE,F-FACD83D8B4281A05571A,DEVELOPMENT_DIAGNOSTIC,False,MDOC_DOCUMENT+OCR_HEADER_POSITION,426CABFB27B1E9DC7B0AAF9A744E25706C9B8777EBED5BD036FD1595F45510A4.native.txt,426CABFB27B1E9DC7B0AAF9A744E25706C9B8777EBED5BD036FD1595F45510A4.header.txt,4278,True,OK
429ED2A776386C5D8E87C33F6A624FBF60404AAAA4CC2FC712CF9E7EA4A8C2C2,Z001023422119.pdf,FACTURA,FACTURA,PDF_TEXT_STRONG,STRONG_RULE,F-EFE6E9C595B24436566B,DEVELOPMENT,False,MDOC_DOCUMENT+OCR_HEADER_POSITION,429ED2A776386C5D8E87C33F6A624FBF60404AAAA4CC2FC712CF9E7EA4A8C2C2.native.txt,429ED2A776386C5D8E87C33F6A624FBF60404AAAA4CC2FC712CF9E7EA4A8C2C2.header.txt,1278,True,OK
431F56F328D7ACC22FCD92975A61219F35A2F545F85FC5B895F1039D6429E614,Z001023242400.pdf,FACTURA,FACTURA,QR_ARCA_STRONG,STRONG_RULE,F-EE08C7103D2458E54189,DEVELOPMENT_DIAGNOSTIC,True,MDOC_DOCUMENT+OCR_HEADER_POSITION,431F56F328D7ACC22FCD92975A61219F35A2F545F85FC5B895F1039D6429E614.native.txt,431F56F328D7ACC22FCD92975A61219F35A2F545F85FC5B895F1039D6429E614.header.txt,1881,True,OK
43793A2A180FDCA5D268FAC15C65C7B3B8E880217A1116A449C2CD24AFBAC2A6,Z001023242378.pdf,OTRO_DOCUMENTO,NOTA_CREDITO,QR_ARCA_STRONG,STRONG_RULE,F-2225E7482E0C1A2CF093,DEVELOPMENT_DIAGNOSTIC,True,MDOC_DOCUMENT+OCR_HEADER_POSITION,43793A2A180FDCA5D268FAC15C65C7B3B8E880217A1116A449C2CD24AFBAC2A6.native.txt,43793A2A180FDCA5D268FAC15C65C7B3B8E880217A1116A449C2CD24AFBAC2A6.header.txt,1457,True,OK
439833AEF8D7B0259CAF9B303A64725314A132FE233FCA975B85432811D08B16,Z001023242294.pdf,FACTURA,FACTURA,QR_ARCA_STRONG,STRONG_RULE,F-FACD83D8B4281A05571A,DEVELOPMENT_DIAGNOSTIC,True,MDOC_DOCUMENT+OCR_HEADER_POSITION,439833AEF8D7B0259CAF9B303A64725314A132FE233FCA975B85432811D08B16.native.txt,439833AEF8D7B0259CAF9B303A64725314A132FE233FCA975B85432811D08B16.header.txt,4044,True,OK
439A22F01718067EC1EB41D23A7F8DE0A5E4BC6EA6046C74A2E669B49046FFB8,Z001023267809.pdf,FACTURA,FACTURA,QR_ARCA_STRONG,STRONG_RULE,F-FACD83D8B4281A05571A,DEVELOPMENT_DIAGNOSTIC,False,MDOC_DOCUMENT+OCR_HEADER_POSITION,439A22F01718067EC1EB41D23A7F8DE0A5E4BC6EA6046C74A2E669B49046FFB8.native.txt,439A22F01718067EC1EB41D23A7F8DE0A5E4BC6EA6046C74A2E669B49046FFB8.header.txt,4404,True,OK
43D5262E76B0F6F8E069233F95062256C5EA6BAF3EF70575CCC77136CB1AFC7E,Z001023243425.pdf,FACTURA,FACTURA,QR_ARCA_STRONG,STRONG_RULE,F-127BD2FBDD2CC031C0FE,DEVELOPMENT_DIAGNOSTIC,True,MDOC_DOCUMENT+OCR_HEADER_POSITION,43D5262E76B0F6F8E069233F95062256C5EA6BAF3EF70575CCC77136CB1AFC7E.native.txt,43D5262E76B0F6F8E069233F95062256C5EA6BAF3EF70575CCC77136CB1AFC7E.header.txt,1703,True,OK
4424511569822AF5CA87C141E0D96E7F6D9B120538996A44895E5460458AA89F,Z001023243398.pdf,FACTURA,FACTURA,QR_ARCA_STRONG,STRONG_RULE,F-6F5CAF1E1AEEB43C5486,DEVELOPMENT_DIAGNOSTIC,True,MDOC_DOCUMENT+OCR_HEADER_POSITION,4424511569822AF5CA87C141E0D96E7F6D9B120538996A44895E5460458AA89F.native.txt,4424511569822AF5CA87C141E0D96E7F6D9B120538996A44895E5460458AA89F.header.txt,3312,True,OK
44336BFC12CA0A5E9F5243129B67CF8CF861EA319E51DBDB1B4CAF0E6F7DACE1,Z001023454616.pdf,OTRO_DOCUMENTO,NOTA_CREDITO,PDF_TEXT_STRONG,STRONG_RULE,F-17D8887E1AFD322C7FBE,DEVELOPMENT,False,MDOC_DOCUMENT+OCR_HEADER_POSITION,44336BFC12CA0A5E9F5243129B67CF8CF861EA319E51DBDB1B4CAF0E6F7DACE1.native.txt,44336BFC12CA0A5E9F5243129B67CF8CF861EA319E51DBDB1B4CAF0E6F7DACE1.header.txt,2076,True,OK
445F236D5DF1DB523BE024A9361FA86082D6C7786733EF929A486998AF69D014,Z001023465959.pdf,FACTURA,FACTURA,QR_ARCA_STRONG,STRONG_RULE,F-A8BC10D011EB3739972C,DEVELOPMENT,False,MDOC_DOCUMENT+OCR_HEADER_POSITION,445F236D5DF1DB523BE024A9361FA86082D6C7786733EF929A486998AF69D014.native.txt,445F236D5DF1DB523BE024A9361FA86082D6C7786733EF929A486998AF69D014.header.txt,4167,True,OK
446E0501DAAA8C0D2C03D8A2264B06451F4B3EFA0B5D3E22D20EB5C0FA84A76F,Z001023466678.pdf,OTRO_DOCUMENTO,NOTA_CREDITO,QR_ARCA_STRONG,STRONG_RULE,F-FACD83D8B4281A05571A,DEVELOPMENT_DIAGNOSTIC,False,MDOC_DOCUMENT+OCR_HEADER_POSITION,446E0501DAAA8C0D2C03D8A2264B06451F4B3EFA0B5D3E22D20EB5C0FA84A76F.native.txt,446E0501DAAA8C0D2C03D8A2264B06451F4B3EFA0B5D3E22D20EB5C0FA84A76F.header.txt,4155,True,OK
4495EDC17CFD460834C0F842FC7760393B774EEC257B27E818B723920946EEEC,Z001023243735.pdf,FACTURA,FACTURA,QR_ARCA_STRONG,STRONG_RULE,F-EE08C7103D2458E54189,DEVELOPMENT_DIAGNOSTIC,False,MDOC_DOCUMENT+OCR_HEADER_POSITION,4495EDC17CFD460834C0F842FC7760393B774EEC257B27E818B723920946EEEC.native.txt,4495EDC17CFD460834C0F842FC7760393B774EEC257B27E818B723920946EEEC.header.txt,2187,True,OK
44D17B670732D2F7908D719E8A43E71C8BC82036A0AD5F5FD8D8E31BF74A3FC7,Z001023454351.pdf,FACTURA,FACTURA,QR_ARCA_STRONG,STRONG_RULE,F-FACD83D8B4281A05571A,DEVELOPMENT_DIAGNOSTIC,False,MDOC_DOCUMENT+OCR_HEADER_POSITION,44D17B670732D2F7908D719E8A43E71C8BC82036A0AD5F5FD8D8E31BF74A3FC7.native.txt,44D17B670732D2F7908D719E8A43E71C8BC82036A0AD5F5FD8D8E31BF74A3FC7.header.txt,4425,True,OK
44E978F3140D99BF9D6186C62C891C79B97EED06DBC095CFB155D1D22F8457F6,Z001023435321.pdf,FACTURA,FACTURA,QR_ARCA_STRONG,STRONG_RULE,F-0DDB74E82CF65D655CE7,DEVELOPMENT,False,MDOC_DOCUMENT+OCR_HEADER_POSITION,44E978F3140D99BF9D6186C62C891C79B97EED06DBC095CFB155D1D22F8457F6.native.txt,44E978F3140D99BF9D6186C62C891C79B97EED06DBC095CFB155D1D22F8457F6.header.txt,1196,True,OK
45423B64B6534B7466BB3D12871E57950B3423157843BC88BACA040D2E333D3B,Z001023268125.pdf,OTRO_DOCUMENTO,OTRO_DOCUMENTO,QR_ARCA_STRONG,STRONG_RULE,F-E311D094CEA0C30D422D,DEVELOPMENT,False,MDOC_DOCUMENT+OCR_HEADER_POSITION,45423B64B6534B7466BB3D12871E57950B3423157843BC88BACA040D2E333D3B.native.txt,45423B64B6534B7466BB3D12871E57950B3423157843BC88BACA040D2E333D3B.header.txt,4357,True,OK
45E4B1C971479A31B8A3E5151E675BCD49996D24091AFA0D6D903D28AE654029,Z001023454912.pdf,FACTURA,FACTURA,QR_ARCA_STRONG,STRONG_RULE,F-FACD83D8B4281A05571A,DEVELOPMENT_DIAGNOSTIC,False,MDOC_DOCUMENT+OCR_HEADER_POSITION,45E4B1C971479A31B8A3E5151E675BCD49996D24091AFA0D6D903D28AE654029.native.txt,45E4B1C971479A31B8A3E5151E675BCD49996D24091AFA0D6D903D28AE654029.header.txt,5238,True,OK
465DEE8973433B7E39F5D0EBCD8C0EE08D38600A5505806B786EBB8EF1E63816,Z001023305611.pdf,FACTURA,FACTURA,OCR_STRONG,STRONG_RULE,F-2D05BCBE13ED5260189D,DEVELOPMENT,False,MDOC_DOCUMENT+OCR_HEADER_POSITION,465DEE8973433B7E39F5D0EBCD8C0EE08D38600A5505806B786EBB8EF1E63816.native.txt,465DEE8973433B7E39F5D0EBCD8C0EE08D38600A5505806B786EBB8EF1E63816.header.txt,2541,True,OK
46CE690F15C5A52306BE1F63A48314E43D723A15C7BB79E6878B021D377AACB7,Z001023351256.pdf,OTRO_DOCUMENTO,OTRO_DOCUMENTO,QR_ARCA_STRONG,STRONG_RULE,F-BE2A732EDC4F7479054E,DEVELOPMENT,False,MDOC_DOCUMENT+OCR_HEADER_POSITION,46CE690F15C5A52306BE1F63A48314E43D723A15C7BB79E6878B021D377AACB7.native.txt,46CE690F15C5A52306BE1F63A48314E43D723A15C7BB79E6878B021D377AACB7.header.txt,1354,True,OK
47202F7EA9AE6CCBE1449B55CA382D690A7F3BF48D0AF7E829BCD0D8522F4004,Z001023423280.pdf,OTRO_DOCUMENTO,NOTA_DEBITO,QR_ARCA_STRONG,STRONG_RULE,F-2225E7482E0C1A2CF093,DEVELOPMENT_DIAGNOSTIC,False,MDOC_DOCUMENT+OCR_HEADER_POSITION,47202F7EA9AE6CCBE1449B55CA382D690A7F3BF48D0AF7E829BCD0D8522F4004.native.txt,47202F7EA9AE6CCBE1449B55CA382D690A7F3BF48D0AF7E829BCD0D8522F4004.header.txt,1713,True,OK
4748FFCF51EE67AB048FD8858D1D91BD50E1047375DD4FA884E05A31A825D374,Z001023397915.pdf,FACTURA,FACTURA,QR_ARCA_STRONG,STRONG_RULE,F-FACD83D8B4281A05571A,DEVELOPMENT_DIAGNOSTIC,False,MDOC_DOCUMENT+OCR_HEADER_POSITION,4748FFCF51EE67AB048FD8858D1D91BD50E1047375DD4FA884E05A31A825D374.native.txt,4748FFCF51EE67AB048FD8858D1D91BD50E1047375DD4FA884E05A31A825D374.header.txt,4044,True,OK
47D3C8A2FFBE4F757B2CF5687B9B5DB0784496E671CB0E75DD2E8BE5B0730416,Z001023398915.pdf,FACTURA,FACTURA,OCR_STRONG,STRONG_RULE,F-F06BCF4B9729282FE5A1,DEVELOPMENT,False,MDOC_DOCUMENT+OCR_HEADER_POSITION,47D3C8A2FFBE4F757B2CF5687B9B5DB0784496E671CB0E75DD2E8BE5B0730416.native.txt,47D3C8A2FFBE4F757B2CF5687B9B5DB0784496E671CB0E75DD2E8BE5B0730416.header.txt,2875,True,OK
47F56B680B5D8A38CEB3CDFA360FE52E05E0A1F3F6510B207D4043F3E0C0EB37,Z001023267250.pdf,FACTURA,FACTURA,QR_ARCA_STRONG,STRONG_RULE,F-FF1E9D9D737E473FAE94,DEVELOPMENT,False,OCR_PRODUCT_FIRST_PAGE,47F56B680B5D8A38CEB3CDFA360FE52E05E0A1F3F6510B207D4043F3E0C0EB37.ocr.txt,47F56B680B5D8A38CEB3CDFA360FE52E05E0A1F3F6510B207D4043F3E0C0EB37.header.txt,1363,False,OK
481956117B7BF5D84F3D09FF85452B875AA1D3150C90D00A6636B6433A2AEDC0,Z001023268043.pdf,FACTURA,FACTURA,OCR_STRONG,STRONG_RULE,F-66FEEC36CB99F857D1A9,DEVELOPMENT,False,MDOC_DOCUMENT+OCR_HEADER_POSITION,481956117B7BF5D84F3D09FF85452B875AA1D3150C90D00A6636B6433A2AEDC0.native.txt,481956117B7BF5D84F3D09FF85452B875AA1D3150C90D00A6636B6433A2AEDC0.header.txt,772,True,OK
482FE95EC69B26D675ECCC8CAD33E1F65629851E9FE52FAE21311797A3F14305,Z001023305796.pdf,FACTURA,FACTURA,OCR_STRONG,STRONG_RULE,F-C4EFEA98CD9D9490E678,DEVELOPMENT,False,MDOC_DOCUMENT+OCR_HEADER_POSITION,482FE95EC69B26D675ECCC8CAD33E1F65629851E9FE52FAE21311797A3F14305.native.txt,482FE95EC69B26D675ECCC8CAD33E1F65629851E9FE52FAE21311797A3F14305.header.txt,3670,True,OK
487BE95CE2B74C076DB9B750906366F1BA20735F5EBD37547F018951FD75A2F6,Z001023384943.pdf,FACTURA,FACTURA,QR_ARCA_STRONG,STRONG_RULE,F-FACD83D8B4281A05571A,DEVELOPMENT_DIAGNOSTIC,False,MDOC_DOCUMENT+OCR_HEADER_POSITION,487BE95CE2B74C076DB9B750906366F1BA20735F5EBD37547F018951FD75A2F6.native.txt,487BE95CE2B74C076DB9B750906366F1BA20735F5EBD37547F018951FD75A2F6.header.txt,4029,True,OK
48942984669CD296B57DD449BBBF23B3111EC4EFB58470FF24429BA455660E88,Z001023284900.pdf,FACTURA,FACTURA,OCR_STRONG,STRONG_RULE,F-0EE887752345887B2F4F,DEVELOPMENT,False,OCR_PRODUCT_FIRST_PAGE,48942984669CD296B57DD449BBBF23B3111EC4EFB58470FF24429BA455660E88.ocr.txt,48942984669CD296B57DD449BBBF23B3111EC4EFB58470FF24429BA455660E88.header.txt,1343,False,OK
48A15CDA72B11D1EEFEA64DC1FD8E662BE4B281ED8292B1DD2AC9FE31A601F59,Z001023242293.pdf,FACTURA,FACTURA,QR_ARCA_STRONG,STRONG_RULE,F-FACD83D8B4281A05571A,DEVELOPMENT_DIAGNOSTIC,True,MDOC_DOCUMENT+OCR_HEADER_POSITION,48A15CDA72B11D1EEFEA64DC1FD8E662BE4B281ED8292B1DD2AC9FE31A601F59.native.txt,48A15CDA72B11D1EEFEA64DC1FD8E662BE4B281ED8292B1DD2AC9FE31A601F59.header.txt,4437,True,OK
48CAE4F75B61624432A182135E7A304CE3D8308B2CA21033E0327368290C07D6,Z001023243459.pdf,FACTURA,FACTURA,QR_ARCA_STRONG,STRONG_RULE,F-EE08C7103D2458E54189,DEVELOPMENT_DIAGNOSTIC,True,MDOC_DOCUMENT+OCR_HEADER_POSITION,48CAE4F75B61624432A182135E7A304CE3D8308B2CA21033E0327368290C07D6.native.txt,48CAE4F75B61624432A182135E7A304CE3D8308B2CA21033E0327368290C07D6.header.txt,1976,True,OK
4930E9734A794BC4F0752CC3CEAEF60D72C0E1DDEDB23DFDC766CC02FE89712D,Z001023306240.pdf,FACTURA,FACTURA,QR_ARCA_STRONG,STRONG_RULE,F-FACD83D8B4281A05571A,DEVELOPMENT_DIAGNOSTIC,False,MDOC_DOCUMENT+OCR_HEADER_POSITION,4930E9734A794BC4F0752CC3CEAEF60D72C0E1DDEDB23DFDC766CC02FE89712D.native.txt,4930E9734A794BC4F0752CC3CEAEF60D72C0E1DDEDB23DFDC766CC02FE89712D.header.txt,4131,True,OK
4948D0FA0F95989E86BF9A7946E176DB7A1C64E48302AE1125CAAF7C09B9BC44,Z001023267211.pdf,FACTURA,FACTURA,QR_ARCA_STRONG,STRONG_RULE,F-463F5D66BCFC1B95B4F2,DEVELOPMENT,False,MDOC_DOCUMENT+OCR_HEADER_POSITION,4948D0FA0F95989E86BF9A7946E176DB7A1C64E48302AE1125CAAF7C09B9BC44.native.txt,4948D0FA0F95989E86BF9A7946E176DB7A1C64E48302AE1125CAAF7C09B9BC44.header.txt,1026,True,OK
4977BD9321274C56C37FA622DDBBAD186D692453E6A09EE22B0546A90912BEFD,Z001023478167.pdf,FACTURA,FACTURA,OCR_STRONG,STRONG_RULE,F-463F5D66BCFC1B95B4F2,DEVELOPMENT,False,MDOC_DOCUMENT+OCR_HEADER_POSITION,4977BD9321274C56C37FA622DDBBAD186D692453E6A09EE22B0546A90912BEFD.native.txt,4977BD9321274C56C37FA622DDBBAD186D692453E6A09EE22B0546A90912BEFD.header.txt,33848,True,OK
49877C939058E0CCF767C71D8946B7FCC3FB9479A1D831926B45806AA43E9F4B,Z001023465961.pdf,FACTURA,FACTURA,OCR_STRONG,STRONG_RULE,F-236B043AC3F54D78C0B5,DEVELOPMENT,False,MDOC_DOCUMENT+OCR_HEADER_POSITION,49877C939058E0CCF767C71D8946B7FCC3FB9479A1D831926B45806AA43E9F4B.native.txt,49877C939058E0CCF767C71D8946B7FCC3FB9479A1D831926B45806AA43E9F4B.header.txt,1233,True,OK
49AAE2D8D5826364B7C42B76AC987D080A47C6BDA17C7F7B32E6233FF452180F,Z001023267367.pdf,OTRO_DOCUMENTO,OTRO_DOCUMENTO,QR_ARCA_STRONG,STRONG_RULE,F-319491FEEAF6386D99BD,DEVELOPMENT_DIAGNOSTIC,False,MDOC_DOCUMENT+OCR_HEADER_POSITION,49AAE2D8D5826364B7C42B76AC987D080A47C6BDA17C7F7B32E6233FF452180F.native.txt,49AAE2D8D5826364B7C42B76AC987D080A47C6BDA17C7F7B32E6233FF452180F.header.txt,3948,True,OK
49ECAF7C70EC6A54728D8C4A2DC9FFD424F1690EC375E1F99838F91077835313,Z001023338072.pdf,FACTURA,FACTURA,QR_ARCA_STRONG,STRONG_RULE,F-EE08C7103D2458E54189,DEVELOPMENT_DIAGNOSTIC,False,MDOC_DOCUMENT+OCR_HEADER_POSITION,49ECAF7C70EC6A54728D8C4A2DC9FFD424F1690EC375E1F99838F91077835313.native.txt,49ECAF7C70EC6A54728D8C4A2DC9FFD424F1690EC375E1F99838F91077835313.header.txt,2122,True,OK
49FDA5198B54793806B0C74BE9E1E67D17DBE8E5D8627FC67439E4122958A15C,Z001023398764.pdf,FACTURA,FACTURA,QR_ARCA_STRONG,STRONG_RULE,F-6F5CAF1E1AEEB43C5486,DEVELOPMENT_DIAGNOSTIC,False,MDOC_DOCUMENT+OCR_HEADER_POSITION,49FDA5198B54793806B0C74BE9E1E67D17DBE8E5D8627FC67439E4122958A15C.native.txt,49FDA5198B54793806B0C74BE9E1E67D17DBE8E5D8627FC67439E4122958A15C.header.txt,3618,True,OK
4A0FDE3116124B33DEE99C856BDE9A889F4BE8AB9833A0DE27F16AD629C34A57,Z001023306236.pdf,FACTURA,FACTURA,QR_ARCA_STRONG,STRONG_RULE,F-FACD83D8B4281A05571A,DEVELOPMENT_DIAGNOSTIC,False,MDOC_DOCUMENT+OCR_HEADER_POSITION,4A0FDE3116124B33DEE99C856BDE9A889F4BE8AB9833A0DE27F16AD629C34A57.native.txt,4A0FDE3116124B33DEE99C856BDE9A889F4BE8AB9833A0DE27F16AD629C34A57.header.txt,4134,True,OK
4A3B294959E6152FF45800C9910DB03748710E94CD8710F805237F7532194422,Z001023305699.pdf,FACTURA,FACTURA,OCR_STRONG,STRONG_RULE,F-66FEEC36CB99F857D1A9,DEVELOPMENT,False,MDOC_DOCUMENT+OCR_HEADER_POSITION,4A3B294959E6152FF45800C9910DB03748710E94CD8710F805237F7532194422.native.txt,4A3B294959E6152FF45800C9910DB03748710E94CD8710F805237F7532194422.header.txt,760,True,OK
4A5384DEF4B19CB130CAE73EA2EEAB8F4AC68E5D1E82DA366E613C6883BD6012,Z001023454549.pdf,FACTURA,FACTURA,QR_ARCA_STRONG,STRONG_RULE,F-463F5D66BCFC1B95B4F2,DEVELOPMENT,False,MDOC_DOCUMENT+OCR_HEADER_POSITION,4A5384DEF4B19CB130CAE73EA2EEAB8F4AC68E5D1E82DA366E613C6883BD6012.native.txt,4A5384DEF4B19CB130CAE73EA2EEAB8F4AC68E5D1E82DA366E613C6883BD6012.header.txt,602,True,OK
4A5BD76C0378CC13621238F7F2581406BF864B1E74D7AC0119456CCBE7CE5DE1,Z001023398891.pdf,FACTURA,FACTURA,QR_ARCA_STRONG,STRONG_RULE,F-FACD83D8B4281A05571A,DEVELOPMENT_DIAGNOSTIC,False,MDOC_DOCUMENT+OCR_HEADER_POSITION,4A5BD76C0378CC13621238F7F2581406BF864B1E74D7AC0119456CCBE7CE5DE1.native.txt,4A5BD76C0378CC13621238F7F2581406BF864B1E74D7AC0119456CCBE7CE5DE1.header.txt,4332,True,OK
4ABBCD0BF700A718BFBEF1383B80C543F01B890D7340660A17CCFAF33905641D,Z001023267140.pdf,FACTURA,FACTURA,OCR_STRONG,STRONG_RULE,F-C4EFEA98CD9D9490E678,DEVELOPMENT,False,MDOC_DOCUMENT+OCR_HEADER_POSITION,4ABBCD0BF700A718BFBEF1383B80C543F01B890D7340660A17CCFAF33905641D.native.txt,4ABBCD0BF700A718BFBEF1383B80C543F01B890D7340660A17CCFAF33905641D.header.txt,8168,True,OK
4AD486E9FF3BB40BAD661248D2947CBC41D0BF02681C772BB88045B83C2DFA65,Z001023385569.pdf,FACTURA,FACTURA,QR_ARCA_STRONG,STRONG_RULE,F-FACD83D8B4281A05571A,DEVELOPMENT_DIAGNOSTIC,False,MDOC_DOCUMENT+OCR_HEADER_POSITION,4AD486E9FF3BB40BAD661248D2947CBC41D0BF02681C772BB88045B83C2DFA65.native.txt,4AD486E9FF3BB40BAD661248D2947CBC41D0BF02681C772BB88045B83C2DFA65.header.txt,4158,True,OK
4AF19DD5F7D4C2E6FC2F1935C54AEE6B5C6F4606CB7FE0F736D1EABF6B7D19A2,Z001023384944.pdf,FACTURA,FACTURA,QR_ARCA_STRONG,STRONG_RULE,F-FACD83D8B4281A05571A,DEVELOPMENT_DIAGNOSTIC,False,MDOC_DOCUMENT+OCR_HEADER_POSITION,4AF19DD5F7D4C2E6FC2F1935C54AEE6B5C6F4606CB7FE0F736D1EABF6B7D19A2.native.txt,4AF19DD5F7D4C2E6FC2F1935C54AEE6B5C6F4606CB7FE0F736D1EABF6B7D19A2.header.txt,4038,True,OK
4B94E6B110CAB58547EB45BF9744C8773EBD6AEFEE79352BA74C4625125534EC,Z001023386124.pdf,OTRO_DOCUMENTO,NOTA_CREDITO,QR_ARCA_STRONG,STRONG_RULE,F-2225E7482E0C1A2CF093,DEVELOPMENT_DIAGNOSTIC,False,MDOC_DOCUMENT+OCR_HEADER_POSITION,4B94E6B110CAB58547EB45BF9744C8773EBD6AEFEE79352BA74C4625125534EC.native.txt,4B94E6B110CAB58547EB45BF9744C8773EBD6AEFEE79352BA74C4625125534EC.header.txt,1554,True,OK
4C21DCF733727C85149602A9BB3704223F69CA44B676EB651113B65E0841FA02,Z001023305672.pdf,FACTURA,FACTURA,QR_ARCA_STRONG,STRONG_RULE,F-327C7B7DF903BFC3269A,DEVELOPMENT,False,MDOC_DOCUMENT+OCR_HEADER_POSITION,4C21DCF733727C85149602A9BB3704223F69CA44B676EB651113B65E0841FA02.native.txt,4C21DCF733727C85149602A9BB3704223F69CA44B676EB651113B65E0841FA02.header.txt,3162,True,OK
4C22FB92DF5A4A145CDC9D5019E57BA5ED4E4827FF694366D6B0944C4318F5AF,Z001023305695.pdf,FACTURA,FACTURA,QR_ARCA_STRONG,STRONG_RULE,F-EE08C7103D2458E54189,DEVELOPMENT_DIAGNOSTIC,False,MDOC_DOCUMENT+OCR_HEADER_POSITION,4C22FB92DF5A4A145CDC9D5019E57BA5ED4E4827FF694366D6B0944C4318F5AF.native.txt,4C22FB92DF5A4A145CDC9D5019E57BA5ED4E4827FF694366D6B0944C4318F5AF.header.txt,2354,True,OK
4C6685A365CC99C51CBC8FE312A2F0063C627408D4702A1EAC4CEED67A7C4013,Z001023266248.pdf,FACTURA,FACTURA,QR_ARCA_STRONG,STRONG_RULE,F-EE08C7103D2458E54189,DEVELOPMENT_DIAGNOSTIC,False,MDOC_DOCUMENT+OCR_HEADER_POSITION,4C6685A365CC99C51CBC8FE312A2F0063C627408D4702A1EAC4CEED67A7C4013.native.txt,4C6685A365CC99C51CBC8FE312A2F0063C627408D4702A1EAC4CEED67A7C4013.header.txt,1912,True,OK
4C6BB600F039C52142DBE8128A7FD69A7D65E92612AE30CA9125B97C47207C0E,Z001023306862.pdf,FACTURA,FACTURA,QR_ARCA_STRONG,STRONG_RULE,F-EE08C7103D2458E54189,DEVELOPMENT_DIAGNOSTIC,False,MDOC_DOCUMENT+OCR_HEADER_POSITION,4C6BB600F039C52142DBE8128A7FD69A7D65E92612AE30CA9125B97C47207C0E.native.txt,4C6BB600F039C52142DBE8128A7FD69A7D65E92612AE30CA9125B97C47207C0E.header.txt,2044,True,OK
4CBD8565AB9DE2F036EA68E8FF90D5CB3E21EBCEAC9D7267A7F5B8AC9765BE88,Z001023349852.pdf,FACTURA,FACTURA,QR_ARCA_STRONG,STRONG_RULE,F-EDBFE59229E8571451DD,DEVELOPMENT,False,MDOC_DOCUMENT+OCR_HEADER_POSITION,4CBD8565AB9DE2F036EA68E8FF90D5CB3E21EBCEAC9D7267A7F5B8AC9765BE88.native.txt,4CBD8565AB9DE2F036EA68E8FF90D5CB3E21EBCEAC9D7267A7F5B8AC9765BE88.header.txt,2574,True,OK
4CDDDFC9A384C484949A48EFFD1B4BA7D55D2CCE62D6324373F64F972C6E007B,Z001023385498.pdf,FACTURA,FACTURA,QR_ARCA_STRONG,STRONG_RULE,F-6F5CAF1E1AEEB43C5486,DEVELOPMENT_DIAGNOSTIC,False,MDOC_DOCUMENT+OCR_HEADER_POSITION,4CDDDFC9A384C484949A48EFFD1B4BA7D55D2CCE62D6324373F64F972C6E007B.native.txt,4CDDDFC9A384C484949A48EFFD1B4BA7D55D2CCE62D6324373F64F972C6E007B.header.txt,3420,True,OK
4CF4FCAB242089EAB32F977B4F3B3B28227D177A6D52A8BD5830CF1372B00F7D,Z001023267812.pdf,FACTURA,FACTURA,QR_ARCA_STRONG,STRONG_RULE,F-FACD83D8B4281A05571A,DEVELOPMENT_DIAGNOSTIC,False,MDOC_DOCUMENT+OCR_HEADER_POSITION,4CF4FCAB242089EAB32F977B4F3B3B28227D177A6D52A8BD5830CF1372B00F7D.native.txt,4CF4FCAB242089EAB32F977B4F3B3B28227D177A6D52A8BD5830CF1372B00F7D.header.txt,4323,True,OK
4D1F0EACC2E4513F3BE62918FE60325D100DBE5E2351203A9AF9412468D922EF,Z001023284321.pdf,FACTURA,FACTURA,QR_ARCA_STRONG,STRONG_RULE,F-EE08C7103D2458E54189,DEVELOPMENT_DIAGNOSTIC,False,MDOC_DOCUMENT+OCR_HEADER_POSITION,4D1F0EACC2E4513F3BE62918FE60325D100DBE5E2351203A9AF9412468D922EF.native.txt,4D1F0EACC2E4513F3BE62918FE60325D100DBE5E2351203A9AF9412468D922EF.header.txt,1940,True,OK
4DDB265CC5BC70A777E239F345E9DCEB472B0E07A36A97CB747C814966721628,Z001023268105.pdf,FACTURA,FACTURA,PDF_TEXT_STRONG,STRONG_RULE,F-E311D094CEA0C30D422D,DEVELOPMENT,False,MDOC_DOCUMENT+OCR_HEADER_POSITION,4DDB265CC5BC70A777E239F345E9DCEB472B0E07A36A97CB747C814966721628.native.txt,4DDB265CC5BC70A777E239F345E9DCEB472B0E07A36A97CB747C814966721628.header.txt,4541,True,OK
4E00CF86272C09321C1BB8FE8A44928B3A1ABA1969419EA778A8DBBABD64496B,Z001023366206.pdf,FACTURA,FACTURA,QR_ARCA_STRONG,STRONG_RULE,F-463F5D66BCFC1B95B4F2,DEVELOPMENT,False,OCR_PRODUCT_FIRST_PAGE,4E00CF86272C09321C1BB8FE8A44928B3A1ABA1969419EA778A8DBBABD64496B.ocr.txt,4E00CF86272C09321C1BB8FE8A44928B3A1ABA1969419EA778A8DBBABD64496B.header.txt,977,False,OK
4E33D7813CA0F52F9DAE7B205F156726A26623776BB62C8AB3469BD927E0CA7A,Z001023266856.pdf,FACTURA,FACTURA,QR_ARCA_STRONG,STRONG_RULE,F-127BD2FBDD2CC031C0FE,DEVELOPMENT_DIAGNOSTIC,False,MDOC_DOCUMENT+OCR_HEADER_POSITION,4E33D7813CA0F52F9DAE7B205F156726A26623776BB62C8AB3469BD927E0CA7A.native.txt,4E33D7813CA0F52F9DAE7B205F156726A26623776BB62C8AB3469BD927E0CA7A.header.txt,1920,True,OK
4E8F4CA3EA141FAB06A975375BF62091FFD9A0454831F126789FA50E5E950074,Z001023284297.pdf,FACTURA,FACTURA,QR_ARCA_STRONG,STRONG_RULE,F-FACD83D8B4281A05571A,DEVELOPMENT_DIAGNOSTIC,False,MDOC_DOCUMENT+OCR_HEADER_POSITION,4E8F4CA3EA141FAB06A975375BF62091FFD9A0454831F126789FA50E5E950074.native.txt,4E8F4CA3EA141FAB06A975375BF62091FFD9A0454831F126789FA50E5E950074.header.txt,4065,True,OK
4FD4F771DFD962D25875FC30C0CD4A0081D17E27D089764ABC773716833D76DF,Z001023366955.pdf,FACTURA,FACTURA,OCR_STRONG,STRONG_RULE,F-66FEEC36CB99F857D1A9,DEVELOPMENT,False,MDOC_DOCUMENT+OCR_HEADER_POSITION,4FD4F771DFD962D25875FC30C0CD4A0081D17E27D089764ABC773716833D76DF.native.txt,4FD4F771DFD962D25875FC30C0CD4A0081D17E27D089764ABC773716833D76DF.header.txt,820,True,OK
509D871731148417556D32403084C3A1F025B39F25D1E3576596145B118275F3,Z001023268045.pdf,FACTURA,FACTURA,QR_ARCA_STRONG,STRONG_RULE,F-EE08C7103D2458E54189,DEVELOPMENT_DIAGNOSTIC,False,MDOC_DOCUMENT+OCR_HEADER_POSITION,509D871731148417556D32403084C3A1F025B39F25D1E3576596145B118275F3.native.txt,509D871731148417556D32403084C3A1F025B39F25D1E3576596145B118275F3.header.txt,1916,True,OK
50FF892A28001920806C422056CC39971F50196EE55B1B9143DEBB18CEDE61C2,Z001023283865.pdf,FACTURA,FACTURA,QR_ARCA_STRONG,STRONG_RULE,F-EE08C7103D2458E54189,DEVELOPMENT_DIAGNOSTIC,False,MDOC_DOCUMENT+OCR_HEADER_POSITION,50FF892A28001920806C422056CC39971F50196EE55B1B9143DEBB18CEDE61C2.native.txt,50FF892A28001920806C422056CC39971F50196EE55B1B9143DEBB18CEDE61C2.header.txt,2358,True,OK
511FE4E1C704287DB9F2E30D584E076198E4B9C85ED275F7724E0FCED6E83331,Z001023367186.pdf,FACTURA,FACTURA,QR_ARCA_STRONG,STRONG_RULE,F-6F5CAF1E1AEEB43C5486,DEVELOPMENT_DIAGNOSTIC,False,MDOC_DOCUMENT+OCR_HEADER_POSITION,511FE4E1C704287DB9F2E30D584E076198E4B9C85ED275F7724E0FCED6E83331.native.txt,511FE4E1C704287DB9F2E30D584E076198E4B9C85ED275F7724E0FCED6E83331.header.txt,3312,True,OK
513C115499B51E28C587938A3051BD1EB0700DDD11B3418FAEB514A153BD217E,Z001023243386.pdf,FACTURA,FACTURA,QR_ARCA_STRONG,STRONG_RULE,F-6F5CAF1E1AEEB43C5486,DEVELOPMENT_DIAGNOSTIC,True,MDOC_DOCUMENT+OCR_HEADER_POSITION,513C115499B51E28C587938A3051BD1EB0700DDD11B3418FAEB514A153BD217E.native.txt,513C115499B51E28C587938A3051BD1EB0700DDD11B3418FAEB514A153BD217E.header.txt,3384,True,OK
51D9CA9CA591270CF71094784E8FB45FB6BB2B3ACC2C64EACDE6BB39C246D4C2,Z001023266249.pdf,FACTURA,FACTURA,QR_ARCA_STRONG,STRONG_RULE,F-EE08C7103D2458E54189,DEVELOPMENT_DIAGNOSTIC,False,MDOC_DOCUMENT+OCR_HEADER_POSITION,51D9CA9CA591270CF71094784E8FB45FB6BB2B3ACC2C64EACDE6BB39C246D4C2.native.txt,51D9CA9CA591270CF71094784E8FB45FB6BB2B3ACC2C64EACDE6BB39C246D4C2.header.txt,1960,True,OK
522D785B8861AC8B6E0B665918509ABFC61F4A5A7AD344D29581F3820D969F29,Z001023336321.pdf,OTRO_DOCUMENTO,OTRO_DOCUMENTO,QR_ARCA_STRONG,STRONG_RULE,F-19E3E2219E79C363F63F,DEVELOPMENT,False,MDOC_DOCUMENT+OCR_HEADER_POSITION,522D785B8861AC8B6E0B665918509ABFC61F4A5A7AD344D29581F3820D969F29.native.txt,522D785B8861AC8B6E0B665918509ABFC61F4A5A7AD344D29581F3820D969F29.header.txt,5342,True,OK
5243027656B07B38EBE681545510F2C1F2554AC2E01FE4CE22A9CB9602D8657F,Z001023267829.pdf,FACTURA,FACTURA,QR_ARCA_STRONG,STRONG_RULE,F-FACD83D8B4281A05571A,DEVELOPMENT_DIAGNOSTIC,False,MDOC_DOCUMENT+OCR_HEADER_POSITION,5243027656B07B38EBE681545510F2C1F2554AC2E01FE4CE22A9CB9602D8657F.native.txt,5243027656B07B38EBE681545510F2C1F2554AC2E01FE4CE22A9CB9602D8657F.header.txt,4257,True,OK
527504906574AF26885EE635E0F36AA979D7FF61B1D8507694DE2CE5B73225F4,Z001023385025.pdf,FACTURA,FACTURA,QR_ARCA_STRONG,STRONG_RULE,F-463F5D66BCFC1B95B4F2,DEVELOPMENT,False,MDOC_DOCUMENT+OCR_HEADER_POSITION,527504906574AF26885EE635E0F36AA979D7FF61B1D8507694DE2CE5B73225F4.native.txt,527504906574AF26885EE635E0F36AA979D7FF61B1D8507694DE2CE5B73225F4.header.txt,768,True,OK
52872BDC59D9284A7ACD25662EAC1A3A099D7A1403FF43AF4576EEE6443F77F6,Z001023410766.pdf,FACTURA,FACTURA,QR_ARCA_STRONG,STRONG_RULE,F-EE08C7103D2458E54189,DEVELOPMENT_DIAGNOSTIC,False,OCR_PRODUCT_FIRST_PAGE,52872BDC59D9284A7ACD25662EAC1A3A099D7A1403FF43AF4576EEE6443F77F6.ocr.txt,52872BDC59D9284A7ACD25662EAC1A3A099D7A1403FF43AF4576EEE6443F77F6.header.txt,2003,False,OK
52A88A4DC787DDDBB8F9B392369383B8754539E3CC700CA09CAB17DC9897D3D7,Z001023306559.pdf,FACTURA,FACTURA,QR_ARCA_STRONG,STRONG_RULE,F-A26E6E68BD787A625DC9,DEVELOPMENT,False,MDOC_DOCUMENT+OCR_HEADER_POSITION,52A88A4DC787DDDBB8F9B392369383B8754539E3CC700CA09CAB17DC9897D3D7.native.txt,52A88A4DC787DDDBB8F9B392369383B8754539E3CC700CA09CAB17DC9897D3D7.header.txt,1302,True,OK
52B6FD2C8B46284ADBC2445204780085D2F07A264912814E6F22687C3A3E9970,Z001023306848.pdf,FACTURA,FACTURA,QR_ARCA_STRONG,STRONG_RULE,F-463F5D66BCFC1B95B4F2,DEVELOPMENT,False,OCR_PRODUCT_FIRST_PAGE,52B6FD2C8B46284ADBC2445204780085D2F07A264912814E6F22687C3A3E9970.ocr.txt,52B6FD2C8B46284ADBC2445204780085D2F07A264912814E6F22687C3A3E9970.header.txt,1841,False,OK
52E922C058F9D3030136B8C7C0BB684472A3233AB328DB8701C8122B129FE307,Z001023466257.pdf,FACTURA,FACTURA,QR_ARCA_STRONG,STRONG_RULE,F-FACD83D8B4281A05571A,DEVELOPMENT_DIAGNOSTIC,False,MDOC_DOCUMENT+OCR_HEADER_POSITION,52E922C058F9D3030136B8C7C0BB684472A3233AB328DB8701C8122B129FE307.native.txt,52E922C058F9D3030136B8C7C0BB684472A3233AB328DB8701C8122B129FE307.header.txt,4143,True,OK
53531D26119A3A91D8160D16D8081238C94A83B00EADEEECB6BED96F35C0D21F,Z001023242890.pdf,FACTURA,FACTURA,EXISTING_GROUND_TRUTH,CONFIRMED_EXISTING,F-EE08C7103D2458E54189,DEVELOPMENT_DIAGNOSTIC,True,MDOC_DOCUMENT+OCR_HEADER_POSITION,53531D26119A3A91D8160D16D8081238C94A83B00EADEEECB6BED96F35C0D21F.native.txt,53531D26119A3A91D8160D16D8081238C94A83B00EADEEECB6BED96F35C0D21F.header.txt,1904,True,OK
53CF129FB285C10306585C4D401463DB0CD045CD0DC8A0FF1B487FBBC4A1AFC5,Z001023467670.pdf,OTRO_DOCUMENTO,NOTA_CREDITO,QR_ARCA_STRONG,STRONG_RULE,F-FACD83D8B4281A05571A,DEVELOPMENT_DIAGNOSTIC,False,MDOC_DOCUMENT+OCR_HEADER_POSITION,53CF129FB285C10306585C4D401463DB0CD045CD0DC8A0FF1B487FBBC4A1AFC5.native.txt,53CF129FB285C10306585C4D401463DB0CD045CD0DC8A0FF1B487FBBC4A1AFC5.header.txt,5628,True,OK
53D64513ED31729F52AED36DB909462F972FF5BA06D6C491179067D362C9C7B8,Z001023466516.pdf,FACTURA,FACTURA,OCR_STRONG,STRONG_RULE,F-52A8D3E535639BC9066E,DEVELOPMENT,False,OCR_PRODUCT_FIRST_PAGE,53D64513ED31729F52AED36DB909462F972FF5BA06D6C491179067D362C9C7B8.ocr.txt,53D64513ED31729F52AED36DB909462F972FF5BA06D6C491179067D362C9C7B8.header.txt,1052,False,OK
53DDEB792AFACFDD0BE1A1741A028A22298BDA5360530D373B25E5FDE3C89917,Z001023454403.pdf,OTRO_DOCUMENTO,OTRO_DOCUMENTO,QR_ARCA_STRONG,STRONG_RULE,F-832E3C0161524B1EAC7B,DEVELOPMENT,False,MDOC_DOCUMENT+OCR_HEADER_POSITION,53DDEB792AFACFDD0BE1A1741A028A22298BDA5360530D373B25E5FDE3C89917.native.txt,53DDEB792AFACFDD0BE1A1741A028A22298BDA5360530D373B25E5FDE3C89917.header.txt,1513,True,OK
541A58F4E8042C3C1CCB76B0F0B14A9F44981E4F37DFBD98972B297BEDA30B66,Z001023242798.pdf,FACTURA,FACTURA,QR_ARCA_STRONG,STRONG_RULE,F-EE08C7103D2458E54189,DEVELOPMENT_DIAGNOSTIC,True,MDOC_DOCUMENT+OCR_HEADER_POSITION,541A58F4E8042C3C1CCB76B0F0B14A9F44981E4F37DFBD98972B297BEDA30B66.native.txt,541A58F4E8042C3C1CCB76B0F0B14A9F44981E4F37DFBD98972B297BEDA30B66.header.txt,1920,True,OK
54335DE1C0415D17F21265B12222E081CEFA539B242465CBBCFC590F12C0C334,Z001023467492.pdf,FACTURA,FACTURA,QR_ARCA_STRONG,STRONG_RULE,F-463F5D66BCFC1B95B4F2,DEVELOPMENT,False,MDOC_DOCUMENT+OCR_HEADER_POSITION,54335DE1C0415D17F21265B12222E081CEFA539B242465CBBCFC590F12C0C334.native.txt,54335DE1C0415D17F21265B12222E081CEFA539B242465CBBCFC590F12C0C334.header.txt,3532,True,OK
5433BB3791112F1C6C698255943D3E43FBC529FEC610FE1D25FD1D83CD921FC6,Z001023285091.pdf,FACTURA,FACTURA,QR_ARCA_STRONG,STRONG_RULE,F-6F5CAF1E1AEEB43C5486,DEVELOPMENT_DIAGNOSTIC,False,MDOC_DOCUMENT+OCR_HEADER_POSITION,5433BB3791112F1C6C698255943D3E43FBC529FEC610FE1D25FD1D83CD921FC6.native.txt,5433BB3791112F1C6C698255943D3E43FBC529FEC610FE1D25FD1D83CD921FC6.header.txt,3495,True,OK
5482B5BC23D9508D14F7970779F8182EBB3A21DA03E7B7C390124852EC1A2884,Z001023284903.pdf,FACTURA,FACTURA,OCR_STRONG,STRONG_RULE,F-17D8887E1AFD322C7FBE,DEVELOPMENT,False,OCR_PRODUCT_FIRST_PAGE,5482B5BC23D9508D14F7970779F8182EBB3A21DA03E7B7C390124852EC1A2884.ocr.txt,5482B5BC23D9508D14F7970779F8182EBB3A21DA03E7B7C390124852EC1A2884.header.txt,2214,False,OK
54E3FFE9C69EE3CFF94294F12A02B44CAB3EFD54DBDC8CB473F28E912E985C7D,Z001023243733.pdf,FACTURA,FACTURA,QR_ARCA_STRONG,STRONG_RULE,F-FACD83D8B4281A05571A,DEVELOPMENT_DIAGNOSTIC,False,MDOC_DOCUMENT+OCR_HEADER_POSITION,54E3FFE9C69EE3CFF94294F12A02B44CAB3EFD54DBDC8CB473F28E912E985C7D.native.txt,54E3FFE9C69EE3CFF94294F12A02B44CAB3EFD54DBDC8CB473F28E912E985C7D.header.txt,4296,True,OK
550AC8115D0599DF1B246688659A43EBB82DB908A4C451864D3A422AE1B94790,Z001023242374.pdf,FACTURA,FACTURA,QR_ARCA_STRONG,STRONG_RULE,F-EE08C7103D2458E54189,DEVELOPMENT_DIAGNOSTIC,True,MDOC_DOCUMENT+OCR_HEADER_POSITION,550AC8115D0599DF1B246688659A43EBB82DB908A4C451864D3A422AE1B94790.native.txt,550AC8115D0599DF1B246688659A43EBB82DB908A4C451864D3A422AE1B94790.header.txt,1780,True,OK
55169D35B57E1980443FA22E94E71390FAF7180DF7A84AC7CDFE4E5EC917C2D2,Z001023385101.pdf,FACTURA,FACTURA,QR_ARCA_STRONG,STRONG_RULE,F-FACD83D8B4281A05571A,DEVELOPMENT_DIAGNOSTIC,False,MDOC_DOCUMENT+OCR_HEADER_POSITION,55169D35B57E1980443FA22E94E71390FAF7180DF7A84AC7CDFE4E5EC917C2D2.native.txt,55169D35B57E1980443FA22E94E71390FAF7180DF7A84AC7CDFE4E5EC917C2D2.header.txt,3987,True,OK
553735AC327B5AEBB6523999CF341A27EE0CD319E1E38D7543EDABFD5EF0476A,Z001023410667.pdf,FACTURA,FACTURA,QR_ARCA_STRONG,STRONG_RULE,F-FACD83D8B4281A05571A,DEVELOPMENT_DIAGNOSTIC,False,MDOC_DOCUMENT+OCR_HEADER_POSITION,553735AC327B5AEBB6523999CF341A27EE0CD319E1E38D7543EDABFD5EF0476A.native.txt,553735AC327B5AEBB6523999CF341A27EE0CD319E1E38D7543EDABFD5EF0476A.header.txt,4134,True,OK
557A3265646934A29349CB572EF71904CF6A1A226E38B80EBD82882136E4A99F,Z001023267229.pdf,FACTURA,FACTURA,QR_ARCA_STRONG,STRONG_RULE,F-EE08C7103D2458E54189,DEVELOPMENT_DIAGNOSTIC,False,MDOC_DOCUMENT+OCR_HEADER_POSITION,557A3265646934A29349CB572EF71904CF6A1A226E38B80EBD82882136E4A99F.native.txt,557A3265646934A29349CB572EF71904CF6A1A226E38B80EBD82882136E4A99F.header.txt,2002,True,OK
55D5569A8BE1FDF83DD7C7711B839FA48CCF21B6A44002A592A098ABC4945180,Z001023465960.pdf,FACTURA,FACTURA,QR_ARCA_STRONG,STRONG_RULE,F-A8BC10D011EB3739972C,DEVELOPMENT,False,MDOC_DOCUMENT+OCR_HEADER_POSITION,55D5569A8BE1FDF83DD7C7711B839FA48CCF21B6A44002A592A098ABC4945180.native.txt,55D5569A8BE1FDF83DD7C7711B839FA48CCF21B6A44002A592A098ABC4945180.header.txt,4413,True,OK
56858C64366FB3FFEEF5EA8BA03E748B96127B3D10B9F438CAC2689CAD93F41B,Z001023267142.pdf,FACTURA,FACTURA,OCR_STRONG,STRONG_RULE,F-C4EFEA98CD9D9490E678,DEVELOPMENT,False,MDOC_DOCUMENT+OCR_HEADER_POSITION,56858C64366FB3FFEEF5EA8BA03E748B96127B3D10B9F438CAC2689CAD93F41B.native.txt,56858C64366FB3FFEEF5EA8BA03E748B96127B3D10B9F438CAC2689CAD93F41B.header.txt,3358,True,OK
570B8BEFF92D86C450B35A0A879B847D9442F48BEB042F9C6AD00BA12E502867,Z001023305835.pdf,FACTURA,FACTURA,OCR_STRONG,STRONG_RULE,F-C4EFEA98CD9D9490E678,DEVELOPMENT,False,MDOC_DOCUMENT+OCR_HEADER_POSITION,570B8BEFF92D86C450B35A0A879B847D9442F48BEB042F9C6AD00BA12E502867.native.txt,570B8BEFF92D86C450B35A0A879B847D9442F48BEB042F9C6AD00BA12E502867.header.txt,26666,True,OK
57216966143EA43A85549709469528CA0F2387F937AADF26600682E72558CEB0,Z001023410259.pdf,FACTURA,FACTURA,QR_ARCA_STRONG,STRONG_RULE,F-FACD83D8B4281A05571A,DEVELOPMENT_DIAGNOSTIC,False,MDOC_DOCUMENT+OCR_HEADER_POSITION,57216966143EA43A85549709469528CA0F2387F937AADF26600682E72558CEB0.native.txt,57216966143EA43A85549709469528CA0F2387F937AADF26600682E72558CEB0.header.txt,4554,True,OK
5735D4ECD8C02AEE2805F44503136E2C27365A75607716CC0391313DCEB6519E,Z001023268103.pdf,FACTURA,FACTURA,QR_ARCA_STRONG,STRONG_RULE,F-EE08C7103D2458E54189,DEVELOPMENT_DIAGNOSTIC,False,MDOC_DOCUMENT+OCR_HEADER_POSITION,5735D4ECD8C02AEE2805F44503136E2C27365A75607716CC0391313DCEB6519E.native.txt,5735D4ECD8C02AEE2805F44503136E2C27365A75607716CC0391313DCEB6519E.header.txt,1873,True,OK
57D9343D969BD1264FDEFF0D2A252ED028740EE39736F1A41A1D95C9B625C4AE,Z001023422192.pdf,FACTURA,FACTURA,QR_ARCA_STRONG,STRONG_RULE,F-FACD83D8B4281A05571A,DEVELOPMENT_DIAGNOSTIC,False,MDOC_DOCUMENT+OCR_HEADER_POSITION,57D9343D969BD1264FDEFF0D2A252ED028740EE39736F1A41A1D95C9B625C4AE.native.txt,57D9343D969BD1264FDEFF0D2A252ED028740EE39736F1A41A1D95C9B625C4AE.header.txt,4455,True,OK
58D96A8F7E16CD8E10431AF8C3FE63A36D651B973C435C700D50CF0876EB2D6B,Z001023242799.pdf,FACTURA,FACTURA,QR_ARCA_STRONG,STRONG_RULE,F-EE08C7103D2458E54189,DEVELOPMENT_DIAGNOSTIC,True,MDOC_DOCUMENT+OCR_HEADER_POSITION,58D96A8F7E16CD8E10431AF8C3FE63A36D651B973C435C700D50CF0876EB2D6B.native.txt,58D96A8F7E16CD8E10431AF8C3FE63A36D651B973C435C700D50CF0876EB2D6B.header.txt,1880,True,OK
58E197A82F3F1F813FF06AB56686D855230F5581C975C33E1CDD744AF7D01857,Z001023305768.pdf,FACTURA,FACTURA,QR_ARCA_STRONG,STRONG_RULE,F-EE08C7103D2458E54189,DEVELOPMENT_DIAGNOSTIC,False,MDOC_DOCUMENT+OCR_HEADER_POSITION,58E197A82F3F1F813FF06AB56686D855230F5581C975C33E1CDD744AF7D01857.native.txt,58E197A82F3F1F813FF06AB56686D855230F5581C975C33E1CDD744AF7D01857.header.txt,1848,True,OK
59B2A30C57B53ADA185312F8F8ED72917A264206DBBAFAE49573F9B816BBC8D9,Z001023336292.pdf,FACTURA,FACTURA,QR_ARCA_STRONG,STRONG_RULE,F-E68CDBA32F276D126C50,DEVELOPMENT,False,MDOC_DOCUMENT+OCR_HEADER_POSITION,59B2A30C57B53ADA185312F8F8ED72917A264206DBBAFAE49573F9B816BBC8D9.native.txt,59B2A30C57B53ADA185312F8F8ED72917A264206DBBAFAE49573F9B816BBC8D9.header.txt,4976,True,OK
59E5149E5884455CB217A6C65C53D4E5A3D6A97340789DD88058604355792DD1,Z001023410369.pdf,FACTURA,FACTURA,QR_ARCA_STRONG,STRONG_RULE,F-78FBBC0583221AAC5789,DEVELOPMENT,False,MDOC_DOCUMENT+OCR_HEADER_POSITION,59E5149E5884455CB217A6C65C53D4E5A3D6A97340789DD88058604355792DD1.native.txt,59E5149E5884455CB217A6C65C53D4E5A3D6A97340789DD88058604355792DD1.header.txt,861,True,OK
5A11426D1D9F011286075EB4996D5698F9C3A9E2265A14EEA45E1EC9EA7EA8D4,Z001023268086.pdf,FACTURA,FACTURA,QR_ARCA_STRONG,STRONG_RULE,F-FACD83D8B4281A05571A,DEVELOPMENT_DIAGNOSTIC,False,MDOC_DOCUMENT+OCR_HEADER_POSITION,5A11426D1D9F011286075EB4996D5698F9C3A9E2265A14EEA45E1EC9EA7EA8D4.native.txt,5A11426D1D9F011286075EB4996D5698F9C3A9E2265A14EEA45E1EC9EA7EA8D4.header.txt,4134,True,OK
5A80048F71A9AE67E7530419E5A4AA5021FAC7D3DB56701B9C690DB21DBE43D3,Z001023305875.pdf,FACTURA,FACTURA,QR_ARCA_STRONG,STRONG_RULE,F-463F5D66BCFC1B95B4F2,DEVELOPMENT,False,MDOC_DOCUMENT+OCR_HEADER_POSITION,5A80048F71A9AE67E7530419E5A4AA5021FAC7D3DB56701B9C690DB21DBE43D3.native.txt,5A80048F71A9AE67E7530419E5A4AA5021FAC7D3DB56701B9C690DB21DBE43D3.header.txt,834,True,OK
5B7916DC843BE2C450F86EA33A9B9F45AD1B2BB4F0890A22185D170367C77CD0,Z001023338054.pdf,FACTURA,FACTURA,QR_ARCA_STRONG,STRONG_RULE,F-463F5D66BCFC1B95B4F2,DEVELOPMENT,False,MDOC_DOCUMENT+OCR_HEADER_POSITION,5B7916DC843BE2C450F86EA33A9B9F45AD1B2BB4F0890A22185D170367C77CD0.native.txt,5B7916DC843BE2C450F86EA33A9B9F45AD1B2BB4F0890A22185D170367C77CD0.header.txt,1112,True,OK
5C0E3592C9A130DFF03ACB34C4B59CB3A208BF70116821761D3431A7693BA96D,Z001023305873.pdf,FACTURA,FACTURA,QR_ARCA_STRONG,STRONG_RULE,F-463F5D66BCFC1B95B4F2,DEVELOPMENT,False,MDOC_DOCUMENT+OCR_HEADER_POSITION,5C0E3592C9A130DFF03ACB34C4B59CB3A208BF70116821761D3431A7693BA96D.native.txt,5C0E3592C9A130DFF03ACB34C4B59CB3A208BF70116821761D3431A7693BA96D.header.txt,829,True,OK
5C105434BCE555AF94D7792820813C859CA80B3B8E23A6C81783AF6173447BE4,Z001023283759.pdf,FACTURA,FACTURA,QR_ARCA_STRONG,STRONG_RULE,F-EE08C7103D2458E54189,DEVELOPMENT_DIAGNOSTIC,False,MDOC_DOCUMENT+OCR_HEADER_POSITION,5C105434BCE555AF94D7792820813C859CA80B3B8E23A6C81783AF6173447BE4.native.txt,5C105434BCE555AF94D7792820813C859CA80B3B8E23A6C81783AF6173447BE4.header.txt,1894,True,OK
5C30A6686334E5B07A188EBE90969D68F40F82B55970D0671F81743F2080CB2F,Z001023242333.pdf,FACTURA,FACTURA,QR_ARCA_STRONG,STRONG_RULE,F-86F3ACDC73080FEE11E7,DEVELOPMENT_DIAGNOSTIC,True,OCR_PRODUCT_FIRST_PAGE,5C30A6686334E5B07A188EBE90969D68F40F82B55970D0671F81743F2080CB2F.ocr.txt,5C30A6686334E5B07A188EBE90969D68F40F82B55970D0671F81743F2080CB2F.header.txt,2031,False,OK
5C989274617C576316FD86055671ECCB3D8B40D4A6D022A08CCB7BEDE037C32A,Z001023410763.pdf,FACTURA,FACTURA,QR_ARCA_STRONG,STRONG_RULE,F-FACD83D8B4281A05571A,DEVELOPMENT_DIAGNOSTIC,False,MDOC_DOCUMENT+OCR_HEADER_POSITION,5C989274617C576316FD86055671ECCB3D8B40D4A6D022A08CCB7BEDE037C32A.native.txt,5C989274617C576316FD86055671ECCB3D8B40D4A6D022A08CCB7BEDE037C32A.header.txt,4149,True,OK
5CD323BE0FA8C7BF7DF56E09EB62B1338AD699ED21F25A09DBA6E646DA452906,Z001023267976.pdf,OTRO_DOCUMENTO,NOTA_CREDITO,QR_ARCA_STRONG,STRONG_RULE,F-108FF89DFB4EC29C3343,DEVELOPMENT,False,MDOC_DOCUMENT+OCR_HEADER_POSITION,5CD323BE0FA8C7BF7DF56E09EB62B1338AD699ED21F25A09DBA6E646DA452906.native.txt,5CD323BE0FA8C7BF7DF56E09EB62B1338AD699ED21F25A09DBA6E646DA452906.header.txt,1506,True,OK
5D0D7F3FAA4ADAB4AD899FAF93004DDD9B9B1E4AC8856E4E46BE7A592FF909C2,Z001023305617.pdf,FACTURA,FACTURA,QR_ARCA_STRONG,STRONG_RULE,F-463F5D66BCFC1B95B4F2,DEVELOPMENT,False,MDOC_DOCUMENT+OCR_HEADER_POSITION,5D0D7F3FAA4ADAB4AD899FAF93004DDD9B9B1E4AC8856E4E46BE7A592FF909C2.native.txt,5D0D7F3FAA4ADAB4AD899FAF93004DDD9B9B1E4AC8856E4E46BE7A592FF909C2.header.txt,1901,True,OK
5D224861E913AB275EAC0A0EE1005444D3C0A68007538B2C3C2965DDEDE157C2,Z001023243073.pdf,FACTURA,FACTURA,QR_ARCA_STRONG,STRONG_RULE,F-EE08C7103D2458E54189,DEVELOPMENT_DIAGNOSTIC,True,MDOC_DOCUMENT+OCR_HEADER_POSITION,5D224861E913AB275EAC0A0EE1005444D3C0A68007538B2C3C2965DDEDE157C2.native.txt,5D224861E913AB275EAC0A0EE1005444D3C0A68007538B2C3C2965DDEDE157C2.header.txt,1895,True,OK
5DAF08946350F296A06082880FF427EEE8B115DD39BDF5199DD8C0188B76E15D,Z001023267944.pdf,FACTURA,FACTURA,QR_ARCA_STRONG,STRONG_RULE,F-976EEED6E8682B3EC86C,DEVELOPMENT,False,MDOC_DOCUMENT+OCR_HEADER_POSITION,5DAF08946350F296A06082880FF427EEE8B115DD39BDF5199DD8C0188B76E15D.native.txt,5DAF08946350F296A06082880FF427EEE8B115DD39BDF5199DD8C0188B76E15D.header.txt,7129,True,OK
5DBF71860ACD1EFE7170B783B09DF90415135A82C8C02BA29E1DDBDE98D4D92C,Z001023384938.pdf,FACTURA,FACTURA,QR_ARCA_STRONG,STRONG_RULE,F-FACD83D8B4281A05571A,DEVELOPMENT_DIAGNOSTIC,False,MDOC_DOCUMENT+OCR_HEADER_POSITION,5DBF71860ACD1EFE7170B783B09DF90415135A82C8C02BA29E1DDBDE98D4D92C.native.txt,5DBF71860ACD1EFE7170B783B09DF90415135A82C8C02BA29E1DDBDE98D4D92C.header.txt,4506,True,OK
5DE70F354C118DFBDD5368EDEF221DFE5CF7AE6D16C115B9770EA743743E71F8,Z001023266858.pdf,FACTURA,FACTURA,QR_ARCA_STRONG,STRONG_RULE,F-127BD2FBDD2CC031C0FE,DEVELOPMENT_DIAGNOSTIC,False,MDOC_DOCUMENT+OCR_HEADER_POSITION,5DE70F354C118DFBDD5368EDEF221DFE5CF7AE6D16C115B9770EA743743E71F8.native.txt,5DE70F354C118DFBDD5368EDEF221DFE5CF7AE6D16C115B9770EA743743E71F8.header.txt,1922,True,OK
5E37BAFFEE3158DC48F70E790EFAA998E9CE2904FE56058F75BF845F27357702,Z001023242366.pdf,FACTURA,FACTURA,QR_ARCA_STRONG,STRONG_RULE,F-EE08C7103D2458E54189,DEVELOPMENT_DIAGNOSTIC,True,MDOC_DOCUMENT+OCR_HEADER_POSITION,5E37BAFFEE3158DC48F70E790EFAA998E9CE2904FE56058F75BF845F27357702.native.txt,5E37BAFFEE3158DC48F70E790EFAA998E9CE2904FE56058F75BF845F27357702.header.txt,1943,True,OK
5EADB6DE2AB4B5612CCB893D4D6F822DACA8F537DC34198253A2FA45B77AA3B0,Z001023267332.pdf,FACTURA,FACTURA,QR_ARCA_STRONG,STRONG_RULE,F-EE08C7103D2458E54189,DEVELOPMENT_DIAGNOSTIC,False,MDOC_DOCUMENT+OCR_HEADER_POSITION,5EADB6DE2AB4B5612CCB893D4D6F822DACA8F537DC34198253A2FA45B77AA3B0.native.txt,5EADB6DE2AB4B5612CCB893D4D6F822DACA8F537DC34198253A2FA45B77AA3B0.header.txt,1955,True,OK
5F1C7E2F701520CDB3290752AC7E87FEA8278A7452B488B35E0FE82B539D1D0E,Z001023338077.pdf,FACTURA,FACTURA,QR_ARCA_STRONG,STRONG_RULE,F-FACD83D8B4281A05571A,DEVELOPMENT_DIAGNOSTIC,False,MDOC_DOCUMENT+OCR_HEADER_POSITION,5F1C7E2F701520CDB3290752AC7E87FEA8278A7452B488B35E0FE82B539D1D0E.native.txt,5F1C7E2F701520CDB3290752AC7E87FEA8278A7452B488B35E0FE82B539D1D0E.header.txt,4257,True,OK
5F27D54F0E68E22B94CC0599AA11815F37E12D38D198BAF916699866A5771C7A,Z001023423302.pdf,FACTURA,FACTURA,PDF_TEXT_STRONG,STRONG_RULE,F-EFE6E9C595B24436566B,DEVELOPMENT,False,MDOC_DOCUMENT+OCR_HEADER_POSITION,5F27D54F0E68E22B94CC0599AA11815F37E12D38D198BAF916699866A5771C7A.native.txt,5F27D54F0E68E22B94CC0599AA11815F37E12D38D198BAF916699866A5771C7A.header.txt,1296,True,OK
5FB7BD28D27616E8676E0229F610930D8EB1C05062288C9843B6A07025902965,Z001023283789.pdf,FACTURA,FACTURA,QR_ARCA_STRONG,STRONG_RULE,F-FACD83D8B4281A05571A,DEVELOPMENT_DIAGNOSTIC,False,MDOC_DOCUMENT+OCR_HEADER_POSITION,5FB7BD28D27616E8676E0229F610930D8EB1C05062288C9843B6A07025902965.native.txt,5FB7BD28D27616E8676E0229F610930D8EB1C05062288C9843B6A07025902965.header.txt,4152,True,OK
5FF603BFE35FFE846FE61CC7D6E257DAFA04176A27BDDA23DB954E289083BDA7,Z001023435310.pdf,FACTURA,FACTURA,QR_ARCA_STRONG,STRONG_RULE,F-FACD83D8B4281A05571A,DEVELOPMENT_DIAGNOSTIC,False,MDOC_DOCUMENT+OCR_HEADER_POSITION,5FF603BFE35FFE846FE61CC7D6E257DAFA04176A27BDDA23DB954E289083BDA7.native.txt,5FF603BFE35FFE846FE61CC7D6E257DAFA04176A27BDDA23DB954E289083BDA7.header.txt,4074,True,OK
60558219ECCEAA2E0CC16BEF0AA57528D8111AF668CE04DD850611269578D101,Z001023267145.pdf,FACTURA,FACTURA,OCR_STRONG,STRONG_RULE,F-C4EFEA98CD9D9490E678,DEVELOPMENT,False,MDOC_DOCUMENT+OCR_HEADER_POSITION,60558219ECCEAA2E0CC16BEF0AA57528D8111AF668CE04DD850611269578D101.native.txt,60558219ECCEAA2E0CC16BEF0AA57528D8111AF668CE04DD850611269578D101.header.txt,3340,True,OK
614C2047A38FFFEC9913CEA1D7C91912147857A130D26CEB45D38AFECE1F3018,Z001023284295.pdf,FACTURA,FACTURA,QR_ARCA_STRONG,STRONG_RULE,F-EE08C7103D2458E54189,DEVELOPMENT_DIAGNOSTIC,False,MDOC_DOCUMENT+OCR_HEADER_POSITION,614C2047A38FFFEC9913CEA1D7C91912147857A130D26CEB45D38AFECE1F3018.native.txt,614C2047A38FFFEC9913CEA1D7C91912147857A130D26CEB45D38AFECE1F3018.header.txt,1941,True,OK
618FA8EF90B2BC09442461DF6A1950F3B56DE7D9217334E5658065B15A2D1C7D,Z001023305700.pdf,FACTURA,FACTURA,OCR_STRONG,STRONG_RULE,F-66FEEC36CB99F857D1A9,DEVELOPMENT,False,MDOC_DOCUMENT+OCR_HEADER_POSITION,618FA8EF90B2BC09442461DF6A1950F3B56DE7D9217334E5658065B15A2D1C7D.native.txt,618FA8EF90B2BC09442461DF6A1950F3B56DE7D9217334E5658065B15A2D1C7D.header.txt,806,True,OK
62ED045064645CFAC1E4ABEAB3BD7871BB1ACA133EB42A02042DFD4116B68747,Z001023284539.pdf,FACTURA,FACTURA,QR_ARCA_STRONG,STRONG_RULE,F-463F5D66BCFC1B95B4F2,DEVELOPMENT,False,MDOC_DOCUMENT+OCR_HEADER_POSITION,62ED045064645CFAC1E4ABEAB3BD7871BB1ACA133EB42A02042DFD4116B68747.native.txt,62ED045064645CFAC1E4ABEAB3BD7871BB1ACA133EB42A02042DFD4116B68747.header.txt,800,True,OK
6306F04EC7699ACD9AA20661D6A0094E0EF6F2D07DB0DCB6E7DCB90754F946FC,Z001023321112.pdf,FACTURA,FACTURA,QR_ARCA_STRONG,STRONG_RULE,F-EE08C7103D2458E54189,DEVELOPMENT_DIAGNOSTIC,False,MDOC_DOCUMENT+OCR_HEADER_POSITION,6306F04EC7699ACD9AA20661D6A0094E0EF6F2D07DB0DCB6E7DCB90754F946FC.native.txt,6306F04EC7699ACD9AA20661D6A0094E0EF6F2D07DB0DCB6E7DCB90754F946FC.header.txt,1893,True,OK
6358F007E68B39846A6D3A1985B57BA5DB9B44816655F040179A2E54F5D3950B,Z001023410770.pdf,FACTURA,FACTURA,QR_ARCA_STRONG,STRONG_RULE,F-EE08C7103D2458E54189,DEVELOPMENT_DIAGNOSTIC,False,MDOC_DOCUMENT+OCR_HEADER_POSITION,6358F007E68B39846A6D3A1985B57BA5DB9B44816655F040179A2E54F5D3950B.native.txt,6358F007E68B39846A6D3A1985B57BA5DB9B44816655F040179A2E54F5D3950B.header.txt,1906,True,OK
63D1DB74D405C58FC6B148A98498E2351418A24343D9326C5EB42A6CCEC42A4A,Z001023366865.pdf,OTRO_DOCUMENTO,NOTA_CREDITO,OCR_STRONG,STRONG_RULE,F-99F7A3F5F30B759FC1BA,DEVELOPMENT,False,MDOC_DOCUMENT+OCR_HEADER_POSITION,63D1DB74D405C58FC6B148A98498E2351418A24343D9326C5EB42A6CCEC42A4A.native.txt,63D1DB74D405C58FC6B148A98498E2351418A24343D9326C5EB42A6CCEC42A4A.header.txt,1422,True,OK
63E3F4FF38F20C64BA564671499DC8683FBF77219974F9D9B1173F8A2FE05D4C,Z001023422553.pdf,FACTURA,FACTURA,PDF_TEXT_STRONG,STRONG_RULE,F-63F23BB2C7162DAFD254,DEVELOPMENT,False,MDOC_DOCUMENT+OCR_HEADER_POSITION,63E3F4FF38F20C64BA564671499DC8683FBF77219974F9D9B1173F8A2FE05D4C.native.txt,63E3F4FF38F20C64BA564671499DC8683FBF77219974F9D9B1173F8A2FE05D4C.header.txt,4499,True,OK
63F5F3AB045C5B5F66EA108111298A47D3D35401D9F776570A886AC745108D3F,Z001023321695.pdf,OTRO_DOCUMENTO,OTRO_DOCUMENTO,QR_ARCA_STRONG,STRONG_RULE,F-FACD83D8B4281A05571A,DEVELOPMENT_DIAGNOSTIC,False,MDOC_DOCUMENT+OCR_HEADER_POSITION,63F5F3AB045C5B5F66EA108111298A47D3D35401D9F776570A886AC745108D3F.native.txt,63F5F3AB045C5B5F66EA108111298A47D3D35401D9F776570A886AC745108D3F.header.txt,4299,True,OK
6403BB9E343E7ADC6832D9FEF0B238A5C7629934B729B49930D5EB612D45A237,Z001023384946.pdf,OTRO_DOCUMENTO,NOTA_CREDITO,QR_ARCA_STRONG,STRONG_RULE,F-FACD83D8B4281A05571A,DEVELOPMENT_DIAGNOSTIC,False,MDOC_DOCUMENT+OCR_HEADER_POSITION,6403BB9E343E7ADC6832D9FEF0B238A5C7629934B729B49930D5EB612D45A237.native.txt,6403BB9E343E7ADC6832D9FEF0B238A5C7629934B729B49930D5EB612D45A237.header.txt,4062,True,OK
644FB4104CC6E78DECDE080C8BD310D32890EA13F2BCB7525F77ACB5E97A78D7,Z001023307015.pdf,FACTURA,FACTURA,OCR_STRONG,STRONG_RULE,F-D8FCDE61FE47CC36A198,DEVELOPMENT,False,MDOC_DOCUMENT+OCR_HEADER_POSITION,644FB4104CC6E78DECDE080C8BD310D32890EA13F2BCB7525F77ACB5E97A78D7.native.txt,644FB4104CC6E78DECDE080C8BD310D32890EA13F2BCB7525F77ACB5E97A78D7.header.txt,1931,True,OK
64FB474B146A0EB177D75CB68476D6BCE12EF039503945B080FCA1CE3484EB2E,Z001023268129.pdf,FACTURA,FACTURA,QR_ARCA_STRONG,STRONG_RULE,F-22D8B0B2BC197D116017,DEVELOPMENT,False,MDOC_DOCUMENT+OCR_HEADER_POSITION,64FB474B146A0EB177D75CB68476D6BCE12EF039503945B080FCA1CE3484EB2E.native.txt,64FB474B146A0EB177D75CB68476D6BCE12EF039503945B080FCA1CE3484EB2E.header.txt,8050,True,OK
65056D9EA1A540DC588945E523AD94B314066341E145D5716A7A605D30F64157,Z001023422325.pdf,FACTURA,FACTURA,QR_ARCA_STRONG,STRONG_RULE,F-FACD83D8B4281A05571A,DEVELOPMENT_DIAGNOSTIC,False,MDOC_DOCUMENT+OCR_HEADER_POSITION,65056D9EA1A540DC588945E523AD94B314066341E145D5716A7A605D30F64157.native.txt,65056D9EA1A540DC588945E523AD94B314066341E145D5716A7A605D30F64157.header.txt,4149,True,OK
653916FEE25C919AB6EB8CD62ACDB2EFB4ED9246ABE1E345CCEFD62AD0B1EEEF,Z001023454441.pdf,FACTURA,FACTURA,QR_ARCA_STRONG,STRONG_RULE,F-463F5D66BCFC1B95B4F2,DEVELOPMENT,False,MDOC_DOCUMENT+OCR_HEADER_POSITION,653916FEE25C919AB6EB8CD62ACDB2EFB4ED9246ABE1E345CCEFD62AD0B1EEEF.native.txt,653916FEE25C919AB6EB8CD62ACDB2EFB4ED9246ABE1E345CCEFD62AD0B1EEEF.header.txt,1100,True,OK
65689BDA6B6E78D08778050BC9AF74BF489A45EC0F06B14D021402CC4A49703B,Z001023336323.pdf,FACTURA,FACTURA,PDF_TEXT_STRONG,STRONG_RULE,F-9556189C2A6C11049E74,DEVELOPMENT,False,MDOC_DOCUMENT+OCR_HEADER_POSITION,65689BDA6B6E78D08778050BC9AF74BF489A45EC0F06B14D021402CC4A49703B.native.txt,65689BDA6B6E78D08778050BC9AF74BF489A45EC0F06B14D021402CC4A49703B.header.txt,947,True,OK
657D014F547F5C67D9C3C97F905729BE00F4498F2CB5E01528AAFF4F0E177E5B,Z001023350376.pdf,OTRO_DOCUMENTO,NOTA_CREDITO,OCR_STRONG,STRONG_RULE,F-DCC01CD6C3861C7E4C3E,DEVELOPMENT,False,OCR_PRODUCT_FIRST_PAGE,657D014F547F5C67D9C3C97F905729BE00F4498F2CB5E01528AAFF4F0E177E5B.ocr.txt,657D014F547F5C67D9C3C97F905729BE00F4498F2CB5E01528AAFF4F0E177E5B.header.txt,1908,False,OK
657E1FF4F3374E8D93CA51BEC8C1C7D4058C9E51797A97E15FCAFCF3A54FC356,Z001023305809.pdf,FACTURA,FACTURA,OCR_STRONG,STRONG_RULE,F-B48A5E97973412D090E1,DEVELOPMENT,False,MDOC_DOCUMENT+OCR_HEADER_POSITION,657E1FF4F3374E8D93CA51BEC8C1C7D4058C9E51797A97E15FCAFCF3A54FC356.native.txt,657E1FF4F3374E8D93CA51BEC8C1C7D4058C9E51797A97E15FCAFCF3A54FC356.header.txt,2489,True,OK
65D1D32538349C1E4FD033151901890E04026E390D8DBDDB40D8BA7450402C6D,Z001023265841.pdf,FACTURA,FACTURA,QR_ARCA_STRONG,STRONG_RULE,F-EE08C7103D2458E54189,DEVELOPMENT_DIAGNOSTIC,False,MDOC_DOCUMENT+OCR_HEADER_POSITION,65D1D32538349C1E4FD033151901890E04026E390D8DBDDB40D8BA7450402C6D.native.txt,65D1D32538349C1E4FD033151901890E04026E390D8DBDDB40D8BA7450402C6D.header.txt,1970,True,OK
660C649E87C0E096D3EA290A7EEB1B41027B0E57F5AC516359697241B2FA0A46,Z001023321054.pdf,FACTURA,FACTURA,QR_ARCA_STRONG,STRONG_RULE,F-FACD83D8B4281A05571A,DEVELOPMENT_DIAGNOSTIC,False,MDOC_DOCUMENT+OCR_HEADER_POSITION,660C649E87C0E096D3EA290A7EEB1B41027B0E57F5AC516359697241B2FA0A46.native.txt,660C649E87C0E096D3EA290A7EEB1B41027B0E57F5AC516359697241B2FA0A46.header.txt,4170,True,OK
6628B77297FB0AF7072963D7CFE54056E7303FF0D0C639C77083714E0007556F,Z001023349970.pdf,FACTURA,FACTURA,QR_ARCA_STRONG,STRONG_RULE,F-463F5D66BCFC1B95B4F2,DEVELOPMENT,False,MDOC_DOCUMENT+OCR_HEADER_POSITION,6628B77297FB0AF7072963D7CFE54056E7303FF0D0C639C77083714E0007556F.native.txt,6628B77297FB0AF7072963D7CFE54056E7303FF0D0C639C77083714E0007556F.header.txt,3664,True,OK
669CEF756F24B3F2936E59DA9B442C8189694D27CDCAA0F56F21B933D8FFF582,Z001023268013.pdf,FACTURA,FACTURA,QR_ARCA_STRONG,STRONG_RULE,F-FACD83D8B4281A05571A,DEVELOPMENT_DIAGNOSTIC,False,MDOC_DOCUMENT+OCR_HEADER_POSITION,669CEF756F24B3F2936E59DA9B442C8189694D27CDCAA0F56F21B933D8FFF582.native.txt,669CEF756F24B3F2936E59DA9B442C8189694D27CDCAA0F56F21B933D8FFF582.header.txt,4305,True,OK
671095A2ED870416638D91130E56FEB62CED369C2B40CF13D8A3685EF542C9C2,Z001023243381.pdf,FACTURA,FACTURA,QR_ARCA_STRONG,STRONG_RULE,F-6F5CAF1E1AEEB43C5486,DEVELOPMENT_DIAGNOSTIC,True,MDOC_DOCUMENT+OCR_HEADER_POSITION,671095A2ED870416638D91130E56FEB62CED369C2B40CF13D8A3685EF542C9C2.native.txt,671095A2ED870416638D91130E56FEB62CED369C2B40CF13D8A3685EF542C9C2.header.txt,3336,True,OK
674A1F88C6BD5E53FAF757B8EAF603391E1CDAAFF0A5B8A0038B98FCB947852D,Z001023467491.pdf,FACTURA,FACTURA,PDF_TEXT_STRONG,STRONG_RULE,F-E311D094CEA0C30D422D,DEVELOPMENT,False,MDOC_DOCUMENT+OCR_HEADER_POSITION,674A1F88C6BD5E53FAF757B8EAF603391E1CDAAFF0A5B8A0038B98FCB947852D.native.txt,674A1F88C6BD5E53FAF757B8EAF603391E1CDAAFF0A5B8A0038B98FCB947852D.header.txt,4718,True,OK
679B276143705D4AC3247557E5B766A0D3B8EF46EF0C7E93E9743E56F4C7C21B,Z001023385074.pdf,FACTURA,FACTURA,QR_ARCA_STRONG,STRONG_RULE,F-FC411F149001282E7254,DEVELOPMENT,False,MDOC_DOCUMENT+OCR_HEADER_POSITION,679B276143705D4AC3247557E5B766A0D3B8EF46EF0C7E93E9743E56F4C7C21B.native.txt,679B276143705D4AC3247557E5B766A0D3B8EF46EF0C7E93E9743E56F4C7C21B.header.txt,1397,True,OK
681D494D1EABD2B24BA13F9F99B3AC5F6D565688BB7368714C430C5395C5A868,Z001023243384.pdf,FACTURA,FACTURA,EXISTING_GROUND_TRUTH,CONFIRMED_EXISTING,F-127BD2FBDD2CC031C0FE,DEVELOPMENT_DIAGNOSTIC,True,MDOC_DOCUMENT+OCR_HEADER_POSITION,681D494D1EABD2B24BA13F9F99B3AC5F6D565688BB7368714C430C5395C5A868.native.txt,681D494D1EABD2B24BA13F9F99B3AC5F6D565688BB7368714C430C5395C5A868.header.txt,1849,True,OK
68384C891F748520511F1AC118FCE49299EBC326BF1FA1B534BBBF80AEB427D4,Z001023267817.pdf,FACTURA,FACTURA,QR_ARCA_STRONG,STRONG_RULE,F-FACD83D8B4281A05571A,DEVELOPMENT_DIAGNOSTIC,False,MDOC_DOCUMENT+OCR_HEADER_POSITION,68384C891F748520511F1AC118FCE49299EBC326BF1FA1B534BBBF80AEB427D4.native.txt,68384C891F748520511F1AC118FCE49299EBC326BF1FA1B534BBBF80AEB427D4.header.txt,4353,True,OK
68847021C832C384F382EB8B663EF6878C4B227562C30B4AE75BACD93F932807,Z001023283742.pdf,FACTURA,FACTURA,QR_ARCA_STRONG,STRONG_RULE,F-FACD83D8B4281A05571A,DEVELOPMENT_DIAGNOSTIC,False,MDOC_DOCUMENT+OCR_HEADER_POSITION,68847021C832C384F382EB8B663EF6878C4B227562C30B4AE75BACD93F932807.native.txt,68847021C832C384F382EB8B663EF6878C4B227562C30B4AE75BACD93F932807.header.txt,4098,True,OK
688B857EBA76F3FDD3C84756E0A20DB13FDCC6613A64CC850D0CDA9760FDF897,Z001023398913.pdf,FACTURA,FACTURA,QR_ARCA_STRONG,STRONG_RULE,F-FACD83D8B4281A05571A,DEVELOPMENT_DIAGNOSTIC,False,MDOC_DOCUMENT+OCR_HEADER_POSITION,688B857EBA76F3FDD3C84756E0A20DB13FDCC6613A64CC850D0CDA9760FDF897.native.txt,688B857EBA76F3FDD3C84756E0A20DB13FDCC6613A64CC850D0CDA9760FDF897.header.txt,4179,True,OK
689B7BBF501134FEE362293BF2BFE282BFAF1D3D456B47AC2C5C1CCAB5FA15C4,Z001023365877.pdf,OTRO_DOCUMENTO,OTRO_DOCUMENTO,QR_ARCA_STRONG,STRONG_RULE,F-FACD83D8B4281A05571A,DEVELOPMENT_DIAGNOSTIC,False,MDOC_DOCUMENT+OCR_HEADER_POSITION,689B7BBF501134FEE362293BF2BFE282BFAF1D3D456B47AC2C5C1CCAB5FA15C4.native.txt,689B7BBF501134FEE362293BF2BFE282BFAF1D3D456B47AC2C5C1CCAB5FA15C4.header.txt,4398,True,OK
68B3C6AAFE89838741E71226D9F554CE180B406E66489C6843999F2CB92CEDF1,Z001023242965.pdf,FACTURA,FACTURA,QR_ARCA_STRONG,STRONG_RULE,F-EE08C7103D2458E54189,DEVELOPMENT_DIAGNOSTIC,True,MDOC_DOCUMENT+OCR_HEADER_POSITION,68B3C6AAFE89838741E71226D9F554CE180B406E66489C6843999F2CB92CEDF1.native.txt,68B3C6AAFE89838741E71226D9F554CE180B406E66489C6843999F2CB92CEDF1.header.txt,1956,True,OK
68BECE9089A8CF2D016046FF5F01BD82DB7E926079538EFBDAC71920F9FB6F4E,Z001023264729.pdf,FACTURA,FACTURA,QR_ARCA_STRONG,STRONG_RULE,F-E70110F2096258660969,DEVELOPMENT,False,MDOC_DOCUMENT+OCR_HEADER_POSITION,68BECE9089A8CF2D016046FF5F01BD82DB7E926079538EFBDAC71920F9FB6F4E.native.txt,68BECE9089A8CF2D016046FF5F01BD82DB7E926079538EFBDAC71920F9FB6F4E.header.txt,1910,True,OK
691BF365684F97697A067502250D2340172FFABC2AF02D9E3B21DA04BCB2E53D,Z001023305692.pdf,FACTURA,FACTURA,QR_ARCA_STRONG,STRONG_RULE,F-463F5D66BCFC1B95B4F2,DEVELOPMENT,False,OCR_PRODUCT_FIRST_PAGE,691BF365684F97697A067502250D2340172FFABC2AF02D9E3B21DA04BCB2E53D.ocr.txt,691BF365684F97697A067502250D2340172FFABC2AF02D9E3B21DA04BCB2E53D.header.txt,1401,False,OK
6951FCD388A8D53F50AEC19CB24E961F550D8DFDD9B70D9D3EBBEE53AB0530DF,Z001023266873.pdf,FACTURA,FACTURA,PDF_TEXT_STRONG,STRONG_RULE,F-BD443D8161F24BFCB109,DEVELOPMENT,False,MDOC_DOCUMENT+OCR_HEADER_POSITION,6951FCD388A8D53F50AEC19CB24E961F550D8DFDD9B70D9D3EBBEE53AB0530DF.native.txt,6951FCD388A8D53F50AEC19CB24E961F550D8DFDD9B70D9D3EBBEE53AB0530DF.header.txt,4643,True,OK
69BD97565D5E8FA5D5CC7FD22FC5672E7AB8B5D16B40DFF18AEA29F0EE46FD94,Z001023410432.pdf,FACTURA,FACTURA,QR_ARCA_STRONG,STRONG_RULE,F-EE08C7103D2458E54189,DEVELOPMENT_DIAGNOSTIC,False,MDOC_DOCUMENT+OCR_HEADER_POSITION,69BD97565D5E8FA5D5CC7FD22FC5672E7AB8B5D16B40DFF18AEA29F0EE46FD94.native.txt,69BD97565D5E8FA5D5CC7FD22FC5672E7AB8B5D16B40DFF18AEA29F0EE46FD94.header.txt,2057,True,OK
69F92D3D10F2BE9527CE3AA19F22635B987762F8663A4A61550B7791C9813E44,Z001023366864.pdf,OTRO_DOCUMENTO,NOTA_CREDITO,OCR_STRONG,STRONG_RULE,F-99F7A3F5F30B759FC1BA,DEVELOPMENT,False,MDOC_DOCUMENT+OCR_HEADER_POSITION,69F92D3D10F2BE9527CE3AA19F22635B987762F8663A4A61550B7791C9813E44.native.txt,69F92D3D10F2BE9527CE3AA19F22635B987762F8663A4A61550B7791C9813E44.header.txt,1389,True,OK
6A06BCDA8E65514CF3BD6E192ED15EE82B1DF5E90108BE7BCD9B102E469B53F9,Z001023267261.pdf,FACTURA,FACTURA,OCR_STRONG,STRONG_RULE,F-A75A0A5D32BC3BDDC3FF,DEVELOPMENT,False,MDOC_DOCUMENT+OCR_HEADER_POSITION,6A06BCDA8E65514CF3BD6E192ED15EE82B1DF5E90108BE7BCD9B102E469B53F9.native.txt,6A06BCDA8E65514CF3BD6E192ED15EE82B1DF5E90108BE7BCD9B102E469B53F9.header.txt,810,True,OK
6A19E35A6ABC9779551A8B03A45A480090726EC526CA32ABE637DAE9DC09E317,Z001023466474.pdf,FACTURA,FACTURA,PDF_TEXT_STRONG,STRONG_RULE,F-874149FBB96F2D26236B,DEVELOPMENT,False,MDOC_DOCUMENT+OCR_HEADER_POSITION,6A19E35A6ABC9779551A8B03A45A480090726EC526CA32ABE637DAE9DC09E317.native.txt,6A19E35A6ABC9779551A8B03A45A480090726EC526CA32ABE637DAE9DC09E317.header.txt,60469,True,OK
6A44D2562609C71F11C6039FD392E9E681619719A7040D46EA9B6E1E6DB4F295,Z001023466254.pdf,FACTURA,FACTURA,QR_ARCA_STRONG,STRONG_RULE,F-FACD83D8B4281A05571A,DEVELOPMENT_DIAGNOSTIC,False,MDOC_DOCUMENT+OCR_HEADER_POSITION,6A44D2562609C71F11C6039FD392E9E681619719A7040D46EA9B6E1E6DB4F295.native.txt,6A44D2562609C71F11C6039FD392E9E681619719A7040D46EA9B6E1E6DB4F295.header.txt,1488,True,OK
6AA2642DAF7B52EB364C1F945C3E1E25D291670E295B50405BC27CB969D12DE4,Z001023321061.pdf,FACTURA,FACTURA,QR_ARCA_STRONG,STRONG_RULE,F-FACD83D8B4281A05571A,DEVELOPMENT_DIAGNOSTIC,False,MDOC_DOCUMENT+OCR_HEADER_POSITION,6AA2642DAF7B52EB364C1F945C3E1E25D291670E295B50405BC27CB969D12DE4.native.txt,6AA2642DAF7B52EB364C1F945C3E1E25D291670E295B50405BC27CB969D12DE4.header.txt,4194,True,OK
6AAA6E56A668CA470CE59A1DA0E3208162A408FD1E83E1DB80551F50B08F7631,Z001023242344.pdf,OTRO_DOCUMENTO,NOTA_CREDITO,QR_ARCA_STRONG,STRONG_RULE,F-2225E7482E0C1A2CF093,DEVELOPMENT_DIAGNOSTIC,True,MDOC_DOCUMENT+OCR_HEADER_POSITION,6AAA6E56A668CA470CE59A1DA0E3208162A408FD1E83E1DB80551F50B08F7631.native.txt,6AAA6E56A668CA470CE59A1DA0E3208162A408FD1E83E1DB80551F50B08F7631.header.txt,1499,True,OK
6AB1420C695AE2A02BBF6C1CF3EA49C7218A2CF1AC0BAE68E045D85D111FC0C0,Z001023410767.pdf,FACTURA,FACTURA,QR_ARCA_STRONG,STRONG_RULE,F-FACD83D8B4281A05571A,DEVELOPMENT_DIAGNOSTIC,False,OCR_PRODUCT_FIRST_PAGE,6AB1420C695AE2A02BBF6C1CF3EA49C7218A2CF1AC0BAE68E045D85D111FC0C0.ocr.txt,6AB1420C695AE2A02BBF6C1CF3EA49C7218A2CF1AC0BAE68E045D85D111FC0C0.header.txt,1376,False,OK
6B0339E36C35108FAF16CA49C1BF3433163F965A1ED14438435253633CBB9F31,Z001023283864.pdf,FACTURA,FACTURA,QR_ARCA_STRONG,STRONG_RULE,F-FACD83D8B4281A05571A,DEVELOPMENT_DIAGNOSTIC,False,MDOC_DOCUMENT+OCR_HEADER_POSITION,6B0339E36C35108FAF16CA49C1BF3433163F965A1ED14438435253633CBB9F31.native.txt,6B0339E36C35108FAF16CA49C1BF3433163F965A1ED14438435253633CBB9F31.header.txt,4755,True,OK
6B4A3FF9C231EC839A67CEBFFE430E144F787E7637B5565884FC431C70BB3736,Z001023305691.pdf,FACTURA,FACTURA,QR_ARCA_STRONG,STRONG_RULE,F-FACD83D8B4281A05571A,DEVELOPMENT_DIAGNOSTIC,False,MDOC_DOCUMENT+OCR_HEADER_POSITION,6B4A3FF9C231EC839A67CEBFFE430E144F787E7637B5565884FC431C70BB3736.native.txt,6B4A3FF9C231EC839A67CEBFFE430E144F787E7637B5565884FC431C70BB3736.header.txt,4350,True,OK
6B5E9590C4800D1DF3407962383CB00B53C9090887157D672A4E2359DFFAA25F,Z001023338055.pdf,FACTURA,FACTURA,QR_ARCA_STRONG,STRONG_RULE,F-463F5D66BCFC1B95B4F2,DEVELOPMENT,False,MDOC_DOCUMENT+OCR_HEADER_POSITION,6B5E9590C4800D1DF3407962383CB00B53C9090887157D672A4E2359DFFAA25F.native.txt,6B5E9590C4800D1DF3407962383CB00B53C9090887157D672A4E2359DFFAA25F.header.txt,1134,True,OK
6B7BB9D0EFF24F7DAB919D1049DE297F8C289642CBF813E3C2E85064308F0BC6,Z001023397972.pdf,FACTURA,FACTURA,QR_ARCA_STRONG,STRONG_RULE,F-FACD83D8B4281A05571A,DEVELOPMENT_DIAGNOSTIC,False,MDOC_DOCUMENT+OCR_HEADER_POSITION,6B7BB9D0EFF24F7DAB919D1049DE297F8C289642CBF813E3C2E85064308F0BC6.native.txt,6B7BB9D0EFF24F7DAB919D1049DE297F8C289642CBF813E3C2E85064308F0BC6.header.txt,5703,True,OK
6B96BB1E1D807BDFD4A12F5631C2176A155EE44DAA9B974BA349414248CE8938,Z001023267136.pdf,FACTURA,FACTURA,OCR_STRONG,STRONG_RULE,F-C4EFEA98CD9D9490E678,DEVELOPMENT,False,MDOC_DOCUMENT+OCR_HEADER_POSITION,6B96BB1E1D807BDFD4A12F5631C2176A155EE44DAA9B974BA349414248CE8938.native.txt,6B96BB1E1D807BDFD4A12F5631C2176A155EE44DAA9B974BA349414248CE8938.header.txt,3636,True,OK
6BC211BC3F456C4F62C7F39BE39CE115108F377BC270C8D0CBD9CB0A400092D5,Z001023321351.pdf,FACTURA,FACTURA,PDF_TEXT_STRONG,STRONG_RULE,F-463F5D66BCFC1B95B4F2,DEVELOPMENT,False,MDOC_DOCUMENT+OCR_HEADER_POSITION,6BC211BC3F456C4F62C7F39BE39CE115108F377BC270C8D0CBD9CB0A400092D5.native.txt,6BC211BC3F456C4F62C7F39BE39CE115108F377BC270C8D0CBD9CB0A400092D5.header.txt,928,True,OK
6BC87B9F03FDB1B6CA97AF962F30837A6B76F2CBC51CEAC85253E653BB7D3790,Z001023454866.pdf,FACTURA,FACTURA,QR_ARCA_STRONG,STRONG_RULE,F-FACD83D8B4281A05571A,DEVELOPMENT_DIAGNOSTIC,False,MDOC_DOCUMENT+OCR_HEADER_POSITION,6BC87B9F03FDB1B6CA97AF962F30837A6B76F2CBC51CEAC85253E653BB7D3790.native.txt,6BC87B9F03FDB1B6CA97AF962F30837A6B76F2CBC51CEAC85253E653BB7D3790.header.txt,4131,True,OK
6BDD70A1E311F323C3AE095EA182CC3591DEFFA1BB39A2F1872AD5556DE12B10,Z001023410905.pdf,FACTURA,FACTURA,PDF_TEXT_STRONG,STRONG_RULE,F-724FA6B6F7F7BF0A734C,DEVELOPMENT,False,MDOC_DOCUMENT+OCR_HEADER_POSITION,6BDD70A1E311F323C3AE095EA182CC3591DEFFA1BB39A2F1872AD5556DE12B10.native.txt,6BDD70A1E311F323C3AE095EA182CC3591DEFFA1BB39A2F1872AD5556DE12B10.header.txt,4248,True,OK
6C4F806F57E884A8868D9DDA6F11E9A66107106EC3FE4989B56D5ED6BDBF705C,Z001023268101.pdf,FACTURA,FACTURA,QR_ARCA_STRONG,STRONG_RULE,F-FACD83D8B4281A05571A,DEVELOPMENT_DIAGNOSTIC,False,MDOC_DOCUMENT+OCR_HEADER_POSITION,6C4F806F57E884A8868D9DDA6F11E9A66107106EC3FE4989B56D5ED6BDBF705C.native.txt,6C4F806F57E884A8868D9DDA6F11E9A66107106EC3FE4989B56D5ED6BDBF705C.header.txt,4275,True,OK
6C5B4EA91CF5B9B7DCFE271736BED260D3E743DB8E6B20D27414377E4A215229,Z001023455412.pdf,OTRO_DOCUMENTO,NOTA_DEBITO,PDF_TEXT_STRONG,STRONG_RULE,F-463F5D66BCFC1B95B4F2,DEVELOPMENT,False,MDOC_DOCUMENT+OCR_HEADER_POSITION,6C5B4EA91CF5B9B7DCFE271736BED260D3E743DB8E6B20D27414377E4A215229.native.txt,6C5B4EA91CF5B9B7DCFE271736BED260D3E743DB8E6B20D27414377E4A215229.header.txt,7052,True,OK
6C60860296C94E2ACB69838ECB62B7DEE7CD4A9C0357E689FC6DF7E2F4D840B5,Z001023466478.pdf,FACTURA,FACTURA,OCR_STRONG,STRONG_RULE,F-52A8D3E535639BC9066E,DEVELOPMENT,False,OCR_PRODUCT_FIRST_PAGE,6C60860296C94E2ACB69838ECB62B7DEE7CD4A9C0357E689FC6DF7E2F4D840B5.ocr.txt,6C60860296C94E2ACB69838ECB62B7DEE7CD4A9C0357E689FC6DF7E2F4D840B5.header.txt,1504,False,OK
6C8B940D1661F64CF6F7EC76B7DBF963C1D054B1355DFD856CA0FB306A750A3D,Z001023268087.pdf,FACTURA,FACTURA,QR_ARCA_STRONG,STRONG_RULE,F-EE08C7103D2458E54189,DEVELOPMENT_DIAGNOSTIC,False,MDOC_DOCUMENT+OCR_HEADER_POSITION,6C8B940D1661F64CF6F7EC76B7DBF963C1D054B1355DFD856CA0FB306A750A3D.native.txt,6C8B940D1661F64CF6F7EC76B7DBF963C1D054B1355DFD856CA0FB306A750A3D.header.txt,1939,True,OK
6C94C617C8904CF308B28BE5F23B2E67C8FC9DF6D9AD8F1B0FB3FEA74DBFEEA1,Z001023266877.pdf,FACTURA,FACTURA,QR_ARCA_STRONG,STRONG_RULE,F-EE08C7103D2458E54189,DEVELOPMENT_DIAGNOSTIC,False,MDOC_DOCUMENT+OCR_HEADER_POSITION,6C94C617C8904CF308B28BE5F23B2E67C8FC9DF6D9AD8F1B0FB3FEA74DBFEEA1.native.txt,6C94C617C8904CF308B28BE5F23B2E67C8FC9DF6D9AD8F1B0FB3FEA74DBFEEA1.header.txt,1824,True,OK
6D6E1AA48E6C44FD43EF2352B4C1F3D017BC787D0C043C49EAACDF1BCF531B22,Z001023267214.pdf,FACTURA,FACTURA,OCR_STRONG,STRONG_RULE,F-C4EFEA98CD9D9490E678,DEVELOPMENT,False,MDOC_DOCUMENT+OCR_HEADER_POSITION,6D6E1AA48E6C44FD43EF2352B4C1F3D017BC787D0C043C49EAACDF1BCF531B22.native.txt,6D6E1AA48E6C44FD43EF2352B4C1F3D017BC787D0C043C49EAACDF1BCF531B22.header.txt,3300,True,OK
6DEA7D3BCF2BDC78A4C5B1A0C8A35F62E0D88B265012BA0DBBCB8B6613470373,Z001023321186.pdf,FACTURA,FACTURA,QR_ARCA_STRONG,STRONG_RULE,F-463F5D66BCFC1B95B4F2,DEVELOPMENT,False,MDOC_DOCUMENT+OCR_HEADER_POSITION,6DEA7D3BCF2BDC78A4C5B1A0C8A35F62E0D88B265012BA0DBBCB8B6613470373.native.txt,6DEA7D3BCF2BDC78A4C5B1A0C8A35F62E0D88B265012BA0DBBCB8B6613470373.header.txt,996,True,OK
6E223B3FB776EC499C1079BF9AF95E4CAA33950DD34CBC577C446F8985A308EA,Z001023305817.pdf,FACTURA,FACTURA,OCR_STRONG,STRONG_RULE,F-C4EFEA98CD9D9490E678,DEVELOPMENT,False,MDOC_DOCUMENT+OCR_HEADER_POSITION,6E223B3FB776EC499C1079BF9AF95E4CAA33950DD34CBC577C446F8985A308EA.native.txt,6E223B3FB776EC499C1079BF9AF95E4CAA33950DD34CBC577C446F8985A308EA.header.txt,3116,True,OK
6E87835328F15BFEB50D7BE61B069A1C3E18312B37B2AD241FC3B3D5B3669957,Z001023283780.pdf,FACTURA,FACTURA,QR_ARCA_STRONG,STRONG_RULE,F-6F5CAF1E1AEEB43C5486,DEVELOPMENT_DIAGNOSTIC,False,MDOC_DOCUMENT+OCR_HEADER_POSITION,6E87835328F15BFEB50D7BE61B069A1C3E18312B37B2AD241FC3B3D5B3669957.native.txt,6E87835328F15BFEB50D7BE61B069A1C3E18312B37B2AD241FC3B3D5B3669957.header.txt,3687,True,OK
6E9ED9F5310651C047A3FC9B8D480F10A4625DB45DC71EB2F895E3E2993D62A1,Z001023305793.pdf,FACTURA,FACTURA,QR_ARCA_STRONG,STRONG_RULE,F-EE08C7103D2458E54189,DEVELOPMENT_DIAGNOSTIC,False,MDOC_DOCUMENT+OCR_HEADER_POSITION,6E9ED9F5310651C047A3FC9B8D480F10A4625DB45DC71EB2F895E3E2993D62A1.native.txt,6E9ED9F5310651C047A3FC9B8D480F10A4625DB45DC71EB2F895E3E2993D62A1.header.txt,1790,True,OK
6EE583A0329BFFE2CC0604B2DF470F2E9E8A3A491ABED3AE58229C122955C824,Z001023366863.pdf,OTRO_DOCUMENTO,NOTA_CREDITO,QR_ARCA_STRONG,STRONG_RULE,F-FACD83D8B4281A05571A,DEVELOPMENT_DIAGNOSTIC,False,MDOC_DOCUMENT+OCR_HEADER_POSITION,6EE583A0329BFFE2CC0604B2DF470F2E9E8A3A491ABED3AE58229C122955C824.native.txt,6EE583A0329BFFE2CC0604B2DF470F2E9E8A3A491ABED3AE58229C122955C824.header.txt,4449,True,OK
70183B71AFCE11898A3EBCFC447FF1DA5F4FCE6AE346AD66A7BFB03C5841D4DF,Z001023384945.pdf,OTRO_DOCUMENTO,OTRO_DOCUMENTO,QR_ARCA_STRONG,STRONG_RULE,F-FACD83D8B4281A05571A,DEVELOPMENT_DIAGNOSTIC,False,MDOC_DOCUMENT+OCR_HEADER_POSITION,70183B71AFCE11898A3EBCFC447FF1DA5F4FCE6AE346AD66A7BFB03C5841D4DF.native.txt,70183B71AFCE11898A3EBCFC447FF1DA5F4FCE6AE346AD66A7BFB03C5841D4DF.header.txt,4398,True,OK
70701EB80254F49040749A4D00344EC36FD7AC369A877580BDB3B12BC941655A,Z001023242307.pdf,FACTURA,FACTURA,QR_ARCA_STRONG,STRONG_RULE,F-FACD83D8B4281A05571A,DEVELOPMENT_DIAGNOSTIC,True,MDOC_DOCUMENT+OCR_HEADER_POSITION,70701EB80254F49040749A4D00344EC36FD7AC369A877580BDB3B12BC941655A.native.txt,70701EB80254F49040749A4D00344EC36FD7AC369A877580BDB3B12BC941655A.header.txt,3933,True,OK
70943A213A862A315DB451BAFBADDBFE5C0E45D694BF40FD8E5430FF47A032BA,Z001023242889.pdf,OTRO_DOCUMENTO,OTRO_DOCUMENTO,EXISTING_GROUND_TRUTH,CONFIRMED_EXISTING,F-E8D73DC2FE1F519E363D,DEVELOPMENT_DIAGNOSTIC,True,OCR_PRODUCT_FIRST_PAGE,70943A213A862A315DB451BAFBADDBFE5C0E45D694BF40FD8E5430FF47A032BA.ocr.txt,70943A213A862A315DB451BAFBADDBFE5C0E45D694BF40FD8E5430FF47A032BA.header.txt,1535,False,OK
70E5AE3F504F2F5AB4AD5B3E512AC716415539ADF79DF6BF02821B5A8D35578A,Z001023306668.pdf,FACTURA,FACTURA,QR_ARCA_STRONG,STRONG_RULE,F-463F5D66BCFC1B95B4F2,DEVELOPMENT,False,MDOC_DOCUMENT+OCR_HEADER_POSITION,70E5AE3F504F2F5AB4AD5B3E512AC716415539ADF79DF6BF02821B5A8D35578A.native.txt,70E5AE3F504F2F5AB4AD5B3E512AC716415539ADF79DF6BF02821B5A8D35578A.header.txt,1709,True,OK
724463BDFD7CEF809283F23242EFA6D6746540C1B1BED9FA87F7081F3FEAA794,Z001023321623.pdf,FACTURA,FACTURA,QR_ARCA_STRONG,STRONG_RULE,F-FACD83D8B4281A05571A,DEVELOPMENT_DIAGNOSTIC,False,MDOC_DOCUMENT+OCR_HEADER_POSITION,724463BDFD7CEF809283F23242EFA6D6746540C1B1BED9FA87F7081F3FEAA794.native.txt,724463BDFD7CEF809283F23242EFA6D6746540C1B1BED9FA87F7081F3FEAA794.header.txt,4968,True,OK
724E671BB3324AC80652938C4FC4669A53A37A8FC7CE84A81EA066E5A2D15246,Z001023242887.pdf,FACTURA,FACTURA,QR_ARCA_STRONG,STRONG_RULE,F-EE08C7103D2458E54189,DEVELOPMENT_DIAGNOSTIC,True,MDOC_DOCUMENT+OCR_HEADER_POSITION,724E671BB3324AC80652938C4FC4669A53A37A8FC7CE84A81EA066E5A2D15246.native.txt,724E671BB3324AC80652938C4FC4669A53A37A8FC7CE84A81EA066E5A2D15246.header.txt,1909,True,OK
728FFB9AA6918939C77AFBD14176374095A4B94DF78DC4BBE4E0D3A1F4E64555,Z001023320983.pdf,FACTURA,FACTURA,QR_ARCA_STRONG,STRONG_RULE,F-278280CEE7859CD404B9,DEVELOPMENT,False,MDOC_DOCUMENT+OCR_HEADER_POSITION,728FFB9AA6918939C77AFBD14176374095A4B94DF78DC4BBE4E0D3A1F4E64555.native.txt,728FFB9AA6918939C77AFBD14176374095A4B94DF78DC4BBE4E0D3A1F4E64555.header.txt,4272,True,OK
729AF3D6447EC31F5F02AB12E6FB6DD6CAE910EC2C50B43FBEBFECB00678E4B0,Z001023454378.pdf,FACTURA,FACTURA,OCR_STRONG,STRONG_RULE,F-C4EFEA98CD9D9490E678,DEVELOPMENT,False,MDOC_DOCUMENT+OCR_HEADER_POSITION,729AF3D6447EC31F5F02AB12E6FB6DD6CAE910EC2C50B43FBEBFECB00678E4B0.native.txt,729AF3D6447EC31F5F02AB12E6FB6DD6CAE910EC2C50B43FBEBFECB00678E4B0.header.txt,3128,True,OK
72D4B9B1041555B196030613602AB200641E03F669E2F7A68004A6F30A0026C9,Z001023466477.pdf,FACTURA,FACTURA,OCR_STRONG,STRONG_RULE,F-52A8D3E535639BC9066E,DEVELOPMENT,False,OCR_PRODUCT_FIRST_PAGE,72D4B9B1041555B196030613602AB200641E03F669E2F7A68004A6F30A0026C9.ocr.txt,72D4B9B1041555B196030613602AB200641E03F669E2F7A68004A6F30A0026C9.header.txt,1832,False,OK
72DB0BB791EF4D236D0F5138132C14C14CC2CD9C33CB371EE37DDDD55642FBA8,Z001023283732.pdf,FACTURA,FACTURA,QR_ARCA_STRONG,STRONG_RULE,F-EE08C7103D2458E54189,DEVELOPMENT_DIAGNOSTIC,False,MDOC_DOCUMENT+OCR_HEADER_POSITION,72DB0BB791EF4D236D0F5138132C14C14CC2CD9C33CB371EE37DDDD55642FBA8.native.txt,72DB0BB791EF4D236D0F5138132C14C14CC2CD9C33CB371EE37DDDD55642FBA8.header.txt,1784,True,OK
734F30506EF447B3DF986696A7B0478A899FB94EB94D9C58897B138972AFE0CB,Z001023243422.pdf,FACTURA,FACTURA,QR_ARCA_STRONG,STRONG_RULE,F-6F5CAF1E1AEEB43C5486,DEVELOPMENT_DIAGNOSTIC,True,MDOC_DOCUMENT+OCR_HEADER_POSITION,734F30506EF447B3DF986696A7B0478A899FB94EB94D9C58897B138972AFE0CB.native.txt,734F30506EF447B3DF986696A7B0478A899FB94EB94D9C58897B138972AFE0CB.header.txt,3390,True,OK
7369DF302D07631A98454113785F530B862A7D556083C9BCE2A378E733A259D1,Z001023283690.pdf,OTRO_DOCUMENTO,OTRO_DOCUMENTO,QR_ARCA_STRONG,STRONG_RULE,F-FACD83D8B4281A05571A,DEVELOPMENT_DIAGNOSTIC,False,MDOC_DOCUMENT+OCR_HEADER_POSITION,7369DF302D07631A98454113785F530B862A7D556083C9BCE2A378E733A259D1.native.txt,7369DF302D07631A98454113785F530B862A7D556083C9BCE2A378E733A259D1.header.txt,4071,True,OK
7450CD3EC72F3F9A0F1009EF270B10F283D7B56BE50BAAC01800EA9CF2C9E36B,Z001023350226.pdf,FACTURA,FACTURA,OCR_STRONG,STRONG_RULE,F-DCC01CD6C3861C7E4C3E,DEVELOPMENT,False,OCR_PRODUCT_FIRST_PAGE,7450CD3EC72F3F9A0F1009EF270B10F283D7B56BE50BAAC01800EA9CF2C9E36B.ocr.txt,7450CD3EC72F3F9A0F1009EF270B10F283D7B56BE50BAAC01800EA9CF2C9E36B.header.txt,2059,False,OK
74542EF02D20DD76101D0733ECF11256439DDFD34B08011929E3EAD5E159F285,Z001023306575.pdf,FACTURA,FACTURA,QR_ARCA_STRONG,STRONG_RULE,F-6F5CAF1E1AEEB43C5486,DEVELOPMENT_DIAGNOSTIC,False,MDOC_DOCUMENT+OCR_HEADER_POSITION,74542EF02D20DD76101D0733ECF11256439DDFD34B08011929E3EAD5E159F285.native.txt,74542EF02D20DD76101D0733ECF11256439DDFD34B08011929E3EAD5E159F285.header.txt,3231,True,OK
74A8804E13BCB0916DE52FB4050B48283F6D7C52B6A0CC9E5C66DBC3093FEB48,Z001023243400.pdf,FACTURA,FACTURA,QR_ARCA_STRONG,STRONG_RULE,F-6F5CAF1E1AEEB43C5486,DEVELOPMENT_DIAGNOSTIC,True,MDOC_DOCUMENT+OCR_HEADER_POSITION,74A8804E13BCB0916DE52FB4050B48283F6D7C52B6A0CC9E5C66DBC3093FEB48.native.txt,74A8804E13BCB0916DE52FB4050B48283F6D7C52B6A0CC9E5C66DBC3093FEB48.header.txt,3384,True,OK
74A93147090410909DD49E3D1B75B7C3EA9345128B785139DC2F671880C5FE6E,Z001023321593.pdf,FACTURA,FACTURA,QR_ARCA_STRONG,STRONG_RULE,F-EE08C7103D2458E54189,DEVELOPMENT_DIAGNOSTIC,False,MDOC_DOCUMENT+OCR_HEADER_POSITION,74A93147090410909DD49E3D1B75B7C3EA9345128B785139DC2F671880C5FE6E.native.txt,74A93147090410909DD49E3D1B75B7C3EA9345128B785139DC2F671880C5FE6E.header.txt,1915,True,OK
74E1683A4487F41741E8A66012A82E03967DF0DDF917463FCEF8254BBECACC4A,Z001023366210.pdf,FACTURA,FACTURA,QR_ARCA_STRONG,STRONG_RULE,F-463F5D66BCFC1B95B4F2,DEVELOPMENT,False,OCR_PRODUCT_FIRST_PAGE,74E1683A4487F41741E8A66012A82E03967DF0DDF917463FCEF8254BBECACC4A.ocr.txt,74E1683A4487F41741E8A66012A82E03967DF0DDF917463FCEF8254BBECACC4A.header.txt,974,False,OK
750B721B9BDFFF78051B518266ACF845200D2C77179A01BD8DBB04C304DBA48F,Z001023435484.pdf,FACTURA,FACTURA,QR_ARCA_STRONG,STRONG_RULE,F-FACD83D8B4281A05571A,DEVELOPMENT_DIAGNOSTIC,False,MDOC_DOCUMENT+OCR_HEADER_POSITION,750B721B9BDFFF78051B518266ACF845200D2C77179A01BD8DBB04C304DBA48F.native.txt,750B721B9BDFFF78051B518266ACF845200D2C77179A01BD8DBB04C304DBA48F.header.txt,3951,True,OK
754EE6E12E8F8F2901DAE135E15FF3D5ABF245CA5D195BB6F95149FE4EA034C8,Z001023385198.pdf,FACTURA,FACTURA,QR_ARCA_STRONG,STRONG_RULE,F-463F5D66BCFC1B95B4F2,DEVELOPMENT,False,MDOC_DOCUMENT+OCR_HEADER_POSITION,754EE6E12E8F8F2901DAE135E15FF3D5ABF245CA5D195BB6F95149FE4EA034C8.native.txt,754EE6E12E8F8F2901DAE135E15FF3D5ABF245CA5D195BB6F95149FE4EA034C8.header.txt,3585,True,OK
75920680546C0B19824E520C35362E4321A64E41D50F38FDCA51BFD9B991E533,Z001023454960.pdf,FACTURA,FACTURA,OCR_STRONG,STRONG_RULE,F-32D29C25B87BCDD5D9A3,DEVELOPMENT,False,MDOC_DOCUMENT+OCR_HEADER_POSITION,75920680546C0B19824E520C35362E4321A64E41D50F38FDCA51BFD9B991E533.native.txt,75920680546C0B19824E520C35362E4321A64E41D50F38FDCA51BFD9B991E533.header.txt,4088,True,OK
7665E4053FAEAC461DD7C5DD5BCF9F87E0FD310718AD6F36BCD084A7244397EC,Z001023397941.pdf,FACTURA,FACTURA,OCR_STRONG,STRONG_RULE,F-236B043AC3F54D78C0B5,DEVELOPMENT,False,MDOC_DOCUMENT+OCR_HEADER_POSITION,7665E4053FAEAC461DD7C5DD5BCF9F87E0FD310718AD6F36BCD084A7244397EC.native.txt,7665E4053FAEAC461DD7C5DD5BCF9F87E0FD310718AD6F36BCD084A7244397EC.header.txt,1242,True,OK
7765957EC5D2FAD2C870AA576B360E8C599D1A09C2161E5A60675B0C299E82FF,Z001023338067.pdf,FACTURA,FACTURA,QR_ARCA_STRONG,STRONG_RULE,F-C04B37B1724168DE2084,DEVELOPMENT,False,MDOC_DOCUMENT+OCR_HEADER_POSITION,7765957EC5D2FAD2C870AA576B360E8C599D1A09C2161E5A60675B0C299E82FF.native.txt,7765957EC5D2FAD2C870AA576B360E8C599D1A09C2161E5A60675B0C299E82FF.header.txt,1897,True,OK
77A0EC1DD124A7512A46495983BEB01CA5EAB0F48B06D7DE74C1D779BA2D5625,Z001023242368.tif,FACTURA,FACTURA,QR_ARCA_STRONG,STRONG_RULE,F-42F5E136477B6F356B09,DEVELOPMENT_DIAGNOSTIC,True,OCR_PRODUCT_FIRST_PAGE,77A0EC1DD124A7512A46495983BEB01CA5EAB0F48B06D7DE74C1D779BA2D5625.ocr.txt,77A0EC1DD124A7512A46495983BEB01CA5EAB0F48B06D7DE74C1D779BA2D5625.header.txt,2002,False,OK
77B60D8DF4FBC86CF6252968C853F56FAEEDA985E717813496E7056B93CA9840,Z001023398887.pdf,FACTURA,FACTURA,QR_ARCA_STRONG,STRONG_RULE,F-6F5CAF1E1AEEB43C5486,DEVELOPMENT_DIAGNOSTIC,False,MDOC_DOCUMENT+OCR_HEADER_POSITION,77B60D8DF4FBC86CF6252968C853F56FAEEDA985E717813496E7056B93CA9840.native.txt,77B60D8DF4FBC86CF6252968C853F56FAEEDA985E717813496E7056B93CA9840.header.txt,3647,True,OK
77BEE0C8120D6B5C3D19B79CC4ABFFE13BCD86AB4AD7BDCFE810BF0F53FA5689,Z001023385050.pdf,FACTURA,FACTURA,QR_ARCA_STRONG,STRONG_RULE,F-FC411F149001282E7254,DEVELOPMENT,False,MDOC_DOCUMENT+OCR_HEADER_POSITION,77BEE0C8120D6B5C3D19B79CC4ABFFE13BCD86AB4AD7BDCFE810BF0F53FA5689.native.txt,77BEE0C8120D6B5C3D19B79CC4ABFFE13BCD86AB4AD7BDCFE810BF0F53FA5689.header.txt,1401,True,OK
7856CD25016572D0C1DAD26A3A34140A0970F045A42C83C1D80C10E9F894C9B6,Z001023242960.pdf,FACTURA,FACTURA,QR_ARCA_STRONG,STRONG_RULE,F-EE08C7103D2458E54189,DEVELOPMENT_DIAGNOSTIC,True,MDOC_DOCUMENT+OCR_HEADER_POSITION,7856CD25016572D0C1DAD26A3A34140A0970F045A42C83C1D80C10E9F894C9B6.native.txt,7856CD25016572D0C1DAD26A3A34140A0970F045A42C83C1D80C10E9F894C9B6.header.txt,1932,True,OK
786C9DF77DC594A4F4661372FB7550FA2BBE1C9CDC8EEFD007F2E8338559704A,Z001023243424.pdf,FACTURA,FACTURA,QR_ARCA_STRONG,STRONG_RULE,F-127BD2FBDD2CC031C0FE,DEVELOPMENT_DIAGNOSTIC,True,MDOC_DOCUMENT+OCR_HEADER_POSITION,786C9DF77DC594A4F4661372FB7550FA2BBE1C9CDC8EEFD007F2E8338559704A.native.txt,786C9DF77DC594A4F4661372FB7550FA2BBE1C9CDC8EEFD007F2E8338559704A.header.txt,1704,True,OK
789EA214DA187999DB573C790694ED9C456AD09E79B3423DA4745624AB02984B,Z001023338068.pdf,FACTURA,FACTURA,QR_ARCA_STRONG,STRONG_RULE,F-FACD83D8B4281A05571A,DEVELOPMENT_DIAGNOSTIC,False,MDOC_DOCUMENT+OCR_HEADER_POSITION,789EA214DA187999DB573C790694ED9C456AD09E79B3423DA4745624AB02984B.native.txt,789EA214DA187999DB573C790694ED9C456AD09E79B3423DA4745624AB02984B.header.txt,4053,True,OK
78D7C45F35EDDA7F3577410E9127D1B384883360372511081C054BA435B8E0A6,Z001023243382.pdf,FACTURA,FACTURA,QR_ARCA_STRONG,STRONG_RULE,F-6F5CAF1E1AEEB43C5486,DEVELOPMENT_DIAGNOSTIC,True,MDOC_DOCUMENT+OCR_HEADER_POSITION,78D7C45F35EDDA7F3577410E9127D1B384883360372511081C054BA435B8E0A6.native.txt,78D7C45F35EDDA7F3577410E9127D1B384883360372511081C054BA435B8E0A6.header.txt,3321,True,OK
7943C6EB1641AD882AF8038E05B5F350A7FA8FBE6C2DF3DF90E9004412040FEF,Z001023243375.pdf,FACTURA,FACTURA,EXISTING_GROUND_TRUTH,CONFIRMED_EXISTING,F-3F260BA547D3B90B2125,DEVELOPMENT_DIAGNOSTIC,True,OCR_PRODUCT_FIRST_PAGE,7943C6EB1641AD882AF8038E05B5F350A7FA8FBE6C2DF3DF90E9004412040FEF.ocr.txt,7943C6EB1641AD882AF8038E05B5F350A7FA8FBE6C2DF3DF90E9004412040FEF.header.txt,1144,False,OK
798711A2CD575D42858450215C116F88AAB5045FF2ADB933E2FAFEA46C072DB6,Z001023267973.pdf,FACTURA,FACTURA,QR_ARCA_STRONG,STRONG_RULE,F-108FF89DFB4EC29C3343,DEVELOPMENT,False,MDOC_DOCUMENT+OCR_HEADER_POSITION,798711A2CD575D42858450215C116F88AAB5045FF2ADB933E2FAFEA46C072DB6.native.txt,798711A2CD575D42858450215C116F88AAB5045FF2ADB933E2FAFEA46C072DB6.header.txt,1515,True,OK
798ACADC0DC6E998A0904781F508CB74AA1B009064F5615A92EEE05C3AA36790,Z001023242299.pdf,FACTURA,FACTURA,QR_ARCA_STRONG,STRONG_RULE,F-228C9EF1AF8B1DC387B7,DEVELOPMENT_DIAGNOSTIC,True,MDOC_DOCUMENT+OCR_HEADER_POSITION,798ACADC0DC6E998A0904781F508CB74AA1B009064F5615A92EEE05C3AA36790.native.txt,798ACADC0DC6E998A0904781F508CB74AA1B009064F5615A92EEE05C3AA36790.header.txt,1751,True,OK
79ADF4E464CD5BF264A498AF625E2970E5CC8C04C0328A0860C11350DB57FBE3,Z001023350872.pdf,FACTURA,FACTURA,QR_ARCA_STRONG,STRONG_RULE,F-A69FDECE53AB69CF1845,DEVELOPMENT,False,MDOC_DOCUMENT+OCR_HEADER_POSITION,79ADF4E464CD5BF264A498AF625E2970E5CC8C04C0328A0860C11350DB57FBE3.native.txt,79ADF4E464CD5BF264A498AF625E2970E5CC8C04C0328A0860C11350DB57FBE3.header.txt,1770,True,OK
7AB8D2AB7B5229FA6F6AFB5F7329F783BD003B13322FB478B6176610993FCC87,Z001023306666.pdf,FACTURA,FACTURA,QR_ARCA_STRONG,STRONG_RULE,F-463F5D66BCFC1B95B4F2,DEVELOPMENT,False,MDOC_DOCUMENT+OCR_HEADER_POSITION,7AB8D2AB7B5229FA6F6AFB5F7329F783BD003B13322FB478B6176610993FCC87.native.txt,7AB8D2AB7B5229FA6F6AFB5F7329F783BD003B13322FB478B6176610993FCC87.header.txt,1620,True,OK
7AE0DBFAD8AA6A4A31D3D85770137B3AC98891809709CF8E9EC04FAD430D9BFB,Z001023321897.pdf,FACTURA,FACTURA,QR_ARCA_STRONG,STRONG_RULE,F-EE08C7103D2458E54189,DEVELOPMENT_DIAGNOSTIC,False,MDOC_DOCUMENT+OCR_HEADER_POSITION,7AE0DBFAD8AA6A4A31D3D85770137B3AC98891809709CF8E9EC04FAD430D9BFB.native.txt,7AE0DBFAD8AA6A4A31D3D85770137B3AC98891809709CF8E9EC04FAD430D9BFB.header.txt,1760,True,OK
7B3901E49FF57B75478E861F1A6EEC80C6FA8ED5B6BF3BAB44C8E8FC0989BB5C,Z001023268104.pdf,FACTURA,FACTURA,QR_ARCA_STRONG,STRONG_RULE,F-FACD83D8B4281A05571A,DEVELOPMENT_DIAGNOSTIC,False,MDOC_DOCUMENT+OCR_HEADER_POSITION,7B3901E49FF57B75478E861F1A6EEC80C6FA8ED5B6BF3BAB44C8E8FC0989BB5C.native.txt,7B3901E49FF57B75478E861F1A6EEC80C6FA8ED5B6BF3BAB44C8E8FC0989BB5C.header.txt,4272,True,OK
7B719EB0767D781E74AAB6EFB62BA480BFEF3682904B68947E5F6415AFE1EE44,Z001023283878.pdf,FACTURA,FACTURA,QR_ARCA_STRONG,STRONG_RULE,F-4282D891EC4146496CC2,DEVELOPMENT,False,MDOC_DOCUMENT+OCR_HEADER_POSITION,7B719EB0767D781E74AAB6EFB62BA480BFEF3682904B68947E5F6415AFE1EE44.native.txt,7B719EB0767D781E74AAB6EFB62BA480BFEF3682904B68947E5F6415AFE1EE44.header.txt,4530,True,OK
7B88EB37D9D6D70AF24378E316B65C9A921DFF386F57347F7073D8AB98E0D99F,Z001023349832.pdf,FACTURA,FACTURA,QR_ARCA_STRONG,STRONG_RULE,F-EDBFE59229E8571451DD,DEVELOPMENT,False,MDOC_DOCUMENT+OCR_HEADER_POSITION,7B88EB37D9D6D70AF24378E316B65C9A921DFF386F57347F7073D8AB98E0D99F.native.txt,7B88EB37D9D6D70AF24378E316B65C9A921DFF386F57347F7073D8AB98E0D99F.header.txt,2562,True,OK
7BDA132A66DCC9019CACEC8C76D060F25F6AB5BC39C12E07860E24F737ADFF5D,Z001023242524.pdf,FACTURA,FACTURA,QR_ARCA_STRONG,STRONG_RULE,F-6A583E4107FD174FEE61,DEVELOPMENT_DIAGNOSTIC,True,MDOC_DOCUMENT+OCR_HEADER_POSITION,7BDA132A66DCC9019CACEC8C76D060F25F6AB5BC39C12E07860E24F737ADFF5D.native.txt,7BDA132A66DCC9019CACEC8C76D060F25F6AB5BC39C12E07860E24F737ADFF5D.header.txt,999,True,OK
7BE95791A9699A99D2073BA31B556C45CFA1A04985002C06CA6A36D57A86525D,Z001023283729.pdf,FACTURA,FACTURA,QR_ARCA_STRONG,STRONG_RULE,F-FACD83D8B4281A05571A,DEVELOPMENT_DIAGNOSTIC,False,MDOC_DOCUMENT+OCR_HEADER_POSITION,7BE95791A9699A99D2073BA31B556C45CFA1A04985002C06CA6A36D57A86525D.native.txt,7BE95791A9699A99D2073BA31B556C45CFA1A04985002C06CA6A36D57A86525D.header.txt,3891,True,OK
7C73F1706B08D28FF38296AA93C83247D2B200F3EEF0D166BC1AF40FA14836FF,Z001023283737.pdf,FACTURA,FACTURA,QR_ARCA_STRONG,STRONG_RULE,F-EE08C7103D2458E54189,DEVELOPMENT_DIAGNOSTIC,False,MDOC_DOCUMENT+OCR_HEADER_POSITION,7C73F1706B08D28FF38296AA93C83247D2B200F3EEF0D166BC1AF40FA14836FF.native.txt,7C73F1706B08D28FF38296AA93C83247D2B200F3EEF0D166BC1AF40FA14836FF.header.txt,1774,True,OK
7C7BEBD02F866B63C5475F1B0D0CA9C678F5D261548ED2C7B2B9D475D6383CC9,Z001023267265.pdf,FACTURA,FACTURA,OCR_STRONG,STRONG_RULE,F-1B5BFBE3C31B9AB023C7,DEVELOPMENT,False,MDOC_DOCUMENT+OCR_HEADER_POSITION,7C7BEBD02F866B63C5475F1B0D0CA9C678F5D261548ED2C7B2B9D475D6383CC9.native.txt,7C7BEBD02F866B63C5475F1B0D0CA9C678F5D261548ED2C7B2B9D475D6383CC9.header.txt,921,True,OK
7C9BBDA23EDEB3A0E8084A1817DC926D7DBC841380E79E281F299282806E530C,Z001023283767.pdf,FACTURA,FACTURA,QR_ARCA_STRONG,STRONG_RULE,F-463F5D66BCFC1B95B4F2,DEVELOPMENT,False,MDOC_DOCUMENT+OCR_HEADER_POSITION,7C9BBDA23EDEB3A0E8084A1817DC926D7DBC841380E79E281F299282806E530C.native.txt,7C9BBDA23EDEB3A0E8084A1817DC926D7DBC841380E79E281F299282806E530C.header.txt,973,True,OK
7D1382F1311C92CB388B27CBA3FA90D6ED16941AFC4AF91E2A72DC24D5315A75,Z001023305677.pdf,FACTURA,FACTURA,QR_ARCA_STRONG,STRONG_RULE,F-6F5CAF1E1AEEB43C5486,DEVELOPMENT_DIAGNOSTIC,False,MDOC_DOCUMENT+OCR_HEADER_POSITION,7D1382F1311C92CB388B27CBA3FA90D6ED16941AFC4AF91E2A72DC24D5315A75.native.txt,7D1382F1311C92CB388B27CBA3FA90D6ED16941AFC4AF91E2A72DC24D5315A75.header.txt,3636,True,OK
7D43AB520097327C8645B32F08E408BD0715488AC01D3A360839A4652A9AC719,Z001023242290.pdf,FACTURA,FACTURA,QR_ARCA_STRONG,STRONG_RULE,F-FACD83D8B4281A05571A,DEVELOPMENT_DIAGNOSTIC,True,MDOC_DOCUMENT+OCR_HEADER_POSITION,7D43AB520097327C8645B32F08E408BD0715488AC01D3A360839A4652A9AC719.native.txt,7D43AB520097327C8645B32F08E408BD0715488AC01D3A360839A4652A9AC719.header.txt,4020,True,OK
7D71C224D23E5E0E8FD05C6303A4B986D06341EE722D4E62939389806BBE3471,Z001023410368.pdf,FACTURA,FACTURA,QR_ARCA_STRONG,STRONG_RULE,F-78FBBC0583221AAC5789,DEVELOPMENT,False,MDOC_DOCUMENT+OCR_HEADER_POSITION,7D71C224D23E5E0E8FD05C6303A4B986D06341EE722D4E62939389806BBE3471.native.txt,7D71C224D23E5E0E8FD05C6303A4B986D06341EE722D4E62939389806BBE3471.header.txt,880,True,OK
7DB28C1CAEF678FB79B4D943F74C412E0324E467A85C015D65AD2D45783D057A,Z001023306669.pdf,OTRO_DOCUMENTO,NOTA_CREDITO,PDF_TEXT_STRONG,STRONG_RULE,F-38536FFE21B52E182513,DEVELOPMENT,False,MDOC_DOCUMENT+OCR_HEADER_POSITION,7DB28C1CAEF678FB79B4D943F74C412E0324E467A85C015D65AD2D45783D057A.native.txt,7DB28C1CAEF678FB79B4D943F74C412E0324E467A85C015D65AD2D45783D057A.header.txt,1442,True,OK
7E3C212A4DE3A52AB3D18EEEE790C5BEE9D1117A682938855EF6EFA02DD3C4AC,Z001023454318.pdf,FACTURA,FACTURA,QR_ARCA_STRONG,STRONG_RULE,F-EE08C7103D2458E54189,DEVELOPMENT_DIAGNOSTIC,False,MDOC_DOCUMENT+OCR_HEADER_POSITION,7E3C212A4DE3A52AB3D18EEEE790C5BEE9D1117A682938855EF6EFA02DD3C4AC.native.txt,7E3C212A4DE3A52AB3D18EEEE790C5BEE9D1117A682938855EF6EFA02DD3C4AC.header.txt,2008,True,OK
7E7C1A039E6FDE0D4120995D969E25093755D4C47653EAE9E1F5998F2454448B,Z001023410430.pdf,FACTURA,FACTURA,QR_ARCA_STRONG,STRONG_RULE,F-FACD83D8B4281A05571A,DEVELOPMENT_DIAGNOSTIC,False,MDOC_DOCUMENT+OCR_HEADER_POSITION,7E7C1A039E6FDE0D4120995D969E25093755D4C47653EAE9E1F5998F2454448B.native.txt,7E7C1A039E6FDE0D4120995D969E25093755D4C47653EAE9E1F5998F2454448B.header.txt,4488,True,OK
7F7A01F689D121007DF3C9E807D55E966E785B4D8CAABB94AD8FBA25C27225F4,Z001023384920.pdf,FACTURA,FACTURA,QR_ARCA_STRONG,STRONG_RULE,F-EE08C7103D2458E54189,DEVELOPMENT_DIAGNOSTIC,False,MDOC_DOCUMENT+OCR_HEADER_POSITION,7F7A01F689D121007DF3C9E807D55E966E785B4D8CAABB94AD8FBA25C27225F4.native.txt,7F7A01F689D121007DF3C9E807D55E966E785B4D8CAABB94AD8FBA25C27225F4.header.txt,2392,True,OK
7F89F980F4355D93CED4B57BBB7F5AC404B25E081962D20F5702B8764B4066DB,Z001023268011.pdf,FACTURA,FACTURA,QR_ARCA_STRONG,STRONG_RULE,F-EE08C7103D2458E54189,DEVELOPMENT_DIAGNOSTIC,False,MDOC_DOCUMENT+OCR_HEADER_POSITION,7F89F980F4355D93CED4B57BBB7F5AC404B25E081962D20F5702B8764B4066DB.native.txt,7F89F980F4355D93CED4B57BBB7F5AC404B25E081962D20F5702B8764B4066DB.header.txt,2004,True,OK
7FCBBC7B3E14E41EFA2F05C0FFC31F73B74BE9AA4754A639AD303E1AB0092CCE,Z001023337600.pdf,OTRO_DOCUMENTO,OTRO_DOCUMENTO,QR_ARCA_STRONG,STRONG_RULE,F-FACD83D8B4281A05571A,DEVELOPMENT_DIAGNOSTIC,False,MDOC_DOCUMENT+OCR_HEADER_POSITION,7FCBBC7B3E14E41EFA2F05C0FFC31F73B74BE9AA4754A639AD303E1AB0092CCE.native.txt,7FCBBC7B3E14E41EFA2F05C0FFC31F73B74BE9AA4754A639AD303E1AB0092CCE.header.txt,4353,True,OK
804CDD532AB841FFEB1AD54F73379984FF6D48BEA5D7D4C710BDFB9B1CCA822E,Z001023384952.pdf,FACTURA,FACTURA,QR_ARCA_STRONG,STRONG_RULE,F-463F5D66BCFC1B95B4F2,DEVELOPMENT,False,MDOC_DOCUMENT+OCR_HEADER_POSITION,804CDD532AB841FFEB1AD54F73379984FF6D48BEA5D7D4C710BDFB9B1CCA822E.native.txt,804CDD532AB841FFEB1AD54F73379984FF6D48BEA5D7D4C710BDFB9B1CCA822E.header.txt,1106,True,OK
80732A4F36964981412868A390392C3815A1B52925CB95D50E3226B76C2D868D,Z001023338060.pdf,FACTURA,FACTURA,QR_ARCA_STRONG,STRONG_RULE,F-FACD83D8B4281A05571A,DEVELOPMENT_DIAGNOSTIC,False,MDOC_DOCUMENT+OCR_HEADER_POSITION,80732A4F36964981412868A390392C3815A1B52925CB95D50E3226B76C2D868D.native.txt,80732A4F36964981412868A390392C3815A1B52925CB95D50E3226B76C2D868D.header.txt,4341,True,OK
807889899EF0AE2BC479CE4CBA9EAE6C794B3C60373BD877FCA07C69C07B7AE3,Z001023266918.pdf,FACTURA,FACTURA,QR_ARCA_STRONG,STRONG_RULE,F-6F5CAF1E1AEEB43C5486,DEVELOPMENT_DIAGNOSTIC,False,MDOC_DOCUMENT+OCR_HEADER_POSITION,807889899EF0AE2BC479CE4CBA9EAE6C794B3C60373BD877FCA07C69C07B7AE3.native.txt,807889899EF0AE2BC479CE4CBA9EAE6C794B3C60373BD877FCA07C69C07B7AE3.header.txt,4743,True,OK
812B96A5165903BD78FF38B2AEF1A1F19C9B7A918FD69D7C7971BA8AE6D2271D,Z001023283868.pdf,FACTURA,FACTURA,QR_ARCA_STRONG,STRONG_RULE,F-FACD83D8B4281A05571A,DEVELOPMENT_DIAGNOSTIC,False,MDOC_DOCUMENT+OCR_HEADER_POSITION,812B96A5165903BD78FF38B2AEF1A1F19C9B7A918FD69D7C7971BA8AE6D2271D.native.txt,812B96A5165903BD78FF38B2AEF1A1F19C9B7A918FD69D7C7971BA8AE6D2271D.header.txt,3972,True,OK
8173874885C059C33DCA43BD63631C379C8D8408C5FE4DD2A0159D6AE80E554E,Z001023410431.pdf,FACTURA,FACTURA,QR_ARCA_STRONG,STRONG_RULE,F-FACD83D8B4281A05571A,DEVELOPMENT_DIAGNOSTIC,False,MDOC_DOCUMENT+OCR_HEADER_POSITION,8173874885C059C33DCA43BD63631C379C8D8408C5FE4DD2A0159D6AE80E554E.native.txt,8173874885C059C33DCA43BD63631C379C8D8408C5FE4DD2A0159D6AE80E554E.header.txt,4539,True,OK
817AEA31523ADF117C9475551788C73D2777CC744CB01A2044FF86D6CF7511A0,Z001023384973.pdf,FACTURA,FACTURA,QR_ARCA_STRONG,STRONG_RULE,F-463F5D66BCFC1B95B4F2,DEVELOPMENT,False,MDOC_DOCUMENT+OCR_HEADER_POSITION,817AEA31523ADF117C9475551788C73D2777CC744CB01A2044FF86D6CF7511A0.native.txt,817AEA31523ADF117C9475551788C73D2777CC744CB01A2044FF86D6CF7511A0.header.txt,1120,True,OK
8193A4E9A6585242D05EB8ACF18447F4336689F1967F687D954668A223E10FEF,Z001023454440.pdf,FACTURA,FACTURA,QR_ARCA_STRONG,STRONG_RULE,F-463F5D66BCFC1B95B4F2,DEVELOPMENT,False,MDOC_DOCUMENT+OCR_HEADER_POSITION,8193A4E9A6585242D05EB8ACF18447F4336689F1967F687D954668A223E10FEF.native.txt,8193A4E9A6585242D05EB8ACF18447F4336689F1967F687D954668A223E10FEF.header.txt,1090,True,OK
81C269CBD63398D8276C6BEED2874474C81506277DEFB3D4495032D773F4409C,Z001023336648.pdf,FACTURA,FACTURA,OCR_STRONG,STRONG_RULE,F-608FD94169B4B9CD50E2,DEVELOPMENT,False,OCR_PRODUCT_FIRST_PAGE,81C269CBD63398D8276C6BEED2874474C81506277DEFB3D4495032D773F4409C.ocr.txt,81C269CBD63398D8276C6BEED2874474C81506277DEFB3D4495032D773F4409C.header.txt,1193,False,OK
823B928CB06F23FDBB1AE300E298EA833F0F8F0F97330FE12A9934EBE349195E,Z001023385026.pdf,FACTURA,FACTURA,QR_ARCA_STRONG,STRONG_RULE,F-FACD83D8B4281A05571A,DEVELOPMENT_DIAGNOSTIC,False,MDOC_DOCUMENT+OCR_HEADER_POSITION,823B928CB06F23FDBB1AE300E298EA833F0F8F0F97330FE12A9934EBE349195E.native.txt,823B928CB06F23FDBB1AE300E298EA833F0F8F0F97330FE12A9934EBE349195E.header.txt,4248,True,OK
82876378F7B9F89F134D15F817A4672D52B26BB9F047FDA734201116486A0AF7,Z001023350940.pdf,FACTURA,FACTURA,QR_ARCA_STRONG,STRONG_RULE,F-A69FDECE53AB69CF1845,DEVELOPMENT,False,MDOC_DOCUMENT+OCR_HEADER_POSITION,82876378F7B9F89F134D15F817A4672D52B26BB9F047FDA734201116486A0AF7.native.txt,82876378F7B9F89F134D15F817A4672D52B26BB9F047FDA734201116486A0AF7.header.txt,1770,True,OK
8297067AEF748F2AF13EAE298A7873C99F19F88F467DEAAAF71FBE64554AC1C9,Z001023478285.pdf,FACTURA,FACTURA,QR_ARCA_STRONG,STRONG_RULE,F-F47775882EC65DC9A64C,DEVELOPMENT,False,MDOC_DOCUMENT+OCR_HEADER_POSITION,8297067AEF748F2AF13EAE298A7873C99F19F88F467DEAAAF71FBE64554AC1C9.native.txt,8297067AEF748F2AF13EAE298A7873C99F19F88F467DEAAAF71FBE64554AC1C9.header.txt,2765,True,OK
82DF3F8548CD5894DD8BEA097182919DA8979018C3B51829AE23AC9FA75C0BE7,Z001023422111.pdf,FACTURA,FACTURA,QR_ARCA_STRONG,STRONG_RULE,F-FACD83D8B4281A05571A,DEVELOPMENT_DIAGNOSTIC,False,MDOC_DOCUMENT+OCR_HEADER_POSITION,82DF3F8548CD5894DD8BEA097182919DA8979018C3B51829AE23AC9FA75C0BE7.native.txt,82DF3F8548CD5894DD8BEA097182919DA8979018C3B51829AE23AC9FA75C0BE7.header.txt,4332,True,OK
83814C2B24AE7A9CBB3110CF8C52F97E83B59540DDC596AF8F9A34DF483EAA65,Z001023305803.pdf,FACTURA,FACTURA,QR_ARCA_STRONG,STRONG_RULE,F-EE08C7103D2458E54189,DEVELOPMENT_DIAGNOSTIC,False,MDOC_DOCUMENT+OCR_HEADER_POSITION,83814C2B24AE7A9CBB3110CF8C52F97E83B59540DDC596AF8F9A34DF483EAA65.native.txt,83814C2B24AE7A9CBB3110CF8C52F97E83B59540DDC596AF8F9A34DF483EAA65.header.txt,2202,True,OK
83E0306FF5707DBDEBFC9AD88A3634DF1D24B33FAA5A733B74A629090F74A53D,Z001023243348.pdf,FACTURA,FACTURA,EXISTING_GROUND_TRUTH,CONFIRMED_EXISTING,F-CD94A06EDDC7590F7145,DEVELOPMENT_DIAGNOSTIC,True,MDOC_DOCUMENT+OCR_HEADER_POSITION,83E0306FF5707DBDEBFC9AD88A3634DF1D24B33FAA5A733B74A629090F74A53D.native.txt,83E0306FF5707DBDEBFC9AD88A3634DF1D24B33FAA5A733B74A629090F74A53D.header.txt,1871,True,OK
8403289C618F5FEA6E985FE98C6A3F52D541EE0C6ADDA9901EA9F9CD942A1352,Z001023478161.pdf,FACTURA,FACTURA,QR_ARCA_STRONG,STRONG_RULE,F-FACD83D8B4281A05571A,DEVELOPMENT_DIAGNOSTIC,False,MDOC_DOCUMENT+OCR_HEADER_POSITION,8403289C618F5FEA6E985FE98C6A3F52D541EE0C6ADDA9901EA9F9CD942A1352.native.txt,8403289C618F5FEA6E985FE98C6A3F52D541EE0C6ADDA9901EA9F9CD942A1352.header.txt,4731,True,OK
842594336FD1FDF9801D6F0769960B24152213A2368F5E5E330F898639CCCB13,Z001023410662.pdf,OTRO_DOCUMENTO,NOTA_DEBITO,QR_ARCA_STRONG,STRONG_RULE,F-2225E7482E0C1A2CF093,DEVELOPMENT_DIAGNOSTIC,False,MDOC_DOCUMENT+OCR_HEADER_POSITION,842594336FD1FDF9801D6F0769960B24152213A2368F5E5E330F898639CCCB13.native.txt,842594336FD1FDF9801D6F0769960B24152213A2368F5E5E330F898639CCCB13.header.txt,1396,True,OK
849C6ED1AD7AF7C311AB235C076CE496C3E2C6EDDC49C89E71131948C2006E88,Z001023266244.pdf,FACTURA,FACTURA,QR_ARCA_STRONG,STRONG_RULE,F-77DF7B7AF18627AF7CC8,DEVELOPMENT,False,MDOC_DOCUMENT+OCR_HEADER_POSITION,849C6ED1AD7AF7C311AB235C076CE496C3E2C6EDDC49C89E71131948C2006E88.native.txt,849C6ED1AD7AF7C311AB235C076CE496C3E2C6EDDC49C89E71131948C2006E88.header.txt,3084,True,OK
851F61E61DFAAF6BC623C446119DBAD3DAF975D0610ED36513CD523A63CD0CAA,Z001023267237.pdf,FACTURA,FACTURA,QR_ARCA_STRONG,STRONG_RULE,F-127BD2FBDD2CC031C0FE,DEVELOPMENT_DIAGNOSTIC,False,MDOC_DOCUMENT+OCR_HEADER_POSITION,851F61E61DFAAF6BC623C446119DBAD3DAF975D0610ED36513CD523A63CD0CAA.native.txt,851F61E61DFAAF6BC623C446119DBAD3DAF975D0610ED36513CD523A63CD0CAA.header.txt,1563,True,OK
856894AA5FE2533859664CB6A42A38E20E75D671519947D7D1CB319D0C15FA12,Z001023422220.pdf,FACTURA,FACTURA,QR_ARCA_STRONG,STRONG_RULE,F-FACD83D8B4281A05571A,DEVELOPMENT_DIAGNOSTIC,False,MDOC_DOCUMENT+OCR_HEADER_POSITION,856894AA5FE2533859664CB6A42A38E20E75D671519947D7D1CB319D0C15FA12.native.txt,856894AA5FE2533859664CB6A42A38E20E75D671519947D7D1CB319D0C15FA12.header.txt,4437,True,OK
85D09583CD00F06641312ABE16A8461DECE1C4F6A1772729A662E7DD2583D322,Z001023305797.pdf,FACTURA,FACTURA,QR_ARCA_STRONG,STRONG_RULE,F-EE08C7103D2458E54189,DEVELOPMENT_DIAGNOSTIC,False,MDOC_DOCUMENT+OCR_HEADER_POSITION,85D09583CD00F06641312ABE16A8461DECE1C4F6A1772729A662E7DD2583D322.native.txt,85D09583CD00F06641312ABE16A8461DECE1C4F6A1772729A662E7DD2583D322.header.txt,2049,True,OK
85D52AFF44CBF04ED95630DCC02108C8ABACF6CA5F68BDB19D81EA8EA045AB8C,Z001023321408.pdf,FACTURA,FACTURA,QR_ARCA_STRONG,STRONG_RULE,F-A69FDECE53AB69CF1845,DEVELOPMENT,False,MDOC_DOCUMENT+OCR_HEADER_POSITION,85D52AFF44CBF04ED95630DCC02108C8ABACF6CA5F68BDB19D81EA8EA045AB8C.native.txt,85D52AFF44CBF04ED95630DCC02108C8ABACF6CA5F68BDB19D81EA8EA045AB8C.header.txt,1748,True,OK
85E85EF47B9912751729A2A2423C70CF214EEEBA2C81376F2AB82802F5F6AC0B,Z001023478147.pdf,FACTURA,FACTURA,QR_ARCA_STRONG,STRONG_RULE,F-463F5D66BCFC1B95B4F2,DEVELOPMENT,False,MDOC_DOCUMENT+OCR_HEADER_POSITION,85E85EF47B9912751729A2A2423C70CF214EEEBA2C81376F2AB82802F5F6AC0B.native.txt,85E85EF47B9912751729A2A2423C70CF214EEEBA2C81376F2AB82802F5F6AC0B.header.txt,1961,True,OK
864D7CD058492007F2D3B2F0D08B81E87778572F0731A9311D65D955C84E3BFD,Z001023385197.pdf,FACTURA,FACTURA,QR_ARCA_STRONG,STRONG_RULE,F-DA3D3ACC13A5AA5E9C71,DEVELOPMENT,False,MDOC_DOCUMENT+OCR_HEADER_POSITION,864D7CD058492007F2D3B2F0D08B81E87778572F0731A9311D65D955C84E3BFD.native.txt,864D7CD058492007F2D3B2F0D08B81E87778572F0731A9311D65D955C84E3BFD.header.txt,11874,True,OK
8662F4458951ACE801108DAF219E3855DB8F31FB6AC3684BE32913EE951852DE,Z001023466679.pdf,FACTURA,FACTURA,QR_ARCA_STRONG,STRONG_RULE,F-6F5CAF1E1AEEB43C5486,DEVELOPMENT_DIAGNOSTIC,False,MDOC_DOCUMENT+OCR_HEADER_POSITION,8662F4458951ACE801108DAF219E3855DB8F31FB6AC3684BE32913EE951852DE.native.txt,8662F4458951ACE801108DAF219E3855DB8F31FB6AC3684BE32913EE951852DE.header.txt,3348,True,OK
86CF42382B6E9AD770AEC0D3AE61798DC0A5D85C59C8C47E0C5A267158045370,Z001023422398.pdf,FACTURA,FACTURA,QR_ARCA_STRONG,STRONG_RULE,F-FACD83D8B4281A05571A,DEVELOPMENT_DIAGNOSTIC,False,MDOC_DOCUMENT+OCR_HEADER_POSITION,86CF42382B6E9AD770AEC0D3AE61798DC0A5D85C59C8C47E0C5A267158045370.native.txt,86CF42382B6E9AD770AEC0D3AE61798DC0A5D85C59C8C47E0C5A267158045370.header.txt,4104,True,OK
86F129C9F1A4A0BE0F30584A7B67D699707FA49D79769BBD4338B0601FA55D0F,Z001023436136.pdf,FACTURA,FACTURA,OCR_STRONG,STRONG_RULE,F-A63645627CE2D9A75BE5,DEVELOPMENT,False,MDOC_DOCUMENT+OCR_HEADER_POSITION,86F129C9F1A4A0BE0F30584A7B67D699707FA49D79769BBD4338B0601FA55D0F.native.txt,86F129C9F1A4A0BE0F30584A7B67D699707FA49D79769BBD4338B0601FA55D0F.header.txt,866,True,OK
870954EEF89AD892FD71524CB79D21979BD74318277339C21A2F4E388F06341B,Z001023321060.pdf,FACTURA,FACTURA,QR_ARCA_STRONG,STRONG_RULE,F-FACD83D8B4281A05571A,DEVELOPMENT_DIAGNOSTIC,False,MDOC_DOCUMENT+OCR_HEADER_POSITION,870954EEF89AD892FD71524CB79D21979BD74318277339C21A2F4E388F06341B.native.txt,870954EEF89AD892FD71524CB79D21979BD74318277339C21A2F4E388F06341B.header.txt,4329,True,OK
87B98EFA5585D960ED2FDD4D68C403CDC07905085C906C38415492B984527BA2,Z001023283898.pdf,FACTURA,FACTURA,QR_ARCA_STRONG,STRONG_RULE,F-463F5D66BCFC1B95B4F2,DEVELOPMENT,False,MDOC_DOCUMENT+OCR_HEADER_POSITION,87B98EFA5585D960ED2FDD4D68C403CDC07905085C906C38415492B984527BA2.native.txt,87B98EFA5585D960ED2FDD4D68C403CDC07905085C906C38415492B984527BA2.header.txt,920,True,OK
87FB307AC4DDE601D5A4AF49775D540AF75DA22DDB8316C3B3391F8A7C8007DF,Z001023266942.pdf,FACTURA,FACTURA,QR_ARCA_STRONG,STRONG_RULE,F-4426261E80B33B17CD1D,DEVELOPMENT,False,MDOC_DOCUMENT+OCR_HEADER_POSITION,87FB307AC4DDE601D5A4AF49775D540AF75DA22DDB8316C3B3391F8A7C8007DF.native.txt,87FB307AC4DDE601D5A4AF49775D540AF75DA22DDB8316C3B3391F8A7C8007DF.header.txt,1332,True,OK
8804BD85592572AD09BC337FBB10D3AF7DAAE81F939A9ADE2BCAE8B43DBCFEC3,Z001023385824.pdf,FACTURA,FACTURA,QR_ARCA_STRONG,STRONG_RULE,F-EE08C7103D2458E54189,DEVELOPMENT_DIAGNOSTIC,False,MDOC_DOCUMENT+OCR_HEADER_POSITION,8804BD85592572AD09BC337FBB10D3AF7DAAE81F939A9ADE2BCAE8B43DBCFEC3.native.txt,8804BD85592572AD09BC337FBB10D3AF7DAAE81F939A9ADE2BCAE8B43DBCFEC3.header.txt,1895,True,OK
8826A97C92D5F3C316493C87C2DE5C5E4F8EFC96A246003EED5011A5DCE39E90,Z001023267405.pdf,FACTURA,FACTURA,QR_ARCA_STRONG,STRONG_RULE,F-EE08C7103D2458E54189,DEVELOPMENT_DIAGNOSTIC,False,MDOC_DOCUMENT+OCR_HEADER_POSITION,8826A97C92D5F3C316493C87C2DE5C5E4F8EFC96A246003EED5011A5DCE39E90.native.txt,8826A97C92D5F3C316493C87C2DE5C5E4F8EFC96A246003EED5011A5DCE39E90.header.txt,1796,True,OK
883D67D2E7D0D4EE090C399C04207B516666CE7ACC6FC11E60DB07523F6763F9,Z001023243738.pdf,FACTURA,FACTURA,OCR_STRONG,STRONG_RULE,F-A9B670855B09AE1DC9A7,DEVELOPMENT,False,OCR_PRODUCT_FIRST_PAGE,883D67D2E7D0D4EE090C399C04207B516666CE7ACC6FC11E60DB07523F6763F9.ocr.txt,883D67D2E7D0D4EE090C399C04207B516666CE7ACC6FC11E60DB07523F6763F9.header.txt,1524,False,OK
8917BAA13BA61484647B999B3C2D3D200AAFA5D1966DAB78A37658F450646190,Z001023466514.pdf,FACTURA,FACTURA,OCR_STRONG,STRONG_RULE,F-52A8D3E535639BC9066E,DEVELOPMENT,False,OCR_PRODUCT_FIRST_PAGE,8917BAA13BA61484647B999B3C2D3D200AAFA5D1966DAB78A37658F450646190.ocr.txt,8917BAA13BA61484647B999B3C2D3D200AAFA5D1966DAB78A37658F450646190.header.txt,1046,False,OK
891B855C542CC48F533E16D15BF00298CF02C5AC66F8D05FB5ACEB99035D63DF,Z001023283701.pdf,FACTURA,FACTURA,QR_ARCA_STRONG,STRONG_RULE,F-EE08C7103D2458E54189,DEVELOPMENT_DIAGNOSTIC,False,MDOC_DOCUMENT+OCR_HEADER_POSITION,891B855C542CC48F533E16D15BF00298CF02C5AC66F8D05FB5ACEB99035D63DF.native.txt,891B855C542CC48F533E16D15BF00298CF02C5AC66F8D05FB5ACEB99035D63DF.header.txt,1857,True,OK
89928C1E1B667DF89D8DDE754377437390B3A7A7FE61EC4FF5E54F03662DA5B9,Z001023321056.pdf,FACTURA,FACTURA,QR_ARCA_STRONG,STRONG_RULE,F-EE08C7103D2458E54189,DEVELOPMENT_DIAGNOSTIC,False,MDOC_DOCUMENT+OCR_HEADER_POSITION,89928C1E1B667DF89D8DDE754377437390B3A7A7FE61EC4FF5E54F03662DA5B9.native.txt,89928C1E1B667DF89D8DDE754377437390B3A7A7FE61EC4FF5E54F03662DA5B9.header.txt,1958,True,OK
89CD8A66DBF9038B0A5FB43B087E7D847FFD18F69247614B77516C71D08316A9,Z001023283803.pdf,FACTURA,FACTURA,OCR_STRONG,STRONG_RULE,F-236B043AC3F54D78C0B5,DEVELOPMENT,False,MDOC_DOCUMENT+OCR_HEADER_POSITION,89CD8A66DBF9038B0A5FB43B087E7D847FFD18F69247614B77516C71D08316A9.native.txt,89CD8A66DBF9038B0A5FB43B087E7D847FFD18F69247614B77516C71D08316A9.header.txt,1212,True,OK
8A16B64A261F811B055D7C178CEFC6DE556D9EA6E4F88FAE4906ED7DF4A17D8D,Z001023336576.pdf,FACTURA,FACTURA,QR_ARCA_STRONG,STRONG_RULE,F-6F5CAF1E1AEEB43C5486,DEVELOPMENT_DIAGNOSTIC,False,MDOC_DOCUMENT+OCR_HEADER_POSITION,8A16B64A261F811B055D7C178CEFC6DE556D9EA6E4F88FAE4906ED7DF4A17D8D.native.txt,8A16B64A261F811B055D7C178CEFC6DE556D9EA6E4F88FAE4906ED7DF4A17D8D.header.txt,3687,True,OK
8A228DDBA1F27361B5E55C9A16414705BCB0DEFFF0F67CDC125BF5BFC309A446,Z001023267149.pdf,FACTURA,FACTURA,OCR_STRONG,STRONG_RULE,F-5C921C794595E71A586A,DEVELOPMENT,False,OCR_PRODUCT_FIRST_PAGE,8A228DDBA1F27361B5E55C9A16414705BCB0DEFFF0F67CDC125BF5BFC309A446.ocr.txt,8A228DDBA1F27361B5E55C9A16414705BCB0DEFFF0F67CDC125BF5BFC309A446.header.txt,2532,False,OK
8A57624FA0DD67FCE961474222F97F11BF484B659983C5DC45887E7449E274EA,Z001023242295.pdf,FACTURA,FACTURA,QR_ARCA_STRONG,STRONG_RULE,F-FACD83D8B4281A05571A,DEVELOPMENT_DIAGNOSTIC,True,MDOC_DOCUMENT+OCR_HEADER_POSITION,8A57624FA0DD67FCE961474222F97F11BF484B659983C5DC45887E7449E274EA.native.txt,8A57624FA0DD67FCE961474222F97F11BF484B659983C5DC45887E7449E274EA.header.txt,4044,True,OK
8A57CD9F3C877DF1239DA0B0C738D1B54278710B0EEBFD2C0ACAAC2814D57B99,Z001023410768.pdf,FACTURA,FACTURA,QR_ARCA_STRONG,STRONG_RULE,F-FACD83D8B4281A05571A,DEVELOPMENT_DIAGNOSTIC,False,MDOC_DOCUMENT+OCR_HEADER_POSITION,8A57CD9F3C877DF1239DA0B0C738D1B54278710B0EEBFD2C0ACAAC2814D57B99.native.txt,8A57CD9F3C877DF1239DA0B0C738D1B54278710B0EEBFD2C0ACAAC2814D57B99.header.txt,4359,True,OK
8A91BE697504E72D00894ED70CB136CFB447C037BEE877608EEE320D6097072C,Z001023435604.pdf,FACTURA,FACTURA,OCR_STRONG,STRONG_RULE,F-463F5D66BCFC1B95B4F2,DEVELOPMENT,False,OCR_PRODUCT_FIRST_PAGE,8A91BE697504E72D00894ED70CB136CFB447C037BEE877608EEE320D6097072C.ocr.txt,8A91BE697504E72D00894ED70CB136CFB447C037BEE877608EEE320D6097072C.header.txt,1975,False,OK
8AE6ECF9E7191B268BD8768575C99C1FAFBF4144627829B39D8BAC3B492D0CC0,Z001023243458.pdf,FACTURA,FACTURA,QR_ARCA_STRONG,STRONG_RULE,F-BF67793A8E4CE989ED42,DEVELOPMENT_DIAGNOSTIC,True,OCR_PRODUCT_FIRST_PAGE,8AE6ECF9E7191B268BD8768575C99C1FAFBF4144627829B39D8BAC3B492D0CC0.ocr.txt,8AE6ECF9E7191B268BD8768575C99C1FAFBF4144627829B39D8BAC3B492D0CC0.header.txt,2007,False,OK
8BB9D2636F55F41E4CB1CD002B4DBEBD24F0787A984AEF0D6EDDA69E4FA31FB3,Z001023266215.pdf,FACTURA,FACTURA,OCR_STRONG,STRONG_RULE,F-73AB37D8D5F65AA437FE,DEVELOPMENT,False,MDOC_DOCUMENT+OCR_HEADER_POSITION,8BB9D2636F55F41E4CB1CD002B4DBEBD24F0787A984AEF0D6EDDA69E4FA31FB3.native.txt,8BB9D2636F55F41E4CB1CD002B4DBEBD24F0787A984AEF0D6EDDA69E4FA31FB3.header.txt,3238,True,OK
8C45A084C0817A7DE45795105801B0C920364BC89F5DEB24DC52FEEF4BC7F17B,Z001023321159.pdf,FACTURA,FACTURA,QR_ARCA_STRONG,STRONG_RULE,F-EE08C7103D2458E54189,DEVELOPMENT_DIAGNOSTIC,False,MDOC_DOCUMENT+OCR_HEADER_POSITION,8C45A084C0817A7DE45795105801B0C920364BC89F5DEB24DC52FEEF4BC7F17B.native.txt,8C45A084C0817A7DE45795105801B0C920364BC89F5DEB24DC52FEEF4BC7F17B.header.txt,1953,True,OK
8C634F1729311C6FB2EAAD3576538AD1DB5FD4A53E696C4CE0CDA7E48A9765D8,Z001023306147.pdf,FACTURA,FACTURA,QR_ARCA_STRONG,STRONG_RULE,F-6F5CAF1E1AEEB43C5486,DEVELOPMENT_DIAGNOSTIC,False,MDOC_DOCUMENT+OCR_HEADER_POSITION,8C634F1729311C6FB2EAAD3576538AD1DB5FD4A53E696C4CE0CDA7E48A9765D8.native.txt,8C634F1729311C6FB2EAAD3576538AD1DB5FD4A53E696C4CE0CDA7E48A9765D8.header.txt,3720,True,OK
8C890D179D935AA3A1AE6E7063C8092384A4776D5709A94D6FDA0BE102F7DF46,Z001023305688.pdf,FACTURA,FACTURA,QR_ARCA_STRONG,STRONG_RULE,F-EE08C7103D2458E54189,DEVELOPMENT_DIAGNOSTIC,False,MDOC_DOCUMENT+OCR_HEADER_POSITION,8C890D179D935AA3A1AE6E7063C8092384A4776D5709A94D6FDA0BE102F7DF46.native.txt,8C890D179D935AA3A1AE6E7063C8092384A4776D5709A94D6FDA0BE102F7DF46.header.txt,2228,True,OK
8CAAFE798C6ACB7B58901EB74CAB329FA4B7ABA8669B73976F3978ED6F448F62,Z001023350415.pdf,FACTURA,FACTURA,OCR_STRONG,STRONG_RULE,F-DCC01CD6C3861C7E4C3E,DEVELOPMENT,False,OCR_PRODUCT_FIRST_PAGE,8CAAFE798C6ACB7B58901EB74CAB329FA4B7ABA8669B73976F3978ED6F448F62.ocr.txt,8CAAFE798C6ACB7B58901EB74CAB329FA4B7ABA8669B73976F3978ED6F448F62.header.txt,2171,False,OK
8CAFBC6765404E297608AB4687884CA06F82332097FF1D3E8B9313AD1ADD5A88,Z001023284845.pdf,FACTURA,FACTURA,QR_ARCA_STRONG,STRONG_RULE,F-6F5CAF1E1AEEB43C5486,DEVELOPMENT_DIAGNOSTIC,False,MDOC_DOCUMENT+OCR_HEADER_POSITION,8CAFBC6765404E297608AB4687884CA06F82332097FF1D3E8B9313AD1ADD5A88.native.txt,8CAFBC6765404E297608AB4687884CA06F82332097FF1D3E8B9313AD1ADD5A88.header.txt,3747,True,OK
8D4BA8C2CAC074E0F38FB7DC6F25F1E69D2F7AD95506AFB37797512AF3CD9B63,Z001023385164.pdf,FACTURA,FACTURA,QR_ARCA_STRONG,STRONG_RULE,F-EE08C7103D2458E54189,DEVELOPMENT_DIAGNOSTIC,False,MDOC_DOCUMENT+OCR_HEADER_POSITION,8D4BA8C2CAC074E0F38FB7DC6F25F1E69D2F7AD95506AFB37797512AF3CD9B63.native.txt,8D4BA8C2CAC074E0F38FB7DC6F25F1E69D2F7AD95506AFB37797512AF3CD9B63.header.txt,1754,True,OK
8DFA8CB9798CCF19F9BAF04C59F34058782E3DE9FF9A2EAB2E22F1B12D8AE149,Z001023321058.pdf,FACTURA,FACTURA,QR_ARCA_STRONG,STRONG_RULE,F-463F5D66BCFC1B95B4F2,DEVELOPMENT,False,MDOC_DOCUMENT+OCR_HEADER_POSITION,8DFA8CB9798CCF19F9BAF04C59F34058782E3DE9FF9A2EAB2E22F1B12D8AE149.native.txt,8DFA8CB9798CCF19F9BAF04C59F34058782E3DE9FF9A2EAB2E22F1B12D8AE149.header.txt,880,True,OK
8E35C151859E5F6C0FE0F2832287604CE4EB800330CF83D4885A59869028FF43,Z001023455166.pdf,OTRO_DOCUMENTO,OTRO_DOCUMENTO,QR_ARCA_STRONG,STRONG_RULE,F-FACD83D8B4281A05571A,DEVELOPMENT_DIAGNOSTIC,False,MDOC_DOCUMENT+OCR_HEADER_POSITION,8E35C151859E5F6C0FE0F2832287604CE4EB800330CF83D4885A59869028FF43.native.txt,8E35C151859E5F6C0FE0F2832287604CE4EB800330CF83D4885A59869028FF43.header.txt,4368,True,OK
8F110C4D92620DF0FF6B33FB5FE308E4DEB7C4A477D0C93B9A21E85AAED5B672,Z001023267213.pdf,FACTURA,FACTURA,QR_ARCA_STRONG,STRONG_RULE,F-463F5D66BCFC1B95B4F2,DEVELOPMENT,False,MDOC_DOCUMENT+OCR_HEADER_POSITION,8F110C4D92620DF0FF6B33FB5FE308E4DEB7C4A477D0C93B9A21E85AAED5B672.native.txt,8F110C4D92620DF0FF6B33FB5FE308E4DEB7C4A477D0C93B9A21E85AAED5B672.header.txt,1953,True,OK
8F129D3C66E622121981D62EB4000AED739CC876C6DE502C2BE0EF424E12BDE8,Z001023337303.pdf,FACTURA,FACTURA,QR_ARCA_STRONG,STRONG_RULE,F-FACD83D8B4281A05571A,DEVELOPMENT_DIAGNOSTIC,False,MDOC_DOCUMENT+OCR_HEADER_POSITION,8F129D3C66E622121981D62EB4000AED739CC876C6DE502C2BE0EF424E12BDE8.native.txt,8F129D3C66E622121981D62EB4000AED739CC876C6DE502C2BE0EF424E12BDE8.header.txt,4089,True,OK
8F9645E839D86DD3DA6DAD4B15036B8EE5B0918947E0C81D178CB952F2B2BE1C,Z001023466217.pdf,FACTURA,FACTURA,QR_ARCA_STRONG,STRONG_RULE,F-EE08C7103D2458E54189,DEVELOPMENT_DIAGNOSTIC,False,MDOC_DOCUMENT+OCR_HEADER_POSITION,8F9645E839D86DD3DA6DAD4B15036B8EE5B0918947E0C81D178CB952F2B2BE1C.native.txt,8F9645E839D86DD3DA6DAD4B15036B8EE5B0918947E0C81D178CB952F2B2BE1C.header.txt,2459,True,OK
902E6570382C0FCC9D1AADCD56160F3B5E37DBF6EE4E82A32701D131CB87AA73,Z001023478142.pdf,FACTURA,FACTURA,PDF_TEXT_STRONG,STRONG_RULE,F-EFE6E9C595B24436566B,DEVELOPMENT,False,MDOC_DOCUMENT+OCR_HEADER_POSITION,902E6570382C0FCC9D1AADCD56160F3B5E37DBF6EE4E82A32701D131CB87AA73.native.txt,902E6570382C0FCC9D1AADCD56160F3B5E37DBF6EE4E82A32701D131CB87AA73.header.txt,1345,True,OK
90A1BB6EE9300C81CBFEFC314D0981DAD827FCDD8D8E320E600B069A8E91E2CD,Z001023283880.pdf,FACTURA,FACTURA,QR_ARCA_STRONG,STRONG_RULE,F-EE08C7103D2458E54189,DEVELOPMENT_DIAGNOSTIC,False,MDOC_DOCUMENT+OCR_HEADER_POSITION,90A1BB6EE9300C81CBFEFC314D0981DAD827FCDD8D8E320E600B069A8E91E2CD.native.txt,90A1BB6EE9300C81CBFEFC314D0981DAD827FCDD8D8E320E600B069A8E91E2CD.header.txt,1921,True,OK
910FBAEDB8A90071E399EA9EDD55831BA2A6C779D9DAD241867BBACA82768A4A,Z001023283875.pdf,FACTURA,FACTURA,QR_ARCA_STRONG,STRONG_RULE,F-EE08C7103D2458E54189,DEVELOPMENT_DIAGNOSTIC,False,MDOC_DOCUMENT+OCR_HEADER_POSITION,910FBAEDB8A90071E399EA9EDD55831BA2A6C779D9DAD241867BBACA82768A4A.native.txt,910FBAEDB8A90071E399EA9EDD55831BA2A6C779D9DAD241867BBACA82768A4A.header.txt,1723,True,OK
917A02EE1496F0E6D19856E7F97EE8DD8F58D96DF995059690653F6D30B19708,Z001023306143.pdf,FACTURA,FACTURA,QR_ARCA_STRONG,STRONG_RULE,F-FACD83D8B4281A05571A,DEVELOPMENT_DIAGNOSTIC,False,MDOC_DOCUMENT+OCR_HEADER_POSITION,917A02EE1496F0E6D19856E7F97EE8DD8F58D96DF995059690653F6D30B19708.native.txt,917A02EE1496F0E6D19856E7F97EE8DD8F58D96DF995059690653F6D30B19708.header.txt,4107,True,OK
91EF6960EEF82A58B41B31F3850C800E27EE8460970F884F1236ABB48F0F1FCC,Z001023467657.pdf,FACTURA,FACTURA,QR_ARCA_STRONG,STRONG_RULE,F-FACD83D8B4281A05571A,DEVELOPMENT_DIAGNOSTIC,False,MDOC_DOCUMENT+OCR_HEADER_POSITION,91EF6960EEF82A58B41B31F3850C800E27EE8460970F884F1236ABB48F0F1FCC.native.txt,91EF6960EEF82A58B41B31F3850C800E27EE8460970F884F1236ABB48F0F1FCC.header.txt,5460,True,OK
920E2C2CFAD19BCFEF234DE870443978D3779498399D7AE818167099775D713A,Z001023454617.pdf,FACTURA,FACTURA,QR_ARCA_STRONG,STRONG_RULE,F-EE08C7103D2458E54189,DEVELOPMENT_DIAGNOSTIC,False,MDOC_DOCUMENT+OCR_HEADER_POSITION,920E2C2CFAD19BCFEF234DE870443978D3779498399D7AE818167099775D713A.native.txt,920E2C2CFAD19BCFEF234DE870443978D3779498399D7AE818167099775D713A.header.txt,2016,True,OK
92233BB1C2523E96C1A5F3CC8390A7507D1776004268A5C883287CB5670AEA94,Z001023242554.pdf,FACTURA,FACTURA,QR_ARCA_STRONG,STRONG_RULE,F-EE08C7103D2458E54189,DEVELOPMENT_DIAGNOSTIC,True,MDOC_DOCUMENT+OCR_HEADER_POSITION,92233BB1C2523E96C1A5F3CC8390A7507D1776004268A5C883287CB5670AEA94.native.txt,92233BB1C2523E96C1A5F3CC8390A7507D1776004268A5C883287CB5670AEA94.header.txt,1886,True,OK
92914214759A1969F8F6DA6FC3EAF436EEC02704E5B3141C282C9D183B15D2BC,Z001023242560.pdf,FACTURA,FACTURA,EXISTING_GROUND_TRUTH,CONFIRMED_EXISTING,F-EE08C7103D2458E54189,DEVELOPMENT_DIAGNOSTIC,True,MDOC_DOCUMENT+OCR_HEADER_POSITION,92914214759A1969F8F6DA6FC3EAF436EEC02704E5B3141C282C9D183B15D2BC.native.txt,92914214759A1969F8F6DA6FC3EAF436EEC02704E5B3141C282C9D183B15D2BC.header.txt,1888,True,OK
929808BE7D3DFA364E40A52C21EEE8C6195BCB4B2724BB30F5EA0E99E2964963,Z001023306226.pdf,FACTURA,FACTURA,QR_ARCA_STRONG,STRONG_RULE,F-780F613365E9FD4576C4,DEVELOPMENT,False,MDOC_DOCUMENT+OCR_HEADER_POSITION,929808BE7D3DFA364E40A52C21EEE8C6195BCB4B2724BB30F5EA0E99E2964963.native.txt,929808BE7D3DFA364E40A52C21EEE8C6195BCB4B2724BB30F5EA0E99E2964963.header.txt,3381,True,OK
92BFEC9ECE7286787335775B1094ECFCB2C3109923B99EA70FEF48F100F7824F,Z001023266876.pdf,FACTURA,FACTURA,QR_ARCA_STRONG,STRONG_RULE,F-EE08C7103D2458E54189,DEVELOPMENT_DIAGNOSTIC,False,MDOC_DOCUMENT+OCR_HEADER_POSITION,92BFEC9ECE7286787335775B1094ECFCB2C3109923B99EA70FEF48F100F7824F.native.txt,92BFEC9ECE7286787335775B1094ECFCB2C3109923B99EA70FEF48F100F7824F.header.txt,2070,True,OK
92EBBA53AD3476EC888E5D47534BFF0E73C340F8D58B63A2718AE92B6F7EAA21,Z001023243072.pdf,FACTURA,FACTURA,QR_ARCA_STRONG,STRONG_RULE,F-EE08C7103D2458E54189,DEVELOPMENT_DIAGNOSTIC,True,MDOC_DOCUMENT+OCR_HEADER_POSITION,92EBBA53AD3476EC888E5D47534BFF0E73C340F8D58B63A2718AE92B6F7EAA21.native.txt,92EBBA53AD3476EC888E5D47534BFF0E73C340F8D58B63A2718AE92B6F7EAA21.header.txt,2066,True,OK
93036EEF1A8A5CF4FE20C745C5AAAB528059A8F2492D3A7BDA905B3194023657,Z001023410380.pdf,FACTURA,FACTURA,OCR_STRONG,STRONG_RULE,F-7D0D437DDC69268FCFC4,DEVELOPMENT,False,MDOC_DOCUMENT+OCR_HEADER_POSITION,93036EEF1A8A5CF4FE20C745C5AAAB528059A8F2492D3A7BDA905B3194023657.native.txt,93036EEF1A8A5CF4FE20C745C5AAAB528059A8F2492D3A7BDA905B3194023657.header.txt,4197,True,OK
9333843B9DBB69A2C5494D92C99720C003D8A7CC226D80A64758BFF00A433279,Z001023366207.pdf,FACTURA,FACTURA,QR_ARCA_STRONG,STRONG_RULE,F-463F5D66BCFC1B95B4F2,DEVELOPMENT,False,OCR_PRODUCT_FIRST_PAGE,9333843B9DBB69A2C5494D92C99720C003D8A7CC226D80A64758BFF00A433279.ocr.txt,9333843B9DBB69A2C5494D92C99720C003D8A7CC226D80A64758BFF00A433279.header.txt,972,False,OK
93946044DD9FBAB870A7B410A3C51061CF64CE6D44FB8D63266CAFD138D5D539,Z001023385696.pdf,FACTURA,FACTURA,QR_ARCA_STRONG,STRONG_RULE,F-AB9C3DF0812F557CBA1C,DEVELOPMENT,False,MDOC_DOCUMENT+OCR_HEADER_POSITION,93946044DD9FBAB870A7B410A3C51061CF64CE6D44FB8D63266CAFD138D5D539.native.txt,93946044DD9FBAB870A7B410A3C51061CF64CE6D44FB8D63266CAFD138D5D539.header.txt,1314,True,OK
93AA062D25DF63997A23155F5E7F14BEFDB6D08912A599345AF02B12FB9F12A9,Z001023478143.pdf,FACTURA,FACTURA,PDF_TEXT_STRONG,STRONG_RULE,F-EFE6E9C595B24436566B,DEVELOPMENT,False,MDOC_DOCUMENT+OCR_HEADER_POSITION,93AA062D25DF63997A23155F5E7F14BEFDB6D08912A599345AF02B12FB9F12A9.native.txt,93AA062D25DF63997A23155F5E7F14BEFDB6D08912A599345AF02B12FB9F12A9.header.txt,1318,True,OK
94C119398ED5B3AFEA5B60477FD47392E3AC13E10251C94531B1DB8A1E0A6C12,Z001023306248.pdf,FACTURA,FACTURA,QR_ARCA_STRONG,STRONG_RULE,F-FACD83D8B4281A05571A,DEVELOPMENT_DIAGNOSTIC,False,MDOC_DOCUMENT+OCR_HEADER_POSITION,94C119398ED5B3AFEA5B60477FD47392E3AC13E10251C94531B1DB8A1E0A6C12.native.txt,94C119398ED5B3AFEA5B60477FD47392E3AC13E10251C94531B1DB8A1E0A6C12.header.txt,4137,True,OK
94F26C21757B539524ED76AA64629C18F390F9D0C9D4ABBBF5AF6484C0FC7528,Z001023435540.pdf,FACTURA,FACTURA,QR_ARCA_STRONG,STRONG_RULE,F-6F5CAF1E1AEEB43C5486,DEVELOPMENT_DIAGNOSTIC,False,MDOC_DOCUMENT+OCR_HEADER_POSITION,94F26C21757B539524ED76AA64629C18F390F9D0C9D4ABBBF5AF6484C0FC7528.native.txt,94F26C21757B539524ED76AA64629C18F390F9D0C9D4ABBBF5AF6484C0FC7528.header.txt,3636,True,OK
95163FEC1BD2F3B4D199C764E42F2B6343270AAC8E142CBF8A7CEC976D87FE34,Z001023266253.pdf,FACTURA,FACTURA,QR_ARCA_STRONG,STRONG_RULE,F-EE08C7103D2458E54189,DEVELOPMENT_DIAGNOSTIC,False,MDOC_DOCUMENT+OCR_HEADER_POSITION,95163FEC1BD2F3B4D199C764E42F2B6343270AAC8E142CBF8A7CEC976D87FE34.native.txt,95163FEC1BD2F3B4D199C764E42F2B6343270AAC8E142CBF8A7CEC976D87FE34.header.txt,1978,True,OK
95506FC26A8105240416CB0915A50736B594090DDC122EDF482039DCEDC947B8,Z001023283741.pdf,FACTURA,FACTURA,QR_ARCA_STRONG,STRONG_RULE,F-EE08C7103D2458E54189,DEVELOPMENT_DIAGNOSTIC,False,MDOC_DOCUMENT+OCR_HEADER_POSITION,95506FC26A8105240416CB0915A50736B594090DDC122EDF482039DCEDC947B8.native.txt,95506FC26A8105240416CB0915A50736B594090DDC122EDF482039DCEDC947B8.header.txt,1866,True,OK
9596624061FEBDAE035772A32CC975D358B4BAA9C1833EE21ADB485E2B0B06D3,Z001023266251.pdf,FACTURA,FACTURA,QR_ARCA_STRONG,STRONG_RULE,F-EE08C7103D2458E54189,DEVELOPMENT_DIAGNOSTIC,False,MDOC_DOCUMENT+OCR_HEADER_POSITION,9596624061FEBDAE035772A32CC975D358B4BAA9C1833EE21ADB485E2B0B06D3.native.txt,9596624061FEBDAE035772A32CC975D358B4BAA9C1833EE21ADB485E2B0B06D3.header.txt,2041,True,OK
95AF2B3D9E304F20830DD6D2986A230CE395D8B5FDA0B8BBC25E9B9E712B11AE,Z001023423284.pdf,OTRO_DOCUMENTO,NOTA_CREDITO,QR_ARCA_STRONG,STRONG_RULE,F-2225E7482E0C1A2CF093,DEVELOPMENT_DIAGNOSTIC,False,MDOC_DOCUMENT+OCR_HEADER_POSITION,95AF2B3D9E304F20830DD6D2986A230CE395D8B5FDA0B8BBC25E9B9E712B11AE.native.txt,95AF2B3D9E304F20830DD6D2986A230CE395D8B5FDA0B8BBC25E9B9E712B11AE.header.txt,1604,True,OK
963E9941D8D3A90BDACCFDDA949B7EEDD535A2ED456FA063B67893EC4D759786,Z001023242559.pdf,FACTURA,FACTURA,EXISTING_GROUND_TRUTH,CONFIRMED_EXISTING,F-EE08C7103D2458E54189,DEVELOPMENT_DIAGNOSTIC,True,MDOC_DOCUMENT+OCR_HEADER_POSITION,963E9941D8D3A90BDACCFDDA949B7EEDD535A2ED456FA063B67893EC4D759786.native.txt,963E9941D8D3A90BDACCFDDA949B7EEDD535A2ED456FA063B67893EC4D759786.header.txt,2778,True,OK
96E5DB8CB4E34D8387F0D1C5DFDB2FC75F190834A0060BAE5C85B04C3E6828A2,Z001023351267.pdf,FACTURA,FACTURA,PDF_TEXT_STRONG,STRONG_RULE,F-2D5EBBA8FDC9D9E26FC3,DEVELOPMENT,False,MDOC_DOCUMENT+OCR_HEADER_POSITION,96E5DB8CB4E34D8387F0D1C5DFDB2FC75F190834A0060BAE5C85B04C3E6828A2.native.txt,96E5DB8CB4E34D8387F0D1C5DFDB2FC75F190834A0060BAE5C85B04C3E6828A2.header.txt,18297,True,OK
9723AA331B89D1BB3AA42628C6D4FA1453C8ADB972AAC5EF26D433E659A76C2E,Z001023410636.pdf,FACTURA,FACTURA,QR_ARCA_STRONG,STRONG_RULE,F-6F5CAF1E1AEEB43C5486,DEVELOPMENT_DIAGNOSTIC,False,MDOC_DOCUMENT+OCR_HEADER_POSITION,9723AA331B89D1BB3AA42628C6D4FA1453C8ADB972AAC5EF26D433E659A76C2E.native.txt,9723AA331B89D1BB3AA42628C6D4FA1453C8ADB972AAC5EF26D433E659A76C2E.header.txt,3588,True,OK
9768F6CDE07116724DC86D4402184228B3963B7212E3287188A4EF9420F3498B,Z001023306224.pdf,FACTURA,FACTURA,QR_ARCA_STRONG,STRONG_RULE,F-EE08C7103D2458E54189,DEVELOPMENT_DIAGNOSTIC,False,MDOC_DOCUMENT+OCR_HEADER_POSITION,9768F6CDE07116724DC86D4402184228B3963B7212E3287188A4EF9420F3498B.native.txt,9768F6CDE07116724DC86D4402184228B3963B7212E3287188A4EF9420F3498B.header.txt,1920,True,OK
97EF8934F37425A7635624C8A636DD08FAEC908D41213138991513DAB7E1CD95,Z001023410762.pdf,FACTURA,FACTURA,QR_ARCA_STRONG,STRONG_RULE,F-FACD83D8B4281A05571A,DEVELOPMENT_DIAGNOSTIC,False,MDOC_DOCUMENT+OCR_HEADER_POSITION,97EF8934F37425A7635624C8A636DD08FAEC908D41213138991513DAB7E1CD95.native.txt,97EF8934F37425A7635624C8A636DD08FAEC908D41213138991513DAB7E1CD95.header.txt,3921,True,OK
97F4874BE79DAC5C72D00B028F6DCBA5564049CA077E6301C7AB4AAD37088BC2,Z001023467586.pdf,FACTURA,FACTURA,QR_ARCA_STRONG,STRONG_RULE,F-EE08C7103D2458E54189,DEVELOPMENT_DIAGNOSTIC,False,MDOC_DOCUMENT+OCR_HEADER_POSITION,97F4874BE79DAC5C72D00B028F6DCBA5564049CA077E6301C7AB4AAD37088BC2.native.txt,97F4874BE79DAC5C72D00B028F6DCBA5564049CA077E6301C7AB4AAD37088BC2.header.txt,1911,True,OK
9801EA3DCCCCE81A20C1A1FCA6BD057BE02056D5F6AF7568416C159F8EA6F42C,Z001023337601.pdf,OTRO_DOCUMENTO,OTRO_DOCUMENTO,QR_ARCA_STRONG,STRONG_RULE,F-FACD83D8B4281A05571A,DEVELOPMENT_DIAGNOSTIC,False,MDOC_DOCUMENT+OCR_HEADER_POSITION,9801EA3DCCCCE81A20C1A1FCA6BD057BE02056D5F6AF7568416C159F8EA6F42C.native.txt,9801EA3DCCCCE81A20C1A1FCA6BD057BE02056D5F6AF7568416C159F8EA6F42C.header.txt,4368,True,OK
983D750D5EF18AC380DF1970A9338EF482746FD22CD81031BB2DD981CB738ED0,Z001023266853.pdf,FACTURA,FACTURA,QR_ARCA_STRONG,STRONG_RULE,F-6F5CAF1E1AEEB43C5486,DEVELOPMENT_DIAGNOSTIC,False,MDOC_DOCUMENT+OCR_HEADER_POSITION,983D750D5EF18AC380DF1970A9338EF482746FD22CD81031BB2DD981CB738ED0.native.txt,983D750D5EF18AC380DF1970A9338EF482746FD22CD81031BB2DD981CB738ED0.header.txt,3525,True,OK
9857D4FCBA430BA90EA4E715013F3C02EBAE08FA6C857E1E859CBF2BA9341BAA,Z001023384987.pdf,FACTURA,FACTURA,QR_ARCA_STRONG,STRONG_RULE,F-EE08C7103D2458E54189,DEVELOPMENT_DIAGNOSTIC,False,MDOC_DOCUMENT+OCR_HEADER_POSITION,9857D4FCBA430BA90EA4E715013F3C02EBAE08FA6C857E1E859CBF2BA9341BAA.native.txt,9857D4FCBA430BA90EA4E715013F3C02EBAE08FA6C857E1E859CBF2BA9341BAA.header.txt,2050,True,OK
9893646420FB567085B74B4A937F0D07B988E41AE80615EEA9A62DBEED6CDEB1,Z001023321693.pdf,OTRO_DOCUMENTO,OTRO_DOCUMENTO,QR_ARCA_STRONG,STRONG_RULE,F-FACD83D8B4281A05571A,DEVELOPMENT_DIAGNOSTIC,False,MDOC_DOCUMENT+OCR_HEADER_POSITION,9893646420FB567085B74B4A937F0D07B988E41AE80615EEA9A62DBEED6CDEB1.native.txt,9893646420FB567085B74B4A937F0D07B988E41AE80615EEA9A62DBEED6CDEB1.header.txt,4368,True,OK
98A548702408FF5D0DB0A54BEE501A1D25F8C84FFE702021E9855B960A54E722,Z001023242876.pdf,FACTURA,FACTURA,QR_ARCA_STRONG,STRONG_RULE,F-EE08C7103D2458E54189,DEVELOPMENT_DIAGNOSTIC,True,MDOC_DOCUMENT+OCR_HEADER_POSITION,98A548702408FF5D0DB0A54BEE501A1D25F8C84FFE702021E9855B960A54E722.native.txt,98A548702408FF5D0DB0A54BEE501A1D25F8C84FFE702021E9855B960A54E722.header.txt,1975,True,OK
98BFC5FBFD9E19FD42CD4283A46B1DEE806AC72DEE45AC0FA82BD83E7889FA01,Z001023422215.pdf,FACTURA,FACTURA,OCR_STRONG,STRONG_RULE,F-3425847B1228DCB1FFC6,DEVELOPMENT,False,OCR_PRODUCT_FIRST_PAGE,98BFC5FBFD9E19FD42CD4283A46B1DEE806AC72DEE45AC0FA82BD83E7889FA01.ocr.txt,98BFC5FBFD9E19FD42CD4283A46B1DEE806AC72DEE45AC0FA82BD83E7889FA01.header.txt,1577,False,OK
9932F1579D3D31F9152C31290BB269430324462F86D6E6DB78C53961C9700F23,Z001023337430.pdf,FACTURA,FACTURA,QR_ARCA_STRONG,STRONG_RULE,F-F2B443493003CF983276,DEVELOPMENT,False,MDOC_DOCUMENT+OCR_HEADER_POSITION,9932F1579D3D31F9152C31290BB269430324462F86D6E6DB78C53961C9700F23.native.txt,9932F1579D3D31F9152C31290BB269430324462F86D6E6DB78C53961C9700F23.header.txt,1462,True,OK
9945BBDC4DD33F425D4878C2F17FD844168E1F483FE51F229EF5A019C7E4AFB6,Z001023466171.pdf,FACTURA,FACTURA,QR_ARCA_STRONG,STRONG_RULE,F-EE08C7103D2458E54189,DEVELOPMENT_DIAGNOSTIC,False,MDOC_DOCUMENT+OCR_HEADER_POSITION,9945BBDC4DD33F425D4878C2F17FD844168E1F483FE51F229EF5A019C7E4AFB6.native.txt,9945BBDC4DD33F425D4878C2F17FD844168E1F483FE51F229EF5A019C7E4AFB6.header.txt,2022,True,OK
9A3FC7437BBDF8BFE19FD65198BFA9BE76A63DE5BC8E0AC1CEFB3E77373FF816,Z001023266916.pdf,FACTURA,FACTURA,QR_ARCA_STRONG,STRONG_RULE,F-EE08C7103D2458E54189,DEVELOPMENT_DIAGNOSTIC,False,OCR_PRODUCT_FIRST_PAGE,9A3FC7437BBDF8BFE19FD65198BFA9BE76A63DE5BC8E0AC1CEFB3E77373FF816.ocr.txt,9A3FC7437BBDF8BFE19FD65198BFA9BE76A63DE5BC8E0AC1CEFB3E77373FF816.header.txt,1998,False,OK
9A4E64C46A21F76C881907BBE1648F5700C42A24EFCB8257BA7244BB01A0CBA9,Z001023351390.pdf,FACTURA,FACTURA,QR_ARCA_STRONG,STRONG_RULE,F-6F5CAF1E1AEEB43C5486,DEVELOPMENT_DIAGNOSTIC,False,MDOC_DOCUMENT+OCR_HEADER_POSITION,9A4E64C46A21F76C881907BBE1648F5700C42A24EFCB8257BA7244BB01A0CBA9.native.txt,9A4E64C46A21F76C881907BBE1648F5700C42A24EFCB8257BA7244BB01A0CBA9.header.txt,3471,True,OK
9A9BB0F6EBA54E0D0C25731245270AB989933DF8900A72CE130827CA53B2B37C,Z001023283745.pdf,FACTURA,FACTURA,QR_ARCA_STRONG,STRONG_RULE,F-EE08C7103D2458E54189,DEVELOPMENT_DIAGNOSTIC,False,MDOC_DOCUMENT+OCR_HEADER_POSITION,9A9BB0F6EBA54E0D0C25731245270AB989933DF8900A72CE130827CA53B2B37C.native.txt,9A9BB0F6EBA54E0D0C25731245270AB989933DF8900A72CE130827CA53B2B37C.header.txt,1926,True,OK
9AABED26F462B478F277F7E592AA3983B2B9DA888D474F4C93B7A6CEC27AC52F,Z001023306105.pdf,FACTURA,FACTURA,QR_ARCA_STRONG,STRONG_RULE,F-FACD83D8B4281A05571A,DEVELOPMENT_DIAGNOSTIC,False,MDOC_DOCUMENT+OCR_HEADER_POSITION,9AABED26F462B478F277F7E592AA3983B2B9DA888D474F4C93B7A6CEC27AC52F.native.txt,9AABED26F462B478F277F7E592AA3983B2B9DA888D474F4C93B7A6CEC27AC52F.header.txt,4068,True,OK
9AAED50A220E4A59ABBF846248504B1D06023155CCF6AE05B285763B532811D2,Z001023306250.pdf,FACTURA,FACTURA,QR_ARCA_STRONG,STRONG_RULE,F-FACD83D8B4281A05571A,DEVELOPMENT_DIAGNOSTIC,False,MDOC_DOCUMENT+OCR_HEADER_POSITION,9AAED50A220E4A59ABBF846248504B1D06023155CCF6AE05B285763B532811D2.native.txt,9AAED50A220E4A59ABBF846248504B1D06023155CCF6AE05B285763B532811D2.header.txt,4653,True,OK
9B05799CEE418B6AD0B0876E23A97CDFF1A952C1D031EEA3D6672EABE7EE762E,Z001023423180.pdf,FACTURA,FACTURA,QR_ARCA_STRONG,STRONG_RULE,F-FACD83D8B4281A05571A,DEVELOPMENT_DIAGNOSTIC,False,MDOC_DOCUMENT+OCR_HEADER_POSITION,9B05799CEE418B6AD0B0876E23A97CDFF1A952C1D031EEA3D6672EABE7EE762E.native.txt,9B05799CEE418B6AD0B0876E23A97CDFF1A952C1D031EEA3D6672EABE7EE762E.header.txt,4443,True,OK
9B82B28BDD8F2617C32E1D8C71705EC2AFC2FCAC71747661CA85C65B08D4C6A5,Z001023266213.pdf,FACTURA,FACTURA,QR_ARCA_STRONG,STRONG_RULE,F-EE08C7103D2458E54189,DEVELOPMENT_DIAGNOSTIC,False,MDOC_DOCUMENT+OCR_HEADER_POSITION,9B82B28BDD8F2617C32E1D8C71705EC2AFC2FCAC71747661CA85C65B08D4C6A5.native.txt,9B82B28BDD8F2617C32E1D8C71705EC2AFC2FCAC71747661CA85C65B08D4C6A5.header.txt,2046,True,OK
9B84CC3980E75FFDADA63A4445C66561B2DA457969B183C72D13ABA914AC9F92,Z001023423305.pdf,FACTURA,FACTURA,QR_ARCA_STRONG,STRONG_RULE,F-19E3E2219E79C363F63F,DEVELOPMENT,False,MDOC_DOCUMENT+OCR_HEADER_POSITION,9B84CC3980E75FFDADA63A4445C66561B2DA457969B183C72D13ABA914AC9F92.native.txt,9B84CC3980E75FFDADA63A4445C66561B2DA457969B183C72D13ABA914AC9F92.header.txt,308121,True,OK
9C18A5DF27D90556C236651C9E32EE1BD4DAD8D191218BBE8F932CF45131DB46,Z001023467448.pdf,FACTURA,FACTURA,QR_ARCA_STRONG,STRONG_RULE,F-6F5CAF1E1AEEB43C5486,DEVELOPMENT_DIAGNOSTIC,False,MDOC_DOCUMENT+OCR_HEADER_POSITION,9C18A5DF27D90556C236651C9E32EE1BD4DAD8D191218BBE8F932CF45131DB46.native.txt,9C18A5DF27D90556C236651C9E32EE1BD4DAD8D191218BBE8F932CF45131DB46.header.txt,3882,True,OK
9D89F0FF0433FB4667E9F658F85408E09DB8586C1753019CD4818FCF59108DD4,Z001023423306.pdf,FACTURA,FACTURA,QR_ARCA_STRONG,STRONG_RULE,F-19E3E2219E79C363F63F,DEVELOPMENT,False,MDOC_DOCUMENT+OCR_HEADER_POSITION,9D89F0FF0433FB4667E9F658F85408E09DB8586C1753019CD4818FCF59108DD4.native.txt,9D89F0FF0433FB4667E9F658F85408E09DB8586C1753019CD4818FCF59108DD4.header.txt,4428,True,OK
9DDDFEA33E7D9998B202D66E6E3A87FD499E8288F62B8673B1F40A66CF8D51C9,Z001023305698.pdf,FACTURA,FACTURA,QR_ARCA_STRONG,STRONG_RULE,F-FACD83D8B4281A05571A,DEVELOPMENT_DIAGNOSTIC,False,MDOC_DOCUMENT+OCR_HEADER_POSITION,9DDDFEA33E7D9998B202D66E6E3A87FD499E8288F62B8673B1F40A66CF8D51C9.native.txt,9DDDFEA33E7D9998B202D66E6E3A87FD499E8288F62B8673B1F40A66CF8D51C9.header.txt,4206,True,OK
9DF67317E84209D40CCA4D2D55047395A7C689394841DA25A86EA70932197DE8,Z001023385020.pdf,FACTURA,FACTURA,QR_ARCA_STRONG,STRONG_RULE,F-EE08C7103D2458E54189,DEVELOPMENT_DIAGNOSTIC,False,MDOC_DOCUMENT+OCR_HEADER_POSITION,9DF67317E84209D40CCA4D2D55047395A7C689394841DA25A86EA70932197DE8.native.txt,9DF67317E84209D40CCA4D2D55047395A7C689394841DA25A86EA70932197DE8.header.txt,2435,True,OK
9EB38CEA6E16E710A4E5B014188A0DC4835DD1FBAA413A03598D80E848C1387C,Z001023305676.pdf,FACTURA,FACTURA,QR_ARCA_STRONG,STRONG_RULE,F-6F5CAF1E1AEEB43C5486,DEVELOPMENT_DIAGNOSTIC,False,MDOC_DOCUMENT+OCR_HEADER_POSITION,9EB38CEA6E16E710A4E5B014188A0DC4835DD1FBAA413A03598D80E848C1387C.native.txt,9EB38CEA6E16E710A4E5B014188A0DC4835DD1FBAA413A03598D80E848C1387C.header.txt,3648,True,OK
9F1FAB628AC6821BA46DC7E63EBA5FA271E91CA180DD9522615BEC3B8D3F396D,Z001023321064.pdf,FACTURA,FACTURA,OCR_STRONG,STRONG_RULE,F-D9558DFA49CDFA0EC574,DEVELOPMENT,False,MDOC_DOCUMENT+OCR_HEADER_POSITION,9F1FAB628AC6821BA46DC7E63EBA5FA271E91CA180DD9522615BEC3B8D3F396D.native.txt,9F1FAB628AC6821BA46DC7E63EBA5FA271E91CA180DD9522615BEC3B8D3F396D.header.txt,3722,True,OK
9F20D5A914501086136BFED9B88E8DC91452B65E0BB36A48060A33152C56A332,Z001023268014.pdf,FACTURA,FACTURA,QR_ARCA_STRONG,STRONG_RULE,F-FACD83D8B4281A05571A,DEVELOPMENT_DIAGNOSTIC,False,MDOC_DOCUMENT+OCR_HEADER_POSITION,9F20D5A914501086136BFED9B88E8DC91452B65E0BB36A48060A33152C56A332.native.txt,9F20D5A914501086136BFED9B88E8DC91452B65E0BB36A48060A33152C56A332.header.txt,4377,True,OK
9F3EE50DB8332F50B686622FE67CF9DA5389B73AF85744453A7B53B450F624E6,Z001023422276.pdf,FACTURA,FACTURA,OCR_STRONG,STRONG_RULE,F-3011CA8E0F20D09184FC,DEVELOPMENT,False,MDOC_DOCUMENT+OCR_HEADER_POSITION,9F3EE50DB8332F50B686622FE67CF9DA5389B73AF85744453A7B53B450F624E6.native.txt,9F3EE50DB8332F50B686622FE67CF9DA5389B73AF85744453A7B53B450F624E6.header.txt,1245,True,OK
9F78FE8E80F379C7E339E5BD0FB8E4DDFF88B93D72D57F1BE6B0ED3DC77C6DCF,Z001023306249.pdf,FACTURA,FACTURA,QR_ARCA_STRONG,STRONG_RULE,F-FACD83D8B4281A05571A,DEVELOPMENT_DIAGNOSTIC,False,MDOC_DOCUMENT+OCR_HEADER_POSITION,9F78FE8E80F379C7E339E5BD0FB8E4DDFF88B93D72D57F1BE6B0ED3DC77C6DCF.native.txt,9F78FE8E80F379C7E339E5BD0FB8E4DDFF88B93D72D57F1BE6B0ED3DC77C6DCF.header.txt,4152,True,OK
A034D9BA8303AFB573D6F5823B1C9E16413A56593500E3A00A732D1BED52F326,Z001023266917.pdf,FACTURA,FACTURA,QR_ARCA_STRONG,STRONG_RULE,F-FACD83D8B4281A05571A,DEVELOPMENT_DIAGNOSTIC,False,MDOC_DOCUMENT+OCR_HEADER_POSITION,A034D9BA8303AFB573D6F5823B1C9E16413A56593500E3A00A732D1BED52F326.native.txt,A034D9BA8303AFB573D6F5823B1C9E16413A56593500E3A00A732D1BED52F326.header.txt,4680,True,OK
A0A5960905B6EC78058181CCC8AC0CE5CC894945AB6D97889A599934D2BE636E,Z001023321692.pdf,OTRO_DOCUMENTO,OTRO_DOCUMENTO,QR_ARCA_STRONG,STRONG_RULE,F-FACD83D8B4281A05571A,DEVELOPMENT_DIAGNOSTIC,False,MDOC_DOCUMENT+OCR_HEADER_POSITION,A0A5960905B6EC78058181CCC8AC0CE5CC894945AB6D97889A599934D2BE636E.native.txt,A0A5960905B6EC78058181CCC8AC0CE5CC894945AB6D97889A599934D2BE636E.header.txt,4383,True,OK
A0E70952B21704A19FED7D35D964ABE1A3D24F66EE60C24069DB3658A23852AD,Z001023321302.pdf,FACTURA,FACTURA,QR_ARCA_STRONG,STRONG_RULE,F-EE08C7103D2458E54189,DEVELOPMENT_DIAGNOSTIC,False,MDOC_DOCUMENT+OCR_HEADER_POSITION,A0E70952B21704A19FED7D35D964ABE1A3D24F66EE60C24069DB3658A23852AD.native.txt,A0E70952B21704A19FED7D35D964ABE1A3D24F66EE60C24069DB3658A23852AD.header.txt,2159,True,OK
A0F2D39A8CE046149BC6B737E3B5A91F401B2B0508266B23F02FFC5C1881C20C,Z001023306667.pdf,FACTURA,FACTURA,OCR_STRONG,STRONG_RULE,F-46CBE2F2FC989AC0304F,DEVELOPMENT,False,OCR_PRODUCT_FIRST_PAGE,A0F2D39A8CE046149BC6B737E3B5A91F401B2B0508266B23F02FFC5C1881C20C.ocr.txt,A0F2D39A8CE046149BC6B737E3B5A91F401B2B0508266B23F02FFC5C1881C20C.header.txt,993,False,OK
A1D50F46C5C96EF705178501DD55652D1069DE6B361A845D599F13098446FE80,Z001023466496.pdf,FACTURA,FACTURA,OCR_STRONG,STRONG_RULE,F-52A8D3E535639BC9066E,DEVELOPMENT,False,OCR_PRODUCT_FIRST_PAGE,A1D50F46C5C96EF705178501DD55652D1069DE6B361A845D599F13098446FE80.ocr.txt,A1D50F46C5C96EF705178501DD55652D1069DE6B361A845D599F13098446FE80.header.txt,1099,False,OK
A1F9B06618E591EB2B3C76518F428FB788547CC1AA53E9544A4A11980A206B57,Z001023386100.pdf,FACTURA,FACTURA,QR_ARCA_STRONG,STRONG_RULE,F-EE08C7103D2458E54189,DEVELOPMENT_DIAGNOSTIC,False,MDOC_DOCUMENT+OCR_HEADER_POSITION,A1F9B06618E591EB2B3C76518F428FB788547CC1AA53E9544A4A11980A206B57.native.txt,A1F9B06618E591EB2B3C76518F428FB788547CC1AA53E9544A4A11980A206B57.header.txt,2021,True,OK
A23CD835EFAEDB3FBA5B0DBCC69F01FFE20FA74C641B2699E3DA9074A50D1EBB,Z001023242262.pdf,FACTURA,FACTURA,QR_ARCA_STRONG,STRONG_RULE,F-FACD83D8B4281A05571A,DEVELOPMENT_DIAGNOSTIC,True,MDOC_DOCUMENT+OCR_HEADER_POSITION,A23CD835EFAEDB3FBA5B0DBCC69F01FFE20FA74C641B2699E3DA9074A50D1EBB.native.txt,A23CD835EFAEDB3FBA5B0DBCC69F01FFE20FA74C641B2699E3DA9074A50D1EBB.header.txt,4926,True,OK
A2590908E0A0F8CD902C54D81652BA2354723E2A5C0056A2E29C7AB3EC3A445C,Z001023305708.pdf,FACTURA,FACTURA,PDF_TEXT_STRONG,STRONG_RULE,F-239031FB24D11A1289E7,DEVELOPMENT,False,MDOC_DOCUMENT+OCR_HEADER_POSITION,A2590908E0A0F8CD902C54D81652BA2354723E2A5C0056A2E29C7AB3EC3A445C.native.txt,A2590908E0A0F8CD902C54D81652BA2354723E2A5C0056A2E29C7AB3EC3A445C.header.txt,1633,True,OK
A2928B01A4CD36732A28C69D98E877A906A6EB383769402661C8ACE6EAF9A0EC,Z001023242301.pdf,FACTURA,FACTURA,QR_ARCA_STRONG,STRONG_RULE,F-6F5CAF1E1AEEB43C5486,DEVELOPMENT_DIAGNOSTIC,True,MDOC_DOCUMENT+OCR_HEADER_POSITION,A2928B01A4CD36732A28C69D98E877A906A6EB383769402661C8ACE6EAF9A0EC.native.txt,A2928B01A4CD36732A28C69D98E877A906A6EB383769402661C8ACE6EAF9A0EC.header.txt,3504,True,OK
A2BF3657EE083148A054B3F7110C884140B3D69930E58683F957FBAAA580D827,Z001023266234.pdf,OTRO_DOCUMENTO,NOTA_CREDITO,PDF_TEXT_STRONG,STRONG_RULE,F-EFE6E9C595B24436566B,DEVELOPMENT,False,MDOC_DOCUMENT+OCR_HEADER_POSITION,A2BF3657EE083148A054B3F7110C884140B3D69930E58683F957FBAAA580D827.native.txt,A2BF3657EE083148A054B3F7110C884140B3D69930E58683F957FBAAA580D827.header.txt,1547,True,OK
A2D1529D28326B4E8B236A002CD8E46D89D846C50E49B31D238067347F7D0223,Z001023467622.pdf,FACTURA,FACTURA,QR_ARCA_STRONG,STRONG_RULE,F-FACD83D8B4281A05571A,DEVELOPMENT_DIAGNOSTIC,False,MDOC_DOCUMENT+OCR_HEADER_POSITION,A2D1529D28326B4E8B236A002CD8E46D89D846C50E49B31D238067347F7D0223.native.txt,A2D1529D28326B4E8B236A002CD8E46D89D846C50E49B31D238067347F7D0223.header.txt,4284,True,OK
A2FDAD9EB62F9728D4A1369E94F1ED407FEE978FAA53FE7BA5035339AB1F6052,Z001023268102.pdf,FACTURA,FACTURA,QR_ARCA_STRONG,STRONG_RULE,F-FACD83D8B4281A05571A,DEVELOPMENT_DIAGNOSTIC,False,MDOC_DOCUMENT+OCR_HEADER_POSITION,A2FDAD9EB62F9728D4A1369E94F1ED407FEE978FAA53FE7BA5035339AB1F6052.native.txt,A2FDAD9EB62F9728D4A1369E94F1ED407FEE978FAA53FE7BA5035339AB1F6052.header.txt,4353,True,OK
A47A2D7859BB08A65A7C8003656803C777E38BC94F7F27EEA4AD1CD8FD5B80FA,Z001023366209.pdf,FACTURA,FACTURA,QR_ARCA_STRONG,STRONG_RULE,F-463F5D66BCFC1B95B4F2,DEVELOPMENT,False,OCR_PRODUCT_FIRST_PAGE,A47A2D7859BB08A65A7C8003656803C777E38BC94F7F27EEA4AD1CD8FD5B80FA.ocr.txt,A47A2D7859BB08A65A7C8003656803C777E38BC94F7F27EEA4AD1CD8FD5B80FA.header.txt,969,False,OK
A49F888D274CFE65CF21EB1527C95105513D9AC250238EECF5F46A3791478CBA,Z001023385162.pdf,FACTURA,FACTURA,QR_ARCA_STRONG,STRONG_RULE,F-FACD83D8B4281A05571A,DEVELOPMENT_DIAGNOSTIC,False,MDOC_DOCUMENT+OCR_HEADER_POSITION,A49F888D274CFE65CF21EB1527C95105513D9AC250238EECF5F46A3791478CBA.native.txt,A49F888D274CFE65CF21EB1527C95105513D9AC250238EECF5F46A3791478CBA.header.txt,3954,True,OK
A545E9BB46897229592B7E4460C235D68B749F58E268ADED69BEEC775BA2D440,Z001023397974.pdf,FACTURA,FACTURA,QR_ARCA_STRONG,STRONG_RULE,F-FACD83D8B4281A05571A,DEVELOPMENT_DIAGNOSTIC,False,MDOC_DOCUMENT+OCR_HEADER_POSITION,A545E9BB46897229592B7E4460C235D68B749F58E268ADED69BEEC775BA2D440.native.txt,A545E9BB46897229592B7E4460C235D68B749F58E268ADED69BEEC775BA2D440.header.txt,4164,True,OK
A5D596CC95D40058EBAB004E9B7D0CD5CDFC8C026CECA39BD2985DA63EE8C44C,Z001023478406.pdf,FACTURA,FACTURA,QR_ARCA_STRONG,STRONG_RULE,F-463F5D66BCFC1B95B4F2,DEVELOPMENT,False,MDOC_DOCUMENT+OCR_HEADER_POSITION,A5D596CC95D40058EBAB004E9B7D0CD5CDFC8C026CECA39BD2985DA63EE8C44C.native.txt,A5D596CC95D40058EBAB004E9B7D0CD5CDFC8C026CECA39BD2985DA63EE8C44C.header.txt,1038,True,OK
A5E0A23B19304BAD637E744E9B4ED12D8BF3377521ABFE8FE73049F7EFE47335,Z001023397807.pdf,FACTURA,FACTURA,QR_ARCA_STRONG,STRONG_RULE,F-EE08C7103D2458E54189,DEVELOPMENT_DIAGNOSTIC,False,MDOC_DOCUMENT+OCR_HEADER_POSITION,A5E0A23B19304BAD637E744E9B4ED12D8BF3377521ABFE8FE73049F7EFE47335.native.txt,A5E0A23B19304BAD637E744E9B4ED12D8BF3377521ABFE8FE73049F7EFE47335.header.txt,2121,True,OK
A662CA0C99BF602548B39BF259B01A4AAA2CA1A594534D0DA328D370E6F32C99,Z001023410556.pdf,FACTURA,FACTURA,PDF_TEXT_STRONG,STRONG_RULE,F-EFE6E9C595B24436566B,DEVELOPMENT,False,MDOC_DOCUMENT+OCR_HEADER_POSITION,A662CA0C99BF602548B39BF259B01A4AAA2CA1A594534D0DA328D370E6F32C99.native.txt,A662CA0C99BF602548B39BF259B01A4AAA2CA1A594534D0DA328D370E6F32C99.header.txt,1247,True,OK
A69004CE99B64253517BF67479A39AC4E7E2BD6E61A8B7FADBEB43AC4D98FC7C,Z001023283693.pdf,FACTURA,FACTURA,QR_ARCA_STRONG,STRONG_RULE,F-EE08C7103D2458E54189,DEVELOPMENT_DIAGNOSTIC,False,MDOC_DOCUMENT+OCR_HEADER_POSITION,A69004CE99B64253517BF67479A39AC4E7E2BD6E61A8B7FADBEB43AC4D98FC7C.native.txt,A69004CE99B64253517BF67479A39AC4E7E2BD6E61A8B7FADBEB43AC4D98FC7C.header.txt,1879,True,OK
A6AD364B22617D413C3D16E1E057C22B686A19E8B85F6EF90F69BB3E880031C2,Z001023243747.pdf,FACTURA,FACTURA,QR_ARCA_STRONG,STRONG_RULE,F-EE08C7103D2458E54189,DEVELOPMENT_DIAGNOSTIC,False,MDOC_DOCUMENT+OCR_HEADER_POSITION,A6AD364B22617D413C3D16E1E057C22B686A19E8B85F6EF90F69BB3E880031C2.native.txt,A6AD364B22617D413C3D16E1E057C22B686A19E8B85F6EF90F69BB3E880031C2.header.txt,2014,True,OK
A75839AE32A6A29EBB6CF64EBE45427C346DFFE51E758D5F04D903FC28147D87,Z001023243181.pdf,FACTURA,FACTURA,EXISTING_GROUND_TRUTH,CONFIRMED_EXISTING,F-C4297C930D025E93CCD8,DEVELOPMENT_DIAGNOSTIC,True,MDOC_DOCUMENT+OCR_HEADER_POSITION,A75839AE32A6A29EBB6CF64EBE45427C346DFFE51E758D5F04D903FC28147D87.native.txt,A75839AE32A6A29EBB6CF64EBE45427C346DFFE51E758D5F04D903FC28147D87.header.txt,971,True,OK
A79E9B562724ACB0A285620DB140ED3B6F52FCDA4E72FF31363A24D15A583A4E,Z001023243745.pdf,FACTURA,FACTURA,QR_ARCA_STRONG,STRONG_RULE,F-EE08C7103D2458E54189,DEVELOPMENT_DIAGNOSTIC,False,MDOC_DOCUMENT+OCR_HEADER_POSITION,A79E9B562724ACB0A285620DB140ED3B6F52FCDA4E72FF31363A24D15A583A4E.native.txt,A79E9B562724ACB0A285620DB140ED3B6F52FCDA4E72FF31363A24D15A583A4E.header.txt,1971,True,OK
A7BADE04443004116FBA8D61734FD935ADA2B9C23ACC045FDB2BD7DE36EDEB9E,Z001023350018.pdf,FACTURA,FACTURA,QR_ARCA_STRONG,STRONG_RULE,F-78FBBC0583221AAC5789,DEVELOPMENT,False,MDOC_DOCUMENT+OCR_HEADER_POSITION,A7BADE04443004116FBA8D61734FD935ADA2B9C23ACC045FDB2BD7DE36EDEB9E.native.txt,A7BADE04443004116FBA8D61734FD935ADA2B9C23ACC045FDB2BD7DE36EDEB9E.header.txt,999,True,OK
A7D0D177D1CCB130C093C3F5B09AC3F6AA32332F776804B281CD0D36015BDB72,Z001023321057.pdf,FACTURA,FACTURA,QR_ARCA_STRONG,STRONG_RULE,F-C0D5A81F1B3DB1BB1203,DEVELOPMENT,False,MDOC_DOCUMENT+OCR_HEADER_POSITION,A7D0D177D1CCB130C093C3F5B09AC3F6AA32332F776804B281CD0D36015BDB72.native.txt,A7D0D177D1CCB130C093C3F5B09AC3F6AA32332F776804B281CD0D36015BDB72.header.txt,8415,True,OK
A7E2D050AE6A451E8D7031F3B2CD5C0C7D46028B7C0A78F2B615E19B29272657,Z001023466454.pdf,FACTURA,FACTURA,QR_ARCA_STRONG,STRONG_RULE,F-EE08C7103D2458E54189,DEVELOPMENT_DIAGNOSTIC,False,MDOC_DOCUMENT+OCR_HEADER_POSITION,A7E2D050AE6A451E8D7031F3B2CD5C0C7D46028B7C0A78F2B615E19B29272657.native.txt,A7E2D050AE6A451E8D7031F3B2CD5C0C7D46028B7C0A78F2B615E19B29272657.header.txt,1966,True,OK
A7EEF61CBC21D206720339275678C25A6C47A3A09E9DEB38D901E03BB5657EAA,Z001023306568.pdf,FACTURA,FACTURA,OCR_STRONG,STRONG_RULE,F-236B043AC3F54D78C0B5,DEVELOPMENT,False,MDOC_DOCUMENT+OCR_HEADER_POSITION,A7EEF61CBC21D206720339275678C25A6C47A3A09E9DEB38D901E03BB5657EAA.native.txt,A7EEF61CBC21D206720339275678C25A6C47A3A09E9DEB38D901E03BB5657EAA.header.txt,1212,True,OK
A83A954DC4B57E16CA65F339A6A32389B871478C19D83616338C312E3DADC07C,Z001023397661.pdf,FACTURA,FACTURA,PDF_TEXT_STRONG,STRONG_RULE,F-13D60871A95205707260,DEVELOPMENT,False,MDOC_DOCUMENT+OCR_HEADER_POSITION,A83A954DC4B57E16CA65F339A6A32389B871478C19D83616338C312E3DADC07C.native.txt,A83A954DC4B57E16CA65F339A6A32389B871478C19D83616338C312E3DADC07C.header.txt,974,True,OK
A88C6A4751F9912D9305D03EB3776DD14B96B8396F98F48331068504D008E6CC,Z001023266210.pdf,FACTURA,FACTURA,QR_ARCA_STRONG,STRONG_RULE,F-FC4D9BFCF265DB5A7DB7,DEVELOPMENT,False,MDOC_DOCUMENT+OCR_HEADER_POSITION,A88C6A4751F9912D9305D03EB3776DD14B96B8396F98F48331068504D008E6CC.native.txt,A88C6A4751F9912D9305D03EB3776DD14B96B8396F98F48331068504D008E6CC.header.txt,2082,True,OK
A9133411F1F9F53089FBF5901269327CF6662B8D9095A0E75851ACE6455ADC46,Z001023321399.pdf,FACTURA,FACTURA,OCR_STRONG,STRONG_RULE,F-9CDD0F79654F6C629C58,DEVELOPMENT,False,OCR_PRODUCT_FIRST_PAGE,A9133411F1F9F53089FBF5901269327CF6662B8D9095A0E75851ACE6455ADC46.ocr.txt,A9133411F1F9F53089FBF5901269327CF6662B8D9095A0E75851ACE6455ADC46.header.txt,1164,False,OK
A925841ABDBBBA3C4CE336C59731CF70CB6A8671AF5CEC26DBDF467A5D92B27F,Z001023267974.pdf,FACTURA,FACTURA,QR_ARCA_STRONG,STRONG_RULE,F-108FF89DFB4EC29C3343,DEVELOPMENT,False,MDOC_DOCUMENT+OCR_HEADER_POSITION,A925841ABDBBBA3C4CE336C59731CF70CB6A8671AF5CEC26DBDF467A5D92B27F.native.txt,A925841ABDBBBA3C4CE336C59731CF70CB6A8671AF5CEC26DBDF467A5D92B27F.header.txt,1436,True,OK
A92813FAF3F630A2BD56EE3BFD4698B7F02E73AB258E69060425422B9409202C,Z001023336318.pdf,FACTURA,FACTURA,QR_ARCA_STRONG,STRONG_RULE,F-463F5D66BCFC1B95B4F2,DEVELOPMENT,False,OCR_PRODUCT_FIRST_PAGE,A92813FAF3F630A2BD56EE3BFD4698B7F02E73AB258E69060425422B9409202C.ocr.txt,A92813FAF3F630A2BD56EE3BFD4698B7F02E73AB258E69060425422B9409202C.header.txt,1190,False,OK
A96DEE1D6A7E23D5E68607C65FF20DCFE740969199AAC8736E42D59AE4730A2B,Z001023305774.pdf,FACTURA,FACTURA,QR_ARCA_STRONG,STRONG_RULE,F-127BD2FBDD2CC031C0FE,DEVELOPMENT_DIAGNOSTIC,False,MDOC_DOCUMENT+OCR_HEADER_POSITION,A96DEE1D6A7E23D5E68607C65FF20DCFE740969199AAC8736E42D59AE4730A2B.native.txt,A96DEE1D6A7E23D5E68607C65FF20DCFE740969199AAC8736E42D59AE4730A2B.header.txt,1610,True,OK
AA84C3A4E4924686D838376E09090FD10087194C01C07A5EA950C292EF7C5773,Z001023305694.pdf,FACTURA,FACTURA,QR_ARCA_STRONG,STRONG_RULE,F-EE08C7103D2458E54189,DEVELOPMENT_DIAGNOSTIC,False,MDOC_DOCUMENT+OCR_HEADER_POSITION,AA84C3A4E4924686D838376E09090FD10087194C01C07A5EA950C292EF7C5773.native.txt,AA84C3A4E4924686D838376E09090FD10087194C01C07A5EA950C292EF7C5773.header.txt,2337,True,OK
AAA58F0519E8973AF3E81F35297B296B0C1596C01E87249708FF250200CB4755,Z001023305815.pdf,FACTURA,FACTURA,OCR_STRONG,STRONG_RULE,F-C4EFEA98CD9D9490E678,DEVELOPMENT,False,MDOC_DOCUMENT+OCR_HEADER_POSITION,AAA58F0519E8973AF3E81F35297B296B0C1596C01E87249708FF250200CB4755.native.txt,AAA58F0519E8973AF3E81F35297B296B0C1596C01E87249708FF250200CB4755.header.txt,3132,True,OK
AABF7B716F6EFB57A9B2A94209DC35148FE057B9591E0019F999ED73BEC22319,Z001023422339.pdf,FACTURA,FACTURA,QR_ARCA_STRONG,STRONG_RULE,F-FACD83D8B4281A05571A,DEVELOPMENT_DIAGNOSTIC,False,MDOC_DOCUMENT+OCR_HEADER_POSITION,AABF7B716F6EFB57A9B2A94209DC35148FE057B9591E0019F999ED73BEC22319.native.txt,AABF7B716F6EFB57A9B2A94209DC35148FE057B9591E0019F999ED73BEC22319.header.txt,4128,True,OK
AAF93BE68662AE6CFF480483FCE1E287B6C015A1639FDD0D222FBB2ACE8EF0EA,Z001023350215.pdf,FACTURA,FACTURA,OCR_STRONG,STRONG_RULE,F-DCC01CD6C3861C7E4C3E,DEVELOPMENT,False,OCR_PRODUCT_FIRST_PAGE,AAF93BE68662AE6CFF480483FCE1E287B6C015A1639FDD0D222FBB2ACE8EF0EA.ocr.txt,AAF93BE68662AE6CFF480483FCE1E287B6C015A1639FDD0D222FBB2ACE8EF0EA.header.txt,2064,False,OK
AB024B93E8B5777C028652601EEB9B237BDF2C8F8FFEF47DED32E4E522CD8A98,Z001023266217.pdf,FACTURA,FACTURA,OCR_STRONG,STRONG_RULE,F-73AB37D8D5F65AA437FE,DEVELOPMENT,False,MDOC_DOCUMENT+OCR_HEADER_POSITION,AB024B93E8B5777C028652601EEB9B237BDF2C8F8FFEF47DED32E4E522CD8A98.native.txt,AB024B93E8B5777C028652601EEB9B237BDF2C8F8FFEF47DED32E4E522CD8A98.header.txt,2656,True,OK
AB0C583E646597C83850FE9C08448F796CBA142A0E028D788A4966911C47F5D4,Z001023268128.pdf,FACTURA,FACTURA,QR_ARCA_STRONG,STRONG_RULE,F-22D8B0B2BC197D116017,DEVELOPMENT,False,MDOC_DOCUMENT+OCR_HEADER_POSITION,AB0C583E646597C83850FE9C08448F796CBA142A0E028D788A4966911C47F5D4.native.txt,AB0C583E646597C83850FE9C08448F796CBA142A0E028D788A4966911C47F5D4.header.txt,7202,True,OK
AB0D83C3DF9CFBA31A1263817C970E11E1100483FEAEB9FF1B3648423B98EC50,Z001023384968.pdf,FACTURA,FACTURA,QR_ARCA_STRONG,STRONG_RULE,F-463F5D66BCFC1B95B4F2,DEVELOPMENT,False,MDOC_DOCUMENT+OCR_HEADER_POSITION,AB0D83C3DF9CFBA31A1263817C970E11E1100483FEAEB9FF1B3648423B98EC50.native.txt,AB0D83C3DF9CFBA31A1263817C970E11E1100483FEAEB9FF1B3648423B98EC50.header.txt,1117,True,OK
AB884F3366C4525F87C6694CA20947481EF300287DE4867EB133E4C54BBFC69F,Z001023267803.pdf,FACTURA,FACTURA,QR_ARCA_STRONG,STRONG_RULE,F-FACD83D8B4281A05571A,DEVELOPMENT_DIAGNOSTIC,False,MDOC_DOCUMENT+OCR_HEADER_POSITION,AB884F3366C4525F87C6694CA20947481EF300287DE4867EB133E4C54BBFC69F.native.txt,AB884F3366C4525F87C6694CA20947481EF300287DE4867EB133E4C54BBFC69F.header.txt,4422,True,OK
ABDDFA8881E4CD0ED1415E127247052AE060CE64BD2FACE5989B2E277F168543,Z001023266919.pdf,FACTURA,FACTURA,QR_ARCA_STRONG,STRONG_RULE,F-FACD83D8B4281A05571A,DEVELOPMENT_DIAGNOSTIC,False,MDOC_DOCUMENT+OCR_HEADER_POSITION,ABDDFA8881E4CD0ED1415E127247052AE060CE64BD2FACE5989B2E277F168543.native.txt,ABDDFA8881E4CD0ED1415E127247052AE060CE64BD2FACE5989B2E277F168543.header.txt,4803,True,OK
AC42650CDBF054A8D47F42B00BB5D1DC80ED46BF8F1B3CAE8266DB2B168C2931,Z001023454914.pdf,FACTURA,FACTURA,PDF_TEXT_STRONG,STRONG_RULE,F-463F5D66BCFC1B95B4F2,DEVELOPMENT,False,MDOC_DOCUMENT+OCR_HEADER_POSITION,AC42650CDBF054A8D47F42B00BB5D1DC80ED46BF8F1B3CAE8266DB2B168C2931.native.txt,AC42650CDBF054A8D47F42B00BB5D1DC80ED46BF8F1B3CAE8266DB2B168C2931.header.txt,901,True,OK
AC7F51DCC99C3BC48F1274A5EB79215443AF73810C32D0DBB5F765BBCB40E660,Z001023397928.pdf,FACTURA,FACTURA,QR_ARCA_STRONG,STRONG_RULE,F-6F5CAF1E1AEEB43C5486,DEVELOPMENT_DIAGNOSTIC,False,MDOC_DOCUMENT+OCR_HEADER_POSITION,AC7F51DCC99C3BC48F1274A5EB79215443AF73810C32D0DBB5F765BBCB40E660.native.txt,AC7F51DCC99C3BC48F1274A5EB79215443AF73810C32D0DBB5F765BBCB40E660.header.txt,3609,True,OK
AD2799635E27A7E0E1451185C9AC53A3007944660C2909B4A3901B48049DFC74,Z001023337405.pdf,FACTURA,FACTURA,QR_ARCA_STRONG,STRONG_RULE,F-FACD83D8B4281A05571A,DEVELOPMENT_DIAGNOSTIC,False,MDOC_DOCUMENT+OCR_HEADER_POSITION,AD2799635E27A7E0E1451185C9AC53A3007944660C2909B4A3901B48049DFC74.native.txt,AD2799635E27A7E0E1451185C9AC53A3007944660C2909B4A3901B48049DFC74.header.txt,4197,True,OK
AD38ECC329BC2D1D9C7EB6B476156A3E757E51B81A8781D479A9C382D6413B41,Z001023266943.pdf,FACTURA,FACTURA,QR_ARCA_STRONG,STRONG_RULE,F-FACD83D8B4281A05571A,DEVELOPMENT_DIAGNOSTIC,False,MDOC_DOCUMENT+OCR_HEADER_POSITION,AD38ECC329BC2D1D9C7EB6B476156A3E757E51B81A8781D479A9C382D6413B41.native.txt,AD38ECC329BC2D1D9C7EB6B476156A3E757E51B81A8781D479A9C382D6413B41.header.txt,3936,True,OK
AD8BFE9C96C26C6BB914E83C6621C9708F3AFF672AF75B6AB01CD9C0EAE75AC0,Z001023266855.pdf,FACTURA,FACTURA,QR_ARCA_STRONG,STRONG_RULE,F-6F5CAF1E1AEEB43C5486,DEVELOPMENT_DIAGNOSTIC,False,MDOC_DOCUMENT+OCR_HEADER_POSITION,AD8BFE9C96C26C6BB914E83C6621C9708F3AFF672AF75B6AB01CD9C0EAE75AC0.native.txt,AD8BFE9C96C26C6BB914E83C6621C9708F3AFF672AF75B6AB01CD9C0EAE75AC0.header.txt,3546,True,OK
ADDFD63B7C42F1260D78911245A68E078B8F253673927689B4CC49220FF7EB57,Z001023454959.pdf,FACTURA,FACTURA,QR_ARCA_STRONG,STRONG_RULE,F-FACD83D8B4281A05571A,DEVELOPMENT_DIAGNOSTIC,False,MDOC_DOCUMENT+OCR_HEADER_POSITION,ADDFD63B7C42F1260D78911245A68E078B8F253673927689B4CC49220FF7EB57.native.txt,ADDFD63B7C42F1260D78911245A68E078B8F253673927689B4CC49220FF7EB57.header.txt,4137,True,OK
ADF2DA89D38748AA9C10DF753D455E11F4A6C39815FD1E071DF87AB7A230CAC3,Z001023410435.pdf,FACTURA,FACTURA,PDF_TEXT_STRONG,STRONG_RULE,F-EFE6E9C595B24436566B,DEVELOPMENT,False,MDOC_DOCUMENT+OCR_HEADER_POSITION,ADF2DA89D38748AA9C10DF753D455E11F4A6C39815FD1E071DF87AB7A230CAC3.native.txt,ADF2DA89D38748AA9C10DF753D455E11F4A6C39815FD1E071DF87AB7A230CAC3.header.txt,1228,True,OK
AE48F358ED15E164307B6F3416EA2A65B1ED9601E64C1F0F9578C8454C395CA4,Z001023268015.pdf,FACTURA,FACTURA,QR_ARCA_STRONG,STRONG_RULE,F-FACD83D8B4281A05571A,DEVELOPMENT_DIAGNOSTIC,False,MDOC_DOCUMENT+OCR_HEADER_POSITION,AE48F358ED15E164307B6F3416EA2A65B1ED9601E64C1F0F9578C8454C395CA4.native.txt,AE48F358ED15E164307B6F3416EA2A65B1ED9601E64C1F0F9578C8454C395CA4.header.txt,4182,True,OK
AE5F33D11E36020FD2D0004B7D7F0E29834D1846F3753696CE2E377BA6990089,Z001023435977.pdf,OTRO_DOCUMENTO,NOTA_CREDITO,PDF_TEXT_STRONG,STRONG_RULE,F-38BC11F2F1438B7B9147,DEVELOPMENT,False,MDOC_DOCUMENT+OCR_HEADER_POSITION,AE5F33D11E36020FD2D0004B7D7F0E29834D1846F3753696CE2E377BA6990089.native.txt,AE5F33D11E36020FD2D0004B7D7F0E29834D1846F3753696CE2E377BA6990089.header.txt,1050,True,OK
AE6555FAEED3F6DA119B234934065DE34014B600D497678D3CA282EC4EE3AFAC,Z001023385021.pdf,FACTURA,FACTURA,QR_ARCA_STRONG,STRONG_RULE,F-FACD83D8B4281A05571A,DEVELOPMENT_DIAGNOSTIC,False,MDOC_DOCUMENT+OCR_HEADER_POSITION,AE6555FAEED3F6DA119B234934065DE34014B600D497678D3CA282EC4EE3AFAC.native.txt,AE6555FAEED3F6DA119B234934065DE34014B600D497678D3CA282EC4EE3AFAC.header.txt,4068,True,OK
AE91E3C556FA0456BA47EC97C0EADF80B7682FD588FAEFAB92CE30C32903AB22,Z001023478144.pdf,FACTURA,FACTURA,PDF_TEXT_STRONG,STRONG_RULE,F-EFE6E9C595B24436566B,DEVELOPMENT,False,MDOC_DOCUMENT+OCR_HEADER_POSITION,AE91E3C556FA0456BA47EC97C0EADF80B7682FD588FAEFAB92CE30C32903AB22.native.txt,AE91E3C556FA0456BA47EC97C0EADF80B7682FD588FAEFAB92CE30C32903AB22.header.txt,1344,True,OK
AEDC467B81545A573C8CF5C8878CF82047F638848F57F6CCD09D6E39D8261EEC,Z001023338065.pdf,FACTURA,FACTURA,QR_ARCA_STRONG,STRONG_RULE,F-C04B37B1724168DE2084,DEVELOPMENT,False,MDOC_DOCUMENT+OCR_HEADER_POSITION,AEDC467B81545A573C8CF5C8878CF82047F638848F57F6CCD09D6E39D8261EEC.native.txt,AEDC467B81545A573C8CF5C8878CF82047F638848F57F6CCD09D6E39D8261EEC.header.txt,1887,True,OK
AF8B6445B3070AB2870510DFF2CAD430EBA17F2CDE35338DFBAF13D2E9EDA8A7,Z001023268100.pdf,FACTURA,FACTURA,QR_ARCA_STRONG,STRONG_RULE,F-FACD83D8B4281A05571A,DEVELOPMENT_DIAGNOSTIC,False,MDOC_DOCUMENT+OCR_HEADER_POSITION,AF8B6445B3070AB2870510DFF2CAD430EBA17F2CDE35338DFBAF13D2E9EDA8A7.native.txt,AF8B6445B3070AB2870510DFF2CAD430EBA17F2CDE35338DFBAF13D2E9EDA8A7.header.txt,4365,True,OK
AF9E13927BD6123DA16DE0369AA7435A2892D4D71E8A0B3863F85C6A5E30455A,Z001023242882.pdf,OTRO_DOCUMENTO,OTRO_DOCUMENTO,EXISTING_GROUND_TRUTH,CONFIRMED_EXISTING,F-F47B73E9F9F7F5973BEB,DEVELOPMENT_DIAGNOSTIC,True,MDOC_DOCUMENT+OCR_HEADER_POSITION,AF9E13927BD6123DA16DE0369AA7435A2892D4D71E8A0B3863F85C6A5E30455A.native.txt,AF9E13927BD6123DA16DE0369AA7435A2892D4D71E8A0B3863F85C6A5E30455A.header.txt,3969,True,OK
AFB2A16FE5967F1096CB2532D6F726831A460843CB1618E3F75A29899EF26F3D,Z001023397601.pdf,FACTURA,FACTURA,QR_ARCA_STRONG,STRONG_RULE,F-6F5CAF1E1AEEB43C5486,DEVELOPMENT_DIAGNOSTIC,False,MDOC_DOCUMENT+OCR_HEADER_POSITION,AFB2A16FE5967F1096CB2532D6F726831A460843CB1618E3F75A29899EF26F3D.native.txt,AFB2A16FE5967F1096CB2532D6F726831A460843CB1618E3F75A29899EF26F3D.header.txt,3537,True,OK
AFD04E98404202094A303416378E65BFF378DACC29438FCCB31F15E5DA76A62D,Z001023321113.pdf,OTRO_DOCUMENTO,OTRO_DOCUMENTO,QR_ARCA_STRONG,STRONG_RULE,F-319491FEEAF6386D99BD,DEVELOPMENT_DIAGNOSTIC,False,MDOC_DOCUMENT+OCR_HEADER_POSITION,AFD04E98404202094A303416378E65BFF378DACC29438FCCB31F15E5DA76A62D.native.txt,AFD04E98404202094A303416378E65BFF378DACC29438FCCB31F15E5DA76A62D.header.txt,4110,True,OK
AFD94A7738464B799D40D6192E9DD1BEEC6A0D45A535AACFA3EDD16D0B16F057,Z001023349975.pdf,FACTURA,FACTURA,QR_ARCA_STRONG,STRONG_RULE,F-6F5CAF1E1AEEB43C5486,DEVELOPMENT_DIAGNOSTIC,False,MDOC_DOCUMENT+OCR_HEADER_POSITION,AFD94A7738464B799D40D6192E9DD1BEEC6A0D45A535AACFA3EDD16D0B16F057.native.txt,AFD94A7738464B799D40D6192E9DD1BEEC6A0D45A535AACFA3EDD16D0B16F057.header.txt,3441,True,OK
AFF82FA6EF3277DD84FB0590FEFDAA94384C7C16B8DD7E888E0AC3694B287D74,Z001023385195.pdf,FACTURA,FACTURA,QR_ARCA_STRONG,STRONG_RULE,F-463F5D66BCFC1B95B4F2,DEVELOPMENT,False,MDOC_DOCUMENT+OCR_HEADER_POSITION,AFF82FA6EF3277DD84FB0590FEFDAA94384C7C16B8DD7E888E0AC3694B287D74.native.txt,AFF82FA6EF3277DD84FB0590FEFDAA94384C7C16B8DD7E888E0AC3694B287D74.header.txt,2870,True,OK
B037CD5D6C3DBFE242C1D48A41B2E684E3A06C137605AD08407CCABBF0300E9C,Z001023410269.pdf,FACTURA,FACTURA,QR_ARCA_STRONG,STRONG_RULE,F-FACD83D8B4281A05571A,DEVELOPMENT_DIAGNOSTIC,False,MDOC_DOCUMENT+OCR_HEADER_POSITION,B037CD5D6C3DBFE242C1D48A41B2E684E3A06C137605AD08407CCABBF0300E9C.native.txt,B037CD5D6C3DBFE242C1D48A41B2E684E3A06C137605AD08407CCABBF0300E9C.header.txt,4002,True,OK
B0A4197888EA55EB0525400667380D7303F51FA37116676CBF8C89C3C4576029,Z001023306241.pdf,FACTURA,FACTURA,QR_ARCA_STRONG,STRONG_RULE,F-FACD83D8B4281A05571A,DEVELOPMENT_DIAGNOSTIC,False,MDOC_DOCUMENT+OCR_HEADER_POSITION,B0A4197888EA55EB0525400667380D7303F51FA37116676CBF8C89C3C4576029.native.txt,B0A4197888EA55EB0525400667380D7303F51FA37116676CBF8C89C3C4576029.header.txt,4053,True,OK
B155575B3E5AA921C9BE814DB5AE231CE4A154F9464C903FFF45753EDF9BB098,Z001023267779.pdf,FACTURA,FACTURA,QR_ARCA_STRONG,STRONG_RULE,F-FACD83D8B4281A05571A,DEVELOPMENT_DIAGNOSTIC,False,MDOC_DOCUMENT+OCR_HEADER_POSITION,B155575B3E5AA921C9BE814DB5AE231CE4A154F9464C903FFF45753EDF9BB098.native.txt,B155575B3E5AA921C9BE814DB5AE231CE4A154F9464C903FFF45753EDF9BB098.header.txt,4725,True,OK
B183B3C2FBEA842AA2E1271A4F4F99AD84CB291E37911A846655D8B7C3B6F0F7,Z001023338056.pdf,FACTURA,FACTURA,QR_ARCA_STRONG,STRONG_RULE,F-8FB0C271F20EAB3092AA,DEVELOPMENT,False,MDOC_DOCUMENT+OCR_HEADER_POSITION,B183B3C2FBEA842AA2E1271A4F4F99AD84CB291E37911A846655D8B7C3B6F0F7.native.txt,B183B3C2FBEA842AA2E1271A4F4F99AD84CB291E37911A846655D8B7C3B6F0F7.header.txt,978,True,OK
B1F31AE8A9C37651E9BE2101CEE69DF9D9BB484E351A2EDFE5EFAD605EC5491F,Z001023398537.pdf,FACTURA,FACTURA,PDF_TEXT_STRONG,STRONG_RULE,F-DDD398632A8E3710DDB0,DEVELOPMENT,False,MDOC_DOCUMENT+OCR_HEADER_POSITION,B1F31AE8A9C37651E9BE2101CEE69DF9D9BB484E351A2EDFE5EFAD605EC5491F.native.txt,B1F31AE8A9C37651E9BE2101CEE69DF9D9BB484E351A2EDFE5EFAD605EC5491F.header.txt,2533,True,OK
B22A76E1E4FD31EF224C10ACFE0E347C516EF33BA7C3ECF2F5490502A042BFD9,Z001023366958.pdf,FACTURA,FACTURA,QR_ARCA_STRONG,STRONG_RULE,F-463F5D66BCFC1B95B4F2,DEVELOPMENT,False,MDOC_DOCUMENT+OCR_HEADER_POSITION,B22A76E1E4FD31EF224C10ACFE0E347C516EF33BA7C3ECF2F5490502A042BFD9.native.txt,B22A76E1E4FD31EF224C10ACFE0E347C516EF33BA7C3ECF2F5490502A042BFD9.header.txt,842,True,OK
B261F434C6894AF945296D248F09A6B8DFCADCFD119DC890EDE995D62C59E4AB,Z001023410764.pdf,FACTURA,FACTURA,QR_ARCA_STRONG,STRONG_RULE,F-FACD83D8B4281A05571A,DEVELOPMENT_DIAGNOSTIC,False,MDOC_DOCUMENT+OCR_HEADER_POSITION,B261F434C6894AF945296D248F09A6B8DFCADCFD119DC890EDE995D62C59E4AB.native.txt,B261F434C6894AF945296D248F09A6B8DFCADCFD119DC890EDE995D62C59E4AB.header.txt,4011,True,OK
B2997181C2966B7D939278DE583E1C455291A7919335F007B8E7502E8FF7BED6,Z001023384953.pdf,FACTURA,FACTURA,QR_ARCA_STRONG,STRONG_RULE,F-6F5CAF1E1AEEB43C5486,DEVELOPMENT_DIAGNOSTIC,False,MDOC_DOCUMENT+OCR_HEADER_POSITION,B2997181C2966B7D939278DE583E1C455291A7919335F007B8E7502E8FF7BED6.native.txt,B2997181C2966B7D939278DE583E1C455291A7919335F007B8E7502E8FF7BED6.header.txt,3891,True,OK
B2A0FCE48A8A078C9FDBA7A34DFCC9B8B282947AF09EF609C4F2A424AA6F13D7,Z001023321066.pdf,FACTURA,FACTURA,OCR_STRONG,STRONG_RULE,F-F9F97E5234AB53CA8EDD,DEVELOPMENT,False,MDOC_DOCUMENT+OCR_HEADER_POSITION,B2A0FCE48A8A078C9FDBA7A34DFCC9B8B282947AF09EF609C4F2A424AA6F13D7.native.txt,B2A0FCE48A8A078C9FDBA7A34DFCC9B8B282947AF09EF609C4F2A424AA6F13D7.header.txt,3465,True,OK
B2C834CFED8E0CEFDFC52915E35EC7F7E4E3C09E73B77FA068A55848357A78DA,Z001023283763.pdf,FACTURA,FACTURA,QR_ARCA_STRONG,STRONG_RULE,F-6F5CAF1E1AEEB43C5486,DEVELOPMENT_DIAGNOSTIC,False,MDOC_DOCUMENT+OCR_HEADER_POSITION,B2C834CFED8E0CEFDFC52915E35EC7F7E4E3C09E73B77FA068A55848357A78DA.native.txt,B2C834CFED8E0CEFDFC52915E35EC7F7E4E3C09E73B77FA068A55848357A78DA.header.txt,3684,True,OK
B2EC24389642801888074E7E0AFA7D94B5A444FDA2F8FE74C2AF1D76B6E3BCEC,Z001023305858.pdf,FACTURA,FACTURA,QR_ARCA_STRONG,STRONG_RULE,F-6F5CAF1E1AEEB43C5486,DEVELOPMENT_DIAGNOSTIC,False,MDOC_DOCUMENT+OCR_HEADER_POSITION,B2EC24389642801888074E7E0AFA7D94B5A444FDA2F8FE74C2AF1D76B6E3BCEC.native.txt,B2EC24389642801888074E7E0AFA7D94B5A444FDA2F8FE74C2AF1D76B6E3BCEC.header.txt,3450,True,OK
B30F44F06B3B610827B41DCAB057CFBD3F73DFD201E509567A97022B58BE754E,Z001023243394.pdf,FACTURA,FACTURA,QR_ARCA_STRONG,STRONG_RULE,F-6F5CAF1E1AEEB43C5486,DEVELOPMENT_DIAGNOSTIC,True,MDOC_DOCUMENT+OCR_HEADER_POSITION,B30F44F06B3B610827B41DCAB057CFBD3F73DFD201E509567A97022B58BE754E.native.txt,B30F44F06B3B610827B41DCAB057CFBD3F73DFD201E509567A97022B58BE754E.header.txt,3288,True,OK
B3E8F9A23D84DA4EF6F0BED0132ABEC06DBBCC00BADF676ED7BD7E71E44FDF73,Z001023320998.pdf,FACTURA,FACTURA,QR_ARCA_STRONG,STRONG_RULE,F-463F5D66BCFC1B95B4F2,DEVELOPMENT,False,MDOC_DOCUMENT+OCR_HEADER_POSITION,B3E8F9A23D84DA4EF6F0BED0132ABEC06DBBCC00BADF676ED7BD7E71E44FDF73.native.txt,B3E8F9A23D84DA4EF6F0BED0132ABEC06DBBCC00BADF676ED7BD7E71E44FDF73.header.txt,2116,True,OK
B43FBD417EF3A374DBF2C0452FEBBCF37E606C43B32910257C5C61F0D456E116,Z001023266211.pdf,FACTURA,FACTURA,QR_ARCA_STRONG,STRONG_RULE,F-FACD83D8B4281A05571A,DEVELOPMENT_DIAGNOSTIC,False,MDOC_DOCUMENT+OCR_HEADER_POSITION,B43FBD417EF3A374DBF2C0452FEBBCF37E606C43B32910257C5C61F0D456E116.native.txt,B43FBD417EF3A374DBF2C0452FEBBCF37E606C43B32910257C5C61F0D456E116.header.txt,3903,True,OK
B44251C89926FF5181BC892C404BAF4F11E48626212A6C970A5D7DDEAEBF3CA6,Z001023266852.pdf,FACTURA,FACTURA,QR_ARCA_STRONG,STRONG_RULE,F-6F5CAF1E1AEEB43C5486,DEVELOPMENT_DIAGNOSTIC,False,MDOC_DOCUMENT+OCR_HEADER_POSITION,B44251C89926FF5181BC892C404BAF4F11E48626212A6C970A5D7DDEAEBF3CA6.native.txt,B44251C89926FF5181BC892C404BAF4F11E48626212A6C970A5D7DDEAEBF3CA6.header.txt,3414,True,OK
B4430B9D1CE090C0C6EBC8ECC4D373545087A303D6846768C96141BD69FD3D68,Z001023283764.pdf,FACTURA,FACTURA,QR_ARCA_STRONG,STRONG_RULE,F-127BD2FBDD2CC031C0FE,DEVELOPMENT_DIAGNOSTIC,False,MDOC_DOCUMENT+OCR_HEADER_POSITION,B4430B9D1CE090C0C6EBC8ECC4D373545087A303D6846768C96141BD69FD3D68.native.txt,B4430B9D1CE090C0C6EBC8ECC4D373545087A303D6846768C96141BD69FD3D68.header.txt,1801,True,OK
B46721DBF0CC1963B2C57D5D4C35252EEC8B7C40AA9B65F00B72A5A0AE888BA5,Z001023367067.pdf,FACTURA,FACTURA,QR_ARCA_STRONG,STRONG_RULE,F-D591D778E05641FBA116,DEVELOPMENT,False,MDOC_DOCUMENT+OCR_HEADER_POSITION,B46721DBF0CC1963B2C57D5D4C35252EEC8B7C40AA9B65F00B72A5A0AE888BA5.native.txt,B46721DBF0CC1963B2C57D5D4C35252EEC8B7C40AA9B65F00B72A5A0AE888BA5.header.txt,1466,True,OK
B49BC0B1FC19AAC79B16DC36E0EE7096B46796D74369F33A1A753F4B1237A7BD,Z001023267336.pdf,FACTURA,FACTURA,QR_ARCA_STRONG,STRONG_RULE,F-EE08C7103D2458E54189,DEVELOPMENT_DIAGNOSTIC,False,MDOC_DOCUMENT+OCR_HEADER_POSITION,B49BC0B1FC19AAC79B16DC36E0EE7096B46796D74369F33A1A753F4B1237A7BD.native.txt,B49BC0B1FC19AAC79B16DC36E0EE7096B46796D74369F33A1A753F4B1237A7BD.header.txt,1852,True,OK
B4C8FA3786E8BA119F3C5F40F1BF5868D7591D0E865FF2AF84F7235674F33C88,Z001023243075.pdf,FACTURA,FACTURA,EXISTING_GROUND_TRUTH,CONFIRMED_EXISTING,F-F8EBECB216D6C0D8E1BE,DEVELOPMENT_DIAGNOSTIC,True,MDOC_DOCUMENT+OCR_HEADER_POSITION,B4C8FA3786E8BA119F3C5F40F1BF5868D7591D0E865FF2AF84F7235674F33C88.native.txt,B4C8FA3786E8BA119F3C5F40F1BF5868D7591D0E865FF2AF84F7235674F33C88.header.txt,2754,True,OK
B57482DDE36878A4671AE5BA62CF9F25F1093F7ADED072390756EA95F182680B,Z001023350416.pdf,FACTURA,FACTURA,OCR_STRONG,STRONG_RULE,F-DCC01CD6C3861C7E4C3E,DEVELOPMENT,False,OCR_PRODUCT_FIRST_PAGE,B57482DDE36878A4671AE5BA62CF9F25F1093F7ADED072390756EA95F182680B.ocr.txt,B57482DDE36878A4671AE5BA62CF9F25F1093F7ADED072390756EA95F182680B.header.txt,2160,False,OK
B59289C59C42F58F2E5E5667229CB21EC21343A252CF50441F2AACE87618F71B,Z001023385284.pdf,FACTURA,FACTURA,OCR_STRONG,STRONG_RULE,F-624B9DB867F145EBB34C,DEVELOPMENT,False,OCR_PRODUCT_FIRST_PAGE,B59289C59C42F58F2E5E5667229CB21EC21343A252CF50441F2AACE87618F71B.ocr.txt,B59289C59C42F58F2E5E5667229CB21EC21343A252CF50441F2AACE87618F71B.header.txt,1012,False,OK
B5ACDD8CF3C659A5ACA521D4D5BDD33A4ABCED7E3B51BCE62232BF6509A7A6B5,Z001023243463.pdf,FACTURA,FACTURA,QR_ARCA_STRONG,STRONG_RULE,F-EE08C7103D2458E54189,DEVELOPMENT_DIAGNOSTIC,True,MDOC_DOCUMENT+OCR_HEADER_POSITION,B5ACDD8CF3C659A5ACA521D4D5BDD33A4ABCED7E3B51BCE62232BF6509A7A6B5.native.txt,B5ACDD8CF3C659A5ACA521D4D5BDD33A4ABCED7E3B51BCE62232BF6509A7A6B5.header.txt,1955,True,OK
B5C325DEA3BD4B0A25EA5C3EDE914856F9CC703DC3DAEF00F3443733CDDC020F,Z001023336347.pdf,FACTURA,FACTURA,QR_ARCA_STRONG,STRONG_RULE,F-6F5CAF1E1AEEB43C5486,DEVELOPMENT_DIAGNOSTIC,False,MDOC_DOCUMENT+OCR_HEADER_POSITION,B5C325DEA3BD4B0A25EA5C3EDE914856F9CC703DC3DAEF00F3443733CDDC020F.native.txt,B5C325DEA3BD4B0A25EA5C3EDE914856F9CC703DC3DAEF00F3443733CDDC020F.header.txt,3663,True,OK
B5DE25694A1E3F151038528A102E8613AAA3E63ED988DE74C8B99134F65C2CE1,Z001023243734.pdf,FACTURA,FACTURA,QR_ARCA_STRONG,STRONG_RULE,F-EE08C7103D2458E54189,DEVELOPMENT_DIAGNOSTIC,False,MDOC_DOCUMENT+OCR_HEADER_POSITION,B5DE25694A1E3F151038528A102E8613AAA3E63ED988DE74C8B99134F65C2CE1.native.txt,B5DE25694A1E3F151038528A102E8613AAA3E63ED988DE74C8B99134F65C2CE1.header.txt,1951,True,OK
B5FADEA794BC7EF56E6FCA4D6D51AA1D2416BC77A0A4768BD9F139BE4BF0C225,Z001023435315.pdf,FACTURA,FACTURA,OCR_STRONG,STRONG_RULE,F-463F5D66BCFC1B95B4F2,DEVELOPMENT,False,OCR_PRODUCT_FIRST_PAGE,B5FADEA794BC7EF56E6FCA4D6D51AA1D2416BC77A0A4768BD9F139BE4BF0C225.ocr.txt,B5FADEA794BC7EF56E6FCA4D6D51AA1D2416BC77A0A4768BD9F139BE4BF0C225.header.txt,1917,False,OK
B659F8BCB146A10D8370F7CBC2A5C9DB45207D9B5EFB86E12A2786DA28051160,Z001023306257.pdf,FACTURA,FACTURA,QR_ARCA_STRONG,STRONG_RULE,F-463F5D66BCFC1B95B4F2,DEVELOPMENT,False,MDOC_DOCUMENT+OCR_HEADER_POSITION,B659F8BCB146A10D8370F7CBC2A5C9DB45207D9B5EFB86E12A2786DA28051160.native.txt,B659F8BCB146A10D8370F7CBC2A5C9DB45207D9B5EFB86E12A2786DA28051160.header.txt,3006,True,OK
B68674F3B9393FDE895EBE47421061B41DCE664D2174AFA8C7904CD4324C5124,Z001023243327.pdf,FACTURA,FACTURA,EXISTING_GROUND_TRUTH,CONFIRMED_EXISTING,F-8E51FF106E6F3ECF3F13,DEVELOPMENT_DIAGNOSTIC,True,MDOC_DOCUMENT+OCR_HEADER_POSITION,B68674F3B9393FDE895EBE47421061B41DCE664D2174AFA8C7904CD4324C5124.native.txt,B68674F3B9393FDE895EBE47421061B41DCE664D2174AFA8C7904CD4324C5124.header.txt,2007,True,OK
B7004863AED55E481D4397435BD5B06CEA6180397E1059883D51F5D066F1147F,Z001023243369.pdf,FACTURA,FACTURA,EXISTING_GROUND_TRUTH,CONFIRMED_EXISTING,F-73CB94964FB18FDF7FCE,DEVELOPMENT_DIAGNOSTIC,True,MDOC_DOCUMENT+OCR_HEADER_POSITION,B7004863AED55E481D4397435BD5B06CEA6180397E1059883D51F5D066F1147F.native.txt,B7004863AED55E481D4397435BD5B06CEA6180397E1059883D51F5D066F1147F.header.txt,2236,True,OK
B77D4EBDF02A914E4B6BB74E218EBA5B9F3C84F47E7C63F5DCAE563B8ABE7A72,Z001023385283.pdf,FACTURA,FACTURA,QR_ARCA_STRONG,STRONG_RULE,F-FACD83D8B4281A05571A,DEVELOPMENT_DIAGNOSTIC,False,MDOC_DOCUMENT+OCR_HEADER_POSITION,B77D4EBDF02A914E4B6BB74E218EBA5B9F3C84F47E7C63F5DCAE563B8ABE7A72.native.txt,B77D4EBDF02A914E4B6BB74E218EBA5B9F3C84F47E7C63F5DCAE563B8ABE7A72.header.txt,4056,True,OK
B78BB8245C935535BC3425C474DD8C21F7E5434AF84B89A889F4DCB0C0595930,Z001023422501.pdf,FACTURA,FACTURA,QR_ARCA_STRONG,STRONG_RULE,F-9525E35FAA9C79DDFE79,DEVELOPMENT,False,MDOC_DOCUMENT+OCR_HEADER_POSITION,B78BB8245C935535BC3425C474DD8C21F7E5434AF84B89A889F4DCB0C0595930.native.txt,B78BB8245C935535BC3425C474DD8C21F7E5434AF84B89A889F4DCB0C0595930.header.txt,1050,True,OK
B80AFDA11B97B8B04E84D9CD740D359D1C596DF8F1D8F5F1FD844D8FEA257681,Z001023467603.pdf,FACTURA,FACTURA,QR_ARCA_STRONG,STRONG_RULE,F-FACD83D8B4281A05571A,DEVELOPMENT_DIAGNOSTIC,False,MDOC_DOCUMENT+OCR_HEADER_POSITION,B80AFDA11B97B8B04E84D9CD740D359D1C596DF8F1D8F5F1FD844D8FEA257681.native.txt,B80AFDA11B97B8B04E84D9CD740D359D1C596DF8F1D8F5F1FD844D8FEA257681.header.txt,4461,True,OK
B838D34AF658B43A04B590C709EF56D29457768AC2561246DE907FDBB3E164FA,Z001023466523.pdf,FACTURA,FACTURA,QR_ARCA_STRONG,STRONG_RULE,F-BBFA348893E65DB88B69,DEVELOPMENT,False,MDOC_DOCUMENT+OCR_HEADER_POSITION,B838D34AF658B43A04B590C709EF56D29457768AC2561246DE907FDBB3E164FA.native.txt,B838D34AF658B43A04B590C709EF56D29457768AC2561246DE907FDBB3E164FA.header.txt,2281,True,OK
B84A772378756B6314CFD7C847ED11E8ED0969129EDEC4C4AB968DFC4819F7C8,Z001023305870.pdf,FACTURA,FACTURA,QR_ARCA_STRONG,STRONG_RULE,F-6F5CAF1E1AEEB43C5486,DEVELOPMENT_DIAGNOSTIC,False,MDOC_DOCUMENT+OCR_HEADER_POSITION,B84A772378756B6314CFD7C847ED11E8ED0969129EDEC4C4AB968DFC4819F7C8.native.txt,B84A772378756B6314CFD7C847ED11E8ED0969129EDEC4C4AB968DFC4819F7C8.header.txt,3573,True,OK
B84B427F6FD18CB0429FFD385661A0D9E127F2E46C5B2ADC755D18414A870739,Z001023242373.pdf,FACTURA,FACTURA,QR_ARCA_STRONG,STRONG_RULE,F-EE08C7103D2458E54189,DEVELOPMENT_DIAGNOSTIC,True,MDOC_DOCUMENT+OCR_HEADER_POSITION,B84B427F6FD18CB0429FFD385661A0D9E127F2E46C5B2ADC755D18414A870739.native.txt,B84B427F6FD18CB0429FFD385661A0D9E127F2E46C5B2ADC755D18414A870739.header.txt,1903,True,OK
B8AE7CBF2367797B27297B4937F006864D0E40FEE96D9146C308CD0D36DA337B,Z001023366867.pdf,FACTURA,FACTURA,OCR_STRONG,STRONG_RULE,F-99F7A3F5F30B759FC1BA,DEVELOPMENT,False,MDOC_DOCUMENT+OCR_HEADER_POSITION,B8AE7CBF2367797B27297B4937F006864D0E40FEE96D9146C308CD0D36DA337B.native.txt,B8AE7CBF2367797B27297B4937F006864D0E40FEE96D9146C308CD0D36DA337B.header.txt,1359,True,OK
B8B9CC93AD5D652C71367F2D4AAAC897EE3CCF26697314E8B918A140B27EAD43,Z001023478145.pdf,FACTURA,FACTURA,PDF_TEXT_STRONG,STRONG_RULE,F-EFE6E9C595B24436566B,DEVELOPMENT,False,MDOC_DOCUMENT+OCR_HEADER_POSITION,B8B9CC93AD5D652C71367F2D4AAAC897EE3CCF26697314E8B918A140B27EAD43.native.txt,B8B9CC93AD5D652C71367F2D4AAAC897EE3CCF26697314E8B918A140B27EAD43.header.txt,1243,True,OK
BA599EC41FE7E359E5A4333D2216B20E2F1B14EEC86D337177BBE86642EFBC1F,Z001023423179.pdf,FACTURA,FACTURA,QR_ARCA_STRONG,STRONG_RULE,F-FACD83D8B4281A05571A,DEVELOPMENT_DIAGNOSTIC,False,MDOC_DOCUMENT+OCR_HEADER_POSITION,BA599EC41FE7E359E5A4333D2216B20E2F1B14EEC86D337177BBE86642EFBC1F.native.txt,BA599EC41FE7E359E5A4333D2216B20E2F1B14EEC86D337177BBE86642EFBC1F.header.txt,4332,True,OK
BA98CE4928F0A74D663B803FFB02DF2C63C5E0404FC89B630992D31DEF7B9B63,Z001023338076.pdf,FACTURA,FACTURA,QR_ARCA_STRONG,STRONG_RULE,F-FACD83D8B4281A05571A,DEVELOPMENT_DIAGNOSTIC,False,MDOC_DOCUMENT+OCR_HEADER_POSITION,BA98CE4928F0A74D663B803FFB02DF2C63C5E0404FC89B630992D31DEF7B9B63.native.txt,BA98CE4928F0A74D663B803FFB02DF2C63C5E0404FC89B630992D31DEF7B9B63.header.txt,5847,True,OK
BAAE431824638D35FB35CDA58C3D162F45CF18993CC7DD8696C0ED104C344E01,Z001023366204.pdf,FACTURA,FACTURA,QR_ARCA_STRONG,STRONG_RULE,F-463F5D66BCFC1B95B4F2,DEVELOPMENT,False,OCR_PRODUCT_FIRST_PAGE,BAAE431824638D35FB35CDA58C3D162F45CF18993CC7DD8696C0ED104C344E01.ocr.txt,BAAE431824638D35FB35CDA58C3D162F45CF18993CC7DD8696C0ED104C344E01.header.txt,973,False,OK
BAB2FC9AD6FCB9791998B45C2980B39C5B8761CA41A9B31757578BED83609B74,Z001023283877.pdf,FACTURA,FACTURA,QR_ARCA_STRONG,STRONG_RULE,F-EE08C7103D2458E54189,DEVELOPMENT_DIAGNOSTIC,False,MDOC_DOCUMENT+OCR_HEADER_POSITION,BAB2FC9AD6FCB9791998B45C2980B39C5B8761CA41A9B31757578BED83609B74.native.txt,BAB2FC9AD6FCB9791998B45C2980B39C5B8761CA41A9B31757578BED83609B74.header.txt,1967,True,OK
BAD58EFDAD38F78981FFC549AF4B2F8E08A05F91717C17C0926AD6E832356563,Z001023243751.pdf,OTRO_DOCUMENTO,OTRO_DOCUMENTO,QR_ARCA_STRONG,STRONG_RULE,F-FACD83D8B4281A05571A,DEVELOPMENT_DIAGNOSTIC,False,MDOC_DOCUMENT+OCR_HEADER_POSITION,BAD58EFDAD38F78981FFC549AF4B2F8E08A05F91717C17C0926AD6E832356563.native.txt,BAD58EFDAD38F78981FFC549AF4B2F8E08A05F91717C17C0926AD6E832356563.header.txt,4812,True,OK
BBE194D39B1BE0FC4F79746855975E750A39C4A50FF4BFDC2FD0EE6FA1BE1DE2,Z001023306142.pdf,FACTURA,FACTURA,QR_ARCA_STRONG,STRONG_RULE,F-FACD83D8B4281A05571A,DEVELOPMENT_DIAGNOSTIC,False,MDOC_DOCUMENT+OCR_HEADER_POSITION,BBE194D39B1BE0FC4F79746855975E750A39C4A50FF4BFDC2FD0EE6FA1BE1DE2.native.txt,BBE194D39B1BE0FC4F79746855975E750A39C4A50FF4BFDC2FD0EE6FA1BE1DE2.header.txt,4146,True,OK
BC50881D0FA286197EF00AE2A783C5F35035D52AB8D8331389563F71777F200E,Z001023385733.pdf,FACTURA,FACTURA,QR_ARCA_STRONG,STRONG_RULE,F-6F5CAF1E1AEEB43C5486,DEVELOPMENT_DIAGNOSTIC,False,MDOC_DOCUMENT+OCR_HEADER_POSITION,BC50881D0FA286197EF00AE2A783C5F35035D52AB8D8331389563F71777F200E.native.txt,BC50881D0FA286197EF00AE2A783C5F35035D52AB8D8331389563F71777F200E.header.txt,3810,True,OK
BCBBF28C995BCD25F999826AE1848F034C3835F0CFA162AFA733CB7F3317C176,Z001023305690.pdf,FACTURA,FACTURA,QR_ARCA_STRONG,STRONG_RULE,F-EE08C7103D2458E54189,DEVELOPMENT_DIAGNOSTIC,False,MDOC_DOCUMENT+OCR_HEADER_POSITION,BCBBF28C995BCD25F999826AE1848F034C3835F0CFA162AFA733CB7F3317C176.native.txt,BCBBF28C995BCD25F999826AE1848F034C3835F0CFA162AFA733CB7F3317C176.header.txt,2186,True,OK
BCDB3FA6314A6818D45588D3055054720B71C0FFD5AF1BF073F8B68C9823DB5C,Z001023422191.pdf,FACTURA,FACTURA,QR_ARCA_STRONG,STRONG_RULE,F-FACD83D8B4281A05571A,DEVELOPMENT_DIAGNOSTIC,False,MDOC_DOCUMENT+OCR_HEADER_POSITION,BCDB3FA6314A6818D45588D3055054720B71C0FFD5AF1BF073F8B68C9823DB5C.native.txt,BCDB3FA6314A6818D45588D3055054720B71C0FFD5AF1BF073F8B68C9823DB5C.header.txt,4104,True,OK
BD24EA94A76C917A05925825C6264475970B3150A5DD24C5C1706E1BCE397335,Z001023306744.pdf,FACTURA,FACTURA,QR_ARCA_STRONG,STRONG_RULE,F-FACD83D8B4281A05571A,DEVELOPMENT_DIAGNOSTIC,False,MDOC_DOCUMENT+OCR_HEADER_POSITION,BD24EA94A76C917A05925825C6264475970B3150A5DD24C5C1706E1BCE397335.native.txt,BD24EA94A76C917A05925825C6264475970B3150A5DD24C5C1706E1BCE397335.header.txt,4248,True,OK
BD7F4BAA498B98BEFACE0028528DCDF91D331EBEC91FDC934BAC440BB06984D5,Z001023321063.pdf,FACTURA,FACTURA,QR_ARCA_STRONG,STRONG_RULE,F-78FBBC0583221AAC5789,DEVELOPMENT,False,MDOC_DOCUMENT+OCR_HEADER_POSITION,BD7F4BAA498B98BEFACE0028528DCDF91D331EBEC91FDC934BAC440BB06984D5.native.txt,BD7F4BAA498B98BEFACE0028528DCDF91D331EBEC91FDC934BAC440BB06984D5.header.txt,3757,True,OK
BD8E11FCAEC9A44D6A00F4A35DDE7592D803BF3A213F1871A206063466741EDA,Z001023338057.pdf,FACTURA,FACTURA,QR_ARCA_STRONG,STRONG_RULE,F-8FB0C271F20EAB3092AA,DEVELOPMENT,False,MDOC_DOCUMENT+OCR_HEADER_POSITION,BD8E11FCAEC9A44D6A00F4A35DDE7592D803BF3A213F1871A206063466741EDA.native.txt,BD8E11FCAEC9A44D6A00F4A35DDE7592D803BF3A213F1871A206063466741EDA.header.txt,980,True,OK
BE42D5645B6B6FC115CDDAC2DE7D1E6B4155601B7184FD659D4E749B43A7CC4F,Z001023305821.pdf,FACTURA,FACTURA,QR_ARCA_STRONG,STRONG_RULE,F-463F5D66BCFC1B95B4F2,DEVELOPMENT,False,MDOC_DOCUMENT+OCR_HEADER_POSITION,BE42D5645B6B6FC115CDDAC2DE7D1E6B4155601B7184FD659D4E749B43A7CC4F.native.txt,BE42D5645B6B6FC115CDDAC2DE7D1E6B4155601B7184FD659D4E749B43A7CC4F.header.txt,1968,True,OK
BEBEE3FEB2ECE2A58A28A20BC713DBD94D72534F2C5B58650B9A002E753C4FC7,Z001023243468.pdf,FACTURA,FACTURA,QR_ARCA_STRONG,STRONG_RULE,F-EE08C7103D2458E54189,DEVELOPMENT_DIAGNOSTIC,False,MDOC_DOCUMENT+OCR_HEADER_POSITION,BEBEE3FEB2ECE2A58A28A20BC713DBD94D72534F2C5B58650B9A002E753C4FC7.native.txt,BEBEE3FEB2ECE2A58A28A20BC713DBD94D72534F2C5B58650B9A002E753C4FC7.header.txt,2090,True,OK
BF29AA335807B8772722D77E8BB1A6FFF97439E4C538B4E8487ABADED18B3E1E,Z001023455043.pdf,FACTURA,FACTURA,QR_ARCA_STRONG,STRONG_RULE,F-D591D778E05641FBA116,DEVELOPMENT,False,MDOC_DOCUMENT+OCR_HEADER_POSITION,BF29AA335807B8772722D77E8BB1A6FFF97439E4C538B4E8487ABADED18B3E1E.native.txt,BF29AA335807B8772722D77E8BB1A6FFF97439E4C538B4E8487ABADED18B3E1E.header.txt,1490,True,OK
BF3C8B6E0629580CD73B07E38158B2BAC03A920BD9965548A236F02203849DB0,Z001023243736.pdf,OTRO_DOCUMENTO,NOTA_CREDITO,QR_ARCA_STRONG,STRONG_RULE,F-2225E7482E0C1A2CF093,DEVELOPMENT_DIAGNOSTIC,False,MDOC_DOCUMENT+OCR_HEADER_POSITION,BF3C8B6E0629580CD73B07E38158B2BAC03A920BD9965548A236F02203849DB0.native.txt,BF3C8B6E0629580CD73B07E38158B2BAC03A920BD9965548A236F02203849DB0.header.txt,1764,True,OK
BFA345B7F7EFD8A252FFE7A2961BC8491F0CA8088E7FA68D0FFBA8CDDD06C239,Z001023384990.pdf,FACTURA,FACTURA,QR_ARCA_STRONG,STRONG_RULE,F-6F5CAF1E1AEEB43C5486,DEVELOPMENT_DIAGNOSTIC,False,MDOC_DOCUMENT+OCR_HEADER_POSITION,BFA345B7F7EFD8A252FFE7A2961BC8491F0CA8088E7FA68D0FFBA8CDDD06C239.native.txt,BFA345B7F7EFD8A252FFE7A2961BC8491F0CA8088E7FA68D0FFBA8CDDD06C239.header.txt,3507,True,OK
C03307D0E30E87F1DB5F43875D2908DF294EC66AFC045B5F000F4B437912790C,Z001023467519.pdf,FACTURA,FACTURA,QR_ARCA_STRONG,STRONG_RULE,F-6F5CAF1E1AEEB43C5486,DEVELOPMENT_DIAGNOSTIC,False,MDOC_DOCUMENT+OCR_HEADER_POSITION,C03307D0E30E87F1DB5F43875D2908DF294EC66AFC045B5F000F4B437912790C.native.txt,C03307D0E30E87F1DB5F43875D2908DF294EC66AFC045B5F000F4B437912790C.header.txt,3342,True,OK
C09C687DD4CA97DF30A9EEA5AC8D3FC4F376766772980E559830B9458C6E9A0F,Z001023305705.pdf,FACTURA,FACTURA,QR_ARCA_STRONG,STRONG_RULE,F-EE08C7103D2458E54189,DEVELOPMENT_DIAGNOSTIC,False,MDOC_DOCUMENT+OCR_HEADER_POSITION,C09C687DD4CA97DF30A9EEA5AC8D3FC4F376766772980E559830B9458C6E9A0F.native.txt,C09C687DD4CA97DF30A9EEA5AC8D3FC4F376766772980E559830B9458C6E9A0F.header.txt,1999,True,OK
C0D4042C7735626A538A99C8481F8B0D139A983D3DE8B0FDB50C6B519588B0D0,Z001023338081.pdf,FACTURA,FACTURA,QR_ARCA_STRONG,STRONG_RULE,F-FC0763B62EEE2F9FCCE8,DEVELOPMENT,False,MDOC_DOCUMENT+OCR_HEADER_POSITION,C0D4042C7735626A538A99C8481F8B0D139A983D3DE8B0FDB50C6B519588B0D0.native.txt,C0D4042C7735626A538A99C8481F8B0D139A983D3DE8B0FDB50C6B519588B0D0.header.txt,3561,True,OK
C128DB050D40091655B54E5796821E4B97A21879827F408B1A1562D141649385,Z001023305613.pdf,FACTURA,FACTURA,QR_ARCA_STRONG,STRONG_RULE,F-EE08C7103D2458E54189,DEVELOPMENT_DIAGNOSTIC,False,MDOC_DOCUMENT+OCR_HEADER_POSITION,C128DB050D40091655B54E5796821E4B97A21879827F408B1A1562D141649385.native.txt,C128DB050D40091655B54E5796821E4B97A21879827F408B1A1562D141649385.header.txt,1968,True,OK
C1339904E1A25B7C57F4FCD77911D4E12AC16E32615C65591D13F656405BCD61,Z001023351308.pdf,FACTURA,FACTURA,QR_ARCA_STRONG,STRONG_RULE,F-463F5D66BCFC1B95B4F2,DEVELOPMENT,False,OCR_PRODUCT_FIRST_PAGE,C1339904E1A25B7C57F4FCD77911D4E12AC16E32615C65591D13F656405BCD61.ocr.txt,C1339904E1A25B7C57F4FCD77911D4E12AC16E32615C65591D13F656405BCD61.header.txt,955,False,OK
C177CD77BAA5F5587D302FDCC9F5615424F6BCED6057AA300113D6E3A600DC02,Z001023242796.pdf,FACTURA,FACTURA,EXISTING_GROUND_TRUTH,CONFIRMED_EXISTING,F-EF073838ABE6523C2174,DEVELOPMENT_DIAGNOSTIC,True,MDOC_DOCUMENT+OCR_HEADER_POSITION,C177CD77BAA5F5587D302FDCC9F5615424F6BCED6057AA300113D6E3A600DC02.native.txt,C177CD77BAA5F5587D302FDCC9F5615424F6BCED6057AA300113D6E3A600DC02.header.txt,3596,True,OK
C2100227A4E19E89166D86B967E5BBDCD57CA5023BA5E65D69389BC8B8BEC3C8,Z001023306237.pdf,FACTURA,FACTURA,QR_ARCA_STRONG,STRONG_RULE,F-EE08C7103D2458E54189,DEVELOPMENT_DIAGNOSTIC,False,MDOC_DOCUMENT+OCR_HEADER_POSITION,C2100227A4E19E89166D86B967E5BBDCD57CA5023BA5E65D69389BC8B8BEC3C8.native.txt,C2100227A4E19E89166D86B967E5BBDCD57CA5023BA5E65D69389BC8B8BEC3C8.header.txt,1761,True,OK
C253AB0D7A2231B0EE8ADE2089FF0F31FB3DCD431952756AEF456E8C35F50177,Z001023283766.pdf,FACTURA,FACTURA,QR_ARCA_STRONG,STRONG_RULE,F-6F5CAF1E1AEEB43C5486,DEVELOPMENT_DIAGNOSTIC,False,MDOC_DOCUMENT+OCR_HEADER_POSITION,C253AB0D7A2231B0EE8ADE2089FF0F31FB3DCD431952756AEF456E8C35F50177.native.txt,C253AB0D7A2231B0EE8ADE2089FF0F31FB3DCD431952756AEF456E8C35F50177.header.txt,3264,True,OK
C286855F489A0EF1D75420C90BA90D7C7F7357631A50F2B6239F2E888FD0198B,Z001023478405.pdf,FACTURA,FACTURA,QR_ARCA_STRONG,STRONG_RULE,F-6F5CAF1E1AEEB43C5486,DEVELOPMENT_DIAGNOSTIC,False,MDOC_DOCUMENT+OCR_HEADER_POSITION,C286855F489A0EF1D75420C90BA90D7C7F7357631A50F2B6239F2E888FD0198B.native.txt,C286855F489A0EF1D75420C90BA90D7C7F7357631A50F2B6239F2E888FD0198B.header.txt,3741,True,OK
C2B9C93B9693A319CF01C0A5D31F3962BF7E02F0006FD13871EDFC50CF7B4121,Z001023350945.pdf,FACTURA,FACTURA,QR_ARCA_STRONG,STRONG_RULE,F-A69FDECE53AB69CF1845,DEVELOPMENT,False,MDOC_DOCUMENT+OCR_HEADER_POSITION,C2B9C93B9693A319CF01C0A5D31F3962BF7E02F0006FD13871EDFC50CF7B4121.native.txt,C2B9C93B9693A319CF01C0A5D31F3962BF7E02F0006FD13871EDFC50CF7B4121.header.txt,1772,True,OK
C2C93818726DAC52E58536C78525B62A417DEC82F9491E4941E8AEE2CFA42B42,Z001023242895.pdf,FACTURA,FACTURA,EXISTING_GROUND_TRUTH,CONFIRMED_EXISTING,F-EE08C7103D2458E54189,DEVELOPMENT_DIAGNOSTIC,True,MDOC_DOCUMENT+OCR_HEADER_POSITION,C2C93818726DAC52E58536C78525B62A417DEC82F9491E4941E8AEE2CFA42B42.native.txt,C2C93818726DAC52E58536C78525B62A417DEC82F9491E4941E8AEE2CFA42B42.header.txt,1907,True,OK
C32B2E20D7C26374931D1211FDDC75A8B9DC021D4FB1E43E423060A42FCB0F90,Z001023243393.pdf,FACTURA,FACTURA,QR_ARCA_STRONG,STRONG_RULE,F-127BD2FBDD2CC031C0FE,DEVELOPMENT_DIAGNOSTIC,True,MDOC_DOCUMENT+OCR_HEADER_POSITION,C32B2E20D7C26374931D1211FDDC75A8B9DC021D4FB1E43E423060A42FCB0F90.native.txt,C32B2E20D7C26374931D1211FDDC75A8B9DC021D4FB1E43E423060A42FCB0F90.header.txt,1739,True,OK
C34D90268A5F10333F6EEB206403454ED03AD03DFE2E0F82144D322FCB2BE2FE,Z001023243461.pdf,FACTURA,FACTURA,QR_ARCA_STRONG,STRONG_RULE,F-EE08C7103D2458E54189,DEVELOPMENT_DIAGNOSTIC,True,MDOC_DOCUMENT+OCR_HEADER_POSITION,C34D90268A5F10333F6EEB206403454ED03AD03DFE2E0F82144D322FCB2BE2FE.native.txt,C34D90268A5F10333F6EEB206403454ED03AD03DFE2E0F82144D322FCB2BE2FE.header.txt,1874,True,OK
C3B17A6E5FCF4075138716E7C05C7C2C00B9C6DB35B1F7CF269759EE308A472C,Z001023243396.pdf,FACTURA,FACTURA,QR_ARCA_STRONG,STRONG_RULE,F-6F5CAF1E1AEEB43C5486,DEVELOPMENT_DIAGNOSTIC,True,MDOC_DOCUMENT+OCR_HEADER_POSITION,C3B17A6E5FCF4075138716E7C05C7C2C00B9C6DB35B1F7CF269759EE308A472C.native.txt,C3B17A6E5FCF4075138716E7C05C7C2C00B9C6DB35B1F7CF269759EE308A472C.header.txt,3216,True,OK
C467CA492CC79EDB963E9E4B1D87CB6B9AC232D99505BB4BFF97EA5240921873,Z001023322035.pdf,FACTURA,FACTURA,QR_ARCA_STRONG,STRONG_RULE,F-FACD83D8B4281A05571A,DEVELOPMENT_DIAGNOSTIC,False,MDOC_DOCUMENT+OCR_HEADER_POSITION,C467CA492CC79EDB963E9E4B1D87CB6B9AC232D99505BB4BFF97EA5240921873.native.txt,C467CA492CC79EDB963E9E4B1D87CB6B9AC232D99505BB4BFF97EA5240921873.header.txt,4515,True,OK
C4F20F86104A25A042C17226A58FE4A2904FF327D27396E512BFB9855A181AB0,Z001023305843.pdf,FACTURA,FACTURA,OCR_STRONG,STRONG_RULE,F-C4EFEA98CD9D9490E678,DEVELOPMENT,False,MDOC_DOCUMENT+OCR_HEADER_POSITION,C4F20F86104A25A042C17226A58FE4A2904FF327D27396E512BFB9855A181AB0.native.txt,C4F20F86104A25A042C17226A58FE4A2904FF327D27396E512BFB9855A181AB0.header.txt,35092,True,OK
C4FA660C17826F3719DD1559315A2810F55C5F458EC9FE51CBC1C34E09580929,Z001023410665.pdf,FACTURA,FACTURA,QR_ARCA_STRONG,STRONG_RULE,F-6F5CAF1E1AEEB43C5486,DEVELOPMENT_DIAGNOSTIC,False,MDOC_DOCUMENT+OCR_HEADER_POSITION,C4FA660C17826F3719DD1559315A2810F55C5F458EC9FE51CBC1C34E09580929.native.txt,C4FA660C17826F3719DD1559315A2810F55C5F458EC9FE51CBC1C34E09580929.header.txt,3429,True,OK
C5015F3E9ACE903E1F1A3F021F972B5725DAA7D97CBF494731F3C5FFBD0178AB,Z001023283746.pdf,FACTURA,FACTURA,QR_ARCA_STRONG,STRONG_RULE,F-EE08C7103D2458E54189,DEVELOPMENT_DIAGNOSTIC,False,MDOC_DOCUMENT+OCR_HEADER_POSITION,C5015F3E9ACE903E1F1A3F021F972B5725DAA7D97CBF494731F3C5FFBD0178AB.native.txt,C5015F3E9ACE903E1F1A3F021F972B5725DAA7D97CBF494731F3C5FFBD0178AB.header.txt,1850,True,OK
C5130207272100B6F37D2F1DF7D551DB1B8689288E3EDA73B8DE49834D6D8DF4,Z001023337180.pdf,FACTURA,FACTURA,QR_ARCA_STRONG,STRONG_RULE,F-87572B663CBBD9F4CA2F,DEVELOPMENT,False,OCR_PRODUCT_FIRST_PAGE,C5130207272100B6F37D2F1DF7D551DB1B8689288E3EDA73B8DE49834D6D8DF4.ocr.txt,C5130207272100B6F37D2F1DF7D551DB1B8689288E3EDA73B8DE49834D6D8DF4.header.txt,1402,False,OK
C5AB3289EC750F8FE7A4D0025AEC51B2F9E3031E9A750BFD7152F5635577B831,Z001023349834.pdf,FACTURA,FACTURA,QR_ARCA_STRONG,STRONG_RULE,F-EDBFE59229E8571451DD,DEVELOPMENT,False,MDOC_DOCUMENT+OCR_HEADER_POSITION,C5AB3289EC750F8FE7A4D0025AEC51B2F9E3031E9A750BFD7152F5635577B831.native.txt,C5AB3289EC750F8FE7A4D0025AEC51B2F9E3031E9A750BFD7152F5635577B831.header.txt,2586,True,OK
C6469439E8A7EADDAB74F948CDEB8C758FB7E73195A0FA9FADF994E98857A5FC,Z001023410267.pdf,FACTURA,FACTURA,QR_ARCA_STRONG,STRONG_RULE,F-463F5D66BCFC1B95B4F2,DEVELOPMENT,False,MDOC_DOCUMENT+OCR_HEADER_POSITION,C6469439E8A7EADDAB74F948CDEB8C758FB7E73195A0FA9FADF994E98857A5FC.native.txt,C6469439E8A7EADDAB74F948CDEB8C758FB7E73195A0FA9FADF994E98857A5FC.header.txt,825,True,OK
C66AE5D0BA9546144237F3ED91AA92D98D806F940E4D3B863AD114692FFD1AFA,Z001023284902.pdf,FACTURA,FACTURA,OCR_STRONG,STRONG_RULE,F-0EE887752345887B2F4F,DEVELOPMENT,False,OCR_PRODUCT_FIRST_PAGE,C66AE5D0BA9546144237F3ED91AA92D98D806F940E4D3B863AD114692FFD1AFA.ocr.txt,C66AE5D0BA9546144237F3ED91AA92D98D806F940E4D3B863AD114692FFD1AFA.header.txt,1420,False,OK
C6FA29FFDF0C2B39FE22AA6A5DF8FDC4C215B1DD849C481E4EF56978B614EAE2,Z001023242527.pdf,FACTURA,FACTURA,QR_ARCA_STRONG,STRONG_RULE,F-6F5CAF1E1AEEB43C5486,DEVELOPMENT_DIAGNOSTIC,True,MDOC_DOCUMENT+OCR_HEADER_POSITION,C6FA29FFDF0C2B39FE22AA6A5DF8FDC4C215B1DD849C481E4EF56978B614EAE2.native.txt,C6FA29FFDF0C2B39FE22AA6A5DF8FDC4C215B1DD849C481E4EF56978B614EAE2.header.txt,3546,True,OK
C73C512EC4364FB25B1DD1CE61856BFDE06C3BB7FB3897FC660CBEA83E889F71,Z001023338078.pdf,FACTURA,FACTURA,OCR_STRONG,STRONG_RULE,F-B0CE428E3A93F67A9A41,DEVELOPMENT,False,MDOC_DOCUMENT+OCR_HEADER_POSITION,C73C512EC4364FB25B1DD1CE61856BFDE06C3BB7FB3897FC660CBEA83E889F71.native.txt,C73C512EC4364FB25B1DD1CE61856BFDE06C3BB7FB3897FC660CBEA83E889F71.header.txt,2856,True,OK
C7DCFC7B887ED14B331FE01DC9255DB7490E7A0124783AFBAF3B6B292AD6D0A6,Z001023283899.pdf,FACTURA,FACTURA,QR_ARCA_STRONG,STRONG_RULE,F-463F5D66BCFC1B95B4F2,DEVELOPMENT,False,MDOC_DOCUMENT+OCR_HEADER_POSITION,C7DCFC7B887ED14B331FE01DC9255DB7490E7A0124783AFBAF3B6B292AD6D0A6.native.txt,C7DCFC7B887ED14B331FE01DC9255DB7490E7A0124783AFBAF3B6B292AD6D0A6.header.txt,843,True,OK
C92C0422097D51A3D93193E6CF419568C35B45B68AE7BA0E8F044DAA781BDE27,Z001023423202.pdf,OTRO_DOCUMENTO,NOTA_CREDITO,QR_ARCA_STRONG,STRONG_RULE,F-FACD83D8B4281A05571A,DEVELOPMENT_DIAGNOSTIC,False,MDOC_DOCUMENT+OCR_HEADER_POSITION,C92C0422097D51A3D93193E6CF419568C35B45B68AE7BA0E8F044DAA781BDE27.native.txt,C92C0422097D51A3D93193E6CF419568C35B45B68AE7BA0E8F044DAA781BDE27.header.txt,4299,True,OK
C94D2466ABBCA670AEB72345C937ECD41C9AE3519E58A521C3DC5E400F88B6CB,Z001023350130.pdf,FACTURA,FACTURA,QR_ARCA_STRONG,STRONG_RULE,F-FACD83D8B4281A05571A,DEVELOPMENT_DIAGNOSTIC,False,MDOC_DOCUMENT+OCR_HEADER_POSITION,C94D2466ABBCA670AEB72345C937ECD41C9AE3519E58A521C3DC5E400F88B6CB.native.txt,C94D2466ABBCA670AEB72345C937ECD41C9AE3519E58A521C3DC5E400F88B6CB.header.txt,3846,True,OK
C954E8A98EC5F59434BC8FD7AD7063CDACEF485CA4C4172312005AAD894268AF,Z001023321628.pdf,FACTURA,FACTURA,PDF_TEXT_STRONG,STRONG_RULE,F-463F5D66BCFC1B95B4F2,DEVELOPMENT,False,MDOC_DOCUMENT+OCR_HEADER_POSITION,C954E8A98EC5F59434BC8FD7AD7063CDACEF485CA4C4172312005AAD894268AF.native.txt,C954E8A98EC5F59434BC8FD7AD7063CDACEF485CA4C4172312005AAD894268AF.header.txt,2528,True,OK
C975B3D927FB1E30EEDB65478115A3885467118916194B500FD55F0D0875019E,Z001023306560.pdf,FACTURA,FACTURA,QR_ARCA_STRONG,STRONG_RULE,F-A26E6E68BD787A625DC9,DEVELOPMENT,False,MDOC_DOCUMENT+OCR_HEADER_POSITION,C975B3D927FB1E30EEDB65478115A3885467118916194B500FD55F0D0875019E.native.txt,C975B3D927FB1E30EEDB65478115A3885467118916194B500FD55F0D0875019E.header.txt,1717,True,OK
C9E25B0A4129298A70D0938226DC15E47A3489EE06D723D9F8A969C5193FB68D,Z001023283842.pdf,FACTURA,FACTURA,QR_ARCA_STRONG,STRONG_RULE,F-FACD83D8B4281A05571A,DEVELOPMENT_DIAGNOSTIC,False,MDOC_DOCUMENT+OCR_HEADER_POSITION,C9E25B0A4129298A70D0938226DC15E47A3489EE06D723D9F8A969C5193FB68D.native.txt,C9E25B0A4129298A70D0938226DC15E47A3489EE06D723D9F8A969C5193FB68D.header.txt,4368,True,OK
C9E46A38A0109D9C87D2CF516D39DF2B685B99E66F6EE09830A75CB7A8A11495,Z001023267137.pdf,FACTURA,FACTURA,OCR_STRONG,STRONG_RULE,F-C4EFEA98CD9D9490E678,DEVELOPMENT,False,MDOC_DOCUMENT+OCR_HEADER_POSITION,C9E46A38A0109D9C87D2CF516D39DF2B685B99E66F6EE09830A75CB7A8A11495.native.txt,C9E46A38A0109D9C87D2CF516D39DF2B685B99E66F6EE09830A75CB7A8A11495.header.txt,3662,True,OK
CA02A2902F5BD9190AD57D7FDB96C2EDBE63D4E91C1524B91B5677BDDA01A3BF,Z001023284844.pdf,FACTURA,FACTURA,QR_ARCA_STRONG,STRONG_RULE,F-463F5D66BCFC1B95B4F2,DEVELOPMENT,False,MDOC_DOCUMENT+OCR_HEADER_POSITION,CA02A2902F5BD9190AD57D7FDB96C2EDBE63D4E91C1524B91B5677BDDA01A3BF.native.txt,CA02A2902F5BD9190AD57D7FDB96C2EDBE63D4E91C1524B91B5677BDDA01A3BF.header.txt,831,True,OK
CA106104222A9D6DF2CA34E8D58F08DB9F65369DFD4A2465C7836AFB52F4EABD,Z001023266864.pdf,FACTURA,FACTURA,QR_ARCA_STRONG,STRONG_RULE,F-FACD83D8B4281A05571A,DEVELOPMENT_DIAGNOSTIC,False,MDOC_DOCUMENT+OCR_HEADER_POSITION,CA106104222A9D6DF2CA34E8D58F08DB9F65369DFD4A2465C7836AFB52F4EABD.native.txt,CA106104222A9D6DF2CA34E8D58F08DB9F65369DFD4A2465C7836AFB52F4EABD.header.txt,4071,True,OK
CA14A4C3BB942C93600EBD048A66925B35F6189FFF084EE4AF994D09603804F3,Z001023435387.pdf,FACTURA,FACTURA,QR_ARCA_STRONG,STRONG_RULE,F-D591D778E05641FBA116,DEVELOPMENT,False,MDOC_DOCUMENT+OCR_HEADER_POSITION,CA14A4C3BB942C93600EBD048A66925B35F6189FFF084EE4AF994D09603804F3.native.txt,CA14A4C3BB942C93600EBD048A66925B35F6189FFF084EE4AF994D09603804F3.header.txt,1981,True,OK
CA4B144974CDD331E904D3646E7F74FDAE6502B6CCDA4A0B4845C2FA9E2F6DB8,Z001023243171.pdf,OTRO_DOCUMENTO,OTRO_DOCUMENTO,EXISTING_GROUND_TRUTH,CONFIRMED_EXISTING,F-F005EBB69A8DFBD56F0B,DEVELOPMENT_DIAGNOSTIC,True,MDOC_DOCUMENT+OCR_HEADER_POSITION,CA4B144974CDD331E904D3646E7F74FDAE6502B6CCDA4A0B4845C2FA9E2F6DB8.native.txt,CA4B144974CDD331E904D3646E7F74FDAE6502B6CCDA4A0B4845C2FA9E2F6DB8.header.txt,9919,True,OK
CA75936BB5B3F05DC8FDB2E6D7BA8CD9F1E57E6DD78173F81181FDC1C88D6451,Z001023422176.pdf,FACTURA,FACTURA,QR_ARCA_STRONG,STRONG_RULE,F-6F5CAF1E1AEEB43C5486,DEVELOPMENT_DIAGNOSTIC,False,MDOC_DOCUMENT+OCR_HEADER_POSITION,CA75936BB5B3F05DC8FDB2E6D7BA8CD9F1E57E6DD78173F81181FDC1C88D6451.native.txt,CA75936BB5B3F05DC8FDB2E6D7BA8CD9F1E57E6DD78173F81181FDC1C88D6451.header.txt,3504,True,OK
CACFCD72797B5F3FDBC68225A60AA5A14FBC6A696BDE7B0F8377B5B9A2BC254C,Z001023410752.pdf,FACTURA,FACTURA,QR_ARCA_STRONG,STRONG_RULE,F-FACD83D8B4281A05571A,DEVELOPMENT_DIAGNOSTIC,False,MDOC_DOCUMENT+OCR_HEADER_POSITION,CACFCD72797B5F3FDBC68225A60AA5A14FBC6A696BDE7B0F8377B5B9A2BC254C.native.txt,CACFCD72797B5F3FDBC68225A60AA5A14FBC6A696BDE7B0F8377B5B9A2BC254C.header.txt,4089,True,OK
CB3F881168E39D42F2154112BEFFC872F79A0F1E34F6E9C1939842604C61CA62,Z001023305808.pdf,FACTURA,FACTURA,QR_ARCA_STRONG,STRONG_RULE,F-EE08C7103D2458E54189,DEVELOPMENT_DIAGNOSTIC,False,MDOC_DOCUMENT+OCR_HEADER_POSITION,CB3F881168E39D42F2154112BEFFC872F79A0F1E34F6E9C1939842604C61CA62.native.txt,CB3F881168E39D42F2154112BEFFC872F79A0F1E34F6E9C1939842604C61CA62.header.txt,1980,True,OK
CB67F361EA64E80587BAB165B922A2E4760A9CB206DD074A571F27A3DC6C743A,Z001023336433.pdf,FACTURA,FACTURA,QR_ARCA_STRONG,STRONG_RULE,F-077C308A7FE5C91A2133,DEVELOPMENT,False,MDOC_DOCUMENT+OCR_HEADER_POSITION,CB67F361EA64E80587BAB165B922A2E4760A9CB206DD074A571F27A3DC6C743A.native.txt,CB67F361EA64E80587BAB165B922A2E4760A9CB206DD074A571F27A3DC6C743A.header.txt,5713,True,OK
CBF1504F1A2BD20989734BB93F9A6B821D696DC3D9F026A3AE97DB428987BDF8,Z001023243376.pdf,FACTURA,FACTURA,QR_ARCA_STRONG,STRONG_RULE,F-FACD83D8B4281A05571A,DEVELOPMENT_DIAGNOSTIC,True,MDOC_DOCUMENT+OCR_HEADER_POSITION,CBF1504F1A2BD20989734BB93F9A6B821D696DC3D9F026A3AE97DB428987BDF8.native.txt,CBF1504F1A2BD20989734BB93F9A6B821D696DC3D9F026A3AE97DB428987BDF8.header.txt,3867,True,OK
CBF2C5E3D3358E302151CED6A4FA4397E6E7656E3D8B5A494F458C3DD20F0286,Z001023320989.pdf,FACTURA,FACTURA,QR_ARCA_STRONG,STRONG_RULE,F-EE08C7103D2458E54189,DEVELOPMENT_DIAGNOSTIC,False,MDOC_DOCUMENT+OCR_HEADER_POSITION,CBF2C5E3D3358E302151CED6A4FA4397E6E7656E3D8B5A494F458C3DD20F0286.native.txt,CBF2C5E3D3358E302151CED6A4FA4397E6E7656E3D8B5A494F458C3DD20F0286.header.txt,2273,True,OK
CCFC8856B2EE75B258F83A9BD8D590012639F2C3E9281B03568D96D0692E4D9A,Z001023455165.pdf,OTRO_DOCUMENTO,OTRO_DOCUMENTO,QR_ARCA_STRONG,STRONG_RULE,F-FACD83D8B4281A05571A,DEVELOPMENT_DIAGNOSTIC,False,MDOC_DOCUMENT+OCR_HEADER_POSITION,CCFC8856B2EE75B258F83A9BD8D590012639F2C3E9281B03568D96D0692E4D9A.native.txt,CCFC8856B2EE75B258F83A9BD8D590012639F2C3E9281B03568D96D0692E4D9A.header.txt,4368,True,OK
CD3258E1403C53DB4C5EACA945EF96391202785804131074295CCBE93FC71D03,Z001023283872.pdf,FACTURA,FACTURA,QR_ARCA_STRONG,STRONG_RULE,F-4282D891EC4146496CC2,DEVELOPMENT,False,MDOC_DOCUMENT+OCR_HEADER_POSITION,CD3258E1403C53DB4C5EACA945EF96391202785804131074295CCBE93FC71D03.native.txt,CD3258E1403C53DB4C5EACA945EF96391202785804131074295CCBE93FC71D03.header.txt,2688,True,OK
CD4CD7560303283D5284D0D6B005BEEDB1CC792033BDCF94FB6BED9C4125C0E2,Z001023338082.pdf,FACTURA,FACTURA,QR_ARCA_STRONG,STRONG_RULE,F-FC0763B62EEE2F9FCCE8,DEVELOPMENT,False,MDOC_DOCUMENT+OCR_HEADER_POSITION,CD4CD7560303283D5284D0D6B005BEEDB1CC792033BDCF94FB6BED9C4125C0E2.native.txt,CD4CD7560303283D5284D0D6B005BEEDB1CC792033BDCF94FB6BED9C4125C0E2.header.txt,3573,True,OK
CDA31B4D8EB807890C25AEAC70F69CAE0352427C25F2FFB2206725CFD54D02E0,Z001023266216.pdf,FACTURA,FACTURA,OCR_STRONG,STRONG_RULE,F-73AB37D8D5F65AA437FE,DEVELOPMENT,False,MDOC_DOCUMENT+OCR_HEADER_POSITION,CDA31B4D8EB807890C25AEAC70F69CAE0352427C25F2FFB2206725CFD54D02E0.native.txt,CDA31B4D8EB807890C25AEAC70F69CAE0352427C25F2FFB2206725CFD54D02E0.header.txt,2586,True,OK
CDB639A0D68885C85F4A138356E228E627A7125AFD55A0013282FF29A7B544CB,Z001023321350.pdf,FACTURA,FACTURA,PDF_TEXT_STRONG,STRONG_RULE,F-463F5D66BCFC1B95B4F2,DEVELOPMENT,False,MDOC_DOCUMENT+OCR_HEADER_POSITION,CDB639A0D68885C85F4A138356E228E627A7125AFD55A0013282FF29A7B544CB.native.txt,CDB639A0D68885C85F4A138356E228E627A7125AFD55A0013282FF29A7B544CB.header.txt,836,True,OK
CDCE4AFFBA4C7A14E62EC97B786AE463F5A06625309D2F3C7EC30632192363E0,Z001023423281.pdf,OTRO_DOCUMENTO,NOTA_DEBITO,QR_ARCA_STRONG,STRONG_RULE,F-2225E7482E0C1A2CF093,DEVELOPMENT_DIAGNOSTIC,False,MDOC_DOCUMENT+OCR_HEADER_POSITION,CDCE4AFFBA4C7A14E62EC97B786AE463F5A06625309D2F3C7EC30632192363E0.native.txt,CDCE4AFFBA4C7A14E62EC97B786AE463F5A06625309D2F3C7EC30632192363E0.header.txt,1582,True,OK
CDE2CF61792ECB1685A1B5D28F4185B11E4FFE284D37428507FA26C8426DAACE,Z001023436300.pdf,FACTURA,FACTURA,OCR_STRONG,STRONG_RULE,F-73D1F939C9F0B93053BA,DEVELOPMENT,False,MDOC_DOCUMENT+OCR_HEADER_POSITION,CDE2CF61792ECB1685A1B5D28F4185B11E4FFE284D37428507FA26C8426DAACE.native.txt,CDE2CF61792ECB1685A1B5D28F4185B11E4FFE284D37428507FA26C8426DAACE.header.txt,72677,True,OK
CF8EE0C26F214C226A853C81CBE52E96BF760B42197050F3726F7344891B269F,Z001023467443.pdf,FACTURA,FACTURA,QR_ARCA_STRONG,STRONG_RULE,F-6F5CAF1E1AEEB43C5486,DEVELOPMENT_DIAGNOSTIC,False,MDOC_DOCUMENT+OCR_HEADER_POSITION,CF8EE0C26F214C226A853C81CBE52E96BF760B42197050F3726F7344891B269F.native.txt,CF8EE0C26F214C226A853C81CBE52E96BF760B42197050F3726F7344891B269F.header.txt,3654,True,OK
CFEBAFFA7B16C0A2A9DA4E31369F607C6769560AE4F0AF5DB7EBC7C7A5796942,Z001023305706.pdf,FACTURA,FACTURA,PDF_TEXT_STRONG,STRONG_RULE,F-239031FB24D11A1289E7,DEVELOPMENT,False,MDOC_DOCUMENT+OCR_HEADER_POSITION,CFEBAFFA7B16C0A2A9DA4E31369F607C6769560AE4F0AF5DB7EBC7C7A5796942.native.txt,CFEBAFFA7B16C0A2A9DA4E31369F607C6769560AE4F0AF5DB7EBC7C7A5796942.header.txt,1880,True,OK
D03C1B7D2CE5300F2A3C336A8087AE6560C158270F5B6818D0E8E90DA84B5550,Z001023398914.pdf,FACTURA,FACTURA,QR_ARCA_STRONG,STRONG_RULE,F-FACD83D8B4281A05571A,DEVELOPMENT_DIAGNOSTIC,False,MDOC_DOCUMENT+OCR_HEADER_POSITION,D03C1B7D2CE5300F2A3C336A8087AE6560C158270F5B6818D0E8E90DA84B5550.native.txt,D03C1B7D2CE5300F2A3C336A8087AE6560C158270F5B6818D0E8E90DA84B5550.header.txt,4119,True,OK
D0998159322E7036852951E3B6BB4631E0A5EF21ADFC0DFC39679D4F410C959F,Z001023243074.pdf,FACTURA,FACTURA,EXISTING_GROUND_TRUTH,CONFIRMED_EXISTING,F-F8EBECB216D6C0D8E1BE,DEVELOPMENT_DIAGNOSTIC,True,MDOC_DOCUMENT+OCR_HEADER_POSITION,D0998159322E7036852951E3B6BB4631E0A5EF21ADFC0DFC39679D4F410C959F.native.txt,D0998159322E7036852951E3B6BB4631E0A5EF21ADFC0DFC39679D4F410C959F.header.txt,3120,True,OK
D0B7E38560380EE7EAF6E34B6061E48C5CF2F35B8AA99A8D2F89E7E6B0A3F40B,Z001023423301.pdf,FACTURA,FACTURA,PDF_TEXT_STRONG,STRONG_RULE,F-EFE6E9C595B24436566B,DEVELOPMENT,False,MDOC_DOCUMENT+OCR_HEADER_POSITION,D0B7E38560380EE7EAF6E34B6061E48C5CF2F35B8AA99A8D2F89E7E6B0A3F40B.native.txt,D0B7E38560380EE7EAF6E34B6061E48C5CF2F35B8AA99A8D2F89E7E6B0A3F40B.header.txt,1256,True,OK
D11EF5EFCB57C92D4BE706C631DEFF9D02684892A02A457AA7DF2790EC054948,Z001023385276.pdf,FACTURA,FACTURA,QR_ARCA_STRONG,STRONG_RULE,F-DC0A2053B5A530D4C5EF,DEVELOPMENT_DIAGNOSTIC,False,MDOC_DOCUMENT+OCR_HEADER_POSITION,D11EF5EFCB57C92D4BE706C631DEFF9D02684892A02A457AA7DF2790EC054948.native.txt,D11EF5EFCB57C92D4BE706C631DEFF9D02684892A02A457AA7DF2790EC054948.header.txt,3168,True,OK
D163D9B8B20036EC5A3CE46A3EA5FC17F7C3019E2243C66920EF6716BF3A65A9,Z001023351282.pdf,FACTURA,FACTURA,QR_ARCA_STRONG,STRONG_RULE,F-463F5D66BCFC1B95B4F2,DEVELOPMENT,False,OCR_PRODUCT_FIRST_PAGE,D163D9B8B20036EC5A3CE46A3EA5FC17F7C3019E2243C66920EF6716BF3A65A9.ocr.txt,D163D9B8B20036EC5A3CE46A3EA5FC17F7C3019E2243C66920EF6716BF3A65A9.header.txt,956,False,OK
D165FB62E80F26847F1F00B1DBD7E949928E56EC5C2A0EDD2FE929E4ABD85CB0,Z001023243377.pdf,FACTURA,FACTURA,EXISTING_GROUND_TRUTH,CONFIRMED_EXISTING,F-5A7941650D7DE31BC8A5,DEVELOPMENT_DIAGNOSTIC,True,MDOC_DOCUMENT+OCR_HEADER_POSITION,D165FB62E80F26847F1F00B1DBD7E949928E56EC5C2A0EDD2FE929E4ABD85CB0.native.txt,D165FB62E80F26847F1F00B1DBD7E949928E56EC5C2A0EDD2FE929E4ABD85CB0.header.txt,1197,True,OK
D183235157D76503E27005F2393996607AA052447B62D8B048242B417E9E45B4,Z001023422471.pdf,FACTURA,FACTURA,QR_ARCA_STRONG,STRONG_RULE,F-DC0A2053B5A530D4C5EF,DEVELOPMENT_DIAGNOSTIC,False,MDOC_DOCUMENT+OCR_HEADER_POSITION,D183235157D76503E27005F2393996607AA052447B62D8B048242B417E9E45B4.native.txt,D183235157D76503E27005F2393996607AA052447B62D8B048242B417E9E45B4.header.txt,3105,True,OK
D19AD7052E1DA4CDC234A7E9C645D2FE992C1AEB9092802605F5BE4CC83326EF,Z001023321074.pdf,FACTURA,FACTURA,QR_ARCA_STRONG,STRONG_RULE,F-FACD83D8B4281A05571A,DEVELOPMENT_DIAGNOSTIC,False,MDOC_DOCUMENT+OCR_HEADER_POSITION,D19AD7052E1DA4CDC234A7E9C645D2FE992C1AEB9092802605F5BE4CC83326EF.native.txt,D19AD7052E1DA4CDC234A7E9C645D2FE992C1AEB9092802605F5BE4CC83326EF.header.txt,4503,True,OK
D1B8EF56BC2CC9568D9F04C2ED50CEA8C6F4A17561011E419D36CE40F034ABC8,Z001023266235.pdf,FACTURA,FACTURA,QR_ARCA_STRONG,STRONG_RULE,F-6F5CAF1E1AEEB43C5486,DEVELOPMENT_DIAGNOSTIC,False,MDOC_DOCUMENT+OCR_HEADER_POSITION,D1B8EF56BC2CC9568D9F04C2ED50CEA8C6F4A17561011E419D36CE40F034ABC8.native.txt,D1B8EF56BC2CC9568D9F04C2ED50CEA8C6F4A17561011E419D36CE40F034ABC8.header.txt,3471,True,OK
D1E6F1AF5284A0AD66F07602A7398225612A7F72630FAB3C140919894AB51E8E,Z001023385994.pdf,FACTURA,FACTURA,QR_ARCA_STRONG,STRONG_RULE,F-463F5D66BCFC1B95B4F2,DEVELOPMENT,False,MDOC_DOCUMENT+OCR_HEADER_POSITION,D1E6F1AF5284A0AD66F07602A7398225612A7F72630FAB3C140919894AB51E8E.native.txt,D1E6F1AF5284A0AD66F07602A7398225612A7F72630FAB3C140919894AB51E8E.header.txt,1019,True,OK
D1F8966052F9585FA0A09C435D2ACA06180130A3DC9FDBDFE46534FA6BA34BD9,Z001023320996.pdf,FACTURA,FACTURA,PDF_TEXT_STRONG,STRONG_RULE,F-E1B8D918E114096E5077,DEVELOPMENT,False,MDOC_DOCUMENT+OCR_HEADER_POSITION,D1F8966052F9585FA0A09C435D2ACA06180130A3DC9FDBDFE46534FA6BA34BD9.native.txt,D1F8966052F9585FA0A09C435D2ACA06180130A3DC9FDBDFE46534FA6BA34BD9.header.txt,1739,True,OK
D2009CF9F31D7894DB728342C16C23B5D69767488011AB222E69A86185D457AF,Z001023266342.pdf,FACTURA,FACTURA,QR_ARCA_STRONG,STRONG_RULE,F-EE08C7103D2458E54189,DEVELOPMENT_DIAGNOSTIC,False,MDOC_DOCUMENT+OCR_HEADER_POSITION,D2009CF9F31D7894DB728342C16C23B5D69767488011AB222E69A86185D457AF.native.txt,D2009CF9F31D7894DB728342C16C23B5D69767488011AB222E69A86185D457AF.header.txt,1775,True,OK
D22FA4C5DAD47E0503E3A3BFE4B9F69FCF46A197EFD9D5632C40ACD092587E8D,Z001023243752.pdf,FACTURA,FACTURA,QR_ARCA_STRONG,STRONG_RULE,F-6F5CAF1E1AEEB43C5486,DEVELOPMENT_DIAGNOSTIC,False,MDOC_DOCUMENT+OCR_HEADER_POSITION,D22FA4C5DAD47E0503E3A3BFE4B9F69FCF46A197EFD9D5632C40ACD092587E8D.native.txt,D22FA4C5DAD47E0503E3A3BFE4B9F69FCF46A197EFD9D5632C40ACD092587E8D.header.txt,3399,True,OK
D24949793794B54566EF791877070947AF6F5BEA0E1AE4D9AD59D0C7311C7730,Z001023384972.pdf,FACTURA,FACTURA,QR_ARCA_STRONG,STRONG_RULE,F-463F5D66BCFC1B95B4F2,DEVELOPMENT,False,MDOC_DOCUMENT+OCR_HEADER_POSITION,D24949793794B54566EF791877070947AF6F5BEA0E1AE4D9AD59D0C7311C7730.native.txt,D24949793794B54566EF791877070947AF6F5BEA0E1AE4D9AD59D0C7311C7730.header.txt,1104,True,OK
D278278F52A696DF386A5CD1DA883A54D42374905A42330A42B48E05DFBCE94F,Z001023454457.pdf,FACTURA,FACTURA,QR_ARCA_STRONG,STRONG_RULE,F-8FB0C271F20EAB3092AA,DEVELOPMENT,False,MDOC_DOCUMENT+OCR_HEADER_POSITION,D278278F52A696DF386A5CD1DA883A54D42374905A42330A42B48E05DFBCE94F.native.txt,D278278F52A696DF386A5CD1DA883A54D42374905A42330A42B48E05DFBCE94F.header.txt,945,True,OK
D2A9D1946120EC88B3B109FE0E565AF998A3E46A6B1166F1B13DB93D0FA7F3CA,Z001023435316.pdf,FACTURA,FACTURA,OCR_STRONG,STRONG_RULE,F-463F5D66BCFC1B95B4F2,DEVELOPMENT,False,OCR_PRODUCT_FIRST_PAGE,D2A9D1946120EC88B3B109FE0E565AF998A3E46A6B1166F1B13DB93D0FA7F3CA.ocr.txt,D2A9D1946120EC88B3B109FE0E565AF998A3E46A6B1166F1B13DB93D0FA7F3CA.header.txt,1781,False,OK
D3360D063323398B960AB04D10199119F7B9065CBFD7101D262535999DABA93A,Z001023467518.pdf,FACTURA,FACTURA,QR_ARCA_STRONG,STRONG_RULE,F-BB3946FCA5C1D8EE3510,DEVELOPMENT,False,MDOC_DOCUMENT+OCR_HEADER_POSITION,D3360D063323398B960AB04D10199119F7B9065CBFD7101D262535999DABA93A.native.txt,D3360D063323398B960AB04D10199119F7B9065CBFD7101D262535999DABA93A.header.txt,4042,True,OK
D381BF2B9FE9921A149F2EB5C74207B1E5A4B543B3C045A18B09CA2D7F403833,Z001023365895.pdf,FACTURA,FACTURA,QR_ARCA_STRONG,STRONG_RULE,F-FACD83D8B4281A05571A,DEVELOPMENT_DIAGNOSTIC,False,MDOC_DOCUMENT+OCR_HEADER_POSITION,D381BF2B9FE9921A149F2EB5C74207B1E5A4B543B3C045A18B09CA2D7F403833.native.txt,D381BF2B9FE9921A149F2EB5C74207B1E5A4B543B3C045A18B09CA2D7F403833.header.txt,3894,True,OK
D3FA25D4862E2993FB02982B9F4DE3C5E3B142BB76A254447C41DE643EAB4275,Z001023266231.pdf,FACTURA,FACTURA,QR_ARCA_STRONG,STRONG_RULE,F-4A04ED19FCD7897FFCD0,DEVELOPMENT,False,MDOC_DOCUMENT+OCR_HEADER_POSITION,D3FA25D4862E2993FB02982B9F4DE3C5E3B142BB76A254447C41DE643EAB4275.native.txt,D3FA25D4862E2993FB02982B9F4DE3C5E3B142BB76A254447C41DE643EAB4275.header.txt,2555,True,OK
D41718D7740A44FC105BDCA62453EA10635C6857F3FFCD5C6FD6C0E517E74AB0,Z001023321892.pdf,FACTURA,FACTURA,QR_ARCA_STRONG,STRONG_RULE,F-463F5D66BCFC1B95B4F2,DEVELOPMENT,False,MDOC_DOCUMENT+OCR_HEADER_POSITION,D41718D7740A44FC105BDCA62453EA10635C6857F3FFCD5C6FD6C0E517E74AB0.native.txt,D41718D7740A44FC105BDCA62453EA10635C6857F3FFCD5C6FD6C0E517E74AB0.header.txt,995,True,OK
D429E736D82B111075BDA9E832F25D555146ABAFCF3885B9B4590A612F337A71,Z001023268022.pdf,FACTURA,FACTURA,OCR_STRONG,STRONG_RULE,F-66FEEC36CB99F857D1A9,DEVELOPMENT,False,MDOC_DOCUMENT+OCR_HEADER_POSITION,D429E736D82B111075BDA9E832F25D555146ABAFCF3885B9B4590A612F337A71.native.txt,D429E736D82B111075BDA9E832F25D555146ABAFCF3885B9B4590A612F337A71.header.txt,836,True,OK
D47F13C4D81C5BCE308D5DCB445BC07C07CC2768BC801833B8C24EDE0B3038E9,Z001023384991.pdf,FACTURA,FACTURA,QR_ARCA_STRONG,STRONG_RULE,F-6F5CAF1E1AEEB43C5486,DEVELOPMENT_DIAGNOSTIC,False,MDOC_DOCUMENT+OCR_HEADER_POSITION,D47F13C4D81C5BCE308D5DCB445BC07C07CC2768BC801833B8C24EDE0B3038E9.native.txt,D47F13C4D81C5BCE308D5DCB445BC07C07CC2768BC801833B8C24EDE0B3038E9.header.txt,3648,True,OK
D49E91493367E3924D7AF8AE16CA0B26567C40EC39687EF9043A0731EF840B3D,Z001023243740.pdf,FACTURA,FACTURA,QR_ARCA_STRONG,STRONG_RULE,F-EE08C7103D2458E54189,DEVELOPMENT_DIAGNOSTIC,False,MDOC_DOCUMENT+OCR_HEADER_POSITION,D49E91493367E3924D7AF8AE16CA0B26567C40EC39687EF9043A0731EF840B3D.native.txt,D49E91493367E3924D7AF8AE16CA0B26567C40EC39687EF9043A0731EF840B3D.header.txt,1880,True,OK
D4C3E3E5A6C8A6396585AED0657045546DB61BED0E576E6862CA8130164BCE08,Z001023242450.pdf,FACTURA,FACTURA,OCR_STRONG,STRONG_RULE,F-F87B430E01864ABA8385,DEVELOPMENT_DIAGNOSTIC,True,MDOC_DOCUMENT+OCR_HEADER_POSITION,D4C3E3E5A6C8A6396585AED0657045546DB61BED0E576E6862CA8130164BCE08.native.txt,D4C3E3E5A6C8A6396585AED0657045546DB61BED0E576E6862CA8130164BCE08.header.txt,995,True,OK
D5957D9DF6DF9855CAA5CE947E569B66D4ADC253C00A000A2FB29FD88DA8B763,Z001023306965.pdf,FACTURA,FACTURA,QR_ARCA_STRONG,STRONG_RULE,F-6F5CAF1E1AEEB43C5486,DEVELOPMENT_DIAGNOSTIC,False,MDOC_DOCUMENT+OCR_HEADER_POSITION,D5957D9DF6DF9855CAA5CE947E569B66D4ADC253C00A000A2FB29FD88DA8B763.native.txt,D5957D9DF6DF9855CAA5CE947E569B66D4ADC253C00A000A2FB29FD88DA8B763.header.txt,3885,True,OK
D5A928540B4295A42FCF5B310EB45330AD6A407D3A188D3E5C3A05BA49112712,Z001023321055.pdf,FACTURA,FACTURA,QR_ARCA_STRONG,STRONG_RULE,F-EE08C7103D2458E54189,DEVELOPMENT_DIAGNOSTIC,False,MDOC_DOCUMENT+OCR_HEADER_POSITION,D5A928540B4295A42FCF5B310EB45330AD6A407D3A188D3E5C3A05BA49112712.native.txt,D5A928540B4295A42FCF5B310EB45330AD6A407D3A188D3E5C3A05BA49112712.header.txt,2227,True,OK
D63E75967E91D0B192DBD248E1D804951B173B81CF9853489C12D08AC21EACFF,Z001023266212.pdf,FACTURA,FACTURA,QR_ARCA_STRONG,STRONG_RULE,F-FACD83D8B4281A05571A,DEVELOPMENT_DIAGNOSTIC,False,MDOC_DOCUMENT+OCR_HEADER_POSITION,D63E75967E91D0B192DBD248E1D804951B173B81CF9853489C12D08AC21EACFF.native.txt,D63E75967E91D0B192DBD248E1D804951B173B81CF9853489C12D08AC21EACFF.header.txt,3828,True,OK
D69C5625C65854258AE9E71A91F752CC7CF79E424FB3FED772131793213E2817,Z001023350418.pdf,FACTURA,FACTURA,QR_ARCA_STRONG,STRONG_RULE,F-FACD83D8B4281A05571A,DEVELOPMENT_DIAGNOSTIC,False,MDOC_DOCUMENT+OCR_HEADER_POSITION,D69C5625C65854258AE9E71A91F752CC7CF79E424FB3FED772131793213E2817.native.txt,D69C5625C65854258AE9E71A91F752CC7CF79E424FB3FED772131793213E2817.header.txt,4041,True,OK
D72C0946B3BAB976FE0144254A9CB9D0062673308D4DDED3AD7CB5A4033AB853,Z001023338066.pdf,FACTURA,FACTURA,QR_ARCA_STRONG,STRONG_RULE,F-C04B37B1724168DE2084,DEVELOPMENT,False,MDOC_DOCUMENT+OCR_HEADER_POSITION,D72C0946B3BAB976FE0144254A9CB9D0062673308D4DDED3AD7CB5A4033AB853.native.txt,D72C0946B3BAB976FE0144254A9CB9D0062673308D4DDED3AD7CB5A4033AB853.header.txt,1905,True,OK
D7462435CD41449C4DDA2E47EC6C3E4E72476EAC6641C372CCD50010C87C158F,Z001023435318.pdf,FACTURA,FACTURA,OCR_STRONG,STRONG_RULE,F-463F5D66BCFC1B95B4F2,DEVELOPMENT,False,OCR_PRODUCT_FIRST_PAGE,D7462435CD41449C4DDA2E47EC6C3E4E72476EAC6641C372CCD50010C87C158F.ocr.txt,D7462435CD41449C4DDA2E47EC6C3E4E72476EAC6641C372CCD50010C87C158F.header.txt,734,False,OK
D7F197A9AB144A1AA1A11A794B66EB9EFDB9593D983625A8E89878B8F0B2ACE0,Z001023305795.pdf,FACTURA,FACTURA,QR_ARCA_STRONG,STRONG_RULE,F-EE08C7103D2458E54189,DEVELOPMENT_DIAGNOSTIC,False,MDOC_DOCUMENT+OCR_HEADER_POSITION,D7F197A9AB144A1AA1A11A794B66EB9EFDB9593D983625A8E89878B8F0B2ACE0.native.txt,D7F197A9AB144A1AA1A11A794B66EB9EFDB9593D983625A8E89878B8F0B2ACE0.header.txt,1981,True,OK
D8451310F49BFC83155DD4B1EAA3B50BC11A07754D2EB597B1D99F873B2F1088,Z001023242819.pdf,FACTURA,FACTURA,QR_ARCA_STRONG,STRONG_RULE,F-EE08C7103D2458E54189,DEVELOPMENT_DIAGNOSTIC,True,MDOC_DOCUMENT+OCR_HEADER_POSITION,D8451310F49BFC83155DD4B1EAA3B50BC11A07754D2EB597B1D99F873B2F1088.native.txt,D8451310F49BFC83155DD4B1EAA3B50BC11A07754D2EB597B1D99F873B2F1088.header.txt,2263,True,OK
D9447ECF57748BEF4988A73E44F26A440F700151DE00488453184DFA0B3BF88D,Z001023242291.pdf,FACTURA,FACTURA,QR_ARCA_STRONG,STRONG_RULE,F-FACD83D8B4281A05571A,DEVELOPMENT_DIAGNOSTIC,True,MDOC_DOCUMENT+OCR_HEADER_POSITION,D9447ECF57748BEF4988A73E44F26A440F700151DE00488453184DFA0B3BF88D.native.txt,D9447ECF57748BEF4988A73E44F26A440F700151DE00488453184DFA0B3BF88D.header.txt,3915,True,OK
D9687542799906085EC0185235899EE5C290FD8D41320CFA4E51C2C020D32952,Z001023454612.pdf,FACTURA,FACTURA,QR_ARCA_STRONG,STRONG_RULE,F-FACD83D8B4281A05571A,DEVELOPMENT_DIAGNOSTIC,False,MDOC_DOCUMENT+OCR_HEADER_POSITION,D9687542799906085EC0185235899EE5C290FD8D41320CFA4E51C2C020D32952.native.txt,D9687542799906085EC0185235899EE5C290FD8D41320CFA4E51C2C020D32952.header.txt,4101,True,OK
D9861CC700E580878AFB757A991F47553D144B376796E385B08231F27027C972,Z001023267409.pdf,FACTURA,FACTURA,QR_ARCA_STRONG,STRONG_RULE,F-EE08C7103D2458E54189,DEVELOPMENT_DIAGNOSTIC,False,MDOC_DOCUMENT+OCR_HEADER_POSITION,D9861CC700E580878AFB757A991F47553D144B376796E385B08231F27027C972.native.txt,D9861CC700E580878AFB757A991F47553D144B376796E385B08231F27027C972.header.txt,1923,True,OK
D9A662AF6AFE49CD7E0D29C5662AE48141573BFBDD571675FF24B6F4C47BA5B0,Z001023305766.pdf,FACTURA,FACTURA,QR_ARCA_STRONG,STRONG_RULE,F-FACD83D8B4281A05571A,DEVELOPMENT_DIAGNOSTIC,False,MDOC_DOCUMENT+OCR_HEADER_POSITION,D9A662AF6AFE49CD7E0D29C5662AE48141573BFBDD571675FF24B6F4C47BA5B0.native.txt,D9A662AF6AFE49CD7E0D29C5662AE48141573BFBDD571675FF24B6F4C47BA5B0.header.txt,4104,True,OK
D9BA143F0ECCCB29588BDD83672A67B86A0448BFE5F967FE255067BA929A1FDA,Z001023454363.pdf,FACTURA,FACTURA,OCR_STRONG,STRONG_RULE,F-A63645627CE2D9A75BE5,DEVELOPMENT,False,MDOC_DOCUMENT+OCR_HEADER_POSITION,D9BA143F0ECCCB29588BDD83672A67B86A0448BFE5F967FE255067BA929A1FDA.native.txt,D9BA143F0ECCCB29588BDD83672A67B86A0448BFE5F967FE255067BA929A1FDA.header.txt,748,True,OK
DA11050BCD5399CFE1C38C68BE43E4EB616BA34DEF9C03A1F2D697BC2FB4CEA6,Z001023266245.pdf,FACTURA,FACTURA,QR_ARCA_STRONG,STRONG_RULE,F-77DF7B7AF18627AF7CC8,DEVELOPMENT,False,MDOC_DOCUMENT+OCR_HEADER_POSITION,DA11050BCD5399CFE1C38C68BE43E4EB616BA34DEF9C03A1F2D697BC2FB4CEA6.native.txt,DA11050BCD5399CFE1C38C68BE43E4EB616BA34DEF9C03A1F2D697BC2FB4CEA6.header.txt,3243,True,OK
DA1D000CCEC08FADA509471CD0E20F6C981AF95C559091A786FE724290F3DCD4,Z001023306220.pdf,FACTURA,FACTURA,QR_ARCA_STRONG,STRONG_RULE,F-FACD83D8B4281A05571A,DEVELOPMENT_DIAGNOSTIC,False,MDOC_DOCUMENT+OCR_HEADER_POSITION,DA1D000CCEC08FADA509471CD0E20F6C981AF95C559091A786FE724290F3DCD4.native.txt,DA1D000CCEC08FADA509471CD0E20F6C981AF95C559091A786FE724290F3DCD4.header.txt,4635,True,OK
DA3BD00A4AAA630868A559B687F8C3383C0DEFEF30EE31ED863B3F1C29C2236E,Z001023266997.pdf,FACTURA,FACTURA,OCR_STRONG,STRONG_RULE,F-832328D5B6CC43C2F3DC,DEVELOPMENT_DIAGNOSTIC,False,OCR_PRODUCT_FIRST_PAGE,DA3BD00A4AAA630868A559B687F8C3383C0DEFEF30EE31ED863B3F1C29C2236E.ocr.txt,DA3BD00A4AAA630868A559B687F8C3383C0DEFEF30EE31ED863B3F1C29C2236E.header.txt,1249,False,OK
DA5FFC1E9615BAE4423440693BFE0165F59ED356657DBBAF03C35DCBB83FA8F3,Z001023242525.pdf,FACTURA,FACTURA,QR_ARCA_STRONG,STRONG_RULE,F-406AFFDAEA0F1DA6D75F,DEVELOPMENT_DIAGNOSTIC,True,MDOC_DOCUMENT+OCR_HEADER_POSITION,DA5FFC1E9615BAE4423440693BFE0165F59ED356657DBBAF03C35DCBB83FA8F3.native.txt,DA5FFC1E9615BAE4423440693BFE0165F59ED356657DBBAF03C35DCBB83FA8F3.header.txt,3483,True,OK
DA74B2F8E4ABFBB5F64F133F2380B3F588F02C6FB2D1D7FADE497E2DC0D53000,Z001023267980.pdf,OTRO_DOCUMENTO,NOTA_DEBITO,QR_ARCA_STRONG,STRONG_RULE,F-108FF89DFB4EC29C3343,DEVELOPMENT,False,MDOC_DOCUMENT+OCR_HEADER_POSITION,DA74B2F8E4ABFBB5F64F133F2380B3F588F02C6FB2D1D7FADE497E2DC0D53000.native.txt,DA74B2F8E4ABFBB5F64F133F2380B3F588F02C6FB2D1D7FADE497E2DC0D53000.header.txt,1605,True,OK
DA90A93BE580F95FE5F57983444C78F6B0479F8D349B6390E07DCC05D543D713,Z001023366009.pdf,OTRO_DOCUMENTO,NOTA_CREDITO,PDF_TEXT_STRONG,STRONG_RULE,F-17D8887E1AFD322C7FBE,DEVELOPMENT,False,MDOC_DOCUMENT+OCR_HEADER_POSITION,DA90A93BE580F95FE5F57983444C78F6B0479F8D349B6390E07DCC05D543D713.native.txt,DA90A93BE580F95FE5F57983444C78F6B0479F8D349B6390E07DCC05D543D713.header.txt,1910,True,OK
DA9100439F1D9A3B810F57E18F768FE200074871E2AC69D744B3736FEF1D21C4,Z001023338073.pdf,FACTURA,FACTURA,QR_ARCA_STRONG,STRONG_RULE,F-FACD83D8B4281A05571A,DEVELOPMENT_DIAGNOSTIC,False,MDOC_DOCUMENT+OCR_HEADER_POSITION,DA9100439F1D9A3B810F57E18F768FE200074871E2AC69D744B3736FEF1D21C4.native.txt,DA9100439F1D9A3B810F57E18F768FE200074871E2AC69D744B3736FEF1D21C4.header.txt,4194,True,OK
DAAD3153B676CE3FCF3DC97460A1F0F5CC77272AA8C84FE44BD32CB3F4546867,Z001023283896.pdf,FACTURA,FACTURA,QR_ARCA_STRONG,STRONG_RULE,F-463F5D66BCFC1B95B4F2,DEVELOPMENT,False,MDOC_DOCUMENT+OCR_HEADER_POSITION,DAAD3153B676CE3FCF3DC97460A1F0F5CC77272AA8C84FE44BD32CB3F4546867.native.txt,DAAD3153B676CE3FCF3DC97460A1F0F5CC77272AA8C84FE44BD32CB3F4546867.header.txt,928,True,OK
DAF83EEDC3D7764BA6C8D52B5F53F0AF0A298170E0DAA9D2C547D4E168418AF6,Z001023283806.pdf,FACTURA,FACTURA,QR_ARCA_STRONG,STRONG_RULE,F-FACD83D8B4281A05571A,DEVELOPMENT_DIAGNOSTIC,False,MDOC_DOCUMENT+OCR_HEADER_POSITION,DAF83EEDC3D7764BA6C8D52B5F53F0AF0A298170E0DAA9D2C547D4E168418AF6.native.txt,DAF83EEDC3D7764BA6C8D52B5F53F0AF0A298170E0DAA9D2C547D4E168418AF6.header.txt,3987,True,OK
DB4D29DFEC242149E7DEB2C674FB7A28625901B96391CC68D2F99F59A56FA6C7,Z001023305844.pdf,FACTURA,FACTURA,OCR_STRONG,STRONG_RULE,F-C4EFEA98CD9D9490E678,DEVELOPMENT,False,MDOC_DOCUMENT+OCR_HEADER_POSITION,DB4D29DFEC242149E7DEB2C674FB7A28625901B96391CC68D2F99F59A56FA6C7.native.txt,DB4D29DFEC242149E7DEB2C674FB7A28625901B96391CC68D2F99F59A56FA6C7.header.txt,21834,True,OK
DB543A149C7C3A5B0A723421AD7B1629FFD92C34ADB631A7BA21925B3F076B29,Z001023243749.pdf,FACTURA,FACTURA,QR_ARCA_STRONG,STRONG_RULE,F-EE08C7103D2458E54189,DEVELOPMENT_DIAGNOSTIC,False,MDOC_DOCUMENT+OCR_HEADER_POSITION,DB543A149C7C3A5B0A723421AD7B1629FFD92C34ADB631A7BA21925B3F076B29.native.txt,DB543A149C7C3A5B0A723421AD7B1629FFD92C34ADB631A7BA21925B3F076B29.header.txt,2030,True,OK
DB673D2287ED075167C3AD89F1E5FDC18C3E581A75AE0FE0374AD0C4D6B099F8,Z001023242391.pdf,FACTURA,FACTURA,QR_ARCA_STRONG,STRONG_RULE,F-FACD83D8B4281A05571A,DEVELOPMENT_DIAGNOSTIC,True,MDOC_DOCUMENT+OCR_HEADER_POSITION,DB673D2287ED075167C3AD89F1E5FDC18C3E581A75AE0FE0374AD0C4D6B099F8.native.txt,DB673D2287ED075167C3AD89F1E5FDC18C3E581A75AE0FE0374AD0C4D6B099F8.header.txt,3894,True,OK
DC6BEB8D08A58B12A06B43633D7954F4CCBBDCDB1158A8163B478E251B92DC00,Z001023321059.pdf,FACTURA,FACTURA,QR_ARCA_STRONG,STRONG_RULE,F-FACD83D8B4281A05571A,DEVELOPMENT_DIAGNOSTIC,False,MDOC_DOCUMENT+OCR_HEADER_POSITION,DC6BEB8D08A58B12A06B43633D7954F4CCBBDCDB1158A8163B478E251B92DC00.native.txt,DC6BEB8D08A58B12A06B43633D7954F4CCBBDCDB1158A8163B478E251B92DC00.header.txt,4233,True,OK
DC76A86B9B4E3732696B023C9D019C6DC29B1D74D19F0CDF62FA4EDAD0E8A5EC,Z001023283769.pdf,FACTURA,FACTURA,QR_ARCA_STRONG,STRONG_RULE,F-6F5CAF1E1AEEB43C5486,DEVELOPMENT_DIAGNOSTIC,False,MDOC_DOCUMENT+OCR_HEADER_POSITION,DC76A86B9B4E3732696B023C9D019C6DC29B1D74D19F0CDF62FA4EDAD0E8A5EC.native.txt,DC76A86B9B4E3732696B023C9D019C6DC29B1D74D19F0CDF62FA4EDAD0E8A5EC.header.txt,3705,True,OK
DCBE22953A36AD961A008B180A630C81D0FF772119747EEE54ED8F628A4BC721,Z001023422278.pdf,FACTURA,FACTURA,QR_ARCA_STRONG,STRONG_RULE,F-4426261E80B33B17CD1D,DEVELOPMENT,False,MDOC_DOCUMENT+OCR_HEADER_POSITION,DCBE22953A36AD961A008B180A630C81D0FF772119747EEE54ED8F628A4BC721.native.txt,DCBE22953A36AD961A008B180A630C81D0FF772119747EEE54ED8F628A4BC721.header.txt,1332,True,OK
DCE7D65D2485570411821C53E99AA69569762370F3A8BA9D337328FB78AD391F,Z001023305874.pdf,FACTURA,FACTURA,QR_ARCA_STRONG,STRONG_RULE,F-463F5D66BCFC1B95B4F2,DEVELOPMENT,False,MDOC_DOCUMENT+OCR_HEADER_POSITION,DCE7D65D2485570411821C53E99AA69569762370F3A8BA9D337328FB78AD391F.native.txt,DCE7D65D2485570411821C53E99AA69569762370F3A8BA9D337328FB78AD391F.header.txt,844,True,OK
DD372CF24ED476BE21C4FB16F5A440CA83602E0CAA7454BACE49CC46D719923D,Z001023466255.pdf,FACTURA,FACTURA,OCR_STRONG,STRONG_RULE,F-5A19E47D686C678820E3,DEVELOPMENT,False,OCR_PRODUCT_FIRST_PAGE,DD372CF24ED476BE21C4FB16F5A440CA83602E0CAA7454BACE49CC46D719923D.ocr.txt,DD372CF24ED476BE21C4FB16F5A440CA83602E0CAA7454BACE49CC46D719923D.header.txt,1487,False,OK
DDBE1DD162D9C24A450E389593D498CD4910C291C70F8B233500F851987A8C59,Z001023398411.pdf,FACTURA,FACTURA,QR_ARCA_STRONG,STRONG_RULE,F-D591D778E05641FBA116,DEVELOPMENT,False,MDOC_DOCUMENT+OCR_HEADER_POSITION,DDBE1DD162D9C24A450E389593D498CD4910C291C70F8B233500F851987A8C59.native.txt,DDBE1DD162D9C24A450E389593D498CD4910C291C70F8B233500F851987A8C59.header.txt,1923,True,OK
DDC35E7D6AC3D7DC2B7B9D7CD426188160168404668B566385F806DB0320AE7C,Z001023338088.pdf,FACTURA,FACTURA,PDF_TEXT_STRONG,STRONG_RULE,F-463F5D66BCFC1B95B4F2,DEVELOPMENT,False,MDOC_DOCUMENT+OCR_HEADER_POSITION,DDC35E7D6AC3D7DC2B7B9D7CD426188160168404668B566385F806DB0320AE7C.native.txt,DDC35E7D6AC3D7DC2B7B9D7CD426188160168404668B566385F806DB0320AE7C.header.txt,1425,True,OK
DF7A3B4C2638053020A877AA88828487B539F33CAFD992DBB4AC0545EFAF6B87,Z001023398680.pdf,FACTURA,FACTURA,QR_ARCA_STRONG,STRONG_RULE,F-463F5D66BCFC1B95B4F2,DEVELOPMENT,False,MDOC_DOCUMENT+OCR_HEADER_POSITION,DF7A3B4C2638053020A877AA88828487B539F33CAFD992DBB4AC0545EFAF6B87.native.txt,DF7A3B4C2638053020A877AA88828487B539F33CAFD992DBB4AC0545EFAF6B87.header.txt,1039,True,OK
DF98804B89AEF5F3D70700572F75630F33F42F33BACCEF62A0C7456066E94BFD,Z001023321111.pdf,FACTURA,FACTURA,QR_ARCA_STRONG,STRONG_RULE,F-6F5CAF1E1AEEB43C5486,DEVELOPMENT_DIAGNOSTIC,False,MDOC_DOCUMENT+OCR_HEADER_POSITION,DF98804B89AEF5F3D70700572F75630F33F42F33BACCEF62A0C7456066E94BFD.native.txt,DF98804B89AEF5F3D70700572F75630F33F42F33BACCEF62A0C7456066E94BFD.header.txt,3906,True,OK
DF9A5A317396F2EB09F145A8BC30BF1CA3420C9B185FE1F3A7377B9342F66C88,Z001023283839.pdf,FACTURA,FACTURA,QR_ARCA_STRONG,STRONG_RULE,F-EE08C7103D2458E54189,DEVELOPMENT_DIAGNOSTIC,False,MDOC_DOCUMENT+OCR_HEADER_POSITION,DF9A5A317396F2EB09F145A8BC30BF1CA3420C9B185FE1F3A7377B9342F66C88.native.txt,DF9A5A317396F2EB09F145A8BC30BF1CA3420C9B185FE1F3A7377B9342F66C88.header.txt,1903,True,OK
DFBC2F2DB3574E4AF1A519731FA1E41DB8C6A90A30DE2485B771F7CDD6DBBA4E,Z001023243385.pdf,FACTURA,FACTURA,QR_ARCA_STRONG,STRONG_RULE,F-127BD2FBDD2CC031C0FE,DEVELOPMENT_DIAGNOSTIC,True,MDOC_DOCUMENT+OCR_HEADER_POSITION,DFBC2F2DB3574E4AF1A519731FA1E41DB8C6A90A30DE2485B771F7CDD6DBBA4E.native.txt,DFBC2F2DB3574E4AF1A519731FA1E41DB8C6A90A30DE2485B771F7CDD6DBBA4E.header.txt,1776,True,OK
DFC54FDC224631BBD64414B5BBC9C3CA5DC139B9CE35F60F89699C634A925331,Z001023266921.pdf,FACTURA,FACTURA,QR_ARCA_STRONG,STRONG_RULE,F-6F5CAF1E1AEEB43C5486,DEVELOPMENT_DIAGNOSTIC,False,MDOC_DOCUMENT+OCR_HEADER_POSITION,DFC54FDC224631BBD64414B5BBC9C3CA5DC139B9CE35F60F89699C634A925331.native.txt,DFC54FDC224631BBD64414B5BBC9C3CA5DC139B9CE35F60F89699C634A925331.header.txt,4584,True,OK
E06A1E27219A456A167CF1CA1583CC493930116EE7712D3A74BF870317C1A7F2,Z001023283755.pdf,FACTURA,FACTURA,QR_ARCA_STRONG,STRONG_RULE,F-EE08C7103D2458E54189,DEVELOPMENT_DIAGNOSTIC,False,MDOC_DOCUMENT+OCR_HEADER_POSITION,E06A1E27219A456A167CF1CA1583CC493930116EE7712D3A74BF870317C1A7F2.native.txt,E06A1E27219A456A167CF1CA1583CC493930116EE7712D3A74BF870317C1A7F2.header.txt,1913,True,OK
E13F5A758863FF61032D1246182C35726CC9310DD7822132AD96A4871C14DA3F,Z001023350375.pdf,FACTURA,FACTURA,OCR_STRONG,STRONG_RULE,F-DCC01CD6C3861C7E4C3E,DEVELOPMENT,False,OCR_PRODUCT_FIRST_PAGE,E13F5A758863FF61032D1246182C35726CC9310DD7822132AD96A4871C14DA3F.ocr.txt,E13F5A758863FF61032D1246182C35726CC9310DD7822132AD96A4871C14DA3F.header.txt,2150,False,OK
E1BD8687178653719CC1872F8CC1A422EBFBC862AAC4FE0F106A4B2947E9748E,Z001023284791.pdf,FACTURA,FACTURA,QR_ARCA_STRONG,STRONG_RULE,F-EE08C7103D2458E54189,DEVELOPMENT_DIAGNOSTIC,False,MDOC_DOCUMENT+OCR_HEADER_POSITION,E1BD8687178653719CC1872F8CC1A422EBFBC862AAC4FE0F106A4B2947E9748E.native.txt,E1BD8687178653719CC1872F8CC1A422EBFBC862AAC4FE0F106A4B2947E9748E.header.txt,1891,True,OK
E24CD73FADF2105B11F012348D1FB638E3042428BB19A4DD43A96FA38A640157,Z001023350192.pdf,FACTURA,FACTURA,OCR_STRONG,STRONG_RULE,F-DCC01CD6C3861C7E4C3E,DEVELOPMENT,False,OCR_PRODUCT_FIRST_PAGE,E24CD73FADF2105B11F012348D1FB638E3042428BB19A4DD43A96FA38A640157.ocr.txt,E24CD73FADF2105B11F012348D1FB638E3042428BB19A4DD43A96FA38A640157.header.txt,2029,False,OK
E27A2EB0D78D925DB0BFDCB44BC5F8990ECF15AB74B445EE4FC1480A7E895715,Z001023467587.pdf,FACTURA,FACTURA,QR_ARCA_STRONG,STRONG_RULE,F-EE08C7103D2458E54189,DEVELOPMENT_DIAGNOSTIC,False,MDOC_DOCUMENT+OCR_HEADER_POSITION,E27A2EB0D78D925DB0BFDCB44BC5F8990ECF15AB74B445EE4FC1480A7E895715.native.txt,E27A2EB0D78D925DB0BFDCB44BC5F8990ECF15AB74B445EE4FC1480A7E895715.header.txt,1905,True,OK
E3705DD435EB0F9B9C65EFA33D57110D33CBB6E83A3E6A52B2E44FF8BEC70FD7,Z001023267296.pdf,FACTURA,FACTURA,QR_ARCA_STRONG,STRONG_RULE,F-EE08C7103D2458E54189,DEVELOPMENT_DIAGNOSTIC,False,MDOC_DOCUMENT+OCR_HEADER_POSITION,E3705DD435EB0F9B9C65EFA33D57110D33CBB6E83A3E6A52B2E44FF8BEC70FD7.native.txt,E3705DD435EB0F9B9C65EFA33D57110D33CBB6E83A3E6A52B2E44FF8BEC70FD7.header.txt,1920,True,OK
E3907210A2F2D2D49FCEA7E4C99AB668D5AA7BD8771F20EF6057612BCF9F85DB,Z001023321070.pdf,FACTURA,FACTURA,QR_ARCA_STRONG,STRONG_RULE,F-FACD83D8B4281A05571A,DEVELOPMENT_DIAGNOSTIC,False,MDOC_DOCUMENT+OCR_HEADER_POSITION,E3907210A2F2D2D49FCEA7E4C99AB668D5AA7BD8771F20EF6057612BCF9F85DB.native.txt,E3907210A2F2D2D49FCEA7E4C99AB668D5AA7BD8771F20EF6057612BCF9F85DB.header.txt,5517,True,OK
E3E57561958F450655EFE21C39C6A1BD74B778E789835C7B5205A9E99203C24F,Z001023410372.pdf,FACTURA,FACTURA,QR_ARCA_STRONG,STRONG_RULE,F-FACD83D8B4281A05571A,DEVELOPMENT_DIAGNOSTIC,False,MDOC_DOCUMENT+OCR_HEADER_POSITION,E3E57561958F450655EFE21C39C6A1BD74B778E789835C7B5205A9E99203C24F.native.txt,E3E57561958F450655EFE21C39C6A1BD74B778E789835C7B5205A9E99203C24F.header.txt,4134,True,OK
E3FFE6BAF7D9B5810F0A7789ECC24EFD30FBEEA0535B2782F1284D50CD87FB07,Z001023267291.pdf,FACTURA,FACTURA,QR_ARCA_STRONG,STRONG_RULE,F-EE08C7103D2458E54189,DEVELOPMENT_DIAGNOSTIC,False,MDOC_DOCUMENT+OCR_HEADER_POSITION,E3FFE6BAF7D9B5810F0A7789ECC24EFD30FBEEA0535B2782F1284D50CD87FB07.native.txt,E3FFE6BAF7D9B5810F0A7789ECC24EFD30FBEEA0535B2782F1284D50CD87FB07.header.txt,1774,True,OK
E415A8C5F28A1BB5A8FAC4F146B80A6AA20CB17A4D6449ECC66AAD21C9BBB31B,Z001023267466.pdf,FACTURA,FACTURA,QR_ARCA_STRONG,STRONG_RULE,F-127BD2FBDD2CC031C0FE,DEVELOPMENT_DIAGNOSTIC,False,MDOC_DOCUMENT+OCR_HEADER_POSITION,E415A8C5F28A1BB5A8FAC4F146B80A6AA20CB17A4D6449ECC66AAD21C9BBB31B.native.txt,E415A8C5F28A1BB5A8FAC4F146B80A6AA20CB17A4D6449ECC66AAD21C9BBB31B.header.txt,1810,True,OK
E417899D5543E4E7CB2D0AA826FD5695DAB8A3925730A905D316FA3996CE1A7B,Z001023306231.pdf,FACTURA,FACTURA,QR_ARCA_STRONG,STRONG_RULE,F-FACD83D8B4281A05571A,DEVELOPMENT_DIAGNOSTIC,False,MDOC_DOCUMENT+OCR_HEADER_POSITION,E417899D5543E4E7CB2D0AA826FD5695DAB8A3925730A905D316FA3996CE1A7B.native.txt,E417899D5543E4E7CB2D0AA826FD5695DAB8A3925730A905D316FA3996CE1A7B.header.txt,4149,True,OK
E4C8834C47AF140E5343783F033950248E083A1625265A1C39C19C9BBDFFA5BE,Z001023243402.pdf,FACTURA,FACTURA,QR_ARCA_STRONG,STRONG_RULE,F-6F5CAF1E1AEEB43C5486,DEVELOPMENT_DIAGNOSTIC,True,MDOC_DOCUMENT+OCR_HEADER_POSITION,E4C8834C47AF140E5343783F033950248E083A1625265A1C39C19C9BBDFFA5BE.native.txt,E4C8834C47AF140E5343783F033950248E083A1625265A1C39C19C9BBDFFA5BE.header.txt,3402,True,OK
E4D931275FE79FAD3F8C371E8E4DA52B707AB7EE6D8FAB6B34077072B75E4AD8,Z001023350944.pdf,FACTURA,FACTURA,QR_ARCA_STRONG,STRONG_RULE,F-A69FDECE53AB69CF1845,DEVELOPMENT,False,MDOC_DOCUMENT+OCR_HEADER_POSITION,E4D931275FE79FAD3F8C371E8E4DA52B707AB7EE6D8FAB6B34077072B75E4AD8.native.txt,E4D931275FE79FAD3F8C371E8E4DA52B707AB7EE6D8FAB6B34077072B75E4AD8.header.txt,1738,True,OK
E4EE7B924E36DAC149A0DE6D3A14BDF33EF1EC5E95B862558B80009E2B4C6E40,Z001023283837.pdf,OTRO_DOCUMENTO,NOTA_CREDITO,QR_ARCA_STRONG,STRONG_RULE,F-2225E7482E0C1A2CF093,DEVELOPMENT_DIAGNOSTIC,False,MDOC_DOCUMENT+OCR_HEADER_POSITION,E4EE7B924E36DAC149A0DE6D3A14BDF33EF1EC5E95B862558B80009E2B4C6E40.native.txt,E4EE7B924E36DAC149A0DE6D3A14BDF33EF1EC5E95B862558B80009E2B4C6E40.header.txt,1476,True,OK
E526C99083663455FF9D8A144F42B5D7CAF3BF3374B88E71DBD20C1423685C76,Z001023242824.pdf,FACTURA,FACTURA,QR_ARCA_STRONG,STRONG_RULE,F-EE08C7103D2458E54189,DEVELOPMENT_DIAGNOSTIC,True,MDOC_DOCUMENT+OCR_HEADER_POSITION,E526C99083663455FF9D8A144F42B5D7CAF3BF3374B88E71DBD20C1423685C76.native.txt,E526C99083663455FF9D8A144F42B5D7CAF3BF3374B88E71DBD20C1423685C76.header.txt,1889,True,OK
E599D9ADBD781E4D3A4F5A6A603485BA0633E20C447A9615538D861C54048306,Z001023242797.pdf,FACTURA,FACTURA,QR_ARCA_STRONG,STRONG_RULE,F-EE08C7103D2458E54189,DEVELOPMENT_DIAGNOSTIC,True,MDOC_DOCUMENT+OCR_HEADER_POSITION,E599D9ADBD781E4D3A4F5A6A603485BA0633E20C447A9615538D861C54048306.native.txt,E599D9ADBD781E4D3A4F5A6A603485BA0633E20C447A9615538D861C54048306.header.txt,1851,True,OK
E5DAF9B7F340994A01C320E83B9D64BF4D91ABC9AB1925DFF36394D86760BC84,Z001023410664.pdf,FACTURA,FACTURA,QR_ARCA_STRONG,STRONG_RULE,F-FACD83D8B4281A05571A,DEVELOPMENT_DIAGNOSTIC,False,MDOC_DOCUMENT+OCR_HEADER_POSITION,E5DAF9B7F340994A01C320E83B9D64BF4D91ABC9AB1925DFF36394D86760BC84.native.txt,E5DAF9B7F340994A01C320E83B9D64BF4D91ABC9AB1925DFF36394D86760BC84.header.txt,4125,True,OK
E5EA6863561EC0AC05BD8FC2C4486B673FAEB05EF771CC9073B78A9AE63CE293,Z001023478353.pdf,FACTURA,FACTURA,QR_ARCA_STRONG,STRONG_RULE,F-EE08C7103D2458E54189,DEVELOPMENT_DIAGNOSTIC,False,MDOC_DOCUMENT+OCR_HEADER_POSITION,E5EA6863561EC0AC05BD8FC2C4486B673FAEB05EF771CC9073B78A9AE63CE293.native.txt,E5EA6863561EC0AC05BD8FC2C4486B673FAEB05EF771CC9073B78A9AE63CE293.header.txt,1898,True,OK
E65B6E3964E2729270E86EAC179D0828B974A168788E3717BBF681DB950B91F4,Z001023455710.pdf,FACTURA,FACTURA,QR_ARCA_STRONG,STRONG_RULE,F-6F5CAF1E1AEEB43C5486,DEVELOPMENT_DIAGNOSTIC,False,MDOC_DOCUMENT+OCR_HEADER_POSITION,E65B6E3964E2729270E86EAC179D0828B974A168788E3717BBF681DB950B91F4.native.txt,E65B6E3964E2729270E86EAC179D0828B974A168788E3717BBF681DB950B91F4.header.txt,3582,True,OK
E6894908E97252F617612B361755AE4CADAD7D0D40883B34D66F68B267BAFBD3,Z001023338083.pdf,FACTURA,FACTURA,QR_ARCA_STRONG,STRONG_RULE,F-EE08C7103D2458E54189,DEVELOPMENT_DIAGNOSTIC,False,MDOC_DOCUMENT+OCR_HEADER_POSITION,E6894908E97252F617612B361755AE4CADAD7D0D40883B34D66F68B267BAFBD3.native.txt,E6894908E97252F617612B361755AE4CADAD7D0D40883B34D66F68B267BAFBD3.header.txt,1824,True,OK
E69F094568C5FB504BF02555E1531ACAEFCF05B95F8E06AE52D73A1CA930A902,Z001023423282.pdf,OTRO_DOCUMENTO,NOTA_DEBITO,QR_ARCA_STRONG,STRONG_RULE,F-2225E7482E0C1A2CF093,DEVELOPMENT_DIAGNOSTIC,False,MDOC_DOCUMENT+OCR_HEADER_POSITION,E69F094568C5FB504BF02555E1531ACAEFCF05B95F8E06AE52D73A1CA930A902.native.txt,E69F094568C5FB504BF02555E1531ACAEFCF05B95F8E06AE52D73A1CA930A902.header.txt,1704,True,OK
E6B62C1D3E0FA12629EC352DE28028E3FFD836F43CD9ECA1407C095AF5275136,Z001023338075.pdf,FACTURA,FACTURA,QR_ARCA_STRONG,STRONG_RULE,F-FACD83D8B4281A05571A,DEVELOPMENT_DIAGNOSTIC,False,MDOC_DOCUMENT+OCR_HEADER_POSITION,E6B62C1D3E0FA12629EC352DE28028E3FFD836F43CD9ECA1407C095AF5275136.native.txt,E6B62C1D3E0FA12629EC352DE28028E3FFD836F43CD9ECA1407C095AF5275136.header.txt,5955,True,OK
E6DEC7B41595AE659C40B9A202C8DBA4FAFA17EFDFA5C56EBE4E4AC33BF085F4,Z001023266246.pdf,FACTURA,FACTURA,QR_ARCA_STRONG,STRONG_RULE,F-FACD83D8B4281A05571A,DEVELOPMENT_DIAGNOSTIC,False,MDOC_DOCUMENT+OCR_HEADER_POSITION,E6DEC7B41595AE659C40B9A202C8DBA4FAFA17EFDFA5C56EBE4E4AC33BF085F4.native.txt,E6DEC7B41595AE659C40B9A202C8DBA4FAFA17EFDFA5C56EBE4E4AC33BF085F4.header.txt,4053,True,OK
E74DCB56CD5FFCAC5BBF5D0CDB70C2701C5448845EE0ACED3435345867B72447,Z001023338058.pdf,FACTURA,FACTURA,QR_ARCA_STRONG,STRONG_RULE,F-8FB0C271F20EAB3092AA,DEVELOPMENT,False,MDOC_DOCUMENT+OCR_HEADER_POSITION,E74DCB56CD5FFCAC5BBF5D0CDB70C2701C5448845EE0ACED3435345867B72447.native.txt,E74DCB56CD5FFCAC5BBF5D0CDB70C2701C5448845EE0ACED3435345867B72447.header.txt,980,True,OK
E8066B5FA877947A47862B566C3A752FD1BA514973CD2B01A7AD31803BBDD28B,Z001023243349.pdf,FACTURA,FACTURA,EXISTING_GROUND_TRUTH,CONFIRMED_EXISTING,F-12D78E5BCE33FB9957D7,DEVELOPMENT_DIAGNOSTIC,True,OCR_PRODUCT_FIRST_PAGE,E8066B5FA877947A47862B566C3A752FD1BA514973CD2B01A7AD31803BBDD28B.ocr.txt,E8066B5FA877947A47862B566C3A752FD1BA514973CD2B01A7AD31803BBDD28B.header.txt,1483,False,OK
E88C84C17FBF54873E2C5056188F282A3BE7C2BA50CA2710A2A129BBC9BFD35F,Z001023435314.pdf,FACTURA,FACTURA,OCR_STRONG,STRONG_RULE,F-463F5D66BCFC1B95B4F2,DEVELOPMENT,False,OCR_PRODUCT_FIRST_PAGE,E88C84C17FBF54873E2C5056188F282A3BE7C2BA50CA2710A2A129BBC9BFD35F.ocr.txt,E88C84C17FBF54873E2C5056188F282A3BE7C2BA50CA2710A2A129BBC9BFD35F.header.txt,1779,False,OK
E8C278DBDA744A0F50B779C7A63DD07DF32F4DF3C5E6A278F59FADD4D7D7A128,Z001023422516.pdf,FACTURA,FACTURA,QR_ARCA_STRONG,STRONG_RULE,F-FACD83D8B4281A05571A,DEVELOPMENT_DIAGNOSTIC,False,MDOC_DOCUMENT+OCR_HEADER_POSITION,E8C278DBDA744A0F50B779C7A63DD07DF32F4DF3C5E6A278F59FADD4D7D7A128.native.txt,E8C278DBDA744A0F50B779C7A63DD07DF32F4DF3C5E6A278F59FADD4D7D7A128.header.txt,4221,True,OK
E8DFF560940591F04A1A3D7D1A8A0662A8B10A3B4352D1777F260E3C4514ECB1,Z001023267465.pdf,FACTURA,FACTURA,QR_ARCA_STRONG,STRONG_RULE,F-127BD2FBDD2CC031C0FE,DEVELOPMENT_DIAGNOSTIC,False,MDOC_DOCUMENT+OCR_HEADER_POSITION,E8DFF560940591F04A1A3D7D1A8A0662A8B10A3B4352D1777F260E3C4514ECB1.native.txt,E8DFF560940591F04A1A3D7D1A8A0662A8B10A3B4352D1777F260E3C4514ECB1.header.txt,1808,True,OK
E8FAA2A7C3096561DE0CE371B71A647D301EAE49F822543E0C149049862BB795,Z001023454958.pdf,FACTURA,FACTURA,QR_ARCA_STRONG,STRONG_RULE,F-78FBBC0583221AAC5789,DEVELOPMENT,False,MDOC_DOCUMENT+OCR_HEADER_POSITION,E8FAA2A7C3096561DE0CE371B71A647D301EAE49F822543E0C149049862BB795.native.txt,E8FAA2A7C3096561DE0CE371B71A647D301EAE49F822543E0C149049862BB795.header.txt,1024,True,OK
E908DD409D867A6FD9362F638DDB6D1C51787DDDA28A2363CE9E6506226FDBEF,Z001023385772.pdf,FACTURA,FACTURA,QR_ARCA_STRONG,STRONG_RULE,F-B7F49B6DC4F0173C4F2C,DEVELOPMENT,False,MDOC_DOCUMENT+OCR_HEADER_POSITION,E908DD409D867A6FD9362F638DDB6D1C51787DDDA28A2363CE9E6506226FDBEF.native.txt,E908DD409D867A6FD9362F638DDB6D1C51787DDDA28A2363CE9E6506226FDBEF.header.txt,2973,True,OK
E92EF2CC8ECEA4FA4AF559E894C9BB04CEBA9413F7356F43DDFF36BEA258F207,Z001023242329.pdf,FACTURA,FACTURA,QR_ARCA_STRONG,STRONG_RULE,F-EE08C7103D2458E54189,DEVELOPMENT_DIAGNOSTIC,True,MDOC_DOCUMENT+OCR_HEADER_POSITION,E92EF2CC8ECEA4FA4AF559E894C9BB04CEBA9413F7356F43DDFF36BEA258F207.native.txt,E92EF2CC8ECEA4FA4AF559E894C9BB04CEBA9413F7356F43DDFF36BEA258F207.header.txt,1923,True,OK
E98D9C478D365617D3165BC4C9172CA7D69760AE566B4B515FED65F3C5918B03,Z001023338080.pdf,FACTURA,FACTURA,QR_ARCA_STRONG,STRONG_RULE,F-FC0763B62EEE2F9FCCE8,DEVELOPMENT,False,MDOC_DOCUMENT+OCR_HEADER_POSITION,E98D9C478D365617D3165BC4C9172CA7D69760AE566B4B515FED65F3C5918B03.native.txt,E98D9C478D365617D3165BC4C9172CA7D69760AE566B4B515FED65F3C5918B03.header.txt,3540,True,OK
E9EC9350980F5F090AC48F43BF269EA7107CCF279E2BCF7BFDEEFECADC2A016F,Z001023266222.pdf,FACTURA,FACTURA,QR_ARCA_STRONG,STRONG_RULE,F-FACD83D8B4281A05571A,DEVELOPMENT_DIAGNOSTIC,False,MDOC_DOCUMENT+OCR_HEADER_POSITION,E9EC9350980F5F090AC48F43BF269EA7107CCF279E2BCF7BFDEEFECADC2A016F.native.txt,E9EC9350980F5F090AC48F43BF269EA7107CCF279E2BCF7BFDEEFECADC2A016F.header.txt,4005,True,OK
EA20BABFAC6D778461BFAFA2DE072720F8EA92BE874D3D6B4B1C39E421274D8F,Z001023242330.pdf,FACTURA,FACTURA,QR_ARCA_STRONG,STRONG_RULE,F-EE08C7103D2458E54189,DEVELOPMENT_DIAGNOSTIC,True,MDOC_DOCUMENT+OCR_HEADER_POSITION,EA20BABFAC6D778461BFAFA2DE072720F8EA92BE874D3D6B4B1C39E421274D8F.native.txt,EA20BABFAC6D778461BFAFA2DE072720F8EA92BE874D3D6B4B1C39E421274D8F.header.txt,1966,True,OK
EACECB02AB0B558853EC20E4A12CB99B7D8DCE528838F603A777CC80DEDF9A82,Z001023284320.pdf,FACTURA,FACTURA,PDF_TEXT_STRONG,STRONG_RULE,F-832328D5B6CC43C2F3DC,DEVELOPMENT_DIAGNOSTIC,False,MDOC_DOCUMENT+OCR_HEADER_POSITION,EACECB02AB0B558853EC20E4A12CB99B7D8DCE528838F603A777CC80DEDF9A82.native.txt,EACECB02AB0B558853EC20E4A12CB99B7D8DCE528838F603A777CC80DEDF9A82.header.txt,1057,True,OK
EBA323452EC7F15754E63AB2094D9D81C5BF968B786BEB95C927D4FD0C4ACA97,Z001023454409.pdf,FACTURA,FACTURA,QR_ARCA_STRONG,STRONG_RULE,F-FACD83D8B4281A05571A,DEVELOPMENT_DIAGNOSTIC,False,MDOC_DOCUMENT+OCR_HEADER_POSITION,EBA323452EC7F15754E63AB2094D9D81C5BF968B786BEB95C927D4FD0C4ACA97.native.txt,EBA323452EC7F15754E63AB2094D9D81C5BF968B786BEB95C927D4FD0C4ACA97.header.txt,4038,True,OK
EC2D553A5E77BC31BDDE1D8CC4A00159A8D055FA1E0F7BD830AEBEC5B32F44D6,Z001023306134.pdf,FACTURA,FACTURA,QR_ARCA_STRONG,STRONG_RULE,F-463F5D66BCFC1B95B4F2,DEVELOPMENT,False,MDOC_DOCUMENT+OCR_HEADER_POSITION,EC2D553A5E77BC31BDDE1D8CC4A00159A8D055FA1E0F7BD830AEBEC5B32F44D6.native.txt,EC2D553A5E77BC31BDDE1D8CC4A00159A8D055FA1E0F7BD830AEBEC5B32F44D6.header.txt,864,True,OK
EC8FD193F7389BD89C31EC263C32EB6E9EAC3F226CDDD16ED6BB6F30B4360D56,Z001023284247.pdf,FACTURA,FACTURA,OCR_STRONG,STRONG_RULE,F-3EC46382AC5DECDCE46F,DEVELOPMENT,False,MDOC_DOCUMENT+OCR_HEADER_POSITION,EC8FD193F7389BD89C31EC263C32EB6E9EAC3F226CDDD16ED6BB6F30B4360D56.native.txt,EC8FD193F7389BD89C31EC263C32EB6E9EAC3F226CDDD16ED6BB6F30B4360D56.header.txt,10143,True,OK
EC9F542C0D762349330D7C9D5BA35113FE54E325A7794D5D7246158EF14E78C4,Z001023454611.pdf,FACTURA,FACTURA,QR_ARCA_STRONG,STRONG_RULE,F-127BD2FBDD2CC031C0FE,DEVELOPMENT_DIAGNOSTIC,False,MDOC_DOCUMENT+OCR_HEADER_POSITION,EC9F542C0D762349330D7C9D5BA35113FE54E325A7794D5D7246158EF14E78C4.native.txt,EC9F542C0D762349330D7C9D5BA35113FE54E325A7794D5D7246158EF14E78C4.header.txt,1692,True,OK
ECAB84F2B7ACE6067202550CC1F288749C0D9933D73906EA57EC7E2CE27438EF,Z001023243378.pdf,FACTURA,FACTURA,QR_ARCA_STRONG,STRONG_RULE,F-6F5CAF1E1AEEB43C5486,DEVELOPMENT_DIAGNOSTIC,True,MDOC_DOCUMENT+OCR_HEADER_POSITION,ECAB84F2B7ACE6067202550CC1F288749C0D9933D73906EA57EC7E2CE27438EF.native.txt,ECAB84F2B7ACE6067202550CC1F288749C0D9933D73906EA57EC7E2CE27438EF.header.txt,3873,True,OK
ED19A5F8AEC4AD20435C707E6523CA381B42F4AB56B354CCBBD95F9D549BEFD4,Z001023435552.pdf,FACTURA,FACTURA,QR_ARCA_STRONG,STRONG_RULE,F-FACD83D8B4281A05571A,DEVELOPMENT_DIAGNOSTIC,False,MDOC_DOCUMENT+OCR_HEADER_POSITION,ED19A5F8AEC4AD20435C707E6523CA381B42F4AB56B354CCBBD95F9D549BEFD4.native.txt,ED19A5F8AEC4AD20435C707E6523CA381B42F4AB56B354CCBBD95F9D549BEFD4.header.txt,4476,True,OK
ED9DA7E668125AAC48AC5D5CB1649B43B8E8636A4B0446E134B7941C890918D3,Z001023242381.pdf,FACTURA,FACTURA,QR_ARCA_STRONG,STRONG_RULE,F-EE08C7103D2458E54189,DEVELOPMENT_DIAGNOSTIC,True,MDOC_DOCUMENT+OCR_HEADER_POSITION,ED9DA7E668125AAC48AC5D5CB1649B43B8E8636A4B0446E134B7941C890918D3.native.txt,ED9DA7E668125AAC48AC5D5CB1649B43B8E8636A4B0446E134B7941C890918D3.header.txt,1963,True,OK
EDC54B347FB32B128E5218BB92547F4AA440585DF3915ABC4D44D90098E2B18E,Z001023306726.pdf,FACTURA,FACTURA,QR_ARCA_STRONG,STRONG_RULE,F-FACD83D8B4281A05571A,DEVELOPMENT_DIAGNOSTIC,False,MDOC_DOCUMENT+OCR_HEADER_POSITION,EDC54B347FB32B128E5218BB92547F4AA440585DF3915ABC4D44D90098E2B18E.native.txt,EDC54B347FB32B128E5218BB92547F4AA440585DF3915ABC4D44D90098E2B18E.header.txt,3915,True,OK
EDC98B31AFA7DF61EF661801826D24693949F1D02F83E01A2A44D99732D13B50,Z001023384988.pdf,FACTURA,FACTURA,QR_ARCA_STRONG,STRONG_RULE,F-6F5CAF1E1AEEB43C5486,DEVELOPMENT_DIAGNOSTIC,False,MDOC_DOCUMENT+OCR_HEADER_POSITION,EDC98B31AFA7DF61EF661801826D24693949F1D02F83E01A2A44D99732D13B50.native.txt,EDC98B31AFA7DF61EF661801826D24693949F1D02F83E01A2A44D99732D13B50.header.txt,3564,True,OK
EE17F17B2E3BA04ED99337FE93B2F9107CF18A58C93502F0BF6938D7EBBC0185,Z001023305802.pdf,OTRO_DOCUMENTO,NOTA_CREDITO,QR_ARCA_STRONG,STRONG_RULE,F-2225E7482E0C1A2CF093,DEVELOPMENT_DIAGNOSTIC,False,MDOC_DOCUMENT+OCR_HEADER_POSITION,EE17F17B2E3BA04ED99337FE93B2F9107CF18A58C93502F0BF6938D7EBBC0185.native.txt,EE17F17B2E3BA04ED99337FE93B2F9107CF18A58C93502F0BF6938D7EBBC0185.header.txt,1424,True,OK
EE950C6BAF7DA9C86E8E4FDC679E2D5BDF85603D5EF1C8DD6FCFBA2FFE9541B1,Z001023466515.pdf,FACTURA,FACTURA,QR_ARCA_STRONG,STRONG_RULE,F-EE08C7103D2458E54189,DEVELOPMENT_DIAGNOSTIC,False,MDOC_DOCUMENT+OCR_HEADER_POSITION,EE950C6BAF7DA9C86E8E4FDC679E2D5BDF85603D5EF1C8DD6FCFBA2FFE9541B1.native.txt,EE950C6BAF7DA9C86E8E4FDC679E2D5BDF85603D5EF1C8DD6FCFBA2FFE9541B1.header.txt,2398,True,OK
EF7D8D2B6EB1DA2009EE2C414B127F6EA6B1B2EE8A71CDDE5D494B88BB7021E2,Z001023284774.pdf,OTRO_DOCUMENTO,OTRO_DOCUMENTO,QR_ARCA_STRONG,STRONG_RULE,F-319491FEEAF6386D99BD,DEVELOPMENT_DIAGNOSTIC,False,MDOC_DOCUMENT+OCR_HEADER_POSITION,EF7D8D2B6EB1DA2009EE2C414B127F6EA6B1B2EE8A71CDDE5D494B88BB7021E2.native.txt,EF7D8D2B6EB1DA2009EE2C414B127F6EA6B1B2EE8A71CDDE5D494B88BB7021E2.header.txt,3597,True,OK
EF8D085AA0CC522DC505BFA3EE404551CA496928CC603CA9A2E2F72261C64480,Z001023284209.pdf,FACTURA,FACTURA,PDF_TEXT_STRONG,STRONG_RULE,F-239031FB24D11A1289E7,DEVELOPMENT,False,MDOC_DOCUMENT+OCR_HEADER_POSITION,EF8D085AA0CC522DC505BFA3EE404551CA496928CC603CA9A2E2F72261C64480.native.txt,EF8D085AA0CC522DC505BFA3EE404551CA496928CC603CA9A2E2F72261C64480.header.txt,1867,True,OK
EFA7644399240D4CE98CFC0922C43901B82B82154718FBA1C01D066A528AAE93,Z001023410379.pdf,FACTURA,FACTURA,OCR_STRONG,STRONG_RULE,F-7D0D437DDC69268FCFC4,DEVELOPMENT,False,MDOC_DOCUMENT+OCR_HEADER_POSITION,EFA7644399240D4CE98CFC0922C43901B82B82154718FBA1C01D066A528AAE93.native.txt,EFA7644399240D4CE98CFC0922C43901B82B82154718FBA1C01D066A528AAE93.header.txt,4209,True,OK
F02532D4FE739AE475EF518FE9ABF04523A9FCE2A2AF2966D6A8A65C39F06861,Z001023284318.pdf,FACTURA,FACTURA,QR_ARCA_STRONG,STRONG_RULE,F-FACD83D8B4281A05571A,DEVELOPMENT_DIAGNOSTIC,False,MDOC_DOCUMENT+OCR_HEADER_POSITION,F02532D4FE739AE475EF518FE9ABF04523A9FCE2A2AF2966D6A8A65C39F06861.native.txt,F02532D4FE739AE475EF518FE9ABF04523A9FCE2A2AF2966D6A8A65C39F06861.header.txt,4365,True,OK
F128AA90E662AD7CDB80CA46AEBFBA2F20A8B122EEC15961781923955AD06E2E,Z001023267467.pdf,FACTURA,FACTURA,QR_ARCA_STRONG,STRONG_RULE,F-127BD2FBDD2CC031C0FE,DEVELOPMENT_DIAGNOSTIC,False,MDOC_DOCUMENT+OCR_HEADER_POSITION,F128AA90E662AD7CDB80CA46AEBFBA2F20A8B122EEC15961781923955AD06E2E.native.txt,F128AA90E662AD7CDB80CA46AEBFBA2F20A8B122EEC15961781923955AD06E2E.header.txt,1824,True,OK
F1D6DF38C956FF2FBF30C665EB678BEDC73541E868C90BBE1914DC39CFC81B74,Z001023337673.pdf,FACTURA,FACTURA,QR_ARCA_STRONG,STRONG_RULE,F-FACD83D8B4281A05571A,DEVELOPMENT_DIAGNOSTIC,False,MDOC_DOCUMENT+OCR_HEADER_POSITION,F1D6DF38C956FF2FBF30C665EB678BEDC73541E868C90BBE1914DC39CFC81B74.native.txt,F1D6DF38C956FF2FBF30C665EB678BEDC73541E868C90BBE1914DC39CFC81B74.header.txt,4149,True,OK
F1ED5614878958FA3F8F6FE4EC67586AED7BE453B74BAF85343B51C660276FC5,Z001023266224.pdf,FACTURA,FACTURA,QR_ARCA_STRONG,STRONG_RULE,F-EE08C7103D2458E54189,DEVELOPMENT_DIAGNOSTIC,False,MDOC_DOCUMENT+OCR_HEADER_POSITION,F1ED5614878958FA3F8F6FE4EC67586AED7BE453B74BAF85343B51C660276FC5.native.txt,F1ED5614878958FA3F8F6FE4EC67586AED7BE453B74BAF85343B51C660276FC5.header.txt,2298,True,OK
F20FB9FCF93C82B0A97A7A67BFE6F5483C480F94C937353FCAE85095E78B4D30,Z001023283753.pdf,OTRO_DOCUMENTO,OTRO_DOCUMENTO,QR_ARCA_STRONG,STRONG_RULE,F-319491FEEAF6386D99BD,DEVELOPMENT_DIAGNOSTIC,False,MDOC_DOCUMENT+OCR_HEADER_POSITION,F20FB9FCF93C82B0A97A7A67BFE6F5483C480F94C937353FCAE85095E78B4D30.native.txt,F20FB9FCF93C82B0A97A7A67BFE6F5483C480F94C937353FCAE85095E78B4D30.header.txt,3792,True,OK
F27819BDCE09A908EAE141286E3F96A901693744C5D3E583CA40F3207CB07092,Z001023267253.pdf,FACTURA,FACTURA,QR_ARCA_STRONG,STRONG_RULE,F-3668A88FC20749F1E323,DEVELOPMENT,False,MDOC_DOCUMENT+OCR_HEADER_POSITION,F27819BDCE09A908EAE141286E3F96A901693744C5D3E583CA40F3207CB07092.native.txt,F27819BDCE09A908EAE141286E3F96A901693744C5D3E583CA40F3207CB07092.header.txt,526,True,OK
F31E350293C5EBBC824D100FFFB2E4A84115DC163CBFA5B15223DD440A617090,Z001023366957.pdf,FACTURA,FACTURA,QR_ARCA_STRONG,STRONG_RULE,F-463F5D66BCFC1B95B4F2,DEVELOPMENT,False,MDOC_DOCUMENT+OCR_HEADER_POSITION,F31E350293C5EBBC824D100FFFB2E4A84115DC163CBFA5B15223DD440A617090.native.txt,F31E350293C5EBBC824D100FFFB2E4A84115DC163CBFA5B15223DD440A617090.header.txt,1028,True,OK
F36DDC207A40D81075D8AC15AFEE80E857697E22529B6126925EF8D73DC72A5A,Z001023267201.pdf,FACTURA,FACTURA,OCR_STRONG,STRONG_RULE,F-C4EFEA98CD9D9490E678,DEVELOPMENT,False,MDOC_DOCUMENT+OCR_HEADER_POSITION,F36DDC207A40D81075D8AC15AFEE80E857697E22529B6126925EF8D73DC72A5A.native.txt,F36DDC207A40D81075D8AC15AFEE80E857697E22529B6126925EF8D73DC72A5A.header.txt,3270,True,OK
F3A3A486DF2712665DE56C52AF6656793D2486EDF2AA215E03C56349237419D6,Z001023267806.pdf,FACTURA,FACTURA,QR_ARCA_STRONG,STRONG_RULE,F-FACD83D8B4281A05571A,DEVELOPMENT_DIAGNOSTIC,False,MDOC_DOCUMENT+OCR_HEADER_POSITION,F3A3A486DF2712665DE56C52AF6656793D2486EDF2AA215E03C56349237419D6.native.txt,F3A3A486DF2712665DE56C52AF6656793D2486EDF2AA215E03C56349237419D6.header.txt,4548,True,OK
F443E494D46E40F1F5B004E0BC03FDCF866CA452BA358FAA128DE88FD1A1BFF2,Z001023435309.pdf,FACTURA,FACTURA,QR_ARCA_STRONG,STRONG_RULE,F-FACD83D8B4281A05571A,DEVELOPMENT_DIAGNOSTIC,False,MDOC_DOCUMENT+OCR_HEADER_POSITION,F443E494D46E40F1F5B004E0BC03FDCF866CA452BA358FAA128DE88FD1A1BFF2.native.txt,F443E494D46E40F1F5B004E0BC03FDCF866CA452BA358FAA128DE88FD1A1BFF2.header.txt,4239,True,OK
F48A1CF87F8AE7742A2FE0A5582B1A27A673493A7DA2EDB8A8DADC5D2B77A63D,Z001023242312.pdf,FACTURA,FACTURA,QR_ARCA_STRONG,STRONG_RULE,F-FACD83D8B4281A05571A,DEVELOPMENT_DIAGNOSTIC,True,MDOC_DOCUMENT+OCR_HEADER_POSITION,F48A1CF87F8AE7742A2FE0A5582B1A27A673493A7DA2EDB8A8DADC5D2B77A63D.native.txt,F48A1CF87F8AE7742A2FE0A5582B1A27A673493A7DA2EDB8A8DADC5D2B77A63D.header.txt,1349,True,OK
F5019505DEE4B97949AF2E71B3420E3BE419C11A4BB446365BFC477970DE2BA9,Z001023283894.pdf,FACTURA,FACTURA,QR_ARCA_STRONG,STRONG_RULE,F-463F5D66BCFC1B95B4F2,DEVELOPMENT,False,MDOC_DOCUMENT+OCR_HEADER_POSITION,F5019505DEE4B97949AF2E71B3420E3BE419C11A4BB446365BFC477970DE2BA9.native.txt,F5019505DEE4B97949AF2E71B3420E3BE419C11A4BB446365BFC477970DE2BA9.header.txt,1018,True,OK
F50D614053B0C0D28C26FFE3C5A4E0AE3408C9A201491B4026006E5AF86830BF,Z001023410374.pdf,FACTURA,FACTURA,OCR_STRONG,STRONG_RULE,F-E2627E96B98E9A6575D4,DEVELOPMENT,False,OCR_PRODUCT_FIRST_PAGE,F50D614053B0C0D28C26FFE3C5A4E0AE3408C9A201491B4026006E5AF86830BF.ocr.txt,F50D614053B0C0D28C26FFE3C5A4E0AE3408C9A201491B4026006E5AF86830BF.header.txt,1470,False,OK
F59C802AC4208228045C36181C016950962BB99A00CD60D30068C9B2118271BC,Z001023267823.pdf,FACTURA,FACTURA,QR_ARCA_STRONG,STRONG_RULE,F-FACD83D8B4281A05571A,DEVELOPMENT_DIAGNOSTIC,False,MDOC_DOCUMENT+OCR_HEADER_POSITION,F59C802AC4208228045C36181C016950962BB99A00CD60D30068C9B2118271BC.native.txt,F59C802AC4208228045C36181C016950962BB99A00CD60D30068C9B2118271BC.header.txt,4401,True,OK
F5DB5A730173CF07DE8B6D1C34013C522B15E1124E2B2CB0117753C7086DF8D5,Z001023454517.pdf,FACTURA,FACTURA,OCR_STRONG,STRONG_RULE,F-77F1ACB02A8A219F6BC8,DEVELOPMENT,False,MDOC_DOCUMENT+OCR_HEADER_POSITION,F5DB5A730173CF07DE8B6D1C34013C522B15E1124E2B2CB0117753C7086DF8D5.native.txt,F5DB5A730173CF07DE8B6D1C34013C522B15E1124E2B2CB0117753C7086DF8D5.header.txt,1260,True,OK
F5E3F2CB89A7829ADD137A5CD69F51BA5334263B7A0E5234D3E28FE6AB0EE9E1,Z001023305693.pdf,FACTURA,FACTURA,QR_ARCA_STRONG,STRONG_RULE,F-463F5D66BCFC1B95B4F2,DEVELOPMENT,False,MDOC_DOCUMENT+OCR_HEADER_POSITION,F5E3F2CB89A7829ADD137A5CD69F51BA5334263B7A0E5234D3E28FE6AB0EE9E1.native.txt,F5E3F2CB89A7829ADD137A5CD69F51BA5334263B7A0E5234D3E28FE6AB0EE9E1.header.txt,1138,True,OK
F61C02CEE3AA92440BD42E11C67AA26A3C2C9D34AB7AD8B0E95D7FF7C6FA3D53,Z001023454445.pdf,FACTURA,FACTURA,QR_ARCA_STRONG,STRONG_RULE,F-8FB0C271F20EAB3092AA,DEVELOPMENT,False,MDOC_DOCUMENT+OCR_HEADER_POSITION,F61C02CEE3AA92440BD42E11C67AA26A3C2C9D34AB7AD8B0E95D7FF7C6FA3D53.native.txt,F61C02CEE3AA92440BD42E11C67AA26A3C2C9D34AB7AD8B0E95D7FF7C6FA3D53.header.txt,945,True,OK
F63EFF161E10CF1225DD97065B64D1CA18F46DAE2F95D32106C15810281D8BC8,Z001023478149.pdf,FACTURA,FACTURA,QR_ARCA_STRONG,STRONG_RULE,F-463F5D66BCFC1B95B4F2,DEVELOPMENT,False,MDOC_DOCUMENT+OCR_HEADER_POSITION,F63EFF161E10CF1225DD97065B64D1CA18F46DAE2F95D32106C15810281D8BC8.native.txt,F63EFF161E10CF1225DD97065B64D1CA18F46DAE2F95D32106C15810281D8BC8.header.txt,832,True,OK
F68FFBB0988D213FEDF95E02671C5249BA98E44CC73C48633A144C420E746CCE,Z001023283689.pdf,FACTURA,FACTURA,QR_ARCA_STRONG,STRONG_RULE,F-EE08C7103D2458E54189,DEVELOPMENT_DIAGNOSTIC,False,MDOC_DOCUMENT+OCR_HEADER_POSITION,F68FFBB0988D213FEDF95E02671C5249BA98E44CC73C48633A144C420E746CCE.native.txt,F68FFBB0988D213FEDF95E02671C5249BA98E44CC73C48633A144C420E746CCE.header.txt,1998,True,OK
F6AC68EA31D6263F385CD363C26F1FFFF5ADE73640CA3BD10454220B6CE6CEC4,Z001023422113.pdf,FACTURA,FACTURA,OCR_STRONG,STRONG_RULE,F-B5269576C44B14F588D5,DEVELOPMENT,False,OCR_PRODUCT_FIRST_PAGE,F6AC68EA31D6263F385CD363C26F1FFFF5ADE73640CA3BD10454220B6CE6CEC4.ocr.txt,F6AC68EA31D6263F385CD363C26F1FFFF5ADE73640CA3BD10454220B6CE6CEC4.header.txt,1522,False,OK
F6BD7A6DFD38FA6CC1436A75F1D68C77A0E0921050998B4803E87E4ED14FCD54,Z001023397916.pdf,FACTURA,FACTURA,QR_ARCA_STRONG,STRONG_RULE,F-FACD83D8B4281A05571A,DEVELOPMENT_DIAGNOSTIC,False,MDOC_DOCUMENT+OCR_HEADER_POSITION,F6BD7A6DFD38FA6CC1436A75F1D68C77A0E0921050998B4803E87E4ED14FCD54.native.txt,F6BD7A6DFD38FA6CC1436A75F1D68C77A0E0921050998B4803E87E4ED14FCD54.header.txt,4023,True,OK
F6E6DBE4FEE024C94DDDF78999FDB798300445A5CE72C950DB209353CAF5E7E1,Z001023243746.pdf,FACTURA,FACTURA,QR_ARCA_STRONG,STRONG_RULE,F-FACD83D8B4281A05571A,DEVELOPMENT_DIAGNOSTIC,False,MDOC_DOCUMENT+OCR_HEADER_POSITION,F6E6DBE4FEE024C94DDDF78999FDB798300445A5CE72C950DB209353CAF5E7E1.native.txt,F6E6DBE4FEE024C94DDDF78999FDB798300445A5CE72C950DB209353CAF5E7E1.header.txt,4344,True,OK
F6FE5E4E7DBEFC3BD76AA8082F39320D6E47DF09DFED6C259F5830908418EB7F,Z001023385377.pdf,OTRO_DOCUMENTO,OTRO_DOCUMENTO,QR_ARCA_STRONG,STRONG_RULE,F-19E3E2219E79C363F63F,DEVELOPMENT,False,MDOC_DOCUMENT+OCR_HEADER_POSITION,F6FE5E4E7DBEFC3BD76AA8082F39320D6E47DF09DFED6C259F5830908418EB7F.native.txt,F6FE5E4E7DBEFC3BD76AA8082F39320D6E47DF09DFED6C259F5830908418EB7F.header.txt,5267,True,OK
F725B4229EBD565A5BE6A7ADB42AEA4114D1EAB6002088E2EBD038F51BAB05DE,Z001023397970.pdf,FACTURA,FACTURA,QR_ARCA_STRONG,STRONG_RULE,F-FACD83D8B4281A05571A,DEVELOPMENT_DIAGNOSTIC,False,MDOC_DOCUMENT+OCR_HEADER_POSITION,F725B4229EBD565A5BE6A7ADB42AEA4114D1EAB6002088E2EBD038F51BAB05DE.native.txt,F725B4229EBD565A5BE6A7ADB42AEA4114D1EAB6002088E2EBD038F51BAB05DE.header.txt,4113,True,OK
F7410A2B38FC9DE05D2F5D74DD79C5237FE01A8FA1ED3536844DF21777885ED9,Z001023321068.pdf,FACTURA,FACTURA,QR_ARCA_STRONG,STRONG_RULE,F-6F5CAF1E1AEEB43C5486,DEVELOPMENT_DIAGNOSTIC,False,MDOC_DOCUMENT+OCR_HEADER_POSITION,F7410A2B38FC9DE05D2F5D74DD79C5237FE01A8FA1ED3536844DF21777885ED9.native.txt,F7410A2B38FC9DE05D2F5D74DD79C5237FE01A8FA1ED3536844DF21777885ED9.header.txt,3516,True,OK
F75C4C0B9CB0F5C9DC73516970C0A96A09EDC1141F2EED9968A8CEF0786DA72B,Z001023336383.pdf,FACTURA,FACTURA,QR_ARCA_STRONG,STRONG_RULE,F-EE08C7103D2458E54189,DEVELOPMENT_DIAGNOSTIC,False,MDOC_DOCUMENT+OCR_HEADER_POSITION,F75C4C0B9CB0F5C9DC73516970C0A96A09EDC1141F2EED9968A8CEF0786DA72B.native.txt,F75C4C0B9CB0F5C9DC73516970C0A96A09EDC1141F2EED9968A8CEF0786DA72B.header.txt,2648,True,OK
F75E14D3306E582993E85C486C4085A4238AB020B76AAD0706CF5D2EFBD8711E,Z001023283736.pdf,FACTURA,FACTURA,QR_ARCA_STRONG,STRONG_RULE,F-EE08C7103D2458E54189,DEVELOPMENT_DIAGNOSTIC,False,MDOC_DOCUMENT+OCR_HEADER_POSITION,F75E14D3306E582993E85C486C4085A4238AB020B76AAD0706CF5D2EFBD8711E.native.txt,F75E14D3306E582993E85C486C4085A4238AB020B76AAD0706CF5D2EFBD8711E.header.txt,1892,True,OK
F7C9E186997998C8903EBB0761B5A5B6B2899BFC25A8AB3103635E0B5FA6D2FA,Z001023321843.pdf,FACTURA,FACTURA,QR_ARCA_STRONG,STRONG_RULE,F-463F5D66BCFC1B95B4F2,DEVELOPMENT,False,MDOC_DOCUMENT+OCR_HEADER_POSITION,F7C9E186997998C8903EBB0761B5A5B6B2899BFC25A8AB3103635E0B5FA6D2FA.native.txt,F7C9E186997998C8903EBB0761B5A5B6B2899BFC25A8AB3103635E0B5FA6D2FA.header.txt,1013,True,OK
F7CDB6C9475CEAE90F1F8A67949A0D408B109C75B83F7F5ECCB0271E34450308,Z001023423265.pdf,FACTURA,FACTURA,QR_ARCA_STRONG,STRONG_RULE,F-463F5D66BCFC1B95B4F2,DEVELOPMENT,False,OCR_PRODUCT_FIRST_PAGE,F7CDB6C9475CEAE90F1F8A67949A0D408B109C75B83F7F5ECCB0271E34450308.ocr.txt,F7CDB6C9475CEAE90F1F8A67949A0D408B109C75B83F7F5ECCB0271E34450308.header.txt,883,False,OK
F7CE019C15AA7C975DCFDF582EF7DC4467993E469ACCB5CD34D2CB0119832525,Z001023306037.pdf,FACTURA,FACTURA,QR_ARCA_STRONG,STRONG_RULE,F-EE08C7103D2458E54189,DEVELOPMENT_DIAGNOSTIC,False,MDOC_DOCUMENT+OCR_HEADER_POSITION,F7CE019C15AA7C975DCFDF582EF7DC4467993E469ACCB5CD34D2CB0119832525.native.txt,F7CE019C15AA7C975DCFDF582EF7DC4467993E469ACCB5CD34D2CB0119832525.header.txt,2013,True,OK
F7D4315B0BD34CA0C1F7F00511F6C2555B14BF1E08B0AFBD5C97CBBF1770A623,Z001023466517.pdf,FACTURA,FACTURA,OCR_STRONG,STRONG_RULE,F-52A8D3E535639BC9066E,DEVELOPMENT,False,OCR_PRODUCT_FIRST_PAGE,F7D4315B0BD34CA0C1F7F00511F6C2555B14BF1E08B0AFBD5C97CBBF1770A623.ocr.txt,F7D4315B0BD34CA0C1F7F00511F6C2555B14BF1E08B0AFBD5C97CBBF1770A623.header.txt,1117,False,OK
FAAA10795DFC3ED7953CF7632514C2517B7251C84DE9CAB5E9D400E49971752F,Z001023305871.pdf,FACTURA,FACTURA,QR_ARCA_STRONG,STRONG_RULE,F-463F5D66BCFC1B95B4F2,DEVELOPMENT,False,MDOC_DOCUMENT+OCR_HEADER_POSITION,FAAA10795DFC3ED7953CF7632514C2517B7251C84DE9CAB5E9D400E49971752F.native.txt,FAAA10795DFC3ED7953CF7632514C2517B7251C84DE9CAB5E9D400E49971752F.header.txt,828,True,OK
FB6BEE8F1D8BD758963C91213EA224344D076A9890EAE4D598AB4E5EB97F7FDF,Z001023285094.pdf,FACTURA,FACTURA,QR_ARCA_STRONG,STRONG_RULE,F-6F5CAF1E1AEEB43C5486,DEVELOPMENT_DIAGNOSTIC,False,MDOC_DOCUMENT+OCR_HEADER_POSITION,FB6BEE8F1D8BD758963C91213EA224344D076A9890EAE4D598AB4E5EB97F7FDF.native.txt,FB6BEE8F1D8BD758963C91213EA224344D076A9890EAE4D598AB4E5EB97F7FDF.header.txt,3651,True,OK
FB9793DC94A8178102D75A97E0840E287BDD71D8EA9F9B07588D1582BB3FBB75,Z001023268012.pdf,FACTURA,FACTURA,QR_ARCA_STRONG,STRONG_RULE,F-EE08C7103D2458E54189,DEVELOPMENT_DIAGNOSTIC,False,MDOC_DOCUMENT+OCR_HEADER_POSITION,FB9793DC94A8178102D75A97E0840E287BDD71D8EA9F9B07588D1582BB3FBB75.native.txt,FB9793DC94A8178102D75A97E0840E287BDD71D8EA9F9B07588D1582BB3FBB75.header.txt,1974,True,OK
FBCDA7565A60AAB32926B68591BF2C7A86F408D46DC228AA9E5F98D76ADD8FD2,Z001023306130.pdf,FACTURA,FACTURA,QR_ARCA_STRONG,STRONG_RULE,F-FACD83D8B4281A05571A,DEVELOPMENT_DIAGNOSTIC,False,MDOC_DOCUMENT+OCR_HEADER_POSITION,FBCDA7565A60AAB32926B68591BF2C7A86F408D46DC228AA9E5F98D76ADD8FD2.native.txt,FBCDA7565A60AAB32926B68591BF2C7A86F408D46DC228AA9E5F98D76ADD8FD2.header.txt,4140,True,OK
FC7CAABF0DC37DA0008DAB21CB11879C300FEF215B2B69DCC0BD08081358CCFB,Z001023242802.pdf,FACTURA,FACTURA,QR_ARCA_STRONG,STRONG_RULE,F-EE08C7103D2458E54189,DEVELOPMENT_DIAGNOSTIC,True,MDOC_DOCUMENT+OCR_HEADER_POSITION,FC7CAABF0DC37DA0008DAB21CB11879C300FEF215B2B69DCC0BD08081358CCFB.native.txt,FC7CAABF0DC37DA0008DAB21CB11879C300FEF215B2B69DCC0BD08081358CCFB.header.txt,1996,True,OK
FCB7B5A2F524A16B19B60871079D42D4CF9A5A1C18278052A29B1366095DF71F,Z001023467464.pdf,FACTURA,FACTURA,QR_ARCA_STRONG,STRONG_RULE,F-33B81ED9CE192B1C2F2E,DEVELOPMENT,False,MDOC_DOCUMENT+OCR_HEADER_POSITION,FCB7B5A2F524A16B19B60871079D42D4CF9A5A1C18278052A29B1366095DF71F.native.txt,FCB7B5A2F524A16B19B60871079D42D4CF9A5A1C18278052A29B1366095DF71F.header.txt,643,True,OK
FD0BB6E9BCCBF8A365C21D5CE4ED8EC5D46F7C481770B64BB6007F404847129A,Z001023285093.pdf,FACTURA,FACTURA,QR_ARCA_STRONG,STRONG_RULE,F-6F5CAF1E1AEEB43C5486,DEVELOPMENT_DIAGNOSTIC,False,MDOC_DOCUMENT+OCR_HEADER_POSITION,FD0BB6E9BCCBF8A365C21D5CE4ED8EC5D46F7C481770B64BB6007F404847129A.native.txt,FD0BB6E9BCCBF8A365C21D5CE4ED8EC5D46F7C481770B64BB6007F404847129A.header.txt,3651,True,OK
FD0CE6D589C6F7FAA8B52B70D5AAF02E1683DFF17177426C2EF7C573B32B2998,Z001023385046.pdf,FACTURA,FACTURA,QR_ARCA_STRONG,STRONG_RULE,F-FACD83D8B4281A05571A,DEVELOPMENT_DIAGNOSTIC,False,MDOC_DOCUMENT+OCR_HEADER_POSITION,FD0CE6D589C6F7FAA8B52B70D5AAF02E1683DFF17177426C2EF7C573B32B2998.native.txt,FD0CE6D589C6F7FAA8B52B70D5AAF02E1683DFF17177426C2EF7C573B32B2998.header.txt,4341,True,OK
FD102BB007B1EA3F03EA7765BC8008838DD06D1745B09776C93A4EEE82F296B8,Z001023336277.pdf,FACTURA,FACTURA,QR_ARCA_STRONG,STRONG_RULE,F-FACD83D8B4281A05571A,DEVELOPMENT_DIAGNOSTIC,False,MDOC_DOCUMENT+OCR_HEADER_POSITION,FD102BB007B1EA3F03EA7765BC8008838DD06D1745B09776C93A4EEE82F296B8.native.txt,FD102BB007B1EA3F03EA7765BC8008838DD06D1745B09776C93A4EEE82F296B8.header.txt,4410,True,OK
FD719D239382ED1035085A73A2D28E113F954055440BA249D36B363204CA6DDC,Z001023385278.pdf,FACTURA,FACTURA,QR_ARCA_STRONG,STRONG_RULE,F-6F5CAF1E1AEEB43C5486,DEVELOPMENT_DIAGNOSTIC,False,MDOC_DOCUMENT+OCR_HEADER_POSITION,FD719D239382ED1035085A73A2D28E113F954055440BA249D36B363204CA6DDC.native.txt,FD719D239382ED1035085A73A2D28E113F954055440BA249D36B363204CA6DDC.header.txt,3870,True,OK
FDCDEAAD3737F44D2E52B6D87E7BB584722551A7E913238841FF96D33A7FFE64,Z001023398838.pdf,FACTURA,FACTURA,QR_ARCA_STRONG,STRONG_RULE,F-6F5CAF1E1AEEB43C5486,DEVELOPMENT_DIAGNOSTIC,False,MDOC_DOCUMENT+OCR_HEADER_POSITION,FDCDEAAD3737F44D2E52B6D87E7BB584722551A7E913238841FF96D33A7FFE64.native.txt,FDCDEAAD3737F44D2E52B6D87E7BB584722551A7E913238841FF96D33A7FFE64.header.txt,3687,True,OK
FDE1A18CA6E3D15C240BDE66DDD0ABE57C2F69E300A0AD72B135608E83DFBC49,Z001023306131.pdf,FACTURA,FACTURA,QR_ARCA_STRONG,STRONG_RULE,F-463F5D66BCFC1B95B4F2,DEVELOPMENT,False,MDOC_DOCUMENT+OCR_HEADER_POSITION,FDE1A18CA6E3D15C240BDE66DDD0ABE57C2F69E300A0AD72B135608E83DFBC49.native.txt,FDE1A18CA6E3D15C240BDE66DDD0ABE57C2F69E300A0AD72B135608E83DFBC49.header.txt,846,True,OK
FDE2B1FCF8B3FCE9029D2A8D67D1D027ECA73F1CE24428A1203C942699F501B4,Z001023351295.pdf,FACTURA,FACTURA,QR_ARCA_STRONG,STRONG_RULE,F-463F5D66BCFC1B95B4F2,DEVELOPMENT,False,OCR_PRODUCT_FIRST_PAGE,FDE2B1FCF8B3FCE9029D2A8D67D1D027ECA73F1CE24428A1203C942699F501B4.ocr.txt,FDE2B1FCF8B3FCE9029D2A8D67D1D027ECA73F1CE24428A1203C942699F501B4.header.txt,951,False,OK
FDE622A3433BE4D10FEA9E811DD12C8E4558F08219F6CF1BF974F698D2735C69,Z001023454442.pdf,FACTURA,FACTURA,QR_ARCA_STRONG,STRONG_RULE,F-C04B37B1724168DE2084,DEVELOPMENT,False,MDOC_DOCUMENT+OCR_HEADER_POSITION,FDE622A3433BE4D10FEA9E811DD12C8E4558F08219F6CF1BF974F698D2735C69.native.txt,FDE622A3433BE4D10FEA9E811DD12C8E4558F08219F6CF1BF974F698D2735C69.header.txt,2680,True,OK
FDF0C9EACBFA6ADCDD4D8E651C451A9CDD65DBF7E8628426FA9C87F73F978DBD,Z001023454408.pdf,OTRO_DOCUMENTO,OTRO_DOCUMENTO,QR_ARCA_STRONG,STRONG_RULE,F-319491FEEAF6386D99BD,DEVELOPMENT_DIAGNOSTIC,False,MDOC_DOCUMENT+OCR_HEADER_POSITION,FDF0C9EACBFA6ADCDD4D8E651C451A9CDD65DBF7E8628426FA9C87F73F978DBD.native.txt,FDF0C9EACBFA6ADCDD4D8E651C451A9CDD65DBF7E8628426FA9C87F73F978DBD.header.txt,3351,True,OK
FE56C5F0D519D9084CA60878C88E88C121CA77BD55C9A438401793C2D6B46597,Z001023266867.pdf,FACTURA,FACTURA,QR_ARCA_STRONG,STRONG_RULE,F-DB7766FFE78E622516F9,DEVELOPMENT,False,MDOC_DOCUMENT+OCR_HEADER_POSITION,FE56C5F0D519D9084CA60878C88E88C121CA77BD55C9A438401793C2D6B46597.native.txt,FE56C5F0D519D9084CA60878C88E88C121CA77BD55C9A438401793C2D6B46597.header.txt,1242,True,OK
FE6DD8A436FECC831B72D6EEE3E06DA7DEFD15DDB4CF19A2388187D93D5E8914,Z001023454946.pdf,FACTURA,FACTURA,PDF_TEXT_STRONG,STRONG_RULE,F-A6E816EB9E43FECB1ACB,DEVELOPMENT,False,MDOC_DOCUMENT+OCR_HEADER_POSITION,FE6DD8A436FECC831B72D6EEE3E06DA7DEFD15DDB4CF19A2388187D93D5E8914.native.txt,FE6DD8A436FECC831B72D6EEE3E06DA7DEFD15DDB4CF19A2388187D93D5E8914.header.txt,1553,True,OK
FEE0DCEE07817A24C8E345D3710B243B72CC2A4A160CF256A18804E4FFCE8E83,Z001023243370.pdf,FACTURA,FACTURA,QR_ARCA_STRONG,STRONG_RULE,F-DC0A2053B5A530D4C5EF,DEVELOPMENT_DIAGNOSTIC,True,MDOC_DOCUMENT+OCR_HEADER_POSITION,FEE0DCEE07817A24C8E345D3710B243B72CC2A4A160CF256A18804E4FFCE8E83.native.txt,FEE0DCEE07817A24C8E345D3710B243B72CC2A4A160CF256A18804E4FFCE8E83.header.txt,3186,True,OK
FEF50B26E0EABF3B4D805C219F18D4B4952805C3E1426AAC76B536A9EE0B8538,Z001023283881.pdf,OTRO_DOCUMENTO,NOTA_CREDITO,QR_ARCA_STRONG,STRONG_RULE,F-2225E7482E0C1A2CF093,DEVELOPMENT_DIAGNOSTIC,False,MDOC_DOCUMENT+OCR_HEADER_POSITION,FEF50B26E0EABF3B4D805C219F18D4B4952805C3E1426AAC76B536A9EE0B8538.native.txt,FEF50B26E0EABF3B4D805C219F18D4B4952805C3E1426AAC76B536A9EE0B8538.header.txt,1408,True,OK
FF045409E4708976F60CFA2E5A97D7A99302672D09D4EFB989C13B04774ADCEF,Z001023455127.pdf,OTRO_DOCUMENTO,OTRO_DOCUMENTO,QR_ARCA_STRONG,STRONG_RULE,F-FACD83D8B4281A05571A,DEVELOPMENT_DIAGNOSTIC,False,MDOC_DOCUMENT+OCR_HEADER_POSITION,FF045409E4708976F60CFA2E5A97D7A99302672D09D4EFB989C13B04774ADCEF.native.txt,FF045409E4708976F60CFA2E5A97D7A99302672D09D4EFB989C13B04774ADCEF.header.txt,4383,True,OK
FF43565801C01262106827D1A3294DC8FABE7E49F326193BB924678EA8833D59,Z001023367213.pdf,FACTURA,FACTURA,PDF_TEXT_STRONG,STRONG_RULE,F-3BA8B67ACD3C697FA8AD,DEVELOPMENT,False,MDOC_DOCUMENT+OCR_HEADER_POSITION,FF43565801C01262106827D1A3294DC8FABE7E49F326193BB924678EA8833D59.native.txt,FF43565801C01262106827D1A3294DC8FABE7E49F326193BB924678EA8833D59.header.txt,1380,True,OK
FF477AE4BDC128E02DCC79434A90D0F9F247A51A83F65655F76A4F4430B60853,Z001023320990.pdf,FACTURA,FACTURA,QR_ARCA_STRONG,STRONG_RULE,F-19DFBD73F91E34BD601B,DEVELOPMENT,False,MDOC_DOCUMENT+OCR_HEADER_POSITION,FF477AE4BDC128E02DCC79434A90D0F9F247A51A83F65655F76A4F4430B60853.native.txt,FF477AE4BDC128E02DCC79434A90D0F9F247A51A83F65655F76A4F4430B60853.header.txt,5586,True,OK
FF8A0539D9B1410CF169E263973F187525B9B6918594943D2AA56275F3E2A8F0,Z001023305687.pdf,FACTURA,FACTURA,OCR_STRONG,STRONG_RULE,F-463F5D66BCFC1B95B4F2,DEVELOPMENT,False,MDOC_DOCUMENT+OCR_HEADER_POSITION,FF8A0539D9B1410CF169E263973F187525B9B6918594943D2AA56275F3E2A8F0.native.txt,FF8A0539D9B1410CF169E263973F187525B9B6918594943D2AA56275F3E2A8F0.header.txt,844,True,OK
FF9B0AF18147938FF023F9B6CB62B31B38FFCC33B27FD1496A1073935FC0BA00,Z001023467513.pdf,FACTURA,FACTURA,OCR_STRONG,STRONG_RULE,F-42C5622A9D25DE95FE79,DEVELOPMENT,False,OCR_PRODUCT_FIRST_PAGE,FF9B0AF18147938FF023F9B6CB62B31B38FFCC33B27FD1496A1073935FC0BA00.ocr.txt,FF9B0AF18147938FF023F9B6CB62B31B38FFCC33B27FD1496A1073935FC0BA00.header.txt,1473,False,OK
FFBC84F8D220A03D34648EAFC0E9441B5AD9267065AD40A4E0C7CBB48D4F977D,Z001023385298.pdf,FACTURA,FACTURA,QR_ARCA_STRONG,STRONG_RULE,F-FACD83D8B4281A05571A,DEVELOPMENT_DIAGNOSTIC,False,MDOC_DOCUMENT+OCR_HEADER_POSITION,FFBC84F8D220A03D34648EAFC0E9441B5AD9267065AD40A4E0C7CBB48D4F977D.native.txt,FFBC84F8D220A03D34648EAFC0E9441B5AD9267065AD40A4E0C7CBB48D4F977D.header.txt,4374,True,OK
FFC223740A59AAC2F4D9E71E5A2799843D2F7674B96B265B21668F6D9F84A32D,Z001023365934.pdf,FACTURA,FACTURA,QR_ARCA_STRONG,STRONG_RULE,F-EE08C7103D2458E54189,DEVELOPMENT_DIAGNOSTIC,False,MDOC_DOCUMENT+OCR_HEADER_POSITION,FFC223740A59AAC2F4D9E71E5A2799843D2F7674B96B265B21668F6D9F84A32D.native.txt,FFC223740A59AAC2F4D9E71E5A2799843D2F7674B96B265B21668F6D9F84A32D.header.txt,1997,True,OK
