Sha256,FileName,LabelFinal,FamilyId,LabelSource,Fold,Header_PFactura,Header_Prediction,Header_Error,Text_PFactura,Text_Prediction,Text_Error,InferenceStatus,Error
002865257C71829F722158FBCEDB282C220108C3B1CE07E08876E80BAEEA8EB2,Z001023305689.pdf,FACTURA,F-EE08C7103D2458E54189,QR_ARCA_STRONG,0,0.26424267888069153,OTRO_DOCUMENTO,True,0.8003624999087858,FACTURA,False,OK,
00A887F58DB25495DFDE02D1BD1530CE321427ECC08F8EF1E62853BF1C219A6C,Z001023321635.pdf,FACTURA,F-FACD83D8B4281A05571A,QR_ARCA_STRONG,1,0.9382703304290771,FACTURA,False,0.752723233552796,FACTURA,False,OK,
010343D4BCC6C1DB12C1129F149212B97C69C10242840BC5A303CC7B4AA87BAF,Z001023242961.pdf,FACTURA,F-EE08C7103D2458E54189,QR_ARCA_STRONG,0,0.6989077925682068,FACTURA,False,0.7771698400942584,FACTURA,False,OK,
014E2ED703E7699D11564EA3DA8C3C759890653A8AA43818519F760562AAD8E9,Z001023267244.pdf,FACTURA,F-41390C2275426E0851C1,QR_ARCA_STRONG,3,0.9990678429603577,FACTURA,False,0.6916531839740243,FACTURA,False,OK,
01CD21BA921CF3E5B71026D0B35F0455C59E2D2B5B1FCC67BBF6E18173662A57,Z001023284243.pdf,FACTURA,F-17D8887E1AFD322C7FBE,QR_ARCA_STRONG,3,0.930317223072052,FACTURA,False,0.7409652075536503,FACTURA,False,OK,
02481C9D2568B71F8E7C312C9750A2574BBC113DA725E94DF93185829AC84A79,Z001023320988.pdf,FACTURA,F-BD443D8161F24BFCB109,PDF_TEXT_STRONG,3,0.9728807806968689,FACTURA,False,0.6782622747587388,FACTURA,False,OK,
02656E7BEACD36FF1D29B09DB3B935C87A2031DBB0AC01CB7FB6EF3190A013A9,Z001023397871.pdf,FACTURA,F-463F5D66BCFC1B95B4F2,QR_ARCA_STRONG,3,0.9870201349258423,FACTURA,False,0.7991053631577739,FACTURA,False,OK,
029212DC679C033902FE2CC264F3CAB6C223BB8366CB0FE8E61BF5329E85FACE,Z001023338079.pdf,FACTURA,F-FACD83D8B4281A05571A,QR_ARCA_STRONG,1,0.9101583361625671,FACTURA,False,0.7402814787066506,FACTURA,False,OK,
02E98A8346DE804B23DEB7F869E8DA197E5631C1064A63EA74D3C0B0218FFB06,Z001023242297.pdf,FACTURA,F-49A5021ADC5A10C6DAE9,QR_ARCA_STRONG,1,0.9539783000946045,FACTURA,False,0.7967812454601594,FACTURA,False,OK,
030110C4EECAD8AD99A6AD1A53873B11A63BAD1F04245E5725E05682FCC5D4AA,Z001023397962.pdf,FACTURA,F-FACD83D8B4281A05571A,QR_ARCA_STRONG,1,0.9307959675788879,FACTURA,False,0.7101135611091506,FACTURA,False,OK,
030126CE7D614353FF03F90C126B6D2C3746D913B36523810DF4F1B51326D882,Z001023242608.pdf,FACTURA,F-EE08C7103D2458E54189,EXISTING_GROUND_TRUTH,0,0.4269453287124634,OTRO_DOCUMENTO,True,0.7542188223164084,FACTURA,False,OK,
0364B3022336297D63A30D703615CB3CC76DF8649C864FC2E6DC9CC55D955996,Z001023435320.pdf,FACTURA,F-0DDB74E82CF65D655CE7,QR_ARCA_STRONG,2,0.9413600564002991,FACTURA,False,0.7518918293048087,FACTURA,False,OK,
038C8E13A29FF718AF15161F5E1623E16F4735509EBC827CBF80A30555FC05DB,Z001023422115.pdf,FACTURA,F-463F5D66BCFC1B95B4F2,QR_ARCA_STRONG,3,0.9857849478721619,FACTURA,False,0.7846515076576188,FACTURA,False,OK,
03B39A26667D7005B31BEF5DCA9F294FCC45452CA0D45BA06D78BF8CE5E16133,Z001023283786.pdf,FACTURA,F-9A735258044E0AA042F4,OCR_STRONG,0,0.8267195820808411,FACTURA,False,0.7410060879339475,FACTURA,False,OK,
03CFBE47B1C87BEFC324BB99462C1A6722B7E29C5EB61D17AE8AB0C4A60F5AF3,Z001023397760.pdf,OTRO_DOCUMENTO,F-FACD83D8B4281A05571A,QR_ARCA_STRONG,1,0.8848317861557007,FACTURA,True,0.5447376982077616,FACTURA,True,OK,
0405379635CC5D80EAFD03FE53704B24D220C6EFBD7EB0C7A1B8908D312819DF,Z001023267802.pdf,FACTURA,F-FACD83D8B4281A05571A,QR_ARCA_STRONG,1,0.9127000570297241,FACTURA,False,0.6797721414841835,FACTURA,False,OK,
042267BB5BA6B2EF3DEB81E10F9D0DF556DA96E723BEE7A42CA1F5AB41E0B13E,Z001023321071.pdf,FACTURA,F-FACD83D8B4281A05571A,QR_ARCA_STRONG,1,0.921595573425293,FACTURA,False,0.7284434684527588,FACTURA,False,OK,
0431F3F0FA33A87F05475A197FA40165963F462ADD5E0D0F14743141B23F8ECF,Z001023285092.pdf,FACTURA,F-6F5CAF1E1AEEB43C5486,QR_ARCA_STRONG,2,0.4849051535129547,OTRO_DOCUMENTO,True,0.7544353636116625,FACTURA,False,OK,
0433389975EC3550CE85ABFB0C93FCD6D66B39F406A635F2A1B7ECFDAD2ACEE3,Z001023243743.pdf,FACTURA,F-EE08C7103D2458E54189,QR_ARCA_STRONG,0,0.7466781139373779,FACTURA,False,0.8040154232047053,FACTURA,False,OK,
045C94F468347D76A752B35C9E1104694E4AD501AE20C72D76DEF8E399357D50,Z001023349833.pdf,FACTURA,F-EDBFE59229E8571451DD,QR_ARCA_STRONG,2,0.9675874710083008,FACTURA,False,0.7551065516923054,FACTURA,False,OK,
04644AFCA0FD83E0BA9F4699895C76D10FBDBA2FE57B9695DC20E8D7B05F23B9,Z001023467444.pdf,FACTURA,F-6F5CAF1E1AEEB43C5486,QR_ARCA_STRONG,2,0.47051188349723816,OTRO_DOCUMENTO,True,0.7162933739955062,FACTURA,False,OK,
04D2A6C50B9B35D2F7E917B6E3A9B8329EE86DAD2FB2D5042D6BB4040B213ABA,Z001023243462.pdf,FACTURA,F-FACD83D8B4281A05571A,QR_ARCA_STRONG,1,0.9012099504470825,FACTURA,False,0.748982528643231,FACTURA,False,OK,
0502FD9BDC978A9DB273A734BD4392467FCD7002B2033F73814CA959A4092E48,Z001023321087.pdf,FACTURA,F-2536699D670C4BE35026,QR_ARCA_STRONG,0,0.9951382875442505,FACTURA,False,0.7945361711507081,FACTURA,False,OK,
056F2DBFB04063C3907953A9FA896F379670BFB843A6C1C8D08A4A79E784AF5C,Z001023243328.pdf,FACTURA,F-FACD83D8B4281A05571A,QR_ARCA_STRONG,1,0.9340077042579651,FACTURA,False,0.7809144493340439,FACTURA,False,OK,
05C329DF72080120239DE88AA85E91D6F089D1DAA1A7F59B8E53C60752CF1D47,Z001023284042.pdf,OTRO_DOCUMENTO,F-FACD83D8B4281A05571A,QR_ARCA_STRONG,1,0.8515492081642151,FACTURA,True,0.39412571915853806,OTRO_DOCUMENTO,False,OK,
062D404B15F77BA8C0EABD59CB6BF2C7D319E561D80F744178F01EB08514EDCC,Z001023466256.pdf,FACTURA,F-EE08C7103D2458E54189,QR_ARCA_STRONG,0,0.736217737197876,FACTURA,False,0.7862091172669735,FACTURA,False,OK,
0694B850140E5FB7BFAECB0AE25445A17058A3081747D666726EF30BF5AA1CB8,Z001023336346.pdf,FACTURA,F-463F5D66BCFC1B95B4F2,QR_ARCA_STRONG,3,0.9939088821411133,FACTURA,False,0.7920654430234205,FACTURA,False,OK,
06A4E618722CC20B0791DAAF476CDE38E7C997F9619E99E853204E29184B3E6B,Z001023478160.pdf,FACTURA,F-FACD83D8B4281A05571A,QR_ARCA_STRONG,1,0.9236252307891846,FACTURA,False,0.7566306507529322,FACTURA,False,OK,
06A69148F4DA1D7AED723E4EFD8016E4BF83803969862E721D1E7269E9FB7641,Z001023465957.pdf,FACTURA,F-A8BC10D011EB3739972C,QR_ARCA_STRONG,2,0.8077874779701233,FACTURA,False,0.7428373811857083,FACTURA,False,OK,
06C5E77F317271A5B21E226962240E9CECAA20BB4DF5B73BBEE18511EE01C7CE,Z001023466926.pdf,FACTURA,F-D1F6DC156677842D2070,QR_ARCA_STRONG,2,0.9913145899772644,FACTURA,False,0.7931140237236449,FACTURA,False,OK,
06F44D4A2E6F166F80269454C61462854CB02A1D7D136FAA54492E0630A88ABA,Z001023422175.pdf,FACTURA,F-FACD83D8B4281A05571A,QR_ARCA_STRONG,1,0.9235450029373169,FACTURA,False,0.699337304598872,FACTURA,False,OK,
06FAF6983BF7BBDCDCB270264CB68197C6D4C8EDA17F598D41B73C422360B1FD,Z001023320994.pdf,FACTURA,F-491E72C9A59BCFB7F91A,OCR_STRONG,3,0.9983861446380615,FACTURA,False,0.7265966980733475,FACTURA,False,OK,
072B001D7FDCB00B166EE67FDDEE8BE382F3BA7FB76113DE6F258CAC2DEDFF3E,Z001023466513.pdf,FACTURA,F-52A8D3E535639BC9066E,OCR_STRONG,2,0.928679347038269,FACTURA,False,0.694840755482541,FACTURA,False,OK,
0846CFEBEEDC318DCF892BDB073260F2B9D11DE1DBAD19523CC213629641A43C,Z001023349977.pdf,FACTURA,F-FACD83D8B4281A05571A,QR_ARCA_STRONG,1,0.8742899298667908,FACTURA,False,0.6739908479259286,FACTURA,False,OK,
086C3868153984B80A9CF8E533AE3DD3D9A1E3AA0CC74EECF32A469E89112AFD,Z001023320981.pdf,FACTURA,F-FACD83D8B4281A05571A,QR_ARCA_STRONG,1,0.354945570230484,OTRO_DOCUMENTO,True,0.7162445861970456,FACTURA,False,OK,
087EA4366E3106496DA6B0BC81253540CE32BCC41D32F4556B269A17734EA995,Z001023321000.pdf,FACTURA,F-463F5D66BCFC1B95B4F2,QR_ARCA_STRONG,3,0.918141782283783,FACTURA,False,0.7996464705738336,FACTURA,False,OK,
08D4415DD3DD5F35A1D0E2243FE7197C8894DC3F408F5C6241D2C12EA5EF3144,Z001023305669.pdf,FACTURA,F-463F5D66BCFC1B95B4F2,QR_ARCA_STRONG,3,0.9923944473266602,FACTURA,False,0.7154752680542014,FACTURA,False,OK,
08EEB31E5FEA01CB1869C83A1C0AC14004D08320B9D98369B045EAFB33798242,Z001023266223.pdf,FACTURA,F-EE08C7103D2458E54189,QR_ARCA_STRONG,0,0.38915589451789856,OTRO_DOCUMENTO,True,0.7892257858731063,FACTURA,False,OK,
092FC946D76F08809B4F70D8392FAD226E023A06ADE2E2D83DB28C2843BED2F2,Z001023267334.pdf,FACTURA,F-EE08C7103D2458E54189,QR_ARCA_STRONG,0,0.6814014315605164,FACTURA,False,0.7819556464264333,FACTURA,False,OK,
0990D2942702442C2BAFC4B137B74346C4F7BEC3364E39EE95DACE83104DDD74,Z001023422277.pdf,FACTURA,F-239031FB24D11A1289E7,PDF_TEXT_STRONG,3,0.7139691710472107,FACTURA,False,0.7571447217113708,FACTURA,False,OK,
099CD04D4D313E7B125EE36BE7A592FAE24935F39860457A2663B17850A7A024,Z001023305711.pdf,FACTURA,F-463F5D66BCFC1B95B4F2,QR_ARCA_STRONG,3,0.9805072546005249,FACTURA,False,0.6937906213816447,FACTURA,False,OK,
09BA9B13C67BBB69B0C9194C5E68E80D92DE3F0D572EEB90223E1DFDA26B67E7,Z001023321062.pdf,FACTURA,F-78FBBC0583221AAC5789,QR_ARCA_STRONG,2,0.7839542627334595,FACTURA,False,0.7374689003835968,FACTURA,False,OK,
09CB14F715B5C41BB9EF57C4DB54A53397E380B9647D9DF3125089BF05529B3D,Z001023266243.pdf,FACTURA,F-77DF7B7AF18627AF7CC8,QR_ARCA_STRONG,2,0.3450986444950104,OTRO_DOCUMENTO,True,0.7934392709709764,FACTURA,False,OK,
09EA12AF37DBD01DE88FE904C33AE8D4A1774A3846F51D7C6A5F8C4B38EEC563,Z001023422338.pdf,FACTURA,F-FACD83D8B4281A05571A,QR_ARCA_STRONG,1,0.9258795976638794,FACTURA,False,0.7341499739428281,FACTURA,False,OK,
09F5F33D7AF68E713FCEBDED31CFDA8867C3B5839C983013AC4F4A3B4C64EADA,Z001023242370.pdf,FACTURA,F-EE08C7103D2458E54189,QR_ARCA_STRONG,0,0.6717286705970764,FACTURA,False,0.8108908635368098,FACTURA,False,OK,
0A0BE06602247C93290462DF94D533A35AAAF17CD8935188A9804FC6F3805C73,Z001023336432.pdf,FACTURA,F-EE08C7103D2458E54189,QR_ARCA_STRONG,0,0.5858438014984131,FACTURA,False,0.7721438907225856,FACTURA,False,OK,
0AB443B8A71B5F8C9B777E07D78DD56EC3BBE75E0256202DD5FADA760E576D9E,Z001023467445.pdf,FACTURA,F-6F5CAF1E1AEEB43C5486,QR_ARCA_STRONG,2,0.3987870514392853,OTRO_DOCUMENTO,True,0.6983117723068749,FACTURA,False,OK,
0AFAE9C55C04A213F0388C634CABAEEA4C9A02686A7B1F8D6CAEF6585DCD3498,Z001023385697.pdf,FACTURA,F-6F5CAF1E1AEEB43C5486,QR_ARCA_STRONG,2,0.3368235230445862,OTRO_DOCUMENTO,True,0.7463253979126712,FACTURA,False,OK,
0B37339859B57A9C2AC42C87C0DF2B011049680AE88FE16FF6E3274F8C264E20,Z001023242331.pdf,FACTURA,F-EE08C7103D2458E54189,QR_ARCA_STRONG,0,0.515198826789856,FACTURA,False,0.7692343123520189,FACTURA,False,OK,
0BCB4FA93CF649F724DA354451FE75CADFBA4E2BE6B7A32C41D4D5A40B6500B0,Z001023284545.pdf,FACTURA,F-463F5D66BCFC1B95B4F2,QR_ARCA_STRONG,3,0.9894484281539917,FACTURA,False,0.7128517673521277,FACTURA,False,OK,
0BE39898903E624AD3D7957D864B44D6D84B895CE4C0B29042FB99AD5B6A2CFA,Z001023242558.pdf,FACTURA,F-6F5CAF1E1AEEB43C5486,QR_ARCA_STRONG,2,0.6445515751838684,FACTURA,False,0.7622717081495394,FACTURA,False,OK,
0D03C0C9105F3C3452B28F233E73D2389FECD8D0774EF2113973DCBAD9E3FA31,Z001023242371.pdf,FACTURA,F-EE08C7103D2458E54189,QR_ARCA_STRONG,0,0.7213791012763977,FACTURA,False,0.7447796314398845,FACTURA,False,OK,
0D70848C8EA89E4E7A023B53FAAC0A2C6BE60CA305D26DB1FB3C56B832D88199,Z001023321898.pdf,FACTURA,F-EE08C7103D2458E54189,QR_ARCA_STRONG,0,0.6974825263023376,FACTURA,False,0.7735315454029641,FACTURA,False,OK,
0DB5D3275144FC50576194C8BE14F91BC04EF15CB58334D123857D8A15200121,Z001023337691.pdf,FACTURA,F-EE08C7103D2458E54189,QR_ARCA_STRONG,0,0.40448543429374695,OTRO_DOCUMENTO,True,0.3922603303254663,OTRO_DOCUMENTO,True,OK,
0DBD0D5EFF4F30AACEF8C537FBAE56A22A835E1F94365D0505C57A282B504272,Z001023268089.pdf,FACTURA,F-A1CDEA5EA1B02B4F87C8,QR_ARCA_STRONG,2,0.910345196723938,FACTURA,False,0.7787955923572429,FACTURA,False,OK,
0DDD4740926665B1F2CA1C85C2F251ECBDC8D72EA9155909898B72928455C029,Z001023242332.pdf,FACTURA,F-EE08C7103D2458E54189,QR_ARCA_STRONG,0,0.20085738599300385,OTRO_DOCUMENTO,True,0.7806933845590177,FACTURA,False,OK,
0DF43C24EE1C884E4D39EA52799AF8AC28734D207C295A02C543F7E84C2C5546,Z001023266865.pdf,FACTURA,F-EE08C7103D2458E54189,QR_ARCA_STRONG,0,0.6358878016471863,FACTURA,False,0.7788130433277658,FACTURA,False,OK,
0EA83AC8EB655DEA62FEAFEB9AA0E382503A8BAE3EE20782767D39071CB570D8,Z001023266214.pdf,FACTURA,F-73AB37D8D5F65AA437FE,OCR_STRONG,3,0.9817127585411072,FACTURA,False,0.7764231808006237,FACTURA,False,OK,
0EC7A08B7BBAC6CA90E6285FD8B309A999A6B529D7F2E7589C6DF6C18360817D,Z001023268106.pdf,FACTURA,F-FACD83D8B4281A05571A,QR_ARCA_STRONG,1,0.9359037280082703,FACTURA,False,0.7501497677725109,FACTURA,False,OK,
0F17FC399AEC8157D02B8E78678720A018C8ABE168EF482D47520D265F142E71,Z001023321405.pdf,FACTURA,F-FACD83D8B4281A05571A,QR_ARCA_STRONG,1,0.9323341846466064,FACTURA,False,0.7379317256981726,FACTURA,False,OK,
0FE177F6CD750D418803C35068F43884010AD341C152821186CE237C10EB4CA4,Z001023321160.pdf,FACTURA,F-EFBDDAECA8EF315C1DDB,QR_ARCA_STRONG,3,0.8209912776947021,FACTURA,False,0.7878753710332317,FACTURA,False,OK,
1015512E6F7CD4C5A4FC33C2AF6C359994ED5197589848BA4C7E5CD9F1F956B6,Z001023283874.pdf,FACTURA,F-EE08C7103D2458E54189,QR_ARCA_STRONG,0,0.7315331697463989,FACTURA,False,0.7876615601228528,FACTURA,False,OK,
10191891313269319E0D3C05BAFEE13282C40FD6B8BE77F890B623E757032F66,Z001023466582.pdf,FACTURA,F-463F5D66BCFC1B95B4F2,QR_ARCA_STRONG,3,0.9931187629699707,FACTURA,False,0.7266058275383852,FACTURA,False,OK,
106447D8042022E7A7E537E2F456DA614B64B7F191C70E08B6E6C5335ED5C164,Z001023350340.pdf,FACTURA,F-DCC01CD6C3861C7E4C3E,OCR_STRONG,3,0.9366153478622437,FACTURA,False,0.7599387186030282,FACTURA,False,OK,
1070D74119877C31496D76A77F5B15F0608CB4054729C553008B3AC97A34E774,Z001023422289.pdf,FACTURA,F-3011CA8E0F20D09184FC,OCR_STRONG,2,0.9669803977012634,FACTURA,False,0.7483743857402435,FACTURA,False,OK,
10D1AFC979D966B39B92E799719AD44B93945894927B122A3BCE79C3126B9413,Z001023423311.pdf,OTRO_DOCUMENTO,F-22D8B0B2BC197D116017,QR_ARCA_STRONG,3,0.8761290311813354,FACTURA,True,0.6948977269131075,FACTURA,True,OK,
10E67A94D76020372663F84AB23B4EF053A69FEF47465E0EB3C8E0DDCAABACF9,Z001023366861.pdf,FACTURA,F-FACD83D8B4281A05571A,QR_ARCA_STRONG,1,0.8846525549888611,FACTURA,False,0.6009464947066901,FACTURA,False,OK,
1145C2EBBA8BCA114C2D4FC9C75D25C49023A274E91AA55BA25D3C6C9FF20DF8,Z001023267243.pdf,FACTURA,F-FACD83D8B4281A05571A,QR_ARCA_STRONG,1,0.915501058101654,FACTURA,False,0.7535414789387266,FACTURA,False,OK,
1159CA6B7C557BD08C99E82E1CD56A2CC1FE32763083DA0FF63B4B9B8FC13188,Z001023305806.pdf,FACTURA,F-FACD83D8B4281A05571A,QR_ARCA_STRONG,1,0.8964438438415527,FACTURA,False,0.6808903881806736,FACTURA,False,OK,
11E13B5C2625E4A99DF02BA77E51E0FF80A412F0891560027A439C52B2E2F1DB,Z001023266866.pdf,FACTURA,F-EE08C7103D2458E54189,QR_ARCA_STRONG,0,0.5897596478462219,FACTURA,False,0.7645010919114983,FACTURA,False,OK,
123AAD179BE2ED44C1896B2F0972BA3A001D1258B084B8A1FE069BC1ACB1FF14,Z001023283866.pdf,FACTURA,F-4282D891EC4146496CC2,QR_ARCA_STRONG,3,0.9925164580345154,FACTURA,False,0.8321713443987608,FACTURA,False,OK,
123DEAB253005D37733D22992D564C0DD27E284E2FE7447FBFB662F5CABB4F78,Z001023266874.pdf,FACTURA,F-FACD83D8B4281A05571A,QR_ARCA_STRONG,1,0.9391637444496155,FACTURA,False,0.7499529931216932,FACTURA,False,OK,
1263E1D96CCC2DC62B7B63FA6BE11310C0BA2C6C480F0DD97CC90CBE48E713FA,Z001023306665.pdf,FACTURA,F-134A9F49858D4BF94062,OCR_STRONG,1,0.9882405996322632,FACTURA,False,0.7539381716552329,FACTURA,False,OK,
12A06FB638C41A396A7D0795E2B9EA77B86474B203529001B612EC9895E84BC7,Z001023410359.pdf,FACTURA,F-5213D0B5BE521925EA95,OCR_STRONG,2,0.8758431673049927,FACTURA,False,0.6678421306232544,FACTURA,False,OK,
14381C127DC5AC3853B4712213EAB4470DD2A21AEFD09D12626E70E430315305,Z001023242877.pdf,FACTURA,F-EE08C7103D2458E54189,QR_ARCA_STRONG,0,0.5755287408828735,FACTURA,False,0.8026698402809509,FACTURA,False,OK,
14888ABF52C795CD9248EFA6B5AD5883B0C2EDEE3B11EDC68A2B534DF582EA6C,Z001023266862.pdf,FACTURA,F-EE08C7103D2458E54189,QR_ARCA_STRONG,0,0.6730353832244873,FACTURA,False,0.7873256833537057,FACTURA,False,OK,
14A75A878D1C46176EA9AB48865A6D723CE20D76A39D0BAAD77767EAD1EC2DD1,Z001023423283.pdf,OTRO_DOCUMENTO,F-2225E7482E0C1A2CF093,QR_ARCA_STRONG,2,0.3247113525867462,OTRO_DOCUMENTO,False,0.6255593854138137,FACTURA,True,OK,
15017A95CAE592FF03AC85B9E98A3F558AC8C2B2382DE89708D086F963B8F662,Z001023320982.pdf,FACTURA,F-EE08C7103D2458E54189,QR_ARCA_STRONG,0,0.35680800676345825,OTRO_DOCUMENTO,True,0.7989901709433228,FACTURA,False,OK,
152604FDE489F58F0995B33FDBFBEF849D1187861D9A30592C95908147F52349,Z001023349976.pdf,OTRO_DOCUMENTO,F-2225E7482E0C1A2CF093,QR_ARCA_STRONG,2,0.8693221807479858,FACTURA,True,0.7579056357647007,FACTURA,True,OK,
1559EC92CBDBE55D735EE7ACA8E52AEAD71C1C47C221CF45B68B936B4345C2A2,Z001023338074.pdf,FACTURA,F-FACD83D8B4281A05571A,QR_ARCA_STRONG,1,0.9248440861701965,FACTURA,False,0.7202877231345831,FACTURA,False,OK,
158A0B2372339DB5F964827887050C77E088ED0C654782778E7E3DF739CCF278,Z001023306234.pdf,FACTURA,F-FACD83D8B4281A05571A,QR_ARCA_STRONG,1,0.9023188352584839,FACTURA,False,0.695818266299016,FACTURA,False,OK,
15926288C19E4044088E6417ACB087ECBBE63143BD28306C232EE3218D138E82,Z001023321106.pdf,FACTURA,F-EE08C7103D2458E54189,QR_ARCA_STRONG,0,0.7539454102516174,FACTURA,False,0.7988044975533395,FACTURA,False,OK,
15969BD380B8D2DC22294AFDC4928DC42B0917483959608C7594E31E510491F3,Z001023350318.pdf,FACTURA,F-DCC01CD6C3861C7E4C3E,OCR_STRONG,3,0.9336639046669006,FACTURA,False,0.7590227632887572,FACTURA,False,OK,
15EE89386351047AD1C2D3173F2DF4FBDA0DE0D47542662362CCF47AEB41B838,Z001023265539.pdf,FACTURA,F-FACD83D8B4281A05571A,QR_ARCA_STRONG,1,0.924963653087616,FACTURA,False,0.7681663278405219,FACTURA,False,OK,
160507D36E36A41452843EB5116EBE6860289D267FB2CEE2F49609A29C7BB91E,Z001023384921.pdf,FACTURA,F-EE08C7103D2458E54189,QR_ARCA_STRONG,0,0.7007484436035156,FACTURA,False,0.8010917964159984,FACTURA,False,OK,
166589FEDAA33D952D81A337E8B61F2BA518F0302A237C96E8E96DDD61F7A5B1,Z001023242296.pdf,OTRO_DOCUMENTO,F-FACD83D8B4281A05571A,QR_ARCA_STRONG,1,0.9063677787780762,FACTURA,True,0.5318539774866374,FACTURA,True,OK,
167929F9016E97C2CCFE59A2730534C5CD51282608A17A4EF1F23FA5F94104D9,Z001023267215.pdf,FACTURA,F-463F5D66BCFC1B95B4F2,QR_ARCA_STRONG,3,0.986866295337677,FACTURA,False,0.801287942911605,FACTURA,False,OK,
167AC28EE4C9F156D7A730F3269118C5AD78B7F582E3FFC178BCB3FDB0A11DF7,Z001023366766.pdf,OTRO_DOCUMENTO,F-FACD83D8B4281A05571A,QR_ARCA_STRONG,1,0.8458033800125122,FACTURA,True,0.40384473577000607,OTRO_DOCUMENTO,False,OK,
168F8794C73214044C9A1C4597C96BD6D0C4199CC641416C3C64F8BF37098C0F,Z001023306786.pdf,FACTURA,F-239031FB24D11A1289E7,PDF_TEXT_STRONG,3,0.768152117729187,FACTURA,False,0.7427299495141347,FACTURA,False,OK,
169353E3142E56941120B753DAE9B0E5A3527AE78A7B064582040B1D7E98FB61,Z001023336306.pdf,FACTURA,F-6F5CAF1E1AEEB43C5486,QR_ARCA_STRONG,2,0.6213710308074951,FACTURA,False,0.7806526490919293,FACTURA,False,OK,
16D63A67B2329B876A7EB150497C22D00A7FC6CA3C3D9F3D21BDEACB8FC493A8,Z001023366961.pdf,FACTURA,F-463F5D66BCFC1B95B4F2,QR_ARCA_STRONG,3,0.9846293926239014,FACTURA,False,0.7894857081547348,FACTURA,False,OK,
16E375C7BFC7DEA12A79C7383665C85A3E059F7F5A69AF0C52D3D4ACC27A9341,Z001023398681.pdf,FACTURA,F-463F5D66BCFC1B95B4F2,QR_ARCA_STRONG,3,0.9897975921630859,FACTURA,False,0.693836733240104,FACTURA,False,OK,
1755304EBD124B8B4E1309831FBEB3F6EE40934A39AC4CCF8C158A506F931EF1,Z001023283807.pdf,FACTURA,F-6F5CAF1E1AEEB43C5486,QR_ARCA_STRONG,2,0.394568532705307,OTRO_DOCUMENTO,True,0.7446840677905342,FACTURA,False,OK,
17645D40FA69A6828FBC913F3B3EAD8309B9DE2BA50E47598747209A0F923A62,Z001023423181.pdf,FACTURA,F-EE08C7103D2458E54189,QR_ARCA_STRONG,0,0.668224036693573,FACTURA,False,0.8026009055743916,FACTURA,False,OK,
1774A5264220F2FF45E5BC66ABA462BACACE62D7E6CC8D8B4C325FF2953FA33C,Z001023320999.pdf,FACTURA,F-463F5D66BCFC1B95B4F2,QR_ARCA_STRONG,3,0.9172906279563904,FACTURA,False,0.8122457394888147,FACTURA,False,OK,
17E9AF6EB6B495BA29E56681857C9970D33D990CDB10C0387FE85C781AC7E0E2,Z001023305767.pdf,FACTURA,F-239031FB24D11A1289E7,PDF_TEXT_STRONG,3,0.7050948739051819,FACTURA,False,0.7551626280520708,FACTURA,False,OK,
17F70ACA0C08EBBB8F9BDC9AB4A180DF161AB6F073AA8057FC19989E0080C69F,Z001023398630.pdf,FACTURA,F-6F5CAF1E1AEEB43C5486,QR_ARCA_STRONG,2,0.3086634576320648,OTRO_DOCUMENTO,True,0.7568008208917337,FACTURA,False,OK,
180A072CF185D173A359A133EF852156206CE288B38F895772950BE3A2822433,Z001023397875.pdf,FACTURA,F-FACD83D8B4281A05571A,QR_ARCA_STRONG,1,0.9211365580558777,FACTURA,False,0.7617386122724603,FACTURA,False,OK,
1820FA6D0B1A53B7BC306CA2011505E75CD8FE8D39AEA06A5730CCE9E46FFB2A,Z001023284205.pdf,FACTURA,F-239031FB24D11A1289E7,PDF_TEXT_STRONG,3,0.7035655379295349,FACTURA,False,0.7398138657143678,FACTURA,False,OK,
18328B3DA1884B52C6326DF5F1BC3410181A90AC55A53F56FD8C6784C1210128,Z001023266209.pdf,FACTURA,F-EFE6E9C595B24436566B,PDF_TEXT_STRONG,3,0.9959518909454346,FACTURA,False,0.663378885633378,FACTURA,False,OK,
1838C5E4581C360065CA938F288AFE4710F33C0DFF2B9D832801704DAD65E410,Z001023467588.pdf,FACTURA,F-EE08C7103D2458E54189,QR_ARCA_STRONG,0,0.6764190196990967,FACTURA,False,0.7937682099360394,FACTURA,False,OK,
183FAE302DC2004BF0E2C13EDF85A8E9D75E168D01D7313E31DA45794CE0428D,Z001023283873.pdf,FACTURA,F-4282D891EC4146496CC2,QR_ARCA_STRONG,3,0.9930291771888733,FACTURA,False,0.838999965815847,FACTURA,False,OK,
18662EDEE4B4C711C1906E7CE4BE366A758A1188B97E161AF48336D6A3DBAE48,Z001023478148.pdf,FACTURA,F-EE08C7103D2458E54189,QR_ARCA_STRONG,0,0.09092966467142105,OTRO_DOCUMENTO,True,0.7802205836812559,FACTURA,False,OK,
1879A4B5E7DA36E01B0F9CAF23754C27B06EA092E21F7A347CF60B15776875ED,Z001023242403.pdf,FACTURA,F-EE08C7103D2458E54189,QR_ARCA_STRONG,0,0.7846959233283997,FACTURA,False,0.7778407666110093,FACTURA,False,OK,
18A2915116E554779056513F6E5C546608D7AE4ABBD5651F3A29EB14355EF1F7,Z001023306733.pdf,FACTURA,F-463F5D66BCFC1B95B4F2,OCR_STRONG,3,0.9756094217300415,FACTURA,False,0.7187596354802265,FACTURA,False,OK,
18F720B96A147A5AB163A7A9CF2973DD63B5BF1945AE004DF51831A085DBD07A,Z001023336305.pdf,FACTURA,F-463F5D66BCFC1B95B4F2,QR_ARCA_STRONG,3,0.9879459738731384,FACTURA,False,0.8009935381742066,FACTURA,False,OK,
194F2DA87B4471D4F618FDAFBE7C074F5DB1BC27D67350BC9E865BDBEDECF437,Z001023454444.pdf,FACTURA,F-C04B37B1724168DE2084,QR_ARCA_STRONG,3,0.9532614350318909,FACTURA,False,0.7509586168997341,FACTURA,False,OK,
19E19AD1C279BECEB59406F9DEE7DA0FB14F0747F234EF55898B99CAD0866281,Z001023284289.pdf,OTRO_DOCUMENTO,F-8A2E5C33616E9AAE14BF,OCR_STRONG,3,0.954135000705719,FACTURA,True,0.6015066472243173,FACTURA,True,OK,
1A336FF617D5A0C3A526B99A96FBAFD04444DB1284DF057F7A0963EF0F477489,Z001023305710.pdf,FACTURA,F-463F5D66BCFC1B95B4F2,QR_ARCA_STRONG,3,0.9840506911277771,FACTURA,False,0.6766397766607997,FACTURA,False,OK,
1A36A3CBE7FCC2D88B622D11158D47FC31F218354BA5CAD55E5F076338CD7FD6,Z001023242302.pdf,FACTURA,F-A4599E2724A776EE31BB,QR_ARCA_STRONG,0,0.96317058801651,FACTURA,False,0.8987895922021605,FACTURA,False,OK,
1A4F808049D1A37F4E6AB760DD7135F61503613DEB13BADD69E536FEA2FC6B9F,Z001023454592.pdf,FACTURA,F-19E3E2219E79C363F63F,QR_ARCA_STRONG,0,0.9998859167098999,FACTURA,False,0.7892838262905612,FACTURA,False,OK,
1AE4FB903432A3B60DB3450D9487FFB226463AF51EC1BEC47448AC3F3C7B894F,Z001023350419.pdf,FACTURA,F-1A8F6C1739284F36B46F,QR_ARCA_STRONG,1,0.9000107049942017,FACTURA,False,0.6779860959898236,FACTURA,False,OK,
1AFE7750B1E03B7B6216CE4DD3DD72A572DD1127B8545E28AFE90DDD2CDC0579,Z001023336275.pdf,FACTURA,F-1A84B55E846D76A51EE3,OCR_STRONG,3,0.9642336368560791,FACTURA,False,0.7758023504601061,FACTURA,False,OK,
1C046CF254BA1E8E323C11493B60FE53712CC1B84EFF61DE83864A7D0C4355D1,Z001023284033.pdf,FACTURA,F-FACD83D8B4281A05571A,QR_ARCA_STRONG,1,0.9106502532958984,FACTURA,False,0.6741764914028291,FACTURA,False,OK,
1C2730D7EA45CB80447C59154F701641B68B2CE8C31909BCBDA0D31555D6AF2D,Z001023350219.pdf,FACTURA,F-DCC01CD6C3861C7E4C3E,OCR_STRONG,3,0.9360015988349915,FACTURA,False,0.7581378881023819,FACTURA,False,OK,
1C4CB37EA5BD22F3F1F6316807DB3DCFA62F5E64CC4D63DE1B43A9ECB5F78C30,Z001023267335.pdf,FACTURA,F-847ED9FB103AD022E208,PDF_TEXT_STRONG,2,0.7332417368888855,FACTURA,False,0.6122920001891023,FACTURA,False,OK,
1C4DB25AAC0A169B26D121DF0992AB546E8D487A74FD1E45FDEF3490F3708601,Z001023243325.pdf,OTRO_DOCUMENTO,F-64920D3701B1A613ABDC,EXISTING_GROUND_TRUTH,3,0.7984968423843384,FACTURA,True,0.7683761122316026,FACTURA,True,OK,
1C8A8808678EDA0EE2B05BB8A61144E4290EE9E18251346BBD2683F09C7D888B,Z001023242962.pdf,FACTURA,F-EE08C7103D2458E54189,QR_ARCA_STRONG,0,0.7270621061325073,FACTURA,False,0.8027162347100162,FACTURA,False,OK,
1DA9864804DCE41CA146730F9EB0523D3ADD3030E9014CAA057097A2EA07C711,Z001023422321.pdf,FACTURA,F-FACD83D8B4281A05571A,QR_ARCA_STRONG,1,0.92013019323349,FACTURA,False,0.7286880041296306,FACTURA,False,OK,
1DBAC85FD76DFB51E641F429E17BBA22563A0F38D8362D27B66EB5322644AAE6,Z001023397971.pdf,FACTURA,F-FACD83D8B4281A05571A,QR_ARCA_STRONG,1,0.9316540956497192,FACTURA,False,0.7178383140190266,FACTURA,False,OK,
1DC499A08B5A4C8EB40237A78633ACD98DF16FB8437876D106B4265CC4451588,Z001023266252.pdf,FACTURA,F-EE08C7103D2458E54189,QR_ARCA_STRONG,0,0.7379359602928162,FACTURA,False,0.8147854015076819,FACTURA,False,OK,
1DE3D57C29CD74BE3B52809E07F5687161ED4F785B56045F8B4F677FDFD93DDA,Z001023384922.pdf,FACTURA,F-FACD83D8B4281A05571A,QR_ARCA_STRONG,1,0.9005251526832581,FACTURA,False,0.5453187887219875,FACTURA,False,OK,
1E017419E073DE02B948D0FF0A3422759D77C393D6A5BC26E76BD8404C0104B5,Z001023337681.pdf,FACTURA,F-FACD83D8B4281A05571A,QR_ARCA_STRONG,1,0.9184436798095703,FACTURA,False,0.7384899323127316,FACTURA,False,OK,
1E9F93E9439263AB091E1FCFA2C61AE17A3F0F1AA79A93DF4A5306624A24BEBC,Z001023243457.pdf,FACTURA,F-EE08C7103D2458E54189,QR_ARCA_STRONG,0,0.6133850812911987,FACTURA,False,0.8078383417221059,FACTURA,False,OK,
1ED366B383A3896CFEB2405CE4CAC87D9D060DC3080F784F47BED59A1054A232,Z001023454613.pdf,FACTURA,F-463F5D66BCFC1B95B4F2,QR_ARCA_STRONG,3,0.9966926574707031,FACTURA,False,0.8019653613806034,FACTURA,False,OK,
1F174E86620ADDAB1691ADA0E9A283270D292E6AED4C4B923DDAFE19769D07EB,Z001023306029.pdf,FACTURA,F-FACD83D8B4281A05571A,QR_ARCA_STRONG,1,0.8801713585853577,FACTURA,False,0.6328398022496945,FACTURA,False,OK,
1F6BE1B36C93128E6A23A08F969662219FCDD157D6A9C688764E6E854930C6F1,Z001023267210.pdf,FACTURA,F-C4EFEA98CD9D9490E678,OCR_STRONG,2,0.041293367743492126,OTRO_DOCUMENTO,True,0.7016082393964143,FACTURA,False,OK,
1F74158A70E303CD4219E3F0A4C0F0EE744292D6CD4C7585ECB69924A9CF7E6A,Z001023351276.pdf,FACTURA,F-EE08C7103D2458E54189,QR_ARCA_STRONG,0,0.731403112411499,FACTURA,False,0.7826454790210398,FACTURA,False,OK,
1F8ED7AFA5B9414E174104C2C5ADF13AF964A27329A26B561987EB073FC3BC7C,Z001023283788.pdf,FACTURA,F-FACD83D8B4281A05571A,QR_ARCA_STRONG,1,0.8932625651359558,FACTURA,False,0.7026582404990889,FACTURA,False,OK,
1FA268A606D2E0D0B5DB2C3EB7C264ABB81A4FF68EA607482BCE2826A3488D9F,Z001023305712.pdf,FACTURA,F-239031FB24D11A1289E7,PDF_TEXT_STRONG,3,0.7211350798606873,FACTURA,False,0.7448841111431036,FACTURA,False,OK,
1FE5EE8327E145829C17BEDC6ED8E4BE89C6EF299984C6A454FC15B2245B7981,Z001023283744.pdf,FACTURA,F-EE08C7103D2458E54189,QR_ARCA_STRONG,0,0.5514360666275024,FACTURA,False,0.8102238381573125,FACTURA,False,OK,
201C2EF248B3E04F47F214E95A8360183B42A01E5B635FEAA9E07529A8C328CD,Z001023466675.pdf,OTRO_DOCUMENTO,F-FACD83D8B4281A05571A,QR_ARCA_STRONG,1,0.8551086187362671,FACTURA,True,0.39740417150898294,OTRO_DOCUMENTO,False,OK,
21260D1DEB9F5FC490513022E1FD91F7B583EE94863480B42371917D5BADB457,Z001023242803.pdf,FACTURA,F-EE08C7103D2458E54189,QR_ARCA_STRONG,0,0.46383360028266907,OTRO_DOCUMENTO,True,0.788664333336595,FACTURA,False,OK,
21424818179A111E4F71916FCD9A48976FE5ED7F1432854A6F2347653C38D8BE,Z001023284195.pdf,FACTURA,F-239031FB24D11A1289E7,PDF_TEXT_STRONG,3,0.7372804880142212,FACTURA,False,0.767746595989192,FACTURA,False,OK,
21438B9765F499855432F21148F956C714AAA9C79EDA7413564EEE9455850671,Z001023243397.pdf,FACTURA,F-6F5CAF1E1AEEB43C5486,QR_ARCA_STRONG,2,0.694031834602356,FACTURA,False,0.7370850583317932,FACTURA,False,OK,
2154FD617AF13243DB7B586CCBA7EF469689877C9BAA53B0F84ED403E793BC99,Z001023422117.pdf,FACTURA,F-463F5D66BCFC1B95B4F2,QR_ARCA_STRONG,3,0.9864664673805237,FACTURA,False,0.7920324853092449,FACTURA,False,OK,
21A743EACDBE34D280CB667E66C018F678D52E114A99BD11D529122144C44BA4,Z001023321067.pdf,FACTURA,F-F9F97E5234AB53CA8EDD,OCR_STRONG,2,0.8915764093399048,FACTURA,False,0.7699370100501977,FACTURA,False,OK,
21FA95E0441B94EC1CA8C6B2756C6170EA9D9D18C5A192D2619FDAD6992514CB,Z001023349831.pdf,FACTURA,F-EDBFE59229E8571451DD,QR_ARCA_STRONG,2,0.9670940637588501,FACTURA,False,0.7111098922905117,FACTURA,False,OK,
220DD10F950D9C9E128FED4EC3B946CF309DBADDC624CC54ABD925F59E1A81BC,Z001023321407.pdf,FACTURA,F-779475FE3B614A1E04BC,PDF_TEXT_STRONG,3,0.9960967898368835,FACTURA,False,0.7706238512633033,FACTURA,False,OK,
225886580C85D6E9291E33F31E663C265C372BE9B6DFF5D4C18D41160FBBE122,Z001023351257.pdf,OTRO_DOCUMENTO,F-EE6C10CFFB7B6C49E434,QR_ARCA_STRONG,0,0.07022213935852051,OTRO_DOCUMENTO,False,0.4491461830439085,OTRO_DOCUMENTO,False,OK,
22672F8A78F1673F9C86E8AF6C0F74C68CE69F6A47D30B59631ADDF0538252D0,Z001023266857.pdf,FACTURA,F-127BD2FBDD2CC031C0FE,QR_ARCA_STRONG,2,0.5479561686515808,FACTURA,False,0.9132880371426099,FACTURA,False,OK,
22E69D2F00D6232ED552D42A07BCBA93D825967D3875DEEF8648F80EBE48E36E,Z001023398886.pdf,FACTURA,F-FACD83D8B4281A05571A,QR_ARCA_STRONG,1,0.8853226900100708,FACTURA,False,0.6619141236644626,FACTURA,False,OK,
2359686156391AC697F0FACF0BC28C4A3B58BF780D9DF464022B6629A5418D41,Z001023320992.pdf,FACTURA,F-463F5D66BCFC1B95B4F2,OCR_STRONG,3,0.9995468258857727,FACTURA,False,0.7662784504428217,FACTURA,False,OK,
24508D57D9D2FE1CF19E71BF862D1C297C3B233C58E91B1FBCA2A8AB5AA2867E,Z001023267406.pdf,FACTURA,F-EE08C7103D2458E54189,QR_ARCA_STRONG,0,0.7354768514633179,FACTURA,False,0.7915994453754738,FACTURA,False,OK,
2537FDF817D544D0E6993F9039C282B601828BF4030072FE60AA952C6CEBC923,Z001023267412.pdf,FACTURA,F-EE08C7103D2458E54189,QR_ARCA_STRONG,0,0.46285077929496765,OTRO_DOCUMENTO,True,0.7885511232218427,FACTURA,False,OK,
25906BA449000FDC416BE77ADE177F67876EE90F96C8DA7EAF7532B3DE978549,Z001023243399.pdf,FACTURA,F-127BD2FBDD2CC031C0FE,QR_ARCA_STRONG,2,0.6853071451187134,FACTURA,False,0.9025957334806659,FACTURA,False,OK,
2605B5CBE1D16F569A4744664A6098F9F1A9ADF3328747D2D99F36E44E6407EE,Z001023350339.pdf,FACTURA,F-DCC01CD6C3861C7E4C3E,OCR_STRONG,3,0.9359634518623352,FACTURA,False,0.7609960760237056,FACTURA,False,OK,
263D415F6C5CCB5E35FCFF9F2EF41B20D3D9D37D6BB52D156229BC10E818CD63,Z001023266941.pdf,FACTURA,F-FACD83D8B4281A05571A,QR_ARCA_STRONG,1,0.9264227747917175,FACTURA,False,0.7524305841118001,FACTURA,False,OK,
263DEF4CEBFD41025BF8C60D814D6D9533131D244D35E3D23C08BBE8917C9BD9,Z001023305709.pdf,FACTURA,F-463F5D66BCFC1B95B4F2,QR_ARCA_STRONG,3,0.9897047877311707,FACTURA,False,0.7164766468072405,FACTURA,False,OK,
268E9CF0A794A2450E7EFF249D3AD2594B21A19EC5462DA31C99A736388B63C2,Z001023266240.pdf,FACTURA,F-FACD83D8B4281A05571A,QR_ARCA_STRONG,1,0.9394245147705078,FACTURA,False,0.7325798057360271,FACTURA,False,OK,
26EA4A2318A2CA163F0725B8551C9F4CFE6E45EA6578CACC90BC64C6575AF63B,Z001023385178.pdf,FACTURA,F-463F5D66BCFC1B95B4F2,QR_ARCA_STRONG,3,0.9623704552650452,FACTURA,False,0.7733004852690152,FACTURA,False,OK,
2734FF67060B9027FEB9BA327ADC516562FB5B1CF2D145050C6130AFE3D80CD5,Z001023306104.pdf,FACTURA,F-6B5DF25739C20B353A70,OCR_STRONG,3,0.9849527478218079,FACTURA,False,0.7556262714922505,FACTURA,False,OK,
2787E009D455BB9349B6DAE6AD30482AE9F045E858EA0D1A1CC922A6E5144B79,Z001023267144.pdf,FACTURA,F-C4EFEA98CD9D9490E678,OCR_STRONG,2,0.04181933403015137,OTRO_DOCUMENTO,True,0.7016082393964143,FACTURA,False,OK,
27BC4B18F491209F599B195B0ABC49F006BFC50896F0790871B4164089202C88,Z001023267236.pdf,FACTURA,F-FACD83D8B4281A05571A,QR_ARCA_STRONG,1,0.9187906384468079,FACTURA,False,0.7455077313415833,FACTURA,False,OK,
27FF656A5A70E8C1A2AF544748A8FEEB1F9D764E38EE1B20DEFCF5A88675DBB2,Z001023320987.pdf,FACTURA,F-BD443D8161F24BFCB109,PDF_TEXT_STRONG,3,0.9397252798080444,FACTURA,False,0.6908558121083918,FACTURA,False,OK,
283DD750150A80FD78B56DFD05BD0CF320ED7EE5AFE628DC3A273F00642CECD5,Z001023409587.pdf,FACTURA,F-463F5D66BCFC1B95B4F2,QR_ARCA_STRONG,3,0.9903663396835327,FACTURA,False,0.7091245598205098,FACTURA,False,OK,
28F92D6F8C69A983FC3129BC8443C5E475F94DFB173AF74A3BF5F08D957F5B0D,Z001023435847.pdf,FACTURA,F-832328D5B6CC43C2F3DC,PDF_TEXT_STRONG,3,0.9896976351737976,FACTURA,False,0.7502114147586536,FACTURA,False,OK,
28FCC8808B0DEE25A850B6F4C5063E17FB94B3CB194917E84422E9F2A8C111A5,Z001023243169.pdf,OTRO_DOCUMENTO,F-F005EBB69A8DFBD56F0B,EXISTING_GROUND_TRUTH,3,0.18650983273983002,OTRO_DOCUMENTO,False,0.6425020548410899,FACTURA,True,OK,
29C2F82AE52AB4771D5C4F02A6C04F9336214832AD7F90907EEA3FC074BA9648,Z001023305791.pdf,FACTURA,F-EE08C7103D2458E54189,QR_ARCA_STRONG,0,0.6261234879493713,FACTURA,False,0.7893557257174854,FACTURA,False,OK,
2A31131A45E5376D4DFD42FF9877AC6093EBD62ABF0B6791591EDD8AB1658A7D,Z001023350217.pdf,FACTURA,F-DCC01CD6C3861C7E4C3E,OCR_STRONG,3,0.9348708987236023,FACTURA,False,0.7699156943613973,FACTURA,False,OK,
2AB39536303132A97CD1C0CC132118D01E08A560594A6E39D2FBAD019CCA88B8,Z001023422110.pdf,FACTURA,F-EE08C7103D2458E54189,QR_ARCA_STRONG,0,0.840882420539856,FACTURA,False,0.7511993026004515,FACTURA,False,OK,
2AD909C6F5BC9106E0C189FB9B3FBD110F046A61DAD56FF8DB8A50C7655E2F78,Z001023305872.pdf,FACTURA,F-FACD83D8B4281A05571A,QR_ARCA_STRONG,1,0.8812845945358276,FACTURA,False,0.6340214046360494,FACTURA,False,OK,
2B7B4A103183D9CE12C1E4633A50995F03B0E8565D49ED8EFAB97C764BC69FD2,Z001023410722.pdf,FACTURA,F-FACD83D8B4281A05571A,QR_ARCA_STRONG,1,0.9360069036483765,FACTURA,False,0.7048753082081187,FACTURA,False,OK,
2CA14FED2FAD395EFD4983F8070DF27AF17788C817D750BBE547E27F9DB493B7,Z001023321312.pdf,FACTURA,F-463F5D66BCFC1B95B4F2,PDF_TEXT_STRONG,3,0.9704020023345947,FACTURA,False,0.7834492369388802,FACTURA,False,OK,
2CA999327575D864D33380273D2641121C3430B06EBEB1396C57028AD278AEC0,Z001023243423.pdf,FACTURA,F-6F5CAF1E1AEEB43C5486,QR_ARCA_STRONG,2,0.46631139516830444,OTRO_DOCUMENTO,True,0.7557616267885257,FACTURA,False,OK,
2D43B3648B73EFBB36772933B8ED7CE0CD779C0945E776A136EC6123FA5D5551,Z001023243329.pdf,FACTURA,F-D86CE4CD0C9D0468E43A,EXISTING_GROUND_TRUTH,3,0.8880547881126404,FACTURA,False,0.7917336927436985,FACTURA,False,OK,
2DE59A9D326B610580C5CD2FD4DB06C2676F42330654893AE8C8450A6D4D4A34,Z001023242964.pdf,FACTURA,F-EE08C7103D2458E54189,QR_ARCA_STRONG,0,0.7726892232894897,FACTURA,False,0.8035985162598117,FACTURA,False,OK,
2DF94A5C2384FC7A97229E0EE33C8F5F95234472102492A6EE49DCB9C7277EFF,Z001023467604.pdf,FACTURA,F-463F5D66BCFC1B95B4F2,OCR_STRONG,3,0.904478132724762,FACTURA,False,0.6864661517060228,FACTURA,False,OK,
2E23F651392097BF6177E1CBC5D2B43D4B848A229CDD80E9B8413254E95D51D8,Z001023435317.pdf,FACTURA,F-463F5D66BCFC1B95B4F2,OCR_STRONG,3,0.9979745745658875,FACTURA,False,0.8221577509768629,FACTURA,False,OK,
2E2889EBA992FF88C5260B76B01933BFBA0AA678BD94B8970181748B220ED2C5,Z001023266226.pdf,FACTURA,F-463F5D66BCFC1B95B4F2,QR_ARCA_STRONG,3,0.5189768671989441,FACTURA,False,0.7731423904445346,FACTURA,False,OK,
2EBA9E927332389040BDBA4B0A91EC59DA9560B07AF7CB00BC347FBBD287B237,Z001023385177.pdf,FACTURA,F-3BA8B67ACD3C697FA8AD,PDF_TEXT_STRONG,2,0.7293902635574341,FACTURA,False,0.7343820407159951,FACTURA,False,OK,
2EC76160DBDDCC45143BCA711E6203A7CB1D3F4A5AAED7C76887E33703D671DD,Z001023423296.pdf,FACTURA,F-12600531E9602D88F9A3,QR_ARCA_STRONG,1,0.5949652791023254,FACTURA,False,0.7171058771781622,FACTURA,False,OK,
2F1D5E06F79A2F76079B037BAE6E3568CA2A2D1D4067A73E128B063D1695C71F,Z001023242375.pdf,FACTURA,F-EE08C7103D2458E54189,QR_ARCA_STRONG,0,0.37443140149116516,OTRO_DOCUMENTO,True,0.7372294324563184,FACTURA,False,OK,
2F28BF7EEF81639D75865B6F87CE66B0AA5E32F6473BF17B64027539D3EC98A4,Z001023337304.pdf,FACTURA,F-8284161832BF5D9F0F2E,OCR_STRONG,0,0.8058393001556396,FACTURA,False,0.71449094479751,FACTURA,False,OK,
2FCC1BD1A06E86082D591E36E506D1FA40D760EFC1B21FE4C217B4E322C6C14A,Z001023242334.pdf,FACTURA,F-EE08C7103D2458E54189,QR_ARCA_STRONG,0,0.4697399139404297,OTRO_DOCUMENTO,True,0.6522090535871758,FACTURA,False,OK,
3031035EFEF15605525E170DDD8F26344AE93413637DB2E3C70563167DA90FE0,Z001023266218.pdf,FACTURA,F-73AB37D8D5F65AA437FE,OCR_STRONG,3,0.9798230528831482,FACTURA,False,0.7764231808006237,FACTURA,False,OK,
305D8D5FCDD8153B4D7860ABD3DA30A0DEEB2A5FE84A9E26D4CD34F6D700C59D,Z001023305801.pdf,OTRO_DOCUMENTO,F-2225E7482E0C1A2CF093,QR_ARCA_STRONG,2,0.7909549474716187,FACTURA,True,0.7492889294558789,FACTURA,True,OK,
3076FFDD9F418AFDD5B31CC18B36AE05E9490A0F72498EE2BFBCD31D7E64BFA2,Z001023338059.pdf,FACTURA,F-8FB0C271F20EAB3092AA,QR_ARCA_STRONG,3,0.8369807004928589,FACTURA,False,0.7488761484536769,FACTURA,False,OK,
3092DDF93D9023B2543787913A5DDCC17FC96A0ED1BF136611598370CF62B700,Z001023397600.pdf,FACTURA,F-6F5CAF1E1AEEB43C5486,QR_ARCA_STRONG,2,0.49493297934532166,OTRO_DOCUMENTO,True,0.7238385208362692,FACTURA,False,OK,
31371F0EA09BFB13ECAECD39B9C36CF70E4662CB0E31F2ABE26B8E74402003F5,Z001023242951.pdf,OTRO_DOCUMENTO,F-86BE3E411093F2089A3D,EXISTING_GROUND_TRUTH,0,0.36167874932289124,OTRO_DOCUMENTO,False,0.6535015252167397,FACTURA,True,OK,
31DE1A416B6D580B5D1165E5D6C5C466715632F4D72D78BC2E8810AB73DE5B28,Z001023350943.pdf,FACTURA,F-A69FDECE53AB69CF1845,QR_ARCA_STRONG,2,0.9679741263389587,FACTURA,False,0.7191839581999894,FACTURA,False,OK,
322C40B36550B0F7D0049DA637513996B1C31F8F06C0B448E9EC872F4E972F4B,Z001023243737.pdf,OTRO_DOCUMENTO,F-2225E7482E0C1A2CF093,QR_ARCA_STRONG,2,0.589495062828064,FACTURA,True,0.5941936323208493,FACTURA,True,OK,
333380C9957CC6E9E6EFC42F22BF224DEA5755070076AA639597896B6E673B17,Z001023454949.pdf,FACTURA,F-FACD83D8B4281A05571A,QR_ARCA_STRONG,1,0.9252366423606873,FACTURA,False,0.7590925952456151,FACTURA,False,OK,
335AC770519EAE163C5134E2EA131117E2C33595801C0E539D09D931C4DA240B,Z001023242354.pdf,FACTURA,F-844F46097516D7BF05C2,QR_ARCA_STRONG,2,0.8009505271911621,FACTURA,False,0.7704517863288417,FACTURA,False,OK,
33B95FDA5CDFC4BE5204888C87AB45239DEC0AC1ACB2370964305CE0F768245E,Z001023243395.pdf,FACTURA,F-127BD2FBDD2CC031C0FE,QR_ARCA_STRONG,2,0.7233130931854248,FACTURA,False,0.9099353113384769,FACTURA,False,OK,
33D3388971240E38AD8A89602AF4B8B11EBBC2272E6FDAAE1E437F7FE7260AAE,Z001023466188.pdf,FACTURA,F-FACD83D8B4281A05571A,QR_ARCA_STRONG,1,0.8974947333335876,FACTURA,False,0.6891672614421029,FACTURA,False,OK,
340AB65A0BFC66875EFA6C40EA968ED8EBF7B7E2A131262BAA9E97DFC5959B4D,Z001023398412.pdf,FACTURA,F-D591D778E05641FBA116,QR_ARCA_STRONG,2,0.3985893130302429,OTRO_DOCUMENTO,True,0.7061619128367169,FACTURA,False,OK,
3448DCF88F6900E8366CA08BF8BAA0692AD6BEF3F82076ADD95F8FE4947A4B0F,Z001023455692.pdf,FACTURA,F-6F5CAF1E1AEEB43C5486,QR_ARCA_STRONG,2,0.5976810455322266,FACTURA,False,0.7535106011896624,FACTURA,False,OK,
34E7190B10DE1060A821BA5B262D16CF469116C53FAA10A487AE71EDA02DE220,Z001023243373.pdf,FACTURA,F-CD94A06EDDC7590F7145,EXISTING_GROUND_TRUTH,2,0.5115060210227966,FACTURA,False,0.5359670420776736,FACTURA,False,OK,
350F46F213C2653AB83900D15401209105B5455FBAB65315DC8B591F08CE62F2,Z001023410663.pdf,OTRO_DOCUMENTO,F-319491FEEAF6386D99BD,QR_ARCA_STRONG,0,0.7752296328544617,FACTURA,True,0.8585153438057997,FACTURA,True,OK,
352F66BC7CF9951C2F9DE69F925334DF9B874980F691D7F45A7C24936BFE7846,Z001023283787.pdf,FACTURA,F-FACD83D8B4281A05571A,QR_ARCA_STRONG,1,0.8941294550895691,FACTURA,False,0.7051419737730609,FACTURA,False,OK,
35709A9FA1B5566E20EBF278560F71587E0A106C380B5A0F94F2EE91C79F8222,Z001023422472.pdf,FACTURA,F-DC0A2053B5A530D4C5EF,QR_ARCA_STRONG,3,0.9820348024368286,FACTURA,False,0.8729388523740176,FACTURA,False,OK,
3587E6AB03170DE4C4D020438261A603650DFBE85C168F60E09D5A73ECF0F860,Z001023321110.pdf,FACTURA,F-EE08C7103D2458E54189,QR_ARCA_STRONG,0,0.7031998634338379,FACTURA,False,0.7711589734248092,FACTURA,False,OK,
35C4773BC9C8FC1DC8FA1507AFA0AEB06432146BB6BB557477A44D04C123B6E5,Z001023243442.pdf,FACTURA,F-6F5CAF1E1AEEB43C5486,QR_ARCA_STRONG,2,0.5540409088134766,FACTURA,False,0.7767473513226142,FACTURA,False,OK,
365F308C8134893FC72DF386F207A96FDD371F37EC3055A5CF23B5198C24A70B,Z001023243750.pdf,FACTURA,F-FACD83D8B4281A05571A,QR_ARCA_STRONG,1,0.9206475615501404,FACTURA,False,0.6967111387562616,FACTURA,False,OK,
36FC5A7B06DEF71BCE1C253544E436268CDF471309A124CAAFA87525DC567967,Z001023306655.pdf,FACTURA,F-EE08C7103D2458E54189,QR_ARCA_STRONG,0,0.7289296388626099,FACTURA,False,0.7930649747634401,FACTURA,False,OK,
372A1456ECBF9BE8FC3E552C09E78AE5217E9A0082972A7743403C6619C5A16C,Z001023321175.pdf,OTRO_DOCUMENTO,F-99F7A3F5F30B759FC1BA,OCR_STRONG,3,0.9937210083007812,FACTURA,True,0.6309266165894867,FACTURA,True,OK,
37346AA5BE6C72C4AC91E827A627194B4DE69914C851502B5823969191488907,Z001023266920.pdf,FACTURA,F-EE08C7103D2458E54189,QR_ARCA_STRONG,0,0.691994845867157,FACTURA,False,0.7931268221112833,FACTURA,False,OK,
3765EF04A08EF343D7BA682872B73AB2DCF411C869827A9BD7424C24F97843AD,Z001023243387.pdf,FACTURA,F-6F5CAF1E1AEEB43C5486,QR_ARCA_STRONG,2,0.440143883228302,OTRO_DOCUMENTO,True,0.739446956696126,FACTURA,False,OK,
37A6D0A94246F3409B849117E8EBB1FB5C8C646076FAB878C3986C916D78CA50,Z001023305800.pdf,FACTURA,F-EE08C7103D2458E54189,QR_ARCA_STRONG,0,0.7040212154388428,FACTURA,False,0.6615568647884156,FACTURA,False,OK,
37B68E63F23B331B7585BD74DD85DD8ABF5122A348AA2F7F0EF539B332FFC54F,Z001023321412.pdf,FACTURA,F-A69FDECE53AB69CF1845,QR_ARCA_STRONG,2,0.9666366577148438,FACTURA,False,0.719617686353536,FACTURA,False,OK,
3824396E5D8165E597CA9EE48CA3FEA3B3B4C431CAC43BF725CB3BCFD5F5CFAF,Z001023410433.pdf,FACTURA,F-EFE6E9C595B24436566B,PDF_TEXT_STRONG,3,0.9959623217582703,FACTURA,False,0.6790335739309448,FACTURA,False,OK,
382662294B57C459DB9F1231FE0503A77176D130F8EA1BFB709132C3115F1A49,Z001023243380.pdf,OTRO_DOCUMENTO,F-319491FEEAF6386D99BD,EXISTING_GROUND_TRUTH,0,0.9238002896308899,FACTURA,True,0.8780161756318852,FACTURA,True,OK,
3834409B59C9A290C26E9267C39A01D27D92856349DB019AB59C7BCAFDA3B75C,Z001023422112.pdf,FACTURA,F-FACD83D8B4281A05571A,QR_ARCA_STRONG,1,0.934108555316925,FACTURA,False,0.6690633129610764,FACTURA,False,OK,
383DE8754A9EBB07BD9EB72DB9800FFB5803C8E11BFB3BC0AAEB9C79AE193FD8,Z001023351330.pdf,FACTURA,F-463F5D66BCFC1B95B4F2,QR_ARCA_STRONG,3,0.9863275289535522,FACTURA,False,0.7965132193922824,FACTURA,False,OK,
3959DC8DDC555027B604CAB5E54E1D05BE4D0005114FC1D9D1A12DF5024BE8FA,Z001023242875.pdf,FACTURA,F-EE08C7103D2458E54189,QR_ARCA_STRONG,0,0.5892711877822876,FACTURA,False,0.7916431827622284,FACTURA,False,OK,
39882040989893FF1C7A809346D4085D7C4150C416ED632837EFB63E8EF1280C,Z001023338086.pdf,FACTURA,F-463F5D66BCFC1B95B4F2,QR_ARCA_STRONG,3,0.949135422706604,FACTURA,False,0.7814633941017949,FACTURA,False,OK,
39ED10D1A77B4EB055838E4EC66003D7D4699C8708F0BF4C13A5FBB1AB0F122A,Z001023385279.pdf,FACTURA,F-35CE05482AADE1B2B731,PDF_TEXT_STRONG,0,0.8910664319992065,FACTURA,False,0.8227290465280899,FACTURA,False,OK,
39F2792EB6ADB7A6A42E6D59FB9CF99DC6F5782A4E2CB744BB0A4DDAEB38AF34,Z001023268127.pdf,FACTURA,F-2721D67ECCF8E868E314,QR_ARCA_STRONG,3,0.8181160092353821,FACTURA,False,0.7664413438634439,FACTURA,False,OK,
3A147E84D72EF85CE47639B6899772447FB32853AD73E6A2F0CC1740A4A50A77,Z001023321169.pdf,FACTURA,F-A92847205E3BBB99A982,QR_ARCA_STRONG,0,0.9791142344474792,FACTURA,False,0.8551995780109515,FACTURA,False,OK,
3A35BCF0925F1C86CC9EB96CBFEE45AA41D851EF05409D6911769B904C4687EA,Z001023386053.pdf,FACTURA,F-6F5CAF1E1AEEB43C5486,QR_ARCA_STRONG,2,0.5626157522201538,FACTURA,False,0.7333321290669835,FACTURA,False,OK,
3A65FD65E95627B0F05FE79FE51B07B46933815E46446CF07C38DB21EBAB9D32,Z001023467520.pdf,FACTURA,F-D8C324C174874BEB5368,OCR_STRONG,0,0.9869983792304993,FACTURA,False,0.782049257641159,FACTURA,False,OK,
3AFB2CE63233BD208F616BCA0151C49963AEBE6E6790383E5EDDE99C80320D70,Z001023467449.pdf,FACTURA,F-6F5CAF1E1AEEB43C5486,QR_ARCA_STRONG,2,0.33938029408454895,OTRO_DOCUMENTO,True,0.722788085316653,FACTURA,False,OK,
3B09513F4698AB526157E3D33D6A791550FE255BF5C0DF6E5571073411B71FEA,Z001023306230.pdf,FACTURA,F-6F5CAF1E1AEEB43C5486,QR_ARCA_STRONG,2,0.5770809650421143,FACTURA,False,0.7222299865392295,FACTURA,False,OK,
3B3B2B7D2CD031EE37963465FA692B212B53D70F89D1BF8E20ACA17B0730AC3C,Z001023267411.pdf,FACTURA,F-EE08C7103D2458E54189,QR_ARCA_STRONG,0,0.48841723799705505,OTRO_DOCUMENTO,True,0.7968237473418881,FACTURA,False,OK,
3B53A04C13E5943D49C91233DD964AC2F017008C05D24D029268E5512BE9386E,Z001023386152.pdf,FACTURA,F-127BD2FBDD2CC031C0FE,QR_ARCA_STRONG,2,0.49965158104896545,OTRO_DOCUMENTO,True,0.898503483287588,FACTURA,False,OK,
3B65E6820366B3DBEB321D2413EE1065ED029B71CE30AB20093BAA8A2659EF02,Z001023386125.pdf,FACTURA,F-EE08C7103D2458E54189,QR_ARCA_STRONG,0,0.5608910322189331,FACTURA,False,0.7704301724419471,FACTURA,False,OK,
3B82523C9A34012625F167EC918A7783E68F2BB4FA49BBDEED22E45066038496,Z001023351277.pdf,FACTURA,F-A69FDECE53AB69CF1845,QR_ARCA_STRONG,2,0.9651264548301697,FACTURA,False,0.703932494096475,FACTURA,False,OK,
3B860B6593D1AEBC8F03506526A6AE696D13B315A1D192D7A0F847BFA42B4968,Z001023422394.pdf,FACTURA,F-FACD83D8B4281A05571A,QR_ARCA_STRONG,1,0.9271768927574158,FACTURA,False,0.7332250024361479,FACTURA,False,OK,
3BA58BA10753F4E30A6CAF83DFE35249D2FBB5E80A9693D275BD1432780CE2C6,Z001023306136.pdf,FACTURA,F-463F5D66BCFC1B95B4F2,QR_ARCA_STRONG,3,0.9883884787559509,FACTURA,False,0.7162474701964094,FACTURA,False,OK,
3BDB07DE2B4E3291CF884D0419933E905F79C6308B832D1062A765F933BE2EA4,Z001023243748.pdf,FACTURA,F-EE08C7103D2458E54189,QR_ARCA_STRONG,0,0.3563935458660126,OTRO_DOCUMENTO,True,0.6058026215845531,FACTURA,False,OK,
3C07D634D9BF89F4C150A24582F2B4DCD64DD5167C90EEC00F74F9C1FEB0C46E,Z001023266256.pdf,FACTURA,F-EE08C7103D2458E54189,QR_ARCA_STRONG,0,0.5183637142181396,FACTURA,False,0.7702806613853301,FACTURA,False,OK,
3C08823B6BEB2AC058AE85C93E20880C1789256E78F5819F739BEFBEF32C12B1,Z001023242611.pdf,FACTURA,F-EE08C7103D2458E54189,QR_ARCA_STRONG,0,0.4282761812210083,OTRO_DOCUMENTO,True,0.790567859395689,FACTURA,False,OK,
3C35B4CCA59C5BC90D41F89C5C8464342B8B3192AD97B1FC02C931F095D37EFD,Z001023336348.pdf,FACTURA,F-463F5D66BCFC1B95B4F2,QR_ARCA_STRONG,3,0.9901294112205505,FACTURA,False,0.7270713520578012,FACTURA,False,OK,
3CB56665C03B7DBEE10612C491C06940310FA1CAA12F5E60EB11EC8FDBFB658C,Z001023306242.pdf,FACTURA,F-EE08C7103D2458E54189,QR_ARCA_STRONG,0,0.657749354839325,FACTURA,False,0.7658505531712417,FACTURA,False,OK,
3D2DBD1657682F7701E357F8C218517A65EE1FED40AAE6FE5EC49B2E9E354580,Z001023338053.pdf,FACTURA,F-463F5D66BCFC1B95B4F2,QR_ARCA_STRONG,3,0.8518044948577881,FACTURA,False,0.7601669099404604,FACTURA,False,OK,
3DA116906DC6BF9DEEA58E0EF033210A4FB68DE535200F99EADFA702389249A7,Z001023306106.pdf,FACTURA,F-FACD83D8B4281A05571A,QR_ARCA_STRONG,1,0.9437891244888306,FACTURA,False,0.7368900257928679,FACTURA,False,OK,
3DF571E507FAC34246B4923D4E478BE27704DB6E0C6AB2398DB4715F69FC104F,Z001023305842.pdf,OTRO_DOCUMENTO,F-2225E7482E0C1A2CF093,QR_ARCA_STRONG,2,0.48302218317985535,OTRO_DOCUMENTO,False,0.2520855586202307,OTRO_DOCUMENTO,False,OK,
3E45522CFD9F62F767CE2150A4069F6390FBC22546B2B001FED1E107889FA8CB,Z001023305798.pdf,FACTURA,F-EE08C7103D2458E54189,QR_ARCA_STRONG,0,0.7121051549911499,FACTURA,False,0.7411725562686016,FACTURA,False,OK,
3EA186C4B49837C7FB05EAE4437DC86DC30D1BE2F504C0427A8587CEB8991904,Z001023384939.pdf,FACTURA,F-EE08C7103D2458E54189,QR_ARCA_STRONG,0,0.6110880374908447,FACTURA,False,0.7977852050941606,FACTURA,False,OK,
3EDF480C2549EFD6E0CBDB20BB4FC494A704DF9543460AAB84AB099C33CA0448,Z001023268044.pdf,FACTURA,F-EE08C7103D2458E54189,QR_ARCA_STRONG,0,0.6722733378410339,FACTURA,False,0.7875805579506279,FACTURA,False,OK,
3F9FB559E8BC9E77AAB8CF090FBF8AC35299259BD3975DA5622A81A7D7363730,Z001023306132.pdf,FACTURA,F-FACD83D8B4281A05571A,QR_ARCA_STRONG,1,0.9198209643363953,FACTURA,False,0.7354944445198133,FACTURA,False,OK,
3FB46C6ADB7A62D868892D84AE172B635524433BB441F572AFDF46B913EBEE42,Z001023454364.pdf,FACTURA,F-A63645627CE2D9A75BE5,OCR_STRONG,3,0.9246228933334351,FACTURA,False,0.7668653505723974,FACTURA,False,OK,
406AE65863FEC4A143382804B7C8C481DE608DB940FC7E9F7AB2621871E20521,Z001023337181.pdf,FACTURA,F-463F5D66BCFC1B95B4F2,QR_ARCA_STRONG,3,0.985994815826416,FACTURA,False,0.7980844439860169,FACTURA,False,OK,
40782E90EF062F83204C5F8DCD8019913D1EC2F33C93E0ADD4045BF47433CA0B,Z001023266242.pdf,FACTURA,F-6F5CAF1E1AEEB43C5486,QR_ARCA_STRONG,2,0.5286633968353271,FACTURA,False,0.7683904433311267,FACTURA,False,OK,
40AF42DCBBE8A21C6A7731078FBA8E6A4A20B0BF33AAFAE9A6802AF2B16F19A5,Z001023305675.pdf,FACTURA,F-A89FDE7F361720CE396D,OCR_STRONG,0,0.9064784049987793,FACTURA,False,0.8331058230718175,FACTURA,False,OK,
40E83F42126BE7B8C6BFC04FB7A2B0BAA09EB6E822C1E7DD0DEDA2946AE2988A,Z001023267770.pdf,FACTURA,F-79FC3EE9CB676FEF6E5F,OCR_STRONG,0,0.9890395402908325,FACTURA,False,0.8100400495201183,FACTURA,False,OK,
4114622761D0BA0DED1DB98E3DA95F415FE0A9C428C97655033FA79F7972DDCB,Z001023423309.pdf,FACTURA,F-CEDA51D85B3AA52E945D,QR_ARCA_STRONG,1,0.8562568426132202,FACTURA,False,0.7710028436119178,FACTURA,False,OK,
4163E743E2FA7C2CD9859CCDD46B04043AFBB1E94B572FD1C70445335FD25920,Z001023398661.pdf,FACTURA,F-6F5CAF1E1AEEB43C5486,QR_ARCA_STRONG,2,0.33430105447769165,OTRO_DOCUMENTO,True,0.7586535584887126,FACTURA,False,OK,
41DA1916DEF0865B974AF8DA1FC410BF132CF8F2D39C53D21634C67E095437F6,Z001023454962.pdf,FACTURA,F-32D29C25B87BCDD5D9A3,OCR_STRONG,3,0.3497900068759918,OTRO_DOCUMENTO,True,0.8306512447399035,FACTURA,False,OK,
41E235FFF0768A0E226B7442B231B9E3EDF721785B5DCBD3E02D90CE677EE006,Z001023242821.pdf,FACTURA,F-EE08C7103D2458E54189,QR_ARCA_STRONG,0,0.7381377220153809,FACTURA,False,0.803762344208514,FACTURA,False,OK,
41FA873A1F07397324194D528955075ABA1D624A6B9FC0141D8DF96C9FDC382B,Z001023410769.pdf,OTRO_DOCUMENTO,F-FACD83D8B4281A05571A,QR_ARCA_STRONG,1,0.8995352387428284,FACTURA,True,0.5173084911022259,FACTURA,True,OK,
4224FC815F99DF93C9DE4D1D80F2E73762C61D7381BE75757A97E6F123EBA25F,Z001023283900.pdf,FACTURA,F-239031FB24D11A1289E7,PDF_TEXT_STRONG,3,0.7166498899459839,FACTURA,False,0.7490213000977742,FACTURA,False,OK,
422D3FAB3F85F96C2E7A80FE31CFC85F8877D9E4AE6EACF7CF0AB95390D04131,Z001023267264.pdf,FACTURA,F-EE08C7103D2458E54189,QR_ARCA_STRONG,0,0.7230449318885803,FACTURA,False,0.7786951242658907,FACTURA,False,OK,
426CABFB27B1E9DC7B0AAF9A744E25706C9B8777EBED5BD036FD1595F45510A4,Z001023397759.pdf,FACTURA,F-FACD83D8B4281A05571A,QR_ARCA_STRONG,1,0.9118397831916809,FACTURA,False,0.7859744122856189,FACTURA,False,OK,
429ED2A776386C5D8E87C33F6A624FBF60404AAAA4CC2FC712CF9E7EA4A8C2C2,Z001023422119.pdf,FACTURA,F-EFE6E9C595B24436566B,PDF_TEXT_STRONG,3,0.9957391023635864,FACTURA,False,0.6939767329256876,FACTURA,False,OK,
431F56F328D7ACC22FCD92975A61219F35A2F545F85FC5B895F1039D6429E614,Z001023242400.pdf,FACTURA,F-EE08C7103D2458E54189,QR_ARCA_STRONG,0,0.8009245991706848,FACTURA,False,0.7978145362620482,FACTURA,False,OK,
43793A2A180FDCA5D268FAC15C65C7B3B8E880217A1116A449C2CD24AFBAC2A6,Z001023242378.pdf,OTRO_DOCUMENTO,F-2225E7482E0C1A2CF093,QR_ARCA_STRONG,2,0.42816177010536194,OTRO_DOCUMENTO,False,0.7417399142661695,FACTURA,True,OK,
439833AEF8D7B0259CAF9B303A64725314A132FE233FCA975B85432811D08B16,Z001023242294.pdf,FACTURA,F-FACD83D8B4281A05571A,QR_ARCA_STRONG,1,0.927869439125061,FACTURA,False,0.7217220758425188,FACTURA,False,OK,
439A22F01718067EC1EB41D23A7F8DE0A5E4BC6EA6046C74A2E669B49046FFB8,Z001023267809.pdf,FACTURA,F-FACD83D8B4281A05571A,QR_ARCA_STRONG,1,0.9128512144088745,FACTURA,False,0.6651971533076945,FACTURA,False,OK,
43D5262E76B0F6F8E069233F95062256C5EA6BAF3EF70575CCC77136CB1AFC7E,Z001023243425.pdf,FACTURA,F-127BD2FBDD2CC031C0FE,QR_ARCA_STRONG,2,0.7257227897644043,FACTURA,False,0.9204566699052109,FACTURA,False,OK,
4424511569822AF5CA87C141E0D96E7F6D9B120538996A44895E5460458AA89F,Z001023243398.pdf,FACTURA,F-6F5CAF1E1AEEB43C5486,QR_ARCA_STRONG,2,0.5693592429161072,FACTURA,False,0.7408049029148456,FACTURA,False,OK,
44336BFC12CA0A5E9F5243129B67CF8CF861EA319E51DBDB1B4CAF0E6F7DACE1,Z001023454616.pdf,OTRO_DOCUMENTO,F-17D8887E1AFD322C7FBE,PDF_TEXT_STRONG,3,0.9250719547271729,FACTURA,True,0.6852014991686302,FACTURA,True,OK,
445F236D5DF1DB523BE024A9361FA86082D6C7786733EF929A486998AF69D014,Z001023465959.pdf,FACTURA,F-A8BC10D011EB3739972C,QR_ARCA_STRONG,2,0.8062105774879456,FACTURA,False,0.7456520647821978,FACTURA,False,OK,
446E0501DAAA8C0D2C03D8A2264B06451F4B3EFA0B5D3E22D20EB5C0FA84A76F,Z001023466678.pdf,OTRO_DOCUMENTO,F-FACD83D8B4281A05571A,QR_ARCA_STRONG,1,0.8618513941764832,FACTURA,True,0.41288426731863137,OTRO_DOCUMENTO,False,OK,
4495EDC17CFD460834C0F842FC7760393B774EEC257B27E818B723920946EEEC,Z001023243735.pdf,FACTURA,F-EE08C7103D2458E54189,QR_ARCA_STRONG,0,0.6023184061050415,FACTURA,False,0.5603268607255556,FACTURA,False,OK,
44D17B670732D2F7908D719E8A43E71C8BC82036A0AD5F5FD8D8E31BF74A3FC7,Z001023454351.pdf,FACTURA,F-FACD83D8B4281A05571A,QR_ARCA_STRONG,1,0.9259794354438782,FACTURA,False,0.6899156087710703,FACTURA,False,OK,
44E978F3140D99BF9D6186C62C891C79B97EED06DBC095CFB155D1D22F8457F6,Z001023435321.pdf,FACTURA,F-0DDB74E82CF65D655CE7,QR_ARCA_STRONG,2,0.9316728115081787,FACTURA,False,0.7584297777721035,FACTURA,False,OK,
45423B64B6534B7466BB3D12871E57950B3423157843BC88BACA040D2E333D3B,Z001023268125.pdf,OTRO_DOCUMENTO,F-E311D094CEA0C30D422D,QR_ARCA_STRONG,3,0.8513075709342957,FACTURA,True,0.730740045587804,FACTURA,True,OK,
45E4B1C971479A31B8A3E5151E675BCD49996D24091AFA0D6D903D28AE654029,Z001023454912.pdf,FACTURA,F-FACD83D8B4281A05571A,QR_ARCA_STRONG,1,0.892433226108551,FACTURA,False,0.7724121452344055,FACTURA,False,OK,
465DEE8973433B7E39F5D0EBCD8C0EE08D38600A5505806B786EBB8EF1E63816,Z001023305611.pdf,FACTURA,F-2D05BCBE13ED5260189D,OCR_STRONG,3,0.9957588315010071,FACTURA,False,0.7240023274037977,FACTURA,False,OK,
46CE690F15C5A52306BE1F63A48314E43D723A15C7BB79E6878B021D377AACB7,Z001023351256.pdf,OTRO_DOCUMENTO,F-BE2A732EDC4F7479054E,QR_ARCA_STRONG,0,0.06556228548288345,OTRO_DOCUMENTO,False,0.3836257089738676,OTRO_DOCUMENTO,False,OK,
47202F7EA9AE6CCBE1449B55CA382D690A7F3BF48D0AF7E829BCD0D8522F4004,Z001023423280.pdf,OTRO_DOCUMENTO,F-2225E7482E0C1A2CF093,QR_ARCA_STRONG,2,0.2791301906108856,OTRO_DOCUMENTO,False,0.6311417506695188,FACTURA,True,OK,
4748FFCF51EE67AB048FD8858D1D91BD50E1047375DD4FA884E05A31A825D374,Z001023397915.pdf,FACTURA,F-FACD83D8B4281A05571A,QR_ARCA_STRONG,1,0.9193350672721863,FACTURA,False,0.6976678032089187,FACTURA,False,OK,
47D3C8A2FFBE4F757B2CF5687B9B5DB0784496E671CB0E75DD2E8BE5B0730416,Z001023398915.pdf,FACTURA,F-F06BCF4B9729282FE5A1,OCR_STRONG,2,0.9256709814071655,FACTURA,False,0.6581969462463916,FACTURA,False,OK,
47F56B680B5D8A38CEB3CDFA360FE52E05E0A1F3F6510B207D4043F3E0C0EB37,Z001023267250.pdf,FACTURA,F-FF1E9D9D737E473FAE94,QR_ARCA_STRONG,0,0.8815178871154785,FACTURA,False,0.7410382067386938,FACTURA,False,OK,
481956117B7BF5D84F3D09FF85452B875AA1D3150C90D00A6636B6433A2AEDC0,Z001023268043.pdf,FACTURA,F-66FEEC36CB99F857D1A9,OCR_STRONG,2,0.9297530055046082,FACTURA,False,0.8029801262691698,FACTURA,False,OK,
482FE95EC69B26D675ECCC8CAD33E1F65629851E9FE52FAE21311797A3F14305,Z001023305796.pdf,FACTURA,F-C4EFEA98CD9D9490E678,OCR_STRONG,2,0.04061282053589821,OTRO_DOCUMENTO,True,0.7016082393964143,FACTURA,False,OK,
487BE95CE2B74C076DB9B750906366F1BA20735F5EBD37547F018951FD75A2F6,Z001023384943.pdf,FACTURA,F-FACD83D8B4281A05571A,QR_ARCA_STRONG,1,0.9004455208778381,FACTURA,False,0.7195459583997406,FACTURA,False,OK,
48942984669CD296B57DD449BBBF23B3111EC4EFB58470FF24429BA455660E88,Z001023284900.pdf,FACTURA,F-0EE887752345887B2F4F,OCR_STRONG,2,0.024501703679561615,OTRO_DOCUMENTO,True,0.3875982533486323,OTRO_DOCUMENTO,True,OK,
48A15CDA72B11D1EEFEA64DC1FD8E662BE4B281ED8292B1DD2AC9FE31A601F59,Z001023242293.pdf,FACTURA,F-FACD83D8B4281A05571A,QR_ARCA_STRONG,1,0.9220749139785767,FACTURA,False,0.7621831654851732,FACTURA,False,OK,
48CAE4F75B61624432A182135E7A304CE3D8308B2CA21033E0327368290C07D6,Z001023243459.pdf,FACTURA,F-EE08C7103D2458E54189,QR_ARCA_STRONG,0,0.610855758190155,FACTURA,False,0.7840422736829149,FACTURA,False,OK,
4930E9734A794BC4F0752CC3CEAEF60D72C0E1DDEDB23DFDC766CC02FE89712D,Z001023306240.pdf,FACTURA,F-FACD83D8B4281A05571A,QR_ARCA_STRONG,1,0.9184436798095703,FACTURA,False,0.7384899323127316,FACTURA,False,OK,
4948D0FA0F95989E86BF9A7946E176DB7A1C64E48302AE1125CAAF7C09B9BC44,Z001023267211.pdf,FACTURA,F-463F5D66BCFC1B95B4F2,QR_ARCA_STRONG,3,0.9924907088279724,FACTURA,False,0.7183689672617315,FACTURA,False,OK,
4977BD9321274C56C37FA622DDBBAD186D692453E6A09EE22B0546A90912BEFD,Z001023478167.pdf,FACTURA,F-463F5D66BCFC1B95B4F2,OCR_STRONG,3,0.9720227718353271,FACTURA,False,0.7833761915168264,FACTURA,False,OK,
49877C939058E0CCF767C71D8946B7FCC3FB9479A1D831926B45806AA43E9F4B,Z001023465961.pdf,FACTURA,F-236B043AC3F54D78C0B5,OCR_STRONG,2,0.5098885893821716,FACTURA,False,0.7146881598150814,FACTURA,False,OK,
49AAE2D8D5826364B7C42B76AC987D080A47C6BDA17C7F7B32E6233FF452180F,Z001023267367.pdf,OTRO_DOCUMENTO,F-319491FEEAF6386D99BD,QR_ARCA_STRONG,0,0.6765263676643372,FACTURA,True,0.7867956630573476,FACTURA,True,OK,
49ECAF7C70EC6A54728D8C4A2DC9FFD424F1690EC375E1F99838F91077835313,Z001023338072.pdf,FACTURA,F-EE08C7103D2458E54189,QR_ARCA_STRONG,0,0.7243552207946777,FACTURA,False,0.784982137485278,FACTURA,False,OK,
49FDA5198B54793806B0C74BE9E1E67D17DBE8E5D8627FC67439E4122958A15C,Z001023398764.pdf,FACTURA,F-6F5CAF1E1AEEB43C5486,QR_ARCA_STRONG,2,0.3599173426628113,OTRO_DOCUMENTO,True,0.7481666948824679,FACTURA,False,OK,
4A0FDE3116124B33DEE99C856BDE9A889F4BE8AB9833A0DE27F16AD629C34A57,Z001023306236.pdf,FACTURA,F-FACD83D8B4281A05571A,QR_ARCA_STRONG,1,0.9198721051216125,FACTURA,False,0.7369823675820042,FACTURA,False,OK,
4A3B294959E6152FF45800C9910DB03748710E94CD8710F805237F7532194422,Z001023305699.pdf,FACTURA,F-66FEEC36CB99F857D1A9,OCR_STRONG,2,0.9335142970085144,FACTURA,False,0.7969924171778364,FACTURA,False,OK,
4A5384DEF4B19CB130CAE73EA2EEAB8F4AC68E5D1E82DA366E613C6883BD6012,Z001023454549.pdf,FACTURA,F-463F5D66BCFC1B95B4F2,QR_ARCA_STRONG,3,0.8510341644287109,FACTURA,False,0.7440106769073012,FACTURA,False,OK,
4A5BD76C0378CC13621238F7F2581406BF864B1E74D7AC0119456CCBE7CE5DE1,Z001023398891.pdf,FACTURA,F-FACD83D8B4281A05571A,QR_ARCA_STRONG,1,0.9219592809677124,FACTURA,False,0.7244384541359988,FACTURA,False,OK,
4ABBCD0BF700A718BFBEF1383B80C543F01B890D7340660A17CCFAF33905641D,Z001023267140.pdf,FACTURA,F-C4EFEA98CD9D9490E678,OCR_STRONG,2,0.03989565372467041,OTRO_DOCUMENTO,True,0.7016082393964143,FACTURA,False,OK,
4AD486E9FF3BB40BAD661248D2947CBC41D0BF02681C772BB88045B83C2DFA65,Z001023385569.pdf,FACTURA,F-FACD83D8B4281A05571A,QR_ARCA_STRONG,1,0.9248073101043701,FACTURA,False,0.6920318864086065,FACTURA,False,OK,
4AF19DD5F7D4C2E6FC2F1935C54AEE6B5C6F4606CB7FE0F736D1EABF6B7D19A2,Z001023384944.pdf,FACTURA,F-FACD83D8B4281A05571A,QR_ARCA_STRONG,1,0.8986769318580627,FACTURA,False,0.6720384357043903,FACTURA,False,OK,
4B94E6B110CAB58547EB45BF9744C8773EBD6AEFEE79352BA74C4625125534EC,Z001023386124.pdf,OTRO_DOCUMENTO,F-2225E7482E0C1A2CF093,QR_ARCA_STRONG,2,0.4015215337276459,OTRO_DOCUMENTO,False,0.7328710354400189,FACTURA,True,OK,
4C21DCF733727C85149602A9BB3704223F69CA44B676EB651113B65E0841FA02,Z001023305672.pdf,FACTURA,F-327C7B7DF903BFC3269A,QR_ARCA_STRONG,3,0.9593150019645691,FACTURA,False,0.8610175476188284,FACTURA,False,OK,
4C22FB92DF5A4A145CDC9D5019E57BA5ED4E4827FF694366D6B0944C4318F5AF,Z001023305695.pdf,FACTURA,F-EE08C7103D2458E54189,QR_ARCA_STRONG,0,0.7899882793426514,FACTURA,False,0.8046431261915105,FACTURA,False,OK,
4C6685A365CC99C51CBC8FE312A2F0063C627408D4702A1EAC4CEED67A7C4013,Z001023266248.pdf,FACTURA,F-EE08C7103D2458E54189,QR_ARCA_STRONG,0,0.42710816860198975,OTRO_DOCUMENTO,True,0.7443992453791464,FACTURA,False,OK,
4C6BB600F039C52142DBE8128A7FD69A7D65E92612AE30CA9125B97C47207C0E,Z001023306862.pdf,FACTURA,F-EE08C7103D2458E54189,QR_ARCA_STRONG,0,0.44232064485549927,OTRO_DOCUMENTO,True,0.7315635365095887,FACTURA,False,OK,
4CBD8565AB9DE2F036EA68E8FF90D5CB3E21EBCEAC9D7267A7F5B8AC9765BE88,Z001023349852.pdf,FACTURA,F-EDBFE59229E8571451DD,QR_ARCA_STRONG,2,0.9699329733848572,FACTURA,False,0.7308586334894857,FACTURA,False,OK,
4CDDDFC9A384C484949A48EFFD1B4BA7D55D2CCE62D6324373F64F972C6E007B,Z001023385498.pdf,FACTURA,F-6F5CAF1E1AEEB43C5486,QR_ARCA_STRONG,2,0.5705931186676025,FACTURA,False,0.773052108347464,FACTURA,False,OK,
4CF4FCAB242089EAB32F977B4F3B3B28227D177A6D52A8BD5830CF1372B00F7D,Z001023267812.pdf,FACTURA,F-FACD83D8B4281A05571A,QR_ARCA_STRONG,1,0.9145583510398865,FACTURA,False,0.6832018406785528,FACTURA,False,OK,
4D1F0EACC2E4513F3BE62918FE60325D100DBE5E2351203A9AF9412468D922EF,Z001023284321.pdf,FACTURA,F-EE08C7103D2458E54189,QR_ARCA_STRONG,0,0.8080773949623108,FACTURA,False,0.8027454751172741,FACTURA,False,OK,
4DDB265CC5BC70A777E239F345E9DCEB472B0E07A36A97CB747C814966721628,Z001023268105.pdf,FACTURA,F-E311D094CEA0C30D422D,PDF_TEXT_STRONG,3,0.9309110641479492,FACTURA,False,0.7804765642071663,FACTURA,False,OK,
4E00CF86272C09321C1BB8FE8A44928B3A1ABA1969419EA778A8DBBABD64496B,Z001023366206.pdf,FACTURA,F-463F5D66BCFC1B95B4F2,QR_ARCA_STRONG,3,0.9906506538391113,FACTURA,False,0.7191214686161559,FACTURA,False,OK,
4E33D7813CA0F52F9DAE7B205F156726A26623776BB62C8AB3469BD927E0CA7A,Z001023266856.pdf,FACTURA,F-127BD2FBDD2CC031C0FE,QR_ARCA_STRONG,2,0.5607371926307678,FACTURA,False,0.9085888548743964,FACTURA,False,OK,
4E8F4CA3EA141FAB06A975375BF62091FFD9A0454831F126789FA50E5E950074,Z001023284297.pdf,FACTURA,F-FACD83D8B4281A05571A,QR_ARCA_STRONG,1,0.9185963273048401,FACTURA,False,0.7383671074351054,FACTURA,False,OK,
4FD4F771DFD962D25875FC30C0CD4A0081D17E27D089764ABC773716833D76DF,Z001023366955.pdf,FACTURA,F-66FEEC36CB99F857D1A9,OCR_STRONG,2,0.9343652725219727,FACTURA,False,0.7955257488098793,FACTURA,False,OK,
509D871731148417556D32403084C3A1F025B39F25D1E3576596145B118275F3,Z001023268045.pdf,FACTURA,F-EE08C7103D2458E54189,QR_ARCA_STRONG,0,0.6982093453407288,FACTURA,False,0.77683865504532,FACTURA,False,OK,
50FF892A28001920806C422056CC39971F50196EE55B1B9143DEBB18CEDE61C2,Z001023283865.pdf,FACTURA,F-EE08C7103D2458E54189,QR_ARCA_STRONG,0,0.7262126207351685,FACTURA,False,0.7912996692686609,FACTURA,False,OK,
511FE4E1C704287DB9F2E30D584E076198E4B9C85ED275F7724E0FCED6E83331,Z001023367186.pdf,FACTURA,F-6F5CAF1E1AEEB43C5486,QR_ARCA_STRONG,2,0.5546908378601074,FACTURA,False,0.7310618680775833,FACTURA,False,OK,
513C115499B51E28C587938A3051BD1EB0700DDD11B3418FAEB514A153BD217E,Z001023243386.pdf,FACTURA,F-6F5CAF1E1AEEB43C5486,QR_ARCA_STRONG,2,0.592858612537384,FACTURA,False,0.7800520947707426,FACTURA,False,OK,
51D9CA9CA591270CF71094784E8FB45FB6BB2B3ACC2C64EACDE6BB39C246D4C2,Z001023266249.pdf,FACTURA,F-EE08C7103D2458E54189,QR_ARCA_STRONG,0,0.7285630106925964,FACTURA,False,0.7878139337030402,FACTURA,False,OK,
522D785B8861AC8B6E0B665918509ABFC61F4A5A7AD344D29581F3820D969F29,Z001023336321.pdf,OTRO_DOCUMENTO,F-19E3E2219E79C363F63F,QR_ARCA_STRONG,0,0.9995658993721008,FACTURA,True,0.5903797199850609,FACTURA,True,OK,
5243027656B07B38EBE681545510F2C1F2554AC2E01FE4CE22A9CB9602D8657F,Z001023267829.pdf,FACTURA,F-FACD83D8B4281A05571A,QR_ARCA_STRONG,1,0.9136542677879333,FACTURA,False,0.6791960301218504,FACTURA,False,OK,
527504906574AF26885EE635E0F36AA979D7FF61B1D8507694DE2CE5B73225F4,Z001023385025.pdf,FACTURA,F-463F5D66BCFC1B95B4F2,QR_ARCA_STRONG,3,0.8337193131446838,FACTURA,False,0.7361726293855259,FACTURA,False,OK,
52872BDC59D9284A7ACD25662EAC1A3A099D7A1403FF43AF4576EEE6443F77F6,Z001023410766.pdf,FACTURA,F-EE08C7103D2458E54189,QR_ARCA_STRONG,0,0.5435417294502258,FACTURA,False,0.825400604197747,FACTURA,False,OK,
52A88A4DC787DDDBB8F9B392369383B8754539E3CC700CA09CAB17DC9897D3D7,Z001023306559.pdf,FACTURA,F-A26E6E68BD787A625DC9,QR_ARCA_STRONG,3,0.4198859930038452,OTRO_DOCUMENTO,True,0.7626602047522016,FACTURA,False,OK,
52B6FD2C8B46284ADBC2445204780085D2F07A264912814E6F22687C3A3E9970,Z001023306848.pdf,FACTURA,F-463F5D66BCFC1B95B4F2,QR_ARCA_STRONG,3,0.9892405867576599,FACTURA,False,0.8040431135459937,FACTURA,False,OK,
52E922C058F9D3030136B8C7C0BB684472A3233AB328DB8701C8122B129FE307,Z001023466257.pdf,FACTURA,F-FACD83D8B4281A05571A,QR_ARCA_STRONG,1,0.9260664582252502,FACTURA,False,0.7108242787598548,FACTURA,False,OK,
53531D26119A3A91D8160D16D8081238C94A83B00EADEEECB6BED96F35C0D21F,Z001023242890.pdf,FACTURA,F-EE08C7103D2458E54189,EXISTING_GROUND_TRUTH,0,0.7260935306549072,FACTURA,False,0.7679863198613999,FACTURA,False,OK,
53CF129FB285C10306585C4D401463DB0CD045CD0DC8A0FF1B487FBBC4A1AFC5,Z001023467670.pdf,OTRO_DOCUMENTO,F-FACD83D8B4281A05571A,QR_ARCA_STRONG,1,0.8942989110946655,FACTURA,True,0.5602296045063917,FACTURA,True,OK,
53D64513ED31729F52AED36DB909462F972FF5BA06D6C491179067D362C9C7B8,Z001023466516.pdf,FACTURA,F-52A8D3E535639BC9066E,OCR_STRONG,2,0.8482519388198853,FACTURA,False,0.7132665871009285,FACTURA,False,OK,
53DDEB792AFACFDD0BE1A1741A028A22298BDA5360530D373B25E5FDE3C89917,Z001023454403.pdf,OTRO_DOCUMENTO,F-832E3C0161524B1EAC7B,QR_ARCA_STRONG,3,0.07474388927221298,OTRO_DOCUMENTO,False,0.205820432576799,OTRO_DOCUMENTO,False,OK,
541A58F4E8042C3C1CCB76B0F0B14A9F44981E4F37DFBD98972B297BEDA30B66,Z001023242798.pdf,FACTURA,F-EE08C7103D2458E54189,QR_ARCA_STRONG,0,0.5850294232368469,FACTURA,False,0.7908582474157279,FACTURA,False,OK,
54335DE1C0415D17F21265B12222E081CEFA539B242465CBBCFC590F12C0C334,Z001023467492.pdf,FACTURA,F-463F5D66BCFC1B95B4F2,QR_ARCA_STRONG,3,0.9966701865196228,FACTURA,False,0.7958760129748575,FACTURA,False,OK,
5433BB3791112F1C6C698255943D3E43FBC529FEC610FE1D25FD1D83CD921FC6,Z001023285091.pdf,FACTURA,F-6F5CAF1E1AEEB43C5486,QR_ARCA_STRONG,2,0.29360949993133545,OTRO_DOCUMENTO,True,0.7283419455629011,FACTURA,False,OK,
5482B5BC23D9508D14F7970779F8182EBB3A21DA03E7B7C390124852EC1A2884,Z001023284903.pdf,FACTURA,F-17D8887E1AFD322C7FBE,OCR_STRONG,3,0.7404073476791382,FACTURA,False,0.7666565073419797,FACTURA,False,OK,
54E3FFE9C69EE3CFF94294F12A02B44CAB3EFD54DBDC8CB473F28E912E985C7D,Z001023243733.pdf,FACTURA,F-FACD83D8B4281A05571A,QR_ARCA_STRONG,1,0.9083680510520935,FACTURA,False,0.6036333164122993,FACTURA,False,OK,
550AC8115D0599DF1B246688659A43EBB82DB908A4C451864D3A422AE1B94790,Z001023242374.pdf,FACTURA,F-EE08C7103D2458E54189,QR_ARCA_STRONG,0,0.6806435585021973,FACTURA,False,0.7159008801987021,FACTURA,False,OK,
55169D35B57E1980443FA22E94E71390FAF7180DF7A84AC7CDFE4E5EC917C2D2,Z001023385101.pdf,FACTURA,F-FACD83D8B4281A05571A,QR_ARCA_STRONG,1,0.9195082783699036,FACTURA,False,0.7599263119927298,FACTURA,False,OK,
553735AC327B5AEBB6523999CF341A27EE0CD319E1E38D7543EDABFD5EF0476A,Z001023410667.pdf,FACTURA,F-FACD83D8B4281A05571A,QR_ARCA_STRONG,1,0.9346225261688232,FACTURA,False,0.7088366560048193,FACTURA,False,OK,
557A3265646934A29349CB572EF71904CF6A1A226E38B80EBD82882136E4A99F,Z001023267229.pdf,FACTURA,F-EE08C7103D2458E54189,QR_ARCA_STRONG,0,0.47611188888549805,OTRO_DOCUMENTO,True,0.7897184012268118,FACTURA,False,OK,
55D5569A8BE1FDF83DD7C7711B839FA48CCF21B6A44002A592A098ABC4945180,Z001023465960.pdf,FACTURA,F-A8BC10D011EB3739972C,QR_ARCA_STRONG,2,0.7945120334625244,FACTURA,False,0.7456520647821978,FACTURA,False,OK,
56858C64366FB3FFEEF5EA8BA03E748B96127B3D10B9F438CAC2689CAD93F41B,Z001023267142.pdf,FACTURA,F-C4EFEA98CD9D9490E678,OCR_STRONG,2,0.042818695306777954,OTRO_DOCUMENTO,True,0.7016082393964143,FACTURA,False,OK,
570B8BEFF92D86C450B35A0A879B847D9442F48BEB042F9C6AD00BA12E502867,Z001023305835.pdf,FACTURA,F-C4EFEA98CD9D9490E678,OCR_STRONG,2,0.04135780781507492,OTRO_DOCUMENTO,True,0.7016082393964143,FACTURA,False,OK,
57216966143EA43A85549709469528CA0F2387F937AADF26600682E72558CEB0,Z001023410259.pdf,FACTURA,F-FACD83D8B4281A05571A,QR_ARCA_STRONG,1,0.910068154335022,FACTURA,False,0.6926562142028262,FACTURA,False,OK,
5735D4ECD8C02AEE2805F44503136E2C27365A75607716CC0391313DCEB6519E,Z001023268103.pdf,FACTURA,F-EE08C7103D2458E54189,QR_ARCA_STRONG,0,0.34851470589637756,OTRO_DOCUMENTO,True,0.7988267508057327,FACTURA,False,OK,
57D9343D969BD1264FDEFF0D2A252ED028740EE39736F1A41A1D95C9B625C4AE,Z001023422192.pdf,FACTURA,F-FACD83D8B4281A05571A,QR_ARCA_STRONG,1,0.9379801750183105,FACTURA,False,0.725081686013626,FACTURA,False,OK,
58D96A8F7E16CD8E10431AF8C3FE63A36D651B973C435C700D50CF0876EB2D6B,Z001023242799.pdf,FACTURA,F-EE08C7103D2458E54189,QR_ARCA_STRONG,0,0.6494665741920471,FACTURA,False,0.7683759972973867,FACTURA,False,OK,
58E197A82F3F1F813FF06AB56686D855230F5581C975C33E1CDD744AF7D01857,Z001023305768.pdf,FACTURA,F-EE08C7103D2458E54189,QR_ARCA_STRONG,0,0.6940902471542358,FACTURA,False,0.806382687320206,FACTURA,False,OK,
59B2A30C57B53ADA185312F8F8ED72917A264206DBBAFAE49573F9B816BBC8D9,Z001023336292.pdf,FACTURA,F-E68CDBA32F276D126C50,QR_ARCA_STRONG,2,0.9926143884658813,FACTURA,False,0.8888433469195085,FACTURA,False,OK,
59E5149E5884455CB217A6C65C53D4E5A3D6A97340789DD88058604355792DD1,Z001023410369.pdf,FACTURA,F-78FBBC0583221AAC5789,QR_ARCA_STRONG,2,0.9422932267189026,FACTURA,False,0.7009452406332893,FACTURA,False,OK,
5A11426D1D9F011286075EB4996D5698F9C3A9E2265A14EEA45E1EC9EA7EA8D4,Z001023268086.pdf,FACTURA,F-FACD83D8B4281A05571A,QR_ARCA_STRONG,1,0.9208077192306519,FACTURA,False,0.7628483117080473,FACTURA,False,OK,
5A80048F71A9AE67E7530419E5A4AA5021FAC7D3DB56701B9C690DB21DBE43D3,Z001023305875.pdf,FACTURA,F-463F5D66BCFC1B95B4F2,QR_ARCA_STRONG,3,0.9916350841522217,FACTURA,False,0.7229314260920523,FACTURA,False,OK,
5B7916DC843BE2C450F86EA33A9B9F45AD1B2BB4F0890A22185D170367C77CD0,Z001023338054.pdf,FACTURA,F-463F5D66BCFC1B95B4F2,QR_ARCA_STRONG,3,0.8529687523841858,FACTURA,False,0.7601050350364552,FACTURA,False,OK,
5C0E3592C9A130DFF03ACB34C4B59CB3A208BF70116821761D3431A7693BA96D,Z001023305873.pdf,FACTURA,F-463F5D66BCFC1B95B4F2,QR_ARCA_STRONG,3,0.992701530456543,FACTURA,False,0.7436312244584161,FACTURA,False,OK,
5C105434BCE555AF94D7792820813C859CA80B3B8E23A6C81783AF6173447BE4,Z001023283759.pdf,FACTURA,F-EE08C7103D2458E54189,QR_ARCA_STRONG,0,0.6554944515228271,FACTURA,False,0.7887543978677746,FACTURA,False,OK,
5C30A6686334E5B07A188EBE90969D68F40F82B55970D0671F81743F2080CB2F,Z001023242333.pdf,FACTURA,F-86F3ACDC73080FEE11E7,QR_ARCA_STRONG,1,0.2514812648296356,OTRO_DOCUMENTO,True,0.8317913980250498,FACTURA,False,OK,
5C989274617C576316FD86055671ECCB3D8B40D4A6D022A08CCB7BEDE037C32A,Z001023410763.pdf,FACTURA,F-FACD83D8B4281A05571A,QR_ARCA_STRONG,1,0.9235813021659851,FACTURA,False,0.6602214172650642,FACTURA,False,OK,
5CD323BE0FA8C7BF7DF56E09EB62B1338AD699ED21F25A09DBA6E646DA452906,Z001023267976.pdf,OTRO_DOCUMENTO,F-108FF89DFB4EC29C3343,QR_ARCA_STRONG,0,0.7636694312095642,FACTURA,True,0.6951079817144091,FACTURA,True,OK,
5D0D7F3FAA4ADAB4AD899FAF93004DDD9B9B1E4AC8856E4E46BE7A592FF909C2,Z001023305617.pdf,FACTURA,F-463F5D66BCFC1B95B4F2,QR_ARCA_STRONG,3,0.9866709113121033,FACTURA,False,0.8064482406840379,FACTURA,False,OK,
5D224861E913AB275EAC0A0EE1005444D3C0A68007538B2C3C2965DDEDE157C2,Z001023243073.pdf,FACTURA,F-EE08C7103D2458E54189,QR_ARCA_STRONG,0,0.8627230525016785,FACTURA,False,0.7782285189726368,FACTURA,False,OK,
5DAF08946350F296A06082880FF427EEE8B115DD39BDF5199DD8C0188B76E15D,Z001023267944.pdf,FACTURA,F-976EEED6E8682B3EC86C,QR_ARCA_STRONG,2,0.9894816875457764,FACTURA,False,0.9387780414721162,FACTURA,False,OK,
5DBF71860ACD1EFE7170B783B09DF90415135A82C8C02BA29E1DDBDE98D4D92C,Z001023384938.pdf,FACTURA,F-FACD83D8B4281A05571A,QR_ARCA_STRONG,1,0.9224420785903931,FACTURA,False,0.7018795494751268,FACTURA,False,OK,
5DE70F354C118DFBDD5368EDEF221DFE5CF7AE6D16C115B9770EA743743E71F8,Z001023266858.pdf,FACTURA,F-127BD2FBDD2CC031C0FE,QR_ARCA_STRONG,2,0.5648778676986694,FACTURA,False,0.9077877114375914,FACTURA,False,OK,
5E37BAFFEE3158DC48F70E790EFAA998E9CE2904FE56058F75BF845F27357702,Z001023242366.pdf,FACTURA,F-EE08C7103D2458E54189,QR_ARCA_STRONG,0,0.694707989692688,FACTURA,False,0.793896124239731,FACTURA,False,OK,
5EADB6DE2AB4B5612CCB893D4D6F822DACA8F537DC34198253A2FA45B77AA3B0,Z001023267332.pdf,FACTURA,F-EE08C7103D2458E54189,QR_ARCA_STRONG,0,0.6754438877105713,FACTURA,False,0.7799354204806616,FACTURA,False,OK,
5F1C7E2F701520CDB3290752AC7E87FEA8278A7452B488B35E0FE82B539D1D0E,Z001023338077.pdf,FACTURA,F-FACD83D8B4281A05571A,QR_ARCA_STRONG,1,0.9449270963668823,FACTURA,False,0.6966229516286355,FACTURA,False,OK,
5F27D54F0E68E22B94CC0599AA11815F37E12D38D198BAF916699866A5771C7A,Z001023423302.pdf,FACTURA,F-EFE6E9C595B24436566B,PDF_TEXT_STRONG,3,0.99544757604599,FACTURA,False,0.6937218756059415,FACTURA,False,OK,
5FB7BD28D27616E8676E0229F610930D8EB1C05062288C9843B6A07025902965,Z001023283789.pdf,FACTURA,F-FACD83D8B4281A05571A,QR_ARCA_STRONG,1,0.8961408734321594,FACTURA,False,0.7177307264607203,FACTURA,False,OK,
5FF603BFE35FFE846FE61CC7D6E257DAFA04176A27BDDA23DB954E289083BDA7,Z001023435310.pdf,FACTURA,F-FACD83D8B4281A05571A,QR_ARCA_STRONG,1,0.9235830903053284,FACTURA,False,0.7623590696588359,FACTURA,False,OK,
60558219ECCEAA2E0CC16BEF0AA57528D8111AF668CE04DD850611269578D101,Z001023267145.pdf,FACTURA,F-C4EFEA98CD9D9490E678,OCR_STRONG,2,0.03897977992892265,OTRO_DOCUMENTO,True,0.7016082393964143,FACTURA,False,OK,
614C2047A38FFFEC9913CEA1D7C91912147857A130D26CEB45D38AFECE1F3018,Z001023284295.pdf,FACTURA,F-EE08C7103D2458E54189,QR_ARCA_STRONG,0,0.794918954372406,FACTURA,False,0.7815253129515207,FACTURA,False,OK,
618FA8EF90B2BC09442461DF6A1950F3B56DE7D9217334E5658065B15A2D1C7D,Z001023305700.pdf,FACTURA,F-66FEEC36CB99F857D1A9,OCR_STRONG,2,0.891865611076355,FACTURA,False,0.8012184993746517,FACTURA,False,OK,
62ED045064645CFAC1E4ABEAB3BD7871BB1ACA133EB42A02042DFD4116B68747,Z001023284539.pdf,FACTURA,F-463F5D66BCFC1B95B4F2,QR_ARCA_STRONG,3,0.9907042384147644,FACTURA,False,0.6881176903101892,FACTURA,False,OK,
6306F04EC7699ACD9AA20661D6A0094E0EF6F2D07DB0DCB6E7DCB90754F946FC,Z001023321112.pdf,FACTURA,F-EE08C7103D2458E54189,QR_ARCA_STRONG,0,0.6400829553604126,FACTURA,False,0.8024237976951661,FACTURA,False,OK,
6358F007E68B39846A6D3A1985B57BA5DB9B44816655F040179A2E54F5D3950B,Z001023410770.pdf,FACTURA,F-EE08C7103D2458E54189,QR_ARCA_STRONG,0,0.6256060600280762,FACTURA,False,0.7854627767428147,FACTURA,False,OK,
63D1DB74D405C58FC6B148A98498E2351418A24343D9326C5EB42A6CCEC42A4A,Z001023366865.pdf,OTRO_DOCUMENTO,F-99F7A3F5F30B759FC1BA,OCR_STRONG,3,0.9918163418769836,FACTURA,True,0.6542063524136381,FACTURA,True,OK,
63E3F4FF38F20C64BA564671499DC8683FBF77219974F9D9B1173F8A2FE05D4C,Z001023422553.pdf,FACTURA,F-63F23BB2C7162DAFD254,PDF_TEXT_STRONG,0,0.4973362982273102,OTRO_DOCUMENTO,True,0.7922411898926934,FACTURA,False,OK,
63F5F3AB045C5B5F66EA108111298A47D3D35401D9F776570A886AC745108D3F,Z001023321695.pdf,OTRO_DOCUMENTO,F-FACD83D8B4281A05571A,QR_ARCA_STRONG,1,0.8528626561164856,FACTURA,True,0.40766041830370653,OTRO_DOCUMENTO,False,OK,
6403BB9E343E7ADC6832D9FEF0B238A5C7629934B729B49930D5EB612D45A237,Z001023384946.pdf,OTRO_DOCUMENTO,F-FACD83D8B4281A05571A,QR_ARCA_STRONG,1,0.8611894845962524,FACTURA,True,0.4500633391251975,OTRO_DOCUMENTO,False,OK,
644FB4104CC6E78DECDE080C8BD310D32890EA13F2BCB7525F77ACB5E97A78D7,Z001023307015.pdf,FACTURA,F-D8FCDE61FE47CC36A198,OCR_STRONG,2,0.8641271591186523,FACTURA,False,0.7140219955296067,FACTURA,False,OK,
64FB474B146A0EB177D75CB68476D6BCE12EF039503945B080FCA1CE3484EB2E,Z001023268129.pdf,FACTURA,F-22D8B0B2BC197D116017,QR_ARCA_STRONG,3,0.8226909637451172,FACTURA,False,0.7664023566770868,FACTURA,False,OK,
65056D9EA1A540DC588945E523AD94B314066341E145D5716A7A605D30F64157,Z001023422325.pdf,FACTURA,F-FACD83D8B4281A05571A,QR_ARCA_STRONG,1,0.926547110080719,FACTURA,False,0.7441141592481799,FACTURA,False,OK,
653916FEE25C919AB6EB8CD62ACDB2EFB4ED9246ABE1E345CCEFD62AD0B1EEEF,Z001023454441.pdf,FACTURA,F-463F5D66BCFC1B95B4F2,QR_ARCA_STRONG,3,0.8541364073753357,FACTURA,False,0.752336794836982,FACTURA,False,OK,
65689BDA6B6E78D08778050BC9AF74BF489A45EC0F06B14D021402CC4A49703B,Z001023336323.pdf,FACTURA,F-9556189C2A6C11049E74,PDF_TEXT_STRONG,2,0.40205585956573486,OTRO_DOCUMENTO,True,0.7183736959193742,FACTURA,False,OK,
657D014F547F5C67D9C3C97F905729BE00F4498F2CB5E01528AAFF4F0E177E5B,Z001023350376.pdf,OTRO_DOCUMENTO,F-DCC01CD6C3861C7E4C3E,OCR_STRONG,3,0.9576153755187988,FACTURA,True,0.7108101680676496,FACTURA,True,OK,
657E1FF4F3374E8D93CA51BEC8C1C7D4058C9E51797A97E15FCAFCF3A54FC356,Z001023305809.pdf,FACTURA,F-B48A5E97973412D090E1,OCR_STRONG,3,0.9857322573661804,FACTURA,False,0.7080236523583862,FACTURA,False,OK,
65D1D32538349C1E4FD033151901890E04026E390D8DBDDB40D8BA7450402C6D,Z001023265841.pdf,FACTURA,F-EE08C7103D2458E54189,QR_ARCA_STRONG,0,0.7628734707832336,FACTURA,False,0.7869149979517868,FACTURA,False,OK,
660C649E87C0E096D3EA290A7EEB1B41027B0E57F5AC516359697241B2FA0A46,Z001023321054.pdf,FACTURA,F-FACD83D8B4281A05571A,QR_ARCA_STRONG,1,0.9128601551055908,FACTURA,False,0.6954828149780612,FACTURA,False,OK,
6628B77297FB0AF7072963D7CFE54056E7303FF0D0C639C77083714E0007556F,Z001023349970.pdf,FACTURA,F-463F5D66BCFC1B95B4F2,QR_ARCA_STRONG,3,0.9958474040031433,FACTURA,False,0.8003852954202318,FACTURA,False,OK,
669CEF756F24B3F2936E59DA9B442C8189694D27CDCAA0F56F21B933D8FFF582,Z001023268013.pdf,FACTURA,F-FACD83D8B4281A05571A,QR_ARCA_STRONG,1,0.9101819396018982,FACTURA,False,0.6903869716752572,FACTURA,False,OK,
671095A2ED870416638D91130E56FEB62CED369C2B40CF13D8A3685EF542C9C2,Z001023243381.pdf,FACTURA,F-6F5CAF1E1AEEB43C5486,QR_ARCA_STRONG,2,0.47498294711112976,OTRO_DOCUMENTO,True,0.728740556474526,FACTURA,False,OK,
674A1F88C6BD5E53FAF757B8EAF603391E1CDAAFF0A5B8A0038B98FCB947852D,Z001023467491.pdf,FACTURA,F-E311D094CEA0C30D422D,PDF_TEXT_STRONG,3,0.9086311459541321,FACTURA,False,0.7862174918923519,FACTURA,False,OK,
679B276143705D4AC3247557E5B766A0D3B8EF46EF0C7E93E9743E56F4C7C21B,Z001023385074.pdf,FACTURA,F-FC411F149001282E7254,QR_ARCA_STRONG,2,0.3248678743839264,OTRO_DOCUMENTO,True,0.7150817553847463,FACTURA,False,OK,
681D494D1EABD2B24BA13F9F99B3AC5F6D565688BB7368714C430C5395C5A868,Z001023243384.pdf,FACTURA,F-127BD2FBDD2CC031C0FE,EXISTING_GROUND_TRUTH,2,0.6079028248786926,FACTURA,False,0.9132111603273227,FACTURA,False,OK,
68384C891F748520511F1AC118FCE49299EBC326BF1FA1B534BBBF80AEB427D4,Z001023267817.pdf,FACTURA,F-FACD83D8B4281A05571A,QR_ARCA_STRONG,1,0.9153586030006409,FACTURA,False,0.677870884762847,FACTURA,False,OK,
68847021C832C384F382EB8B663EF6878C4B227562C30B4AE75BACD93F932807,Z001023283742.pdf,FACTURA,F-FACD83D8B4281A05571A,QR_ARCA_STRONG,1,0.9294648766517639,FACTURA,False,0.6755843602477445,FACTURA,False,OK,
688B857EBA76F3FDD3C84756E0A20DB13FDCC6613A64CC850D0CDA9760FDF897,Z001023398913.pdf,FACTURA,F-FACD83D8B4281A05571A,QR_ARCA_STRONG,1,0.9282625317573547,FACTURA,False,0.7482546330810489,FACTURA,False,OK,
689B7BBF501134FEE362293BF2BFE282BFAF1D3D456B47AC2C5C1CCAB5FA15C4,Z001023365877.pdf,OTRO_DOCUMENTO,F-FACD83D8B4281A05571A,QR_ARCA_STRONG,1,0.8515633940696716,FACTURA,True,0.3743666549002399,OTRO_DOCUMENTO,False,OK,
68B3C6AAFE89838741E71226D9F554CE180B406E66489C6843999F2CB92CEDF1,Z001023242965.pdf,FACTURA,F-EE08C7103D2458E54189,QR_ARCA_STRONG,0,0.7699635624885559,FACTURA,False,0.8037634447827953,FACTURA,False,OK,
68BECE9089A8CF2D016046FF5F01BD82DB7E926079538EFBDAC71920F9FB6F4E,Z001023264729.pdf,FACTURA,F-E70110F2096258660969,QR_ARCA_STRONG,0,0.9891966581344604,FACTURA,False,0.8182345590311276,FACTURA,False,OK,
691BF365684F97697A067502250D2340172FFABC2AF02D9E3B21DA04BCB2E53D,Z001023305692.pdf,FACTURA,F-463F5D66BCFC1B95B4F2,QR_ARCA_STRONG,3,0.9950143694877625,FACTURA,False,0.8002027849700212,FACTURA,False,OK,
6951FCD388A8D53F50AEC19CB24E961F550D8DFDD9B70D9D3EBBEE53AB0530DF,Z001023266873.pdf,FACTURA,F-BD443D8161F24BFCB109,PDF_TEXT_STRONG,3,0.9664554595947266,FACTURA,False,0.6826551152333475,FACTURA,False,OK,
69BD97565D5E8FA5D5CC7FD22FC5672E7AB8B5D16B40DFF18AEA29F0EE46FD94,Z001023410432.pdf,FACTURA,F-EE08C7103D2458E54189,QR_ARCA_STRONG,0,0.8325655460357666,FACTURA,False,0.8110149415407694,FACTURA,False,OK,
69F92D3D10F2BE9527CE3AA19F22635B987762F8663A4A61550B7791C9813E44,Z001023366864.pdf,OTRO_DOCUMENTO,F-99F7A3F5F30B759FC1BA,OCR_STRONG,3,0.9926888346672058,FACTURA,True,0.6489006508411447,FACTURA,True,OK,
6A06BCDA8E65514CF3BD6E192ED15EE82B1DF5E90108BE7BCD9B102E469B53F9,Z001023267261.pdf,FACTURA,F-A75A0A5D32BC3BDDC3FF,OCR_STRONG,1,0.9816474318504333,FACTURA,False,0.8051380039555794,FACTURA,False,OK,
6A19E35A6ABC9779551A8B03A45A480090726EC526CA32ABE637DAE9DC09E317,Z001023466474.pdf,FACTURA,F-874149FBB96F2D26236B,PDF_TEXT_STRONG,2,0.9656530618667603,FACTURA,False,0.6229714092608645,FACTURA,False,OK,
6A44D2562609C71F11C6039FD392E9E681619719A7040D46EA9B6E1E6DB4F295,Z001023466254.pdf,FACTURA,F-FACD83D8B4281A05571A,QR_ARCA_STRONG,1,0.9257026314735413,FACTURA,False,0.7394914422209775,FACTURA,False,OK,
6AA2642DAF7B52EB364C1F945C3E1E25D291670E295B50405BC27CB969D12DE4,Z001023321061.pdf,FACTURA,F-FACD83D8B4281A05571A,QR_ARCA_STRONG,1,0.9369646310806274,FACTURA,False,0.7193589780579501,FACTURA,False,OK,
6AAA6E56A668CA470CE59A1DA0E3208162A408FD1E83E1DB80551F50B08F7631,Z001023242344.pdf,OTRO_DOCUMENTO,F-2225E7482E0C1A2CF093,QR_ARCA_STRONG,2,0.5175246596336365,FACTURA,True,0.7189188272861561,FACTURA,True,OK,
6AB1420C695AE2A02BBF6C1CF3EA49C7218A2CF1AC0BAE68E045D85D111FC0C0,Z001023410767.pdf,FACTURA,F-FACD83D8B4281A05571A,QR_ARCA_STRONG,1,0.7625828385353088,FACTURA,False,0.7760899411692677,FACTURA,False,OK,
6B0339E36C35108FAF16CA49C1BF3433163F965A1ED14438435253633CBB9F31,Z001023283864.pdf,FACTURA,F-FACD83D8B4281A05571A,QR_ARCA_STRONG,1,0.9013115763664246,FACTURA,False,0.6971743871429605,FACTURA,False,OK,
6B4A3FF9C231EC839A67CEBFFE430E144F787E7637B5565884FC431C70BB3736,Z001023305691.pdf,FACTURA,F-FACD83D8B4281A05571A,QR_ARCA_STRONG,1,0.9286162853240967,FACTURA,False,0.688414118372489,FACTURA,False,OK,
6B5E9590C4800D1DF3407962383CB00B53C9090887157D672A4E2359DFFAA25F,Z001023338055.pdf,FACTURA,F-463F5D66BCFC1B95B4F2,QR_ARCA_STRONG,3,0.8569179177284241,FACTURA,False,0.7627769116906207,FACTURA,False,OK,
6B7BB9D0EFF24F7DAB919D1049DE297F8C289642CBF813E3C2E85064308F0BC6,Z001023397972.pdf,FACTURA,F-FACD83D8B4281A05571A,QR_ARCA_STRONG,1,0.9305888414382935,FACTURA,False,0.6995784327575776,FACTURA,False,OK,
6B96BB1E1D807BDFD4A12F5631C2176A155EE44DAA9B974BA349414248CE8938,Z001023267136.pdf,FACTURA,F-C4EFEA98CD9D9490E678,OCR_STRONG,2,0.0412527471780777,OTRO_DOCUMENTO,True,0.7016082393964143,FACTURA,False,OK,
6BC211BC3F456C4F62C7F39BE39CE115108F377BC270C8D0CBD9CB0A400092D5,Z001023321351.pdf,FACTURA,F-463F5D66BCFC1B95B4F2,PDF_TEXT_STRONG,3,0.9714287519454956,FACTURA,False,0.7576894764447045,FACTURA,False,OK,
6BC87B9F03FDB1B6CA97AF962F30837A6B76F2CBC51CEAC85253E653BB7D3790,Z001023454866.pdf,FACTURA,F-FACD83D8B4281A05571A,QR_ARCA_STRONG,1,0.9163517951965332,FACTURA,False,0.6923343339336053,FACTURA,False,OK,
6BDD70A1E311F323C3AE095EA182CC3591DEFFA1BB39A2F1872AD5556DE12B10,Z001023410905.pdf,FACTURA,F-724FA6B6F7F7BF0A734C,PDF_TEXT_STRONG,0,0.6125128865242004,FACTURA,False,0.772261666570132,FACTURA,False,OK,
6C4F806F57E884A8868D9DDA6F11E9A66107106EC3FE4989B56D5ED6BDBF705C,Z001023268101.pdf,FACTURA,F-FACD83D8B4281A05571A,QR_ARCA_STRONG,1,0.8625059723854065,FACTURA,False,0.7490298835160312,FACTURA,False,OK,
6C5B4EA91CF5B9B7DCFE271736BED260D3E743DB8E6B20D27414377E4A215229,Z001023455412.pdf,OTRO_DOCUMENTO,F-463F5D66BCFC1B95B4F2,PDF_TEXT_STRONG,3,0.9759827852249146,FACTURA,True,0.5647247061054882,FACTURA,True,OK,
6C60860296C94E2ACB69838ECB62B7DEE7CD4A9C0357E689FC6DF7E2F4D840B5,Z001023466478.pdf,FACTURA,F-52A8D3E535639BC9066E,OCR_STRONG,2,0.934598982334137,FACTURA,False,0.6818977839232561,FACTURA,False,OK,
6C8B940D1661F64CF6F7EC76B7DBF963C1D054B1355DFD856CA0FB306A750A3D,Z001023268087.pdf,FACTURA,F-EE08C7103D2458E54189,QR_ARCA_STRONG,0,0.6146411895751953,FACTURA,False,0.8250123777595434,FACTURA,False,OK,
6C94C617C8904CF308B28BE5F23B2E67C8FC9DF6D9AD8F1B0FB3FEA74DBFEEA1,Z001023266877.pdf,FACTURA,F-EE08C7103D2458E54189,QR_ARCA_STRONG,0,0.5268759727478027,FACTURA,False,0.7559236482824663,FACTURA,False,OK,
6D6E1AA48E6C44FD43EF2352B4C1F3D017BC787D0C043C49EAACDF1BCF531B22,Z001023267214.pdf,FACTURA,F-C4EFEA98CD9D9490E678,OCR_STRONG,2,0.04382947459816933,OTRO_DOCUMENTO,True,0.7016082393964143,FACTURA,False,OK,
6DEA7D3BCF2BDC78A4C5B1A0C8A35F62E0D88B265012BA0DBBCB8B6613470373,Z001023321186.pdf,FACTURA,F-463F5D66BCFC1B95B4F2,QR_ARCA_STRONG,3,0.9923392534255981,FACTURA,False,0.732313655742402,FACTURA,False,OK,
6E223B3FB776EC499C1079BF9AF95E4CAA33950DD34CBC577C446F8985A308EA,Z001023305817.pdf,FACTURA,F-C4EFEA98CD9D9490E678,OCR_STRONG,2,0.041996363550424576,OTRO_DOCUMENTO,True,0.7016082393964143,FACTURA,False,OK,
6E87835328F15BFEB50D7BE61B069A1C3E18312B37B2AD241FC3B3D5B3669957,Z001023283780.pdf,FACTURA,F-6F5CAF1E1AEEB43C5486,QR_ARCA_STRONG,2,0.18456031382083893,OTRO_DOCUMENTO,True,0.7210923794026647,FACTURA,False,OK,
6E9ED9F5310651C047A3FC9B8D480F10A4625DB45DC71EB2F895E3E2993D62A1,Z001023305793.pdf,FACTURA,F-EE08C7103D2458E54189,QR_ARCA_STRONG,0,0.8137032985687256,FACTURA,False,0.7779384937306217,FACTURA,False,OK,
6EE583A0329BFFE2CC0604B2DF470F2E9E8A3A491ABED3AE58229C122955C824,Z001023366863.pdf,OTRO_DOCUMENTO,F-FACD83D8B4281A05571A,QR_ARCA_STRONG,1,0.8522306084632874,FACTURA,True,0.3738718486764745,OTRO_DOCUMENTO,False,OK,
70183B71AFCE11898A3EBCFC447FF1DA5F4FCE6AE346AD66A7BFB03C5841D4DF,Z001023384945.pdf,OTRO_DOCUMENTO,F-FACD83D8B4281A05571A,QR_ARCA_STRONG,1,0.8508363366127014,FACTURA,True,0.38004342663669477,OTRO_DOCUMENTO,False,OK,
70701EB80254F49040749A4D00344EC36FD7AC369A877580BDB3B12BC941655A,Z001023242307.pdf,FACTURA,F-FACD83D8B4281A05571A,QR_ARCA_STRONG,1,0.9291141033172607,FACTURA,False,0.782728281172971,FACTURA,False,OK,
70943A213A862A315DB451BAFBADDBFE5C0E45D694BF40FD8E5430FF47A032BA,Z001023242889.pdf,OTRO_DOCUMENTO,F-E8D73DC2FE1F519E363D,EXISTING_GROUND_TRUTH,0,0.9890901446342468,FACTURA,True,0.7343178872494076,FACTURA,True,OK,
70E5AE3F504F2F5AB4AD5B3E512AC716415539ADF79DF6BF02821B5A8D35578A,Z001023306668.pdf,FACTURA,F-463F5D66BCFC1B95B4F2,QR_ARCA_STRONG,3,0.9300079941749573,FACTURA,False,0.8001332042542103,FACTURA,False,OK,
724463BDFD7CEF809283F23242EFA6D6746540C1B1BED9FA87F7081F3FEAA794,Z001023321623.pdf,FACTURA,F-FACD83D8B4281A05571A,QR_ARCA_STRONG,1,0.9285300374031067,FACTURA,False,0.7146361337356172,FACTURA,False,OK,
724E671BB3324AC80652938C4FC4669A53A37A8FC7CE84A81EA066E5A2D15246,Z001023242887.pdf,FACTURA,F-EE08C7103D2458E54189,QR_ARCA_STRONG,0,0.7754618525505066,FACTURA,False,0.8026297516952352,FACTURA,False,OK,
728FFB9AA6918939C77AFBD14176374095A4B94DF78DC4BBE4E0D3A1F4E64555,Z001023320983.pdf,FACTURA,F-278280CEE7859CD404B9,QR_ARCA_STRONG,0,0.814329981803894,FACTURA,False,0.8451799656463268,FACTURA,False,OK,
729AF3D6447EC31F5F02AB12E6FB6DD6CAE910EC2C50B43FBEBFECB00678E4B0,Z001023454378.pdf,FACTURA,F-C4EFEA98CD9D9490E678,OCR_STRONG,2,0.03933683782815933,OTRO_DOCUMENTO,True,0.6972480270663277,FACTURA,False,OK,
72D4B9B1041555B196030613602AB200641E03F669E2F7A68004A6F30A0026C9,Z001023466477.pdf,FACTURA,F-52A8D3E535639BC9066E,OCR_STRONG,2,0.9392967820167542,FACTURA,False,0.6639860861447843,FACTURA,False,OK,
72DB0BB791EF4D236D0F5138132C14C14CC2CD9C33CB371EE37DDDD55642FBA8,Z001023283732.pdf,FACTURA,F-EE08C7103D2458E54189,QR_ARCA_STRONG,0,0.6714921593666077,FACTURA,False,0.7697538797350831,FACTURA,False,OK,
734F30506EF447B3DF986696A7B0478A899FB94EB94D9C58897B138972AFE0CB,Z001023243422.pdf,FACTURA,F-6F5CAF1E1AEEB43C5486,QR_ARCA_STRONG,2,0.5970182418823242,FACTURA,False,0.8012834058639039,FACTURA,False,OK,
7369DF302D07631A98454113785F530B862A7D556083C9BCE2A378E733A259D1,Z001023283690.pdf,OTRO_DOCUMENTO,F-FACD83D8B4281A05571A,QR_ARCA_STRONG,1,0.9112452864646912,FACTURA,True,0.47852435768898466,OTRO_DOCUMENTO,False,OK,
7450CD3EC72F3F9A0F1009EF270B10F283D7B56BE50BAAC01800EA9CF2C9E36B,Z001023350226.pdf,FACTURA,F-DCC01CD6C3861C7E4C3E,OCR_STRONG,3,0.9346554279327393,FACTURA,False,0.7679311111461378,FACTURA,False,OK,
74542EF02D20DD76101D0733ECF11256439DDFD34B08011929E3EAD5E159F285,Z001023306575.pdf,FACTURA,F-6F5CAF1E1AEEB43C5486,QR_ARCA_STRONG,2,0.629479706287384,FACTURA,False,0.7477491770865793,FACTURA,False,OK,
74A8804E13BCB0916DE52FB4050B48283F6D7C52B6A0CC9E5C66DBC3093FEB48,Z001023243400.pdf,FACTURA,F-6F5CAF1E1AEEB43C5486,QR_ARCA_STRONG,2,0.6464793086051941,FACTURA,False,0.8025970650196408,FACTURA,False,OK,
74A93147090410909DD49E3D1B75B7C3EA9345128B785139DC2F671880C5FE6E,Z001023321593.pdf,FACTURA,F-EE08C7103D2458E54189,QR_ARCA_STRONG,0,0.5916012525558472,FACTURA,False,0.7482069277719263,FACTURA,False,OK,
74E1683A4487F41741E8A66012A82E03967DF0DDF917463FCEF8254BBECACC4A,Z001023366210.pdf,FACTURA,F-463F5D66BCFC1B95B4F2,QR_ARCA_STRONG,3,0.9895272254943848,FACTURA,False,0.7190104165339779,FACTURA,False,OK,
750B721B9BDFFF78051B518266ACF845200D2C77179A01BD8DBB04C304DBA48F,Z001023435484.pdf,FACTURA,F-FACD83D8B4281A05571A,QR_ARCA_STRONG,1,0.936263382434845,FACTURA,False,0.6920121174479844,FACTURA,False,OK,
754EE6E12E8F8F2901DAE135E15FF3D5ABF245CA5D195BB6F95149FE4EA034C8,Z001023385198.pdf,FACTURA,F-463F5D66BCFC1B95B4F2,QR_ARCA_STRONG,3,0.9966889023780823,FACTURA,False,0.8059845409180045,FACTURA,False,OK,
75920680546C0B19824E520C35362E4321A64E41D50F38FDCA51BFD9B991E533,Z001023454960.pdf,FACTURA,F-32D29C25B87BCDD5D9A3,OCR_STRONG,3,0.3147871792316437,OTRO_DOCUMENTO,True,0.829392371518939,FACTURA,False,OK,
7665E4053FAEAC461DD7C5DD5BCF9F87E0FD310718AD6F36BCD084A7244397EC,Z001023397941.pdf,FACTURA,F-236B043AC3F54D78C0B5,OCR_STRONG,2,0.541641116142273,FACTURA,False,0.7345862548487563,FACTURA,False,OK,
7765957EC5D2FAD2C870AA576B360E8C599D1A09C2161E5A60675B0C299E82FF,Z001023338067.pdf,FACTURA,F-C04B37B1724168DE2084,QR_ARCA_STRONG,3,0.7853021025657654,FACTURA,False,0.7555068782487733,FACTURA,False,OK,
77A0EC1DD124A7512A46495983BEB01CA5EAB0F48B06D7DE74C1D779BA2D5625,Z001023242368.tif,FACTURA,F-42F5E136477B6F356B09,QR_ARCA_STRONG,2,0.9226475358009338,FACTURA,False,0.9386819064034283,FACTURA,False,OK,
77B60D8DF4FBC86CF6252968C853F56FAEEDA985E717813496E7056B93CA9840,Z001023398887.pdf,FACTURA,F-6F5CAF1E1AEEB43C5486,QR_ARCA_STRONG,2,0.7059717774391174,FACTURA,False,0.7572984379590433,FACTURA,False,OK,
77BEE0C8120D6B5C3D19B79CC4ABFFE13BCD86AB4AD7BDCFE810BF0F53FA5689,Z001023385050.pdf,FACTURA,F-FC411F149001282E7254,QR_ARCA_STRONG,2,0.3219393789768219,OTRO_DOCUMENTO,True,0.7111212987466247,FACTURA,False,OK,
7856CD25016572D0C1DAD26A3A34140A0970F045A42C83C1D80C10E9F894C9B6,Z001023242960.pdf,FACTURA,F-EE08C7103D2458E54189,QR_ARCA_STRONG,0,0.7163539528846741,FACTURA,False,0.7937451306464411,FACTURA,False,OK,
786C9DF77DC594A4F4661372FB7550FA2BBE1C9CDC8EEFD007F2E8338559704A,Z001023243424.pdf,FACTURA,F-127BD2FBDD2CC031C0FE,QR_ARCA_STRONG,2,0.7036073803901672,FACTURA,False,0.9341506128967262,FACTURA,False,OK,
789EA214DA187999DB573C790694ED9C456AD09E79B3423DA4745624AB02984B,Z001023338068.pdf,FACTURA,F-FACD83D8B4281A05571A,QR_ARCA_STRONG,1,0.9207147359848022,FACTURA,False,0.7757675956499746,FACTURA,False,OK,
78D7C45F35EDDA7F3577410E9127D1B384883360372511081C054BA435B8E0A6,Z001023243382.pdf,FACTURA,F-6F5CAF1E1AEEB43C5486,QR_ARCA_STRONG,2,0.6348947882652283,FACTURA,False,0.8009081759713177,FACTURA,False,OK,
7943C6EB1641AD882AF8038E05B5F350A7FA8FBE6C2DF3DF90E9004412040FEF,Z001023243375.pdf,FACTURA,F-3F260BA547D3B90B2125,EXISTING_GROUND_TRUTH,0,0.7741572856903076,FACTURA,False,0.8080221919593549,FACTURA,False,OK,
798711A2CD575D42858450215C116F88AAB5045FF2ADB933E2FAFEA46C072DB6,Z001023267973.pdf,FACTURA,F-108FF89DFB4EC29C3343,QR_ARCA_STRONG,0,0.7936287522315979,FACTURA,False,0.8150819258671489,FACTURA,False,OK,
798ACADC0DC6E998A0904781F508CB74AA1B009064F5615A92EEE05C3AA36790,Z001023242299.pdf,FACTURA,F-228C9EF1AF8B1DC387B7,QR_ARCA_STRONG,0,0.9855339527130127,FACTURA,False,0.8114664906965331,FACTURA,False,OK,
79ADF4E464CD5BF264A498AF625E2970E5CC8C04C0328A0860C11350DB57FBE3,Z001023350872.pdf,FACTURA,F-A69FDECE53AB69CF1845,QR_ARCA_STRONG,2,0.9687905311584473,FACTURA,False,0.7191839581999894,FACTURA,False,OK,
7AB8D2AB7B5229FA6F6AFB5F7329F783BD003B13322FB478B6176610993FCC87,Z001023306666.pdf,FACTURA,F-463F5D66BCFC1B95B4F2,QR_ARCA_STRONG,3,0.9765198230743408,FACTURA,False,0.7952094624036982,FACTURA,False,OK,
7AE0DBFAD8AA6A4A31D3D85770137B3AC98891809709CF8E9EC04FAD430D9BFB,Z001023321897.pdf,FACTURA,F-EE08C7103D2458E54189,QR_ARCA_STRONG,0,0.69741290807724,FACTURA,False,0.7299425192049549,FACTURA,False,OK,
7B3901E49FF57B75478E861F1A6EEC80C6FA8ED5B6BF3BAB44C8E8FC0989BB5C,Z001023268104.pdf,FACTURA,F-FACD83D8B4281A05571A,QR_ARCA_STRONG,1,0.8649395704269409,FACTURA,False,0.7536361496186056,FACTURA,False,OK,
7B719EB0767D781E74AAB6EFB62BA480BFEF3682904B68947E5F6415AFE1EE44,Z001023283878.pdf,FACTURA,F-4282D891EC4146496CC2,QR_ARCA_STRONG,3,0.9917446970939636,FACTURA,False,0.8347766972419991,FACTURA,False,OK,
7B88EB37D9D6D70AF24378E316B65C9A921DFF386F57347F7073D8AB98E0D99F,Z001023349832.pdf,FACTURA,F-EDBFE59229E8571451DD,QR_ARCA_STRONG,2,0.9650706052780151,FACTURA,False,0.7638234261712338,FACTURA,False,OK,
7BDA132A66DCC9019CACEC8C76D060F25F6AB5BC39C12E07860E24F737ADFF5D,Z001023242524.pdf,FACTURA,F-6A583E4107FD174FEE61,QR_ARCA_STRONG,1,0.8111068606376648,FACTURA,False,0.8038223980072718,FACTURA,False,OK,
7BE95791A9699A99D2073BA31B556C45CFA1A04985002C06CA6A36D57A86525D,Z001023283729.pdf,FACTURA,F-FACD83D8B4281A05571A,QR_ARCA_STRONG,1,0.8987625241279602,FACTURA,False,0.7391951235159867,FACTURA,False,OK,
7C73F1706B08D28FF38296AA93C83247D2B200F3EEF0D166BC1AF40FA14836FF,Z001023283737.pdf,FACTURA,F-EE08C7103D2458E54189,QR_ARCA_STRONG,0,0.7651617527008057,FACTURA,False,0.7138879162056536,FACTURA,False,OK,
7C7BEBD02F866B63C5475F1B0D0CA9C678F5D261548ED2C7B2B9D475D6383CC9,Z001023267265.pdf,FACTURA,F-1B5BFBE3C31B9AB023C7,OCR_STRONG,1,0.48661476373672485,OTRO_DOCUMENTO,True,0.6940558038237894,FACTURA,False,OK,
7C9BBDA23EDEB3A0E8084A1817DC926D7DBC841380E79E281F299282806E530C,Z001023283767.pdf,FACTURA,F-463F5D66BCFC1B95B4F2,QR_ARCA_STRONG,3,0.6690177917480469,FACTURA,False,0.7887156427683377,FACTURA,False,OK,
7D1382F1311C92CB388B27CBA3FA90D6ED16941AFC4AF91E2A72DC24D5315A75,Z001023305677.pdf,FACTURA,F-6F5CAF1E1AEEB43C5486,QR_ARCA_STRONG,2,0.5431779623031616,FACTURA,False,0.75112338880006,FACTURA,False,OK,
7D43AB520097327C8645B32F08E408BD0715488AC01D3A360839A4652A9AC719,Z001023242290.pdf,FACTURA,F-FACD83D8B4281A05571A,QR_ARCA_STRONG,1,0.927108883857727,FACTURA,False,0.7363883182585123,FACTURA,False,OK,
7D71C224D23E5E0E8FD05C6303A4B986D06341EE722D4E62939389806BBE3471,Z001023410368.pdf,FACTURA,F-78FBBC0583221AAC5789,QR_ARCA_STRONG,2,0.9228304624557495,FACTURA,False,0.7521340261396954,FACTURA,False,OK,
7DB28C1CAEF678FB79B4D943F74C412E0324E467A85C015D65AD2D45783D057A,Z001023306669.pdf,OTRO_DOCUMENTO,F-38536FFE21B52E182513,PDF_TEXT_STRONG,3,0.9368928670883179,FACTURA,True,0.6090163179167308,FACTURA,True,OK,
7E3C212A4DE3A52AB3D18EEEE790C5BEE9D1117A682938855EF6EFA02DD3C4AC,Z001023454318.pdf,FACTURA,F-EE08C7103D2458E54189,QR_ARCA_STRONG,0,0.7028553485870361,FACTURA,False,0.7860035244042941,FACTURA,False,OK,
7E7C1A039E6FDE0D4120995D969E25093755D4C47653EAE9E1F5998F2454448B,Z001023410430.pdf,FACTURA,F-FACD83D8B4281A05571A,QR_ARCA_STRONG,1,0.9122982621192932,FACTURA,False,0.6956868679673185,FACTURA,False,OK,
7F7A01F689D121007DF3C9E807D55E966E785B4D8CAABB94AD8FBA25C27225F4,Z001023384920.pdf,FACTURA,F-EE08C7103D2458E54189,QR_ARCA_STRONG,0,0.18652953207492828,OTRO_DOCUMENTO,True,0.790154895565137,FACTURA,False,OK,
7F89F980F4355D93CED4B57BBB7F5AC404B25E081962D20F5702B8764B4066DB,Z001023268011.pdf,FACTURA,F-EE08C7103D2458E54189,QR_ARCA_STRONG,0,0.6118736863136292,FACTURA,False,0.7878623075142015,FACTURA,False,OK,
7FCBBC7B3E14E41EFA2F05C0FFC31F73B74BE9AA4754A639AD303E1AB0092CCE,Z001023337600.pdf,OTRO_DOCUMENTO,F-FACD83D8B4281A05571A,QR_ARCA_STRONG,1,0.85152268409729,FACTURA,True,0.35921248371365616,OTRO_DOCUMENTO,False,OK,
804CDD532AB841FFEB1AD54F73379984FF6D48BEA5D7D4C710BDFB9B1CCA822E,Z001023384952.pdf,FACTURA,F-463F5D66BCFC1B95B4F2,QR_ARCA_STRONG,3,0.8548562526702881,FACTURA,False,0.7479907139901631,FACTURA,False,OK,
80732A4F36964981412868A390392C3815A1B52925CB95D50E3226B76C2D868D,Z001023338060.pdf,FACTURA,F-FACD83D8B4281A05571A,QR_ARCA_STRONG,1,0.9353728294372559,FACTURA,False,0.7386197580870271,FACTURA,False,OK,
807889899EF0AE2BC479CE4CBA9EAE6C794B3C60373BD877FCA07C69C07B7AE3,Z001023266918.pdf,FACTURA,F-6F5CAF1E1AEEB43C5486,QR_ARCA_STRONG,2,0.3773980438709259,OTRO_DOCUMENTO,True,0.7818942557422085,FACTURA,False,OK,
812B96A5165903BD78FF38B2AEF1A1F19C9B7A918FD69D7C7971BA8AE6D2271D,Z001023283868.pdf,FACTURA,F-FACD83D8B4281A05571A,QR_ARCA_STRONG,1,0.9205401539802551,FACTURA,False,0.6758773300619844,FACTURA,False,OK,
8173874885C059C33DCA43BD63631C379C8D8408C5FE4DD2A0159D6AE80E554E,Z001023410431.pdf,FACTURA,F-FACD83D8B4281A05571A,QR_ARCA_STRONG,1,0.9118883609771729,FACTURA,False,0.6994954978119438,FACTURA,False,OK,
817AEA31523ADF117C9475551788C73D2777CC744CB01A2044FF86D6CF7511A0,Z001023384973.pdf,FACTURA,F-463F5D66BCFC1B95B4F2,QR_ARCA_STRONG,3,0.856857180595398,FACTURA,False,0.7421775269401371,FACTURA,False,OK,
8193A4E9A6585242D05EB8ACF18447F4336689F1967F687D954668A223E10FEF,Z001023454440.pdf,FACTURA,F-463F5D66BCFC1B95B4F2,QR_ARCA_STRONG,3,0.854455828666687,FACTURA,False,0.7424197648103038,FACTURA,False,OK,
81C269CBD63398D8276C6BEED2874474C81506277DEFB3D4495032D773F4409C,Z001023336648.pdf,FACTURA,F-608FD94169B4B9CD50E2,OCR_STRONG,2,0.656505823135376,FACTURA,False,0.7874458122124564,FACTURA,False,OK,
823B928CB06F23FDBB1AE300E298EA833F0F8F0F97330FE12A9934EBE349195E,Z001023385026.pdf,FACTURA,F-FACD83D8B4281A05571A,QR_ARCA_STRONG,1,0.9268379211425781,FACTURA,False,0.7248669353334208,FACTURA,False,OK,
82876378F7B9F89F134D15F817A4672D52B26BB9F047FDA734201116486A0AF7,Z001023350940.pdf,FACTURA,F-A69FDECE53AB69CF1845,QR_ARCA_STRONG,2,0.9652211666107178,FACTURA,False,0.7191839581999894,FACTURA,False,OK,
8297067AEF748F2AF13EAE298A7873C99F19F88F467DEAAAF71FBE64554AC1C9,Z001023478285.pdf,FACTURA,F-F47775882EC65DC9A64C,QR_ARCA_STRONG,2,0.3821984827518463,OTRO_DOCUMENTO,True,0.7016603100646689,FACTURA,False,OK,
82DF3F8548CD5894DD8BEA097182919DA8979018C3B51829AE23AC9FA75C0BE7,Z001023422111.pdf,FACTURA,F-FACD83D8B4281A05571A,QR_ARCA_STRONG,1,0.9309124946594238,FACTURA,False,0.7040909834003226,FACTURA,False,OK,
83814C2B24AE7A9CBB3110CF8C52F97E83B59540DDC596AF8F9A34DF483EAA65,Z001023305803.pdf,FACTURA,F-EE08C7103D2458E54189,QR_ARCA_STRONG,0,0.3625186085700989,OTRO_DOCUMENTO,True,0.7889318365802899,FACTURA,False,OK,
83E0306FF5707DBDEBFC9AD88A3634DF1D24B33FAA5A733B74A629090F74A53D,Z001023243348.pdf,FACTURA,F-CD94A06EDDC7590F7145,EXISTING_GROUND_TRUTH,2,0.783403217792511,FACTURA,False,0.6654329817437522,FACTURA,False,OK,
8403289C618F5FEA6E985FE98C6A3F52D541EE0C6ADDA9901EA9F9CD942A1352,Z001023478161.pdf,FACTURA,F-FACD83D8B4281A05571A,QR_ARCA_STRONG,1,0.9231257438659668,FACTURA,False,0.7701804675673853,FACTURA,False,OK,
842594336FD1FDF9801D6F0769960B24152213A2368F5E5E330F898639CCCB13,Z001023410662.pdf,OTRO_DOCUMENTO,F-2225E7482E0C1A2CF093,QR_ARCA_STRONG,2,0.7799986600875854,FACTURA,True,0.6519693708140354,FACTURA,True,OK,
849C6ED1AD7AF7C311AB235C076CE496C3E2C6EDDC49C89E71131948C2006E88,Z001023266244.pdf,FACTURA,F-77DF7B7AF18627AF7CC8,QR_ARCA_STRONG,2,0.32415837049484253,OTRO_DOCUMENTO,True,0.7776204572744282,FACTURA,False,OK,
851F61E61DFAAF6BC623C446119DBAD3DAF975D0610ED36513CD523A63CD0CAA,Z001023267237.pdf,FACTURA,F-127BD2FBDD2CC031C0FE,QR_ARCA_STRONG,2,0.6315842270851135,FACTURA,False,0.896026033560806,FACTURA,False,OK,
856894AA5FE2533859664CB6A42A38E20E75D671519947D7D1CB319D0C15FA12,Z001023422220.pdf,FACTURA,F-FACD83D8B4281A05571A,QR_ARCA_STRONG,1,0.9348717331886292,FACTURA,False,0.6809699677211114,FACTURA,False,OK,
85D09583CD00F06641312ABE16A8461DECE1C4F6A1772729A662E7DD2583D322,Z001023305797.pdf,FACTURA,F-EE08C7103D2458E54189,QR_ARCA_STRONG,0,0.6302477121353149,FACTURA,False,0.6471713803303533,FACTURA,False,OK,
85D52AFF44CBF04ED95630DCC02108C8ABACF6CA5F68BDB19D81EA8EA045AB8C,Z001023321408.pdf,FACTURA,F-A69FDECE53AB69CF1845,QR_ARCA_STRONG,2,0.9670391082763672,FACTURA,False,0.719617686353536,FACTURA,False,OK,
85E85EF47B9912751729A2A2423C70CF214EEEBA2C81376F2AB82802F5F6AC0B,Z001023478147.pdf,FACTURA,F-463F5D66BCFC1B95B4F2,QR_ARCA_STRONG,3,0.9819738864898682,FACTURA,False,0.7997605967513429,FACTURA,False,OK,
864D7CD058492007F2D3B2F0D08B81E87778572F0731A9311D65D955C84E3BFD,Z001023385197.pdf,FACTURA,F-DA3D3ACC13A5AA5E9C71,QR_ARCA_STRONG,3,0.9947996139526367,FACTURA,False,0.8541894390161335,FACTURA,False,OK,
8662F4458951ACE801108DAF219E3855DB8F31FB6AC3684BE32913EE951852DE,Z001023466679.pdf,FACTURA,F-6F5CAF1E1AEEB43C5486,QR_ARCA_STRONG,2,0.5696966052055359,FACTURA,False,0.7599483710424445,FACTURA,False,OK,
86CF42382B6E9AD770AEC0D3AE61798DC0A5D85C59C8C47E0C5A267158045370,Z001023422398.pdf,FACTURA,F-FACD83D8B4281A05571A,QR_ARCA_STRONG,1,0.9226568937301636,FACTURA,False,0.7354633837834123,FACTURA,False,OK,
86F129C9F1A4A0BE0F30584A7B67D699707FA49D79769BBD4338B0601FA55D0F,Z001023436136.pdf,FACTURA,F-A63645627CE2D9A75BE5,OCR_STRONG,3,0.9062338471412659,FACTURA,False,0.754906837530549,FACTURA,False,OK,
870954EEF89AD892FD71524CB79D21979BD74318277339C21A2F4E388F06341B,Z001023321060.pdf,FACTURA,F-FACD83D8B4281A05571A,QR_ARCA_STRONG,1,0.9392330646514893,FACTURA,False,0.7407482324792627,FACTURA,False,OK,
87B98EFA5585D960ED2FDD4D68C403CDC07905085C906C38415492B984527BA2,Z001023283898.pdf,FACTURA,F-463F5D66BCFC1B95B4F2,QR_ARCA_STRONG,3,0.9906826019287109,FACTURA,False,0.7043643727726396,FACTURA,False,OK,
87FB307AC4DDE601D5A4AF49775D540AF75DA22DDB8316C3B3391F8A7C8007DF,Z001023266942.pdf,FACTURA,F-4426261E80B33B17CD1D,QR_ARCA_STRONG,3,0.9993471503257751,FACTURA,False,0.760553530528103,FACTURA,False,OK,
8804BD85592572AD09BC337FBB10D3AF7DAAE81F939A9ADE2BCAE8B43DBCFEC3,Z001023385824.pdf,FACTURA,F-EE08C7103D2458E54189,QR_ARCA_STRONG,0,0.4052683711051941,OTRO_DOCUMENTO,True,0.755672572365281,FACTURA,False,OK,
8826A97C92D5F3C316493C87C2DE5C5E4F8EFC96A246003EED5011A5DCE39E90,Z001023267405.pdf,FACTURA,F-EE08C7103D2458E54189,QR_ARCA_STRONG,0,0.6922136545181274,FACTURA,False,0.7797567111053738,FACTURA,False,OK,
883D67D2E7D0D4EE090C399C04207B516666CE7ACC6FC11E60DB07523F6763F9,Z001023243738.pdf,FACTURA,F-A9B670855B09AE1DC9A7,OCR_STRONG,0,0.717938244342804,FACTURA,False,0.7659885684478073,FACTURA,False,OK,
8917BAA13BA61484647B999B3C2D3D200AAFA5D1966DAB78A37658F450646190,Z001023466514.pdf,FACTURA,F-52A8D3E535639BC9066E,OCR_STRONG,2,0.8407522439956665,FACTURA,False,0.7152491289127972,FACTURA,False,OK,
891B855C542CC48F533E16D15BF00298CF02C5AC66F8D05FB5ACEB99035D63DF,Z001023283701.pdf,FACTURA,F-EE08C7103D2458E54189,QR_ARCA_STRONG,0,0.6746652722358704,FACTURA,False,0.742969711447442,FACTURA,False,OK,
89928C1E1B667DF89D8DDE754377437390B3A7A7FE61EC4FF5E54F03662DA5B9,Z001023321056.pdf,FACTURA,F-EE08C7103D2458E54189,QR_ARCA_STRONG,0,0.7945278882980347,FACTURA,False,0.7655230630011932,FACTURA,False,OK,
89CD8A66DBF9038B0A5FB43B087E7D847FFD18F69247614B77516C71D08316A9,Z001023283803.pdf,FACTURA,F-236B043AC3F54D78C0B5,OCR_STRONG,2,0.5518772602081299,FACTURA,False,0.7120018608491655,FACTURA,False,OK,
8A16B64A261F811B055D7C178CEFC6DE556D9EA6E4F88FAE4906ED7DF4A17D8D,Z001023336576.pdf,FACTURA,F-6F5CAF1E1AEEB43C5486,QR_ARCA_STRONG,2,0.44468382000923157,OTRO_DOCUMENTO,True,0.7801598444631879,FACTURA,False,OK,
8A228DDBA1F27361B5E55C9A16414705BCB0DEFFF0F67CDC125BF5BFC309A446,Z001023267149.pdf,FACTURA,F-5C921C794595E71A586A,OCR_STRONG,2,0.9988728165626526,FACTURA,False,0.7019149015512142,FACTURA,False,OK,
8A57624FA0DD67FCE961474222F97F11BF484B659983C5DC45887E7449E274EA,Z001023242295.pdf,FACTURA,F-FACD83D8B4281A05571A,QR_ARCA_STRONG,1,0.926314651966095,FACTURA,False,0.7661330597496784,FACTURA,False,OK,
8A57CD9F3C877DF1239DA0B0C738D1B54278710B0EEBFD2C0ACAAC2814D57B99,Z001023410768.pdf,FACTURA,F-FACD83D8B4281A05571A,QR_ARCA_STRONG,1,0.9261212348937988,FACTURA,False,0.714465149645662,FACTURA,False,OK,
8A91BE697504E72D00894ED70CB136CFB447C037BEE877608EEE320D6097072C,Z001023435604.pdf,FACTURA,F-463F5D66BCFC1B95B4F2,OCR_STRONG,3,0.9839432239532471,FACTURA,False,0.7768351077431582,FACTURA,False,OK,
8AE6ECF9E7191B268BD8768575C99C1FAFBF4144627829B39D8BAC3B492D0CC0,Z001023243458.pdf,FACTURA,F-BF67793A8E4CE989ED42,QR_ARCA_STRONG,0,0.6844320297241211,FACTURA,False,0.790936822036097,FACTURA,False,OK,
8BB9D2636F55F41E4CB1CD002B4DBEBD24F0787A984AEF0D6EDDA69E4FA31FB3,Z001023266215.pdf,FACTURA,F-73AB37D8D5F65AA437FE,OCR_STRONG,3,0.9812920093536377,FACTURA,False,0.7764231808006237,FACTURA,False,OK,
8C45A084C0817A7DE45795105801B0C920364BC89F5DEB24DC52FEEF4BC7F17B,Z001023321159.pdf,FACTURA,F-EE08C7103D2458E54189,QR_ARCA_STRONG,0,0.44380226731300354,OTRO_DOCUMENTO,True,0.8096055105693541,FACTURA,False,OK,
8C634F1729311C6FB2EAAD3576538AD1DB5FD4A53E696C4CE0CDA7E48A9765D8,Z001023306147.pdf,FACTURA,F-6F5CAF1E1AEEB43C5486,QR_ARCA_STRONG,2,0.42204076051712036,OTRO_DOCUMENTO,True,0.7629805257054786,FACTURA,False,OK,
8C890D179D935AA3A1AE6E7063C8092384A4776D5709A94D6FDA0BE102F7DF46,Z001023305688.pdf,FACTURA,F-EE08C7103D2458E54189,QR_ARCA_STRONG,0,0.40905842185020447,OTRO_DOCUMENTO,True,0.803294028837787,FACTURA,False,OK,
8CAAFE798C6ACB7B58901EB74CAB329FA4B7ABA8669B73976F3978ED6F448F62,Z001023350415.pdf,FACTURA,F-DCC01CD6C3861C7E4C3E,OCR_STRONG,3,0.9353792071342468,FACTURA,False,0.771214503406645,FACTURA,False,OK,
8CAFBC6765404E297608AB4687884CA06F82332097FF1D3E8B9313AD1ADD5A88,Z001023284845.pdf,FACTURA,F-6F5CAF1E1AEEB43C5486,QR_ARCA_STRONG,2,0.49201902747154236,OTRO_DOCUMENTO,True,0.6945485119817802,FACTURA,False,OK,
8D4BA8C2CAC074E0F38FB7DC6F25F1E69D2F7AD95506AFB37797512AF3CD9B63,Z001023385164.pdf,FACTURA,F-EE08C7103D2458E54189,QR_ARCA_STRONG,0,0.5588427782058716,FACTURA,False,0.7676962574807747,FACTURA,False,OK,
8DFA8CB9798CCF19F9BAF04C59F34058782E3DE9FF9A2EAB2E22F1B12D8AE149,Z001023321058.pdf,FACTURA,F-463F5D66BCFC1B95B4F2,QR_ARCA_STRONG,3,0.9914178848266602,FACTURA,False,0.7396717397175193,FACTURA,False,OK,
8E35C151859E5F6C0FE0F2832287604CE4EB800330CF83D4885A59869028FF43,Z001023455166.pdf,OTRO_DOCUMENTO,F-FACD83D8B4281A05571A,QR_ARCA_STRONG,1,0.8499772548675537,FACTURA,True,0.37171644190123326,OTRO_DOCUMENTO,False,OK,
8F110C4D92620DF0FF6B33FB5FE308E4DEB7C4A477D0C93B9A21E85AAED5B672,Z001023267213.pdf,FACTURA,F-463F5D66BCFC1B95B4F2,QR_ARCA_STRONG,3,0.9859776496887207,FACTURA,False,0.8032372710914055,FACTURA,False,OK,
8F129D3C66E622121981D62EB4000AED739CC876C6DE502C2BE0EF424E12BDE8,Z001023337303.pdf,FACTURA,F-FACD83D8B4281A05571A,QR_ARCA_STRONG,1,0.9444034695625305,FACTURA,False,0.7399597563449108,FACTURA,False,OK,
8F9645E839D86DD3DA6DAD4B15036B8EE5B0918947E0C81D178CB952F2B2BE1C,Z001023466217.pdf,FACTURA,F-EE08C7103D2458E54189,QR_ARCA_STRONG,0,0.7048828601837158,FACTURA,False,0.7238664258023493,FACTURA,False,OK,
902E6570382C0FCC9D1AADCD56160F3B5E37DBF6EE4E82A32701D131CB87AA73,Z001023478142.pdf,FACTURA,F-EFE6E9C595B24436566B,PDF_TEXT_STRONG,3,0.9953975081443787,FACTURA,False,0.6616067427302774,FACTURA,False,OK,
90A1BB6EE9300C81CBFEFC314D0981DAD827FCDD8D8E320E600B069A8E91E2CD,Z001023283880.pdf,FACTURA,F-EE08C7103D2458E54189,QR_ARCA_STRONG,0,0.715872585773468,FACTURA,False,0.7019229844250356,FACTURA,False,OK,
910FBAEDB8A90071E399EA9EDD55831BA2A6C779D9DAD241867BBACA82768A4A,Z001023283875.pdf,FACTURA,F-EE08C7103D2458E54189,QR_ARCA_STRONG,0,0.7892610430717468,FACTURA,False,0.7427931193536622,FACTURA,False,OK,
917A02EE1496F0E6D19856E7F97EE8DD8F58D96DF995059690653F6D30B19708,Z001023306143.pdf,FACTURA,F-FACD83D8B4281A05571A,QR_ARCA_STRONG,1,0.941115140914917,FACTURA,False,0.7482202095367549,FACTURA,False,OK,
91EF6960EEF82A58B41B31F3850C800E27EE8460970F884F1236ABB48F0F1FCC,Z001023467657.pdf,FACTURA,F-FACD83D8B4281A05571A,QR_ARCA_STRONG,1,0.9212773442268372,FACTURA,False,0.7264051222840331,FACTURA,False,OK,
920E2C2CFAD19BCFEF234DE870443978D3779498399D7AE818167099775D713A,Z001023454617.pdf,FACTURA,F-EE08C7103D2458E54189,QR_ARCA_STRONG,0,0.43078675866127014,OTRO_DOCUMENTO,True,0.7947877615240747,FACTURA,False,OK,
92233BB1C2523E96C1A5F3CC8390A7507D1776004268A5C883287CB5670AEA94,Z001023242554.pdf,FACTURA,F-EE08C7103D2458E54189,QR_ARCA_STRONG,0,0.7526394128799438,FACTURA,False,0.7692904944903886,FACTURA,False,OK,
92914214759A1969F8F6DA6FC3EAF436EEC02704E5B3141C282C9D183B15D2BC,Z001023242560.pdf,FACTURA,F-EE08C7103D2458E54189,EXISTING_GROUND_TRUTH,0,0.7227531671524048,FACTURA,False,0.7719702329038755,FACTURA,False,OK,
929808BE7D3DFA364E40A52C21EEE8C6195BCB4B2724BB30F5EA0E99E2964963,Z001023306226.pdf,FACTURA,F-780F613365E9FD4576C4,QR_ARCA_STRONG,2,0.40133994817733765,OTRO_DOCUMENTO,True,0.7289167116694182,FACTURA,False,OK,
92BFEC9ECE7286787335775B1094ECFCB2C3109923B99EA70FEF48F100F7824F,Z001023266876.pdf,FACTURA,F-EE08C7103D2458E54189,QR_ARCA_STRONG,0,0.4396882653236389,OTRO_DOCUMENTO,True,0.7858050405382527,FACTURA,False,OK,
92EBBA53AD3476EC888E5D47534BFF0E73C340F8D58B63A2718AE92B6F7EAA21,Z001023243072.pdf,FACTURA,F-EE08C7103D2458E54189,QR_ARCA_STRONG,0,0.6952265501022339,FACTURA,False,0.7950336457552726,FACTURA,False,OK,
93036EEF1A8A5CF4FE20C745C5AAAB528059A8F2492D3A7BDA905B3194023657,Z001023410380.pdf,FACTURA,F-7D0D437DDC69268FCFC4,OCR_STRONG,3,0.7835277318954468,FACTURA,False,0.7848256484963382,FACTURA,False,OK,
9333843B9DBB69A2C5494D92C99720C003D8A7CC226D80A64758BFF00A433279,Z001023366207.pdf,FACTURA,F-463F5D66BCFC1B95B4F2,QR_ARCA_STRONG,3,0.9918006062507629,FACTURA,False,0.7258200528608879,FACTURA,False,OK,
93946044DD9FBAB870A7B410A3C51061CF64CE6D44FB8D63266CAFD138D5D539,Z001023385696.pdf,FACTURA,F-AB9C3DF0812F557CBA1C,QR_ARCA_STRONG,2,0.9611179828643799,FACTURA,False,0.7011143479021116,FACTURA,False,OK,
93AA062D25DF63997A23155F5E7F14BEFDB6D08912A599345AF02B12FB9F12A9,Z001023478143.pdf,FACTURA,F-EFE6E9C595B24436566B,PDF_TEXT_STRONG,3,0.995582640171051,FACTURA,False,0.6848678620511013,FACTURA,False,OK,
94C119398ED5B3AFEA5B60477FD47392E3AC13E10251C94531B1DB8A1E0A6C12,Z001023306248.pdf,FACTURA,F-FACD83D8B4281A05571A,QR_ARCA_STRONG,1,0.9179149270057678,FACTURA,False,0.7170069987272848,FACTURA,False,OK,
94F26C21757B539524ED76AA64629C18F390F9D0C9D4ABBBF5AF6484C0FC7528,Z001023435540.pdf,FACTURA,F-6F5CAF1E1AEEB43C5486,QR_ARCA_STRONG,2,0.5029234886169434,FACTURA,False,0.7700070228171016,FACTURA,False,OK,
95163FEC1BD2F3B4D199C764E42F2B6343270AAC8E142CBF8A7CEC976D87FE34,Z001023266253.pdf,FACTURA,F-EE08C7103D2458E54189,QR_ARCA_STRONG,0,0.4514513313770294,OTRO_DOCUMENTO,True,0.788979424099256,FACTURA,False,OK,
95506FC26A8105240416CB0915A50736B594090DDC122EDF482039DCEDC947B8,Z001023283741.pdf,FACTURA,F-EE08C7103D2458E54189,QR_ARCA_STRONG,0,0.5522590279579163,FACTURA,False,0.7336572235434328,FACTURA,False,OK,
9596624061FEBDAE035772A32CC975D358B4BAA9C1833EE21ADB485E2B0B06D3,Z001023266251.pdf,FACTURA,F-EE08C7103D2458E54189,QR_ARCA_STRONG,0,0.7005274295806885,FACTURA,False,0.7760705967931352,FACTURA,False,OK,
95AF2B3D9E304F20830DD6D2986A230CE395D8B5FDA0B8BBC25E9B9E712B11AE,Z001023423284.pdf,OTRO_DOCUMENTO,F-2225E7482E0C1A2CF093,QR_ARCA_STRONG,2,0.31858015060424805,OTRO_DOCUMENTO,False,0.6027426265677533,FACTURA,True,OK,
963E9941D8D3A90BDACCFDDA949B7EEDD535A2ED456FA063B67893EC4D759786,Z001023242559.pdf,FACTURA,F-EE08C7103D2458E54189,EXISTING_GROUND_TRUTH,0,0.3942412734031677,OTRO_DOCUMENTO,True,0.7412898908688297,FACTURA,False,OK,
96E5DB8CB4E34D8387F0D1C5DFDB2FC75F190834A0060BAE5C85B04C3E6828A2,Z001023351267.pdf,FACTURA,F-2D5EBBA8FDC9D9E26FC3,PDF_TEXT_STRONG,3,0.9490618705749512,FACTURA,False,0.7671536410709943,FACTURA,False,OK,
9723AA331B89D1BB3AA42628C6D4FA1453C8ADB972AAC5EF26D433E659A76C2E,Z001023410636.pdf,FACTURA,F-6F5CAF1E1AEEB43C5486,QR_ARCA_STRONG,2,0.6409311890602112,FACTURA,False,0.6988269536927905,FACTURA,False,OK,
9768F6CDE07116724DC86D4402184228B3963B7212E3287188A4EF9420F3498B,Z001023306224.pdf,FACTURA,F-EE08C7103D2458E54189,QR_ARCA_STRONG,0,0.8031025528907776,FACTURA,False,0.7749650064677484,FACTURA,False,OK,
97EF8934F37425A7635624C8A636DD08FAEC908D41213138991513DAB7E1CD95,Z001023410762.pdf,FACTURA,F-FACD83D8B4281A05571A,QR_ARCA_STRONG,1,0.9276671409606934,FACTURA,False,0.5689509225360504,FACTURA,False,OK,
97F4874BE79DAC5C72D00B028F6DCBA5564049CA077E6301C7AB4AAD37088BC2,Z001023467586.pdf,FACTURA,F-EE08C7103D2458E54189,QR_ARCA_STRONG,0,0.678829550743103,FACTURA,False,0.7625762590720736,FACTURA,False,OK,
9801EA3DCCCCE81A20C1A1FCA6BD057BE02056D5F6AF7568416C159F8EA6F42C,Z001023337601.pdf,OTRO_DOCUMENTO,F-FACD83D8B4281A05571A,QR_ARCA_STRONG,1,0.8499912619590759,FACTURA,True,0.349607006153218,OTRO_DOCUMENTO,False,OK,
983D750D5EF18AC380DF1970A9338EF482746FD22CD81031BB2DD981CB738ED0,Z001023266853.pdf,FACTURA,F-6F5CAF1E1AEEB43C5486,QR_ARCA_STRONG,2,0.5234465003013611,FACTURA,False,0.7452573636921798,FACTURA,False,OK,
9857D4FCBA430BA90EA4E715013F3C02EBAE08FA6C857E1E859CBF2BA9341BAA,Z001023384987.pdf,FACTURA,F-EE08C7103D2458E54189,QR_ARCA_STRONG,0,0.9534400701522827,FACTURA,False,0.722997098252111,FACTURA,False,OK,
9893646420FB567085B74B4A937F0D07B988E41AE80615EEA9A62DBEED6CDEB1,Z001023321693.pdf,OTRO_DOCUMENTO,F-FACD83D8B4281A05571A,QR_ARCA_STRONG,1,0.8587839007377625,FACTURA,True,0.3990954365888161,OTRO_DOCUMENTO,False,OK,
98A548702408FF5D0DB0A54BEE501A1D25F8C84FFE702021E9855B960A54E722,Z001023242876.pdf,FACTURA,F-EE08C7103D2458E54189,QR_ARCA_STRONG,0,0.6476725935935974,FACTURA,False,0.8033052960966413,FACTURA,False,OK,
98BFC5FBFD9E19FD42CD4283A46B1DEE806AC72DEE45AC0FA82BD83E7889FA01,Z001023422215.pdf,FACTURA,F-3425847B1228DCB1FFC6,OCR_STRONG,1,0.9697291254997253,FACTURA,False,0.7123581163119297,FACTURA,False,OK,
9932F1579D3D31F9152C31290BB269430324462F86D6E6DB78C53961C9700F23,Z001023337430.pdf,FACTURA,F-F2B443493003CF983276,QR_ARCA_STRONG,3,0.9762539863586426,FACTURA,False,0.781561421372482,FACTURA,False,OK,
9945BBDC4DD33F425D4878C2F17FD844168E1F483FE51F229EF5A019C7E4AFB6,Z001023466171.pdf,FACTURA,F-EE08C7103D2458E54189,QR_ARCA_STRONG,0,0.3798083961009979,OTRO_DOCUMENTO,True,0.7396290107827651,FACTURA,False,OK,
9A3FC7437BBDF8BFE19FD65198BFA9BE76A63DE5BC8E0AC1CEFB3E77373FF816,Z001023266916.pdf,FACTURA,F-EE08C7103D2458E54189,QR_ARCA_STRONG,0,0.5447982549667358,FACTURA,False,0.822784960432432,FACTURA,False,OK,
9A4E64C46A21F76C881907BBE1648F5700C42A24EFCB8257BA7244BB01A0CBA9,Z001023351390.pdf,FACTURA,F-6F5CAF1E1AEEB43C5486,QR_ARCA_STRONG,2,0.3134341239929199,OTRO_DOCUMENTO,True,0.7085589736445382,FACTURA,False,OK,
9A9BB0F6EBA54E0D0C25731245270AB989933DF8900A72CE130827CA53B2B37C,Z001023283745.pdf,FACTURA,F-EE08C7103D2458E54189,QR_ARCA_STRONG,0,0.7004539370536804,FACTURA,False,0.8033339146562419,FACTURA,False,OK,
9AABED26F462B478F277F7E592AA3983B2B9DA888D474F4C93B7A6CEC27AC52F,Z001023306105.pdf,FACTURA,F-FACD83D8B4281A05571A,QR_ARCA_STRONG,1,0.9230266213417053,FACTURA,False,0.7136981063650926,FACTURA,False,OK,
9AAED50A220E4A59ABBF846248504B1D06023155CCF6AE05B285763B532811D2,Z001023306250.pdf,FACTURA,F-FACD83D8B4281A05571A,QR_ARCA_STRONG,1,0.9268532991409302,FACTURA,False,0.7091958735306326,FACTURA,False,OK,
9B05799CEE418B6AD0B0876E23A97CDFF1A952C1D031EEA3D6672EABE7EE762E,Z001023423180.pdf,FACTURA,F-FACD83D8B4281A05571A,QR_ARCA_STRONG,1,0.9137784838676453,FACTURA,False,0.7338125521920672,FACTURA,False,OK,
9B82B28BDD8F2617C32E1D8C71705EC2AFC2FCAC71747661CA85C65B08D4C6A5,Z001023266213.pdf,FACTURA,F-EE08C7103D2458E54189,QR_ARCA_STRONG,0,0.7774925827980042,FACTURA,False,0.798525109417014,FACTURA,False,OK,
9B84CC3980E75FFDADA63A4445C66561B2DA457969B183C72D13ABA914AC9F92,Z001023423305.pdf,FACTURA,F-19E3E2219E79C363F63F,QR_ARCA_STRONG,0,0.9994460940361023,FACTURA,False,0.7744186537620412,FACTURA,False,OK,
9C18A5DF27D90556C236651C9E32EE1BD4DAD8D191218BBE8F932CF45131DB46,Z001023467448.pdf,FACTURA,F-6F5CAF1E1AEEB43C5486,QR_ARCA_STRONG,2,0.3890456259250641,OTRO_DOCUMENTO,True,0.7153993126748804,FACTURA,False,OK,
9D89F0FF0433FB4667E9F658F85408E09DB8586C1753019CD4818FCF59108DD4,Z001023423306.pdf,FACTURA,F-19E3E2219E79C363F63F,QR_ARCA_STRONG,0,0.9994382262229919,FACTURA,False,0.7847049069120768,FACTURA,False,OK,
9DDDFEA33E7D9998B202D66E6E3A87FD499E8288F62B8673B1F40A66CF8D51C9,Z001023305698.pdf,FACTURA,F-FACD83D8B4281A05571A,QR_ARCA_STRONG,1,0.9260870814323425,FACTURA,False,0.7419466864811712,FACTURA,False,OK,
9DF67317E84209D40CCA4D2D55047395A7C689394841DA25A86EA70932197DE8,Z001023385020.pdf,FACTURA,F-EE08C7103D2458E54189,QR_ARCA_STRONG,0,0.5200201272964478,FACTURA,False,0.7972337472601364,FACTURA,False,OK,
9EB38CEA6E16E710A4E5B014188A0DC4835DD1FBAA413A03598D80E848C1387C,Z001023305676.pdf,FACTURA,F-6F5CAF1E1AEEB43C5486,QR_ARCA_STRONG,2,0.4928058385848999,OTRO_DOCUMENTO,True,0.7523553843018065,FACTURA,False,OK,
9F1FAB628AC6821BA46DC7E63EBA5FA271E91CA180DD9522615BEC3B8D3F396D,Z001023321064.pdf,FACTURA,F-D9558DFA49CDFA0EC574,OCR_STRONG,1,0.9080514311790466,FACTURA,False,0.7114296864083611,FACTURA,False,OK,
9F20D5A914501086136BFED9B88E8DC91452B65E0BB36A48060A33152C56A332,Z001023268014.pdf,FACTURA,F-FACD83D8B4281A05571A,QR_ARCA_STRONG,1,0.9108396172523499,FACTURA,False,0.6831838553713839,FACTURA,False,OK,
9F3EE50DB8332F50B686622FE67CF9DA5389B73AF85744453A7B53B450F624E6,Z001023422276.pdf,FACTURA,F-3011CA8E0F20D09184FC,OCR_STRONG,2,0.9613984227180481,FACTURA,False,0.7523004641320064,FACTURA,False,OK,
9F78FE8E80F379C7E339E5BD0FB8E4DDFF88B93D72D57F1BE6B0ED3DC77C6DCF,Z001023306249.pdf,FACTURA,F-FACD83D8B4281A05571A,QR_ARCA_STRONG,1,0.9175383448600769,FACTURA,False,0.7396626558464157,FACTURA,False,OK,
A034D9BA8303AFB573D6F5823B1C9E16413A56593500E3A00A732D1BED52F326,Z001023266917.pdf,FACTURA,F-FACD83D8B4281A05571A,QR_ARCA_STRONG,1,0.9220074415206909,FACTURA,False,0.7543363277981784,FACTURA,False,OK,
A0A5960905B6EC78058181CCC8AC0CE5CC894945AB6D97889A599934D2BE636E,Z001023321692.pdf,OTRO_DOCUMENTO,F-FACD83D8B4281A05571A,QR_ARCA_STRONG,1,0.8529478311538696,FACTURA,True,0.3982665338156782,OTRO_DOCUMENTO,False,OK,
A0E70952B21704A19FED7D35D964ABE1A3D24F66EE60C24069DB3658A23852AD,Z001023321302.pdf,FACTURA,F-EE08C7103D2458E54189,QR_ARCA_STRONG,0,0.7299240231513977,FACTURA,False,0.7882674190029165,FACTURA,False,OK,
A0F2D39A8CE046149BC6B737E3B5A91F401B2B0508266B23F02FFC5C1881C20C,Z001023306667.pdf,FACTURA,F-46CBE2F2FC989AC0304F,OCR_STRONG,2,0.9957054257392883,FACTURA,False,0.6986944363270494,FACTURA,False,OK,
A1D50F46C5C96EF705178501DD55652D1069DE6B361A845D599F13098446FE80,Z001023466496.pdf,FACTURA,F-52A8D3E535639BC9066E,OCR_STRONG,2,0.937157154083252,FACTURA,False,0.6960556779257926,FACTURA,False,OK,
A1F9B06618E591EB2B3C76518F428FB788547CC1AA53E9544A4A11980A206B57,Z001023386100.pdf,FACTURA,F-EE08C7103D2458E54189,QR_ARCA_STRONG,0,0.3774849772453308,OTRO_DOCUMENTO,True,0.7384493961804554,FACTURA,False,OK,
A23CD835EFAEDB3FBA5B0DBCC69F01FFE20FA74C641B2699E3DA9074A50D1EBB,Z001023242262.pdf,FACTURA,F-FACD83D8B4281A05571A,QR_ARCA_STRONG,1,0.921923816204071,FACTURA,False,0.6742985695443835,FACTURA,False,OK,
A2590908E0A0F8CD902C54D81652BA2354723E2A5C0056A2E29C7AB3EC3A445C,Z001023305708.pdf,FACTURA,F-239031FB24D11A1289E7,PDF_TEXT_STRONG,3,0.7173722386360168,FACTURA,False,0.7417036370031345,FACTURA,False,OK,
A2928B01A4CD36732A28C69D98E877A906A6EB383769402661C8ACE6EAF9A0EC,Z001023242301.pdf,FACTURA,F-6F5CAF1E1AEEB43C5486,QR_ARCA_STRONG,2,0.515590488910675,FACTURA,False,0.7738862834330513,FACTURA,False,OK,
A2BF3657EE083148A054B3F7110C884140B3D69930E58683F957FBAAA580D827,Z001023266234.pdf,OTRO_DOCUMENTO,F-EFE6E9C595B24436566B,PDF_TEXT_STRONG,3,0.9906946420669556,FACTURA,True,0.5447779976375489,FACTURA,True,OK,
A2D1529D28326B4E8B236A002CD8E46D89D846C50E49B31D238067347F7D0223,Z001023467622.pdf,FACTURA,F-FACD83D8B4281A05571A,QR_ARCA_STRONG,1,0.9283818602561951,FACTURA,False,0.6755216306225659,FACTURA,False,OK,
A2FDAD9EB62F9728D4A1369E94F1ED407FEE978FAA53FE7BA5035339AB1F6052,Z001023268102.pdf,FACTURA,F-FACD83D8B4281A05571A,QR_ARCA_STRONG,1,0.8642255663871765,FACTURA,False,0.7618447959669615,FACTURA,False,OK,
A47A2D7859BB08A65A7C8003656803C777E38BC94F7F27EEA4AD1CD8FD5B80FA,Z001023366209.pdf,FACTURA,F-463F5D66BCFC1B95B4F2,QR_ARCA_STRONG,3,0.9938780665397644,FACTURA,False,0.7177078888037267,FACTURA,False,OK,
A49F888D274CFE65CF21EB1527C95105513D9AC250238EECF5F46A3791478CBA,Z001023385162.pdf,FACTURA,F-FACD83D8B4281A05571A,QR_ARCA_STRONG,1,0.9137392640113831,FACTURA,False,0.7726399115213888,FACTURA,False,OK,
A545E9BB46897229592B7E4460C235D68B749F58E268ADED69BEEC775BA2D440,Z001023397974.pdf,FACTURA,F-FACD83D8B4281A05571A,QR_ARCA_STRONG,1,0.9289799332618713,FACTURA,False,0.7337723962956503,FACTURA,False,OK,
A5D596CC95D40058EBAB004E9B7D0CD5CDFC8C026CECA39BD2985DA63EE8C44C,Z001023478406.pdf,FACTURA,F-463F5D66BCFC1B95B4F2,QR_ARCA_STRONG,3,0.9904860854148865,FACTURA,False,0.6970654438801238,FACTURA,False,OK,
A5E0A23B19304BAD637E744E9B4ED12D8BF3377521ABFE8FE73049F7EFE47335,Z001023397807.pdf,FACTURA,F-EE08C7103D2458E54189,QR_ARCA_STRONG,0,0.6056570410728455,FACTURA,False,0.7883099763346161,FACTURA,False,OK,
A662CA0C99BF602548B39BF259B01A4AAA2CA1A594534D0DA328D370E6F32C99,Z001023410556.pdf,FACTURA,F-EFE6E9C595B24436566B,PDF_TEXT_STRONG,3,0.9959069490432739,FACTURA,False,0.676426002278543,FACTURA,False,OK,
A69004CE99B64253517BF67479A39AC4E7E2BD6E61A8B7FADBEB43AC4D98FC7C,Z001023283693.pdf,FACTURA,F-EE08C7103D2458E54189,QR_ARCA_STRONG,0,0.6614624857902527,FACTURA,False,0.7631959502845501,FACTURA,False,OK,
A6AD364B22617D413C3D16E1E057C22B686A19E8B85F6EF90F69BB3E880031C2,Z001023243747.pdf,FACTURA,F-EE08C7103D2458E54189,QR_ARCA_STRONG,0,0.47375354170799255,OTRO_DOCUMENTO,True,0.7864186714176717,FACTURA,False,OK,
A75839AE32A6A29EBB6CF64EBE45427C346DFFE51E758D5F04D903FC28147D87,Z001023243181.pdf,FACTURA,F-C4297C930D025E93CCD8,EXISTING_GROUND_TRUTH,2,0.22806456685066223,OTRO_DOCUMENTO,True,0.7393181102520374,FACTURA,False,OK,
A79E9B562724ACB0A285620DB140ED3B6F52FCDA4E72FF31363A24D15A583A4E,Z001023243745.pdf,FACTURA,F-EE08C7103D2458E54189,QR_ARCA_STRONG,0,0.7442517876625061,FACTURA,False,0.8108093454641112,FACTURA,False,OK,
A7BADE04443004116FBA8D61734FD935ADA2B9C23ACC045FDB2BD7DE36EDEB9E,Z001023350018.pdf,FACTURA,F-78FBBC0583221AAC5789,QR_ARCA_STRONG,2,0.6975210905075073,FACTURA,False,0.6722383574998428,FACTURA,False,OK,
A7D0D177D1CCB130C093C3F5B09AC3F6AA32332F776804B281CD0D36015BDB72,Z001023321057.pdf,FACTURA,F-C0D5A81F1B3DB1BB1203,QR_ARCA_STRONG,0,0.5035776495933533,FACTURA,False,0.792889334289323,FACTURA,False,OK,
A7E2D050AE6A451E8D7031F3B2CD5C0C7D46028B7C0A78F2B615E19B29272657,Z001023466454.pdf,FACTURA,F-EE08C7103D2458E54189,QR_ARCA_STRONG,0,0.7529443502426147,FACTURA,False,0.7379810475196076,FACTURA,False,OK,
A7EEF61CBC21D206720339275678C25A6C47A3A09E9DEB38D901E03BB5657EAA,Z001023306568.pdf,FACTURA,F-236B043AC3F54D78C0B5,OCR_STRONG,2,0.5663462281227112,FACTURA,False,0.7281739888902683,FACTURA,False,OK,
A83A954DC4B57E16CA65F339A6A32389B871478C19D83616338C312E3DADC07C,Z001023397661.pdf,FACTURA,F-13D60871A95205707260,PDF_TEXT_STRONG,3,0.9256177544593811,FACTURA,False,0.7724376327788316,FACTURA,False,OK,
A88C6A4751F9912D9305D03EB3776DD14B96B8396F98F48331068504D008E6CC,Z001023266210.pdf,FACTURA,F-FC4D9BFCF265DB5A7DB7,QR_ARCA_STRONG,1,0.5281710624694824,FACTURA,False,0.7225913031443164,FACTURA,False,OK,
A9133411F1F9F53089FBF5901269327CF6662B8D9095A0E75851ACE6455ADC46,Z001023321399.pdf,FACTURA,F-9CDD0F79654F6C629C58,OCR_STRONG,3,0.992946207523346,FACTURA,False,0.7306728032336646,FACTURA,False,OK,
A925841ABDBBBA3C4CE336C59731CF70CB6A8671AF5CEC26DBDF467A5D92B27F,Z001023267974.pdf,FACTURA,F-108FF89DFB4EC29C3343,QR_ARCA_STRONG,0,0.8021078705787659,FACTURA,False,0.824850511866349,FACTURA,False,OK,
A92813FAF3F630A2BD56EE3BFD4698B7F02E73AB258E69060425422B9409202C,Z001023336318.pdf,FACTURA,F-463F5D66BCFC1B95B4F2,QR_ARCA_STRONG,3,0.9850925803184509,FACTURA,False,0.7883880344422738,FACTURA,False,OK,
A96DEE1D6A7E23D5E68607C65FF20DCFE740969199AAC8736E42D59AE4730A2B,Z001023305774.pdf,FACTURA,F-127BD2FBDD2CC031C0FE,QR_ARCA_STRONG,2,0.7221425771713257,FACTURA,False,0.8814991206113243,FACTURA,False,OK,
AA84C3A4E4924686D838376E09090FD10087194C01C07A5EA950C292EF7C5773,Z001023305694.pdf,FACTURA,F-EE08C7103D2458E54189,QR_ARCA_STRONG,0,0.7134319543838501,FACTURA,False,0.7421511378244655,FACTURA,False,OK,
AAA58F0519E8973AF3E81F35297B296B0C1596C01E87249708FF250200CB4755,Z001023305815.pdf,FACTURA,F-C4EFEA98CD9D9490E678,OCR_STRONG,2,0.04137418419122696,OTRO_DOCUMENTO,True,0.7014181992372582,FACTURA,False,OK,
AABF7B716F6EFB57A9B2A94209DC35148FE057B9591E0019F999ED73BEC22319,Z001023422339.pdf,FACTURA,F-FACD83D8B4281A05571A,QR_ARCA_STRONG,1,0.9286571145057678,FACTURA,False,0.7452685362421853,FACTURA,False,OK,
AAF93BE68662AE6CFF480483FCE1E287B6C015A1639FDD0D222FBB2ACE8EF0EA,Z001023350215.pdf,FACTURA,F-DCC01CD6C3861C7E4C3E,OCR_STRONG,3,0.9363850951194763,FACTURA,False,0.76073521808202,FACTURA,False,OK,
AB024B93E8B5777C028652601EEB9B237BDF2C8F8FFEF47DED32E4E522CD8A98,Z001023266217.pdf,FACTURA,F-73AB37D8D5F65AA437FE,OCR_STRONG,3,0.9807553887367249,FACTURA,False,0.7764231808006237,FACTURA,False,OK,
AB0C583E646597C83850FE9C08448F796CBA142A0E028D788A4966911C47F5D4,Z001023268128.pdf,FACTURA,F-22D8B0B2BC197D116017,QR_ARCA_STRONG,3,0.8326879143714905,FACTURA,False,0.7636401848289402,FACTURA,False,OK,
AB0D83C3DF9CFBA31A1263817C970E11E1100483FEAEB9FF1B3648423B98EC50,Z001023384968.pdf,FACTURA,F-463F5D66BCFC1B95B4F2,QR_ARCA_STRONG,3,0.8552117943763733,FACTURA,False,0.7489004661908316,FACTURA,False,OK,
AB884F3366C4525F87C6694CA20947481EF300287DE4867EB133E4C54BBFC69F,Z001023267803.pdf,FACTURA,F-FACD83D8B4281A05571A,QR_ARCA_STRONG,1,0.9130725860595703,FACTURA,False,0.679337433801024,FACTURA,False,OK,
ABDDFA8881E4CD0ED1415E127247052AE060CE64BD2FACE5989B2E277F168543,Z001023266919.pdf,FACTURA,F-FACD83D8B4281A05571A,QR_ARCA_STRONG,1,0.9289024472236633,FACTURA,False,0.7648873182076281,FACTURA,False,OK,
AC42650CDBF054A8D47F42B00BB5D1DC80ED46BF8F1B3CAE8266DB2B168C2931,Z001023454914.pdf,FACTURA,F-463F5D66BCFC1B95B4F2,PDF_TEXT_STRONG,3,0.9732275009155273,FACTURA,False,0.7782220166424603,FACTURA,False,OK,
AC7F51DCC99C3BC48F1274A5EB79215443AF73810C32D0DBB5F765BBCB40E660,Z001023397928.pdf,FACTURA,F-6F5CAF1E1AEEB43C5486,QR_ARCA_STRONG,2,0.32652753591537476,OTRO_DOCUMENTO,True,0.7751535391386151,FACTURA,False,OK,
AD2799635E27A7E0E1451185C9AC53A3007944660C2909B4A3901B48049DFC74,Z001023337405.pdf,FACTURA,F-FACD83D8B4281A05571A,QR_ARCA_STRONG,1,0.24143002927303314,OTRO_DOCUMENTO,True,0.6910982408588324,FACTURA,False,OK,
AD38ECC329BC2D1D9C7EB6B476156A3E757E51B81A8781D479A9C382D6413B41,Z001023266943.pdf,FACTURA,F-FACD83D8B4281A05571A,QR_ARCA_STRONG,1,0.9362583756446838,FACTURA,False,0.7517229544615053,FACTURA,False,OK,
AD8BFE9C96C26C6BB914E83C6621C9708F3AFF672AF75B6AB01CD9C0EAE75AC0,Z001023266855.pdf,FACTURA,F-6F5CAF1E1AEEB43C5486,QR_ARCA_STRONG,2,0.6090879440307617,FACTURA,False,0.7581000848272736,FACTURA,False,OK,
ADDFD63B7C42F1260D78911245A68E078B8F253673927689B4CC49220FF7EB57,Z001023454959.pdf,FACTURA,F-FACD83D8B4281A05571A,QR_ARCA_STRONG,1,0.9291626811027527,FACTURA,False,0.7543248051864432,FACTURA,False,OK,
ADF2DA89D38748AA9C10DF753D455E11F4A6C39815FD1E071DF87AB7A230CAC3,Z001023410435.pdf,FACTURA,F-EFE6E9C595B24436566B,PDF_TEXT_STRONG,3,0.995672345161438,FACTURA,False,0.6750744475560816,FACTURA,False,OK,
AE48F358ED15E164307B6F3416EA2A65B1ED9601E64C1F0F9578C8454C395CA4,Z001023268015.pdf,FACTURA,F-FACD83D8B4281A05571A,QR_ARCA_STRONG,1,0.9291786551475525,FACTURA,False,0.62648327688464,FACTURA,False,OK,
AE5F33D11E36020FD2D0004B7D7F0E29834D1846F3753696CE2E377BA6990089,Z001023435977.pdf,OTRO_DOCUMENTO,F-38BC11F2F1438B7B9147,PDF_TEXT_STRONG,0,0.994733452796936,FACTURA,True,0.6631370323462515,FACTURA,True,OK,
AE6555FAEED3F6DA119B234934065DE34014B600D497678D3CA282EC4EE3AFAC,Z001023385021.pdf,FACTURA,F-FACD83D8B4281A05571A,QR_ARCA_STRONG,1,0.9120284914970398,FACTURA,False,0.7280896739708327,FACTURA,False,OK,
AE91E3C556FA0456BA47EC97C0EADF80B7682FD588FAEFAB92CE30C32903AB22,Z001023478144.pdf,FACTURA,F-EFE6E9C595B24436566B,PDF_TEXT_STRONG,3,0.9956062436103821,FACTURA,False,0.6933261486446554,FACTURA,False,OK,
AEDC467B81545A573C8CF5C8878CF82047F638848F57F6CCD09D6E39D8261EEC,Z001023338065.pdf,FACTURA,F-C04B37B1724168DE2084,QR_ARCA_STRONG,3,0.780922532081604,FACTURA,False,0.7555068782487733,FACTURA,False,OK,
AF8B6445B3070AB2870510DFF2CAD430EBA17F2CDE35338DFBAF13D2E9EDA8A7,Z001023268100.pdf,FACTURA,F-FACD83D8B4281A05571A,QR_ARCA_STRONG,1,0.8625090718269348,FACTURA,False,0.7472981784020302,FACTURA,False,OK,
AF9E13927BD6123DA16DE0369AA7435A2892D4D71E8A0B3863F85C6A5E30455A,Z001023242882.pdf,OTRO_DOCUMENTO,F-F47B73E9F9F7F5973BEB,EXISTING_GROUND_TRUTH,0,0.9580912590026855,FACTURA,True,0.7235523486145179,FACTURA,True,OK,
AFB2A16FE5967F1096CB2532D6F726831A460843CB1618E3F75A29899EF26F3D,Z001023397601.pdf,FACTURA,F-6F5CAF1E1AEEB43C5486,QR_ARCA_STRONG,2,0.45127347111701965,OTRO_DOCUMENTO,True,0.7078226868157252,FACTURA,False,OK,
AFD04E98404202094A303416378E65BFF378DACC29438FCCB31F15E5DA76A62D,Z001023321113.pdf,OTRO_DOCUMENTO,F-319491FEEAF6386D99BD,QR_ARCA_STRONG,0,0.8211392164230347,FACTURA,True,0.830337692088005,FACTURA,True,OK,
AFD94A7738464B799D40D6192E9DD1BEEC6A0D45A535AACFA3EDD16D0B16F057,Z001023349975.pdf,FACTURA,F-6F5CAF1E1AEEB43C5486,QR_ARCA_STRONG,2,0.4214235544204712,OTRO_DOCUMENTO,True,0.7706763465001029,FACTURA,False,OK,
AFF82FA6EF3277DD84FB0590FEFDAA94384C7C16B8DD7E888E0AC3694B287D74,Z001023385195.pdf,FACTURA,F-463F5D66BCFC1B95B4F2,QR_ARCA_STRONG,3,0.9620875716209412,FACTURA,False,0.7733004852690152,FACTURA,False,OK,
B037CD5D6C3DBFE242C1D48A41B2E684E3A06C137605AD08407CCABBF0300E9C,Z001023410269.pdf,FACTURA,F-FACD83D8B4281A05571A,QR_ARCA_STRONG,1,0.9004918932914734,FACTURA,False,0.7194906005398763,FACTURA,False,OK,
B0A4197888EA55EB0525400667380D7303F51FA37116676CBF8C89C3C4576029,Z001023306241.pdf,FACTURA,F-FACD83D8B4281A05571A,QR_ARCA_STRONG,1,0.9205939769744873,FACTURA,False,0.7365272671468694,FACTURA,False,OK,
B155575B3E5AA921C9BE814DB5AE231CE4A154F9464C903FFF45753EDF9BB098,Z001023267779.pdf,FACTURA,F-FACD83D8B4281A05571A,QR_ARCA_STRONG,1,0.9141160249710083,FACTURA,False,0.67606340169932,FACTURA,False,OK,
B183B3C2FBEA842AA2E1271A4F4F99AD84CB291E37911A846655D8B7C3B6F0F7,Z001023338056.pdf,FACTURA,F-8FB0C271F20EAB3092AA,QR_ARCA_STRONG,3,0.7679138779640198,FACTURA,False,0.746779807176262,FACTURA,False,OK,
B1F31AE8A9C37651E9BE2101CEE69DF9D9BB484E351A2EDFE5EFAD605EC5491F,Z001023398537.pdf,FACTURA,F-DDD398632A8E3710DDB0,PDF_TEXT_STRONG,3,0.9526236653327942,FACTURA,False,0.7407848621012568,FACTURA,False,OK,
B22A76E1E4FD31EF224C10ACFE0E347C516EF33BA7C3ECF2F5490502A042BFD9,Z001023366958.pdf,FACTURA,F-463F5D66BCFC1B95B4F2,QR_ARCA_STRONG,3,0.9927260875701904,FACTURA,False,0.7028064442219434,FACTURA,False,OK,
B261F434C6894AF945296D248F09A6B8DFCADCFD119DC890EDE995D62C59E4AB,Z001023410764.pdf,FACTURA,F-FACD83D8B4281A05571A,QR_ARCA_STRONG,1,0.9205366969108582,FACTURA,False,0.7027853722393398,FACTURA,False,OK,
B2997181C2966B7D939278DE583E1C455291A7919335F007B8E7502E8FF7BED6,Z001023384953.pdf,FACTURA,F-6F5CAF1E1AEEB43C5486,QR_ARCA_STRONG,2,0.40885889530181885,OTRO_DOCUMENTO,True,0.784573194371206,FACTURA,False,OK,
B2A0FCE48A8A078C9FDBA7A34DFCC9B8B282947AF09EF609C4F2A424AA6F13D7,Z001023321066.pdf,FACTURA,F-F9F97E5234AB53CA8EDD,OCR_STRONG,2,0.9156856536865234,FACTURA,False,0.7503439250398423,FACTURA,False,OK,
B2C834CFED8E0CEFDFC52915E35EC7F7E4E3C09E73B77FA068A55848357A78DA,Z001023283763.pdf,FACTURA,F-6F5CAF1E1AEEB43C5486,QR_ARCA_STRONG,2,0.5945851802825928,FACTURA,False,0.7332434375756877,FACTURA,False,OK,
B2EC24389642801888074E7E0AFA7D94B5A444FDA2F8FE74C2AF1D76B6E3BCEC,Z001023305858.pdf,FACTURA,F-6F5CAF1E1AEEB43C5486,QR_ARCA_STRONG,2,0.5320318341255188,FACTURA,False,0.7881621296135385,FACTURA,False,OK,
B30F44F06B3B610827B41DCAB057CFBD3F73DFD201E509567A97022B58BE754E,Z001023243394.pdf,FACTURA,F-6F5CAF1E1AEEB43C5486,QR_ARCA_STRONG,2,0.6336079239845276,FACTURA,False,0.7780451864601503,FACTURA,False,OK,
B3E8F9A23D84DA4EF6F0BED0132ABEC06DBBCC00BADF676ED7BD7E71E44FDF73,Z001023320998.pdf,FACTURA,F-463F5D66BCFC1B95B4F2,QR_ARCA_STRONG,3,0.9703659415245056,FACTURA,False,0.7984258506236918,FACTURA,False,OK,
B43FBD417EF3A374DBF2C0452FEBBCF37E606C43B32910257C5C61F0D456E116,Z001023266211.pdf,FACTURA,F-FACD83D8B4281A05571A,QR_ARCA_STRONG,1,0.930167555809021,FACTURA,False,0.7751770065531434,FACTURA,False,OK,
B44251C89926FF5181BC892C404BAF4F11E48626212A6C970A5D7DDEAEBF3CA6,Z001023266852.pdf,FACTURA,F-6F5CAF1E1AEEB43C5486,QR_ARCA_STRONG,2,0.4496569037437439,OTRO_DOCUMENTO,True,0.7653820663823198,FACTURA,False,OK,
B4430B9D1CE090C0C6EBC8ECC4D373545087A303D6846768C96141BD69FD3D68,Z001023283764.pdf,FACTURA,F-127BD2FBDD2CC031C0FE,QR_ARCA_STRONG,2,0.5560935735702515,FACTURA,False,0.8920593958995149,FACTURA,False,OK,
B46721DBF0CC1963B2C57D5D4C35252EEC8B7C40AA9B65F00B72A5A0AE888BA5,Z001023367067.pdf,FACTURA,F-D591D778E05641FBA116,QR_ARCA_STRONG,2,0.39697593450546265,OTRO_DOCUMENTO,True,0.7904194047079997,FACTURA,False,OK,
B49BC0B1FC19AAC79B16DC36E0EE7096B46796D74369F33A1A753F4B1237A7BD,Z001023267336.pdf,FACTURA,F-EE08C7103D2458E54189,QR_ARCA_STRONG,0,0.678947389125824,FACTURA,False,0.7924644170031961,FACTURA,False,OK,
B4C8FA3786E8BA119F3C5F40F1BF5868D7591D0E865FF2AF84F7235674F33C88,Z001023243075.pdf,FACTURA,F-F8EBECB216D6C0D8E1BE,EXISTING_GROUND_TRUTH,3,0.6533076763153076,FACTURA,False,0.6876606398387415,FACTURA,False,OK,
B57482DDE36878A4671AE5BA62CF9F25F1093F7ADED072390756EA95F182680B,Z001023350416.pdf,FACTURA,F-DCC01CD6C3861C7E4C3E,OCR_STRONG,3,0.934045672416687,FACTURA,False,0.7669488418728517,FACTURA,False,OK,
B59289C59C42F58F2E5E5667229CB21EC21343A252CF50441F2AACE87618F71B,Z001023385284.pdf,FACTURA,F-624B9DB867F145EBB34C,OCR_STRONG,0,0.9979054927825928,FACTURA,False,0.775794742861741,FACTURA,False,OK,
B5ACDD8CF3C659A5ACA521D4D5BDD33A4ABCED7E3B51BCE62232BF6509A7A6B5,Z001023243463.pdf,FACTURA,F-EE08C7103D2458E54189,QR_ARCA_STRONG,0,0.7361939549446106,FACTURA,False,0.7889637106141695,FACTURA,False,OK,
B5C325DEA3BD4B0A25EA5C3EDE914856F9CC703DC3DAEF00F3443733CDDC020F,Z001023336347.pdf,FACTURA,F-6F5CAF1E1AEEB43C5486,QR_ARCA_STRONG,2,0.7043793797492981,FACTURA,False,0.7216722678635208,FACTURA,False,OK,
B5DE25694A1E3F151038528A102E8613AAA3E63ED988DE74C8B99134F65C2CE1,Z001023243734.pdf,FACTURA,F-EE08C7103D2458E54189,QR_ARCA_STRONG,0,0.6031457185745239,FACTURA,False,0.7091103259228025,FACTURA,False,OK,
B5FADEA794BC7EF56E6FCA4D6D51AA1D2416BC77A0A4768BD9F139BE4BF0C225,Z001023435315.pdf,FACTURA,F-463F5D66BCFC1B95B4F2,OCR_STRONG,3,0.997992753982544,FACTURA,False,0.811463584761059,FACTURA,False,OK,
B659F8BCB146A10D8370F7CBC2A5C9DB45207D9B5EFB86E12A2786DA28051160,Z001023306257.pdf,FACTURA,F-463F5D66BCFC1B95B4F2,QR_ARCA_STRONG,3,0.9747951030731201,FACTURA,False,0.7904081736936059,FACTURA,False,OK,
B68674F3B9393FDE895EBE47421061B41DCE664D2174AFA8C7904CD4324C5124,Z001023243327.pdf,FACTURA,F-8E51FF106E6F3ECF3F13,EXISTING_GROUND_TRUTH,1,0.9205549955368042,FACTURA,False,0.7759362360194558,FACTURA,False,OK,
B7004863AED55E481D4397435BD5B06CEA6180397E1059883D51F5D066F1147F,Z001023243369.pdf,FACTURA,F-73CB94964FB18FDF7FCE,EXISTING_GROUND_TRUTH,3,0.9923547506332397,FACTURA,False,0.8231318661340149,FACTURA,False,OK,
B77D4EBDF02A914E4B6BB74E218EBA5B9F3C84F47E7C63F5DCAE563B8ABE7A72,Z001023385283.pdf,FACTURA,F-FACD83D8B4281A05571A,QR_ARCA_STRONG,1,0.9244295954704285,FACTURA,False,0.7159371617378504,FACTURA,False,OK,
B78BB8245C935535BC3425C474DD8C21F7E5434AF84B89A889F4DCB0C0595930,Z001023422501.pdf,FACTURA,F-9525E35FAA9C79DDFE79,QR_ARCA_STRONG,0,0.9980237483978271,FACTURA,False,0.8095605831125575,FACTURA,False,OK,
B80AFDA11B97B8B04E84D9CD740D359D1C596DF8F1D8F5F1FD844D8FEA257681,Z001023467603.pdf,FACTURA,F-FACD83D8B4281A05571A,QR_ARCA_STRONG,1,0.9252405166625977,FACTURA,False,0.6090630277125348,FACTURA,False,OK,
B838D34AF658B43A04B590C709EF56D29457768AC2561246DE907FDBB3E164FA,Z001023466523.pdf,FACTURA,F-BBFA348893E65DB88B69,QR_ARCA_STRONG,1,0.9450367093086243,FACTURA,False,0.8103449535483803,FACTURA,False,OK,
B84A772378756B6314CFD7C847ED11E8ED0969129EDEC4C4AB968DFC4819F7C8,Z001023305870.pdf,FACTURA,F-6F5CAF1E1AEEB43C5486,QR_ARCA_STRONG,2,0.20494307577610016,OTRO_DOCUMENTO,True,0.7705731495987393,FACTURA,False,OK,
B84B427F6FD18CB0429FFD385661A0D9E127F2E46C5B2ADC755D18414A870739,Z001023242373.pdf,FACTURA,F-EE08C7103D2458E54189,QR_ARCA_STRONG,0,0.6284757852554321,FACTURA,False,0.7996659250226851,FACTURA,False,OK,
B8AE7CBF2367797B27297B4937F006864D0E40FEE96D9146C308CD0D36DA337B,Z001023366867.pdf,FACTURA,F-99F7A3F5F30B759FC1BA,OCR_STRONG,3,0.9529350399971008,FACTURA,False,0.6703064170089343,FACTURA,False,OK,
B8B9CC93AD5D652C71367F2D4AAAC897EE3CCF26697314E8B918A140B27EAD43,Z001023478145.pdf,FACTURA,F-EFE6E9C595B24436566B,PDF_TEXT_STRONG,3,0.9952074885368347,FACTURA,False,0.6876903249100966,FACTURA,False,OK,
BA599EC41FE7E359E5A4333D2216B20E2F1B14EEC86D337177BBE86642EFBC1F,Z001023423179.pdf,FACTURA,F-FACD83D8B4281A05571A,QR_ARCA_STRONG,1,0.9146119952201843,FACTURA,False,0.7351763044478323,FACTURA,False,OK,
BA98CE4928F0A74D663B803FFB02DF2C63C5E0404FC89B630992D31DEF7B9B63,Z001023338076.pdf,FACTURA,F-FACD83D8B4281A05571A,QR_ARCA_STRONG,1,0.8798365592956543,FACTURA,False,0.7038257561080491,FACTURA,False,OK,
BAAE431824638D35FB35CDA58C3D162F45CF18993CC7DD8696C0ED104C344E01,Z001023366204.pdf,FACTURA,F-463F5D66BCFC1B95B4F2,QR_ARCA_STRONG,3,0.9910340905189514,FACTURA,False,0.7172459728137489,FACTURA,False,OK,
BAB2FC9AD6FCB9791998B45C2980B39C5B8761CA41A9B31757578BED83609B74,Z001023283877.pdf,FACTURA,F-EE08C7103D2458E54189,QR_ARCA_STRONG,0,0.5056858658790588,FACTURA,False,0.7875050709583856,FACTURA,False,OK,
BAD58EFDAD38F78981FFC549AF4B2F8E08A05F91717C17C0926AD6E832356563,Z001023243751.pdf,OTRO_DOCUMENTO,F-FACD83D8B4281A05571A,QR_ARCA_STRONG,1,0.8997189402580261,FACTURA,True,0.4596388344159369,OTRO_DOCUMENTO,False,OK,
BBE194D39B1BE0FC4F79746855975E750A39C4A50FF4BFDC2FD0EE6FA1BE1DE2,Z001023306142.pdf,FACTURA,F-FACD83D8B4281A05571A,QR_ARCA_STRONG,1,0.9190982580184937,FACTURA,False,0.7451017056311267,FACTURA,False,OK,
BC50881D0FA286197EF00AE2A783C5F35035D52AB8D8331389563F71777F200E,Z001023385733.pdf,FACTURA,F-6F5CAF1E1AEEB43C5486,QR_ARCA_STRONG,2,0.44476252794265747,OTRO_DOCUMENTO,True,0.7633339496366573,FACTURA,False,OK,
BCBBF28C995BCD25F999826AE1848F034C3835F0CFA162AFA733CB7F3317C176,Z001023305690.pdf,FACTURA,F-EE08C7103D2458E54189,QR_ARCA_STRONG,0,0.625334620475769,FACTURA,False,0.8230209790754214,FACTURA,False,OK,
BCDB3FA6314A6818D45588D3055054720B71C0FFD5AF1BF073F8B68C9823DB5C,Z001023422191.pdf,FACTURA,F-FACD83D8B4281A05571A,QR_ARCA_STRONG,1,0.9315019249916077,FACTURA,False,0.73199178733414,FACTURA,False,OK,
BD24EA94A76C917A05925825C6264475970B3150A5DD24C5C1706E1BCE397335,Z001023306744.pdf,FACTURA,F-FACD83D8B4281A05571A,QR_ARCA_STRONG,1,0.89438796043396,FACTURA,False,0.780202261487452,FACTURA,False,OK,
BD7F4BAA498B98BEFACE0028528DCDF91D331EBEC91FDC934BAC440BB06984D5,Z001023321063.pdf,FACTURA,F-78FBBC0583221AAC5789,QR_ARCA_STRONG,2,0.764647364616394,FACTURA,False,0.7341687883938874,FACTURA,False,OK,
BD8E11FCAEC9A44D6A00F4A35DDE7592D803BF3A213F1871A206063466741EDA,Z001023338057.pdf,FACTURA,F-8FB0C271F20EAB3092AA,QR_ARCA_STRONG,3,0.7656641006469727,FACTURA,False,0.7637290185594707,FACTURA,False,OK,
BE42D5645B6B6FC115CDDAC2DE7D1E6B4155601B7184FD659D4E749B43A7CC4F,Z001023305821.pdf,FACTURA,F-463F5D66BCFC1B95B4F2,QR_ARCA_STRONG,3,0.9834376573562622,FACTURA,False,0.7896051187990716,FACTURA,False,OK,
BEBEE3FEB2ECE2A58A28A20BC713DBD94D72534F2C5B58650B9A002E753C4FC7,Z001023243468.pdf,FACTURA,F-EE08C7103D2458E54189,QR_ARCA_STRONG,0,0.5041372776031494,FACTURA,False,0.7838926481111995,FACTURA,False,OK,
BF29AA335807B8772722D77E8BB1A6FFF97439E4C538B4E8487ABADED18B3E1E,Z001023455043.pdf,FACTURA,F-D591D778E05641FBA116,QR_ARCA_STRONG,2,0.4091968536376953,OTRO_DOCUMENTO,True,0.794226828369226,FACTURA,False,OK,
BF3C8B6E0629580CD73B07E38158B2BAC03A920BD9965548A236F02203849DB0,Z001023243736.pdf,OTRO_DOCUMENTO,F-2225E7482E0C1A2CF093,QR_ARCA_STRONG,2,0.5148385763168335,FACTURA,True,0.5837641059466557,FACTURA,True,OK,
BFA345B7F7EFD8A252FFE7A2961BC8491F0CA8088E7FA68D0FFBA8CDDD06C239,Z001023384990.pdf,FACTURA,F-6F5CAF1E1AEEB43C5486,QR_ARCA_STRONG,2,0.46995964646339417,OTRO_DOCUMENTO,True,0.7929506979716474,FACTURA,False,OK,
C03307D0E30E87F1DB5F43875D2908DF294EC66AFC045B5F000F4B437912790C,Z001023467519.pdf,FACTURA,F-6F5CAF1E1AEEB43C5486,QR_ARCA_STRONG,2,0.6552518010139465,FACTURA,False,0.7029457710310243,FACTURA,False,OK,
C09C687DD4CA97DF30A9EEA5AC8D3FC4F376766772980E559830B9458C6E9A0F,Z001023305705.pdf,FACTURA,F-EE08C7103D2458E54189,QR_ARCA_STRONG,0,0.7888467311859131,FACTURA,False,0.8082698474832942,FACTURA,False,OK,
C0D4042C7735626A538A99C8481F8B0D139A983D3DE8B0FDB50C6B519588B0D0,Z001023338081.pdf,FACTURA,F-FC0763B62EEE2F9FCCE8,QR_ARCA_STRONG,2,0.8182727098464966,FACTURA,False,0.7488830637166021,FACTURA,False,OK,
C128DB050D40091655B54E5796821E4B97A21879827F408B1A1562D141649385,Z001023305613.pdf,FACTURA,F-EE08C7103D2458E54189,QR_ARCA_STRONG,0,0.7655108571052551,FACTURA,False,0.7916517329686308,FACTURA,False,OK,
C1339904E1A25B7C57F4FCD77911D4E12AC16E32615C65591D13F656405BCD61,Z001023351308.pdf,FACTURA,F-463F5D66BCFC1B95B4F2,QR_ARCA_STRONG,3,0.9933886528015137,FACTURA,False,0.71518446441068,FACTURA,False,OK,
C177CD77BAA5F5587D302FDCC9F5615424F6BCED6057AA300113D6E3A600DC02,Z001023242796.pdf,FACTURA,F-EF073838ABE6523C2174,EXISTING_GROUND_TRUTH,0,0.9902201294898987,FACTURA,False,0.7671090203091423,FACTURA,False,OK,
C2100227A4E19E89166D86B967E5BBDCD57CA5023BA5E65D69389BC8B8BEC3C8,Z001023306237.pdf,FACTURA,F-EE08C7103D2458E54189,QR_ARCA_STRONG,0,0.6563148498535156,FACTURA,False,0.7720097422507023,FACTURA,False,OK,
C253AB0D7A2231B0EE8ADE2089FF0F31FB3DCD431952756AEF456E8C35F50177,Z001023283766.pdf,FACTURA,F-6F5CAF1E1AEEB43C5486,QR_ARCA_STRONG,2,0.6467404961585999,FACTURA,False,0.7592557569491584,FACTURA,False,OK,
C286855F489A0EF1D75420C90BA90D7C7F7357631A50F2B6239F2E888FD0198B,Z001023478405.pdf,FACTURA,F-6F5CAF1E1AEEB43C5486,QR_ARCA_STRONG,2,0.46789637207984924,OTRO_DOCUMENTO,True,0.7541901366822651,FACTURA,False,OK,
C2B9C93B9693A319CF01C0A5D31F3962BF7E02F0006FD13871EDFC50CF7B4121,Z001023350945.pdf,FACTURA,F-A69FDECE53AB69CF1845,QR_ARCA_STRONG,2,0.9647856950759888,FACTURA,False,0.7191839581999894,FACTURA,False,OK,
C2C93818726DAC52E58536C78525B62A417DEC82F9491E4941E8AEE2CFA42B42,Z001023242895.pdf,FACTURA,F-EE08C7103D2458E54189,EXISTING_GROUND_TRUTH,0,0.6075937151908875,FACTURA,False,0.7766149270130106,FACTURA,False,OK,
C32B2E20D7C26374931D1211FDDC75A8B9DC021D4FB1E43E423060A42FCB0F90,Z001023243393.pdf,FACTURA,F-127BD2FBDD2CC031C0FE,QR_ARCA_STRONG,2,0.6437536478042603,FACTURA,False,0.9192740034386769,FACTURA,False,OK,
C34D90268A5F10333F6EEB206403454ED03AD03DFE2E0F82144D322FCB2BE2FE,Z001023243461.pdf,FACTURA,F-EE08C7103D2458E54189,QR_ARCA_STRONG,0,0.621809184551239,FACTURA,False,0.7833868367960276,FACTURA,False,OK,
C3B17A6E5FCF4075138716E7C05C7C2C00B9C6DB35B1F7CF269759EE308A472C,Z001023243396.pdf,FACTURA,F-6F5CAF1E1AEEB43C5486,QR_ARCA_STRONG,2,0.6702198386192322,FACTURA,False,0.7431445751697451,FACTURA,False,OK,
C467CA492CC79EDB963E9E4B1D87CB6B9AC232D99505BB4BFF97EA5240921873,Z001023322035.pdf,FACTURA,F-FACD83D8B4281A05571A,QR_ARCA_STRONG,1,0.9174426198005676,FACTURA,False,0.7482257238041831,FACTURA,False,OK,
C4F20F86104A25A042C17226A58FE4A2904FF327D27396E512BFB9855A181AB0,Z001023305843.pdf,FACTURA,F-C4EFEA98CD9D9490E678,OCR_STRONG,2,0.04169449210166931,OTRO_DOCUMENTO,True,0.7016082393964143,FACTURA,False,OK,
C4FA660C17826F3719DD1559315A2810F55C5F458EC9FE51CBC1C34E09580929,Z001023410665.pdf,FACTURA,F-6F5CAF1E1AEEB43C5486,QR_ARCA_STRONG,2,0.5259599685668945,FACTURA,False,0.7545812177360885,FACTURA,False,OK,
C5015F3E9ACE903E1F1A3F021F972B5725DAA7D97CBF494731F3C5FFBD0178AB,Z001023283746.pdf,FACTURA,F-EE08C7103D2458E54189,QR_ARCA_STRONG,0,0.7339390516281128,FACTURA,False,0.7951956327172052,FACTURA,False,OK,
C5130207272100B6F37D2F1DF7D551DB1B8689288E3EDA73B8DE49834D6D8DF4,Z001023337180.pdf,FACTURA,F-87572B663CBBD9F4CA2F,QR_ARCA_STRONG,3,0.993023157119751,FACTURA,False,0.8147193342019312,FACTURA,False,OK,
C5AB3289EC750F8FE7A4D0025AEC51B2F9E3031E9A750BFD7152F5635577B831,Z001023349834.pdf,FACTURA,F-EDBFE59229E8571451DD,QR_ARCA_STRONG,2,0.9630662202835083,FACTURA,False,0.7360085170267465,FACTURA,False,OK,
C6469439E8A7EADDAB74F948CDEB8C758FB7E73195A0FA9FADF994E98857A5FC,Z001023410267.pdf,FACTURA,F-463F5D66BCFC1B95B4F2,QR_ARCA_STRONG,3,0.9926844835281372,FACTURA,False,0.7094720893773319,FACTURA,False,OK,
C66AE5D0BA9546144237F3ED91AA92D98D806F940E4D3B863AD114692FFD1AFA,Z001023284902.pdf,FACTURA,F-0EE887752345887B2F4F,OCR_STRONG,2,0.02465653233230114,OTRO_DOCUMENTO,True,0.39802543489514,OTRO_DOCUMENTO,True,OK,
C6FA29FFDF0C2B39FE22AA6A5DF8FDC4C215B1DD849C481E4EF56978B614EAE2,Z001023242527.pdf,FACTURA,F-6F5CAF1E1AEEB43C5486,QR_ARCA_STRONG,2,0.4998297095298767,OTRO_DOCUMENTO,True,0.7814190142188068,FACTURA,False,OK,
C73C512EC4364FB25B1DD1CE61856BFDE06C3BB7FB3897FC660CBEA83E889F71,Z001023338078.pdf,FACTURA,F-B0CE428E3A93F67A9A41,OCR_STRONG,2,0.9617674946784973,FACTURA,False,0.717343292168329,FACTURA,False,OK,
C7DCFC7B887ED14B331FE01DC9255DB7490E7A0124783AFBAF3B6B292AD6D0A6,Z001023283899.pdf,FACTURA,F-463F5D66BCFC1B95B4F2,QR_ARCA_STRONG,3,0.9916296601295471,FACTURA,False,0.6980073015221331,FACTURA,False,OK,
C92C0422097D51A3D93193E6CF419568C35B45B68AE7BA0E8F044DAA781BDE27,Z001023423202.pdf,OTRO_DOCUMENTO,F-FACD83D8B4281A05571A,QR_ARCA_STRONG,1,0.8586797118186951,FACTURA,True,0.4204610591311659,OTRO_DOCUMENTO,False,OK,
C94D2466ABBCA670AEB72345C937ECD41C9AE3519E58A521C3DC5E400F88B6CB,Z001023350130.pdf,FACTURA,F-FACD83D8B4281A05571A,QR_ARCA_STRONG,1,0.9267748594284058,FACTURA,False,0.7183333213994706,FACTURA,False,OK,
C954E8A98EC5F59434BC8FD7AD7063CDACEF485CA4C4172312005AAD894268AF,Z001023321628.pdf,FACTURA,F-463F5D66BCFC1B95B4F2,PDF_TEXT_STRONG,3,0.9841737747192383,FACTURA,False,0.7624072418484592,FACTURA,False,OK,
C975B3D927FB1E30EEDB65478115A3885467118916194B500FD55F0D0875019E,Z001023306560.pdf,FACTURA,F-A26E6E68BD787A625DC9,QR_ARCA_STRONG,3,0.4129968285560608,OTRO_DOCUMENTO,True,0.7319078294441798,FACTURA,False,OK,
C9E25B0A4129298A70D0938226DC15E47A3489EE06D723D9F8A969C5193FB68D,Z001023283842.pdf,FACTURA,F-FACD83D8B4281A05571A,QR_ARCA_STRONG,1,0.8527765870094299,FACTURA,False,0.7142301518073785,FACTURA,False,OK,
C9E46A38A0109D9C87D2CF516D39DF2B685B99E66F6EE09830A75CB7A8A11495,Z001023267137.pdf,FACTURA,F-C4EFEA98CD9D9490E678,OCR_STRONG,2,0.040323179215192795,OTRO_DOCUMENTO,True,0.7016082393964143,FACTURA,False,OK,
CA02A2902F5BD9190AD57D7FDB96C2EDBE63D4E91C1524B91B5677BDDA01A3BF,Z001023284844.pdf,FACTURA,F-463F5D66BCFC1B95B4F2,QR_ARCA_STRONG,3,0.9908989667892456,FACTURA,False,0.7251059834038137,FACTURA,False,OK,
CA106104222A9D6DF2CA34E8D58F08DB9F65369DFD4A2465C7836AFB52F4EABD,Z001023266864.pdf,FACTURA,F-FACD83D8B4281A05571A,QR_ARCA_STRONG,1,0.8977681398391724,FACTURA,False,0.7277496403682421,FACTURA,False,OK,
CA14A4C3BB942C93600EBD048A66925B35F6189FFF084EE4AF994D09603804F3,Z001023435387.pdf,FACTURA,F-D591D778E05641FBA116,QR_ARCA_STRONG,2,0.3992549180984497,OTRO_DOCUMENTO,True,0.7567859779677629,FACTURA,False,OK,
CA4B144974CDD331E904D3646E7F74FDAE6502B6CCDA4A0B4845C2FA9E2F6DB8,Z001023243171.pdf,OTRO_DOCUMENTO,F-F005EBB69A8DFBD56F0B,EXISTING_GROUND_TRUTH,3,0.5558066964149475,FACTURA,True,0.6476954953829324,FACTURA,True,OK,
CA75936BB5B3F05DC8FDB2E6D7BA8CD9F1E57E6DD78173F81181FDC1C88D6451,Z001023422176.pdf,FACTURA,F-6F5CAF1E1AEEB43C5486,QR_ARCA_STRONG,2,0.643614649772644,FACTURA,False,0.7901676112103909,FACTURA,False,OK,
CACFCD72797B5F3FDBC68225A60AA5A14FBC6A696BDE7B0F8377B5B9A2BC254C,Z001023410752.pdf,FACTURA,F-FACD83D8B4281A05571A,QR_ARCA_STRONG,1,0.9350026249885559,FACTURA,False,0.700216469737312,FACTURA,False,OK,
CB3F881168E39D42F2154112BEFFC872F79A0F1E34F6E9C1939842604C61CA62,Z001023305808.pdf,FACTURA,F-EE08C7103D2458E54189,QR_ARCA_STRONG,0,0.46067366003990173,OTRO_DOCUMENTO,True,0.804894821336688,FACTURA,False,OK,
CB67F361EA64E80587BAB165B922A2E4760A9CB206DD074A571F27A3DC6C743A,Z001023336433.pdf,FACTURA,F-077C308A7FE5C91A2133,QR_ARCA_STRONG,2,0.5251009464263916,FACTURA,False,0.6643605239674977,FACTURA,False,OK,
CBF1504F1A2BD20989734BB93F9A6B821D696DC3D9F026A3AE97DB428987BDF8,Z001023243376.pdf,FACTURA,F-FACD83D8B4281A05571A,QR_ARCA_STRONG,1,0.9326920509338379,FACTURA,False,0.6859099777902918,FACTURA,False,OK,
CBF2C5E3D3358E302151CED6A4FA4397E6E7656E3D8B5A494F458C3DD20F0286,Z001023320989.pdf,FACTURA,F-EE08C7103D2458E54189,QR_ARCA_STRONG,0,0.17191387712955475,OTRO_DOCUMENTO,True,0.8040831013805466,FACTURA,False,OK,
CCFC8856B2EE75B258F83A9BD8D590012639F2C3E9281B03568D96D0692E4D9A,Z001023455165.pdf,OTRO_DOCUMENTO,F-FACD83D8B4281A05571A,QR_ARCA_STRONG,1,0.8553077578544617,FACTURA,True,0.38687125983378395,OTRO_DOCUMENTO,False,OK,
CD3258E1403C53DB4C5EACA945EF96391202785804131074295CCBE93FC71D03,Z001023283872.pdf,FACTURA,F-4282D891EC4146496CC2,QR_ARCA_STRONG,3,0.9974084496498108,FACTURA,False,0.8543404111404344,FACTURA,False,OK,
CD4CD7560303283D5284D0D6B005BEEDB1CC792033BDCF94FB6BED9C4125C0E2,Z001023338082.pdf,FACTURA,F-FC0763B62EEE2F9FCCE8,QR_ARCA_STRONG,2,0.7833605408668518,FACTURA,False,0.748924505534801,FACTURA,False,OK,
CDA31B4D8EB807890C25AEAC70F69CAE0352427C25F2FFB2206725CFD54D02E0,Z001023266216.pdf,FACTURA,F-73AB37D8D5F65AA437FE,OCR_STRONG,3,0.9812321662902832,FACTURA,False,0.7764231808006237,FACTURA,False,OK,
CDB639A0D68885C85F4A138356E228E627A7125AFD55A0013282FF29A7B544CB,Z001023321350.pdf,FACTURA,F-463F5D66BCFC1B95B4F2,PDF_TEXT_STRONG,3,0.9820865392684937,FACTURA,False,0.7801786275759525,FACTURA,False,OK,
CDCE4AFFBA4C7A14E62EC97B786AE463F5A06625309D2F3C7EC30632192363E0,Z001023423281.pdf,OTRO_DOCUMENTO,F-2225E7482E0C1A2CF093,QR_ARCA_STRONG,2,0.3883030414581299,OTRO_DOCUMENTO,False,0.6791666182183381,FACTURA,True,OK,
CDE2CF61792ECB1685A1B5D28F4185B11E4FFE284D37428507FA26C8426DAACE,Z001023436300.pdf,FACTURA,F-73D1F939C9F0B93053BA,OCR_STRONG,1,0.22880034148693085,OTRO_DOCUMENTO,True,0.5749971230574663,FACTURA,False,OK,
CF8EE0C26F214C226A853C81CBE52E96BF760B42197050F3726F7344891B269F,Z001023467443.pdf,FACTURA,F-6F5CAF1E1AEEB43C5486,QR_ARCA_STRONG,2,0.4547010660171509,OTRO_DOCUMENTO,True,0.7020897049686927,FACTURA,False,OK,
CFEBAFFA7B16C0A2A9DA4E31369F607C6769560AE4F0AF5DB7EBC7C7A5796942,Z001023305706.pdf,FACTURA,F-239031FB24D11A1289E7,PDF_TEXT_STRONG,3,0.72856205701828,FACTURA,False,0.7645024327425177,FACTURA,False,OK,
D03C1B7D2CE5300F2A3C336A8087AE6560C158270F5B6818D0E8E90DA84B5550,Z001023398914.pdf,FACTURA,F-FACD83D8B4281A05571A,QR_ARCA_STRONG,1,0.9283694624900818,FACTURA,False,0.7090515501615038,FACTURA,False,OK,
D0998159322E7036852951E3B6BB4631E0A5EF21ADFC0DFC39679D4F410C959F,Z001023243074.pdf,FACTURA,F-F8EBECB216D6C0D8E1BE,EXISTING_GROUND_TRUTH,3,0.4315539002418518,OTRO_DOCUMENTO,True,0.7332444821422514,FACTURA,False,OK,
D0B7E38560380EE7EAF6E34B6061E48C5CF2F35B8AA99A8D2F89E7E6B0A3F40B,Z001023423301.pdf,FACTURA,F-EFE6E9C595B24436566B,PDF_TEXT_STRONG,3,0.995303750038147,FACTURA,False,0.6886614010811939,FACTURA,False,OK,
D11EF5EFCB57C92D4BE706C631DEFF9D02684892A02A457AA7DF2790EC054948,Z001023385276.pdf,FACTURA,F-DC0A2053B5A530D4C5EF,QR_ARCA_STRONG,3,0.9868919253349304,FACTURA,False,0.8219331485348064,FACTURA,False,OK,
D163D9B8B20036EC5A3CE46A3EA5FC17F7C3019E2243C66920EF6716BF3A65A9,Z001023351282.pdf,FACTURA,F-463F5D66BCFC1B95B4F2,QR_ARCA_STRONG,3,0.9926181435585022,FACTURA,False,0.7113991908496415,FACTURA,False,OK,
D165FB62E80F26847F1F00B1DBD7E949928E56EC5C2A0EDD2FE929E4ABD85CB0,Z001023243377.pdf,FACTURA,F-5A7941650D7DE31BC8A5,EXISTING_GROUND_TRUTH,1,0.9114997386932373,FACTURA,False,0.7414019132955022,FACTURA,False,OK,
D183235157D76503E27005F2393996607AA052447B62D8B048242B417E9E45B4,Z001023422471.pdf,FACTURA,F-DC0A2053B5A530D4C5EF,QR_ARCA_STRONG,3,0.9879676699638367,FACTURA,False,0.8734622626045571,FACTURA,False,OK,
D19AD7052E1DA4CDC234A7E9C645D2FE992C1AEB9092802605F5BE4CC83326EF,Z001023321074.pdf,FACTURA,F-FACD83D8B4281A05571A,QR_ARCA_STRONG,1,0.9214919805526733,FACTURA,False,0.7476654178008445,FACTURA,False,OK,
D1B8EF56BC2CC9568D9F04C2ED50CEA8C6F4A17561011E419D36CE40F034ABC8,Z001023266235.pdf,FACTURA,F-6F5CAF1E1AEEB43C5486,QR_ARCA_STRONG,2,0.6041123270988464,FACTURA,False,0.7083839128788507,FACTURA,False,OK,
D1E6F1AF5284A0AD66F07602A7398225612A7F72630FAB3C140919894AB51E8E,Z001023385994.pdf,FACTURA,F-463F5D66BCFC1B95B4F2,QR_ARCA_STRONG,3,0.9911728501319885,FACTURA,False,0.7364607583956904,FACTURA,False,OK,
D1F8966052F9585FA0A09C435D2ACA06180130A3DC9FDBDFE46534FA6BA34BD9,Z001023320996.pdf,FACTURA,F-E1B8D918E114096E5077,PDF_TEXT_STRONG,2,0.34383758902549744,OTRO_DOCUMENTO,True,0.7197750939276039,FACTURA,False,OK,
D2009CF9F31D7894DB728342C16C23B5D69767488011AB222E69A86185D457AF,Z001023266342.pdf,FACTURA,F-EE08C7103D2458E54189,QR_ARCA_STRONG,0,0.794632077217102,FACTURA,False,0.7636276373635286,FACTURA,False,OK,
D22FA4C5DAD47E0503E3A3BFE4B9F69FCF46A197EFD9D5632C40ACD092587E8D,Z001023243752.pdf,FACTURA,F-6F5CAF1E1AEEB43C5486,QR_ARCA_STRONG,2,0.5536432862281799,FACTURA,False,0.7983026184961458,FACTURA,False,OK,
D24949793794B54566EF791877070947AF6F5BEA0E1AE4D9AD59D0C7311C7730,Z001023384972.pdf,FACTURA,F-463F5D66BCFC1B95B4F2,QR_ARCA_STRONG,3,0.8551534414291382,FACTURA,False,0.7569914957505451,FACTURA,False,OK,
D278278F52A696DF386A5CD1DA883A54D42374905A42330A42B48E05DFBCE94F,Z001023454457.pdf,FACTURA,F-8FB0C271F20EAB3092AA,QR_ARCA_STRONG,3,0.7809183597564697,FACTURA,False,0.7507523882714277,FACTURA,False,OK,
D2A9D1946120EC88B3B109FE0E565AF998A3E46A6B1166F1B13DB93D0FA7F3CA,Z001023435316.pdf,FACTURA,F-463F5D66BCFC1B95B4F2,OCR_STRONG,3,0.9980521202087402,FACTURA,False,0.8239780952993139,FACTURA,False,OK,
D3360D063323398B960AB04D10199119F7B9065CBFD7101D262535999DABA93A,Z001023467518.pdf,FACTURA,F-BB3946FCA5C1D8EE3510,QR_ARCA_STRONG,3,0.9805201888084412,FACTURA,False,0.7377504509178948,FACTURA,False,OK,
D381BF2B9FE9921A149F2EB5C74207B1E5A4B543B3C045A18B09CA2D7F403833,Z001023365895.pdf,FACTURA,F-FACD83D8B4281A05571A,QR_ARCA_STRONG,1,0.9443154335021973,FACTURA,False,0.7403677092213126,FACTURA,False,OK,
D3FA25D4862E2993FB02982B9F4DE3C5E3B142BB76A254447C41DE643EAB4275,Z001023266231.pdf,FACTURA,F-4A04ED19FCD7897FFCD0,QR_ARCA_STRONG,3,0.9968731999397278,FACTURA,False,0.7096619221145472,FACTURA,False,OK,
D41718D7740A44FC105BDCA62453EA10635C6857F3FFCD5C6FD6C0E517E74AB0,Z001023321892.pdf,FACTURA,F-463F5D66BCFC1B95B4F2,QR_ARCA_STRONG,3,0.9891162514686584,FACTURA,False,0.7215645665351557,FACTURA,False,OK,
D429E736D82B111075BDA9E832F25D555146ABAFCF3885B9B4590A612F337A71,Z001023268022.pdf,FACTURA,F-66FEEC36CB99F857D1A9,OCR_STRONG,2,0.8879854083061218,FACTURA,False,0.8076729582335994,FACTURA,False,OK,
D47F13C4D81C5BCE308D5DCB445BC07C07CC2768BC801833B8C24EDE0B3038E9,Z001023384991.pdf,FACTURA,F-6F5CAF1E1AEEB43C5486,QR_ARCA_STRONG,2,0.16921594738960266,OTRO_DOCUMENTO,True,0.7653571703995243,FACTURA,False,OK,
D49E91493367E3924D7AF8AE16CA0B26567C40EC39687EF9043A0731EF840B3D,Z001023243740.pdf,FACTURA,F-EE08C7103D2458E54189,QR_ARCA_STRONG,0,0.7735826969146729,FACTURA,False,0.8059221356824326,FACTURA,False,OK,
D4C3E3E5A6C8A6396585AED0657045546DB61BED0E576E6862CA8130164BCE08,Z001023242450.pdf,FACTURA,F-F87B430E01864ABA8385,OCR_STRONG,0,0.9975417852401733,FACTURA,False,0.8653944936374259,FACTURA,False,OK,
D5957D9DF6DF9855CAA5CE947E569B66D4ADC253C00A000A2FB29FD88DA8B763,Z001023306965.pdf,FACTURA,F-6F5CAF1E1AEEB43C5486,QR_ARCA_STRONG,2,0.21931274235248566,OTRO_DOCUMENTO,True,0.7571148817660742,FACTURA,False,OK,
D5A928540B4295A42FCF5B310EB45330AD6A407D3A188D3E5C3A05BA49112712,Z001023321055.pdf,FACTURA,F-EE08C7103D2458E54189,QR_ARCA_STRONG,0,0.42700257897377014,OTRO_DOCUMENTO,True,0.7916791763812278,FACTURA,False,OK,
D63E75967E91D0B192DBD248E1D804951B173B81CF9853489C12D08AC21EACFF,Z001023266212.pdf,FACTURA,F-FACD83D8B4281A05571A,QR_ARCA_STRONG,1,0.9283978343009949,FACTURA,False,0.776848659902807,FACTURA,False,OK,
D69C5625C65854258AE9E71A91F752CC7CF79E424FB3FED772131793213E2817,Z001023350418.pdf,FACTURA,F-FACD83D8B4281A05571A,QR_ARCA_STRONG,1,0.8986342549324036,FACTURA,False,0.7188488891329714,FACTURA,False,OK,
D72C0946B3BAB976FE0144254A9CB9D0062673308D4DDED3AD7CB5A4033AB853,Z001023338066.pdf,FACTURA,F-C04B37B1724168DE2084,QR_ARCA_STRONG,3,0.7846879959106445,FACTURA,False,0.7555068782487733,FACTURA,False,OK,
D7462435CD41449C4DDA2E47EC6C3E4E72476EAC6641C372CCD50010C87C158F,Z001023435318.pdf,FACTURA,F-463F5D66BCFC1B95B4F2,OCR_STRONG,3,0.9983184337615967,FACTURA,False,0.8034123547594284,FACTURA,False,OK,
D7F197A9AB144A1AA1A11A794B66EB9EFDB9593D983625A8E89878B8F0B2ACE0,Z001023305795.pdf,FACTURA,F-EE08C7103D2458E54189,QR_ARCA_STRONG,0,0.7393383383750916,FACTURA,False,0.8086971498750143,FACTURA,False,OK,
D8451310F49BFC83155DD4B1EAA3B50BC11A07754D2EB597B1D99F873B2F1088,Z001023242819.pdf,FACTURA,F-EE08C7103D2458E54189,QR_ARCA_STRONG,0,0.7398252487182617,FACTURA,False,0.7691319770262752,FACTURA,False,OK,
D9447ECF57748BEF4988A73E44F26A440F700151DE00488453184DFA0B3BF88D,Z001023242291.pdf,FACTURA,F-FACD83D8B4281A05571A,QR_ARCA_STRONG,1,0.9267219305038452,FACTURA,False,0.7209091430939985,FACTURA,False,OK,
D9687542799906085EC0185235899EE5C290FD8D41320CFA4E51C2C020D32952,Z001023454612.pdf,FACTURA,F-FACD83D8B4281A05571A,QR_ARCA_STRONG,1,0.9427570700645447,FACTURA,False,0.7418865141988036,FACTURA,False,OK,
D9861CC700E580878AFB757A991F47553D144B376796E385B08231F27027C972,Z001023267409.pdf,FACTURA,F-EE08C7103D2458E54189,QR_ARCA_STRONG,0,0.6513271927833557,FACTURA,False,0.7940899314192416,FACTURA,False,OK,
D9A662AF6AFE49CD7E0D29C5662AE48141573BFBDD571675FF24B6F4C47BA5B0,Z001023305766.pdf,FACTURA,F-FACD83D8B4281A05571A,QR_ARCA_STRONG,1,0.9220296144485474,FACTURA,False,0.7350458148309689,FACTURA,False,OK,
D9BA143F0ECCCB29588BDD83672A67B86A0448BFE5F967FE255067BA929A1FDA,Z001023454363.pdf,FACTURA,F-A63645627CE2D9A75BE5,OCR_STRONG,3,0.9275714159011841,FACTURA,False,0.7590566238805445,FACTURA,False,OK,
DA11050BCD5399CFE1C38C68BE43E4EB616BA34DEF9C03A1F2D697BC2FB4CEA6,Z001023266245.pdf,FACTURA,F-77DF7B7AF18627AF7CC8,QR_ARCA_STRONG,2,0.2855123281478882,OTRO_DOCUMENTO,True,0.7784296707494313,FACTURA,False,OK,
DA1D000CCEC08FADA509471CD0E20F6C981AF95C559091A786FE724290F3DCD4,Z001023306220.pdf,FACTURA,F-FACD83D8B4281A05571A,QR_ARCA_STRONG,1,0.933232307434082,FACTURA,False,0.723109072938918,FACTURA,False,OK,
DA3BD00A4AAA630868A559B687F8C3383C0DEFEF30EE31ED863B3F1C29C2236E,Z001023266997.pdf,FACTURA,F-832328D5B6CC43C2F3DC,OCR_STRONG,3,0.9921775460243225,FACTURA,False,0.75645541201956,FACTURA,False,OK,
DA5FFC1E9615BAE4423440693BFE0165F59ED356657DBBAF03C35DCBB83FA8F3,Z001023242525.pdf,FACTURA,F-406AFFDAEA0F1DA6D75F,QR_ARCA_STRONG,2,0.1979522705078125,OTRO_DOCUMENTO,True,0.7426453728103316,FACTURA,False,OK,
DA74B2F8E4ABFBB5F64F133F2380B3F588F02C6FB2D1D7FADE497E2DC0D53000,Z001023267980.pdf,OTRO_DOCUMENTO,F-108FF89DFB4EC29C3343,QR_ARCA_STRONG,0,0.7540063858032227,FACTURA,True,0.6827802274578153,FACTURA,True,OK,
DA90A93BE580F95FE5F57983444C78F6B0479F8D349B6390E07DCC05D543D713,Z001023366009.pdf,OTRO_DOCUMENTO,F-17D8887E1AFD322C7FBE,PDF_TEXT_STRONG,3,0.9151728749275208,FACTURA,True,0.6908014044279294,FACTURA,True,OK,
DA9100439F1D9A3B810F57E18F768FE200074871E2AC69D744B3736FEF1D21C4,Z001023338073.pdf,FACTURA,F-FACD83D8B4281A05571A,QR_ARCA_STRONG,1,0.9257931709289551,FACTURA,False,0.6443629794152121,FACTURA,False,OK,
DAAD3153B676CE3FCF3DC97460A1F0F5CC77272AA8C84FE44BD32CB3F4546867,Z001023283896.pdf,FACTURA,F-463F5D66BCFC1B95B4F2,QR_ARCA_STRONG,3,0.9904948472976685,FACTURA,False,0.7057122738384836,FACTURA,False,OK,
DAF83EEDC3D7764BA6C8D52B5F53F0AF0A298170E0DAA9D2C547D4E168418AF6,Z001023283806.pdf,FACTURA,F-FACD83D8B4281A05571A,QR_ARCA_STRONG,1,0.9287087321281433,FACTURA,False,0.7002624085393939,FACTURA,False,OK,
DB4D29DFEC242149E7DEB2C674FB7A28625901B96391CC68D2F99F59A56FA6C7,Z001023305844.pdf,FACTURA,F-C4EFEA98CD9D9490E678,OCR_STRONG,2,0.0395541749894619,OTRO_DOCUMENTO,True,0.7016082393964143,FACTURA,False,OK,
DB543A149C7C3A5B0A723421AD7B1629FFD92C34ADB631A7BA21925B3F076B29,Z001023243749.pdf,FACTURA,F-EE08C7103D2458E54189,QR_ARCA_STRONG,0,0.6701451539993286,FACTURA,False,0.64615047779359,FACTURA,False,OK,
DB673D2287ED075167C3AD89F1E5FDC18C3E581A75AE0FE0374AD0C4D6B099F8,Z001023242391.pdf,FACTURA,F-FACD83D8B4281A05571A,QR_ARCA_STRONG,1,0.9277393221855164,FACTURA,False,0.6967585611308753,FACTURA,False,OK,
DC6BEB8D08A58B12A06B43633D7954F4CCBBDCDB1158A8163B478E251B92DC00,Z001023321059.pdf,FACTURA,F-FACD83D8B4281A05571A,QR_ARCA_STRONG,1,0.9373806118965149,FACTURA,False,0.7057268161663948,FACTURA,False,OK,
DC76A86B9B4E3732696B023C9D019C6DC29B1D74D19F0CDF62FA4EDAD0E8A5EC,Z001023283769.pdf,FACTURA,F-6F5CAF1E1AEEB43C5486,QR_ARCA_STRONG,2,0.34684884548187256,OTRO_DOCUMENTO,True,0.7650248048511884,FACTURA,False,OK,
DCBE22953A36AD961A008B180A630C81D0FF772119747EEE54ED8F628A4BC721,Z001023422278.pdf,FACTURA,F-4426261E80B33B17CD1D,QR_ARCA_STRONG,3,0.9994000196456909,FACTURA,False,0.745338254663779,FACTURA,False,OK,
DCE7D65D2485570411821C53E99AA69569762370F3A8BA9D337328FB78AD391F,Z001023305874.pdf,FACTURA,F-463F5D66BCFC1B95B4F2,QR_ARCA_STRONG,3,0.989177405834198,FACTURA,False,0.7429583946547667,FACTURA,False,OK,
DD372CF24ED476BE21C4FB16F5A440CA83602E0CAA7454BACE49CC46D719923D,Z001023466255.pdf,FACTURA,F-5A19E47D686C678820E3,OCR_STRONG,0,0.9904778003692627,FACTURA,False,0.7992678904040528,FACTURA,False,OK,
DDBE1DD162D9C24A450E389593D498CD4910C291C70F8B233500F851987A8C59,Z001023398411.pdf,FACTURA,F-D591D778E05641FBA116,QR_ARCA_STRONG,2,0.3765968084335327,OTRO_DOCUMENTO,True,0.7598322213564243,FACTURA,False,OK,
DDC35E7D6AC3D7DC2B7B9D7CD426188160168404668B566385F806DB0320AE7C,Z001023338088.pdf,FACTURA,F-463F5D66BCFC1B95B4F2,PDF_TEXT_STRONG,3,0.9995403289794922,FACTURA,False,0.718403556303521,FACTURA,False,OK,
DF7A3B4C2638053020A877AA88828487B539F33CAFD992DBB4AC0545EFAF6B87,Z001023398680.pdf,FACTURA,F-463F5D66BCFC1B95B4F2,QR_ARCA_STRONG,3,0.9893837571144104,FACTURA,False,0.7150723945071161,FACTURA,False,OK,
DF98804B89AEF5F3D70700572F75630F33F42F33BACCEF62A0C7456066E94BFD,Z001023321111.pdf,FACTURA,F-6F5CAF1E1AEEB43C5486,QR_ARCA_STRONG,2,0.21371571719646454,OTRO_DOCUMENTO,True,0.7319212943277362,FACTURA,False,OK,
DF9A5A317396F2EB09F145A8BC30BF1CA3420C9B185FE1F3A7377B9342F66C88,Z001023283839.pdf,FACTURA,F-EE08C7103D2458E54189,QR_ARCA_STRONG,0,0.26023539900779724,OTRO_DOCUMENTO,True,0.7463054619903582,FACTURA,False,OK,
DFBC2F2DB3574E4AF1A519731FA1E41DB8C6A90A30DE2485B771F7CDD6DBBA4E,Z001023243385.pdf,FACTURA,F-127BD2FBDD2CC031C0FE,QR_ARCA_STRONG,2,0.7436389923095703,FACTURA,False,0.9135885693818895,FACTURA,False,OK,
DFC54FDC224631BBD64414B5BBC9C3CA5DC139B9CE35F60F89699C634A925331,Z001023266921.pdf,FACTURA,F-6F5CAF1E1AEEB43C5486,QR_ARCA_STRONG,2,0.6135712265968323,FACTURA,False,0.7150835214486081,FACTURA,False,OK,
E06A1E27219A456A167CF1CA1583CC493930116EE7712D3A74BF870317C1A7F2,Z001023283755.pdf,FACTURA,F-EE08C7103D2458E54189,QR_ARCA_STRONG,0,0.7299631237983704,FACTURA,False,0.8036591354730973,FACTURA,False,OK,
E13F5A758863FF61032D1246182C35726CC9310DD7822132AD96A4871C14DA3F,Z001023350375.pdf,FACTURA,F-DCC01CD6C3861C7E4C3E,OCR_STRONG,3,0.9353111982345581,FACTURA,False,0.75975086973763,FACTURA,False,OK,
E1BD8687178653719CC1872F8CC1A422EBFBC862AAC4FE0F106A4B2947E9748E,Z001023284791.pdf,FACTURA,F-EE08C7103D2458E54189,QR_ARCA_STRONG,0,0.6080880761146545,FACTURA,False,0.7776463335554561,FACTURA,False,OK,
E24CD73FADF2105B11F012348D1FB638E3042428BB19A4DD43A96FA38A640157,Z001023350192.pdf,FACTURA,F-DCC01CD6C3861C7E4C3E,OCR_STRONG,3,0.9377390146255493,FACTURA,False,0.7694337699305801,FACTURA,False,OK,
E27A2EB0D78D925DB0BFDCB44BC5F8990ECF15AB74B445EE4FC1480A7E895715,Z001023467587.pdf,FACTURA,F-EE08C7103D2458E54189,QR_ARCA_STRONG,0,0.6809162497520447,FACTURA,False,0.793122658479423,FACTURA,False,OK,
E3705DD435EB0F9B9C65EFA33D57110D33CBB6E83A3E6A52B2E44FF8BEC70FD7,Z001023267296.pdf,FACTURA,F-EE08C7103D2458E54189,QR_ARCA_STRONG,0,0.6604520082473755,FACTURA,False,0.7764447052383063,FACTURA,False,OK,
E3907210A2F2D2D49FCEA7E4C99AB668D5AA7BD8771F20EF6057612BCF9F85DB,Z001023321070.pdf,FACTURA,F-FACD83D8B4281A05571A,QR_ARCA_STRONG,1,0.9329968094825745,FACTURA,False,0.7390966490618043,FACTURA,False,OK,
E3E57561958F450655EFE21C39C6A1BD74B778E789835C7B5205A9E99203C24F,Z001023410372.pdf,FACTURA,F-FACD83D8B4281A05571A,QR_ARCA_STRONG,1,0.927838146686554,FACTURA,False,0.7368473175866973,FACTURA,False,OK,
E3FFE6BAF7D9B5810F0A7789ECC24EFD30FBEEA0535B2782F1284D50CD87FB07,Z001023267291.pdf,FACTURA,F-EE08C7103D2458E54189,QR_ARCA_STRONG,0,0.7127121686935425,FACTURA,False,0.771970973474074,FACTURA,False,OK,
E415A8C5F28A1BB5A8FAC4F146B80A6AA20CB17A4D6449ECC66AAD21C9BBB31B,Z001023267466.pdf,FACTURA,F-127BD2FBDD2CC031C0FE,QR_ARCA_STRONG,2,0.738368034362793,FACTURA,False,0.9185260749610541,FACTURA,False,OK,
E417899D5543E4E7CB2D0AA826FD5695DAB8A3925730A905D316FA3996CE1A7B,Z001023306231.pdf,FACTURA,F-FACD83D8B4281A05571A,QR_ARCA_STRONG,1,0.9193705320358276,FACTURA,False,0.7192001686835978,FACTURA,False,OK,
E4C8834C47AF140E5343783F033950248E083A1625265A1C39C19C9BBDFFA5BE,Z001023243402.pdf,FACTURA,F-6F5CAF1E1AEEB43C5486,QR_ARCA_STRONG,2,0.6655706167221069,FACTURA,False,0.8030771306650868,FACTURA,False,OK,
E4D931275FE79FAD3F8C371E8E4DA52B707AB7EE6D8FAB6B34077072B75E4AD8,Z001023350944.pdf,FACTURA,F-A69FDECE53AB69CF1845,QR_ARCA_STRONG,2,0.9671807289123535,FACTURA,False,0.7191839581999894,FACTURA,False,OK,
E4EE7B924E36DAC149A0DE6D3A14BDF33EF1EC5E95B862558B80009E2B4C6E40,Z001023283837.pdf,OTRO_DOCUMENTO,F-2225E7482E0C1A2CF093,QR_ARCA_STRONG,2,0.6932794451713562,FACTURA,True,0.6547996553251545,FACTURA,True,OK,
E526C99083663455FF9D8A144F42B5D7CAF3BF3374B88E71DBD20C1423685C76,Z001023242824.pdf,FACTURA,F-EE08C7103D2458E54189,QR_ARCA_STRONG,0,0.6025246381759644,FACTURA,False,0.7558368727901459,FACTURA,False,OK,
E599D9ADBD781E4D3A4F5A6A603485BA0633E20C447A9615538D861C54048306,Z001023242797.pdf,FACTURA,F-EE08C7103D2458E54189,QR_ARCA_STRONG,0,0.702960193157196,FACTURA,False,0.7920731064094533,FACTURA,False,OK,
E5DAF9B7F340994A01C320E83B9D64BF4D91ABC9AB1925DFF36394D86760BC84,Z001023410664.pdf,FACTURA,F-FACD83D8B4281A05571A,QR_ARCA_STRONG,1,0.9294844269752502,FACTURA,False,0.7341338676014544,FACTURA,False,OK,
E5EA6863561EC0AC05BD8FC2C4486B673FAEB05EF771CC9073B78A9AE63CE293,Z001023478353.pdf,FACTURA,F-EE08C7103D2458E54189,QR_ARCA_STRONG,0,0.7009629011154175,FACTURA,False,0.7848739778909685,FACTURA,False,OK,
E65B6E3964E2729270E86EAC179D0828B974A168788E3717BBF681DB950B91F4,Z001023455710.pdf,FACTURA,F-6F5CAF1E1AEEB43C5486,QR_ARCA_STRONG,2,0.5269504189491272,FACTURA,False,0.7582485471662628,FACTURA,False,OK,
E6894908E97252F617612B361755AE4CADAD7D0D40883B34D66F68B267BAFBD3,Z001023338083.pdf,FACTURA,F-EE08C7103D2458E54189,QR_ARCA_STRONG,0,0.7413330674171448,FACTURA,False,0.760317470908259,FACTURA,False,OK,
E69F094568C5FB504BF02555E1531ACAEFCF05B95F8E06AE52D73A1CA930A902,Z001023423282.pdf,OTRO_DOCUMENTO,F-2225E7482E0C1A2CF093,QR_ARCA_STRONG,2,0.32400229573249817,OTRO_DOCUMENTO,False,0.6378514633026716,FACTURA,True,OK,
E6B62C1D3E0FA12629EC352DE28028E3FFD836F43CD9ECA1407C095AF5275136,Z001023338075.pdf,FACTURA,F-FACD83D8B4281A05571A,QR_ARCA_STRONG,1,0.8796437382698059,FACTURA,False,0.7089342030686364,FACTURA,False,OK,
E6DEC7B41595AE659C40B9A202C8DBA4FAFA17EFDFA5C56EBE4E4AC33BF085F4,Z001023266246.pdf,FACTURA,F-FACD83D8B4281A05571A,QR_ARCA_STRONG,1,0.883574366569519,FACTURA,False,0.7498287754291628,FACTURA,False,OK,
E74DCB56CD5FFCAC5BBF5D0CDB70C2701C5448845EE0ACED3435345867B72447,Z001023338058.pdf,FACTURA,F-8FB0C271F20EAB3092AA,QR_ARCA_STRONG,3,0.8005357980728149,FACTURA,False,0.7405496258486443,FACTURA,False,OK,
E8066B5FA877947A47862B566C3A752FD1BA514973CD2B01A7AD31803BBDD28B,Z001023243349.pdf,FACTURA,F-12D78E5BCE33FB9957D7,EXISTING_GROUND_TRUTH,2,0.9815840125083923,FACTURA,False,0.6700468285723401,FACTURA,False,OK,
E88C84C17FBF54873E2C5056188F282A3BE7C2BA50CA2710A2A129BBC9BFD35F,Z001023435314.pdf,FACTURA,F-463F5D66BCFC1B95B4F2,OCR_STRONG,3,0.9972980618476868,FACTURA,False,0.8138579101832801,FACTURA,False,OK,
E8C278DBDA744A0F50B779C7A63DD07DF32F4DF3C5E6A278F59FADD4D7D7A128,Z001023422516.pdf,FACTURA,F-FACD83D8B4281A05571A,QR_ARCA_STRONG,1,0.2584867477416992,OTRO_DOCUMENTO,True,0.7406977737950395,FACTURA,False,OK,
E8DFF560940591F04A1A3D7D1A8A0662A8B10A3B4352D1777F260E3C4514ECB1,Z001023267465.pdf,FACTURA,F-127BD2FBDD2CC031C0FE,QR_ARCA_STRONG,2,0.7726961970329285,FACTURA,False,0.9241723202692809,FACTURA,False,OK,
E8FAA2A7C3096561DE0CE371B71A647D301EAE49F822543E0C149049862BB795,Z001023454958.pdf,FACTURA,F-78FBBC0583221AAC5789,QR_ARCA_STRONG,2,0.9015762209892273,FACTURA,False,0.6906254524904918,FACTURA,False,OK,
E908DD409D867A6FD9362F638DDB6D1C51787DDDA28A2363CE9E6506226FDBEF,Z001023385772.pdf,FACTURA,F-B7F49B6DC4F0173C4F2C,QR_ARCA_STRONG,1,0.8176922798156738,FACTURA,False,0.7784154074339799,FACTURA,False,OK,
E92EF2CC8ECEA4FA4AF559E894C9BB04CEBA9413F7356F43DDFF36BEA258F207,Z001023242329.pdf,FACTURA,F-EE08C7103D2458E54189,QR_ARCA_STRONG,0,0.5399400591850281,FACTURA,False,0.7778984966856018,FACTURA,False,OK,
E98D9C478D365617D3165BC4C9172CA7D69760AE566B4B515FED65F3C5918B03,Z001023338080.pdf,FACTURA,F-FC0763B62EEE2F9FCCE8,QR_ARCA_STRONG,2,0.805456280708313,FACTURA,False,0.7523902503190508,FACTURA,False,OK,
E9EC9350980F5F090AC48F43BF269EA7107CCF279E2BCF7BFDEEFECADC2A016F,Z001023266222.pdf,FACTURA,F-FACD83D8B4281A05571A,QR_ARCA_STRONG,1,0.8863797783851624,FACTURA,False,0.7626501849921096,FACTURA,False,OK,
EA20BABFAC6D778461BFAFA2DE072720F8EA92BE874D3D6B4B1C39E421274D8F,Z001023242330.pdf,FACTURA,F-EE08C7103D2458E54189,QR_ARCA_STRONG,0,0.48849013447761536,OTRO_DOCUMENTO,True,0.7958050490270668,FACTURA,False,OK,
EACECB02AB0B558853EC20E4A12CB99B7D8DCE528838F603A777CC80DEDF9A82,Z001023284320.pdf,FACTURA,F-832328D5B6CC43C2F3DC,PDF_TEXT_STRONG,3,0.9681532979011536,FACTURA,False,0.7442028752128422,FACTURA,False,OK,
EBA323452EC7F15754E63AB2094D9D81C5BF968B786BEB95C927D4FD0C4ACA97,Z001023454409.pdf,FACTURA,F-FACD83D8B4281A05571A,QR_ARCA_STRONG,1,0.9028847217559814,FACTURA,False,0.6764486367582162,FACTURA,False,OK,
EC2D553A5E77BC31BDDE1D8CC4A00159A8D055FA1E0F7BD830AEBEC5B32F44D6,Z001023306134.pdf,FACTURA,F-463F5D66BCFC1B95B4F2,QR_ARCA_STRONG,3,0.988308310508728,FACTURA,False,0.710781981420464,FACTURA,False,OK,
EC8FD193F7389BD89C31EC263C32EB6E9EAC3F226CDDD16ED6BB6F30B4360D56,Z001023284247.pdf,FACTURA,F-3EC46382AC5DECDCE46F,OCR_STRONG,3,0.9964306950569153,FACTURA,False,0.7702155209190674,FACTURA,False,OK,
EC9F542C0D762349330D7C9D5BA35113FE54E325A7794D5D7246158EF14E78C4,Z001023454611.pdf,FACTURA,F-127BD2FBDD2CC031C0FE,QR_ARCA_STRONG,2,0.6788262724876404,FACTURA,False,0.9121763256510086,FACTURA,False,OK,
ECAB84F2B7ACE6067202550CC1F288749C0D9933D73906EA57EC7E2CE27438EF,Z001023243378.pdf,FACTURA,F-6F5CAF1E1AEEB43C5486,QR_ARCA_STRONG,2,0.5857527256011963,FACTURA,False,0.760876833172398,FACTURA,False,OK,
ED19A5F8AEC4AD20435C707E6523CA381B42F4AB56B354CCBBD95F9D549BEFD4,Z001023435552.pdf,FACTURA,F-FACD83D8B4281A05571A,QR_ARCA_STRONG,1,0.925198495388031,FACTURA,False,0.6894376466949562,FACTURA,False,OK,
ED9DA7E668125AAC48AC5D5CB1649B43B8E8636A4B0446E134B7941C890918D3,Z001023242381.pdf,FACTURA,F-EE08C7103D2458E54189,QR_ARCA_STRONG,0,0.7734394073486328,FACTURA,False,0.795136390561622,FACTURA,False,OK,
EDC54B347FB32B128E5218BB92547F4AA440585DF3915ABC4D44D90098E2B18E,Z001023306726.pdf,FACTURA,F-FACD83D8B4281A05571A,QR_ARCA_STRONG,1,0.9122600555419922,FACTURA,False,0.7333598035897784,FACTURA,False,OK,
EDC98B31AFA7DF61EF661801826D24693949F1D02F83E01A2A44D99732D13B50,Z001023384988.pdf,FACTURA,F-6F5CAF1E1AEEB43C5486,QR_ARCA_STRONG,2,0.36871013045310974,OTRO_DOCUMENTO,True,0.7524189362659796,FACTURA,False,OK,
EE17F17B2E3BA04ED99337FE93B2F9107CF18A58C93502F0BF6938D7EBBC0185,Z001023305802.pdf,OTRO_DOCUMENTO,F-2225E7482E0C1A2CF093,QR_ARCA_STRONG,2,0.8014183044433594,FACTURA,True,0.7513703682428332,FACTURA,True,OK,
EE950C6BAF7DA9C86E8E4FDC679E2D5BDF85603D5EF1C8DD6FCFBA2FFE9541B1,Z001023466515.pdf,FACTURA,F-EE08C7103D2458E54189,QR_ARCA_STRONG,0,0.659256100654602,FACTURA,False,0.7405425942821192,FACTURA,False,OK,
EF7D8D2B6EB1DA2009EE2C414B127F6EA6B1B2EE8A71CDDE5D494B88BB7021E2,Z001023284774.pdf,OTRO_DOCUMENTO,F-319491FEEAF6386D99BD,QR_ARCA_STRONG,0,0.6972829699516296,FACTURA,True,0.86761704471235,FACTURA,True,OK,
EF8D085AA0CC522DC505BFA3EE404551CA496928CC603CA9A2E2F72261C64480,Z001023284209.pdf,FACTURA,F-239031FB24D11A1289E7,PDF_TEXT_STRONG,3,0.701755702495575,FACTURA,False,0.7669965228941723,FACTURA,False,OK,
EFA7644399240D4CE98CFC0922C43901B82B82154718FBA1C01D066A528AAE93,Z001023410379.pdf,FACTURA,F-7D0D437DDC69268FCFC4,OCR_STRONG,3,0.7223756313323975,FACTURA,False,0.78815423578348,FACTURA,False,OK,
F02532D4FE739AE475EF518FE9ABF04523A9FCE2A2AF2966D6A8A65C39F06861,Z001023284318.pdf,FACTURA,F-FACD83D8B4281A05571A,QR_ARCA_STRONG,1,0.9323663115501404,FACTURA,False,0.753900782241965,FACTURA,False,OK,
F128AA90E662AD7CDB80CA46AEBFBA2F20A8B122EEC15961781923955AD06E2E,Z001023267467.pdf,FACTURA,F-127BD2FBDD2CC031C0FE,QR_ARCA_STRONG,2,0.7075701355934143,FACTURA,False,0.9180566444107907,FACTURA,False,OK,
F1D6DF38C956FF2FBF30C665EB678BEDC73541E868C90BBE1914DC39CFC81B74,Z001023337673.pdf,FACTURA,F-FACD83D8B4281A05571A,QR_ARCA_STRONG,1,0.9193705320358276,FACTURA,False,0.7192001686835978,FACTURA,False,OK,
F1ED5614878958FA3F8F6FE4EC67586AED7BE453B74BAF85343B51C660276FC5,Z001023266224.pdf,FACTURA,F-EE08C7103D2458E54189,QR_ARCA_STRONG,0,0.16002534329891205,OTRO_DOCUMENTO,True,0.8007701283395489,FACTURA,False,OK,
F20FB9FCF93C82B0A97A7A67BFE6F5483C480F94C937353FCAE85095E78B4D30,Z001023283753.pdf,OTRO_DOCUMENTO,F-319491FEEAF6386D99BD,QR_ARCA_STRONG,0,0.8280726671218872,FACTURA,True,0.861350994313894,FACTURA,True,OK,
F27819BDCE09A908EAE141286E3F96A901693744C5D3E583CA40F3207CB07092,Z001023267253.pdf,FACTURA,F-3668A88FC20749F1E323,QR_ARCA_STRONG,3,0.9690212607383728,FACTURA,False,0.7817364018600736,FACTURA,False,OK,
F31E350293C5EBBC824D100FFFB2E4A84115DC163CBFA5B15223DD440A617090,Z001023366957.pdf,FACTURA,F-463F5D66BCFC1B95B4F2,QR_ARCA_STRONG,3,0.9927980303764343,FACTURA,False,0.7260722177879891,FACTURA,False,OK,
F36DDC207A40D81075D8AC15AFEE80E857697E22529B6126925EF8D73DC72A5A,Z001023267201.pdf,FACTURA,F-C4EFEA98CD9D9490E678,OCR_STRONG,2,0.04092990234494209,OTRO_DOCUMENTO,True,0.7016082393964143,FACTURA,False,OK,
F3A3A486DF2712665DE56C52AF6656793D2486EDF2AA215E03C56349237419D6,Z001023267806.pdf,FACTURA,F-FACD83D8B4281A05571A,QR_ARCA_STRONG,1,0.9132524132728577,FACTURA,False,0.6890840786948694,FACTURA,False,OK,
F443E494D46E40F1F5B004E0BC03FDCF866CA452BA358FAA128DE88FD1A1BFF2,Z001023435309.pdf,FACTURA,F-FACD83D8B4281A05571A,QR_ARCA_STRONG,1,0.29325762391090393,OTRO_DOCUMENTO,True,0.73979827925139,FACTURA,False,OK,
F48A1CF87F8AE7742A2FE0A5582B1A27A673493A7DA2EDB8A8DADC5D2B77A63D,Z001023242312.pdf,FACTURA,F-FACD83D8B4281A05571A,QR_ARCA_STRONG,1,0.9202990531921387,FACTURA,False,0.7524131066351966,FACTURA,False,OK,
F5019505DEE4B97949AF2E71B3420E3BE419C11A4BB446365BFC477970DE2BA9,Z001023283894.pdf,FACTURA,F-463F5D66BCFC1B95B4F2,QR_ARCA_STRONG,3,0.9910639524459839,FACTURA,False,0.710352440298913,FACTURA,False,OK,
F50D614053B0C0D28C26FFE3C5A4E0AE3408C9A201491B4026006E5AF86830BF,Z001023410374.pdf,FACTURA,F-E2627E96B98E9A6575D4,OCR_STRONG,1,0.9072332382202148,FACTURA,False,0.7029394443781527,FACTURA,False,OK,
F59C802AC4208228045C36181C016950962BB99A00CD60D30068C9B2118271BC,Z001023267823.pdf,FACTURA,F-FACD83D8B4281A05571A,QR_ARCA_STRONG,1,0.9139917492866516,FACTURA,False,0.6857615235011704,FACTURA,False,OK,
F5DB5A730173CF07DE8B6D1C34013C522B15E1124E2B2CB0117753C7086DF8D5,Z001023454517.pdf,FACTURA,F-77F1ACB02A8A219F6BC8,OCR_STRONG,0,0.9993630051612854,FACTURA,False,0.7687530247570171,FACTURA,False,OK,
F5E3F2CB89A7829ADD137A5CD69F51BA5334263B7A0E5234D3E28FE6AB0EE9E1,Z001023305693.pdf,FACTURA,F-463F5D66BCFC1B95B4F2,QR_ARCA_STRONG,3,0.9951522350311279,FACTURA,False,0.7907086436480683,FACTURA,False,OK,
F61C02CEE3AA92440BD42E11C67AA26A3C2C9D34AB7AD8B0E95D7FF7C6FA3D53,Z001023454445.pdf,FACTURA,F-8FB0C271F20EAB3092AA,QR_ARCA_STRONG,3,0.7655709981918335,FACTURA,False,0.7604015491960096,FACTURA,False,OK,
F63EFF161E10CF1225DD97065B64D1CA18F46DAE2F95D32106C15810281D8BC8,Z001023478149.pdf,FACTURA,F-463F5D66BCFC1B95B4F2,QR_ARCA_STRONG,3,0.9944414496421814,FACTURA,False,0.690205800080863,FACTURA,False,OK,
F68FFBB0988D213FEDF95E02671C5249BA98E44CC73C48633A144C420E746CCE,Z001023283689.pdf,FACTURA,F-EE08C7103D2458E54189,QR_ARCA_STRONG,0,0.7075763940811157,FACTURA,False,0.7956799471306444,FACTURA,False,OK,
F6AC68EA31D6263F385CD363C26F1FFFF5ADE73640CA3BD10454220B6CE6CEC4,Z001023422113.pdf,FACTURA,F-B5269576C44B14F588D5,OCR_STRONG,1,0.2848171889781952,OTRO_DOCUMENTO,True,0.7053335932774903,FACTURA,False,OK,
F6BD7A6DFD38FA6CC1436A75F1D68C77A0E0921050998B4803E87E4ED14FCD54,Z001023397916.pdf,FACTURA,F-FACD83D8B4281A05571A,QR_ARCA_STRONG,1,0.9180036187171936,FACTURA,False,0.7082533786485778,FACTURA,False,OK,
F6E6DBE4FEE024C94DDDF78999FDB798300445A5CE72C950DB209353CAF5E7E1,Z001023243746.pdf,FACTURA,F-FACD83D8B4281A05571A,QR_ARCA_STRONG,1,0.8960385322570801,FACTURA,False,0.7236869229357944,FACTURA,False,OK,
F6FE5E4E7DBEFC3BD76AA8082F39320D6E47DF09DFED6C259F5830908418EB7F,Z001023385377.pdf,OTRO_DOCUMENTO,F-19E3E2219E79C363F63F,QR_ARCA_STRONG,0,0.9998626708984375,FACTURA,True,0.5927359540376798,FACTURA,True,OK,
F725B4229EBD565A5BE6A7ADB42AEA4114D1EAB6002088E2EBD038F51BAB05DE,Z001023397970.pdf,FACTURA,F-FACD83D8B4281A05571A,QR_ARCA_STRONG,1,0.9288166165351868,FACTURA,False,0.7398358956119307,FACTURA,False,OK,
F7410A2B38FC9DE05D2F5D74DD79C5237FE01A8FA1ED3536844DF21777885ED9,Z001023321068.pdf,FACTURA,F-6F5CAF1E1AEEB43C5486,QR_ARCA_STRONG,2,0.6370041966438293,FACTURA,False,0.7553619293638745,FACTURA,False,OK,
F75C4C0B9CB0F5C9DC73516970C0A96A09EDC1141F2EED9968A8CEF0786DA72B,Z001023336383.pdf,FACTURA,F-EE08C7103D2458E54189,QR_ARCA_STRONG,0,0.26183968782424927,OTRO_DOCUMENTO,True,0.7018842216577034,FACTURA,False,OK,
F75E14D3306E582993E85C486C4085A4238AB020B76AAD0706CF5D2EFBD8711E,Z001023283736.pdf,FACTURA,F-EE08C7103D2458E54189,QR_ARCA_STRONG,0,0.6163365840911865,FACTURA,False,0.7910330076936092,FACTURA,False,OK,
F7C9E186997998C8903EBB0761B5A5B6B2899BFC25A8AB3103635E0B5FA6D2FA,Z001023321843.pdf,FACTURA,F-463F5D66BCFC1B95B4F2,QR_ARCA_STRONG,3,0.9885290265083313,FACTURA,False,0.7084976073203086,FACTURA,False,OK,
F7CDB6C9475CEAE90F1F8A67949A0D408B109C75B83F7F5ECCB0271E34450308,Z001023423265.pdf,FACTURA,F-463F5D66BCFC1B95B4F2,QR_ARCA_STRONG,3,0.9932123422622681,FACTURA,False,0.7367347421532151,FACTURA,False,OK,
F7CE019C15AA7C975DCFDF582EF7DC4467993E469ACCB5CD34D2CB0119832525,Z001023306037.pdf,FACTURA,F-EE08C7103D2458E54189,QR_ARCA_STRONG,0,0.6482043266296387,FACTURA,False,0.8456982572954725,FACTURA,False,OK,
F7D4315B0BD34CA0C1F7F00511F6C2555B14BF1E08B0AFBD5C97CBBF1770A623,Z001023466517.pdf,FACTURA,F-52A8D3E535639BC9066E,OCR_STRONG,2,0.9232598543167114,FACTURA,False,0.685968257186097,FACTURA,False,OK,
FAAA10795DFC3ED7953CF7632514C2517B7251C84DE9CAB5E9D400E49971752F,Z001023305871.pdf,FACTURA,F-463F5D66BCFC1B95B4F2,QR_ARCA_STRONG,3,0.983658492565155,FACTURA,False,0.6655438360704224,FACTURA,False,OK,
FB6BEE8F1D8BD758963C91213EA224344D076A9890EAE4D598AB4E5EB97F7FDF,Z001023285094.pdf,FACTURA,F-6F5CAF1E1AEEB43C5486,QR_ARCA_STRONG,2,0.47173580527305603,OTRO_DOCUMENTO,True,0.7639490041636655,FACTURA,False,OK,
FB9793DC94A8178102D75A97E0840E287BDD71D8EA9F9B07588D1582BB3FBB75,Z001023268012.pdf,FACTURA,F-EE08C7103D2458E54189,QR_ARCA_STRONG,0,0.6082267165184021,FACTURA,False,0.7990216429586723,FACTURA,False,OK,
FBCDA7565A60AAB32926B68591BF2C7A86F408D46DC228AA9E5F98D76ADD8FD2,Z001023306130.pdf,FACTURA,F-FACD83D8B4281A05571A,QR_ARCA_STRONG,1,0.9202227592468262,FACTURA,False,0.745422484217074,FACTURA,False,OK,
FC7CAABF0DC37DA0008DAB21CB11879C300FEF215B2B69DCC0BD08081358CCFB,Z001023242802.pdf,FACTURA,F-EE08C7103D2458E54189,QR_ARCA_STRONG,0,0.44196680188179016,OTRO_DOCUMENTO,True,0.7757112502532755,FACTURA,False,OK,
FCB7B5A2F524A16B19B60871079D42D4CF9A5A1C18278052A29B1366095DF71F,Z001023467464.pdf,FACTURA,F-33B81ED9CE192B1C2F2E,QR_ARCA_STRONG,2,0.16244065761566162,OTRO_DOCUMENTO,True,0.7480791049095297,FACTURA,False,OK,
FD0BB6E9BCCBF8A365C21D5CE4ED8EC5D46F7C481770B64BB6007F404847129A,Z001023285093.pdf,FACTURA,F-6F5CAF1E1AEEB43C5486,QR_ARCA_STRONG,2,0.5020321607589722,FACTURA,False,0.7705751350374089,FACTURA,False,OK,
FD0CE6D589C6F7FAA8B52B70D5AAF02E1683DFF17177426C2EF7C573B32B2998,Z001023385046.pdf,FACTURA,F-FACD83D8B4281A05571A,QR_ARCA_STRONG,1,0.9440127015113831,FACTURA,False,0.7243295847646911,FACTURA,False,OK,
FD102BB007B1EA3F03EA7765BC8008838DD06D1745B09776C93A4EEE82F296B8,Z001023336277.pdf,FACTURA,F-FACD83D8B4281A05571A,QR_ARCA_STRONG,1,0.9148542881011963,FACTURA,False,0.7242688935129178,FACTURA,False,OK,
FD719D239382ED1035085A73A2D28E113F954055440BA249D36B363204CA6DDC,Z001023385278.pdf,FACTURA,F-6F5CAF1E1AEEB43C5486,QR_ARCA_STRONG,2,0.3493266701698303,OTRO_DOCUMENTO,True,0.7323181025252293,FACTURA,False,OK,
FDCDEAAD3737F44D2E52B6D87E7BB584722551A7E913238841FF96D33A7FFE64,Z001023398838.pdf,FACTURA,F-6F5CAF1E1AEEB43C5486,QR_ARCA_STRONG,2,0.3282621502876282,OTRO_DOCUMENTO,True,0.754975143357999,FACTURA,False,OK,
FDE1A18CA6E3D15C240BDE66DDD0ABE57C2F69E300A0AD72B135608E83DFBC49,Z001023306131.pdf,FACTURA,F-463F5D66BCFC1B95B4F2,QR_ARCA_STRONG,3,0.9857843518257141,FACTURA,False,0.7299038126135475,FACTURA,False,OK,
FDE2B1FCF8B3FCE9029D2A8D67D1D027ECA73F1CE24428A1203C942699F501B4,Z001023351295.pdf,FACTURA,F-463F5D66BCFC1B95B4F2,QR_ARCA_STRONG,3,0.9935537576675415,FACTURA,False,0.711587110641693,FACTURA,False,OK,
FDE622A3433BE4D10FEA9E811DD12C8E4558F08219F6CF1BF974F698D2735C69,Z001023454442.pdf,FACTURA,F-C04B37B1724168DE2084,QR_ARCA_STRONG,3,0.7946587800979614,FACTURA,False,0.7560606900425587,FACTURA,False,OK,
FDF0C9EACBFA6ADCDD4D8E651C451A9CDD65DBF7E8628426FA9C87F73F978DBD,Z001023454408.pdf,OTRO_DOCUMENTO,F-319491FEEAF6386D99BD,QR_ARCA_STRONG,0,0.8822121024131775,FACTURA,True,0.8449016927573895,FACTURA,True,OK,
FE56C5F0D519D9084CA60878C88E88C121CA77BD55C9A438401793C2D6B46597,Z001023266867.pdf,FACTURA,F-DB7766FFE78E622516F9,QR_ARCA_STRONG,1,0.3395199477672577,OTRO_DOCUMENTO,True,0.7622767891938838,FACTURA,False,OK,
FE6DD8A436FECC831B72D6EEE3E06DA7DEFD15DDB4CF19A2388187D93D5E8914,Z001023454946.pdf,FACTURA,F-A6E816EB9E43FECB1ACB,PDF_TEXT_STRONG,2,0.9614785313606262,FACTURA,False,0.6030425531951473,FACTURA,False,OK,
FEE0DCEE07817A24C8E345D3710B243B72CC2A4A160CF256A18804E4FFCE8E83,Z001023243370.pdf,FACTURA,F-DC0A2053B5A530D4C5EF,QR_ARCA_STRONG,3,0.9833806753158569,FACTURA,False,0.8732829248838634,FACTURA,False,OK,
FEF50B26E0EABF3B4D805C219F18D4B4952805C3E1426AAC76B536A9EE0B8538,Z001023283881.pdf,OTRO_DOCUMENTO,F-2225E7482E0C1A2CF093,QR_ARCA_STRONG,2,0.7655557990074158,FACTURA,True,0.6714239477836734,FACTURA,True,OK,
FF045409E4708976F60CFA2E5A97D7A99302672D09D4EFB989C13B04774ADCEF,Z001023455127.pdf,OTRO_DOCUMENTO,F-FACD83D8B4281A05571A,QR_ARCA_STRONG,1,0.8568644523620605,FACTURA,True,0.3930235882304603,OTRO_DOCUMENTO,False,OK,
FF43565801C01262106827D1A3294DC8FABE7E49F326193BB924678EA8833D59,Z001023367213.pdf,FACTURA,F-3BA8B67ACD3C697FA8AD,PDF_TEXT_STRONG,2,0.7212565541267395,FACTURA,False,0.719377770105011,FACTURA,False,OK,
FF477AE4BDC128E02DCC79434A90D0F9F247A51A83F65655F76A4F4430B60853,Z001023320990.pdf,FACTURA,F-19DFBD73F91E34BD601B,QR_ARCA_STRONG,1,0.6367230415344238,FACTURA,False,0.833067276190034,FACTURA,False,OK,
FF8A0539D9B1410CF169E263973F187525B9B6918594943D2AA56275F3E2A8F0,Z001023305687.pdf,FACTURA,F-463F5D66BCFC1B95B4F2,OCR_STRONG,3,0.8712632656097412,FACTURA,False,0.7276666107017461,FACTURA,False,OK,
FF9B0AF18147938FF023F9B6CB62B31B38FFCC33B27FD1496A1073935FC0BA00,Z001023467513.pdf,FACTURA,F-42C5622A9D25DE95FE79,OCR_STRONG,2,0.927828311920166,FACTURA,False,0.7650028232417925,FACTURA,False,OK,
FFBC84F8D220A03D34648EAFC0E9441B5AD9267065AD40A4E0C7CBB48D4F977D,Z001023385298.pdf,FACTURA,F-FACD83D8B4281A05571A,QR_ARCA_STRONG,1,0.9223651885986328,FACTURA,False,0.7254204561770248,FACTURA,False,OK,
FFC223740A59AAC2F4D9E71E5A2799843D2F7674B96B265B21668F6D9F84A32D,Z001023365934.pdf,FACTURA,F-EE08C7103D2458E54189,QR_ARCA_STRONG,0,0.8126928210258484,FACTURA,False,0.8048271563557292,FACTURA,False,OK,
