Sha256,FamilyId,Fold,HeaderAsset,HeaderSha256
002865257C71829F722158FBCEDB282C220108C3B1CE07E08876E80BAEEA8EB2,F-EE08C7103D2458E54189,0,E:\RecepcionDocumental-H1D10A-assets\002865257C71829F722158FBCEDB282C220108C3B1CE07E08876E80BAEEA8EB2.header.png,1CE5ED13E0D3CC858060FDFBC19B7CE6C0EBFC3F390944B95B53BB378409F54A
00A887F58DB25495DFDE02D1BD1530CE321427ECC08F8EF1E62853BF1C219A6C,F-FACD83D8B4281A05571A,1,C:\Users\omard\source\repos\RecepcionDocumental\RecepcionDocumental\tools\DocumentAiProbe\experiments\H1D10A\assets\00A887F58DB25495DFDE02D1BD1530CE321427ECC08F8EF1E62853BF1C219A6C.header.png,E3C6DD6304B2D2568BBEED0F078BAC110AC349BE8C89848BF772980D3C381191
010343D4BCC6C1DB12C1129F149212B97C69C10242840BC5A303CC7B4AA87BAF,F-EE08C7103D2458E54189,0,E:\RecepcionDocumental-H1D10A-assets\010343D4BCC6C1DB12C1129F149212B97C69C10242840BC5A303CC7B4AA87BAF.header.png,30283FB179E7CD5276E9507BDE8E6B1D5814D4019DEBE225EDEA427C1688DCA9
014E2ED703E7699D11564EA3DA8C3C759890653A8AA43818519F760562AAD8E9,F-41390C2275426E0851C1,3,E:\RecepcionDocumental-H1D10A-assets\014E2ED703E7699D11564EA3DA8C3C759890653A8AA43818519F760562AAD8E9.header.png,935A12234DFB0F971E6C24459E2F36105E968307F0EA4C8B6B158F4300FDF4A6
01CD21BA921CF3E5B71026D0B35F0455C59E2D2B5B1FCC67BBF6E18173662A57,F-17D8887E1AFD322C7FBE,3,C:\Users\omard\source\repos\RecepcionDocumental\RecepcionDocumental\tools\DocumentAiProbe\experiments\H1D10A\assets\01CD21BA921CF3E5B71026D0B35F0455C59E2D2B5B1FCC67BBF6E18173662A57.header.png,5841D235520693477AC2E1A2CD780D20B35800482D9974101C7D4C229D2EAAF3
02481C9D2568B71F8E7C312C9750A2574BBC113DA725E94DF93185829AC84A79,F-BD443D8161F24BFCB109,3,E:\RecepcionDocumental-H1D10A-assets\02481C9D2568B71F8E7C312C9750A2574BBC113DA725E94DF93185829AC84A79.header.png,06DFBBFB281A80744A4EDD9EF53C497E5147A727946293AF689E6553C030451A
02656E7BEACD36FF1D29B09DB3B935C87A2031DBB0AC01CB7FB6EF3190A013A9,F-463F5D66BCFC1B95B4F2,3,E:\RecepcionDocumental-H1D10A-assets\02656E7BEACD36FF1D29B09DB3B935C87A2031DBB0AC01CB7FB6EF3190A013A9.header.png,1E4490F35A3FA6B195B6A160B6E2CF03828133DF2D724F072F6B0DF89D21A9D2
029212DC679C033902FE2CC264F3CAB6C223BB8366CB0FE8E61BF5329E85FACE,F-FACD83D8B4281A05571A,1,E:\RecepcionDocumental-H1D10A-assets\029212DC679C033902FE2CC264F3CAB6C223BB8366CB0FE8E61BF5329E85FACE.header.png,1329B7C7F8E6CFCE00298B6361E73C69E95DCAE344ED06D822C78DC798A1F482
02E98A8346DE804B23DEB7F869E8DA197E5631C1064A63EA74D3C0B0218FFB06,F-49A5021ADC5A10C6DAE9,1,E:\RecepcionDocumental-H1D10A-assets\02E98A8346DE804B23DEB7F869E8DA197E5631C1064A63EA74D3C0B0218FFB06.header.png,DABC47392DE3DCA20D346151DF09DDF04FA117CA24DF34507066311F6A1890E7
030110C4EECAD8AD99A6AD1A53873B11A63BAD1F04245E5725E05682FCC5D4AA,F-FACD83D8B4281A05571A,1,E:\RecepcionDocumental-H1D10A-assets\030110C4EECAD8AD99A6AD1A53873B11A63BAD1F04245E5725E05682FCC5D4AA.header.png,8FC4A12FC27AFEB1BB1A6BB724E9CD4B61681699CC4247C4513A4894F960FCE2
030126CE7D614353FF03F90C126B6D2C3746D913B36523810DF4F1B51326D882,F-EE08C7103D2458E54189,0,E:\RecepcionDocumental-H1D10A-assets\030126CE7D614353FF03F90C126B6D2C3746D913B36523810DF4F1B51326D882.header.png,05DFFE10489F0DF9666DEACBC823C164174AA1A4AA35035F4D7D7ABA41D97792
0364B3022336297D63A30D703615CB3CC76DF8649C864FC2E6DC9CC55D955996,F-0DDB74E82CF65D655CE7,2,E:\RecepcionDocumental-H1D10A-assets\0364B3022336297D63A30D703615CB3CC76DF8649C864FC2E6DC9CC55D955996.header.png,EB26F4E6565581860C1E15AB268A7DAF2BDCE534F0D46820D3596A73BF98D005
038C8E13A29FF718AF15161F5E1623E16F4735509EBC827CBF80A30555FC05DB,F-463F5D66BCFC1B95B4F2,3,E:\RecepcionDocumental-H1D10A-assets\038C8E13A29FF718AF15161F5E1623E16F4735509EBC827CBF80A30555FC05DB.header.png,AAC88C0527B748571F2E7021EB6D2C15653C802870BF58DD68D5C58361105BAC
03B39A26667D7005B31BEF5DCA9F294FCC45452CA0D45BA06D78BF8CE5E16133,F-9A735258044E0AA042F4,0,E:\RecepcionDocumental-H1D10A-assets\03B39A26667D7005B31BEF5DCA9F294FCC45452CA0D45BA06D78BF8CE5E16133.header.png,33D262F61A5C22174965CEB9E496C029DE4B7C92E6F19A34498BEF2EB8FD632A
03CFBE47B1C87BEFC324BB99462C1A6722B7E29C5EB61D17AE8AB0C4A60F5AF3,F-FACD83D8B4281A05571A,1,E:\RecepcionDocumental-H1D10A-assets\03CFBE47B1C87BEFC324BB99462C1A6722B7E29C5EB61D17AE8AB0C4A60F5AF3.header.png,A1B5C276DCE98F3AA662D965448F9AA3C0B5C8E400B0D637539F4B7BFE4FBE93
0405379635CC5D80EAFD03FE53704B24D220C6EFBD7EB0C7A1B8908D312819DF,F-FACD83D8B4281A05571A,1,E:\RecepcionDocumental-H1D10A-assets\0405379635CC5D80EAFD03FE53704B24D220C6EFBD7EB0C7A1B8908D312819DF.header.png,D88028BA1E14C6A4A7E1B6E78295687F4BF5338BCCBB4DFE6153FCEAF1933C5E
042267BB5BA6B2EF3DEB81E10F9D0DF556DA96E723BEE7A42CA1F5AB41E0B13E,F-FACD83D8B4281A05571A,1,E:\RecepcionDocumental-H1D10A-assets\042267BB5BA6B2EF3DEB81E10F9D0DF556DA96E723BEE7A42CA1F5AB41E0B13E.header.png,CCBF47ED85D308374D68334BFBEFA2E4481555515798F887734745F10EA99826
0431F3F0FA33A87F05475A197FA40165963F462ADD5E0D0F14743141B23F8ECF,F-6F5CAF1E1AEEB43C5486,2,E:\RecepcionDocumental-H1D10A-assets\0431F3F0FA33A87F05475A197FA40165963F462ADD5E0D0F14743141B23F8ECF.header.png,9256AAE187F43B678287BCBE5D58F700D6CF8CA52FADC46224E9357930D779F2
0433389975EC3550CE85ABFB0C93FCD6D66B39F406A635F2A1B7ECFDAD2ACEE3,F-EE08C7103D2458E54189,0,E:\RecepcionDocumental-H1D10A-assets\0433389975EC3550CE85ABFB0C93FCD6D66B39F406A635F2A1B7ECFDAD2ACEE3.header.png,1A2377728B84776F33281762935123ADBFCB69F3EBCC49F183EEFC5263C50F2B
045C94F468347D76A752B35C9E1104694E4AD501AE20C72D76DEF8E399357D50,F-EDBFE59229E8571451DD,2,E:\RecepcionDocumental-H1D10A-assets\045C94F468347D76A752B35C9E1104694E4AD501AE20C72D76DEF8E399357D50.header.png,A80487FE4BD9B0D6EF8C310A37A22510650D06CFE25E2A61EF9A8EEC474D6CEF
04644AFCA0FD83E0BA9F4699895C76D10FBDBA2FE57B9695DC20E8D7B05F23B9,F-6F5CAF1E1AEEB43C5486,2,E:\RecepcionDocumental-H1D10A-assets\04644AFCA0FD83E0BA9F4699895C76D10FBDBA2FE57B9695DC20E8D7B05F23B9.header.png,939522D0B2F33D596D88FDE4776576996FCBAC3FC85C4BA3B6447D9D1E7A911B
04D2A6C50B9B35D2F7E917B6E3A9B8329EE86DAD2FB2D5042D6BB4040B213ABA,F-FACD83D8B4281A05571A,1,E:\RecepcionDocumental-H1D10A-assets\04D2A6C50B9B35D2F7E917B6E3A9B8329EE86DAD2FB2D5042D6BB4040B213ABA.header.png,1C896C38302495D0F4582C4F90554F75596D1475DF3DCCDCE485BBB78EF059C7
0502FD9BDC978A9DB273A734BD4392467FCD7002B2033F73814CA959A4092E48,F-2536699D670C4BE35026,0,E:\RecepcionDocumental-H1D10A-assets\0502FD9BDC978A9DB273A734BD4392467FCD7002B2033F73814CA959A4092E48.header.png,2E5060E7312DE25D7E77A41ED98F03103C8A52BC3FE3B782495275E6E69B78D9
056F2DBFB04063C3907953A9FA896F379670BFB843A6C1C8D08A4A79E784AF5C,F-FACD83D8B4281A05571A,1,E:\RecepcionDocumental-H1D10A-assets\056F2DBFB04063C3907953A9FA896F379670BFB843A6C1C8D08A4A79E784AF5C.header.png,882BB1F18BD424110FC3DBAC91ACB76687A47E60E45D0EB102C4B0A08C7775DB
05C329DF72080120239DE88AA85E91D6F089D1DAA1A7F59B8E53C60752CF1D47,F-FACD83D8B4281A05571A,1,E:\RecepcionDocumental-H1D10A-assets\05C329DF72080120239DE88AA85E91D6F089D1DAA1A7F59B8E53C60752CF1D47.header.png,893C9C76E954D4139899010C1F9B48B10D0CD86D18CD9367F7AC944CAD523424
062D404B15F77BA8C0EABD59CB6BF2C7D319E561D80F744178F01EB08514EDCC,F-EE08C7103D2458E54189,0,E:\RecepcionDocumental-H1D10A-assets\062D404B15F77BA8C0EABD59CB6BF2C7D319E561D80F744178F01EB08514EDCC.header.png,0413F23AD7A849B52019EE5F8527E0F796865B70672C7CE9E7EE3A42A711C824
0694B850140E5FB7BFAECB0AE25445A17058A3081747D666726EF30BF5AA1CB8,F-463F5D66BCFC1B95B4F2,3,E:\RecepcionDocumental-H1D10A-assets\0694B850140E5FB7BFAECB0AE25445A17058A3081747D666726EF30BF5AA1CB8.header.png,A39AD907CA1D287F33F8EE804706E9F6AD672E8902FF8F404C1FD77F74F99A01
06A4E618722CC20B0791DAAF476CDE38E7C997F9619E99E853204E29184B3E6B,F-FACD83D8B4281A05571A,1,E:\RecepcionDocumental-H1D10A-assets\06A4E618722CC20B0791DAAF476CDE38E7C997F9619E99E853204E29184B3E6B.header.png,B293DA85DA53085B03B47F0E7AB391A3561732E43A54A6334D70274A0BF56957
06A69148F4DA1D7AED723E4EFD8016E4BF83803969862E721D1E7269E9FB7641,F-A8BC10D011EB3739972C,2,E:\RecepcionDocumental-H1D10A-assets\06A69148F4DA1D7AED723E4EFD8016E4BF83803969862E721D1E7269E9FB7641.header.png,B2F395C9BA5A0654BCEE4D1561031FE4E16B23667190148AE2C838E5CF746F26
06C5E77F317271A5B21E226962240E9CECAA20BB4DF5B73BBEE18511EE01C7CE,F-D1F6DC156677842D2070,2,E:\RecepcionDocumental-H1D10A-assets\06C5E77F317271A5B21E226962240E9CECAA20BB4DF5B73BBEE18511EE01C7CE.header.png,B67A29D23D783597BCB25FF0163F9A3DD8CCD8F4444991E7579C3C97D587678D
06F44D4A2E6F166F80269454C61462854CB02A1D7D136FAA54492E0630A88ABA,F-FACD83D8B4281A05571A,1,E:\RecepcionDocumental-H1D10A-assets\06F44D4A2E6F166F80269454C61462854CB02A1D7D136FAA54492E0630A88ABA.header.png,C2D2A1C8D587B1DF272D16D7A0A0457AF09099D38EDBFE96B627FA5CDF5557B1
06FAF6983BF7BBDCDCB270264CB68197C6D4C8EDA17F598D41B73C422360B1FD,F-491E72C9A59BCFB7F91A,3,E:\RecepcionDocumental-H1D10A-assets\06FAF6983BF7BBDCDCB270264CB68197C6D4C8EDA17F598D41B73C422360B1FD.header.png,8F1C4BFECFD567F4EA780A136EEDCD0D2F9F1075E6C4A75A736F933244BF614A
072B001D7FDCB00B166EE67FDDEE8BE382F3BA7FB76113DE6F258CAC2DEDFF3E,F-52A8D3E535639BC9066E,2,E:\RecepcionDocumental-H1D10A-assets\072B001D7FDCB00B166EE67FDDEE8BE382F3BA7FB76113DE6F258CAC2DEDFF3E.header.png,6BFBEA5BC7E5BB0E270C80F93F2FAA34E9F74D36714DEC11E9128CD4CB52B04D
0846CFEBEEDC318DCF892BDB073260F2B9D11DE1DBAD19523CC213629641A43C,F-FACD83D8B4281A05571A,1,E:\RecepcionDocumental-H1D10A-assets\0846CFEBEEDC318DCF892BDB073260F2B9D11DE1DBAD19523CC213629641A43C.header.png,2E10C01B4CAF5611EC0D137B52B63BCFA261B98E5F0BB5E2320BFDEBFC098A9C
086C3868153984B80A9CF8E533AE3DD3D9A1E3AA0CC74EECF32A469E89112AFD,F-FACD83D8B4281A05571A,1,E:\RecepcionDocumental-H1D10A-assets\086C3868153984B80A9CF8E533AE3DD3D9A1E3AA0CC74EECF32A469E89112AFD.header.png,C69AF7C266EA3E6B4E4AA768BA4408610C1852F9537CF2814294AD8066F6CB3D
087EA4366E3106496DA6B0BC81253540CE32BCC41D32F4556B269A17734EA995,F-463F5D66BCFC1B95B4F2,3,E:\RecepcionDocumental-H1D10A-assets\087EA4366E3106496DA6B0BC81253540CE32BCC41D32F4556B269A17734EA995.header.png,38D03CBA2D37EF7553688AA33687307320D06C187180F55FD2A8C7B82410530E
08D4415DD3DD5F35A1D0E2243FE7197C8894DC3F408F5C6241D2C12EA5EF3144,F-463F5D66BCFC1B95B4F2,3,E:\RecepcionDocumental-H1D10A-assets\08D4415DD3DD5F35A1D0E2243FE7197C8894DC3F408F5C6241D2C12EA5EF3144.header.png,BA642B43FE7C31DE6250326308C1507761C6AC300F25B3AB2C6B42160DFCC777
08EEB31E5FEA01CB1869C83A1C0AC14004D08320B9D98369B045EAFB33798242,F-EE08C7103D2458E54189,0,E:\RecepcionDocumental-H1D10A-assets\08EEB31E5FEA01CB1869C83A1C0AC14004D08320B9D98369B045EAFB33798242.header.png,2BDB71C642505618C54CD263FF795AAB67B51F1B3739B2B2E09CAFF0A4ECBEDA
092FC946D76F08809B4F70D8392FAD226E023A06ADE2E2D83DB28C2843BED2F2,F-EE08C7103D2458E54189,0,E:\RecepcionDocumental-H1D10A-assets\092FC946D76F08809B4F70D8392FAD226E023A06ADE2E2D83DB28C2843BED2F2.header.png,FCD599197FC32CF0C7E2D7B3771E6C30FA6385A6B12A18853036259FD93AB767
0990D2942702442C2BAFC4B137B74346C4F7BEC3364E39EE95DACE83104DDD74,F-239031FB24D11A1289E7,3,E:\RecepcionDocumental-H1D10A-assets\0990D2942702442C2BAFC4B137B74346C4F7BEC3364E39EE95DACE83104DDD74.header.png,747B07AA8F3F2423A9EEA77AAAEB9F9540C59F017F9187E49678174753050AFE
099CD04D4D313E7B125EE36BE7A592FAE24935F39860457A2663B17850A7A024,F-463F5D66BCFC1B95B4F2,3,E:\RecepcionDocumental-H1D10A-assets\099CD04D4D313E7B125EE36BE7A592FAE24935F39860457A2663B17850A7A024.header.png,519E150710804B0E7C9288EEB7169716979D9650FB949CF072D7799DC6A384CC
09BA9B13C67BBB69B0C9194C5E68E80D92DE3F0D572EEB90223E1DFDA26B67E7,F-78FBBC0583221AAC5789,2,E:\RecepcionDocumental-H1D10A-assets\09BA9B13C67BBB69B0C9194C5E68E80D92DE3F0D572EEB90223E1DFDA26B67E7.header.png,022AFF07FD23C05F1FD9ABD5F52838BFBEB0B8C713EB1BF83F916F48D1A18ED9
09CB14F715B5C41BB9EF57C4DB54A53397E380B9647D9DF3125089BF05529B3D,F-77DF7B7AF18627AF7CC8,2,E:\RecepcionDocumental-H1D10A-assets\09CB14F715B5C41BB9EF57C4DB54A53397E380B9647D9DF3125089BF05529B3D.header.png,D3E09A315EFC61CAF577A534541EE2805AAADD243BBADB0FEE1C4443717069E3
09EA12AF37DBD01DE88FE904C33AE8D4A1774A3846F51D7C6A5F8C4B38EEC563,F-FACD83D8B4281A05571A,1,E:\RecepcionDocumental-H1D10A-assets\09EA12AF37DBD01DE88FE904C33AE8D4A1774A3846F51D7C6A5F8C4B38EEC563.header.png,193968089E53A215501A8CCB5C76D6B9759718A4FF638D7AC56E7A27395D6318
09F5F33D7AF68E713FCEBDED31CFDA8867C3B5839C983013AC4F4A3B4C64EADA,F-EE08C7103D2458E54189,0,E:\RecepcionDocumental-H1D10A-assets\09F5F33D7AF68E713FCEBDED31CFDA8867C3B5839C983013AC4F4A3B4C64EADA.header.png,F56C374F81604FA3676E54E038786B6E7FD6102534F3C6CC32433ADB5882D570
0A0BE06602247C93290462DF94D533A35AAAF17CD8935188A9804FC6F3805C73,F-EE08C7103D2458E54189,0,E:\RecepcionDocumental-H1D10A-assets\0A0BE06602247C93290462DF94D533A35AAAF17CD8935188A9804FC6F3805C73.header.png,8A9DFD9641B7636ECBFC89419FAA26E00004AC6C87DC5419FE02BF90493003DE
0AB443B8A71B5F8C9B777E07D78DD56EC3BBE75E0256202DD5FADA760E576D9E,F-6F5CAF1E1AEEB43C5486,2,E:\RecepcionDocumental-H1D10A-assets\0AB443B8A71B5F8C9B777E07D78DD56EC3BBE75E0256202DD5FADA760E576D9E.header.png,6BC568D8FCAD19FCA7057286487DC323EF8EC0E5316F38621D51851166F92EA1
0AFAE9C55C04A213F0388C634CABAEEA4C9A02686A7B1F8D6CAEF6585DCD3498,F-6F5CAF1E1AEEB43C5486,2,E:\RecepcionDocumental-H1D10A-assets\0AFAE9C55C04A213F0388C634CABAEEA4C9A02686A7B1F8D6CAEF6585DCD3498.header.png,FDFF4BC181BA8EC4D51EDC3A90D6649B4DA0F1111F3EA7227041107C798C31B8
0B37339859B57A9C2AC42C87C0DF2B011049680AE88FE16FF6E3274F8C264E20,F-EE08C7103D2458E54189,0,E:\RecepcionDocumental-H1D10A-assets\0B37339859B57A9C2AC42C87C0DF2B011049680AE88FE16FF6E3274F8C264E20.header.png,8600C4B0CD8DEADB52E8A577F280D86B64782CDE4EAEE7BFEC6C12E81166E720
0BCB4FA93CF649F724DA354451FE75CADFBA4E2BE6B7A32C41D4D5A40B6500B0,F-463F5D66BCFC1B95B4F2,3,E:\RecepcionDocumental-H1D10A-assets\0BCB4FA93CF649F724DA354451FE75CADFBA4E2BE6B7A32C41D4D5A40B6500B0.header.png,5EB4C114BA16B1433BBA710A84E287B1B9034A41F7D9B774DCED7941AB46244E
0BE39898903E624AD3D7957D864B44D6D84B895CE4C0B29042FB99AD5B6A2CFA,F-6F5CAF1E1AEEB43C5486,2,E:\RecepcionDocumental-H1D10A-assets\0BE39898903E624AD3D7957D864B44D6D84B895CE4C0B29042FB99AD5B6A2CFA.header.png,60BBBDEE5185A28E8DD7D80DB88C49F180D99E39BABD42486FDEF3E687FA5FDE
0D03C0C9105F3C3452B28F233E73D2389FECD8D0774EF2113973DCBAD9E3FA31,F-EE08C7103D2458E54189,0,E:\RecepcionDocumental-H1D10A-assets\0D03C0C9105F3C3452B28F233E73D2389FECD8D0774EF2113973DCBAD9E3FA31.header.png,B82FD287D11F547C61EB5195088C6314D84CC7DFF56054117FF649733F8E4434
0D70848C8EA89E4E7A023B53FAAC0A2C6BE60CA305D26DB1FB3C56B832D88199,F-EE08C7103D2458E54189,0,E:\RecepcionDocumental-H1D10A-assets\0D70848C8EA89E4E7A023B53FAAC0A2C6BE60CA305D26DB1FB3C56B832D88199.header.png,E08781E8853A0DF2BFFA10CBFCEB3535E0F47C775D8AD8D7506EC35DBA9E8A9C
0DB5D3275144FC50576194C8BE14F91BC04EF15CB58334D123857D8A15200121,F-EE08C7103D2458E54189,0,E:\RecepcionDocumental-H1D10A-assets\0DB5D3275144FC50576194C8BE14F91BC04EF15CB58334D123857D8A15200121.header.png,359CB0E21A1109B09F9A33A74FAFE501BFD72BE49456EBBB6EDD91FEA8284CC1
0DBD0D5EFF4F30AACEF8C537FBAE56A22A835E1F94365D0505C57A282B504272,F-A1CDEA5EA1B02B4F87C8,2,E:\RecepcionDocumental-H1D10A-assets\0DBD0D5EFF4F30AACEF8C537FBAE56A22A835E1F94365D0505C57A282B504272.header.png,05E1E4ED9EB057B84EAF7BC82C8C2125E3D0C251B5E2D8A4E37521685F85D62D
0DDD4740926665B1F2CA1C85C2F251ECBDC8D72EA9155909898B72928455C029,F-EE08C7103D2458E54189,0,E:\RecepcionDocumental-H1D10A-assets\0DDD4740926665B1F2CA1C85C2F251ECBDC8D72EA9155909898B72928455C029.header.png,1E164987D7A575CD50F284BDACF62740130C110FDC9EFDA8D964D8BB35ACD9C5
0DF43C24EE1C884E4D39EA52799AF8AC28734D207C295A02C543F7E84C2C5546,F-EE08C7103D2458E54189,0,E:\RecepcionDocumental-H1D10A-assets\0DF43C24EE1C884E4D39EA52799AF8AC28734D207C295A02C543F7E84C2C5546.header.png,496BFCE435BDF8107E146BF98CD633F499A5D93BE31DFACE9B07057C6ECD9FA0
0EA83AC8EB655DEA62FEAFEB9AA0E382503A8BAE3EE20782767D39071CB570D8,F-73AB37D8D5F65AA437FE,3,E:\RecepcionDocumental-H1D10A-assets\0EA83AC8EB655DEA62FEAFEB9AA0E382503A8BAE3EE20782767D39071CB570D8.header.png,F25869AFE15F1BCFE2D877AE15488CF8CFD6D8C3615C2BE0003F6B30C02DEFD8
0EC7A08B7BBAC6CA90E6285FD8B309A999A6B529D7F2E7589C6DF6C18360817D,F-FACD83D8B4281A05571A,1,E:\RecepcionDocumental-H1D10A-assets\0EC7A08B7BBAC6CA90E6285FD8B309A999A6B529D7F2E7589C6DF6C18360817D.header.png,09A3AA90C91AB8BC07A2A1702E5E29C8F0ADCA431AD97F3C5E7AF688B6272B72
0F17FC399AEC8157D02B8E78678720A018C8ABE168EF482D47520D265F142E71,F-FACD83D8B4281A05571A,1,E:\RecepcionDocumental-H1D10A-assets\0F17FC399AEC8157D02B8E78678720A018C8ABE168EF482D47520D265F142E71.header.png,ECF7F083049A682EF1F04931CB26B2461B057E84C4456381F44966AF578011EF
0FE177F6CD750D418803C35068F43884010AD341C152821186CE237C10EB4CA4,F-EFBDDAECA8EF315C1DDB,3,E:\RecepcionDocumental-H1D10A-assets\0FE177F6CD750D418803C35068F43884010AD341C152821186CE237C10EB4CA4.header.png,33531B995C4C3F991E8EDC9D67E8C962503D66BE34749F0C7C1433A5A442FF98
1015512E6F7CD4C5A4FC33C2AF6C359994ED5197589848BA4C7E5CD9F1F956B6,F-EE08C7103D2458E54189,0,E:\RecepcionDocumental-H1D10A-assets\1015512E6F7CD4C5A4FC33C2AF6C359994ED5197589848BA4C7E5CD9F1F956B6.header.png,94F1DF7448DCE92E323F4075DF830F2B05ED3E3B791B88D4267617F4197741C6
10191891313269319E0D3C05BAFEE13282C40FD6B8BE77F890B623E757032F66,F-463F5D66BCFC1B95B4F2,3,E:\RecepcionDocumental-H1D10A-assets\10191891313269319E0D3C05BAFEE13282C40FD6B8BE77F890B623E757032F66.header.png,7EA222D8610EB9BF21178B08D52028DA9DF54F2DE77B60F02BD01F40808057E4
106447D8042022E7A7E537E2F456DA614B64B7F191C70E08B6E6C5335ED5C164,F-DCC01CD6C3861C7E4C3E,3,E:\RecepcionDocumental-H1D10A-assets\106447D8042022E7A7E537E2F456DA614B64B7F191C70E08B6E6C5335ED5C164.header.png,989ACD9F842D60C6D675FFA0796B58438CA56147D7E19C0F845EA71B9AF6D809
1070D74119877C31496D76A77F5B15F0608CB4054729C553008B3AC97A34E774,F-3011CA8E0F20D09184FC,2,E:\RecepcionDocumental-H1D10A-assets\1070D74119877C31496D76A77F5B15F0608CB4054729C553008B3AC97A34E774.header.png,A2329882C2111560230C23225B8EB9C67E12AC775F6D7D329BAA6786D2C8C36B
10D1AFC979D966B39B92E799719AD44B93945894927B122A3BCE79C3126B9413,F-22D8B0B2BC197D116017,3,E:\RecepcionDocumental-H1D10A-assets\10D1AFC979D966B39B92E799719AD44B93945894927B122A3BCE79C3126B9413.header.png,879873355BBCF50A402F15142FA301E9117AA570CF6E6322F10626F5D03C7274
10E67A94D76020372663F84AB23B4EF053A69FEF47465E0EB3C8E0DDCAABACF9,F-FACD83D8B4281A05571A,1,E:\RecepcionDocumental-H1D10A-assets\10E67A94D76020372663F84AB23B4EF053A69FEF47465E0EB3C8E0DDCAABACF9.header.png,104756916B0E94AA1B076ADB9F5D1A9AF2C27841B8F602258EC3BD4772003353
1145C2EBBA8BCA114C2D4FC9C75D25C49023A274E91AA55BA25D3C6C9FF20DF8,F-FACD83D8B4281A05571A,1,E:\RecepcionDocumental-H1D10A-assets\1145C2EBBA8BCA114C2D4FC9C75D25C49023A274E91AA55BA25D3C6C9FF20DF8.header.png,1504CA507004688E70DAC82547182D1C3935EDC856B4F7473A89F0BB37B43208
1159CA6B7C557BD08C99E82E1CD56A2CC1FE32763083DA0FF63B4B9B8FC13188,F-FACD83D8B4281A05571A,1,E:\RecepcionDocumental-H1D10A-assets\1159CA6B7C557BD08C99E82E1CD56A2CC1FE32763083DA0FF63B4B9B8FC13188.header.png,1658A42ADAD15E16CDBF29372EBBBC9761CB408327758BD51C7AF8EF2A1A4BED
11E13B5C2625E4A99DF02BA77E51E0FF80A412F0891560027A439C52B2E2F1DB,F-EE08C7103D2458E54189,0,E:\RecepcionDocumental-H1D10A-assets\11E13B5C2625E4A99DF02BA77E51E0FF80A412F0891560027A439C52B2E2F1DB.header.png,9800B09B583F151B90DDE94925AEBAF2D1AE86C314D404B505562469E750903D
123AAD179BE2ED44C1896B2F0972BA3A001D1258B084B8A1FE069BC1ACB1FF14,F-4282D891EC4146496CC2,3,E:\RecepcionDocumental-H1D10A-assets\123AAD179BE2ED44C1896B2F0972BA3A001D1258B084B8A1FE069BC1ACB1FF14.header.png,6FD51D680B903AE3486B853C28920BB611A7221FA7806DB8F1361B2A48561BD6
123DEAB253005D37733D22992D564C0DD27E284E2FE7447FBFB662F5CABB4F78,F-FACD83D8B4281A05571A,1,E:\RecepcionDocumental-H1D10A-assets\123DEAB253005D37733D22992D564C0DD27E284E2FE7447FBFB662F5CABB4F78.header.png,4FA77A2A14CCDDF13A8F02116A574B36BE28DAB7E61CCA15155D1C285DDAAF2E
1263E1D96CCC2DC62B7B63FA6BE11310C0BA2C6C480F0DD97CC90CBE48E713FA,F-134A9F49858D4BF94062,1,E:\RecepcionDocumental-H1D10A-assets\1263E1D96CCC2DC62B7B63FA6BE11310C0BA2C6C480F0DD97CC90CBE48E713FA.header.png,0A13B37FF1C257E97B2B5867E18C2D34EEF723FD11C3AFDCF8E31B04FE5B0D10
12A06FB638C41A396A7D0795E2B9EA77B86474B203529001B612EC9895E84BC7,F-5213D0B5BE521925EA95,2,E:\RecepcionDocumental-H1D10A-assets\12A06FB638C41A396A7D0795E2B9EA77B86474B203529001B612EC9895E84BC7.header.png,8BCE2868A4592535915CAA4BE91FB03A403D8C81CE45C5652A68C39E1833BAD3
14381C127DC5AC3853B4712213EAB4470DD2A21AEFD09D12626E70E430315305,F-EE08C7103D2458E54189,0,E:\RecepcionDocumental-H1D10A-assets\14381C127DC5AC3853B4712213EAB4470DD2A21AEFD09D12626E70E430315305.header.png,26CF8596FF893DE2566369B4BE1C79057850C366DB858D3EC374013CE400D616
14888ABF52C795CD9248EFA6B5AD5883B0C2EDEE3B11EDC68A2B534DF582EA6C,F-EE08C7103D2458E54189,0,E:\RecepcionDocumental-H1D10A-assets\14888ABF52C795CD9248EFA6B5AD5883B0C2EDEE3B11EDC68A2B534DF582EA6C.header.png,E6379195415FE56C2FB8E4FD3F9105111CDD358B528631297DB41C40553DDDEA
14A75A878D1C46176EA9AB48865A6D723CE20D76A39D0BAAD77767EAD1EC2DD1,F-2225E7482E0C1A2CF093,2,E:\RecepcionDocumental-H1D10A-assets\14A75A878D1C46176EA9AB48865A6D723CE20D76A39D0BAAD77767EAD1EC2DD1.header.png,E44D5FB5072A79D79B81695EC3B42FD03712D93D6CE171321B1F3680A3D9BBE2
15017A95CAE592FF03AC85B9E98A3F558AC8C2B2382DE89708D086F963B8F662,F-EE08C7103D2458E54189,0,E:\RecepcionDocumental-H1D10A-assets\15017A95CAE592FF03AC85B9E98A3F558AC8C2B2382DE89708D086F963B8F662.header.png,36A3168EDA685BBA32CF35560A561D86BC286126C797209CB21940514F2111DE
152604FDE489F58F0995B33FDBFBEF849D1187861D9A30592C95908147F52349,F-2225E7482E0C1A2CF093,2,E:\RecepcionDocumental-H1D10A-assets\152604FDE489F58F0995B33FDBFBEF849D1187861D9A30592C95908147F52349.header.png,655117815B5A5988062756D5E85D1B5391EB0B850673B7B2C83CDEE5A15B0811
1559EC92CBDBE55D735EE7ACA8E52AEAD71C1C47C221CF45B68B936B4345C2A2,F-FACD83D8B4281A05571A,1,E:\RecepcionDocumental-H1D10A-assets\1559EC92CBDBE55D735EE7ACA8E52AEAD71C1C47C221CF45B68B936B4345C2A2.header.png,A6E7E94E6E09AF270E84DDA364B3DBD8210BDB55A5A520E4DFC3FE56B9A8DD6B
158A0B2372339DB5F964827887050C77E088ED0C654782778E7E3DF739CCF278,F-FACD83D8B4281A05571A,1,E:\RecepcionDocumental-H1D10A-assets\158A0B2372339DB5F964827887050C77E088ED0C654782778E7E3DF739CCF278.header.png,04E03ACD498EA4953962D600ED09C8BF257484D85BAA5C15ADBF1FB893111C37
15926288C19E4044088E6417ACB087ECBBE63143BD28306C232EE3218D138E82,F-EE08C7103D2458E54189,0,E:\RecepcionDocumental-H1D10A-assets\15926288C19E4044088E6417ACB087ECBBE63143BD28306C232EE3218D138E82.header.png,872D8ABBC6BFA1D4F784384D3B45B6F4D53B061C649E8D02E2BCF84313EAD412
15969BD380B8D2DC22294AFDC4928DC42B0917483959608C7594E31E510491F3,F-DCC01CD6C3861C7E4C3E,3,E:\RecepcionDocumental-H1D10A-assets\15969BD380B8D2DC22294AFDC4928DC42B0917483959608C7594E31E510491F3.header.png,E1182E6394287703FC2F5CD15BE2393C00AC15869A73900F24C98DA9193CB952
15EE89386351047AD1C2D3173F2DF4FBDA0DE0D47542662362CCF47AEB41B838,F-FACD83D8B4281A05571A,1,E:\RecepcionDocumental-H1D10A-assets\15EE89386351047AD1C2D3173F2DF4FBDA0DE0D47542662362CCF47AEB41B838.header.png,A653A542F84B43AC301DCEA35223B6EA2C97BA1C6D5204FE7393239996CDC13E
160507D36E36A41452843EB5116EBE6860289D267FB2CEE2F49609A29C7BB91E,F-EE08C7103D2458E54189,0,E:\RecepcionDocumental-H1D10A-assets\160507D36E36A41452843EB5116EBE6860289D267FB2CEE2F49609A29C7BB91E.header.png,E08ADA2A2375347A4B46D6F3E487DA6903943E38C38CC800B75B6B42A249B4F2
166589FEDAA33D952D81A337E8B61F2BA518F0302A237C96E8E96DDD61F7A5B1,F-FACD83D8B4281A05571A,1,E:\RecepcionDocumental-H1D10A-assets\166589FEDAA33D952D81A337E8B61F2BA518F0302A237C96E8E96DDD61F7A5B1.header.png,C3DC82E8A8969504BC1628200D649D58C5F0EFDB327E6C94842DFF6586E070D8
167929F9016E97C2CCFE59A2730534C5CD51282608A17A4EF1F23FA5F94104D9,F-463F5D66BCFC1B95B4F2,3,E:\RecepcionDocumental-H1D10A-assets\167929F9016E97C2CCFE59A2730534C5CD51282608A17A4EF1F23FA5F94104D9.header.png,A7C1983FA336B26B7DFBB20FFF7AE9D4A9A94C024D0CB566E20026A88BAFE4EC
167AC28EE4C9F156D7A730F3269118C5AD78B7F582E3FFC178BCB3FDB0A11DF7,F-FACD83D8B4281A05571A,1,E:\RecepcionDocumental-H1D10A-assets\167AC28EE4C9F156D7A730F3269118C5AD78B7F582E3FFC178BCB3FDB0A11DF7.header.png,A0098036C29B15B75711C7A70C4D5B8F4F47B9990DAA78EF74962996E00F0E51
168F8794C73214044C9A1C4597C96BD6D0C4199CC641416C3C64F8BF37098C0F,F-239031FB24D11A1289E7,3,E:\RecepcionDocumental-H1D10A-assets\168F8794C73214044C9A1C4597C96BD6D0C4199CC641416C3C64F8BF37098C0F.header.png,AB66F2F34AE140C74630BB8B9480F2F27635AB5CF0CB902F4E833B271DA1E6AB
169353E3142E56941120B753DAE9B0E5A3527AE78A7B064582040B1D7E98FB61,F-6F5CAF1E1AEEB43C5486,2,E:\RecepcionDocumental-H1D10A-assets\169353E3142E56941120B753DAE9B0E5A3527AE78A7B064582040B1D7E98FB61.header.png,2E976F116F3EAD86C327A9D8D91CDD3D6EA8FCF060ECE982CD93531E4A89CA34
16D63A67B2329B876A7EB150497C22D00A7FC6CA3C3D9F3D21BDEACB8FC493A8,F-463F5D66BCFC1B95B4F2,3,E:\RecepcionDocumental-H1D10A-assets\16D63A67B2329B876A7EB150497C22D00A7FC6CA3C3D9F3D21BDEACB8FC493A8.header.png,07F3C7943A1A38EAB1ECF0AF935C6079F58B6909713D432A54D9FA77195C1581
16E375C7BFC7DEA12A79C7383665C85A3E059F7F5A69AF0C52D3D4ACC27A9341,F-463F5D66BCFC1B95B4F2,3,E:\RecepcionDocumental-H1D10A-assets\16E375C7BFC7DEA12A79C7383665C85A3E059F7F5A69AF0C52D3D4ACC27A9341.header.png,ABF0FC8B413D021DB0A4E7F9106F98DAFB55976036524F152C2080F890450630
1755304EBD124B8B4E1309831FBEB3F6EE40934A39AC4CCF8C158A506F931EF1,F-6F5CAF1E1AEEB43C5486,2,E:\RecepcionDocumental-H1D10A-assets\1755304EBD124B8B4E1309831FBEB3F6EE40934A39AC4CCF8C158A506F931EF1.header.png,EB4EA14F3B8BFEB84E6CC35B390110D5E74AF29009277DA2C01F669C1E96870A
17645D40FA69A6828FBC913F3B3EAD8309B9DE2BA50E47598747209A0F923A62,F-EE08C7103D2458E54189,0,E:\RecepcionDocumental-H1D10A-assets\17645D40FA69A6828FBC913F3B3EAD8309B9DE2BA50E47598747209A0F923A62.header.png,26B450C1312E052998CA7C9919E3B0E8090E48A4F90238DF68F3B9A45D540B3E
1774A5264220F2FF45E5BC66ABA462BACACE62D7E6CC8D8B4C325FF2953FA33C,F-463F5D66BCFC1B95B4F2,3,E:\RecepcionDocumental-H1D10A-assets\1774A5264220F2FF45E5BC66ABA462BACACE62D7E6CC8D8B4C325FF2953FA33C.header.png,9F63569A8F9B3D1F20000255E430226762B2968BB2C8B2E94B0DAC75C1BD5F5D
17E9AF6EB6B495BA29E56681857C9970D33D990CDB10C0387FE85C781AC7E0E2,F-239031FB24D11A1289E7,3,E:\RecepcionDocumental-H1D10A-assets\17E9AF6EB6B495BA29E56681857C9970D33D990CDB10C0387FE85C781AC7E0E2.header.png,741D2E6BF04077ED07A9673D6562652C895CE606BBD52AE600467693365D51AF
17F70ACA0C08EBBB8F9BDC9AB4A180DF161AB6F073AA8057FC19989E0080C69F,F-6F5CAF1E1AEEB43C5486,2,E:\RecepcionDocumental-H1D10A-assets\17F70ACA0C08EBBB8F9BDC9AB4A180DF161AB6F073AA8057FC19989E0080C69F.header.png,F352B9D42E8D0F99DE92F50C9926EB99BBED08947AE64AACB37BD6F4BA41555C
180A072CF185D173A359A133EF852156206CE288B38F895772950BE3A2822433,F-FACD83D8B4281A05571A,1,E:\RecepcionDocumental-H1D10A-assets\180A072CF185D173A359A133EF852156206CE288B38F895772950BE3A2822433.header.png,53FA943F5CD0EDF5EBDE71519DFB830FDA9915F07440AAA40C26CA83E5F75065
1820FA6D0B1A53B7BC306CA2011505E75CD8FE8D39AEA06A5730CCE9E46FFB2A,F-239031FB24D11A1289E7,3,E:\RecepcionDocumental-H1D10A-assets\1820FA6D0B1A53B7BC306CA2011505E75CD8FE8D39AEA06A5730CCE9E46FFB2A.header.png,FFE835B887DF0C87AD68836927A2CCF3FC04F757BD6840D0552F2F934D5EE4D1
18328B3DA1884B52C6326DF5F1BC3410181A90AC55A53F56FD8C6784C1210128,F-EFE6E9C595B24436566B,3,E:\RecepcionDocumental-H1D10A-assets\18328B3DA1884B52C6326DF5F1BC3410181A90AC55A53F56FD8C6784C1210128.header.png,E1E84DFE382E1E9345590022B461B6FBF57FF41ED76379BFD854562263C2EF70
1838C5E4581C360065CA938F288AFE4710F33C0DFF2B9D832801704DAD65E410,F-EE08C7103D2458E54189,0,E:\RecepcionDocumental-H1D10A-assets\1838C5E4581C360065CA938F288AFE4710F33C0DFF2B9D832801704DAD65E410.header.png,FE1A2538055337232C4C3E1FE9638ACBD6BE6AD0EBEC0C84938B743C4168A366
183FAE302DC2004BF0E2C13EDF85A8E9D75E168D01D7313E31DA45794CE0428D,F-4282D891EC4146496CC2,3,E:\RecepcionDocumental-H1D10A-assets\183FAE302DC2004BF0E2C13EDF85A8E9D75E168D01D7313E31DA45794CE0428D.header.png,0B8160843AEA49F974C6AD04AAE00AB0BF844061CEB5ACD4F533FA74F0A8242D
18662EDEE4B4C711C1906E7CE4BE366A758A1188B97E161AF48336D6A3DBAE48,F-EE08C7103D2458E54189,0,E:\RecepcionDocumental-H1D10A-assets\18662EDEE4B4C711C1906E7CE4BE366A758A1188B97E161AF48336D6A3DBAE48.header.png,3A52C0EC61EF14EB907FAB775E5834AD6D0AACFCA75BFFFFF49FF5EA5CF08748
1879A4B5E7DA36E01B0F9CAF23754C27B06EA092E21F7A347CF60B15776875ED,F-EE08C7103D2458E54189,0,E:\RecepcionDocumental-H1D10A-assets\1879A4B5E7DA36E01B0F9CAF23754C27B06EA092E21F7A347CF60B15776875ED.header.png,C258B385DA4F62C1A7800DAB9D3035020E2F55017F45FB3FCF1EA528E3B535F3
18A2915116E554779056513F6E5C546608D7AE4ABBD5651F3A29EB14355EF1F7,F-463F5D66BCFC1B95B4F2,3,E:\RecepcionDocumental-H1D10A-assets\18A2915116E554779056513F6E5C546608D7AE4ABBD5651F3A29EB14355EF1F7.header.png,7354BA0CFE7ABF0887A4E1EF462BA8B8F6F40AB5D0623E5AEC60C1DD985E15C9
18F720B96A147A5AB163A7A9CF2973DD63B5BF1945AE004DF51831A085DBD07A,F-463F5D66BCFC1B95B4F2,3,E:\RecepcionDocumental-H1D10A-assets\18F720B96A147A5AB163A7A9CF2973DD63B5BF1945AE004DF51831A085DBD07A.header.png,36D1E507E5092ECD20C2FF2977D401641C5384267F017F3509F146280FE67D9B
194F2DA87B4471D4F618FDAFBE7C074F5DB1BC27D67350BC9E865BDBEDECF437,F-C04B37B1724168DE2084,3,E:\RecepcionDocumental-H1D10A-assets\194F2DA87B4471D4F618FDAFBE7C074F5DB1BC27D67350BC9E865BDBEDECF437.header.png,2BE42C934735EB22CC48BF929594B761F0D9EC1D9F07BFD7B5812D1AB08872D1
19E19AD1C279BECEB59406F9DEE7DA0FB14F0747F234EF55898B99CAD0866281,F-8A2E5C33616E9AAE14BF,3,E:\RecepcionDocumental-H1D10A-assets\19E19AD1C279BECEB59406F9DEE7DA0FB14F0747F234EF55898B99CAD0866281.header.png,D82C146EFA2904F04F655C4252F4A491383D290A2180B2AEB057ADEC3E8FDA6C
1A336FF617D5A0C3A526B99A96FBAFD04444DB1284DF057F7A0963EF0F477489,F-463F5D66BCFC1B95B4F2,3,E:\RecepcionDocumental-H1D10A-assets\1A336FF617D5A0C3A526B99A96FBAFD04444DB1284DF057F7A0963EF0F477489.header.png,77D8A8AC639524A343B531C26A8D7ADD849667A7DBB0F07716DBB6A9CC589371
1A36A3CBE7FCC2D88B622D11158D47FC31F218354BA5CAD55E5F076338CD7FD6,F-A4599E2724A776EE31BB,0,E:\RecepcionDocumental-H1D10A-assets\1A36A3CBE7FCC2D88B622D11158D47FC31F218354BA5CAD55E5F076338CD7FD6.header.png,208B15777DF7C90FFD42143A1CC2C6822511D40E1089FAFB20EE9C3427616950
1A4F808049D1A37F4E6AB760DD7135F61503613DEB13BADD69E536FEA2FC6B9F,F-19E3E2219E79C363F63F,0,E:\RecepcionDocumental-H1D10A-assets\1A4F808049D1A37F4E6AB760DD7135F61503613DEB13BADD69E536FEA2FC6B9F.header.png,AA33DE80669F9EF18945942845692A0DABA2DAB40ADF0ED90583A6830D679E4A
1AE4FB903432A3B60DB3450D9487FFB226463AF51EC1BEC47448AC3F3C7B894F,F-1A8F6C1739284F36B46F,1,E:\RecepcionDocumental-H1D10A-assets\1AE4FB903432A3B60DB3450D9487FFB226463AF51EC1BEC47448AC3F3C7B894F.header.png,B71A7E542BBAC37EA1FD680AF1F822A2F24668CFC0C60831EE5FE731A646A764
1AFE7750B1E03B7B6216CE4DD3DD72A572DD1127B8545E28AFE90DDD2CDC0579,F-1A84B55E846D76A51EE3,3,E:\RecepcionDocumental-H1D10A-assets\1AFE7750B1E03B7B6216CE4DD3DD72A572DD1127B8545E28AFE90DDD2CDC0579.header.png,44EC46CF9DAF1081751507BAFA290884C8F07B4BCE154ACDF8F15501C376017D
1C046CF254BA1E8E323C11493B60FE53712CC1B84EFF61DE83864A7D0C4355D1,F-FACD83D8B4281A05571A,1,E:\RecepcionDocumental-H1D10A-assets\1C046CF254BA1E8E323C11493B60FE53712CC1B84EFF61DE83864A7D0C4355D1.header.png,EEDC1A43A9F5E5E77530E5050DC15DFB5C2449A8098E08AF43BEC42BF18A4D57
1C2730D7EA45CB80447C59154F701641B68B2CE8C31909BCBDA0D31555D6AF2D,F-DCC01CD6C3861C7E4C3E,3,E:\RecepcionDocumental-H1D10A-assets\1C2730D7EA45CB80447C59154F701641B68B2CE8C31909BCBDA0D31555D6AF2D.header.png,6EE54AEAA2FC264181A7776811F90CE940F95BEB299A6767D0FBDC68D7C39679
1C4CB37EA5BD22F3F1F6316807DB3DCFA62F5E64CC4D63DE1B43A9ECB5F78C30,F-847ED9FB103AD022E208,2,E:\RecepcionDocumental-H1D10A-assets\1C4CB37EA5BD22F3F1F6316807DB3DCFA62F5E64CC4D63DE1B43A9ECB5F78C30.header.png,2A111331F1C96B0D1B7FA463738FCD918B3F993F6F4844CA58FC3AF5936F95BF
1C4DB25AAC0A169B26D121DF0992AB546E8D487A74FD1E45FDEF3490F3708601,F-64920D3701B1A613ABDC,3,E:\RecepcionDocumental-H1D10A-assets\1C4DB25AAC0A169B26D121DF0992AB546E8D487A74FD1E45FDEF3490F3708601.header.png,E5B132E2CC7E7CB81A11CF67B09E5B4FFF0D8837231E968D8B4DA5A9E6CA3C3D
1C8A8808678EDA0EE2B05BB8A61144E4290EE9E18251346BBD2683F09C7D888B,F-EE08C7103D2458E54189,0,E:\RecepcionDocumental-H1D10A-assets\1C8A8808678EDA0EE2B05BB8A61144E4290EE9E18251346BBD2683F09C7D888B.header.png,7B116AB23BDBD999BDC8E55FDD81DFB08BA70FC56952F698B72266A240DE095C
1DA9864804DCE41CA146730F9EB0523D3ADD3030E9014CAA057097A2EA07C711,F-FACD83D8B4281A05571A,1,E:\RecepcionDocumental-H1D10A-assets\1DA9864804DCE41CA146730F9EB0523D3ADD3030E9014CAA057097A2EA07C711.header.png,1F6B14DFEF62533B3464455EB49BD78DA5D87D86ADE647A1A1DF35E3601B7330
1DBAC85FD76DFB51E641F429E17BBA22563A0F38D8362D27B66EB5322644AAE6,F-FACD83D8B4281A05571A,1,E:\RecepcionDocumental-H1D10A-assets\1DBAC85FD76DFB51E641F429E17BBA22563A0F38D8362D27B66EB5322644AAE6.header.png,2593C0F53ED53EEDA4FDB8439D2362319B514AD45C85886573F9971594A63621
1DC499A08B5A4C8EB40237A78633ACD98DF16FB8437876D106B4265CC4451588,F-EE08C7103D2458E54189,0,E:\RecepcionDocumental-H1D10A-assets\1DC499A08B5A4C8EB40237A78633ACD98DF16FB8437876D106B4265CC4451588.header.png,F751574835EEAAEF426E40977DE595EEC4AC721131237B82836F8221C3E374EC
1DE3D57C29CD74BE3B52809E07F5687161ED4F785B56045F8B4F677FDFD93DDA,F-FACD83D8B4281A05571A,1,E:\RecepcionDocumental-H1D10A-assets\1DE3D57C29CD74BE3B52809E07F5687161ED4F785B56045F8B4F677FDFD93DDA.header.png,10BA8B12686C9845D2FFA3A391AEFFDB18B104E17178FD1EBDA346B4723BAD74
1E017419E073DE02B948D0FF0A3422759D77C393D6A5BC26E76BD8404C0104B5,F-FACD83D8B4281A05571A,1,E:\RecepcionDocumental-H1D10A-assets\1E017419E073DE02B948D0FF0A3422759D77C393D6A5BC26E76BD8404C0104B5.header.png,4BD41C211F16EB98B9931E8476DBC9D73823D35289A0C480308C7A3481B7ABFB
1E9F93E9439263AB091E1FCFA2C61AE17A3F0F1AA79A93DF4A5306624A24BEBC,F-EE08C7103D2458E54189,0,E:\RecepcionDocumental-H1D10A-assets\1E9F93E9439263AB091E1FCFA2C61AE17A3F0F1AA79A93DF4A5306624A24BEBC.header.png,C9D00DF4D88C8EBF0D7773D7C273DDC08F4C6F8807B173C828D945AFFD8871A6
1ED366B383A3896CFEB2405CE4CAC87D9D060DC3080F784F47BED59A1054A232,F-463F5D66BCFC1B95B4F2,3,E:\RecepcionDocumental-H1D10A-assets\1ED366B383A3896CFEB2405CE4CAC87D9D060DC3080F784F47BED59A1054A232.header.png,1B0D33251745D68814C5BACB2FE1444C126A39203F082BA1F1734C10B6DC7C1B
1F174E86620ADDAB1691ADA0E9A283270D292E6AED4C4B923DDAFE19769D07EB,F-FACD83D8B4281A05571A,1,E:\RecepcionDocumental-H1D10A-assets\1F174E86620ADDAB1691ADA0E9A283270D292E6AED4C4B923DDAFE19769D07EB.header.png,D13A6E676EA164907B62D598E0962652B5E093B9C06740AFFFF3B098F76F234E
1F6BE1B36C93128E6A23A08F969662219FCDD157D6A9C688764E6E854930C6F1,F-C4EFEA98CD9D9490E678,2,E:\RecepcionDocumental-H1D10A-assets\1F6BE1B36C93128E6A23A08F969662219FCDD157D6A9C688764E6E854930C6F1.header.png,8CF98F9536233FDADB22F28C2E7250256C3525C4A9C543CA52E35EAA5B6F7349
1F74158A70E303CD4219E3F0A4C0F0EE744292D6CD4C7585ECB69924A9CF7E6A,F-EE08C7103D2458E54189,0,E:\RecepcionDocumental-H1D10A-assets\1F74158A70E303CD4219E3F0A4C0F0EE744292D6CD4C7585ECB69924A9CF7E6A.header.png,98DA7A027EBE0083618C9CE932ED69F15794AF2CEC57C54EFB29E30EB7F4591E
1F8ED7AFA5B9414E174104C2C5ADF13AF964A27329A26B561987EB073FC3BC7C,F-FACD83D8B4281A05571A,1,E:\RecepcionDocumental-H1D10A-assets\1F8ED7AFA5B9414E174104C2C5ADF13AF964A27329A26B561987EB073FC3BC7C.header.png,2D9D4AE060A1676FC81D9239913F8B4401C0BEF6E5C1C923A561F70597964A0E
1FA268A606D2E0D0B5DB2C3EB7C264ABB81A4FF68EA607482BCE2826A3488D9F,F-239031FB24D11A1289E7,3,E:\RecepcionDocumental-H1D10A-assets\1FA268A606D2E0D0B5DB2C3EB7C264ABB81A4FF68EA607482BCE2826A3488D9F.header.png,B938E31537584239C776E8227B59A1711B77E1B74D0C560C02206F8ED41D7CC9
1FE5EE8327E145829C17BEDC6ED8E4BE89C6EF299984C6A454FC15B2245B7981,F-EE08C7103D2458E54189,0,E:\RecepcionDocumental-H1D10A-assets\1FE5EE8327E145829C17BEDC6ED8E4BE89C6EF299984C6A454FC15B2245B7981.header.png,7F312E767351C8743AA7E5761423F8637F9E763CC8B7F0D8EC49B987129D6B7D
201C2EF248B3E04F47F214E95A8360183B42A01E5B635FEAA9E07529A8C328CD,F-FACD83D8B4281A05571A,1,E:\RecepcionDocumental-H1D10A-assets\201C2EF248B3E04F47F214E95A8360183B42A01E5B635FEAA9E07529A8C328CD.header.png,3212B2B49AD926607A493B6D381FE2E804F6E239A70B072E3ABB0E221DF28B17
21260D1DEB9F5FC490513022E1FD91F7B583EE94863480B42371917D5BADB457,F-EE08C7103D2458E54189,0,E:\RecepcionDocumental-H1D10A-assets\21260D1DEB9F5FC490513022E1FD91F7B583EE94863480B42371917D5BADB457.header.png,0A995C51D969376E36BD9DBAACA34F5AEEE9ED0AEAF8AE85AFA13706084C9F95
21424818179A111E4F71916FCD9A48976FE5ED7F1432854A6F2347653C38D8BE,F-239031FB24D11A1289E7,3,E:\RecepcionDocumental-H1D10A-assets\21424818179A111E4F71916FCD9A48976FE5ED7F1432854A6F2347653C38D8BE.header.png,EAB1759F1FC6D409F1410F0A9498D8C8FDF99ED6D3B0F648BBC00CA2460EC706
21438B9765F499855432F21148F956C714AAA9C79EDA7413564EEE9455850671,F-6F5CAF1E1AEEB43C5486,2,E:\RecepcionDocumental-H1D10A-assets\21438B9765F499855432F21148F956C714AAA9C79EDA7413564EEE9455850671.header.png,D606DF5C8F7850753E1464082149A73DE8350CEAE0E96C8EAD02E9E0AA0F6910
2154FD617AF13243DB7B586CCBA7EF469689877C9BAA53B0F84ED403E793BC99,F-463F5D66BCFC1B95B4F2,3,E:\RecepcionDocumental-H1D10A-assets\2154FD617AF13243DB7B586CCBA7EF469689877C9BAA53B0F84ED403E793BC99.header.png,8CF09936027C28AFCE5FEC04E82D683F400A37F9C7CBD41AC97117A118DCE038
21A743EACDBE34D280CB667E66C018F678D52E114A99BD11D529122144C44BA4,F-F9F97E5234AB53CA8EDD,2,E:\RecepcionDocumental-H1D10A-assets\21A743EACDBE34D280CB667E66C018F678D52E114A99BD11D529122144C44BA4.header.png,F37FD887EFBAAE99B3E3786327E606DEF4525321624B88342F09121F41D9C05E
21FA95E0441B94EC1CA8C6B2756C6170EA9D9D18C5A192D2619FDAD6992514CB,F-EDBFE59229E8571451DD,2,E:\RecepcionDocumental-H1D10A-assets\21FA95E0441B94EC1CA8C6B2756C6170EA9D9D18C5A192D2619FDAD6992514CB.header.png,AAC787E6003EB6B155C2E2532E6836CFCE386A0E410923EA144ED238C35F6518
220DD10F950D9C9E128FED4EC3B946CF309DBADDC624CC54ABD925F59E1A81BC,F-779475FE3B614A1E04BC,3,E:\RecepcionDocumental-H1D10A-assets\220DD10F950D9C9E128FED4EC3B946CF309DBADDC624CC54ABD925F59E1A81BC.header.png,EC2F73D6968357F74A0B5EF5E541F2E1335A047EB10F91287E60EEAAC2120134
225886580C85D6E9291E33F31E663C265C372BE9B6DFF5D4C18D41160FBBE122,F-EE6C10CFFB7B6C49E434,0,E:\RecepcionDocumental-H1D10A-assets\225886580C85D6E9291E33F31E663C265C372BE9B6DFF5D4C18D41160FBBE122.header.png,944888E873AAE0B02F0ACB16E064B2848228313AA5491CC5096C349079F61E05
22672F8A78F1673F9C86E8AF6C0F74C68CE69F6A47D30B59631ADDF0538252D0,F-127BD2FBDD2CC031C0FE,2,E:\RecepcionDocumental-H1D10A-assets\22672F8A78F1673F9C86E8AF6C0F74C68CE69F6A47D30B59631ADDF0538252D0.header.png,91A85AE105DECBC694B1186F0D2A94AC053F8F2EFC133070803E13E98FC8CBC1
22E69D2F00D6232ED552D42A07BCBA93D825967D3875DEEF8648F80EBE48E36E,F-FACD83D8B4281A05571A,1,E:\RecepcionDocumental-H1D10A-assets\22E69D2F00D6232ED552D42A07BCBA93D825967D3875DEEF8648F80EBE48E36E.header.png,FF90A90CFD7F856BD8D58715AC086F6D85E00561212FE78A3084C188DCDEEC1E
2359686156391AC697F0FACF0BC28C4A3B58BF780D9DF464022B6629A5418D41,F-463F5D66BCFC1B95B4F2,3,E:\RecepcionDocumental-H1D10A-assets\2359686156391AC697F0FACF0BC28C4A3B58BF780D9DF464022B6629A5418D41.header.png,9F90EAA8E6FA8B3D0528D7B787D0EFA5F46E08901D9EDFF15027C9A72701389E
24508D57D9D2FE1CF19E71BF862D1C297C3B233C58E91B1FBCA2A8AB5AA2867E,F-EE08C7103D2458E54189,0,E:\RecepcionDocumental-H1D10A-assets\24508D57D9D2FE1CF19E71BF862D1C297C3B233C58E91B1FBCA2A8AB5AA2867E.header.png,4D10AB3435D7F8B8BA953CF59E4A8A20FF1AF96514356A7BF944803D6EC2FCBE
2537FDF817D544D0E6993F9039C282B601828BF4030072FE60AA952C6CEBC923,F-EE08C7103D2458E54189,0,E:\RecepcionDocumental-H1D10A-assets\2537FDF817D544D0E6993F9039C282B601828BF4030072FE60AA952C6CEBC923.header.png,FA0F8D8D527986A1C15185EFE5F8C2878093C8B8D349D3F81DBC03637FD44F37
25906BA449000FDC416BE77ADE177F67876EE90F96C8DA7EAF7532B3DE978549,F-127BD2FBDD2CC031C0FE,2,E:\RecepcionDocumental-H1D10A-assets\25906BA449000FDC416BE77ADE177F67876EE90F96C8DA7EAF7532B3DE978549.header.png,1E6B26DEC1307FB870C58C12B54EDCA154DA247F218F33C9C0603F6CB4F6EF2C
2605B5CBE1D16F569A4744664A6098F9F1A9ADF3328747D2D99F36E44E6407EE,F-DCC01CD6C3861C7E4C3E,3,E:\RecepcionDocumental-H1D10A-assets\2605B5CBE1D16F569A4744664A6098F9F1A9ADF3328747D2D99F36E44E6407EE.header.png,64B34814E3AED54BACB38BEB95A7254682574CEC0293C371935004A155C07201
263D415F6C5CCB5E35FCFF9F2EF41B20D3D9D37D6BB52D156229BC10E818CD63,F-FACD83D8B4281A05571A,1,E:\RecepcionDocumental-H1D10A-assets\263D415F6C5CCB5E35FCFF9F2EF41B20D3D9D37D6BB52D156229BC10E818CD63.header.png,F7C70C96B8A04425A126F4BD58E7D4CFF62D7583B1BDD8641618D68FA9F7B99A
263DEF4CEBFD41025BF8C60D814D6D9533131D244D35E3D23C08BBE8917C9BD9,F-463F5D66BCFC1B95B4F2,3,E:\RecepcionDocumental-H1D10A-assets\263DEF4CEBFD41025BF8C60D814D6D9533131D244D35E3D23C08BBE8917C9BD9.header.png,CC334647683A423CBAEE27A66679A4EFCDEBFBE6A0D25C2D45B7305BAB5C3678
268E9CF0A794A2450E7EFF249D3AD2594B21A19EC5462DA31C99A736388B63C2,F-FACD83D8B4281A05571A,1,E:\RecepcionDocumental-H1D10A-assets\268E9CF0A794A2450E7EFF249D3AD2594B21A19EC5462DA31C99A736388B63C2.header.png,E3DF5F634BEC41DEE3CE4A0FACC9EDD90076D64E6E1A3E26469B53D624237282
26EA4A2318A2CA163F0725B8551C9F4CFE6E45EA6578CACC90BC64C6575AF63B,F-463F5D66BCFC1B95B4F2,3,E:\RecepcionDocumental-H1D10A-assets\26EA4A2318A2CA163F0725B8551C9F4CFE6E45EA6578CACC90BC64C6575AF63B.header.png,33525A35CE04638BA7003BDDCC6EEAC67A7A03CEE30D1A26DE19B74EEEE916DF
2734FF67060B9027FEB9BA327ADC516562FB5B1CF2D145050C6130AFE3D80CD5,F-6B5DF25739C20B353A70,3,E:\RecepcionDocumental-H1D10A-assets\2734FF67060B9027FEB9BA327ADC516562FB5B1CF2D145050C6130AFE3D80CD5.header.png,F82EA226C120DA337038CCC54C4C45FA1078AFBAE4D022E6A4C6735933379390
2787E009D455BB9349B6DAE6AD30482AE9F045E858EA0D1A1CC922A6E5144B79,F-C4EFEA98CD9D9490E678,2,E:\RecepcionDocumental-H1D10A-assets\2787E009D455BB9349B6DAE6AD30482AE9F045E858EA0D1A1CC922A6E5144B79.header.png,88DDFDF3D66D2770D91450E9D636BD99638D8A4B8A9608CDE76BDD0DE236D61E
27BC4B18F491209F599B195B0ABC49F006BFC50896F0790871B4164089202C88,F-FACD83D8B4281A05571A,1,E:\RecepcionDocumental-H1D10A-assets\27BC4B18F491209F599B195B0ABC49F006BFC50896F0790871B4164089202C88.header.png,95AB663F59AD8F1B2B6102FE11EFAF0DE03BF97C9746397E227CCC6021396A6E
27FF656A5A70E8C1A2AF544748A8FEEB1F9D764E38EE1B20DEFCF5A88675DBB2,F-BD443D8161F24BFCB109,3,E:\RecepcionDocumental-H1D10A-assets\27FF656A5A70E8C1A2AF544748A8FEEB1F9D764E38EE1B20DEFCF5A88675DBB2.header.png,45FF2150366CADE29D0DC8721C2FBE5D2E2782AF7F424A2E033DA26273E8531F
283DD750150A80FD78B56DFD05BD0CF320ED7EE5AFE628DC3A273F00642CECD5,F-463F5D66BCFC1B95B4F2,3,E:\RecepcionDocumental-H1D10A-assets\283DD750150A80FD78B56DFD05BD0CF320ED7EE5AFE628DC3A273F00642CECD5.header.png,3061D31BB374B2E88D99F87321ABACF9D213754360DE51D3B436B4A94C944A7A
28F92D6F8C69A983FC3129BC8443C5E475F94DFB173AF74A3BF5F08D957F5B0D,F-832328D5B6CC43C2F3DC,3,E:\RecepcionDocumental-H1D10A-assets\28F92D6F8C69A983FC3129BC8443C5E475F94DFB173AF74A3BF5F08D957F5B0D.header.png,B7F0DFE12C9C5A15867DC6B4B65F3827D35EB25A8C2D91BF6E5E1CE4682BB2E4
28FCC8808B0DEE25A850B6F4C5063E17FB94B3CB194917E84422E9F2A8C111A5,F-F005EBB69A8DFBD56F0B,3,E:\RecepcionDocumental-H1D10A-assets\28FCC8808B0DEE25A850B6F4C5063E17FB94B3CB194917E84422E9F2A8C111A5.header.png,FB39ACE00EF1C4C6B02E4E0F9A9CF59A99EBFBBF25E65258C4D38E237594ADA5
29C2F82AE52AB4771D5C4F02A6C04F9336214832AD7F90907EEA3FC074BA9648,F-EE08C7103D2458E54189,0,E:\RecepcionDocumental-H1D10A-assets\29C2F82AE52AB4771D5C4F02A6C04F9336214832AD7F90907EEA3FC074BA9648.header.png,AE02B3F7619DD38FDAF9F65C627F4FF373D924A92F51A14902C85B1F3C4E2EA9
2A31131A45E5376D4DFD42FF9877AC6093EBD62ABF0B6791591EDD8AB1658A7D,F-DCC01CD6C3861C7E4C3E,3,E:\RecepcionDocumental-H1D10A-assets\2A31131A45E5376D4DFD42FF9877AC6093EBD62ABF0B6791591EDD8AB1658A7D.header.png,BCF689F6768FB4EE78FAD109DA3961979FEBA09F8B2C1DB154F93DC7DBC74A4B
2AB39536303132A97CD1C0CC132118D01E08A560594A6E39D2FBAD019CCA88B8,F-EE08C7103D2458E54189,0,E:\RecepcionDocumental-H1D10A-assets\2AB39536303132A97CD1C0CC132118D01E08A560594A6E39D2FBAD019CCA88B8.header.png,BCDAD545EB5456B93D693D0AC6E7DA52C44C74269917E88EA53468EF84072A99
2AD909C6F5BC9106E0C189FB9B3FBD110F046A61DAD56FF8DB8A50C7655E2F78,F-FACD83D8B4281A05571A,1,E:\RecepcionDocumental-H1D10A-assets\2AD909C6F5BC9106E0C189FB9B3FBD110F046A61DAD56FF8DB8A50C7655E2F78.header.png,C18D7CD3879ECEBB0DF65DDFC30FA2085608B217B9A8F8537588079E3ECD5143
2B7B4A103183D9CE12C1E4633A50995F03B0E8565D49ED8EFAB97C764BC69FD2,F-FACD83D8B4281A05571A,1,E:\RecepcionDocumental-H1D10A-assets\2B7B4A103183D9CE12C1E4633A50995F03B0E8565D49ED8EFAB97C764BC69FD2.header.png,631F337ACB0D923C1BCBFB164A0464E947EF250030C875B6567F6AC8C67CE8D6
2CA14FED2FAD395EFD4983F8070DF27AF17788C817D750BBE547E27F9DB493B7,F-463F5D66BCFC1B95B4F2,3,E:\RecepcionDocumental-H1D10A-assets\2CA14FED2FAD395EFD4983F8070DF27AF17788C817D750BBE547E27F9DB493B7.header.png,5885F8D5A3D2440A1B96C91922AA47D66621C7EB5AC5739B8181DB5B3AC7F5DC
2CA999327575D864D33380273D2641121C3430B06EBEB1396C57028AD278AEC0,F-6F5CAF1E1AEEB43C5486,2,E:\RecepcionDocumental-H1D10A-assets\2CA999327575D864D33380273D2641121C3430B06EBEB1396C57028AD278AEC0.header.png,389B9DC82D1F402BA064B19B433EDAD5811207BBB0838D1E960AACBDD39E8DB4
2D43B3648B73EFBB36772933B8ED7CE0CD779C0945E776A136EC6123FA5D5551,F-D86CE4CD0C9D0468E43A,3,E:\RecepcionDocumental-H1D10A-assets\2D43B3648B73EFBB36772933B8ED7CE0CD779C0945E776A136EC6123FA5D5551.header.png,7B834138C1A68A6E2CFB895BC4526E9D7888492A4677E9A1638A0F9E47F033ED
2DE59A9D326B610580C5CD2FD4DB06C2676F42330654893AE8C8450A6D4D4A34,F-EE08C7103D2458E54189,0,E:\RecepcionDocumental-H1D10A-assets\2DE59A9D326B610580C5CD2FD4DB06C2676F42330654893AE8C8450A6D4D4A34.header.png,83B83A86DDE703B39F241170E90F42962C7EBC7ECCB68371E593A4D77A1B401C
2DF94A5C2384FC7A97229E0EE33C8F5F95234472102492A6EE49DCB9C7277EFF,F-463F5D66BCFC1B95B4F2,3,E:\RecepcionDocumental-H1D10A-assets\2DF94A5C2384FC7A97229E0EE33C8F5F95234472102492A6EE49DCB9C7277EFF.header.png,7D7B3E4CB0EC358DF0009DB0132494F7BAFCEA419016B45DB7F5788DB814EB12
2E23F651392097BF6177E1CBC5D2B43D4B848A229CDD80E9B8413254E95D51D8,F-463F5D66BCFC1B95B4F2,3,E:\RecepcionDocumental-H1D10A-assets\2E23F651392097BF6177E1CBC5D2B43D4B848A229CDD80E9B8413254E95D51D8.header.png,BED03B2E1831F4C4181FC3C24EE59D238A5D3ECDA6F28175625479DBF6F2AB58
2E2889EBA992FF88C5260B76B01933BFBA0AA678BD94B8970181748B220ED2C5,F-463F5D66BCFC1B95B4F2,3,E:\RecepcionDocumental-H1D10A-assets\2E2889EBA992FF88C5260B76B01933BFBA0AA678BD94B8970181748B220ED2C5.header.png,AFA760893473104247A8AF69A6837AE285E24BDF518CD6A7D8487BA573528DD6
2EBA9E927332389040BDBA4B0A91EC59DA9560B07AF7CB00BC347FBBD287B237,F-3BA8B67ACD3C697FA8AD,2,E:\RecepcionDocumental-H1D10A-assets\2EBA9E927332389040BDBA4B0A91EC59DA9560B07AF7CB00BC347FBBD287B237.header.png,C12F014CEC32976B732745017AA5254BDA74DE69D43538799AD6053BC668FB91
2EC76160DBDDCC45143BCA711E6203A7CB1D3F4A5AAED7C76887E33703D671DD,F-12600531E9602D88F9A3,1,E:\RecepcionDocumental-H1D10A-assets\2EC76160DBDDCC45143BCA711E6203A7CB1D3F4A5AAED7C76887E33703D671DD.header.png,9779969B3253BF68A31427AA2E8C66E980070FF6C3F3686F94AE938A8CDB673B
2F1D5E06F79A2F76079B037BAE6E3568CA2A2D1D4067A73E128B063D1695C71F,F-EE08C7103D2458E54189,0,E:\RecepcionDocumental-H1D10A-assets\2F1D5E06F79A2F76079B037BAE6E3568CA2A2D1D4067A73E128B063D1695C71F.header.png,AEC4D23372FC3C049236864E2C235FE206637201840B3540086A8C4024B75CE4
2F28BF7EEF81639D75865B6F87CE66B0AA5E32F6473BF17B64027539D3EC98A4,F-8284161832BF5D9F0F2E,0,E:\RecepcionDocumental-H1D10A-assets\2F28BF7EEF81639D75865B6F87CE66B0AA5E32F6473BF17B64027539D3EC98A4.header.png,F96675519AC8D5AE0EBA8BF368CDF29298EAFC5D0EB5C4A9B273440E23C4E64B
2FCC1BD1A06E86082D591E36E506D1FA40D760EFC1B21FE4C217B4E322C6C14A,F-EE08C7103D2458E54189,0,E:\RecepcionDocumental-H1D10A-assets\2FCC1BD1A06E86082D591E36E506D1FA40D760EFC1B21FE4C217B4E322C6C14A.header.png,B58C16A27A16FC593980A751FC1E5C32CAA212AE976ABC1B6CB903688007543E
3031035EFEF15605525E170DDD8F26344AE93413637DB2E3C70563167DA90FE0,F-73AB37D8D5F65AA437FE,3,E:\RecepcionDocumental-H1D10A-assets\3031035EFEF15605525E170DDD8F26344AE93413637DB2E3C70563167DA90FE0.header.png,B998B06D3CD272E6BBD10ABB57C99801FC163EB720A6038A2D9AE8D8ABB4FF9E
305D8D5FCDD8153B4D7860ABD3DA30A0DEEB2A5FE84A9E26D4CD34F6D700C59D,F-2225E7482E0C1A2CF093,2,E:\RecepcionDocumental-H1D10A-assets\305D8D5FCDD8153B4D7860ABD3DA30A0DEEB2A5FE84A9E26D4CD34F6D700C59D.header.png,21D89BBCAC53F27B79098B5CB54DDB0C637BC076B189311FF63272B4A2180132
3076FFDD9F418AFDD5B31CC18B36AE05E9490A0F72498EE2BFBCD31D7E64BFA2,F-8FB0C271F20EAB3092AA,3,E:\RecepcionDocumental-H1D10A-assets\3076FFDD9F418AFDD5B31CC18B36AE05E9490A0F72498EE2BFBCD31D7E64BFA2.header.png,6D0376A248F1AEC7E36290C5DC16CB4A539E9B9E5C238E322CB212D10BAC9B1B
3092DDF93D9023B2543787913A5DDCC17FC96A0ED1BF136611598370CF62B700,F-6F5CAF1E1AEEB43C5486,2,E:\RecepcionDocumental-H1D10A-assets\3092DDF93D9023B2543787913A5DDCC17FC96A0ED1BF136611598370CF62B700.header.png,DEDB7C455A9EC38377E6964389FC62420124A81FDA392DE8CF5AFB89ED214473
31371F0EA09BFB13ECAECD39B9C36CF70E4662CB0E31F2ABE26B8E74402003F5,F-86BE3E411093F2089A3D,0,E:\RecepcionDocumental-H1D10A-assets\31371F0EA09BFB13ECAECD39B9C36CF70E4662CB0E31F2ABE26B8E74402003F5.header.png,33058E46B82A7573BC21E0104EDFA60A4FF3F8430D291FED97952D0DE2A30705
31DE1A416B6D580B5D1165E5D6C5C466715632F4D72D78BC2E8810AB73DE5B28,F-A69FDECE53AB69CF1845,2,E:\RecepcionDocumental-H1D10A-assets\31DE1A416B6D580B5D1165E5D6C5C466715632F4D72D78BC2E8810AB73DE5B28.header.png,48A052E300495BD5158D42C64BD71A721BAF063AD915CE45ADD23A42F4938133
322C40B36550B0F7D0049DA637513996B1C31F8F06C0B448E9EC872F4E972F4B,F-2225E7482E0C1A2CF093,2,E:\RecepcionDocumental-H1D10A-assets\322C40B36550B0F7D0049DA637513996B1C31F8F06C0B448E9EC872F4E972F4B.header.png,3D5244FA52150BE55AF5CDCDF3CE2B90D1ACD2ED4B9D27FCA150FB131F408CEB
333380C9957CC6E9E6EFC42F22BF224DEA5755070076AA639597896B6E673B17,F-FACD83D8B4281A05571A,1,E:\RecepcionDocumental-H1D10A-assets\333380C9957CC6E9E6EFC42F22BF224DEA5755070076AA639597896B6E673B17.header.png,7C668E2E60D07C31D3AC1FE403A074DB52DCB1E342A580870633FF589A88D5C4
335AC770519EAE163C5134E2EA131117E2C33595801C0E539D09D931C4DA240B,F-844F46097516D7BF05C2,2,E:\RecepcionDocumental-H1D10A-assets\335AC770519EAE163C5134E2EA131117E2C33595801C0E539D09D931C4DA240B.header.png,2DB1ADB7D22EE0A6E2D81C0707319E89AD2B74D807DE2303237F1632C2EB2D9A
33B95FDA5CDFC4BE5204888C87AB45239DEC0AC1ACB2370964305CE0F768245E,F-127BD2FBDD2CC031C0FE,2,E:\RecepcionDocumental-H1D10A-assets\33B95FDA5CDFC4BE5204888C87AB45239DEC0AC1ACB2370964305CE0F768245E.header.png,F5AC73C78ADC8572F1F4CD1899398B3540E2DEF8596AF801E60FD77B4D3AE638
33D3388971240E38AD8A89602AF4B8B11EBBC2272E6FDAAE1E437F7FE7260AAE,F-FACD83D8B4281A05571A,1,E:\RecepcionDocumental-H1D10A-assets\33D3388971240E38AD8A89602AF4B8B11EBBC2272E6FDAAE1E437F7FE7260AAE.header.png,300CD62BE541891A312501056EE755F94DA5D9D44F8FF47DB3CDE0BAF2353D23
340AB65A0BFC66875EFA6C40EA968ED8EBF7B7E2A131262BAA9E97DFC5959B4D,F-D591D778E05641FBA116,2,E:\RecepcionDocumental-H1D10A-assets\340AB65A0BFC66875EFA6C40EA968ED8EBF7B7E2A131262BAA9E97DFC5959B4D.header.png,3622F9C3A40EF3787508AC7F6F56EDC2753E23B5E38D6A2B107BEB36CA42DDD6
3448DCF88F6900E8366CA08BF8BAA0692AD6BEF3F82076ADD95F8FE4947A4B0F,F-6F5CAF1E1AEEB43C5486,2,E:\RecepcionDocumental-H1D10A-assets\3448DCF88F6900E8366CA08BF8BAA0692AD6BEF3F82076ADD95F8FE4947A4B0F.header.png,308A14147D9AA651F03E8651CAE8C7CB7E882F82BD3DEF883AE636CB155D49AE
34E7190B10DE1060A821BA5B262D16CF469116C53FAA10A487AE71EDA02DE220,F-CD94A06EDDC7590F7145,2,E:\RecepcionDocumental-H1D10A-assets\34E7190B10DE1060A821BA5B262D16CF469116C53FAA10A487AE71EDA02DE220.header.png,4B0A5B35EA7936B7ECCC1715851FCAB2A9BF8FB54676BFC6A30062AE04B4DC5C
350F46F213C2653AB83900D15401209105B5455FBAB65315DC8B591F08CE62F2,F-319491FEEAF6386D99BD,0,E:\RecepcionDocumental-H1D10A-assets\350F46F213C2653AB83900D15401209105B5455FBAB65315DC8B591F08CE62F2.header.png,6AB74E385BE353E505B0B8772233EF84C242FD5BAC26FCF87BABBCB79D372B83
352F66BC7CF9951C2F9DE69F925334DF9B874980F691D7F45A7C24936BFE7846,F-FACD83D8B4281A05571A,1,E:\RecepcionDocumental-H1D10A-assets\352F66BC7CF9951C2F9DE69F925334DF9B874980F691D7F45A7C24936BFE7846.header.png,BE42FAF51EA33DC63AFAF9CF17BF868500E8730083BBCB9B86451202A65DE5EB
35709A9FA1B5566E20EBF278560F71587E0A106C380B5A0F94F2EE91C79F8222,F-DC0A2053B5A530D4C5EF,3,E:\RecepcionDocumental-H1D10A-assets\35709A9FA1B5566E20EBF278560F71587E0A106C380B5A0F94F2EE91C79F8222.header.png,79DC90129CC920ABC53771E2A0141E5FAD396C8DD3E3BD112DA0342D74878A8A
3587E6AB03170DE4C4D020438261A603650DFBE85C168F60E09D5A73ECF0F860,F-EE08C7103D2458E54189,0,E:\RecepcionDocumental-H1D10A-assets\3587E6AB03170DE4C4D020438261A603650DFBE85C168F60E09D5A73ECF0F860.header.png,134B0E7A42B75F011C744C16F97EBFAA4F654C4B4D4412545B67EA3397295BB5
35C4773BC9C8FC1DC8FA1507AFA0AEB06432146BB6BB557477A44D04C123B6E5,F-6F5CAF1E1AEEB43C5486,2,E:\RecepcionDocumental-H1D10A-assets\35C4773BC9C8FC1DC8FA1507AFA0AEB06432146BB6BB557477A44D04C123B6E5.header.png,F6C9BD3753318B889143870DA730FFB7C353B54EC56063D8D3A08D0A5318C2B0
365F308C8134893FC72DF386F207A96FDD371F37EC3055A5CF23B5198C24A70B,F-FACD83D8B4281A05571A,1,E:\RecepcionDocumental-H1D10A-assets\365F308C8134893FC72DF386F207A96FDD371F37EC3055A5CF23B5198C24A70B.header.png,E35992E6CE461660F1733A13E2CA2805F61C860B0B256315F68B72A3AAEB228E
36FC5A7B06DEF71BCE1C253544E436268CDF471309A124CAAFA87525DC567967,F-EE08C7103D2458E54189,0,E:\RecepcionDocumental-H1D10A-assets\36FC5A7B06DEF71BCE1C253544E436268CDF471309A124CAAFA87525DC567967.header.png,FCC6B0DC41F4735655A7C7418BE3B44BCFE405C6D52CE78F90CE6D3F18370F87
372A1456ECBF9BE8FC3E552C09E78AE5217E9A0082972A7743403C6619C5A16C,F-99F7A3F5F30B759FC1BA,3,E:\RecepcionDocumental-H1D10A-assets\372A1456ECBF9BE8FC3E552C09E78AE5217E9A0082972A7743403C6619C5A16C.header.png,3AEF07F4E21985951818B0E845CEBF14B84E26B4ACF52B7746AB7CF327E93744
37346AA5BE6C72C4AC91E827A627194B4DE69914C851502B5823969191488907,F-EE08C7103D2458E54189,0,E:\RecepcionDocumental-H1D10A-assets\37346AA5BE6C72C4AC91E827A627194B4DE69914C851502B5823969191488907.header.png,A3B70D022B19832E30C4F5F0D5EFFA88EBBFACE72D57C77ECEC0EE3AE1E2898D
3765EF04A08EF343D7BA682872B73AB2DCF411C869827A9BD7424C24F97843AD,F-6F5CAF1E1AEEB43C5486,2,E:\RecepcionDocumental-H1D10A-assets\3765EF04A08EF343D7BA682872B73AB2DCF411C869827A9BD7424C24F97843AD.header.png,478918F5867F11FFDAF286E18DD72D8B912B6613DF76639BC477B310882D4476
37A6D0A94246F3409B849117E8EBB1FB5C8C646076FAB878C3986C916D78CA50,F-EE08C7103D2458E54189,0,E:\RecepcionDocumental-H1D10A-assets\37A6D0A94246F3409B849117E8EBB1FB5C8C646076FAB878C3986C916D78CA50.header.png,926C8A736ED680E2BE1452424403741530758605DD1688D4F760F3718A9764EE
37B68E63F23B331B7585BD74DD85DD8ABF5122A348AA2F7F0EF539B332FFC54F,F-A69FDECE53AB69CF1845,2,E:\RecepcionDocumental-H1D10A-assets\37B68E63F23B331B7585BD74DD85DD8ABF5122A348AA2F7F0EF539B332FFC54F.header.png,909062F479EC1B76B8C2BC89E84C800C9ED2D114F1A14849143C5F26F5211D50
3824396E5D8165E597CA9EE48CA3FEA3B3B4C431CAC43BF725CB3BCFD5F5CFAF,F-EFE6E9C595B24436566B,3,E:\RecepcionDocumental-H1D10A-assets\3824396E5D8165E597CA9EE48CA3FEA3B3B4C431CAC43BF725CB3BCFD5F5CFAF.header.png,D3A41E3C01166E1B802871AE93E8D71552F51D4936817C88309E179ADE0D9EFB
382662294B57C459DB9F1231FE0503A77176D130F8EA1BFB709132C3115F1A49,F-319491FEEAF6386D99BD,0,E:\RecepcionDocumental-H1D10A-assets\382662294B57C459DB9F1231FE0503A77176D130F8EA1BFB709132C3115F1A49.header.png,2E91E55B8505171A2FDD7E18A33EAD7E6E67266A8E3F12D419A88AD398A4835E
3834409B59C9A290C26E9267C39A01D27D92856349DB019AB59C7BCAFDA3B75C,F-FACD83D8B4281A05571A,1,E:\RecepcionDocumental-H1D10A-assets\3834409B59C9A290C26E9267C39A01D27D92856349DB019AB59C7BCAFDA3B75C.header.png,CCFDEF45E09E375C09AE8641053161F1662F42972D64CC87119D80C4402E4B48
383DE8754A9EBB07BD9EB72DB9800FFB5803C8E11BFB3BC0AAEB9C79AE193FD8,F-463F5D66BCFC1B95B4F2,3,E:\RecepcionDocumental-H1D10A-assets\383DE8754A9EBB07BD9EB72DB9800FFB5803C8E11BFB3BC0AAEB9C79AE193FD8.header.png,D174821B218BA87949376608EE98C4254CADB84C411F34712CF89FB6359D3FA5
3959DC8DDC555027B604CAB5E54E1D05BE4D0005114FC1D9D1A12DF5024BE8FA,F-EE08C7103D2458E54189,0,E:\RecepcionDocumental-H1D10A-assets\3959DC8DDC555027B604CAB5E54E1D05BE4D0005114FC1D9D1A12DF5024BE8FA.header.png,0FD4A1391C5E615DA4749F8C45F7977BCD7468507C82C5596FFE75D6FF4F4CBE
39882040989893FF1C7A809346D4085D7C4150C416ED632837EFB63E8EF1280C,F-463F5D66BCFC1B95B4F2,3,E:\RecepcionDocumental-H1D10A-assets\39882040989893FF1C7A809346D4085D7C4150C416ED632837EFB63E8EF1280C.header.png,836C509F3FF01DDA5647F9724D5C1040CC5382BE2E9B3E8733757553FC6021BE
39ED10D1A77B4EB055838E4EC66003D7D4699C8708F0BF4C13A5FBB1AB0F122A,F-35CE05482AADE1B2B731,0,E:\RecepcionDocumental-H1D10A-assets\39ED10D1A77B4EB055838E4EC66003D7D4699C8708F0BF4C13A5FBB1AB0F122A.header.png,20380119C184E88400FC8B5C51ABB60CDDC205BAB9B43324A8AD6F1AF379C98C
39F2792EB6ADB7A6A42E6D59FB9CF99DC6F5782A4E2CB744BB0A4DDAEB38AF34,F-2721D67ECCF8E868E314,3,E:\RecepcionDocumental-H1D10A-assets\39F2792EB6ADB7A6A42E6D59FB9CF99DC6F5782A4E2CB744BB0A4DDAEB38AF34.header.png,C78D815B2F1BA01AE3EB37BA477F0A957E3AC26B708D497021390B91E5415A9D
3A147E84D72EF85CE47639B6899772447FB32853AD73E6A2F0CC1740A4A50A77,F-A92847205E3BBB99A982,0,E:\RecepcionDocumental-H1D10A-assets\3A147E84D72EF85CE47639B6899772447FB32853AD73E6A2F0CC1740A4A50A77.header.png,C901BDA37B3D8B08B5D2CB96A6BD14A04FA1284DDEFEB94FB6BDF2ACD9346668
3A35BCF0925F1C86CC9EB96CBFEE45AA41D851EF05409D6911769B904C4687EA,F-6F5CAF1E1AEEB43C5486,2,E:\RecepcionDocumental-H1D10A-assets\3A35BCF0925F1C86CC9EB96CBFEE45AA41D851EF05409D6911769B904C4687EA.header.png,73FDDA1C5786D42DD37117BE624CB5C3839918A6D1F3E8B9040FA504893A1387
3A65FD65E95627B0F05FE79FE51B07B46933815E46446CF07C38DB21EBAB9D32,F-D8C324C174874BEB5368,0,E:\RecepcionDocumental-H1D10A-assets\3A65FD65E95627B0F05FE79FE51B07B46933815E46446CF07C38DB21EBAB9D32.header.png,A1086AB55AE514765B5BE8DA80B2CA4AEA96D24A2DCD0C10264A3C85E69BB5A0
3AFB2CE63233BD208F616BCA0151C49963AEBE6E6790383E5EDDE99C80320D70,F-6F5CAF1E1AEEB43C5486,2,E:\RecepcionDocumental-H1D10A-assets\3AFB2CE63233BD208F616BCA0151C49963AEBE6E6790383E5EDDE99C80320D70.header.png,680FAB0A85EC44385DE9D6B211062EDCA11962F6C7EF071AF2AC6BDDC28FA4D5
3B09513F4698AB526157E3D33D6A791550FE255BF5C0DF6E5571073411B71FEA,F-6F5CAF1E1AEEB43C5486,2,E:\RecepcionDocumental-H1D10A-assets\3B09513F4698AB526157E3D33D6A791550FE255BF5C0DF6E5571073411B71FEA.header.png,02CD251BDDA8755AA8AEA978DF55200D8F5BB39D168FA41CA1902D6B5522315A
3B3B2B7D2CD031EE37963465FA692B212B53D70F89D1BF8E20ACA17B0730AC3C,F-EE08C7103D2458E54189,0,E:\RecepcionDocumental-H1D10A-assets\3B3B2B7D2CD031EE37963465FA692B212B53D70F89D1BF8E20ACA17B0730AC3C.header.png,3F1A0D3FE0D75969A2ECA7010C751CAA826BF0C45ACBC2ABD973C29159E18455
3B53A04C13E5943D49C91233DD964AC2F017008C05D24D029268E5512BE9386E,F-127BD2FBDD2CC031C0FE,2,E:\RecepcionDocumental-H1D10A-assets\3B53A04C13E5943D49C91233DD964AC2F017008C05D24D029268E5512BE9386E.header.png,873B72DD863C9060A0FD841E1CA7AD1B143C43A9C8FB4513BA2391696E71EBED
3B65E6820366B3DBEB321D2413EE1065ED029B71CE30AB20093BAA8A2659EF02,F-EE08C7103D2458E54189,0,E:\RecepcionDocumental-H1D10A-assets\3B65E6820366B3DBEB321D2413EE1065ED029B71CE30AB20093BAA8A2659EF02.header.png,F085DD504BF9E9DDE1ABD2A6B744FDF647AF4F4390F730FA092B97759F8E5575
3B82523C9A34012625F167EC918A7783E68F2BB4FA49BBDEED22E45066038496,F-A69FDECE53AB69CF1845,2,E:\RecepcionDocumental-H1D10A-assets\3B82523C9A34012625F167EC918A7783E68F2BB4FA49BBDEED22E45066038496.header.png,5839F7702010747226E391FC75C4DABAEA14089DC436FC2D10E88DDFEB8C1EDB
3B860B6593D1AEBC8F03506526A6AE696D13B315A1D192D7A0F847BFA42B4968,F-FACD83D8B4281A05571A,1,E:\RecepcionDocumental-H1D10A-assets\3B860B6593D1AEBC8F03506526A6AE696D13B315A1D192D7A0F847BFA42B4968.header.png,ED1A72500C4CB6D7FFF99D67DB9512896958D503E142E5B71B4AE5CBE358A8A9
3BA58BA10753F4E30A6CAF83DFE35249D2FBB5E80A9693D275BD1432780CE2C6,F-463F5D66BCFC1B95B4F2,3,E:\RecepcionDocumental-H1D10A-assets\3BA58BA10753F4E30A6CAF83DFE35249D2FBB5E80A9693D275BD1432780CE2C6.header.png,8FF30766B8EFFA412A0611B62205B4E0C0E174403ECC7DDF67FE930C23DB1886
3BDB07DE2B4E3291CF884D0419933E905F79C6308B832D1062A765F933BE2EA4,F-EE08C7103D2458E54189,0,E:\RecepcionDocumental-H1D10A-assets\3BDB07DE2B4E3291CF884D0419933E905F79C6308B832D1062A765F933BE2EA4.header.png,071CC0AA3C1AD804F6D79602A2771C4DE26AF84DBFF6C29722126C7C3BA88DE1
3C07D634D9BF89F4C150A24582F2B4DCD64DD5167C90EEC00F74F9C1FEB0C46E,F-EE08C7103D2458E54189,0,E:\RecepcionDocumental-H1D10A-assets\3C07D634D9BF89F4C150A24582F2B4DCD64DD5167C90EEC00F74F9C1FEB0C46E.header.png,9E6D60FF66E007E2F4B6523A4D8695CDCEA88D420E5C7D81632ACA26CE66E8A3
3C08823B6BEB2AC058AE85C93E20880C1789256E78F5819F739BEFBEF32C12B1,F-EE08C7103D2458E54189,0,E:\RecepcionDocumental-H1D10A-assets\3C08823B6BEB2AC058AE85C93E20880C1789256E78F5819F739BEFBEF32C12B1.header.png,908B84943C892BF500B1BA7B303417D1E51318180F76F4AEF496B0AF78535A77
3C35B4CCA59C5BC90D41F89C5C8464342B8B3192AD97B1FC02C931F095D37EFD,F-463F5D66BCFC1B95B4F2,3,E:\RecepcionDocumental-H1D10A-assets\3C35B4CCA59C5BC90D41F89C5C8464342B8B3192AD97B1FC02C931F095D37EFD.header.png,FB86E97D7964AF074C2B1A7075EE7EFF6322CA9E45A0DB44CCB276B2ED4091F4
3CB56665C03B7DBEE10612C491C06940310FA1CAA12F5E60EB11EC8FDBFB658C,F-EE08C7103D2458E54189,0,E:\RecepcionDocumental-H1D10A-assets\3CB56665C03B7DBEE10612C491C06940310FA1CAA12F5E60EB11EC8FDBFB658C.header.png,A31C146EC43A2140682F0C1412F61FBB252F202C87D4CE5CD914D30A60004914
3D2DBD1657682F7701E357F8C218517A65EE1FED40AAE6FE5EC49B2E9E354580,F-463F5D66BCFC1B95B4F2,3,E:\RecepcionDocumental-H1D10A-assets\3D2DBD1657682F7701E357F8C218517A65EE1FED40AAE6FE5EC49B2E9E354580.header.png,609F521BB90CD9E4908EF853F72BC400268B54F43CE4EA0B8148708DCAE055B0
3DA116906DC6BF9DEEA58E0EF033210A4FB68DE535200F99EADFA702389249A7,F-FACD83D8B4281A05571A,1,E:\RecepcionDocumental-H1D10A-assets\3DA116906DC6BF9DEEA58E0EF033210A4FB68DE535200F99EADFA702389249A7.header.png,AB90A5179A5ACA38ECC9FDC876DFF2F05A3C55E8D024157E2F97D9C95BEBED1E
3DF571E507FAC34246B4923D4E478BE27704DB6E0C6AB2398DB4715F69FC104F,F-2225E7482E0C1A2CF093,2,E:\RecepcionDocumental-H1D10A-assets\3DF571E507FAC34246B4923D4E478BE27704DB6E0C6AB2398DB4715F69FC104F.header.png,3FDBB193D440066EEED953DDD95D8C56A2794E6A30C565C752868F8DBAA44D21
3E45522CFD9F62F767CE2150A4069F6390FBC22546B2B001FED1E107889FA8CB,F-EE08C7103D2458E54189,0,E:\RecepcionDocumental-H1D10A-assets\3E45522CFD9F62F767CE2150A4069F6390FBC22546B2B001FED1E107889FA8CB.header.png,525E6245E6FACC6902FAAB45D043BD0D202B029EBE7E8CDABF9AFE079A28D424
3EA186C4B49837C7FB05EAE4437DC86DC30D1BE2F504C0427A8587CEB8991904,F-EE08C7103D2458E54189,0,E:\RecepcionDocumental-H1D10A-assets\3EA186C4B49837C7FB05EAE4437DC86DC30D1BE2F504C0427A8587CEB8991904.header.png,70EE172C737E965125CF99F1AF645A98A2579BAA5B2CFAF28913CA5600B9B8D8
3EDF480C2549EFD6E0CBDB20BB4FC494A704DF9543460AAB84AB099C33CA0448,F-EE08C7103D2458E54189,0,E:\RecepcionDocumental-H1D10A-assets\3EDF480C2549EFD6E0CBDB20BB4FC494A704DF9543460AAB84AB099C33CA0448.header.png,341214F1D02C31B0D40F2FCE565044915A4736CE37341FE324FE547C47FA43DD
3F9FB559E8BC9E77AAB8CF090FBF8AC35299259BD3975DA5622A81A7D7363730,F-FACD83D8B4281A05571A,1,E:\RecepcionDocumental-H1D10A-assets\3F9FB559E8BC9E77AAB8CF090FBF8AC35299259BD3975DA5622A81A7D7363730.header.png,0D2DD70FDD90ACA87192324F98D0EA6E775A1AA2854F0ADE64350976FC51F8AF
3FB46C6ADB7A62D868892D84AE172B635524433BB441F572AFDF46B913EBEE42,F-A63645627CE2D9A75BE5,3,E:\RecepcionDocumental-H1D10A-assets\3FB46C6ADB7A62D868892D84AE172B635524433BB441F572AFDF46B913EBEE42.header.png,66F7FDE231C6BCFE1C447D0C499B3C26B04701CCF46FA32C2EF24CD7B486FD28
406AE65863FEC4A143382804B7C8C481DE608DB940FC7E9F7AB2621871E20521,F-463F5D66BCFC1B95B4F2,3,E:\RecepcionDocumental-H1D10A-assets\406AE65863FEC4A143382804B7C8C481DE608DB940FC7E9F7AB2621871E20521.header.png,1B187CF21C57506786A240B23A44721B09C44386D7B2BC0A6A5FD69B95F1E7FB
40782E90EF062F83204C5F8DCD8019913D1EC2F33C93E0ADD4045BF47433CA0B,F-6F5CAF1E1AEEB43C5486,2,E:\RecepcionDocumental-H1D10A-assets\40782E90EF062F83204C5F8DCD8019913D1EC2F33C93E0ADD4045BF47433CA0B.header.png,18C0ACB4B3D25837763CEAC8C9547CFE4FA27703D014F3C40E5F11A7E839DF8D
40AF42DCBBE8A21C6A7731078FBA8E6A4A20B0BF33AAFAE9A6802AF2B16F19A5,F-A89FDE7F361720CE396D,0,E:\RecepcionDocumental-H1D10A-assets\40AF42DCBBE8A21C6A7731078FBA8E6A4A20B0BF33AAFAE9A6802AF2B16F19A5.header.png,CE426E3E0A01FF8818AFDA38F2A488B2349899574E0EF7F0B6980AABBD85D40A
40E83F42126BE7B8C6BFC04FB7A2B0BAA09EB6E822C1E7DD0DEDA2946AE2988A,F-79FC3EE9CB676FEF6E5F,0,E:\RecepcionDocumental-H1D10A-assets\40E83F42126BE7B8C6BFC04FB7A2B0BAA09EB6E822C1E7DD0DEDA2946AE2988A.header.png,D6F12F9DF2F1BC747811B8F95E24ACCAF733CB1AC3446BC0433AE801CD26C583
4114622761D0BA0DED1DB98E3DA95F415FE0A9C428C97655033FA79F7972DDCB,F-CEDA51D85B3AA52E945D,1,E:\RecepcionDocumental-H1D10A-assets\4114622761D0BA0DED1DB98E3DA95F415FE0A9C428C97655033FA79F7972DDCB.header.png,B2643CEF333CE8940BB7AD30319CCAFEFB472DD5700CEA77D4C9811F3788FDBB
4163E743E2FA7C2CD9859CCDD46B04043AFBB1E94B572FD1C70445335FD25920,F-6F5CAF1E1AEEB43C5486,2,E:\RecepcionDocumental-H1D10A-assets\4163E743E2FA7C2CD9859CCDD46B04043AFBB1E94B572FD1C70445335FD25920.header.png,51A3E63510DFFB50F2D0C7D66D0C0F320BD4F6E395EE296A546BBDF7EB59AF71
41DA1916DEF0865B974AF8DA1FC410BF132CF8F2D39C53D21634C67E095437F6,F-32D29C25B87BCDD5D9A3,3,E:\RecepcionDocumental-H1D10A-assets\41DA1916DEF0865B974AF8DA1FC410BF132CF8F2D39C53D21634C67E095437F6.header.png,43340F47775117061A4744F129513A03BB2274229A5BEEF8588CECEBDE095ABF
41E235FFF0768A0E226B7442B231B9E3EDF721785B5DCBD3E02D90CE677EE006,F-EE08C7103D2458E54189,0,E:\RecepcionDocumental-H1D10A-assets\41E235FFF0768A0E226B7442B231B9E3EDF721785B5DCBD3E02D90CE677EE006.header.png,3866680EC0B8F54498E007FAD8DED4321DD0358DB25E506936EE34223E7D1219
41FA873A1F07397324194D528955075ABA1D624A6B9FC0141D8DF96C9FDC382B,F-FACD83D8B4281A05571A,1,E:\RecepcionDocumental-H1D10A-assets\41FA873A1F07397324194D528955075ABA1D624A6B9FC0141D8DF96C9FDC382B.header.png,811ACEA67DC76328BFDF23FE82CC0C9BD8E8503C68B398CC4863A7BA1C8E012B
4224FC815F99DF93C9DE4D1D80F2E73762C61D7381BE75757A97E6F123EBA25F,F-239031FB24D11A1289E7,3,E:\RecepcionDocumental-H1D10A-assets\4224FC815F99DF93C9DE4D1D80F2E73762C61D7381BE75757A97E6F123EBA25F.header.png,8C95226E37D256EBB20E97F68DB56895861252E826769086600C9AEF4BBC18C1
422D3FAB3F85F96C2E7A80FE31CFC85F8877D9E4AE6EACF7CF0AB95390D04131,F-EE08C7103D2458E54189,0,E:\RecepcionDocumental-H1D10A-assets\422D3FAB3F85F96C2E7A80FE31CFC85F8877D9E4AE6EACF7CF0AB95390D04131.header.png,870E3CD9A71C12AF1610A2B26421A380B6D0B2A6199FF0B8EE1402841051841B
426CABFB27B1E9DC7B0AAF9A744E25706C9B8777EBED5BD036FD1595F45510A4,F-FACD83D8B4281A05571A,1,E:\RecepcionDocumental-H1D10A-assets\426CABFB27B1E9DC7B0AAF9A744E25706C9B8777EBED5BD036FD1595F45510A4.header.png,3CE4E545E6498301B3BE42ABD76E608E9176DE21CDDECFF57209AC1CFE327C59
429ED2A776386C5D8E87C33F6A624FBF60404AAAA4CC2FC712CF9E7EA4A8C2C2,F-EFE6E9C595B24436566B,3,E:\RecepcionDocumental-H1D10A-assets\429ED2A776386C5D8E87C33F6A624FBF60404AAAA4CC2FC712CF9E7EA4A8C2C2.header.png,476D0B12F6384171AF9CDD2DB9C3DA11FFC392825D9DA577A557FCD4E0C126C1
431F56F328D7ACC22FCD92975A61219F35A2F545F85FC5B895F1039D6429E614,F-EE08C7103D2458E54189,0,E:\RecepcionDocumental-H1D10A-assets\431F56F328D7ACC22FCD92975A61219F35A2F545F85FC5B895F1039D6429E614.header.png,3FD9795703CEC5A5866248086104C21108F93409D0DD4097797D8126CBDBFAC0
43793A2A180FDCA5D268FAC15C65C7B3B8E880217A1116A449C2CD24AFBAC2A6,F-2225E7482E0C1A2CF093,2,E:\RecepcionDocumental-H1D10A-assets\43793A2A180FDCA5D268FAC15C65C7B3B8E880217A1116A449C2CD24AFBAC2A6.header.png,01501207BB73EE30EDE5C40C017A465FAAAC8E290D52896964E6383540F8B08B
439833AEF8D7B0259CAF9B303A64725314A132FE233FCA975B85432811D08B16,F-FACD83D8B4281A05571A,1,E:\RecepcionDocumental-H1D10A-assets\439833AEF8D7B0259CAF9B303A64725314A132FE233FCA975B85432811D08B16.header.png,E4105C7CF0408EAFFC586DC3CEEB402396D76C3B257E7E90FE68879CC4CDEB3A
439A22F01718067EC1EB41D23A7F8DE0A5E4BC6EA6046C74A2E669B49046FFB8,F-FACD83D8B4281A05571A,1,E:\RecepcionDocumental-H1D10A-assets\439A22F01718067EC1EB41D23A7F8DE0A5E4BC6EA6046C74A2E669B49046FFB8.header.png,D8C2AD0779B8F335B7D8FDD359269015ED6AF28C9D6D509C78BA46B69D01544F
43D5262E76B0F6F8E069233F95062256C5EA6BAF3EF70575CCC77136CB1AFC7E,F-127BD2FBDD2CC031C0FE,2,E:\RecepcionDocumental-H1D10A-assets\43D5262E76B0F6F8E069233F95062256C5EA6BAF3EF70575CCC77136CB1AFC7E.header.png,F9FB010E1624D77959BFA782A06D5CD49435328890DA1890252EFB75A7CE27DD
4424511569822AF5CA87C141E0D96E7F6D9B120538996A44895E5460458AA89F,F-6F5CAF1E1AEEB43C5486,2,E:\RecepcionDocumental-H1D10A-assets\4424511569822AF5CA87C141E0D96E7F6D9B120538996A44895E5460458AA89F.header.png,BCA90693C72177CE3A004B23AE8E5746C014D09C8B703648A45658FDD556AAF5
44336BFC12CA0A5E9F5243129B67CF8CF861EA319E51DBDB1B4CAF0E6F7DACE1,F-17D8887E1AFD322C7FBE,3,E:\RecepcionDocumental-H1D10A-assets\44336BFC12CA0A5E9F5243129B67CF8CF861EA319E51DBDB1B4CAF0E6F7DACE1.header.png,65ED78413BDB1FE95CF22811DF2984FC415C3EC948E4E767B1FE1070B643CAA0
445F236D5DF1DB523BE024A9361FA86082D6C7786733EF929A486998AF69D014,F-A8BC10D011EB3739972C,2,E:\RecepcionDocumental-H1D10A-assets\445F236D5DF1DB523BE024A9361FA86082D6C7786733EF929A486998AF69D014.header.png,226367E95DFE570B7B2541A96ECC9EADB86C475C65EA5901B61787A0478FEFE9
446E0501DAAA8C0D2C03D8A2264B06451F4B3EFA0B5D3E22D20EB5C0FA84A76F,F-FACD83D8B4281A05571A,1,E:\RecepcionDocumental-H1D10A-assets\446E0501DAAA8C0D2C03D8A2264B06451F4B3EFA0B5D3E22D20EB5C0FA84A76F.header.png,C02CBC05D0F26F36F1C3D5CD4CEFD2EDDEC369DE18D231F7101F70177CC75216
4495EDC17CFD460834C0F842FC7760393B774EEC257B27E818B723920946EEEC,F-EE08C7103D2458E54189,0,E:\RecepcionDocumental-H1D10A-assets\4495EDC17CFD460834C0F842FC7760393B774EEC257B27E818B723920946EEEC.header.png,C4599EB147C1454E85EED0FF457FA389F7AB7DD786FDCF3FAAA44BCE61319658
44D17B670732D2F7908D719E8A43E71C8BC82036A0AD5F5FD8D8E31BF74A3FC7,F-FACD83D8B4281A05571A,1,E:\RecepcionDocumental-H1D10A-assets\44D17B670732D2F7908D719E8A43E71C8BC82036A0AD5F5FD8D8E31BF74A3FC7.header.png,07334971480411A7CEC145EC44937A0FC8D0E02F3BDCD7C2CF20677B67515DB8
44E978F3140D99BF9D6186C62C891C79B97EED06DBC095CFB155D1D22F8457F6,F-0DDB74E82CF65D655CE7,2,E:\RecepcionDocumental-H1D10A-assets\44E978F3140D99BF9D6186C62C891C79B97EED06DBC095CFB155D1D22F8457F6.header.png,F796FB08485300A7B6795ABDF116931331796750388D2D012F1AD98C627B12F4
45423B64B6534B7466BB3D12871E57950B3423157843BC88BACA040D2E333D3B,F-E311D094CEA0C30D422D,3,E:\RecepcionDocumental-H1D10A-assets\45423B64B6534B7466BB3D12871E57950B3423157843BC88BACA040D2E333D3B.header.png,5641F83B0EB06F1A8796719EA769A2A948694745A6BB90CC484FCC6DA4E90A27
45E4B1C971479A31B8A3E5151E675BCD49996D24091AFA0D6D903D28AE654029,F-FACD83D8B4281A05571A,1,E:\RecepcionDocumental-H1D10A-assets\45E4B1C971479A31B8A3E5151E675BCD49996D24091AFA0D6D903D28AE654029.header.png,02C6A2164E5084F20D3C1D21F1C44C08937A083256F7E0E0557841B45F31DD9A
465DEE8973433B7E39F5D0EBCD8C0EE08D38600A5505806B786EBB8EF1E63816,F-2D05BCBE13ED5260189D,3,E:\RecepcionDocumental-H1D10A-assets\465DEE8973433B7E39F5D0EBCD8C0EE08D38600A5505806B786EBB8EF1E63816.header.png,5BD1EE601C73F386DB17DAB5F285853A22513BFE49457957E63F652A94FF61D7
46CE690F15C5A52306BE1F63A48314E43D723A15C7BB79E6878B021D377AACB7,F-BE2A732EDC4F7479054E,0,E:\RecepcionDocumental-H1D10A-assets\46CE690F15C5A52306BE1F63A48314E43D723A15C7BB79E6878B021D377AACB7.header.png,F5413DF7C261B09802C5B6B65416480B4183E1CEBC8E117E9341B12B4327C291
47202F7EA9AE6CCBE1449B55CA382D690A7F3BF48D0AF7E829BCD0D8522F4004,F-2225E7482E0C1A2CF093,2,E:\RecepcionDocumental-H1D10A-assets\47202F7EA9AE6CCBE1449B55CA382D690A7F3BF48D0AF7E829BCD0D8522F4004.header.png,62B3F17E19AC8919CC3129A6E9E59040A1B16B9AC423DBDBF07F692F144B730E
4748FFCF51EE67AB048FD8858D1D91BD50E1047375DD4FA884E05A31A825D374,F-FACD83D8B4281A05571A,1,E:\RecepcionDocumental-H1D10A-assets\4748FFCF51EE67AB048FD8858D1D91BD50E1047375DD4FA884E05A31A825D374.header.png,AA7BEAA2B8C79D6182C5DD21BEA43999DD8D93B0BC21B8BBB78A6881CA4C8E84
47D3C8A2FFBE4F757B2CF5687B9B5DB0784496E671CB0E75DD2E8BE5B0730416,F-F06BCF4B9729282FE5A1,2,E:\RecepcionDocumental-H1D10A-assets\47D3C8A2FFBE4F757B2CF5687B9B5DB0784496E671CB0E75DD2E8BE5B0730416.header.png,995635513E84AC6843ECD293B5848BDE015B8AD858985BC63517AFF6C26DAFFD
47F56B680B5D8A38CEB3CDFA360FE52E05E0A1F3F6510B207D4043F3E0C0EB37,F-FF1E9D9D737E473FAE94,0,E:\RecepcionDocumental-H1D10A-assets\47F56B680B5D8A38CEB3CDFA360FE52E05E0A1F3F6510B207D4043F3E0C0EB37.header.png,34E23F729BC9FB46D30B8C67F89D6AF41F9B3EDC549AF772D5138A4C82C31370
481956117B7BF5D84F3D09FF85452B875AA1D3150C90D00A6636B6433A2AEDC0,F-66FEEC36CB99F857D1A9,2,E:\RecepcionDocumental-H1D10A-assets\481956117B7BF5D84F3D09FF85452B875AA1D3150C90D00A6636B6433A2AEDC0.header.png,3EA85A2937065CBFE38CEAA81C46D6C6E8F5C13C7957E5C5EABE06F20AD349C9
482FE95EC69B26D675ECCC8CAD33E1F65629851E9FE52FAE21311797A3F14305,F-C4EFEA98CD9D9490E678,2,E:\RecepcionDocumental-H1D10A-assets\482FE95EC69B26D675ECCC8CAD33E1F65629851E9FE52FAE21311797A3F14305.header.png,6D0FBEF353E3DFCE52320ACB7DC6173B858376869CDFCFFF87F1878066AE0A64
487BE95CE2B74C076DB9B750906366F1BA20735F5EBD37547F018951FD75A2F6,F-FACD83D8B4281A05571A,1,E:\RecepcionDocumental-H1D10A-assets\487BE95CE2B74C076DB9B750906366F1BA20735F5EBD37547F018951FD75A2F6.header.png,62A44BA9C229EEC36788E0D1E890BB7B08F86DA4C729AC245701A75599518BE8
48942984669CD296B57DD449BBBF23B3111EC4EFB58470FF24429BA455660E88,F-0EE887752345887B2F4F,2,E:\RecepcionDocumental-H1D10A-assets\48942984669CD296B57DD449BBBF23B3111EC4EFB58470FF24429BA455660E88.header.png,A12CF40EFBA678E5137B2CB15447AA093E0E872C10FB6918F5899E59D413462C
48A15CDA72B11D1EEFEA64DC1FD8E662BE4B281ED8292B1DD2AC9FE31A601F59,F-FACD83D8B4281A05571A,1,E:\RecepcionDocumental-H1D10A-assets\48A15CDA72B11D1EEFEA64DC1FD8E662BE4B281ED8292B1DD2AC9FE31A601F59.header.png,44840BE46C811E138BF8EE3A6E6F71BE78F65902C004906C06B7E60BCDC88213
48CAE4F75B61624432A182135E7A304CE3D8308B2CA21033E0327368290C07D6,F-EE08C7103D2458E54189,0,E:\RecepcionDocumental-H1D10A-assets\48CAE4F75B61624432A182135E7A304CE3D8308B2CA21033E0327368290C07D6.header.png,3C18F8DFF7E2C8327459A0F70F5492687616C4800D6DE1AC2454E9D061348EFB
4930E9734A794BC4F0752CC3CEAEF60D72C0E1DDEDB23DFDC766CC02FE89712D,F-FACD83D8B4281A05571A,1,E:\RecepcionDocumental-H1D10A-assets\4930E9734A794BC4F0752CC3CEAEF60D72C0E1DDEDB23DFDC766CC02FE89712D.header.png,4BD41C211F16EB98B9931E8476DBC9D73823D35289A0C480308C7A3481B7ABFB
4948D0FA0F95989E86BF9A7946E176DB7A1C64E48302AE1125CAAF7C09B9BC44,F-463F5D66BCFC1B95B4F2,3,E:\RecepcionDocumental-H1D10A-assets\4948D0FA0F95989E86BF9A7946E176DB7A1C64E48302AE1125CAAF7C09B9BC44.header.png,18FCBB3CC7F0FC79F85B54AF4A74174615EDC18AF7FAF50A21A0C5D0984F0CE7
4977BD9321274C56C37FA622DDBBAD186D692453E6A09EE22B0546A90912BEFD,F-463F5D66BCFC1B95B4F2,3,E:\RecepcionDocumental-H1D10A-assets\4977BD9321274C56C37FA622DDBBAD186D692453E6A09EE22B0546A90912BEFD.header.png,74A53CB968FB81F1BCC418EF216EC20608C893DC55D7E2CE54664E4303581391
49877C939058E0CCF767C71D8946B7FCC3FB9479A1D831926B45806AA43E9F4B,F-236B043AC3F54D78C0B5,2,E:\RecepcionDocumental-H1D10A-assets\49877C939058E0CCF767C71D8946B7FCC3FB9479A1D831926B45806AA43E9F4B.header.png,3DED4858B89C80AC677F0E3FA24BD07B41E659F94A6E8EE62C03EB8065F4E13C
49AAE2D8D5826364B7C42B76AC987D080A47C6BDA17C7F7B32E6233FF452180F,F-319491FEEAF6386D99BD,0,E:\RecepcionDocumental-H1D10A-assets\49AAE2D8D5826364B7C42B76AC987D080A47C6BDA17C7F7B32E6233FF452180F.header.png,550F03F74E28FA24174B2FFD1360E4DA4B77B3F874BB9D6B9D5BC25C63E0266C
49ECAF7C70EC6A54728D8C4A2DC9FFD424F1690EC375E1F99838F91077835313,F-EE08C7103D2458E54189,0,E:\RecepcionDocumental-H1D10A-assets\49ECAF7C70EC6A54728D8C4A2DC9FFD424F1690EC375E1F99838F91077835313.header.png,C135BB17F96054797A1292F0D6BB98210A8C1C366DE5DCC5B824F14E41E24092
49FDA5198B54793806B0C74BE9E1E67D17DBE8E5D8627FC67439E4122958A15C,F-6F5CAF1E1AEEB43C5486,2,E:\RecepcionDocumental-H1D10A-assets\49FDA5198B54793806B0C74BE9E1E67D17DBE8E5D8627FC67439E4122958A15C.header.png,93CEDF47E8431681996EB7CA234D377ADF53F0E1F842862DF7169B87919CADF0
4A0FDE3116124B33DEE99C856BDE9A889F4BE8AB9833A0DE27F16AD629C34A57,F-FACD83D8B4281A05571A,1,E:\RecepcionDocumental-H1D10A-assets\4A0FDE3116124B33DEE99C856BDE9A889F4BE8AB9833A0DE27F16AD629C34A57.header.png,8654B7BA4E39C89D7806C47ADB78420DFBA0806BC363DDCC64424FA16804B58D
4A3B294959E6152FF45800C9910DB03748710E94CD8710F805237F7532194422,F-66FEEC36CB99F857D1A9,2,E:\RecepcionDocumental-H1D10A-assets\4A3B294959E6152FF45800C9910DB03748710E94CD8710F805237F7532194422.header.png,560019A69C3847A7B8105310F23DE6AB3F2D2E8CE409533618415ED90EF81BEB
4A5384DEF4B19CB130CAE73EA2EEAB8F4AC68E5D1E82DA366E613C6883BD6012,F-463F5D66BCFC1B95B4F2,3,E:\RecepcionDocumental-H1D10A-assets\4A5384DEF4B19CB130CAE73EA2EEAB8F4AC68E5D1E82DA366E613C6883BD6012.header.png,8536E05CE36A020980476D643450727CBA96E44C4CD4D380F8627F1CE02F7F24
4A5BD76C0378CC13621238F7F2581406BF864B1E74D7AC0119456CCBE7CE5DE1,F-FACD83D8B4281A05571A,1,E:\RecepcionDocumental-H1D10A-assets\4A5BD76C0378CC13621238F7F2581406BF864B1E74D7AC0119456CCBE7CE5DE1.header.png,DB9ED0D1CCF5DE578BDEDFA1A7E55C5F951FDCD7C95DD4084AB1642E33DF1996
4ABBCD0BF700A718BFBEF1383B80C543F01B890D7340660A17CCFAF33905641D,F-C4EFEA98CD9D9490E678,2,E:\RecepcionDocumental-H1D10A-assets\4ABBCD0BF700A718BFBEF1383B80C543F01B890D7340660A17CCFAF33905641D.header.png,756AB3353336FC36E5FC57F9F48FC474E11277D5E1AC5E31D9B0127AC3D63684
4AD486E9FF3BB40BAD661248D2947CBC41D0BF02681C772BB88045B83C2DFA65,F-FACD83D8B4281A05571A,1,E:\RecepcionDocumental-H1D10A-assets\4AD486E9FF3BB40BAD661248D2947CBC41D0BF02681C772BB88045B83C2DFA65.header.png,A58AD5C9D78678F1172C999F96570A4CF06DD30F3F078F3B5E6819506EDFBC92
4AF19DD5F7D4C2E6FC2F1935C54AEE6B5C6F4606CB7FE0F736D1EABF6B7D19A2,F-FACD83D8B4281A05571A,1,E:\RecepcionDocumental-H1D10A-assets\4AF19DD5F7D4C2E6FC2F1935C54AEE6B5C6F4606CB7FE0F736D1EABF6B7D19A2.header.png,80413AE880549DC7EC71C80E7AE8CE7E7DBAE976A44D849911CC55E5F864AC0C
4B94E6B110CAB58547EB45BF9744C8773EBD6AEFEE79352BA74C4625125534EC,F-2225E7482E0C1A2CF093,2,E:\RecepcionDocumental-H1D10A-assets\4B94E6B110CAB58547EB45BF9744C8773EBD6AEFEE79352BA74C4625125534EC.header.png,62164F3DD607B9536EEFFE7378FC039C80E535BB72B72441C388ADC1CE883DB0
4C21DCF733727C85149602A9BB3704223F69CA44B676EB651113B65E0841FA02,F-327C7B7DF903BFC3269A,3,E:\RecepcionDocumental-H1D10A-assets\4C21DCF733727C85149602A9BB3704223F69CA44B676EB651113B65E0841FA02.header.png,A617EF737AD630F497053398D81207068986F18DD35A28655A944F806296294B
4C22FB92DF5A4A145CDC9D5019E57BA5ED4E4827FF694366D6B0944C4318F5AF,F-EE08C7103D2458E54189,0,E:\RecepcionDocumental-H1D10A-assets\4C22FB92DF5A4A145CDC9D5019E57BA5ED4E4827FF694366D6B0944C4318F5AF.header.png,75FF3AABC33077EB3E24A0F77A2B8957D85FD9787D42EA5C02E6DE7D7FE4CCEC
4C6685A365CC99C51CBC8FE312A2F0063C627408D4702A1EAC4CEED67A7C4013,F-EE08C7103D2458E54189,0,E:\RecepcionDocumental-H1D10A-assets\4C6685A365CC99C51CBC8FE312A2F0063C627408D4702A1EAC4CEED67A7C4013.header.png,712B0744A8B62E103B967897352A40FA4A72F4EAB7BC61E4A2F061317DF20B31
4C6BB600F039C52142DBE8128A7FD69A7D65E92612AE30CA9125B97C47207C0E,F-EE08C7103D2458E54189,0,E:\RecepcionDocumental-H1D10A-assets\4C6BB600F039C52142DBE8128A7FD69A7D65E92612AE30CA9125B97C47207C0E.header.png,E11FD12F80C8E92F8A1A12DF751DD14F23D4C68B62943AA9FB1FFA63DCA84E96
4CBD8565AB9DE2F036EA68E8FF90D5CB3E21EBCEAC9D7267A7F5B8AC9765BE88,F-EDBFE59229E8571451DD,2,E:\RecepcionDocumental-H1D10A-assets\4CBD8565AB9DE2F036EA68E8FF90D5CB3E21EBCEAC9D7267A7F5B8AC9765BE88.header.png,59365959CBCCEC98FF3E714710916DB276951CDB7667D2FBDD594D8F2032FB45
4CDDDFC9A384C484949A48EFFD1B4BA7D55D2CCE62D6324373F64F972C6E007B,F-6F5CAF1E1AEEB43C5486,2,E:\RecepcionDocumental-H1D10A-assets\4CDDDFC9A384C484949A48EFFD1B4BA7D55D2CCE62D6324373F64F972C6E007B.header.png,9D350A9E344E3996FEF47E971828460241D922BBF6EDE9B85D5C2DB7C6D79409
4CF4FCAB242089EAB32F977B4F3B3B28227D177A6D52A8BD5830CF1372B00F7D,F-FACD83D8B4281A05571A,1,E:\RecepcionDocumental-H1D10A-assets\4CF4FCAB242089EAB32F977B4F3B3B28227D177A6D52A8BD5830CF1372B00F7D.header.png,0EEEAF29F5E53393090D1BCF8DF0CEE158C7A71302E911F8EC2EEF7EAB74C402
4D1F0EACC2E4513F3BE62918FE60325D100DBE5E2351203A9AF9412468D922EF,F-EE08C7103D2458E54189,0,E:\RecepcionDocumental-H1D10A-assets\4D1F0EACC2E4513F3BE62918FE60325D100DBE5E2351203A9AF9412468D922EF.header.png,F4BF5106B88F7401E653B51E20A4BE8AC677A11D8BF364E682BE5E2B38A9852B
4DDB265CC5BC70A777E239F345E9DCEB472B0E07A36A97CB747C814966721628,F-E311D094CEA0C30D422D,3,E:\RecepcionDocumental-H1D10A-assets\4DDB265CC5BC70A777E239F345E9DCEB472B0E07A36A97CB747C814966721628.header.png,E5027195B2ECAEFE9EF803F5DDC4124EE8758F93E43A963C8B2D25EAC1AD2D89
4E00CF86272C09321C1BB8FE8A44928B3A1ABA1969419EA778A8DBBABD64496B,F-463F5D66BCFC1B95B4F2,3,E:\RecepcionDocumental-H1D10A-assets\4E00CF86272C09321C1BB8FE8A44928B3A1ABA1969419EA778A8DBBABD64496B.header.png,97E7E240498C04170D77BDA4734DBE73B02C2772E0DCBA0AABB921DC33778666
4E33D7813CA0F52F9DAE7B205F156726A26623776BB62C8AB3469BD927E0CA7A,F-127BD2FBDD2CC031C0FE,2,E:\RecepcionDocumental-H1D10A-assets\4E33D7813CA0F52F9DAE7B205F156726A26623776BB62C8AB3469BD927E0CA7A.header.png,38FA3E5D3A72A1814A4295BA5A756947BECE02AE0F7621A75DF17EC647D04A72
4E8F4CA3EA141FAB06A975375BF62091FFD9A0454831F126789FA50E5E950074,F-FACD83D8B4281A05571A,1,E:\RecepcionDocumental-H1D10A-assets\4E8F4CA3EA141FAB06A975375BF62091FFD9A0454831F126789FA50E5E950074.header.png,4E61E0BA6624138F1B7D82A50F7305160633FA18006A5F58191F9F1B42D08476
4FD4F771DFD962D25875FC30C0CD4A0081D17E27D089764ABC773716833D76DF,F-66FEEC36CB99F857D1A9,2,E:\RecepcionDocumental-H1D10A-assets\4FD4F771DFD962D25875FC30C0CD4A0081D17E27D089764ABC773716833D76DF.header.png,3F126508A179E1EAEFB9D017FEAC2F5B006F338D791E874553610E1BCAAA035E
509D871731148417556D32403084C3A1F025B39F25D1E3576596145B118275F3,F-EE08C7103D2458E54189,0,E:\RecepcionDocumental-H1D10A-assets\509D871731148417556D32403084C3A1F025B39F25D1E3576596145B118275F3.header.png,D0B29327445E74D4D4E59A3DF300B1109E5C382C12E665FFD3B9205AF6FD4AC0
50FF892A28001920806C422056CC39971F50196EE55B1B9143DEBB18CEDE61C2,F-EE08C7103D2458E54189,0,E:\RecepcionDocumental-H1D10A-assets\50FF892A28001920806C422056CC39971F50196EE55B1B9143DEBB18CEDE61C2.header.png,0A95A50E97AEF9BFBC9CE652D3CC9580C9C79540B19B5B0FBD24104F1C0103CA
511FE4E1C704287DB9F2E30D584E076198E4B9C85ED275F7724E0FCED6E83331,F-6F5CAF1E1AEEB43C5486,2,E:\RecepcionDocumental-H1D10A-assets\511FE4E1C704287DB9F2E30D584E076198E4B9C85ED275F7724E0FCED6E83331.header.png,70AB8C2110298D8528DCA393155E862B5A1BAF804575FEC0E0C8018612FFB84B
513C115499B51E28C587938A3051BD1EB0700DDD11B3418FAEB514A153BD217E,F-6F5CAF1E1AEEB43C5486,2,E:\RecepcionDocumental-H1D10A-assets\513C115499B51E28C587938A3051BD1EB0700DDD11B3418FAEB514A153BD217E.header.png,01E65FBA39A8C0FB559A1F792C7589534CF720193A40482F7517F43B4DBC2471
51D9CA9CA591270CF71094784E8FB45FB6BB2B3ACC2C64EACDE6BB39C246D4C2,F-EE08C7103D2458E54189,0,E:\RecepcionDocumental-H1D10A-assets\51D9CA9CA591270CF71094784E8FB45FB6BB2B3ACC2C64EACDE6BB39C246D4C2.header.png,D2D7EF6DE2EAF1BADD50664351B4E1F738DA1031B551CDCAD6175FFE286756BF
522D785B8861AC8B6E0B665918509ABFC61F4A5A7AD344D29581F3820D969F29,F-19E3E2219E79C363F63F,0,E:\RecepcionDocumental-H1D10A-assets\522D785B8861AC8B6E0B665918509ABFC61F4A5A7AD344D29581F3820D969F29.header.png,6D9F2688BB90A3709ADAEB97CDE62BA753F7EED11C79E98ED60524AA086C00D7
5243027656B07B38EBE681545510F2C1F2554AC2E01FE4CE22A9CB9602D8657F,F-FACD83D8B4281A05571A,1,E:\RecepcionDocumental-H1D10A-assets\5243027656B07B38EBE681545510F2C1F2554AC2E01FE4CE22A9CB9602D8657F.header.png,A1843A9C75B12F2199F67A4F8721D06C5090AFADC7247ED8135091CAE4E6479B
527504906574AF26885EE635E0F36AA979D7FF61B1D8507694DE2CE5B73225F4,F-463F5D66BCFC1B95B4F2,3,E:\RecepcionDocumental-H1D10A-assets\527504906574AF26885EE635E0F36AA979D7FF61B1D8507694DE2CE5B73225F4.header.png,420DADF2003F62A755C760A7662BDC7B7C6BAFB91A3356F8B675BDA074EE165A
52872BDC59D9284A7ACD25662EAC1A3A099D7A1403FF43AF4576EEE6443F77F6,F-EE08C7103D2458E54189,0,E:\RecepcionDocumental-H1D10A-assets\52872BDC59D9284A7ACD25662EAC1A3A099D7A1403FF43AF4576EEE6443F77F6.header.png,5B9F0919B728FC8D4931C6919756B7C23E4EAFA304C1C880F232699124DA52FD
52A88A4DC787DDDBB8F9B392369383B8754539E3CC700CA09CAB17DC9897D3D7,F-A26E6E68BD787A625DC9,3,E:\RecepcionDocumental-H1D10A-assets\52A88A4DC787DDDBB8F9B392369383B8754539E3CC700CA09CAB17DC9897D3D7.header.png,3F6C051B07A6B90A5AEA2E8BE643BFB5B9E69E976FEB204852EFFE82E79F131B
52B6FD2C8B46284ADBC2445204780085D2F07A264912814E6F22687C3A3E9970,F-463F5D66BCFC1B95B4F2,3,E:\RecepcionDocumental-H1D10A-assets\52B6FD2C8B46284ADBC2445204780085D2F07A264912814E6F22687C3A3E9970.header.png,79D7DB9B4433D061AFE7331404650B1DD5B5E9E2F8CA797D59C33B11B8E32FF7
52E922C058F9D3030136B8C7C0BB684472A3233AB328DB8701C8122B129FE307,F-FACD83D8B4281A05571A,1,E:\RecepcionDocumental-H1D10A-assets\52E922C058F9D3030136B8C7C0BB684472A3233AB328DB8701C8122B129FE307.header.png,B8C8647B6FFBC9E970BCE796B3E4FB9CF396EBB4D2A31E7E10AD6ED3958F5D47
53531D26119A3A91D8160D16D8081238C94A83B00EADEEECB6BED96F35C0D21F,F-EE08C7103D2458E54189,0,E:\RecepcionDocumental-H1D10A-assets\53531D26119A3A91D8160D16D8081238C94A83B00EADEEECB6BED96F35C0D21F.header.png,A28E6060CA60B96CDA69170C374615727AFE94CF86DA8DE8C4665E8A7FE22E89
53CF129FB285C10306585C4D401463DB0CD045CD0DC8A0FF1B487FBBC4A1AFC5,F-FACD83D8B4281A05571A,1,E:\RecepcionDocumental-H1D10A-assets\53CF129FB285C10306585C4D401463DB0CD045CD0DC8A0FF1B487FBBC4A1AFC5.header.png,10A24A1391FB23651722D15A3377523E2F908D05FD559B7D847D7EC7FFDF1395
53D64513ED31729F52AED36DB909462F972FF5BA06D6C491179067D362C9C7B8,F-52A8D3E535639BC9066E,2,E:\RecepcionDocumental-H1D10A-assets\53D64513ED31729F52AED36DB909462F972FF5BA06D6C491179067D362C9C7B8.header.png,C0EDDDE9AF1807AEDB4B7EE11C10317B8E044B01045880B18D2C865FFCFABC74
53DDEB792AFACFDD0BE1A1741A028A22298BDA5360530D373B25E5FDE3C89917,F-832E3C0161524B1EAC7B,3,E:\RecepcionDocumental-H1D10A-assets\53DDEB792AFACFDD0BE1A1741A028A22298BDA5360530D373B25E5FDE3C89917.header.png,3FD0C150E3D4640084F9FCC75AC13DD1270E3D611B8F4309C4EC0C9B4B94E744
541A58F4E8042C3C1CCB76B0F0B14A9F44981E4F37DFBD98972B297BEDA30B66,F-EE08C7103D2458E54189,0,E:\RecepcionDocumental-H1D10A-assets\541A58F4E8042C3C1CCB76B0F0B14A9F44981E4F37DFBD98972B297BEDA30B66.header.png,9599B084837342AEA52B9A7ED55A38C654F5BC0A186C69128E9D0631F3902F59
54335DE1C0415D17F21265B12222E081CEFA539B242465CBBCFC590F12C0C334,F-463F5D66BCFC1B95B4F2,3,E:\RecepcionDocumental-H1D10A-assets\54335DE1C0415D17F21265B12222E081CEFA539B242465CBBCFC590F12C0C334.header.png,6257174D0B694C2E5605D85D877381BA4154D39C5E9C7E929AFF5957119263DB
5433BB3791112F1C6C698255943D3E43FBC529FEC610FE1D25FD1D83CD921FC6,F-6F5CAF1E1AEEB43C5486,2,E:\RecepcionDocumental-H1D10A-assets\5433BB3791112F1C6C698255943D3E43FBC529FEC610FE1D25FD1D83CD921FC6.header.png,0EFC75E4EEAFFDD2A46FE3BE0F004FE92E52FC228D563F822C6604FC6431D671
5482B5BC23D9508D14F7970779F8182EBB3A21DA03E7B7C390124852EC1A2884,F-17D8887E1AFD322C7FBE,3,E:\RecepcionDocumental-H1D10A-assets\5482B5BC23D9508D14F7970779F8182EBB3A21DA03E7B7C390124852EC1A2884.header.png,869683C297E4E3C188BD71D4EE9AC39A7CB00E7E4F67CBD1EBE6573DD88CCDA1
54E3FFE9C69EE3CFF94294F12A02B44CAB3EFD54DBDC8CB473F28E912E985C7D,F-FACD83D8B4281A05571A,1,E:\RecepcionDocumental-H1D10A-assets\54E3FFE9C69EE3CFF94294F12A02B44CAB3EFD54DBDC8CB473F28E912E985C7D.header.png,2DFF3ADAC0AB5EC9979A5CBF8F73F31A6242E2779DEA691DC0BF94EF5DFDA1E2
550AC8115D0599DF1B246688659A43EBB82DB908A4C451864D3A422AE1B94790,F-EE08C7103D2458E54189,0,E:\RecepcionDocumental-H1D10A-assets\550AC8115D0599DF1B246688659A43EBB82DB908A4C451864D3A422AE1B94790.header.png,AA361A9CE86743B998D4F81F6B372392EE02CDF9B96AEDA9ADAC8794FF50A329
55169D35B57E1980443FA22E94E71390FAF7180DF7A84AC7CDFE4E5EC917C2D2,F-FACD83D8B4281A05571A,1,E:\RecepcionDocumental-H1D10A-assets\55169D35B57E1980443FA22E94E71390FAF7180DF7A84AC7CDFE4E5EC917C2D2.header.png,2949848CF07104F13A361767A6F95DA1E798D64B242EC00FCF7C83E22656E000
553735AC327B5AEBB6523999CF341A27EE0CD319E1E38D7543EDABFD5EF0476A,F-FACD83D8B4281A05571A,1,E:\RecepcionDocumental-H1D10A-assets\553735AC327B5AEBB6523999CF341A27EE0CD319E1E38D7543EDABFD5EF0476A.header.png,FC692339B2368A0ABA27A5F460A047358D7B3ECE13B0FCC9D2AF056097E43AC2
557A3265646934A29349CB572EF71904CF6A1A226E38B80EBD82882136E4A99F,F-EE08C7103D2458E54189,0,E:\RecepcionDocumental-H1D10A-assets\557A3265646934A29349CB572EF71904CF6A1A226E38B80EBD82882136E4A99F.header.png,B0AFC9D5DDF06D9482B472363BFD01B1F43DE94F5F242F1CE1667FF5F9C0DD35
55D5569A8BE1FDF83DD7C7711B839FA48CCF21B6A44002A592A098ABC4945180,F-A8BC10D011EB3739972C,2,E:\RecepcionDocumental-H1D10A-assets\55D5569A8BE1FDF83DD7C7711B839FA48CCF21B6A44002A592A098ABC4945180.header.png,2CF5E4FFBD8D13601582A03398BCCF4858B7F7ADBD657958F96F822CDB99A41B
56858C64366FB3FFEEF5EA8BA03E748B96127B3D10B9F438CAC2689CAD93F41B,F-C4EFEA98CD9D9490E678,2,E:\RecepcionDocumental-H1D10A-assets\56858C64366FB3FFEEF5EA8BA03E748B96127B3D10B9F438CAC2689CAD93F41B.header.png,B8F94152EFF2D6BF6D8F4400C5DE0CB35B0B6C06CD931EC4B82833706794E597
570B8BEFF92D86C450B35A0A879B847D9442F48BEB042F9C6AD00BA12E502867,F-C4EFEA98CD9D9490E678,2,E:\RecepcionDocumental-H1D10A-assets\570B8BEFF92D86C450B35A0A879B847D9442F48BEB042F9C6AD00BA12E502867.header.png,C8E44B3A78056189D163E453FB60DE162920D2852E24D229748DB9968B5896E3
57216966143EA43A85549709469528CA0F2387F937AADF26600682E72558CEB0,F-FACD83D8B4281A05571A,1,E:\RecepcionDocumental-H1D10A-assets\57216966143EA43A85549709469528CA0F2387F937AADF26600682E72558CEB0.header.png,1EF9B364A190E1C96E6E74C777CE4C32D144E21180CFD30915290525024643A0
5735D4ECD8C02AEE2805F44503136E2C27365A75607716CC0391313DCEB6519E,F-EE08C7103D2458E54189,0,E:\RecepcionDocumental-H1D10A-assets\5735D4ECD8C02AEE2805F44503136E2C27365A75607716CC0391313DCEB6519E.header.png,383BF75C9760E41EC2E4D0096048ECC2DDD54B5AE40A10716A2F01AD7E08A977
57D9343D969BD1264FDEFF0D2A252ED028740EE39736F1A41A1D95C9B625C4AE,F-FACD83D8B4281A05571A,1,E:\RecepcionDocumental-H1D10A-assets\57D9343D969BD1264FDEFF0D2A252ED028740EE39736F1A41A1D95C9B625C4AE.header.png,20C138A91372B20F7B46B1FC429114FFDE08788BEFCA31FAC254747A39B7A08B
58D96A8F7E16CD8E10431AF8C3FE63A36D651B973C435C700D50CF0876EB2D6B,F-EE08C7103D2458E54189,0,E:\RecepcionDocumental-H1D10A-assets\58D96A8F7E16CD8E10431AF8C3FE63A36D651B973C435C700D50CF0876EB2D6B.header.png,F2D5683ED07C8067D4CFE3F2770EC57545E1FA72488201FD40FF42E0B3F70639
58E197A82F3F1F813FF06AB56686D855230F5581C975C33E1CDD744AF7D01857,F-EE08C7103D2458E54189,0,E:\RecepcionDocumental-H1D10A-assets\58E197A82F3F1F813FF06AB56686D855230F5581C975C33E1CDD744AF7D01857.header.png,A94C8136A575468D79DA58DACFEE134E4533E610F2CE3D31DB8A468FFE84B8E5
59B2A30C57B53ADA185312F8F8ED72917A264206DBBAFAE49573F9B816BBC8D9,F-E68CDBA32F276D126C50,2,E:\RecepcionDocumental-H1D10A-assets\59B2A30C57B53ADA185312F8F8ED72917A264206DBBAFAE49573F9B816BBC8D9.header.png,D00BD05DBDD24FB15814919CD5090E5A4469001D3F062838E2A0BF0363F667F5
59E5149E5884455CB217A6C65C53D4E5A3D6A97340789DD88058604355792DD1,F-78FBBC0583221AAC5789,2,E:\RecepcionDocumental-H1D10A-assets\59E5149E5884455CB217A6C65C53D4E5A3D6A97340789DD88058604355792DD1.header.png,1839DFA7E70D36630AB472A5201E4316BC3FBAAA698ACD9A197091B19AE3082A
5A11426D1D9F011286075EB4996D5698F9C3A9E2265A14EEA45E1EC9EA7EA8D4,F-FACD83D8B4281A05571A,1,E:\RecepcionDocumental-H1D10A-assets\5A11426D1D9F011286075EB4996D5698F9C3A9E2265A14EEA45E1EC9EA7EA8D4.header.png,71C5B1E7A9791A80D5CAC97F24C518B11A8CC2F04D296A80C2C3B4F831495001
5A80048F71A9AE67E7530419E5A4AA5021FAC7D3DB56701B9C690DB21DBE43D3,F-463F5D66BCFC1B95B4F2,3,E:\RecepcionDocumental-H1D10A-assets\5A80048F71A9AE67E7530419E5A4AA5021FAC7D3DB56701B9C690DB21DBE43D3.header.png,49C66A4734F25615F3AE5902C82CB71FE39E537CE0E331BEEF1B46C96A8DDD08
5B7916DC843BE2C450F86EA33A9B9F45AD1B2BB4F0890A22185D170367C77CD0,F-463F5D66BCFC1B95B4F2,3,E:\RecepcionDocumental-H1D10A-assets\5B7916DC843BE2C450F86EA33A9B9F45AD1B2BB4F0890A22185D170367C77CD0.header.png,AA26C31CB3871A6A6B91E3902388ADA77759D096BE56C78CB42A9599AF6A0605
5C0E3592C9A130DFF03ACB34C4B59CB3A208BF70116821761D3431A7693BA96D,F-463F5D66BCFC1B95B4F2,3,E:\RecepcionDocumental-H1D10A-assets\5C0E3592C9A130DFF03ACB34C4B59CB3A208BF70116821761D3431A7693BA96D.header.png,D735F405F8DDC16E46D30DB5C94C03257377A6D6111D97C836771822EF7EB2C1
5C105434BCE555AF94D7792820813C859CA80B3B8E23A6C81783AF6173447BE4,F-EE08C7103D2458E54189,0,E:\RecepcionDocumental-H1D10A-assets\5C105434BCE555AF94D7792820813C859CA80B3B8E23A6C81783AF6173447BE4.header.png,E8CEB3C81A7FDE211C7BB64158B2408C718B59065DFE1B9750C6C504DB2AC730
5C30A6686334E5B07A188EBE90969D68F40F82B55970D0671F81743F2080CB2F,F-86F3ACDC73080FEE11E7,1,E:\RecepcionDocumental-H1D10A-assets\5C30A6686334E5B07A188EBE90969D68F40F82B55970D0671F81743F2080CB2F.header.png,A57A9A7D035FE86A6C1180AF118F235820789BA323C38A38893F79A8D86E5A71
5C989274617C576316FD86055671ECCB3D8B40D4A6D022A08CCB7BEDE037C32A,F-FACD83D8B4281A05571A,1,E:\RecepcionDocumental-H1D10A-assets\5C989274617C576316FD86055671ECCB3D8B40D4A6D022A08CCB7BEDE037C32A.header.png,AB7F895B56826E8604B00865518D59ED19F2D9245A4B91BC26FD3AC6DE92533D
5CD323BE0FA8C7BF7DF56E09EB62B1338AD699ED21F25A09DBA6E646DA452906,F-108FF89DFB4EC29C3343,0,E:\RecepcionDocumental-H1D10A-assets\5CD323BE0FA8C7BF7DF56E09EB62B1338AD699ED21F25A09DBA6E646DA452906.header.png,EBAE2ECAEE524BDEFFEAAFDEA8E302D96D3C9FB58EE18A0A08291EFBE293571B
5D0D7F3FAA4ADAB4AD899FAF93004DDD9B9B1E4AC8856E4E46BE7A592FF909C2,F-463F5D66BCFC1B95B4F2,3,E:\RecepcionDocumental-H1D10A-assets\5D0D7F3FAA4ADAB4AD899FAF93004DDD9B9B1E4AC8856E4E46BE7A592FF909C2.header.png,12FF680961077C7360176DA79C9594E5DC8BEC0487ABBD5DC04B191836037582
5D224861E913AB275EAC0A0EE1005444D3C0A68007538B2C3C2965DDEDE157C2,F-EE08C7103D2458E54189,0,E:\RecepcionDocumental-H1D10A-assets\5D224861E913AB275EAC0A0EE1005444D3C0A68007538B2C3C2965DDEDE157C2.header.png,743A59C3A1BF8C2CD9C8239AA4323E9A472859C29626D1CC90BA61F76E4A1495
5DAF08946350F296A06082880FF427EEE8B115DD39BDF5199DD8C0188B76E15D,F-976EEED6E8682B3EC86C,2,E:\RecepcionDocumental-H1D10A-assets\5DAF08946350F296A06082880FF427EEE8B115DD39BDF5199DD8C0188B76E15D.header.png,1F9D2159AF4BF4550D9079E47BE84410FB38038A3E7E94160BDA03C94B3BC4D0
5DBF71860ACD1EFE7170B783B09DF90415135A82C8C02BA29E1DDBDE98D4D92C,F-FACD83D8B4281A05571A,1,E:\RecepcionDocumental-H1D10A-assets\5DBF71860ACD1EFE7170B783B09DF90415135A82C8C02BA29E1DDBDE98D4D92C.header.png,40B0F018C779220C1E61639D4F2F6F67E1D2B7D11D3F27AF7F38F619486FDC58
5DE70F354C118DFBDD5368EDEF221DFE5CF7AE6D16C115B9770EA743743E71F8,F-127BD2FBDD2CC031C0FE,2,E:\RecepcionDocumental-H1D10A-assets\5DE70F354C118DFBDD5368EDEF221DFE5CF7AE6D16C115B9770EA743743E71F8.header.png,709B7DFBB90DAD19C8E11C34F670D005F1FF9C92543F8F530C960460B458256C
5E37BAFFEE3158DC48F70E790EFAA998E9CE2904FE56058F75BF845F27357702,F-EE08C7103D2458E54189,0,E:\RecepcionDocumental-H1D10A-assets\5E37BAFFEE3158DC48F70E790EFAA998E9CE2904FE56058F75BF845F27357702.header.png,6DBC1AD8D8CB66F46B282659CE95C4DC6CD0D853C854EE55CF84C4517E88F177
5EADB6DE2AB4B5612CCB893D4D6F822DACA8F537DC34198253A2FA45B77AA3B0,F-EE08C7103D2458E54189,0,E:\RecepcionDocumental-H1D10A-assets\5EADB6DE2AB4B5612CCB893D4D6F822DACA8F537DC34198253A2FA45B77AA3B0.header.png,A51DE727B0F6889AD374045610AFBA8644D719E542314C1599B60AEA2FEB0CC0
5F1C7E2F701520CDB3290752AC7E87FEA8278A7452B488B35E0FE82B539D1D0E,F-FACD83D8B4281A05571A,1,E:\RecepcionDocumental-H1D10A-assets\5F1C7E2F701520CDB3290752AC7E87FEA8278A7452B488B35E0FE82B539D1D0E.header.png,01D70DABF96012B05B815D94D379794036A5C7BFE418E1B93D2C7190716BF4C0
5F27D54F0E68E22B94CC0599AA11815F37E12D38D198BAF916699866A5771C7A,F-EFE6E9C595B24436566B,3,E:\RecepcionDocumental-H1D10A-assets\5F27D54F0E68E22B94CC0599AA11815F37E12D38D198BAF916699866A5771C7A.header.png,4BFFF3AB390B38A534D7455EC9DCAF2949FAC0D641B65CB69307991C1BDCA6E8
5FB7BD28D27616E8676E0229F610930D8EB1C05062288C9843B6A07025902965,F-FACD83D8B4281A05571A,1,E:\RecepcionDocumental-H1D10A-assets\5FB7BD28D27616E8676E0229F610930D8EB1C05062288C9843B6A07025902965.header.png,3BFBB2B63C0E74A0BE63A8B0482E70F40983EB1B41AB9137EC7DC4E43B9B6626
5FF603BFE35FFE846FE61CC7D6E257DAFA04176A27BDDA23DB954E289083BDA7,F-FACD83D8B4281A05571A,1,E:\RecepcionDocumental-H1D10A-assets\5FF603BFE35FFE846FE61CC7D6E257DAFA04176A27BDDA23DB954E289083BDA7.header.png,C767EB30CED1E421BD573ADCB84B8B40A39A680BB46C7813B8F4477050536E8C
60558219ECCEAA2E0CC16BEF0AA57528D8111AF668CE04DD850611269578D101,F-C4EFEA98CD9D9490E678,2,E:\RecepcionDocumental-H1D10A-assets\60558219ECCEAA2E0CC16BEF0AA57528D8111AF668CE04DD850611269578D101.header.png,690AE36F19AE381439F071A6E597884B901BE9CCBD3F0922848D363CA58EC6CF
614C2047A38FFFEC9913CEA1D7C91912147857A130D26CEB45D38AFECE1F3018,F-EE08C7103D2458E54189,0,E:\RecepcionDocumental-H1D10A-assets\614C2047A38FFFEC9913CEA1D7C91912147857A130D26CEB45D38AFECE1F3018.header.png,F5F2043089E2DDC0747F5DF0EEF08390110281E95397EDC73A727EB57E3E3A85
618FA8EF90B2BC09442461DF6A1950F3B56DE7D9217334E5658065B15A2D1C7D,F-66FEEC36CB99F857D1A9,2,E:\RecepcionDocumental-H1D10A-assets\618FA8EF90B2BC09442461DF6A1950F3B56DE7D9217334E5658065B15A2D1C7D.header.png,29500EBBAD8227C2DB75E6D020B4FA486CD3FF163DFE4822364C668BCA9429EB
62ED045064645CFAC1E4ABEAB3BD7871BB1ACA133EB42A02042DFD4116B68747,F-463F5D66BCFC1B95B4F2,3,E:\RecepcionDocumental-H1D10A-assets\62ED045064645CFAC1E4ABEAB3BD7871BB1ACA133EB42A02042DFD4116B68747.header.png,521F0ECF3E147E26BB63A1AF75D64A54363DB827DD28E7590EDF5A03545C2B42
6306F04EC7699ACD9AA20661D6A0094E0EF6F2D07DB0DCB6E7DCB90754F946FC,F-EE08C7103D2458E54189,0,E:\RecepcionDocumental-H1D10A-assets\6306F04EC7699ACD9AA20661D6A0094E0EF6F2D07DB0DCB6E7DCB90754F946FC.header.png,C331E0402E3086274AB997A2855ED79B9627C38A6BF44EAE026F804E41BAED3B
6358F007E68B39846A6D3A1985B57BA5DB9B44816655F040179A2E54F5D3950B,F-EE08C7103D2458E54189,0,E:\RecepcionDocumental-H1D10A-assets\6358F007E68B39846A6D3A1985B57BA5DB9B44816655F040179A2E54F5D3950B.header.png,BE942685C19413A0609CC21C38F26D5907026A26A922BFB82E1499DB750FDF85
63D1DB74D405C58FC6B148A98498E2351418A24343D9326C5EB42A6CCEC42A4A,F-99F7A3F5F30B759FC1BA,3,E:\RecepcionDocumental-H1D10A-assets\63D1DB74D405C58FC6B148A98498E2351418A24343D9326C5EB42A6CCEC42A4A.header.png,380BD3AFC50B4DF5A2DAF2912E377261612E3C76D22E5BB3B7ABE8C56E7CE345
63E3F4FF38F20C64BA564671499DC8683FBF77219974F9D9B1173F8A2FE05D4C,F-63F23BB2C7162DAFD254,0,E:\RecepcionDocumental-H1D10A-assets\63E3F4FF38F20C64BA564671499DC8683FBF77219974F9D9B1173F8A2FE05D4C.header.png,3CC6F6B97CE3A2108003EF9B60D54AB83CF1E8C44058AAF52E5FE9CDEEBBC6E7
63F5F3AB045C5B5F66EA108111298A47D3D35401D9F776570A886AC745108D3F,F-FACD83D8B4281A05571A,1,E:\RecepcionDocumental-H1D10A-assets\63F5F3AB045C5B5F66EA108111298A47D3D35401D9F776570A886AC745108D3F.header.png,735D7E5D3BE2CEF8A7BD41BA46760F1E8196ACEC9391E874C841FB9DD50A69F6
6403BB9E343E7ADC6832D9FEF0B238A5C7629934B729B49930D5EB612D45A237,F-FACD83D8B4281A05571A,1,E:\RecepcionDocumental-H1D10A-assets\6403BB9E343E7ADC6832D9FEF0B238A5C7629934B729B49930D5EB612D45A237.header.png,053A1C3E551FE3919C6752B5D3E8BA146A8B24E0BF94BDC1BC03BD50BAFE940F
644FB4104CC6E78DECDE080C8BD310D32890EA13F2BCB7525F77ACB5E97A78D7,F-D8FCDE61FE47CC36A198,2,E:\RecepcionDocumental-H1D10A-assets\644FB4104CC6E78DECDE080C8BD310D32890EA13F2BCB7525F77ACB5E97A78D7.header.png,DFDBA17406E310DF77C29C3F20660674486C6055A7333F5D6126EC88E005BF35
64FB474B146A0EB177D75CB68476D6BCE12EF039503945B080FCA1CE3484EB2E,F-22D8B0B2BC197D116017,3,E:\RecepcionDocumental-H1D10A-assets\64FB474B146A0EB177D75CB68476D6BCE12EF039503945B080FCA1CE3484EB2E.header.png,9508374B40D0B304FF363E88D7EAE5971CCFF06C5A7670D4E9FF151434D74860
65056D9EA1A540DC588945E523AD94B314066341E145D5716A7A605D30F64157,F-FACD83D8B4281A05571A,1,E:\RecepcionDocumental-H1D10A-assets\65056D9EA1A540DC588945E523AD94B314066341E145D5716A7A605D30F64157.header.png,7D6C04378EE08224D8747FF19B02C07B83C57C69D622700ED1C61067497ABEFF
653916FEE25C919AB6EB8CD62ACDB2EFB4ED9246ABE1E345CCEFD62AD0B1EEEF,F-463F5D66BCFC1B95B4F2,3,E:\RecepcionDocumental-H1D10A-assets\653916FEE25C919AB6EB8CD62ACDB2EFB4ED9246ABE1E345CCEFD62AD0B1EEEF.header.png,ED6F494125CCF26FD5BEB35442F36D674E3D988BCC63F1DA7257CB1327E14D6C
65689BDA6B6E78D08778050BC9AF74BF489A45EC0F06B14D021402CC4A49703B,F-9556189C2A6C11049E74,2,E:\RecepcionDocumental-H1D10A-assets\65689BDA6B6E78D08778050BC9AF74BF489A45EC0F06B14D021402CC4A49703B.header.png,7D99372286F8772FCF0B801D2484262DE1014BEE782CB4848B767C8843B87C90
657D014F547F5C67D9C3C97F905729BE00F4498F2CB5E01528AAFF4F0E177E5B,F-DCC01CD6C3861C7E4C3E,3,E:\RecepcionDocumental-H1D10A-assets\657D014F547F5C67D9C3C97F905729BE00F4498F2CB5E01528AAFF4F0E177E5B.header.png,B2A57C15D4B6C311014B620B93F6C932233915C53B94D28E526D2CA407A622FA
657E1FF4F3374E8D93CA51BEC8C1C7D4058C9E51797A97E15FCAFCF3A54FC356,F-B48A5E97973412D090E1,3,E:\RecepcionDocumental-H1D10A-assets\657E1FF4F3374E8D93CA51BEC8C1C7D4058C9E51797A97E15FCAFCF3A54FC356.header.png,56D62B2E77C16E9FF5A14C666896C2D03A2A3F79E313A7D9423CAC0CF6C8350E
65D1D32538349C1E4FD033151901890E04026E390D8DBDDB40D8BA7450402C6D,F-EE08C7103D2458E54189,0,E:\RecepcionDocumental-H1D10A-assets\65D1D32538349C1E4FD033151901890E04026E390D8DBDDB40D8BA7450402C6D.header.png,0E1F37278CC534AEA49CF07D5AD7A00B1E04C2053EC9EB911718B2E0549D5734
660C649E87C0E096D3EA290A7EEB1B41027B0E57F5AC516359697241B2FA0A46,F-FACD83D8B4281A05571A,1,E:\RecepcionDocumental-H1D10A-assets\660C649E87C0E096D3EA290A7EEB1B41027B0E57F5AC516359697241B2FA0A46.header.png,6E2AD3022DDFBAF4A6DA6C6691B050FC2AD051895B4596D2528B0C57342C4432
6628B77297FB0AF7072963D7CFE54056E7303FF0D0C639C77083714E0007556F,F-463F5D66BCFC1B95B4F2,3,E:\RecepcionDocumental-H1D10A-assets\6628B77297FB0AF7072963D7CFE54056E7303FF0D0C639C77083714E0007556F.header.png,65F4701445F14C9E6ACC411F83F1EAEE83A2CB526EC728E7D0BBF70F33059B4F
669CEF756F24B3F2936E59DA9B442C8189694D27CDCAA0F56F21B933D8FFF582,F-FACD83D8B4281A05571A,1,E:\RecepcionDocumental-H1D10A-assets\669CEF756F24B3F2936E59DA9B442C8189694D27CDCAA0F56F21B933D8FFF582.header.png,491F0C244D9D5C792894B366EFCD627002FE325C03B061C77EC9B0CCCD465C8D
671095A2ED870416638D91130E56FEB62CED369C2B40CF13D8A3685EF542C9C2,F-6F5CAF1E1AEEB43C5486,2,E:\RecepcionDocumental-H1D10A-assets\671095A2ED870416638D91130E56FEB62CED369C2B40CF13D8A3685EF542C9C2.header.png,FE65122D7BCF6FDF79A1E57372605D193F2B9A5AAD8BB4176A9BF5000ADC0AEC
674A1F88C6BD5E53FAF757B8EAF603391E1CDAAFF0A5B8A0038B98FCB947852D,F-E311D094CEA0C30D422D,3,E:\RecepcionDocumental-H1D10A-assets\674A1F88C6BD5E53FAF757B8EAF603391E1CDAAFF0A5B8A0038B98FCB947852D.header.png,1B50CE8AB9AA4D1D75EA25CD8FE079A0BBCD670AAEA8D27C6595D289D824971E
679B276143705D4AC3247557E5B766A0D3B8EF46EF0C7E93E9743E56F4C7C21B,F-FC411F149001282E7254,2,E:\RecepcionDocumental-H1D10A-assets\679B276143705D4AC3247557E5B766A0D3B8EF46EF0C7E93E9743E56F4C7C21B.header.png,65735261B59092C248F851DCB8201B5F74033DD865B704E935B5E09B87E92E3E
681D494D1EABD2B24BA13F9F99B3AC5F6D565688BB7368714C430C5395C5A868,F-127BD2FBDD2CC031C0FE,2,E:\RecepcionDocumental-H1D10A-assets\681D494D1EABD2B24BA13F9F99B3AC5F6D565688BB7368714C430C5395C5A868.header.png,6E226C82627143F2744FF6662C654F2AFBB35C53EA1893B0795F8DE732412554
68384C891F748520511F1AC118FCE49299EBC326BF1FA1B534BBBF80AEB427D4,F-FACD83D8B4281A05571A,1,E:\RecepcionDocumental-H1D10A-assets\68384C891F748520511F1AC118FCE49299EBC326BF1FA1B534BBBF80AEB427D4.header.png,FFF29A3FBFC5A2563551D0F14F1FE01B7240B601A5F41B6B497276034F4EF870
68847021C832C384F382EB8B663EF6878C4B227562C30B4AE75BACD93F932807,F-FACD83D8B4281A05571A,1,E:\RecepcionDocumental-H1D10A-assets\68847021C832C384F382EB8B663EF6878C4B227562C30B4AE75BACD93F932807.header.png,A9F4B290CBEC8FB3C5FCD347ABA10DCCABC081D463EB5F8AB6EBEA5156293B7F
688B857EBA76F3FDD3C84756E0A20DB13FDCC6613A64CC850D0CDA9760FDF897,F-FACD83D8B4281A05571A,1,E:\RecepcionDocumental-H1D10A-assets\688B857EBA76F3FDD3C84756E0A20DB13FDCC6613A64CC850D0CDA9760FDF897.header.png,31E9608F8828C6B31696FBEFC0C198DC732D27B15FE801365A73443BB3EA3C33
689B7BBF501134FEE362293BF2BFE282BFAF1D3D456B47AC2C5C1CCAB5FA15C4,F-FACD83D8B4281A05571A,1,E:\RecepcionDocumental-H1D10A-assets\689B7BBF501134FEE362293BF2BFE282BFAF1D3D456B47AC2C5C1CCAB5FA15C4.header.png,88DF7F8FE669FF4AFAF61A8874142AE0189ADD268CE468E36AA1879605D6229A
68B3C6AAFE89838741E71226D9F554CE180B406E66489C6843999F2CB92CEDF1,F-EE08C7103D2458E54189,0,E:\RecepcionDocumental-H1D10A-assets\68B3C6AAFE89838741E71226D9F554CE180B406E66489C6843999F2CB92CEDF1.header.png,A6786954D7EC599E4E06068F5C2879D100ED0520F7A58FF59FACB171DBBE33E9
68BECE9089A8CF2D016046FF5F01BD82DB7E926079538EFBDAC71920F9FB6F4E,F-E70110F2096258660969,0,E:\RecepcionDocumental-H1D10A-assets\68BECE9089A8CF2D016046FF5F01BD82DB7E926079538EFBDAC71920F9FB6F4E.header.png,8AF32294BC4B39C434D788777742356135EEAEEAC1F3E82A6A896B418F1EC26C
691BF365684F97697A067502250D2340172FFABC2AF02D9E3B21DA04BCB2E53D,F-463F5D66BCFC1B95B4F2,3,E:\RecepcionDocumental-H1D10A-assets\691BF365684F97697A067502250D2340172FFABC2AF02D9E3B21DA04BCB2E53D.header.png,67DE5B30E71D0E0DEAD8CCEC1AA101ED5CA94242FB72C75BA945F19CCA8C1681
6951FCD388A8D53F50AEC19CB24E961F550D8DFDD9B70D9D3EBBEE53AB0530DF,F-BD443D8161F24BFCB109,3,E:\RecepcionDocumental-H1D10A-assets\6951FCD388A8D53F50AEC19CB24E961F550D8DFDD9B70D9D3EBBEE53AB0530DF.header.png,D808F724707BE0B72D39C30AC01C03AC63FB3126467F0D5AFDEECAD9D1FDEC49
69BD97565D5E8FA5D5CC7FD22FC5672E7AB8B5D16B40DFF18AEA29F0EE46FD94,F-EE08C7103D2458E54189,0,E:\RecepcionDocumental-H1D10A-assets\69BD97565D5E8FA5D5CC7FD22FC5672E7AB8B5D16B40DFF18AEA29F0EE46FD94.header.png,58A2693CFADAF28B3B109EAF751A5343C03E9C4464E7BA3626AAB3A3DC71E8A7
69F92D3D10F2BE9527CE3AA19F22635B987762F8663A4A61550B7791C9813E44,F-99F7A3F5F30B759FC1BA,3,E:\RecepcionDocumental-H1D10A-assets\69F92D3D10F2BE9527CE3AA19F22635B987762F8663A4A61550B7791C9813E44.header.png,AA4FCEA605E2DBC8510D27F083128C90E311F463793153CA0231CD061FC2199E
6A06BCDA8E65514CF3BD6E192ED15EE82B1DF5E90108BE7BCD9B102E469B53F9,F-A75A0A5D32BC3BDDC3FF,1,E:\RecepcionDocumental-H1D10A-assets\6A06BCDA8E65514CF3BD6E192ED15EE82B1DF5E90108BE7BCD9B102E469B53F9.header.png,6473B45B2B89AB7B3315E4213B40A415C5564931054FBAA33125329C81F7B1A0
6A19E35A6ABC9779551A8B03A45A480090726EC526CA32ABE637DAE9DC09E317,F-874149FBB96F2D26236B,2,E:\RecepcionDocumental-H1D10A-assets\6A19E35A6ABC9779551A8B03A45A480090726EC526CA32ABE637DAE9DC09E317.header.png,65E20D490BCD1A2B5FD34C683C5C8A1EFA4371F63E35B04FEEEC7CEF81551BE9
6A44D2562609C71F11C6039FD392E9E681619719A7040D46EA9B6E1E6DB4F295,F-FACD83D8B4281A05571A,1,E:\RecepcionDocumental-H1D10A-assets\6A44D2562609C71F11C6039FD392E9E681619719A7040D46EA9B6E1E6DB4F295.header.png,6A2AF81F411377A87DF35AF716082835AED1A0154A95B61C7E873EA6C97BBFF4
6AA2642DAF7B52EB364C1F945C3E1E25D291670E295B50405BC27CB969D12DE4,F-FACD83D8B4281A05571A,1,E:\RecepcionDocumental-H1D10A-assets\6AA2642DAF7B52EB364C1F945C3E1E25D291670E295B50405BC27CB969D12DE4.header.png,B4E32090569EDE2B634B113B35A58F05CC7A0D6E5E38686E7F8574739CAB017F
6AAA6E56A668CA470CE59A1DA0E3208162A408FD1E83E1DB80551F50B08F7631,F-2225E7482E0C1A2CF093,2,E:\RecepcionDocumental-H1D10A-assets\6AAA6E56A668CA470CE59A1DA0E3208162A408FD1E83E1DB80551F50B08F7631.header.png,530B577CC8202E47ADA0C67800AF6026113F8C105BA05A2FB74EA549587E179E
6AB1420C695AE2A02BBF6C1CF3EA49C7218A2CF1AC0BAE68E045D85D111FC0C0,F-FACD83D8B4281A05571A,1,E:\RecepcionDocumental-H1D10A-assets\6AB1420C695AE2A02BBF6C1CF3EA49C7218A2CF1AC0BAE68E045D85D111FC0C0.header.png,7B37E2CC77F9BB4293DA6A05629C4561F2F55B4A2BAEFCDBC2B2CAE4593701BE
6B0339E36C35108FAF16CA49C1BF3433163F965A1ED14438435253633CBB9F31,F-FACD83D8B4281A05571A,1,E:\RecepcionDocumental-H1D10A-assets\6B0339E36C35108FAF16CA49C1BF3433163F965A1ED14438435253633CBB9F31.header.png,96FB281F69F8E1B168B8E28926F4A25971F60A53182A14EEB8097FB727AED739
6B4A3FF9C231EC839A67CEBFFE430E144F787E7637B5565884FC431C70BB3736,F-FACD83D8B4281A05571A,1,E:\RecepcionDocumental-H1D10A-assets\6B4A3FF9C231EC839A67CEBFFE430E144F787E7637B5565884FC431C70BB3736.header.png,F85AE568C5DD0243BE3116C992DC610DA1190F22C3215228EC5237FBE8E33C1A
6B5E9590C4800D1DF3407962383CB00B53C9090887157D672A4E2359DFFAA25F,F-463F5D66BCFC1B95B4F2,3,E:\RecepcionDocumental-H1D10A-assets\6B5E9590C4800D1DF3407962383CB00B53C9090887157D672A4E2359DFFAA25F.header.png,C78D898206A34166E4D4FFAF46EF3A897AC7B8B3C5906EC9B530349BED4BC9C6
6B7BB9D0EFF24F7DAB919D1049DE297F8C289642CBF813E3C2E85064308F0BC6,F-FACD83D8B4281A05571A,1,E:\RecepcionDocumental-H1D10A-assets\6B7BB9D0EFF24F7DAB919D1049DE297F8C289642CBF813E3C2E85064308F0BC6.header.png,F1AEBD276CAC715873B5A3D2CFA5F506653C74F4DE5AFAF90E39DB38D3EC13DD
6B96BB1E1D807BDFD4A12F5631C2176A155EE44DAA9B974BA349414248CE8938,F-C4EFEA98CD9D9490E678,2,E:\RecepcionDocumental-H1D10A-assets\6B96BB1E1D807BDFD4A12F5631C2176A155EE44DAA9B974BA349414248CE8938.header.png,8A5490C1A5B598408AD8A1F0829D84B2AF4D331191F6A6CD6D26397827CBF65E
6BC211BC3F456C4F62C7F39BE39CE115108F377BC270C8D0CBD9CB0A400092D5,F-463F5D66BCFC1B95B4F2,3,E:\RecepcionDocumental-H1D10A-assets\6BC211BC3F456C4F62C7F39BE39CE115108F377BC270C8D0CBD9CB0A400092D5.header.png,69BA6F1B5006F2645B9A7100A9AEF4B0251B35B50D577D19CA1EB0FD0C52C14F
6BC87B9F03FDB1B6CA97AF962F30837A6B76F2CBC51CEAC85253E653BB7D3790,F-FACD83D8B4281A05571A,1,E:\RecepcionDocumental-H1D10A-assets\6BC87B9F03FDB1B6CA97AF962F30837A6B76F2CBC51CEAC85253E653BB7D3790.header.png,DD9BDEF4BE8A89886EF263E5EFC384BC91162D43323937D9E6CB143A2412328A
6BDD70A1E311F323C3AE095EA182CC3591DEFFA1BB39A2F1872AD5556DE12B10,F-724FA6B6F7F7BF0A734C,0,E:\RecepcionDocumental-H1D10A-assets\6BDD70A1E311F323C3AE095EA182CC3591DEFFA1BB39A2F1872AD5556DE12B10.header.png,56184D439187B726013D7C2DE70EDFE1E5197416E6C1057819929E64D52EF4D0
6C4F806F57E884A8868D9DDA6F11E9A66107106EC3FE4989B56D5ED6BDBF705C,F-FACD83D8B4281A05571A,1,E:\RecepcionDocumental-H1D10A-assets\6C4F806F57E884A8868D9DDA6F11E9A66107106EC3FE4989B56D5ED6BDBF705C.header.png,CF56D80D978DC5E26FEC540D12D29643299F7E47AC88C356AB53E211B69F3B34
6C5B4EA91CF5B9B7DCFE271736BED260D3E743DB8E6B20D27414377E4A215229,F-463F5D66BCFC1B95B4F2,3,E:\RecepcionDocumental-H1D10A-assets\6C5B4EA91CF5B9B7DCFE271736BED260D3E743DB8E6B20D27414377E4A215229.header.png,A1E8B5A998D9DCCED3BE6CF59E24B955F41DEF404B112DC3B80AE7C4F93FF25D
6C60860296C94E2ACB69838ECB62B7DEE7CD4A9C0357E689FC6DF7E2F4D840B5,F-52A8D3E535639BC9066E,2,E:\RecepcionDocumental-H1D10A-assets\6C60860296C94E2ACB69838ECB62B7DEE7CD4A9C0357E689FC6DF7E2F4D840B5.header.png,7CEC429BC8EE7C86DAA724497C592692448B654639B14D15DC3133EE749756C5
6C8B940D1661F64CF6F7EC76B7DBF963C1D054B1355DFD856CA0FB306A750A3D,F-EE08C7103D2458E54189,0,E:\RecepcionDocumental-H1D10A-assets\6C8B940D1661F64CF6F7EC76B7DBF963C1D054B1355DFD856CA0FB306A750A3D.header.png,0CF4B02B1BE94631FA602A2B3C915CBADFE345E918F3F93F7652D0AE44A9993B
6C94C617C8904CF308B28BE5F23B2E67C8FC9DF6D9AD8F1B0FB3FEA74DBFEEA1,F-EE08C7103D2458E54189,0,E:\RecepcionDocumental-H1D10A-assets\6C94C617C8904CF308B28BE5F23B2E67C8FC9DF6D9AD8F1B0FB3FEA74DBFEEA1.header.png,CDA1D2593904ADE800229A0AC381EF79FFAD58E2492810F10FE9DAEDA33CEDA8
6D6E1AA48E6C44FD43EF2352B4C1F3D017BC787D0C043C49EAACDF1BCF531B22,F-C4EFEA98CD9D9490E678,2,E:\RecepcionDocumental-H1D10A-assets\6D6E1AA48E6C44FD43EF2352B4C1F3D017BC787D0C043C49EAACDF1BCF531B22.header.png,0389F979DD1BE15C8C7D4ACC906617F241D02BFC6D90C431871A2015FF3FC261
6DEA7D3BCF2BDC78A4C5B1A0C8A35F62E0D88B265012BA0DBBCB8B6613470373,F-463F5D66BCFC1B95B4F2,3,E:\RecepcionDocumental-H1D10A-assets\6DEA7D3BCF2BDC78A4C5B1A0C8A35F62E0D88B265012BA0DBBCB8B6613470373.header.png,391D05654DF8017BD65336AC8B28946ABF4B8CBE17A02C820C658DB28A7A1D09
6E223B3FB776EC499C1079BF9AF95E4CAA33950DD34CBC577C446F8985A308EA,F-C4EFEA98CD9D9490E678,2,E:\RecepcionDocumental-H1D10A-assets\6E223B3FB776EC499C1079BF9AF95E4CAA33950DD34CBC577C446F8985A308EA.header.png,B9C5BC75400269E5D149C187EEC1C7349DDF2D75F9472D448DEE483AC885F9D5
6E87835328F15BFEB50D7BE61B069A1C3E18312B37B2AD241FC3B3D5B3669957,F-6F5CAF1E1AEEB43C5486,2,E:\RecepcionDocumental-H1D10A-assets\6E87835328F15BFEB50D7BE61B069A1C3E18312B37B2AD241FC3B3D5B3669957.header.png,D709831476662E55B0FE2713DF71BCB74F6928F9735FD62C74E75011DA4DEC64
6E9ED9F5310651C047A3FC9B8D480F10A4625DB45DC71EB2F895E3E2993D62A1,F-EE08C7103D2458E54189,0,E:\RecepcionDocumental-H1D10A-assets\6E9ED9F5310651C047A3FC9B8D480F10A4625DB45DC71EB2F895E3E2993D62A1.header.png,B6803D2B9CBA7F53CDE5FB6C002E86F9D58F667CDFC76AE9FF45ACEF75129827
6EE583A0329BFFE2CC0604B2DF470F2E9E8A3A491ABED3AE58229C122955C824,F-FACD83D8B4281A05571A,1,E:\RecepcionDocumental-H1D10A-assets\6EE583A0329BFFE2CC0604B2DF470F2E9E8A3A491ABED3AE58229C122955C824.header.png,75D90C48180BF2663A70F9D30511B3E561F56693572325A48C2CB898392B2506
70183B71AFCE11898A3EBCFC447FF1DA5F4FCE6AE346AD66A7BFB03C5841D4DF,F-FACD83D8B4281A05571A,1,E:\RecepcionDocumental-H1D10A-assets\70183B71AFCE11898A3EBCFC447FF1DA5F4FCE6AE346AD66A7BFB03C5841D4DF.header.png,A41CBEC5A3B8C5FC7ADDFA91AB9566090E9CBB155369C2EE3353033ECB487665
70701EB80254F49040749A4D00344EC36FD7AC369A877580BDB3B12BC941655A,F-FACD83D8B4281A05571A,1,E:\RecepcionDocumental-H1D10A-assets\70701EB80254F49040749A4D00344EC36FD7AC369A877580BDB3B12BC941655A.header.png,9A4A549DB74DCF187AF3C59358DE8B8FB12AB7658AEAC90FF4D81ABAB3101096
70943A213A862A315DB451BAFBADDBFE5C0E45D694BF40FD8E5430FF47A032BA,F-E8D73DC2FE1F519E363D,0,E:\RecepcionDocumental-H1D10A-assets\70943A213A862A315DB451BAFBADDBFE5C0E45D694BF40FD8E5430FF47A032BA.header.png,3D1680795873830C1BC6264998A22D3385D99FE21737AB7B471C7F23D970FFB2
70E5AE3F504F2F5AB4AD5B3E512AC716415539ADF79DF6BF02821B5A8D35578A,F-463F5D66BCFC1B95B4F2,3,E:\RecepcionDocumental-H1D10A-assets\70E5AE3F504F2F5AB4AD5B3E512AC716415539ADF79DF6BF02821B5A8D35578A.header.png,E9A125219F941E6ED4874DA59F4D3CABC02E6CEAA5D8C13A6D4DFA9BEE2CFDA4
724463BDFD7CEF809283F23242EFA6D6746540C1B1BED9FA87F7081F3FEAA794,F-FACD83D8B4281A05571A,1,E:\RecepcionDocumental-H1D10A-assets\724463BDFD7CEF809283F23242EFA6D6746540C1B1BED9FA87F7081F3FEAA794.header.png,41C884E5AB083249E2475DC12AFD296EAFD991B578AA9C3CDC0BB80E4C60C350
724E671BB3324AC80652938C4FC4669A53A37A8FC7CE84A81EA066E5A2D15246,F-EE08C7103D2458E54189,0,E:\RecepcionDocumental-H1D10A-assets\724E671BB3324AC80652938C4FC4669A53A37A8FC7CE84A81EA066E5A2D15246.header.png,AAC6C780F245BCAAC0978FD46356E5FCB9BD6E04CEF575591B9719D35A7F23DA
728FFB9AA6918939C77AFBD14176374095A4B94DF78DC4BBE4E0D3A1F4E64555,F-278280CEE7859CD404B9,0,E:\RecepcionDocumental-H1D10A-assets\728FFB9AA6918939C77AFBD14176374095A4B94DF78DC4BBE4E0D3A1F4E64555.header.png,337893190DA14D0F4B5CF97ABE8A582FCE77EC9BAC763DC47668ECC1ED208657
729AF3D6447EC31F5F02AB12E6FB6DD6CAE910EC2C50B43FBEBFECB00678E4B0,F-C4EFEA98CD9D9490E678,2,E:\RecepcionDocumental-H1D10A-assets\729AF3D6447EC31F5F02AB12E6FB6DD6CAE910EC2C50B43FBEBFECB00678E4B0.header.png,EAEC21E282D652158F540D83BE3D3FE68C902CECA6518C27AC7F93914A29EAC3
72D4B9B1041555B196030613602AB200641E03F669E2F7A68004A6F30A0026C9,F-52A8D3E535639BC9066E,2,E:\RecepcionDocumental-H1D10A-assets\72D4B9B1041555B196030613602AB200641E03F669E2F7A68004A6F30A0026C9.header.png,269AF69227BE52D764CDF16BD812F337DA419E074266B4461206DF35611C3DDC
72DB0BB791EF4D236D0F5138132C14C14CC2CD9C33CB371EE37DDDD55642FBA8,F-EE08C7103D2458E54189,0,E:\RecepcionDocumental-H1D10A-assets\72DB0BB791EF4D236D0F5138132C14C14CC2CD9C33CB371EE37DDDD55642FBA8.header.png,AC3FF92867770D26ABFE8894228B6A82B629FEE7B1C6E038B10F6A871BC2A35F
734F30506EF447B3DF986696A7B0478A899FB94EB94D9C58897B138972AFE0CB,F-6F5CAF1E1AEEB43C5486,2,E:\RecepcionDocumental-H1D10A-assets\734F30506EF447B3DF986696A7B0478A899FB94EB94D9C58897B138972AFE0CB.header.png,76216CF9B205A1BD0CB69065B9375B960219992D93C306140F2DF1EF73805AF9
7369DF302D07631A98454113785F530B862A7D556083C9BCE2A378E733A259D1,F-FACD83D8B4281A05571A,1,E:\RecepcionDocumental-H1D10A-assets\7369DF302D07631A98454113785F530B862A7D556083C9BCE2A378E733A259D1.header.png,996A7F183CDE89B42FA6034035269D84EA5298FA768C6BE6DAD0F98CFEF9C196
7450CD3EC72F3F9A0F1009EF270B10F283D7B56BE50BAAC01800EA9CF2C9E36B,F-DCC01CD6C3861C7E4C3E,3,E:\RecepcionDocumental-H1D10A-assets\7450CD3EC72F3F9A0F1009EF270B10F283D7B56BE50BAAC01800EA9CF2C9E36B.header.png,B7FF31EF7F5FE24BE06A5806AD2ADAB8335BE3D1BDA58FFB63759F6D406B2EE4
74542EF02D20DD76101D0733ECF11256439DDFD34B08011929E3EAD5E159F285,F-6F5CAF1E1AEEB43C5486,2,E:\RecepcionDocumental-H1D10A-assets\74542EF02D20DD76101D0733ECF11256439DDFD34B08011929E3EAD5E159F285.header.png,B8849F65A0DA7D62B014FFCF30BDFF59AECC03803C3D3C8B05F6C793B99E40BB
74A8804E13BCB0916DE52FB4050B48283F6D7C52B6A0CC9E5C66DBC3093FEB48,F-6F5CAF1E1AEEB43C5486,2,E:\RecepcionDocumental-H1D10A-assets\74A8804E13BCB0916DE52FB4050B48283F6D7C52B6A0CC9E5C66DBC3093FEB48.header.png,09B958CE899A38E8C4D2FC6C2490E40F54FCB23D5AE3B1ADBEABF0194F52D82B
74A93147090410909DD49E3D1B75B7C3EA9345128B785139DC2F671880C5FE6E,F-EE08C7103D2458E54189,0,E:\RecepcionDocumental-H1D10A-assets\74A93147090410909DD49E3D1B75B7C3EA9345128B785139DC2F671880C5FE6E.header.png,E65FC8B0C15DE8A77038B400AC1E5FD61DE6E38A49CA5E94C614A3A7AA957565
74E1683A4487F41741E8A66012A82E03967DF0DDF917463FCEF8254BBECACC4A,F-463F5D66BCFC1B95B4F2,3,E:\RecepcionDocumental-H1D10A-assets\74E1683A4487F41741E8A66012A82E03967DF0DDF917463FCEF8254BBECACC4A.header.png,A813EA41D6BAD368F25331E90BF56CC3F70F4A0695CB494E3F6F2AB3A5B57383
750B721B9BDFFF78051B518266ACF845200D2C77179A01BD8DBB04C304DBA48F,F-FACD83D8B4281A05571A,1,E:\RecepcionDocumental-H1D10A-assets\750B721B9BDFFF78051B518266ACF845200D2C77179A01BD8DBB04C304DBA48F.header.png,D593D4801AC547A3964B95DEAE24AA85F140C3201AB7122FF23886A66D86E590
754EE6E12E8F8F2901DAE135E15FF3D5ABF245CA5D195BB6F95149FE4EA034C8,F-463F5D66BCFC1B95B4F2,3,E:\RecepcionDocumental-H1D10A-assets\754EE6E12E8F8F2901DAE135E15FF3D5ABF245CA5D195BB6F95149FE4EA034C8.header.png,94E1EF61C19A054C71B4B68068C355BD95571AA01E233C4884E819BDD95B7C7F
75920680546C0B19824E520C35362E4321A64E41D50F38FDCA51BFD9B991E533,F-32D29C25B87BCDD5D9A3,3,E:\RecepcionDocumental-H1D10A-assets\75920680546C0B19824E520C35362E4321A64E41D50F38FDCA51BFD9B991E533.header.png,60F0EAE81DFDAEFEA5B6FDACB83886D32D564821840D302F079123F5962C81B5
7665E4053FAEAC461DD7C5DD5BCF9F87E0FD310718AD6F36BCD084A7244397EC,F-236B043AC3F54D78C0B5,2,E:\RecepcionDocumental-H1D10A-assets\7665E4053FAEAC461DD7C5DD5BCF9F87E0FD310718AD6F36BCD084A7244397EC.header.png,CAD8A16739DEEC56217ADEDC4AFDFD8DBCBE43D670C87DDB71C865BC9DE2A57E
7765957EC5D2FAD2C870AA576B360E8C599D1A09C2161E5A60675B0C299E82FF,F-C04B37B1724168DE2084,3,E:\RecepcionDocumental-H1D10A-assets\7765957EC5D2FAD2C870AA576B360E8C599D1A09C2161E5A60675B0C299E82FF.header.png,712E17AC7BB5C4399BE3259E1D13A5CAF602580CB317131A31895DBA31D6ABE9
77A0EC1DD124A7512A46495983BEB01CA5EAB0F48B06D7DE74C1D779BA2D5625,F-42F5E136477B6F356B09,2,E:\RecepcionDocumental-H1D10A-assets\77A0EC1DD124A7512A46495983BEB01CA5EAB0F48B06D7DE74C1D779BA2D5625.header.png,2A307D00B8EC441F3049FF7285A93A1C1404695CF61393ABC404BC8FCA26ECFE
77B60D8DF4FBC86CF6252968C853F56FAEEDA985E717813496E7056B93CA9840,F-6F5CAF1E1AEEB43C5486,2,E:\RecepcionDocumental-H1D10A-assets\77B60D8DF4FBC86CF6252968C853F56FAEEDA985E717813496E7056B93CA9840.header.png,597327FD60C7EAE2AD796DF2B71251896DE850CF200898EA86E5BA19F00D427D
77BEE0C8120D6B5C3D19B79CC4ABFFE13BCD86AB4AD7BDCFE810BF0F53FA5689,F-FC411F149001282E7254,2,E:\RecepcionDocumental-H1D10A-assets\77BEE0C8120D6B5C3D19B79CC4ABFFE13BCD86AB4AD7BDCFE810BF0F53FA5689.header.png,9881E3325B41118E3D4736ADC1DDFC5836A48A22A091A871167DC64499E9AD80
7856CD25016572D0C1DAD26A3A34140A0970F045A42C83C1D80C10E9F894C9B6,F-EE08C7103D2458E54189,0,E:\RecepcionDocumental-H1D10A-assets\7856CD25016572D0C1DAD26A3A34140A0970F045A42C83C1D80C10E9F894C9B6.header.png,ED68A95D4B2F74D2B6325197911015375E1905BD36D1B6ED54508301C421217E
786C9DF77DC594A4F4661372FB7550FA2BBE1C9CDC8EEFD007F2E8338559704A,F-127BD2FBDD2CC031C0FE,2,E:\RecepcionDocumental-H1D10A-assets\786C9DF77DC594A4F4661372FB7550FA2BBE1C9CDC8EEFD007F2E8338559704A.header.png,C83FD3990443A07BFF8AAAF41CD80EF628CF4D0913B141BA9D0AB60D0795BD55
789EA214DA187999DB573C790694ED9C456AD09E79B3423DA4745624AB02984B,F-FACD83D8B4281A05571A,1,E:\RecepcionDocumental-H1D10A-assets\789EA214DA187999DB573C790694ED9C456AD09E79B3423DA4745624AB02984B.header.png,4FAE8B8894418C4FA0C6304121170BA66E9ED75A99A8B5E45264CA3384380D87
78D7C45F35EDDA7F3577410E9127D1B384883360372511081C054BA435B8E0A6,F-6F5CAF1E1AEEB43C5486,2,E:\RecepcionDocumental-H1D10A-assets\78D7C45F35EDDA7F3577410E9127D1B384883360372511081C054BA435B8E0A6.header.png,7FBC2957C3023C12D4A519A89A590A9629E232C2E698DD9AF17A2A103D7EFAC1
7943C6EB1641AD882AF8038E05B5F350A7FA8FBE6C2DF3DF90E9004412040FEF,F-3F260BA547D3B90B2125,0,E:\RecepcionDocumental-H1D10A-assets\7943C6EB1641AD882AF8038E05B5F350A7FA8FBE6C2DF3DF90E9004412040FEF.header.png,86710F68D7A659FB727DD3ACBDE0FD04F4D317B13DB63124C839C462B653F607
798711A2CD575D42858450215C116F88AAB5045FF2ADB933E2FAFEA46C072DB6,F-108FF89DFB4EC29C3343,0,E:\RecepcionDocumental-H1D10A-assets\798711A2CD575D42858450215C116F88AAB5045FF2ADB933E2FAFEA46C072DB6.header.png,EBCAE8F3BB763C94575E04F4763C8E6C2F5E94274C6B025057D8F551460080BF
798ACADC0DC6E998A0904781F508CB74AA1B009064F5615A92EEE05C3AA36790,F-228C9EF1AF8B1DC387B7,0,E:\RecepcionDocumental-H1D10A-assets\798ACADC0DC6E998A0904781F508CB74AA1B009064F5615A92EEE05C3AA36790.header.png,81C741081BBD80734342A937F2CADE0A56B02B3434FA280A3C1050C07BA7B319
79ADF4E464CD5BF264A498AF625E2970E5CC8C04C0328A0860C11350DB57FBE3,F-A69FDECE53AB69CF1845,2,E:\RecepcionDocumental-H1D10A-assets\79ADF4E464CD5BF264A498AF625E2970E5CC8C04C0328A0860C11350DB57FBE3.header.png,A7DC1D8DCA49E3DD1A8762AA6E2D54F63DB02DA47077E56F8DD5FF7326BB3134
7AB8D2AB7B5229FA6F6AFB5F7329F783BD003B13322FB478B6176610993FCC87,F-463F5D66BCFC1B95B4F2,3,E:\RecepcionDocumental-H1D10A-assets\7AB8D2AB7B5229FA6F6AFB5F7329F783BD003B13322FB478B6176610993FCC87.header.png,3EE08F7E61A4AECDE520C89EE177944652B573888EBEA25C3D3670A236D9620A
7AE0DBFAD8AA6A4A31D3D85770137B3AC98891809709CF8E9EC04FAD430D9BFB,F-EE08C7103D2458E54189,0,E:\RecepcionDocumental-H1D10A-assets\7AE0DBFAD8AA6A4A31D3D85770137B3AC98891809709CF8E9EC04FAD430D9BFB.header.png,C7A76BFB627166C4975EBC8DC40276923607575EE105B93C1C1E5F9B54FD9308
7B3901E49FF57B75478E861F1A6EEC80C6FA8ED5B6BF3BAB44C8E8FC0989BB5C,F-FACD83D8B4281A05571A,1,E:\RecepcionDocumental-H1D10A-assets\7B3901E49FF57B75478E861F1A6EEC80C6FA8ED5B6BF3BAB44C8E8FC0989BB5C.header.png,25007F17E428B6C14127609256C4AE8381CAF6DB340B078468862079CC96E1DD
7B719EB0767D781E74AAB6EFB62BA480BFEF3682904B68947E5F6415AFE1EE44,F-4282D891EC4146496CC2,3,E:\RecepcionDocumental-H1D10A-assets\7B719EB0767D781E74AAB6EFB62BA480BFEF3682904B68947E5F6415AFE1EE44.header.png,6FAE893D2058F29DF18046D8D0FFE2B3F5D0E3AA1DBD59FB083B1A5F796F546A
7B88EB37D9D6D70AF24378E316B65C9A921DFF386F57347F7073D8AB98E0D99F,F-EDBFE59229E8571451DD,2,E:\RecepcionDocumental-H1D10A-assets\7B88EB37D9D6D70AF24378E316B65C9A921DFF386F57347F7073D8AB98E0D99F.header.png,8194C327CD6C9AA2EDFEB382270D9BC1EB99FAC44E360431CFB9DC5477783EE8
7BDA132A66DCC9019CACEC8C76D060F25F6AB5BC39C12E07860E24F737ADFF5D,F-6A583E4107FD174FEE61,1,E:\RecepcionDocumental-H1D10A-assets\7BDA132A66DCC9019CACEC8C76D060F25F6AB5BC39C12E07860E24F737ADFF5D.header.png,030A425E8295E55D925098D3E9B553CD7882274EE25ABAE190F5A0F30F795729
7BE95791A9699A99D2073BA31B556C45CFA1A04985002C06CA6A36D57A86525D,F-FACD83D8B4281A05571A,1,E:\RecepcionDocumental-H1D10A-assets\7BE95791A9699A99D2073BA31B556C45CFA1A04985002C06CA6A36D57A86525D.header.png,4998A91530554CBC47240C45953D06DC8F90B452C3725A49BDE360061E151D9B
7C73F1706B08D28FF38296AA93C83247D2B200F3EEF0D166BC1AF40FA14836FF,F-EE08C7103D2458E54189,0,E:\RecepcionDocumental-H1D10A-assets\7C73F1706B08D28FF38296AA93C83247D2B200F3EEF0D166BC1AF40FA14836FF.header.png,8034F8FEBA2D47BA10AE3A522C0D780575E90BFE02D283543ECAB7F62B342A00
7C7BEBD02F866B63C5475F1B0D0CA9C678F5D261548ED2C7B2B9D475D6383CC9,F-1B5BFBE3C31B9AB023C7,1,E:\RecepcionDocumental-H1D10A-assets\7C7BEBD02F866B63C5475F1B0D0CA9C678F5D261548ED2C7B2B9D475D6383CC9.header.png,3D37DF9474D26854F25C038B1FC4EC91572BD2186A5B9641EC25BAA7566FA4B2
7C9BBDA23EDEB3A0E8084A1817DC926D7DBC841380E79E281F299282806E530C,F-463F5D66BCFC1B95B4F2,3,E:\RecepcionDocumental-H1D10A-assets\7C9BBDA23EDEB3A0E8084A1817DC926D7DBC841380E79E281F299282806E530C.header.png,98636CD73FC8FCA0132FC0FC0508B3621A65C91FC83704D67252E754D72662AA
7D1382F1311C92CB388B27CBA3FA90D6ED16941AFC4AF91E2A72DC24D5315A75,F-6F5CAF1E1AEEB43C5486,2,E:\RecepcionDocumental-H1D10A-assets\7D1382F1311C92CB388B27CBA3FA90D6ED16941AFC4AF91E2A72DC24D5315A75.header.png,9BC6331539CFBD4DEC4D5E2E174577BB97BFBF79F66C836D858A3685544175A0
7D43AB520097327C8645B32F08E408BD0715488AC01D3A360839A4652A9AC719,F-FACD83D8B4281A05571A,1,E:\RecepcionDocumental-H1D10A-assets\7D43AB520097327C8645B32F08E408BD0715488AC01D3A360839A4652A9AC719.header.png,26604D5785FD5A65EB27E9EE087466AD457B8CF0442AB92EF2A005AB6F20E170
7D71C224D23E5E0E8FD05C6303A4B986D06341EE722D4E62939389806BBE3471,F-78FBBC0583221AAC5789,2,E:\RecepcionDocumental-H1D10A-assets\7D71C224D23E5E0E8FD05C6303A4B986D06341EE722D4E62939389806BBE3471.header.png,D13C03BEBB69672B5556FF289FED44F534A780F3C6C0946CC92D218C849DFF50
7DB28C1CAEF678FB79B4D943F74C412E0324E467A85C015D65AD2D45783D057A,F-38536FFE21B52E182513,3,E:\RecepcionDocumental-H1D10A-assets\7DB28C1CAEF678FB79B4D943F74C412E0324E467A85C015D65AD2D45783D057A.header.png,27FBA00AA178D98B965DB841FF36B2C7B4EF3C2E0B07E5985DA074F6D544DFA0
7E3C212A4DE3A52AB3D18EEEE790C5BEE9D1117A682938855EF6EFA02DD3C4AC,F-EE08C7103D2458E54189,0,E:\RecepcionDocumental-H1D10A-assets\7E3C212A4DE3A52AB3D18EEEE790C5BEE9D1117A682938855EF6EFA02DD3C4AC.header.png,3D245567AAD05C87B16AF469649DD4AC93CB050534C0161F5804B80A5CF704CD
7E7C1A039E6FDE0D4120995D969E25093755D4C47653EAE9E1F5998F2454448B,F-FACD83D8B4281A05571A,1,E:\RecepcionDocumental-H1D10A-assets\7E7C1A039E6FDE0D4120995D969E25093755D4C47653EAE9E1F5998F2454448B.header.png,3B00DC82E37869150F6C964A21A769E7808FBA14A62F3C4D78437C35BE4A674B
7F7A01F689D121007DF3C9E807D55E966E785B4D8CAABB94AD8FBA25C27225F4,F-EE08C7103D2458E54189,0,E:\RecepcionDocumental-H1D10A-assets\7F7A01F689D121007DF3C9E807D55E966E785B4D8CAABB94AD8FBA25C27225F4.header.png,6F8D02FC2646B47A8859E0BE4BE205CC24E7E390114FF5261537BAD58B14AED3
7F89F980F4355D93CED4B57BBB7F5AC404B25E081962D20F5702B8764B4066DB,F-EE08C7103D2458E54189,0,E:\RecepcionDocumental-H1D10A-assets\7F89F980F4355D93CED4B57BBB7F5AC404B25E081962D20F5702B8764B4066DB.header.png,1BB8727DE8D3D7669EA014C146CBA4BD1D46FF0D212D1B7202546196BA6E5CF9
7FCBBC7B3E14E41EFA2F05C0FFC31F73B74BE9AA4754A639AD303E1AB0092CCE,F-FACD83D8B4281A05571A,1,E:\RecepcionDocumental-H1D10A-assets\7FCBBC7B3E14E41EFA2F05C0FFC31F73B74BE9AA4754A639AD303E1AB0092CCE.header.png,93739AD53D9B99F84639D4EF06F683337BDA8F1C0690B33EE320DCF4908D860E
804CDD532AB841FFEB1AD54F73379984FF6D48BEA5D7D4C710BDFB9B1CCA822E,F-463F5D66BCFC1B95B4F2,3,E:\RecepcionDocumental-H1D10A-assets\804CDD532AB841FFEB1AD54F73379984FF6D48BEA5D7D4C710BDFB9B1CCA822E.header.png,15A3F24746CF52B103A6CF1503BB4266E6BE626AF5AF06675F3F82C30A27506D
80732A4F36964981412868A390392C3815A1B52925CB95D50E3226B76C2D868D,F-FACD83D8B4281A05571A,1,E:\RecepcionDocumental-H1D10A-assets\80732A4F36964981412868A390392C3815A1B52925CB95D50E3226B76C2D868D.header.png,3C25FF79F751B4386E21F83234F326408A7370A09C0A805E90B7CDF17FA33278
807889899EF0AE2BC479CE4CBA9EAE6C794B3C60373BD877FCA07C69C07B7AE3,F-6F5CAF1E1AEEB43C5486,2,E:\RecepcionDocumental-H1D10A-assets\807889899EF0AE2BC479CE4CBA9EAE6C794B3C60373BD877FCA07C69C07B7AE3.header.png,938CE541DED89D08997EB0830EB8276FFF66A1FECCED41708365AA1554509140
812B96A5165903BD78FF38B2AEF1A1F19C9B7A918FD69D7C7971BA8AE6D2271D,F-FACD83D8B4281A05571A,1,E:\RecepcionDocumental-H1D10A-assets\812B96A5165903BD78FF38B2AEF1A1F19C9B7A918FD69D7C7971BA8AE6D2271D.header.png,BEFB2B610582BE4AFA045B9771103DD923DEA9086E95B18805C1F74DA79FB719
8173874885C059C33DCA43BD63631C379C8D8408C5FE4DD2A0159D6AE80E554E,F-FACD83D8B4281A05571A,1,E:\RecepcionDocumental-H1D10A-assets\8173874885C059C33DCA43BD63631C379C8D8408C5FE4DD2A0159D6AE80E554E.header.png,094E9628E4194F5E53FF977A227B20C74EE1AA32CB38B180CE7D6998BED59278
817AEA31523ADF117C9475551788C73D2777CC744CB01A2044FF86D6CF7511A0,F-463F5D66BCFC1B95B4F2,3,E:\RecepcionDocumental-H1D10A-assets\817AEA31523ADF117C9475551788C73D2777CC744CB01A2044FF86D6CF7511A0.header.png,E2F07D715B026FFBBA97F039A6A2E330696A6F04F30D4DAE46ACDAF07F856841
8193A4E9A6585242D05EB8ACF18447F4336689F1967F687D954668A223E10FEF,F-463F5D66BCFC1B95B4F2,3,E:\RecepcionDocumental-H1D10A-assets\8193A4E9A6585242D05EB8ACF18447F4336689F1967F687D954668A223E10FEF.header.png,F3DB2A7321D9B2501AEF3F4C98EEDD5354EB43480673C196DBB12A75181FC1B8
81C269CBD63398D8276C6BEED2874474C81506277DEFB3D4495032D773F4409C,F-608FD94169B4B9CD50E2,2,E:\RecepcionDocumental-H1D10A-assets\81C269CBD63398D8276C6BEED2874474C81506277DEFB3D4495032D773F4409C.header.png,DD742FC5110EC0DBE9EE75544E2408AF701DFF562A577390B3882174EDD3D68A
823B928CB06F23FDBB1AE300E298EA833F0F8F0F97330FE12A9934EBE349195E,F-FACD83D8B4281A05571A,1,E:\RecepcionDocumental-H1D10A-assets\823B928CB06F23FDBB1AE300E298EA833F0F8F0F97330FE12A9934EBE349195E.header.png,5A9D3F3BDE66B66DA85013C66786170A98BA19E7245273F546D3CDA09D28E1B7
82876378F7B9F89F134D15F817A4672D52B26BB9F047FDA734201116486A0AF7,F-A69FDECE53AB69CF1845,2,E:\RecepcionDocumental-H1D10A-assets\82876378F7B9F89F134D15F817A4672D52B26BB9F047FDA734201116486A0AF7.header.png,E53425CCDC1C6421B2D7C76F64B783C996262D402D7909924E1A29AB21D6204F
8297067AEF748F2AF13EAE298A7873C99F19F88F467DEAAAF71FBE64554AC1C9,F-F47775882EC65DC9A64C,2,E:\RecepcionDocumental-H1D10A-assets\8297067AEF748F2AF13EAE298A7873C99F19F88F467DEAAAF71FBE64554AC1C9.header.png,F87F4B2BFD6E5E5A7461B700797D9A69C991C30552BCEA8BCB583F3B0ED0E196
82DF3F8548CD5894DD8BEA097182919DA8979018C3B51829AE23AC9FA75C0BE7,F-FACD83D8B4281A05571A,1,E:\RecepcionDocumental-H1D10A-assets\82DF3F8548CD5894DD8BEA097182919DA8979018C3B51829AE23AC9FA75C0BE7.header.png,593CB4C38BC422B7821EA6807B71D7B790BA4C3DE8D4ECB7191C3435DDF9883C
83814C2B24AE7A9CBB3110CF8C52F97E83B59540DDC596AF8F9A34DF483EAA65,F-EE08C7103D2458E54189,0,E:\RecepcionDocumental-H1D10A-assets\83814C2B24AE7A9CBB3110CF8C52F97E83B59540DDC596AF8F9A34DF483EAA65.header.png,14E9AD2A8B4A2B6C3D5444BAE0BADC4EB5BD8D273AE80C4F91123C8310A6D0BA
83E0306FF5707DBDEBFC9AD88A3634DF1D24B33FAA5A733B74A629090F74A53D,F-CD94A06EDDC7590F7145,2,E:\RecepcionDocumental-H1D10A-assets\83E0306FF5707DBDEBFC9AD88A3634DF1D24B33FAA5A733B74A629090F74A53D.header.png,2587A15F3D3B239E70A8CF0D51D8C404DDFD190355BFCC643E6BEAA444D960F0
8403289C618F5FEA6E985FE98C6A3F52D541EE0C6ADDA9901EA9F9CD942A1352,F-FACD83D8B4281A05571A,1,E:\RecepcionDocumental-H1D10A-assets\8403289C618F5FEA6E985FE98C6A3F52D541EE0C6ADDA9901EA9F9CD942A1352.header.png,3BAB46652BF9BD250E02E9CFB4406A5278F59044F4D8C6D53432F76E456DF9CA
842594336FD1FDF9801D6F0769960B24152213A2368F5E5E330F898639CCCB13,F-2225E7482E0C1A2CF093,2,E:\RecepcionDocumental-H1D10A-assets\842594336FD1FDF9801D6F0769960B24152213A2368F5E5E330F898639CCCB13.header.png,672C0FBD7FF0B4707F455BA0F522D148720DA1DBDA267C61974B90DFE6A13CEA
849C6ED1AD7AF7C311AB235C076CE496C3E2C6EDDC49C89E71131948C2006E88,F-77DF7B7AF18627AF7CC8,2,E:\RecepcionDocumental-H1D10A-assets\849C6ED1AD7AF7C311AB235C076CE496C3E2C6EDDC49C89E71131948C2006E88.header.png,66CE47FCC2D180C0038DE8E98B2A1C8FA986495AA856433D1306969FB30EB3CF
851F61E61DFAAF6BC623C446119DBAD3DAF975D0610ED36513CD523A63CD0CAA,F-127BD2FBDD2CC031C0FE,2,E:\RecepcionDocumental-H1D10A-assets\851F61E61DFAAF6BC623C446119DBAD3DAF975D0610ED36513CD523A63CD0CAA.header.png,A0FE11A04C5BD325833C0A0587E9C73CC305AC408CED3D3404F1922DF1BCA012
856894AA5FE2533859664CB6A42A38E20E75D671519947D7D1CB319D0C15FA12,F-FACD83D8B4281A05571A,1,E:\RecepcionDocumental-H1D10A-assets\856894AA5FE2533859664CB6A42A38E20E75D671519947D7D1CB319D0C15FA12.header.png,6979F04BFCAD2BEBFBEB7EA4D01E298083E4F4639F4D5AAC84BE21CBF773391A
85D09583CD00F06641312ABE16A8461DECE1C4F6A1772729A662E7DD2583D322,F-EE08C7103D2458E54189,0,E:\RecepcionDocumental-H1D10A-assets\85D09583CD00F06641312ABE16A8461DECE1C4F6A1772729A662E7DD2583D322.header.png,E59CE0A1874FEA77D525C9572FBA20EE4536C807DE9A907A33F76FB393B38FD0
85D52AFF44CBF04ED95630DCC02108C8ABACF6CA5F68BDB19D81EA8EA045AB8C,F-A69FDECE53AB69CF1845,2,E:\RecepcionDocumental-H1D10A-assets\85D52AFF44CBF04ED95630DCC02108C8ABACF6CA5F68BDB19D81EA8EA045AB8C.header.png,7EF01D8CFCB15B4996B859E9DAB850C5C0D82B8EDDA7D0577929AE1355A62594
85E85EF47B9912751729A2A2423C70CF214EEEBA2C81376F2AB82802F5F6AC0B,F-463F5D66BCFC1B95B4F2,3,E:\RecepcionDocumental-H1D10A-assets\85E85EF47B9912751729A2A2423C70CF214EEEBA2C81376F2AB82802F5F6AC0B.header.png,88E8C731C7A4926E509B5D3578E5C652AFE996FA91BECA7FEAB7A438AB5D2765
864D7CD058492007F2D3B2F0D08B81E87778572F0731A9311D65D955C84E3BFD,F-DA3D3ACC13A5AA5E9C71,3,E:\RecepcionDocumental-H1D10A-assets\864D7CD058492007F2D3B2F0D08B81E87778572F0731A9311D65D955C84E3BFD.header.png,4BCB72DF42D6C3C0BC3439DDFA2E8D794003FA14C0026C071D495883319ED499
8662F4458951ACE801108DAF219E3855DB8F31FB6AC3684BE32913EE951852DE,F-6F5CAF1E1AEEB43C5486,2,E:\RecepcionDocumental-H1D10A-assets\8662F4458951ACE801108DAF219E3855DB8F31FB6AC3684BE32913EE951852DE.header.png,65870138F895A0A7AC90A99F9B62DC39AF8BA0118F2C0F6BD6659E75DBB8ECC6
86CF42382B6E9AD770AEC0D3AE61798DC0A5D85C59C8C47E0C5A267158045370,F-FACD83D8B4281A05571A,1,E:\RecepcionDocumental-H1D10A-assets\86CF42382B6E9AD770AEC0D3AE61798DC0A5D85C59C8C47E0C5A267158045370.header.png,D6CBE747D42F1CC7230542CCB17D68AF1328B83417EC6CE4D1ACF37231FC572C
86F129C9F1A4A0BE0F30584A7B67D699707FA49D79769BBD4338B0601FA55D0F,F-A63645627CE2D9A75BE5,3,E:\RecepcionDocumental-H1D10A-assets\86F129C9F1A4A0BE0F30584A7B67D699707FA49D79769BBD4338B0601FA55D0F.header.png,FE53BA387750ADB978F231310E81118E516A0195EDD683BCC9B41141BC6F627D
870954EEF89AD892FD71524CB79D21979BD74318277339C21A2F4E388F06341B,F-FACD83D8B4281A05571A,1,E:\RecepcionDocumental-H1D10A-assets\870954EEF89AD892FD71524CB79D21979BD74318277339C21A2F4E388F06341B.header.png,F3D37E4C98BE5416024D98D1FFF2EB51D955F317B08C0C9E43124ADFF0A6492C
87B98EFA5585D960ED2FDD4D68C403CDC07905085C906C38415492B984527BA2,F-463F5D66BCFC1B95B4F2,3,E:\RecepcionDocumental-H1D10A-assets\87B98EFA5585D960ED2FDD4D68C403CDC07905085C906C38415492B984527BA2.header.png,17B0482E5812AA667A18930ADFF29D9624D7035BB476A31C8CF647C21C319100
87FB307AC4DDE601D5A4AF49775D540AF75DA22DDB8316C3B3391F8A7C8007DF,F-4426261E80B33B17CD1D,3,E:\RecepcionDocumental-H1D10A-assets\87FB307AC4DDE601D5A4AF49775D540AF75DA22DDB8316C3B3391F8A7C8007DF.header.png,264FB4AECE65D6BB70CB27560F78F2CB59EB5D72B8ECCB397A046800D73FD520
8804BD85592572AD09BC337FBB10D3AF7DAAE81F939A9ADE2BCAE8B43DBCFEC3,F-EE08C7103D2458E54189,0,E:\RecepcionDocumental-H1D10A-assets\8804BD85592572AD09BC337FBB10D3AF7DAAE81F939A9ADE2BCAE8B43DBCFEC3.header.png,DF82E2F8E4439F47628347DF942B4149F9DDD809EA0C9D33DE663C23FE1CFB82
8826A97C92D5F3C316493C87C2DE5C5E4F8EFC96A246003EED5011A5DCE39E90,F-EE08C7103D2458E54189,0,E:\RecepcionDocumental-H1D10A-assets\8826A97C92D5F3C316493C87C2DE5C5E4F8EFC96A246003EED5011A5DCE39E90.header.png,0D4AE943DACD20CB3A8D013F4FC365F752FE71EA0967E08A05350848DF3BCB84
883D67D2E7D0D4EE090C399C04207B516666CE7ACC6FC11E60DB07523F6763F9,F-A9B670855B09AE1DC9A7,0,E:\RecepcionDocumental-H1D10A-assets\883D67D2E7D0D4EE090C399C04207B516666CE7ACC6FC11E60DB07523F6763F9.header.png,F34605F08E8F2FBA9E7BF8C365475B94B01F3BDDDF01C2CB8B20AA24C052694D
8917BAA13BA61484647B999B3C2D3D200AAFA5D1966DAB78A37658F450646190,F-52A8D3E535639BC9066E,2,E:\RecepcionDocumental-H1D10A-assets\8917BAA13BA61484647B999B3C2D3D200AAFA5D1966DAB78A37658F450646190.header.png,39382C8DE615DA691852F3A4FF573B81F661868ABD0B12E92F9D5B4D0652EAC6
891B855C542CC48F533E16D15BF00298CF02C5AC66F8D05FB5ACEB99035D63DF,F-EE08C7103D2458E54189,0,E:\RecepcionDocumental-H1D10A-assets\891B855C542CC48F533E16D15BF00298CF02C5AC66F8D05FB5ACEB99035D63DF.header.png,B996226ED2FD0D7722EDBC9213181BF39D5084852CF02C95A28BB4E552B72792
89928C1E1B667DF89D8DDE754377437390B3A7A7FE61EC4FF5E54F03662DA5B9,F-EE08C7103D2458E54189,0,E:\RecepcionDocumental-H1D10A-assets\89928C1E1B667DF89D8DDE754377437390B3A7A7FE61EC4FF5E54F03662DA5B9.header.png,112C9D3F244059F99C6DE0B43D9CAB62A79E7F9C728D23E528826D6F394B6EA9
89CD8A66DBF9038B0A5FB43B087E7D847FFD18F69247614B77516C71D08316A9,F-236B043AC3F54D78C0B5,2,E:\RecepcionDocumental-H1D10A-assets\89CD8A66DBF9038B0A5FB43B087E7D847FFD18F69247614B77516C71D08316A9.header.png,7652357FC3CB99BB5542B888D3EE551A1D89F1703C7EE801808E3EB195458D41
8A16B64A261F811B055D7C178CEFC6DE556D9EA6E4F88FAE4906ED7DF4A17D8D,F-6F5CAF1E1AEEB43C5486,2,E:\RecepcionDocumental-H1D10A-assets\8A16B64A261F811B055D7C178CEFC6DE556D9EA6E4F88FAE4906ED7DF4A17D8D.header.png,0E91CA78CED71D96916CBA0E4ADC4EB6D43325BA5E3D4E6EA3BC252CD936C12A
8A228DDBA1F27361B5E55C9A16414705BCB0DEFFF0F67CDC125BF5BFC309A446,F-5C921C794595E71A586A,2,E:\RecepcionDocumental-H1D10A-assets\8A228DDBA1F27361B5E55C9A16414705BCB0DEFFF0F67CDC125BF5BFC309A446.header.png,DA04E0ED2EAE07B385E27A01CE01A59576ED6BC0DAE01BA1E7E9D6A5D92DE51E
8A57624FA0DD67FCE961474222F97F11BF484B659983C5DC45887E7449E274EA,F-FACD83D8B4281A05571A,1,E:\RecepcionDocumental-H1D10A-assets\8A57624FA0DD67FCE961474222F97F11BF484B659983C5DC45887E7449E274EA.header.png,FB092EDA87BF1032D4E1AA550ECA09303BE977E2A90C6CAA6643A14555799B54
8A57CD9F3C877DF1239DA0B0C738D1B54278710B0EEBFD2C0ACAAC2814D57B99,F-FACD83D8B4281A05571A,1,E:\RecepcionDocumental-H1D10A-assets\8A57CD9F3C877DF1239DA0B0C738D1B54278710B0EEBFD2C0ACAAC2814D57B99.header.png,A79968A7AE8FBEA97AB6F68B383AF358279674A3D913A5D8343A4106BAF64F8C
8A91BE697504E72D00894ED70CB136CFB447C037BEE877608EEE320D6097072C,F-463F5D66BCFC1B95B4F2,3,E:\RecepcionDocumental-H1D10A-assets\8A91BE697504E72D00894ED70CB136CFB447C037BEE877608EEE320D6097072C.header.png,8D9CBF792409B824A22F4FBB855E5F9A67075ED3013DB6189CF9E36D452DE39E
8AE6ECF9E7191B268BD8768575C99C1FAFBF4144627829B39D8BAC3B492D0CC0,F-BF67793A8E4CE989ED42,0,E:\RecepcionDocumental-H1D10A-assets\8AE6ECF9E7191B268BD8768575C99C1FAFBF4144627829B39D8BAC3B492D0CC0.header.png,B31A40AA0BE906DC29A44951FB64E5FD9B4EF57DBCE26721ACF17BA9D0D42061
8BB9D2636F55F41E4CB1CD002B4DBEBD24F0787A984AEF0D6EDDA69E4FA31FB3,F-73AB37D8D5F65AA437FE,3,E:\RecepcionDocumental-H1D10A-assets\8BB9D2636F55F41E4CB1CD002B4DBEBD24F0787A984AEF0D6EDDA69E4FA31FB3.header.png,0D2088F010C420C974602BDC54D2113B3978478CDC051A6013080D13E1CB3605
8C45A084C0817A7DE45795105801B0C920364BC89F5DEB24DC52FEEF4BC7F17B,F-EE08C7103D2458E54189,0,E:\RecepcionDocumental-H1D10A-assets\8C45A084C0817A7DE45795105801B0C920364BC89F5DEB24DC52FEEF4BC7F17B.header.png,1D5062212AE752562791EA3CD8217D127BDB6492BEC01E0FD8D61233C27D90A3
8C634F1729311C6FB2EAAD3576538AD1DB5FD4A53E696C4CE0CDA7E48A9765D8,F-6F5CAF1E1AEEB43C5486,2,E:\RecepcionDocumental-H1D10A-assets\8C634F1729311C6FB2EAAD3576538AD1DB5FD4A53E696C4CE0CDA7E48A9765D8.header.png,FA5C636D8E332AB99A1F0373A7A16AFED3D6ACB17DA3C5805D84681B9AB69973
8C890D179D935AA3A1AE6E7063C8092384A4776D5709A94D6FDA0BE102F7DF46,F-EE08C7103D2458E54189,0,E:\RecepcionDocumental-H1D10A-assets\8C890D179D935AA3A1AE6E7063C8092384A4776D5709A94D6FDA0BE102F7DF46.header.png,13702374CA9F6151AB82F97869D5A07469E888469B187B7ACB6E9C5A71654C7D
8CAAFE798C6ACB7B58901EB74CAB329FA4B7ABA8669B73976F3978ED6F448F62,F-DCC01CD6C3861C7E4C3E,3,E:\RecepcionDocumental-H1D10A-assets\8CAAFE798C6ACB7B58901EB74CAB329FA4B7ABA8669B73976F3978ED6F448F62.header.png,BA5664F147B1448C6C68E35C2434395D013543E0980F47F7129BB5D8160DF3AF
8CAFBC6765404E297608AB4687884CA06F82332097FF1D3E8B9313AD1ADD5A88,F-6F5CAF1E1AEEB43C5486,2,E:\RecepcionDocumental-H1D10A-assets\8CAFBC6765404E297608AB4687884CA06F82332097FF1D3E8B9313AD1ADD5A88.header.png,8CED70E86AEB8D9DA6096C739BF9A3D29B6AC8C39F429831C8384E1288EF013D
8D4BA8C2CAC074E0F38FB7DC6F25F1E69D2F7AD95506AFB37797512AF3CD9B63,F-EE08C7103D2458E54189,0,E:\RecepcionDocumental-H1D10A-assets\8D4BA8C2CAC074E0F38FB7DC6F25F1E69D2F7AD95506AFB37797512AF3CD9B63.header.png,572F9C05AE1D660E096366ECD01113B75B45D0AB25F8C213DD5E71F740F8639F
8DFA8CB9798CCF19F9BAF04C59F34058782E3DE9FF9A2EAB2E22F1B12D8AE149,F-463F5D66BCFC1B95B4F2,3,E:\RecepcionDocumental-H1D10A-assets\8DFA8CB9798CCF19F9BAF04C59F34058782E3DE9FF9A2EAB2E22F1B12D8AE149.header.png,2E620C76299E4D42A73D0C4A8658C8C52DEB8E41A929C6F406A221EF68127386
8E35C151859E5F6C0FE0F2832287604CE4EB800330CF83D4885A59869028FF43,F-FACD83D8B4281A05571A,1,E:\RecepcionDocumental-H1D10A-assets\8E35C151859E5F6C0FE0F2832287604CE4EB800330CF83D4885A59869028FF43.header.png,7785A10D83010ECF1B52787C76F983631E7058315EFF472394A874257C7932EF
8F110C4D92620DF0FF6B33FB5FE308E4DEB7C4A477D0C93B9A21E85AAED5B672,F-463F5D66BCFC1B95B4F2,3,E:\RecepcionDocumental-H1D10A-assets\8F110C4D92620DF0FF6B33FB5FE308E4DEB7C4A477D0C93B9A21E85AAED5B672.header.png,EF23516783EB3CBEA850295CB5557F4CDCE024B40E2D3B36D34C35585A30E284
8F129D3C66E622121981D62EB4000AED739CC876C6DE502C2BE0EF424E12BDE8,F-FACD83D8B4281A05571A,1,E:\RecepcionDocumental-H1D10A-assets\8F129D3C66E622121981D62EB4000AED739CC876C6DE502C2BE0EF424E12BDE8.header.png,014E0D5EB9878154D593A36B9DEA38B3B2741B586B01FD29888E9E388F103CB4
8F9645E839D86DD3DA6DAD4B15036B8EE5B0918947E0C81D178CB952F2B2BE1C,F-EE08C7103D2458E54189,0,E:\RecepcionDocumental-H1D10A-assets\8F9645E839D86DD3DA6DAD4B15036B8EE5B0918947E0C81D178CB952F2B2BE1C.header.png,D44D7B4A5CB943821D02D4E7587D078413C396A70BEF6E41BE6FE0F17DB2B570
902E6570382C0FCC9D1AADCD56160F3B5E37DBF6EE4E82A32701D131CB87AA73,F-EFE6E9C595B24436566B,3,E:\RecepcionDocumental-H1D10A-assets\902E6570382C0FCC9D1AADCD56160F3B5E37DBF6EE4E82A32701D131CB87AA73.header.png,644B068DB0E67667EBE67F5238EAA3123802CB752A5DB143D700B5EA4D22FC90
90A1BB6EE9300C81CBFEFC314D0981DAD827FCDD8D8E320E600B069A8E91E2CD,F-EE08C7103D2458E54189,0,E:\RecepcionDocumental-H1D10A-assets\90A1BB6EE9300C81CBFEFC314D0981DAD827FCDD8D8E320E600B069A8E91E2CD.header.png,A7AF38C2F5876EE556BD03469B322175F5384987B384EF90B8D690A81CF3C9BA
910FBAEDB8A90071E399EA9EDD55831BA2A6C779D9DAD241867BBACA82768A4A,F-EE08C7103D2458E54189,0,E:\RecepcionDocumental-H1D10A-assets\910FBAEDB8A90071E399EA9EDD55831BA2A6C779D9DAD241867BBACA82768A4A.header.png,3D45ADBEEF7A9E40288E765DD4D2DD95D41C44A9F69CB0B2A4BDA7B05E7762AC
917A02EE1496F0E6D19856E7F97EE8DD8F58D96DF995059690653F6D30B19708,F-FACD83D8B4281A05571A,1,E:\RecepcionDocumental-H1D10A-assets\917A02EE1496F0E6D19856E7F97EE8DD8F58D96DF995059690653F6D30B19708.header.png,3D83E4B14B3D0FCC02DB5A436BBBE36662A1AEB6880CF883DA565C1E42E9F1E8
91EF6960EEF82A58B41B31F3850C800E27EE8460970F884F1236ABB48F0F1FCC,F-FACD83D8B4281A05571A,1,E:\RecepcionDocumental-H1D10A-assets\91EF6960EEF82A58B41B31F3850C800E27EE8460970F884F1236ABB48F0F1FCC.header.png,AA33A4D98D2DA4E8034EBB99FAE8AFAAC90400F0609BAF61134D0B4CB183DF2E
920E2C2CFAD19BCFEF234DE870443978D3779498399D7AE818167099775D713A,F-EE08C7103D2458E54189,0,E:\RecepcionDocumental-H1D10A-assets\920E2C2CFAD19BCFEF234DE870443978D3779498399D7AE818167099775D713A.header.png,FB33BC1EDF20A42DE59EB788386894B227148C28B3256C9AB7BFB5077076BDB3
92233BB1C2523E96C1A5F3CC8390A7507D1776004268A5C883287CB5670AEA94,F-EE08C7103D2458E54189,0,E:\RecepcionDocumental-H1D10A-assets\92233BB1C2523E96C1A5F3CC8390A7507D1776004268A5C883287CB5670AEA94.header.png,F8D0AEAE8B1F054F219B34245FF35C39482A34AEDEE43EFF2A4503A8CAE8C345
92914214759A1969F8F6DA6FC3EAF436EEC02704E5B3141C282C9D183B15D2BC,F-EE08C7103D2458E54189,0,E:\RecepcionDocumental-H1D10A-assets\92914214759A1969F8F6DA6FC3EAF436EEC02704E5B3141C282C9D183B15D2BC.header.png,7C7176B63D8587F8C8D812B5972F0EB257D538AFEDA7955495A08FBC333C8FA6
929808BE7D3DFA364E40A52C21EEE8C6195BCB4B2724BB30F5EA0E99E2964963,F-780F613365E9FD4576C4,2,E:\RecepcionDocumental-H1D10A-assets\929808BE7D3DFA364E40A52C21EEE8C6195BCB4B2724BB30F5EA0E99E2964963.header.png,540B590CBC3797867707A730B232103E4F749CCBEECDE7947415C8778315C224
92BFEC9ECE7286787335775B1094ECFCB2C3109923B99EA70FEF48F100F7824F,F-EE08C7103D2458E54189,0,E:\RecepcionDocumental-H1D10A-assets\92BFEC9ECE7286787335775B1094ECFCB2C3109923B99EA70FEF48F100F7824F.header.png,3649B463873D619B0DA068B619F76FC206E825E1575D406F0BFDAE6E95CAF3B9
92EBBA53AD3476EC888E5D47534BFF0E73C340F8D58B63A2718AE92B6F7EAA21,F-EE08C7103D2458E54189,0,E:\RecepcionDocumental-H1D10A-assets\92EBBA53AD3476EC888E5D47534BFF0E73C340F8D58B63A2718AE92B6F7EAA21.header.png,DFC1D7888E4D59609AE445757FD2C9E3C87F58BF0343CB2BCAE8B5D81DA16645
93036EEF1A8A5CF4FE20C745C5AAAB528059A8F2492D3A7BDA905B3194023657,F-7D0D437DDC69268FCFC4,3,E:\RecepcionDocumental-H1D10A-assets\93036EEF1A8A5CF4FE20C745C5AAAB528059A8F2492D3A7BDA905B3194023657.header.png,58E6126E9BF4464836E38CF655CA65611E711682E222E88FA66CB700966723AC
9333843B9DBB69A2C5494D92C99720C003D8A7CC226D80A64758BFF00A433279,F-463F5D66BCFC1B95B4F2,3,E:\RecepcionDocumental-H1D10A-assets\9333843B9DBB69A2C5494D92C99720C003D8A7CC226D80A64758BFF00A433279.header.png,C8A4A14FB98CE1F8607D76CE6FB3048F99A21F515B6C589C4DD50EB057E3D2EE
93946044DD9FBAB870A7B410A3C51061CF64CE6D44FB8D63266CAFD138D5D539,F-AB9C3DF0812F557CBA1C,2,E:\RecepcionDocumental-H1D10A-assets\93946044DD9FBAB870A7B410A3C51061CF64CE6D44FB8D63266CAFD138D5D539.header.png,A7518315DC9E95FCB42F4C4756329179B37984705FDF14C309C7FC2721FF12EC
93AA062D25DF63997A23155F5E7F14BEFDB6D08912A599345AF02B12FB9F12A9,F-EFE6E9C595B24436566B,3,E:\RecepcionDocumental-H1D10A-assets\93AA062D25DF63997A23155F5E7F14BEFDB6D08912A599345AF02B12FB9F12A9.header.png,7354DDF8320557F3D2DB27C024BD906DDB4E20FC60BBCB4B714BB9790CA3F477
94C119398ED5B3AFEA5B60477FD47392E3AC13E10251C94531B1DB8A1E0A6C12,F-FACD83D8B4281A05571A,1,E:\RecepcionDocumental-H1D10A-assets\94C119398ED5B3AFEA5B60477FD47392E3AC13E10251C94531B1DB8A1E0A6C12.header.png,8217C4C01D0AD02441287A3E0498C49A5ADC40917117B4CEC878D140AB72B435
94F26C21757B539524ED76AA64629C18F390F9D0C9D4ABBBF5AF6484C0FC7528,F-6F5CAF1E1AEEB43C5486,2,E:\RecepcionDocumental-H1D10A-assets\94F26C21757B539524ED76AA64629C18F390F9D0C9D4ABBBF5AF6484C0FC7528.header.png,5A928DCD67B6A309CE550307848BFAFC2EEA820447786CB9EB5631C589BF82B3
95163FEC1BD2F3B4D199C764E42F2B6343270AAC8E142CBF8A7CEC976D87FE34,F-EE08C7103D2458E54189,0,E:\RecepcionDocumental-H1D10A-assets\95163FEC1BD2F3B4D199C764E42F2B6343270AAC8E142CBF8A7CEC976D87FE34.header.png,D1D42D2044ECB84EB654CB26D981FED7E7BF4671C0E272C84BA7382A934B8C2A
95506FC26A8105240416CB0915A50736B594090DDC122EDF482039DCEDC947B8,F-EE08C7103D2458E54189,0,E:\RecepcionDocumental-H1D10A-assets\95506FC26A8105240416CB0915A50736B594090DDC122EDF482039DCEDC947B8.header.png,FEFF94AB494133761D15C43D426BF43A36CAAA7AD04FA2DE450E419F10AC7628
9596624061FEBDAE035772A32CC975D358B4BAA9C1833EE21ADB485E2B0B06D3,F-EE08C7103D2458E54189,0,E:\RecepcionDocumental-H1D10A-assets\9596624061FEBDAE035772A32CC975D358B4BAA9C1833EE21ADB485E2B0B06D3.header.png,090BD76092C8F7800192345F14583DFE9EE824EAEA7368BB7C437EF8ED50674B
95AF2B3D9E304F20830DD6D2986A230CE395D8B5FDA0B8BBC25E9B9E712B11AE,F-2225E7482E0C1A2CF093,2,E:\RecepcionDocumental-H1D10A-assets\95AF2B3D9E304F20830DD6D2986A230CE395D8B5FDA0B8BBC25E9B9E712B11AE.header.png,93FC3EA9FFEBAACA980E07D573D38393A0E580C01620296005CD1FDC4932D3D4
963E9941D8D3A90BDACCFDDA949B7EEDD535A2ED456FA063B67893EC4D759786,F-EE08C7103D2458E54189,0,E:\RecepcionDocumental-H1D10A-assets\963E9941D8D3A90BDACCFDDA949B7EEDD535A2ED456FA063B67893EC4D759786.header.png,11C15E6E2779192D21650BE81265BBA060EE4269379D3585E32876AE9D5BE736
96E5DB8CB4E34D8387F0D1C5DFDB2FC75F190834A0060BAE5C85B04C3E6828A2,F-2D5EBBA8FDC9D9E26FC3,3,E:\RecepcionDocumental-H1D10A-assets\96E5DB8CB4E34D8387F0D1C5DFDB2FC75F190834A0060BAE5C85B04C3E6828A2.header.png,6C5C141A815D57DBFC4045DC2C1AB41FBCC45C1EFCEF39251F0BE0EBB3E744E5
9723AA331B89D1BB3AA42628C6D4FA1453C8ADB972AAC5EF26D433E659A76C2E,F-6F5CAF1E1AEEB43C5486,2,E:\RecepcionDocumental-H1D10A-assets\9723AA331B89D1BB3AA42628C6D4FA1453C8ADB972AAC5EF26D433E659A76C2E.header.png,0B9A7A7A907450F062FCA72FAF5036A98AC6170774319C4A03268077BB0E6587
9768F6CDE07116724DC86D4402184228B3963B7212E3287188A4EF9420F3498B,F-EE08C7103D2458E54189,0,E:\RecepcionDocumental-H1D10A-assets\9768F6CDE07116724DC86D4402184228B3963B7212E3287188A4EF9420F3498B.header.png,FBE2D1BFCF8DE2085B2707EAAD2E346D7A35A0DBE0BD1B0188853E3E40F217E6
97EF8934F37425A7635624C8A636DD08FAEC908D41213138991513DAB7E1CD95,F-FACD83D8B4281A05571A,1,E:\RecepcionDocumental-H1D10A-assets\97EF8934F37425A7635624C8A636DD08FAEC908D41213138991513DAB7E1CD95.header.png,70194F1EED8326048CB62CD8FAF9342FCDEC2851F133C0DD97EB1F0CFF7D4415
97F4874BE79DAC5C72D00B028F6DCBA5564049CA077E6301C7AB4AAD37088BC2,F-EE08C7103D2458E54189,0,E:\RecepcionDocumental-H1D10A-assets\97F4874BE79DAC5C72D00B028F6DCBA5564049CA077E6301C7AB4AAD37088BC2.header.png,A42455F89986160031A623BB993C31E7B930847C4D0F76FE0BF87CD990F51E0B
9801EA3DCCCCE81A20C1A1FCA6BD057BE02056D5F6AF7568416C159F8EA6F42C,F-FACD83D8B4281A05571A,1,E:\RecepcionDocumental-H1D10A-assets\9801EA3DCCCCE81A20C1A1FCA6BD057BE02056D5F6AF7568416C159F8EA6F42C.header.png,FA77FFADE3F42C9C0AEAF8D42BCD5344A8F1269A9FFDF6E055B6D6633A72F1BB
983D750D5EF18AC380DF1970A9338EF482746FD22CD81031BB2DD981CB738ED0,F-6F5CAF1E1AEEB43C5486,2,E:\RecepcionDocumental-H1D10A-assets\983D750D5EF18AC380DF1970A9338EF482746FD22CD81031BB2DD981CB738ED0.header.png,B7098402E247F49A87991E7E9D6BA54B2F8D3A9359461317AB42279CFF892064
9857D4FCBA430BA90EA4E715013F3C02EBAE08FA6C857E1E859CBF2BA9341BAA,F-EE08C7103D2458E54189,0,E:\RecepcionDocumental-H1D10A-assets\9857D4FCBA430BA90EA4E715013F3C02EBAE08FA6C857E1E859CBF2BA9341BAA.header.png,D07A0E057974273F1F45C595168B403B343DDB80A0A6E93B00EC573C835B3E0A
9893646420FB567085B74B4A937F0D07B988E41AE80615EEA9A62DBEED6CDEB1,F-FACD83D8B4281A05571A,1,E:\RecepcionDocumental-H1D10A-assets\9893646420FB567085B74B4A937F0D07B988E41AE80615EEA9A62DBEED6CDEB1.header.png,E1B0C5405722226DC91BBD48F619E23913F9D62C8872A0FC79EE0697F4D2FF39
98A548702408FF5D0DB0A54BEE501A1D25F8C84FFE702021E9855B960A54E722,F-EE08C7103D2458E54189,0,E:\RecepcionDocumental-H1D10A-assets\98A548702408FF5D0DB0A54BEE501A1D25F8C84FFE702021E9855B960A54E722.header.png,EF4D9232A99D1615B6EA1138420AB541BFF0878B9C01B7488FD86F0CB0961A8F
98BFC5FBFD9E19FD42CD4283A46B1DEE806AC72DEE45AC0FA82BD83E7889FA01,F-3425847B1228DCB1FFC6,1,E:\RecepcionDocumental-H1D10A-assets\98BFC5FBFD9E19FD42CD4283A46B1DEE806AC72DEE45AC0FA82BD83E7889FA01.header.png,C285E1E11821717E5FF33F7604804F0C970485B081B6F54AB16AD8BC5C5EDCAF
9932F1579D3D31F9152C31290BB269430324462F86D6E6DB78C53961C9700F23,F-F2B443493003CF983276,3,E:\RecepcionDocumental-H1D10A-assets\9932F1579D3D31F9152C31290BB269430324462F86D6E6DB78C53961C9700F23.header.png,C16837D728AE3567D11206C1DDCBC76C8A4850720D06E85DCDE0023C24CE18D8
9945BBDC4DD33F425D4878C2F17FD844168E1F483FE51F229EF5A019C7E4AFB6,F-EE08C7103D2458E54189,0,E:\RecepcionDocumental-H1D10A-assets\9945BBDC4DD33F425D4878C2F17FD844168E1F483FE51F229EF5A019C7E4AFB6.header.png,F68A0C95E942654F9A16EB0CC38EA8672C7CF84CEE0610E4B44844EB6E4E53BB
9A3FC7437BBDF8BFE19FD65198BFA9BE76A63DE5BC8E0AC1CEFB3E77373FF816,F-EE08C7103D2458E54189,0,E:\RecepcionDocumental-H1D10A-assets\9A3FC7437BBDF8BFE19FD65198BFA9BE76A63DE5BC8E0AC1CEFB3E77373FF816.header.png,B847D724AD140B8E21268AEB4B90387B06092F5095151006810BECED2A512FAC
9A4E64C46A21F76C881907BBE1648F5700C42A24EFCB8257BA7244BB01A0CBA9,F-6F5CAF1E1AEEB43C5486,2,E:\RecepcionDocumental-H1D10A-assets\9A4E64C46A21F76C881907BBE1648F5700C42A24EFCB8257BA7244BB01A0CBA9.header.png,320B5747F13C27EAECEC5B9E4EC4DD4DDF2124B253209D6AACEDD6A8C9B21D2C
9A9BB0F6EBA54E0D0C25731245270AB989933DF8900A72CE130827CA53B2B37C,F-EE08C7103D2458E54189,0,E:\RecepcionDocumental-H1D10A-assets\9A9BB0F6EBA54E0D0C25731245270AB989933DF8900A72CE130827CA53B2B37C.header.png,C80577DB2DD55E77CCF90D7F537659CB88F1D97E1913410C0050AC6F1549A9D5
9AABED26F462B478F277F7E592AA3983B2B9DA888D474F4C93B7A6CEC27AC52F,F-FACD83D8B4281A05571A,1,E:\RecepcionDocumental-H1D10A-assets\9AABED26F462B478F277F7E592AA3983B2B9DA888D474F4C93B7A6CEC27AC52F.header.png,EE363618B04F65E34112EDB008011C7B9BD616BDD1B8532CDEBB4ED908894DE0
9AAED50A220E4A59ABBF846248504B1D06023155CCF6AE05B285763B532811D2,F-FACD83D8B4281A05571A,1,E:\RecepcionDocumental-H1D10A-assets\9AAED50A220E4A59ABBF846248504B1D06023155CCF6AE05B285763B532811D2.header.png,B6BE3D8005469A348810C28AA4B9B7C4FB7F5D3703969E3E3467E250DE60A3E1
9B05799CEE418B6AD0B0876E23A97CDFF1A952C1D031EEA3D6672EABE7EE762E,F-FACD83D8B4281A05571A,1,E:\RecepcionDocumental-H1D10A-assets\9B05799CEE418B6AD0B0876E23A97CDFF1A952C1D031EEA3D6672EABE7EE762E.header.png,983ECB5A3EAB7A455644140C25C988A5318EB5490546A7E662279774AD0F40F7
9B82B28BDD8F2617C32E1D8C71705EC2AFC2FCAC71747661CA85C65B08D4C6A5,F-EE08C7103D2458E54189,0,E:\RecepcionDocumental-H1D10A-assets\9B82B28BDD8F2617C32E1D8C71705EC2AFC2FCAC71747661CA85C65B08D4C6A5.header.png,5436C5A0E29FFC8F8C4C11B813D0264522F8D587BE156E38FD918D9BB48BC801
9B84CC3980E75FFDADA63A4445C66561B2DA457969B183C72D13ABA914AC9F92,F-19E3E2219E79C363F63F,0,E:\RecepcionDocumental-H1D10A-assets\9B84CC3980E75FFDADA63A4445C66561B2DA457969B183C72D13ABA914AC9F92.header.png,54116BABBF41D9D5A2B68D4A1C6CA4E6060E2389A968FC90713204DCE055CC9E
9C18A5DF27D90556C236651C9E32EE1BD4DAD8D191218BBE8F932CF45131DB46,F-6F5CAF1E1AEEB43C5486,2,E:\RecepcionDocumental-H1D10A-assets\9C18A5DF27D90556C236651C9E32EE1BD4DAD8D191218BBE8F932CF45131DB46.header.png,12149881730392C39DA2D66896AA9E82B3AC8D04E5DE8B948209A1BB297F3809
9D89F0FF0433FB4667E9F658F85408E09DB8586C1753019CD4818FCF59108DD4,F-19E3E2219E79C363F63F,0,E:\RecepcionDocumental-H1D10A-assets\9D89F0FF0433FB4667E9F658F85408E09DB8586C1753019CD4818FCF59108DD4.header.png,5CA4F52C7F55CF467B857019576FD35EE6E96298CF5E96DDEAE59D686AC4FCB4
9DDDFEA33E7D9998B202D66E6E3A87FD499E8288F62B8673B1F40A66CF8D51C9,F-FACD83D8B4281A05571A,1,E:\RecepcionDocumental-H1D10A-assets\9DDDFEA33E7D9998B202D66E6E3A87FD499E8288F62B8673B1F40A66CF8D51C9.header.png,8BD4AEC00BC7F05A7F05001061EF3AD7D2C072D117C29851B7832462617E7950
9DF67317E84209D40CCA4D2D55047395A7C689394841DA25A86EA70932197DE8,F-EE08C7103D2458E54189,0,E:\RecepcionDocumental-H1D10A-assets\9DF67317E84209D40CCA4D2D55047395A7C689394841DA25A86EA70932197DE8.header.png,EF4204190285167F18E691A5804126D6A8FBB7D89A2260DA25F2FD0142CB6A93
9EB38CEA6E16E710A4E5B014188A0DC4835DD1FBAA413A03598D80E848C1387C,F-6F5CAF1E1AEEB43C5486,2,E:\RecepcionDocumental-H1D10A-assets\9EB38CEA6E16E710A4E5B014188A0DC4835DD1FBAA413A03598D80E848C1387C.header.png,0D042BE415CE5B4CC64DFA04E05E0EE0BA71BBDD08C839AAA4E5B2539C68093B
9F1FAB628AC6821BA46DC7E63EBA5FA271E91CA180DD9522615BEC3B8D3F396D,F-D9558DFA49CDFA0EC574,1,E:\RecepcionDocumental-H1D10A-assets\9F1FAB628AC6821BA46DC7E63EBA5FA271E91CA180DD9522615BEC3B8D3F396D.header.png,509F85079C06D8EADBDADA9E7325DDFB27AC2B07925987B8153E30D0B4B2BC1B
9F20D5A914501086136BFED9B88E8DC91452B65E0BB36A48060A33152C56A332,F-FACD83D8B4281A05571A,1,E:\RecepcionDocumental-H1D10A-assets\9F20D5A914501086136BFED9B88E8DC91452B65E0BB36A48060A33152C56A332.header.png,BE68A4DB678B3A9B64AED2A0A1B347F9AE9C0665CB10F4D04422C9CD095C36E7
9F3EE50DB8332F50B686622FE67CF9DA5389B73AF85744453A7B53B450F624E6,F-3011CA8E0F20D09184FC,2,E:\RecepcionDocumental-H1D10A-assets\9F3EE50DB8332F50B686622FE67CF9DA5389B73AF85744453A7B53B450F624E6.header.png,B94279460A203E74BEBB40711E47AC39208D36DD37EF5A1C1463EA76E8AAB37E
9F78FE8E80F379C7E339E5BD0FB8E4DDFF88B93D72D57F1BE6B0ED3DC77C6DCF,F-FACD83D8B4281A05571A,1,E:\RecepcionDocumental-H1D10A-assets\9F78FE8E80F379C7E339E5BD0FB8E4DDFF88B93D72D57F1BE6B0ED3DC77C6DCF.header.png,5CEA00228684F3FD777BDB7FF9B1B62E2D476BA8290CE0BA44C2BAB26038C7BD
A034D9BA8303AFB573D6F5823B1C9E16413A56593500E3A00A732D1BED52F326,F-FACD83D8B4281A05571A,1,E:\RecepcionDocumental-H1D10A-assets\A034D9BA8303AFB573D6F5823B1C9E16413A56593500E3A00A732D1BED52F326.header.png,C79A6C5E04D49669FBE7731F0A0B1BD820924E3480889695779A75438509D54C
A0A5960905B6EC78058181CCC8AC0CE5CC894945AB6D97889A599934D2BE636E,F-FACD83D8B4281A05571A,1,E:\RecepcionDocumental-H1D10A-assets\A0A5960905B6EC78058181CCC8AC0CE5CC894945AB6D97889A599934D2BE636E.header.png,A74320B6FDA3C7A5D895A63D0D37A497BB806C23987239AD0BE0B6AD978BA78A
A0E70952B21704A19FED7D35D964ABE1A3D24F66EE60C24069DB3658A23852AD,F-EE08C7103D2458E54189,0,E:\RecepcionDocumental-H1D10A-assets\A0E70952B21704A19FED7D35D964ABE1A3D24F66EE60C24069DB3658A23852AD.header.png,E786F8D32A42BD1FB56F76BE10A14A288DB5AF78ADA64418B0BA8A65221743BF
A0F2D39A8CE046149BC6B737E3B5A91F401B2B0508266B23F02FFC5C1881C20C,F-46CBE2F2FC989AC0304F,2,E:\RecepcionDocumental-H1D10A-assets\A0F2D39A8CE046149BC6B737E3B5A91F401B2B0508266B23F02FFC5C1881C20C.header.png,6B8A36B74BF63906CB9AF6F655A6CC4E4AFFBCC3EBFE809F23E7FB3712F6FAED
A1D50F46C5C96EF705178501DD55652D1069DE6B361A845D599F13098446FE80,F-52A8D3E535639BC9066E,2,E:\RecepcionDocumental-H1D10A-assets\A1D50F46C5C96EF705178501DD55652D1069DE6B361A845D599F13098446FE80.header.png,43424C76A8287F45BB181122802A96E01E3CDD92CB7A1DBBE4616D795E7E90F0
A1F9B06618E591EB2B3C76518F428FB788547CC1AA53E9544A4A11980A206B57,F-EE08C7103D2458E54189,0,E:\RecepcionDocumental-H1D10A-assets\A1F9B06618E591EB2B3C76518F428FB788547CC1AA53E9544A4A11980A206B57.header.png,CCE57E4222B89A1BA1E6CA52020633BD7BDC5A06C0C0E00CEFF522C138A13A83
A23CD835EFAEDB3FBA5B0DBCC69F01FFE20FA74C641B2699E3DA9074A50D1EBB,F-FACD83D8B4281A05571A,1,E:\RecepcionDocumental-H1D10A-assets\A23CD835EFAEDB3FBA5B0DBCC69F01FFE20FA74C641B2699E3DA9074A50D1EBB.header.png,C807ED333A8E3DFD08ADABCA1776A37145F158D0CD2B806E453C661F779175E5
A2590908E0A0F8CD902C54D81652BA2354723E2A5C0056A2E29C7AB3EC3A445C,F-239031FB24D11A1289E7,3,E:\RecepcionDocumental-H1D10A-assets\A2590908E0A0F8CD902C54D81652BA2354723E2A5C0056A2E29C7AB3EC3A445C.header.png,9570EC1112231946FC749060EB3891B8BE5CE0D9CCF7C296BDCC618064A6E5BE
A2928B01A4CD36732A28C69D98E877A906A6EB383769402661C8ACE6EAF9A0EC,F-6F5CAF1E1AEEB43C5486,2,E:\RecepcionDocumental-H1D10A-assets\A2928B01A4CD36732A28C69D98E877A906A6EB383769402661C8ACE6EAF9A0EC.header.png,BD611930B5B7A323DD74B5259671FAE182B918218C2FEE8982DA5CF79E103B18
A2BF3657EE083148A054B3F7110C884140B3D69930E58683F957FBAAA580D827,F-EFE6E9C595B24436566B,3,E:\RecepcionDocumental-H1D10A-assets\A2BF3657EE083148A054B3F7110C884140B3D69930E58683F957FBAAA580D827.header.png,3FA7DE4C205BF39C7EAC205D756326AD72AE7A56E3D7FF2571BC9083D1406DC9
A2D1529D28326B4E8B236A002CD8E46D89D846C50E49B31D238067347F7D0223,F-FACD83D8B4281A05571A,1,E:\RecepcionDocumental-H1D10A-assets\A2D1529D28326B4E8B236A002CD8E46D89D846C50E49B31D238067347F7D0223.header.png,8B1B045AF460609D10036F7FDED0A21A8E580E63B7B99061427FEA0B7EFCE548
A2FDAD9EB62F9728D4A1369E94F1ED407FEE978FAA53FE7BA5035339AB1F6052,F-FACD83D8B4281A05571A,1,E:\RecepcionDocumental-H1D10A-assets\A2FDAD9EB62F9728D4A1369E94F1ED407FEE978FAA53FE7BA5035339AB1F6052.header.png,6DB5705C66FB3FE0EBC13BDFC5A42A5844C3C7A9775575F5DB1C44F81F6CCD14
A47A2D7859BB08A65A7C8003656803C777E38BC94F7F27EEA4AD1CD8FD5B80FA,F-463F5D66BCFC1B95B4F2,3,E:\RecepcionDocumental-H1D10A-assets\A47A2D7859BB08A65A7C8003656803C777E38BC94F7F27EEA4AD1CD8FD5B80FA.header.png,501839ED331041E45B7072672ADB6E5933B91CDBFC202D18E0A2A95A2A5C4045
A49F888D274CFE65CF21EB1527C95105513D9AC250238EECF5F46A3791478CBA,F-FACD83D8B4281A05571A,1,E:\RecepcionDocumental-H1D10A-assets\A49F888D274CFE65CF21EB1527C95105513D9AC250238EECF5F46A3791478CBA.header.png,64FE4F4AF816595982B86B2740138460C8CDD0B7EFEBBA49C28C97E6028F8706
A545E9BB46897229592B7E4460C235D68B749F58E268ADED69BEEC775BA2D440,F-FACD83D8B4281A05571A,1,E:\RecepcionDocumental-H1D10A-assets\A545E9BB46897229592B7E4460C235D68B749F58E268ADED69BEEC775BA2D440.header.png,4CD3552C0CDC5D9A96E31D06A2817205378ED077D1A900451D7B7A54C09E042D
A5D596CC95D40058EBAB004E9B7D0CD5CDFC8C026CECA39BD2985DA63EE8C44C,F-463F5D66BCFC1B95B4F2,3,E:\RecepcionDocumental-H1D10A-assets\A5D596CC95D40058EBAB004E9B7D0CD5CDFC8C026CECA39BD2985DA63EE8C44C.header.png,4CF37EC5710F999359B634F4F24C85FF87CAE60B8702E6B932BCA4B203EC6ADE
A5E0A23B19304BAD637E744E9B4ED12D8BF3377521ABFE8FE73049F7EFE47335,F-EE08C7103D2458E54189,0,E:\RecepcionDocumental-H1D10A-assets\A5E0A23B19304BAD637E744E9B4ED12D8BF3377521ABFE8FE73049F7EFE47335.header.png,BE175A0B10189F689ED19BF2375298A9C4092790D303827D3AB2D215D84FC712
A662CA0C99BF602548B39BF259B01A4AAA2CA1A594534D0DA328D370E6F32C99,F-EFE6E9C595B24436566B,3,E:\RecepcionDocumental-H1D10A-assets\A662CA0C99BF602548B39BF259B01A4AAA2CA1A594534D0DA328D370E6F32C99.header.png,C4CA0AA1FFD2750A0F6A8F2C33B3A3D2E0C8499CA169B616167F7D09CF314D40
A69004CE99B64253517BF67479A39AC4E7E2BD6E61A8B7FADBEB43AC4D98FC7C,F-EE08C7103D2458E54189,0,E:\RecepcionDocumental-H1D10A-assets\A69004CE99B64253517BF67479A39AC4E7E2BD6E61A8B7FADBEB43AC4D98FC7C.header.png,6432DA3DB2155A0B26A60029D63D9714B7A928DE72439CE35AFDA8DC26EA44CB
A6AD364B22617D413C3D16E1E057C22B686A19E8B85F6EF90F69BB3E880031C2,F-EE08C7103D2458E54189,0,E:\RecepcionDocumental-H1D10A-assets\A6AD364B22617D413C3D16E1E057C22B686A19E8B85F6EF90F69BB3E880031C2.header.png,71C1FBD0AAA57261EC4F4C8487EBC0F2F6D9123B9E0E39E94A2B96C83F568963
A75839AE32A6A29EBB6CF64EBE45427C346DFFE51E758D5F04D903FC28147D87,F-C4297C930D025E93CCD8,2,E:\RecepcionDocumental-H1D10A-assets\A75839AE32A6A29EBB6CF64EBE45427C346DFFE51E758D5F04D903FC28147D87.header.png,048CD1D87ED8E4227BEDF15EF3FBF94FB4EFD5672B3EE37FC3EB41B5D47EEADA
A79E9B562724ACB0A285620DB140ED3B6F52FCDA4E72FF31363A24D15A583A4E,F-EE08C7103D2458E54189,0,E:\RecepcionDocumental-H1D10A-assets\A79E9B562724ACB0A285620DB140ED3B6F52FCDA4E72FF31363A24D15A583A4E.header.png,E1AB8898DFB02E2CEB55491A66D0D6976C905529AB87413693BF346707BE4A6A
A7BADE04443004116FBA8D61734FD935ADA2B9C23ACC045FDB2BD7DE36EDEB9E,F-78FBBC0583221AAC5789,2,E:\RecepcionDocumental-H1D10A-assets\A7BADE04443004116FBA8D61734FD935ADA2B9C23ACC045FDB2BD7DE36EDEB9E.header.png,A3E9E27BB4E0F3AAE3EFEB1819B398AC5AF73E8383BC396E0C77EF66D6ADDABE
A7D0D177D1CCB130C093C3F5B09AC3F6AA32332F776804B281CD0D36015BDB72,F-C0D5A81F1B3DB1BB1203,0,E:\RecepcionDocumental-H1D10A-assets\A7D0D177D1CCB130C093C3F5B09AC3F6AA32332F776804B281CD0D36015BDB72.header.png,FBB3394E7B698008C4E9661EB24DBF95F4616C6B08E0CEA43455617AD08F2994
A7E2D050AE6A451E8D7031F3B2CD5C0C7D46028B7C0A78F2B615E19B29272657,F-EE08C7103D2458E54189,0,E:\RecepcionDocumental-H1D10A-assets\A7E2D050AE6A451E8D7031F3B2CD5C0C7D46028B7C0A78F2B615E19B29272657.header.png,1831C9FF0BE4965E281BB4FCB7FEA2079901308A2259A7EBD925875CB5F1E6CF
A7EEF61CBC21D206720339275678C25A6C47A3A09E9DEB38D901E03BB5657EAA,F-236B043AC3F54D78C0B5,2,E:\RecepcionDocumental-H1D10A-assets\A7EEF61CBC21D206720339275678C25A6C47A3A09E9DEB38D901E03BB5657EAA.header.png,2750199D6E8FC340EC63C6E688BECD2E58E529F3BA11D45E8EFAAE6EB8A49561
A83A954DC4B57E16CA65F339A6A32389B871478C19D83616338C312E3DADC07C,F-13D60871A95205707260,3,E:\RecepcionDocumental-H1D10A-assets\A83A954DC4B57E16CA65F339A6A32389B871478C19D83616338C312E3DADC07C.header.png,3967796136FCDE3E289A5FEE5AAB93D6173EB32FBBC5009D65C3AB2952F14F66
A88C6A4751F9912D9305D03EB3776DD14B96B8396F98F48331068504D008E6CC,F-FC4D9BFCF265DB5A7DB7,1,E:\RecepcionDocumental-H1D10A-assets\A88C6A4751F9912D9305D03EB3776DD14B96B8396F98F48331068504D008E6CC.header.png,8D2DCDAD173503E4196457A13D6313E9A89D1219FE2E35041FB20CFF62021FD8
A9133411F1F9F53089FBF5901269327CF6662B8D9095A0E75851ACE6455ADC46,F-9CDD0F79654F6C629C58,3,E:\RecepcionDocumental-H1D10A-assets\A9133411F1F9F53089FBF5901269327CF6662B8D9095A0E75851ACE6455ADC46.header.png,A2AC6C0EEB5BA03CB80728130D879F73D3841258A5A7881BFF258A65CC3157AB
A925841ABDBBBA3C4CE336C59731CF70CB6A8671AF5CEC26DBDF467A5D92B27F,F-108FF89DFB4EC29C3343,0,E:\RecepcionDocumental-H1D10A-assets\A925841ABDBBBA3C4CE336C59731CF70CB6A8671AF5CEC26DBDF467A5D92B27F.header.png,584236E3E5F869BAA88F05603A72CA065CF77AB436B94843DF802D09CA899FDF
A92813FAF3F630A2BD56EE3BFD4698B7F02E73AB258E69060425422B9409202C,F-463F5D66BCFC1B95B4F2,3,E:\RecepcionDocumental-H1D10A-assets\A92813FAF3F630A2BD56EE3BFD4698B7F02E73AB258E69060425422B9409202C.header.png,AE8C568504B81BE8E0C967ECCBD647463293E9D88397E6A40CE8DA3CC7725BDD
A96DEE1D6A7E23D5E68607C65FF20DCFE740969199AAC8736E42D59AE4730A2B,F-127BD2FBDD2CC031C0FE,2,E:\RecepcionDocumental-H1D10A-assets\A96DEE1D6A7E23D5E68607C65FF20DCFE740969199AAC8736E42D59AE4730A2B.header.png,92BCBCE394EC8850AC18E98142746774BCA8722947DA18461CC6A8BF2DD71949
AA84C3A4E4924686D838376E09090FD10087194C01C07A5EA950C292EF7C5773,F-EE08C7103D2458E54189,0,E:\RecepcionDocumental-H1D10A-assets\AA84C3A4E4924686D838376E09090FD10087194C01C07A5EA950C292EF7C5773.header.png,DB98CDFA4CFC5F24E417D8FB1635F4286D1BB9D3066A3D7FCAA31E0E89BE469E
AAA58F0519E8973AF3E81F35297B296B0C1596C01E87249708FF250200CB4755,F-C4EFEA98CD9D9490E678,2,E:\RecepcionDocumental-H1D10A-assets\AAA58F0519E8973AF3E81F35297B296B0C1596C01E87249708FF250200CB4755.header.png,3B65F49F47B5E007537AADDAFE602805ED43C44DC14CA253898800B84364F5C6
AABF7B716F6EFB57A9B2A94209DC35148FE057B9591E0019F999ED73BEC22319,F-FACD83D8B4281A05571A,1,E:\RecepcionDocumental-H1D10A-assets\AABF7B716F6EFB57A9B2A94209DC35148FE057B9591E0019F999ED73BEC22319.header.png,0063704680080EEEF098C48212D913EA121CA19009E3C51EDD66DD43783DC402
AAF93BE68662AE6CFF480483FCE1E287B6C015A1639FDD0D222FBB2ACE8EF0EA,F-DCC01CD6C3861C7E4C3E,3,E:\RecepcionDocumental-H1D10A-assets\AAF93BE68662AE6CFF480483FCE1E287B6C015A1639FDD0D222FBB2ACE8EF0EA.header.png,C97F32088B46D075779FE3F6E5A038EFBE5AFA7C99799993DB0BDA959900AE16
AB024B93E8B5777C028652601EEB9B237BDF2C8F8FFEF47DED32E4E522CD8A98,F-73AB37D8D5F65AA437FE,3,E:\RecepcionDocumental-H1D10A-assets\AB024B93E8B5777C028652601EEB9B237BDF2C8F8FFEF47DED32E4E522CD8A98.header.png,E31EED5AF885CD5516295F7436F257503AE8A890ABD1D30A9A1754E64CB7A396
AB0C583E646597C83850FE9C08448F796CBA142A0E028D788A4966911C47F5D4,F-22D8B0B2BC197D116017,3,E:\RecepcionDocumental-H1D10A-assets\AB0C583E646597C83850FE9C08448F796CBA142A0E028D788A4966911C47F5D4.header.png,7EBE321C23538F37FC05ABBD440C0F52AF65A2BF1CC51A5AE73C597EAFB6A341
AB0D83C3DF9CFBA31A1263817C970E11E1100483FEAEB9FF1B3648423B98EC50,F-463F5D66BCFC1B95B4F2,3,E:\RecepcionDocumental-H1D10A-assets\AB0D83C3DF9CFBA31A1263817C970E11E1100483FEAEB9FF1B3648423B98EC50.header.png,95D50186E4EAE41C8FB1A0F33480D4AE539294A32EF51831F9A7DD04815CF5B6
AB884F3366C4525F87C6694CA20947481EF300287DE4867EB133E4C54BBFC69F,F-FACD83D8B4281A05571A,1,E:\RecepcionDocumental-H1D10A-assets\AB884F3366C4525F87C6694CA20947481EF300287DE4867EB133E4C54BBFC69F.header.png,00D8A6614B3A436706D9276A3EE7CDE5EA902EF766805D909CE61FC386FCEAAF
ABDDFA8881E4CD0ED1415E127247052AE060CE64BD2FACE5989B2E277F168543,F-FACD83D8B4281A05571A,1,E:\RecepcionDocumental-H1D10A-assets\ABDDFA8881E4CD0ED1415E127247052AE060CE64BD2FACE5989B2E277F168543.header.png,93B738EB06D18BAAF760B789DE2D9396A84CA82F5119CC3191569F7EA25C2648
AC42650CDBF054A8D47F42B00BB5D1DC80ED46BF8F1B3CAE8266DB2B168C2931,F-463F5D66BCFC1B95B4F2,3,E:\RecepcionDocumental-H1D10A-assets\AC42650CDBF054A8D47F42B00BB5D1DC80ED46BF8F1B3CAE8266DB2B168C2931.header.png,DC99994AAEB5B87CD9EDAF2D658DA8B7346456EE46B906B18ABB1E61573CC274
AC7F51DCC99C3BC48F1274A5EB79215443AF73810C32D0DBB5F765BBCB40E660,F-6F5CAF1E1AEEB43C5486,2,E:\RecepcionDocumental-H1D10A-assets\AC7F51DCC99C3BC48F1274A5EB79215443AF73810C32D0DBB5F765BBCB40E660.header.png,AAE75144C6E9A75BC1A48A3EE506B766A5FAD01069A6849FD693419FC32E28C8
AD2799635E27A7E0E1451185C9AC53A3007944660C2909B4A3901B48049DFC74,F-FACD83D8B4281A05571A,1,E:\RecepcionDocumental-H1D10A-assets\AD2799635E27A7E0E1451185C9AC53A3007944660C2909B4A3901B48049DFC74.header.png,6F786E972DA562DD8709514CD02342F132FDCEC0EB2EF62A90F3FFDDC9BFE236
AD38ECC329BC2D1D9C7EB6B476156A3E757E51B81A8781D479A9C382D6413B41,F-FACD83D8B4281A05571A,1,E:\RecepcionDocumental-H1D10A-assets\AD38ECC329BC2D1D9C7EB6B476156A3E757E51B81A8781D479A9C382D6413B41.header.png,E3F0B0FED77CD08A39474264159EA743E1D615D2476F7195FA04030EFAEB322C
AD8BFE9C96C26C6BB914E83C6621C9708F3AFF672AF75B6AB01CD9C0EAE75AC0,F-6F5CAF1E1AEEB43C5486,2,E:\RecepcionDocumental-H1D10A-assets\AD8BFE9C96C26C6BB914E83C6621C9708F3AFF672AF75B6AB01CD9C0EAE75AC0.header.png,D29FB6E31F007FF978123ABB3A3810F50280CB55EB80604D5C342F9F9CF2ED85
ADDFD63B7C42F1260D78911245A68E078B8F253673927689B4CC49220FF7EB57,F-FACD83D8B4281A05571A,1,E:\RecepcionDocumental-H1D10A-assets\ADDFD63B7C42F1260D78911245A68E078B8F253673927689B4CC49220FF7EB57.header.png,E40C3F2D86F1AD650D4F1AA9CABEA0D9F326D7D1776D68EA4B1083D4EE033C07
ADF2DA89D38748AA9C10DF753D455E11F4A6C39815FD1E071DF87AB7A230CAC3,F-EFE6E9C595B24436566B,3,E:\RecepcionDocumental-H1D10A-assets\ADF2DA89D38748AA9C10DF753D455E11F4A6C39815FD1E071DF87AB7A230CAC3.header.png,8457AAFCAA419E4547F9C0E586E363BA5C8AED14D350B38A3A97881A9E3778EB
AE48F358ED15E164307B6F3416EA2A65B1ED9601E64C1F0F9578C8454C395CA4,F-FACD83D8B4281A05571A,1,E:\RecepcionDocumental-H1D10A-assets\AE48F358ED15E164307B6F3416EA2A65B1ED9601E64C1F0F9578C8454C395CA4.header.png,EB958E4706CB64901B78E3B53D76BB16A1CD72F7E952CF156E750290BBE874D6
AE5F33D11E36020FD2D0004B7D7F0E29834D1846F3753696CE2E377BA6990089,F-38BC11F2F1438B7B9147,0,E:\RecepcionDocumental-H1D10A-assets\AE5F33D11E36020FD2D0004B7D7F0E29834D1846F3753696CE2E377BA6990089.header.png,72E3F83DBA3CF9445A6327CC29E589CDD97C88BEED1A4CCA7586BE3A692BB0F0
AE6555FAEED3F6DA119B234934065DE34014B600D497678D3CA282EC4EE3AFAC,F-FACD83D8B4281A05571A,1,E:\RecepcionDocumental-H1D10A-assets\AE6555FAEED3F6DA119B234934065DE34014B600D497678D3CA282EC4EE3AFAC.header.png,CB3282C9749750EDA03FA16CC6A32CF52BDFA817545FDA580E2946C5ADFAC66C
AE91E3C556FA0456BA47EC97C0EADF80B7682FD588FAEFAB92CE30C32903AB22,F-EFE6E9C595B24436566B,3,E:\RecepcionDocumental-H1D10A-assets\AE91E3C556FA0456BA47EC97C0EADF80B7682FD588FAEFAB92CE30C32903AB22.header.png,72B9B106EF5B60DE7345F9673CF979A4480927BC5298009D0B0D5BE7364A1CD4
AEDC467B81545A573C8CF5C8878CF82047F638848F57F6CCD09D6E39D8261EEC,F-C04B37B1724168DE2084,3,E:\RecepcionDocumental-H1D10A-assets\AEDC467B81545A573C8CF5C8878CF82047F638848F57F6CCD09D6E39D8261EEC.header.png,B9DF71FA326868E9A7EFB1F204EF7E0546E4A733D9F30D956B6F24AECE822F2C
AF8B6445B3070AB2870510DFF2CAD430EBA17F2CDE35338DFBAF13D2E9EDA8A7,F-FACD83D8B4281A05571A,1,E:\RecepcionDocumental-H1D10A-assets\AF8B6445B3070AB2870510DFF2CAD430EBA17F2CDE35338DFBAF13D2E9EDA8A7.header.png,F3073EA82F6974CA790F581B85FDC3092621367B580C26378A2A80A31C060C91
AF9E13927BD6123DA16DE0369AA7435A2892D4D71E8A0B3863F85C6A5E30455A,F-F47B73E9F9F7F5973BEB,0,E:\RecepcionDocumental-H1D10A-assets\AF9E13927BD6123DA16DE0369AA7435A2892D4D71E8A0B3863F85C6A5E30455A.header.png,9CCCAF26983E0391DE6A22BA61ACCF88F9FED3174CBDE2AD045E1103181FC540
AFB2A16FE5967F1096CB2532D6F726831A460843CB1618E3F75A29899EF26F3D,F-6F5CAF1E1AEEB43C5486,2,E:\RecepcionDocumental-H1D10A-assets\AFB2A16FE5967F1096CB2532D6F726831A460843CB1618E3F75A29899EF26F3D.header.png,0069C595B68FA9C178F474E83D23A58F2812724538673C87553E123554041F1E
AFD04E98404202094A303416378E65BFF378DACC29438FCCB31F15E5DA76A62D,F-319491FEEAF6386D99BD,0,E:\RecepcionDocumental-H1D10A-assets\AFD04E98404202094A303416378E65BFF378DACC29438FCCB31F15E5DA76A62D.header.png,C35152A569A8963D53B986E49F1DD9C105F99A489AA25BDAF4EC9C370D15342D
AFD94A7738464B799D40D6192E9DD1BEEC6A0D45A535AACFA3EDD16D0B16F057,F-6F5CAF1E1AEEB43C5486,2,E:\RecepcionDocumental-H1D10A-assets\AFD94A7738464B799D40D6192E9DD1BEEC6A0D45A535AACFA3EDD16D0B16F057.header.png,324C6AE0F3C66D18DECFAA9374103B6656C9410DC133C3EF76D0B1141FDBCAB2
AFF82FA6EF3277DD84FB0590FEFDAA94384C7C16B8DD7E888E0AC3694B287D74,F-463F5D66BCFC1B95B4F2,3,E:\RecepcionDocumental-H1D10A-assets\AFF82FA6EF3277DD84FB0590FEFDAA94384C7C16B8DD7E888E0AC3694B287D74.header.png,C746E6B2FD28F88AE620D1B54083A6A505BC915E1187B7090524F23375A64791
B037CD5D6C3DBFE242C1D48A41B2E684E3A06C137605AD08407CCABBF0300E9C,F-FACD83D8B4281A05571A,1,E:\RecepcionDocumental-H1D10A-assets\B037CD5D6C3DBFE242C1D48A41B2E684E3A06C137605AD08407CCABBF0300E9C.header.png,7571C8FF53F4067B2C360320EFCDFC5D9AC33BEE25939EE6A51E294907D4FE28
B0A4197888EA55EB0525400667380D7303F51FA37116676CBF8C89C3C4576029,F-FACD83D8B4281A05571A,1,E:\RecepcionDocumental-H1D10A-assets\B0A4197888EA55EB0525400667380D7303F51FA37116676CBF8C89C3C4576029.header.png,59E4E5D59E118C3AD177D93DAA0FAAA597BB0F2644F05179CA04E3FFE96765F8
B155575B3E5AA921C9BE814DB5AE231CE4A154F9464C903FFF45753EDF9BB098,F-FACD83D8B4281A05571A,1,E:\RecepcionDocumental-H1D10A-assets\B155575B3E5AA921C9BE814DB5AE231CE4A154F9464C903FFF45753EDF9BB098.header.png,098F5042D5AB63E730B159DAF21EA647ACDEF32719726A3F31476E2179E90BC5
B183B3C2FBEA842AA2E1271A4F4F99AD84CB291E37911A846655D8B7C3B6F0F7,F-8FB0C271F20EAB3092AA,3,E:\RecepcionDocumental-H1D10A-assets\B183B3C2FBEA842AA2E1271A4F4F99AD84CB291E37911A846655D8B7C3B6F0F7.header.png,41992B79D1D4A7A53FAD946E013EAB64EC76EBDA986459D26B8D12D5AFFE51F3
B1F31AE8A9C37651E9BE2101CEE69DF9D9BB484E351A2EDFE5EFAD605EC5491F,F-DDD398632A8E3710DDB0,3,E:\RecepcionDocumental-H1D10A-assets\B1F31AE8A9C37651E9BE2101CEE69DF9D9BB484E351A2EDFE5EFAD605EC5491F.header.png,6A61DD9001CFEB457EDD2D17D2E82BBF8406D7BA970159171C8126FAA69C518E
B22A76E1E4FD31EF224C10ACFE0E347C516EF33BA7C3ECF2F5490502A042BFD9,F-463F5D66BCFC1B95B4F2,3,E:\RecepcionDocumental-H1D10A-assets\B22A76E1E4FD31EF224C10ACFE0E347C516EF33BA7C3ECF2F5490502A042BFD9.header.png,3EFAA3A1770B7230178170D2375B8BDDA513167F2D9750781F7CCA9F8CAB82CB
B261F434C6894AF945296D248F09A6B8DFCADCFD119DC890EDE995D62C59E4AB,F-FACD83D8B4281A05571A,1,E:\RecepcionDocumental-H1D10A-assets\B261F434C6894AF945296D248F09A6B8DFCADCFD119DC890EDE995D62C59E4AB.header.png,9DBC530E1FB09192B995A57B1E248C49EAD86EB50E9764E23A1F5F579781EFFB
B2997181C2966B7D939278DE583E1C455291A7919335F007B8E7502E8FF7BED6,F-6F5CAF1E1AEEB43C5486,2,E:\RecepcionDocumental-H1D10A-assets\B2997181C2966B7D939278DE583E1C455291A7919335F007B8E7502E8FF7BED6.header.png,7186C12C6AAF9C73E3D41BFC1EED9CD2647B9E7001F8ABA96B84B952EC7D6F1A
B2A0FCE48A8A078C9FDBA7A34DFCC9B8B282947AF09EF609C4F2A424AA6F13D7,F-F9F97E5234AB53CA8EDD,2,E:\RecepcionDocumental-H1D10A-assets\B2A0FCE48A8A078C9FDBA7A34DFCC9B8B282947AF09EF609C4F2A424AA6F13D7.header.png,947295C2C0A783907BDC8602DC1E1BAB92988703AC56F6A26D419BBC10CE949A
B2C834CFED8E0CEFDFC52915E35EC7F7E4E3C09E73B77FA068A55848357A78DA,F-6F5CAF1E1AEEB43C5486,2,E:\RecepcionDocumental-H1D10A-assets\B2C834CFED8E0CEFDFC52915E35EC7F7E4E3C09E73B77FA068A55848357A78DA.header.png,0D73D1940AB5320884F040E3E4478C2FD030752493865248FAF79F4A949BE4A3
B2EC24389642801888074E7E0AFA7D94B5A444FDA2F8FE74C2AF1D76B6E3BCEC,F-6F5CAF1E1AEEB43C5486,2,E:\RecepcionDocumental-H1D10A-assets\B2EC24389642801888074E7E0AFA7D94B5A444FDA2F8FE74C2AF1D76B6E3BCEC.header.png,EBA2C855314DCEA38AD2504EEB1C5607F12F4FA25A3EBD134AD6D45A3D5086DB
B30F44F06B3B610827B41DCAB057CFBD3F73DFD201E509567A97022B58BE754E,F-6F5CAF1E1AEEB43C5486,2,E:\RecepcionDocumental-H1D10A-assets\B30F44F06B3B610827B41DCAB057CFBD3F73DFD201E509567A97022B58BE754E.header.png,0B4F3DF55C67466BEF1A543CED921945F5365802DC6168B2B6555DE85965CEB3
B3E8F9A23D84DA4EF6F0BED0132ABEC06DBBCC00BADF676ED7BD7E71E44FDF73,F-463F5D66BCFC1B95B4F2,3,E:\RecepcionDocumental-H1D10A-assets\B3E8F9A23D84DA4EF6F0BED0132ABEC06DBBCC00BADF676ED7BD7E71E44FDF73.header.png,1E4065588F751E2060B9766A02714D7232DAD835A4853FFC5BA65EC2206714EE
B43FBD417EF3A374DBF2C0452FEBBCF37E606C43B32910257C5C61F0D456E116,F-FACD83D8B4281A05571A,1,E:\RecepcionDocumental-H1D10A-assets\B43FBD417EF3A374DBF2C0452FEBBCF37E606C43B32910257C5C61F0D456E116.header.png,5516F6F57CD06AC5360C809893A0E07E47464119E786BD4FB413DFC6D97AFC94
B44251C89926FF5181BC892C404BAF4F11E48626212A6C970A5D7DDEAEBF3CA6,F-6F5CAF1E1AEEB43C5486,2,E:\RecepcionDocumental-H1D10A-assets\B44251C89926FF5181BC892C404BAF4F11E48626212A6C970A5D7DDEAEBF3CA6.header.png,494F4229CEA555DE31B25C54F0E5B0F3A0E91DF32CCFF11E65396C0FB74D5863
B4430B9D1CE090C0C6EBC8ECC4D373545087A303D6846768C96141BD69FD3D68,F-127BD2FBDD2CC031C0FE,2,E:\RecepcionDocumental-H1D10A-assets\B4430B9D1CE090C0C6EBC8ECC4D373545087A303D6846768C96141BD69FD3D68.header.png,6BCC98458BD92E54942E7DCF034BEF4535E5E3F3DED07B2E949D5F96AF8915F9
B46721DBF0CC1963B2C57D5D4C35252EEC8B7C40AA9B65F00B72A5A0AE888BA5,F-D591D778E05641FBA116,2,E:\RecepcionDocumental-H1D10A-assets\B46721DBF0CC1963B2C57D5D4C35252EEC8B7C40AA9B65F00B72A5A0AE888BA5.header.png,8A8E581769E841F965662EC15EFF5EBCD1653D3F241D67DB9A30F1AE7AFC017D
B49BC0B1FC19AAC79B16DC36E0EE7096B46796D74369F33A1A753F4B1237A7BD,F-EE08C7103D2458E54189,0,E:\RecepcionDocumental-H1D10A-assets\B49BC0B1FC19AAC79B16DC36E0EE7096B46796D74369F33A1A753F4B1237A7BD.header.png,570C7207B5BB33C09BF9E49F694EA08482C579212C8D5CAC3F20609D1F166B20
B4C8FA3786E8BA119F3C5F40F1BF5868D7591D0E865FF2AF84F7235674F33C88,F-F8EBECB216D6C0D8E1BE,3,E:\RecepcionDocumental-H1D10A-assets\B4C8FA3786E8BA119F3C5F40F1BF5868D7591D0E865FF2AF84F7235674F33C88.header.png,6FFDC8D4CCDB6D2C1B6C4455B7C0ADFE175064F8DB2AC89ACF263759454A645B
B57482DDE36878A4671AE5BA62CF9F25F1093F7ADED072390756EA95F182680B,F-DCC01CD6C3861C7E4C3E,3,E:\RecepcionDocumental-H1D10A-assets\B57482DDE36878A4671AE5BA62CF9F25F1093F7ADED072390756EA95F182680B.header.png,FF08328EE1B72E024046F29A448C752692ED47F8A04269B7F46716CE0D53FB12
B59289C59C42F58F2E5E5667229CB21EC21343A252CF50441F2AACE87618F71B,F-624B9DB867F145EBB34C,0,E:\RecepcionDocumental-H1D10A-assets\B59289C59C42F58F2E5E5667229CB21EC21343A252CF50441F2AACE87618F71B.header.png,CC4D2F007741E1FB40977F1FE9653610AF12D37150356525F82B0A1BCF628404
B5ACDD8CF3C659A5ACA521D4D5BDD33A4ABCED7E3B51BCE62232BF6509A7A6B5,F-EE08C7103D2458E54189,0,E:\RecepcionDocumental-H1D10A-assets\B5ACDD8CF3C659A5ACA521D4D5BDD33A4ABCED7E3B51BCE62232BF6509A7A6B5.header.png,039B507EC3FBB40652398758F34B0A9288CF930FFF958F92FC4335EAF64C5A65
B5C325DEA3BD4B0A25EA5C3EDE914856F9CC703DC3DAEF00F3443733CDDC020F,F-6F5CAF1E1AEEB43C5486,2,E:\RecepcionDocumental-H1D10A-assets\B5C325DEA3BD4B0A25EA5C3EDE914856F9CC703DC3DAEF00F3443733CDDC020F.header.png,B08D9222B9B78399E48090C3931B9FE882741B10639D2B671619B4D09CF857B1
B5DE25694A1E3F151038528A102E8613AAA3E63ED988DE74C8B99134F65C2CE1,F-EE08C7103D2458E54189,0,E:\RecepcionDocumental-H1D10A-assets\B5DE25694A1E3F151038528A102E8613AAA3E63ED988DE74C8B99134F65C2CE1.header.png,2FFBE61CF9DD92F597ABC234D618ADCF3846BBAC7DA90D07A2A225186D6FDB6E
B5FADEA794BC7EF56E6FCA4D6D51AA1D2416BC77A0A4768BD9F139BE4BF0C225,F-463F5D66BCFC1B95B4F2,3,E:\RecepcionDocumental-H1D10A-assets\B5FADEA794BC7EF56E6FCA4D6D51AA1D2416BC77A0A4768BD9F139BE4BF0C225.header.png,92AC92D64DB04D94FD072BA183C59900383591799A43912BEEDA13BB2FB64C32
B659F8BCB146A10D8370F7CBC2A5C9DB45207D9B5EFB86E12A2786DA28051160,F-463F5D66BCFC1B95B4F2,3,E:\RecepcionDocumental-H1D10A-assets\B659F8BCB146A10D8370F7CBC2A5C9DB45207D9B5EFB86E12A2786DA28051160.header.png,790E10C650A3A0A272BB665D80366E6EAFF6A5559A990545382DA1DD339A7BA1
B68674F3B9393FDE895EBE47421061B41DCE664D2174AFA8C7904CD4324C5124,F-8E51FF106E6F3ECF3F13,1,E:\RecepcionDocumental-H1D10A-assets\B68674F3B9393FDE895EBE47421061B41DCE664D2174AFA8C7904CD4324C5124.header.png,C48B5472F988C7C39B8E89DC323AAEE287044F12C75CFCABEE708A85E1F3BBD3
B7004863AED55E481D4397435BD5B06CEA6180397E1059883D51F5D066F1147F,F-73CB94964FB18FDF7FCE,3,E:\RecepcionDocumental-H1D10A-assets\B7004863AED55E481D4397435BD5B06CEA6180397E1059883D51F5D066F1147F.header.png,EC6275A7AE4E3C03F5E4E9CB9647D66C076FFB8CF3CF29C45FFE84306831C0C2
B77D4EBDF02A914E4B6BB74E218EBA5B9F3C84F47E7C63F5DCAE563B8ABE7A72,F-FACD83D8B4281A05571A,1,E:\RecepcionDocumental-H1D10A-assets\B77D4EBDF02A914E4B6BB74E218EBA5B9F3C84F47E7C63F5DCAE563B8ABE7A72.header.png,563287136D6BF84F50320CDBA2B800E58B7B8274D187DB53868E4E5D3EC6777A
B78BB8245C935535BC3425C474DD8C21F7E5434AF84B89A889F4DCB0C0595930,F-9525E35FAA9C79DDFE79,0,E:\RecepcionDocumental-H1D10A-assets\B78BB8245C935535BC3425C474DD8C21F7E5434AF84B89A889F4DCB0C0595930.header.png,8E44F424AD1B90DBBAFB4565B2822E7E1CB318545BB3E455B9151378E56D289D
B80AFDA11B97B8B04E84D9CD740D359D1C596DF8F1D8F5F1FD844D8FEA257681,F-FACD83D8B4281A05571A,1,E:\RecepcionDocumental-H1D10A-assets\B80AFDA11B97B8B04E84D9CD740D359D1C596DF8F1D8F5F1FD844D8FEA257681.header.png,6919609427B705B4605F727A1CCF3A67ACEBDDFB83B5085E66BD84DE2B670796
B838D34AF658B43A04B590C709EF56D29457768AC2561246DE907FDBB3E164FA,F-BBFA348893E65DB88B69,1,E:\RecepcionDocumental-H1D10A-assets\B838D34AF658B43A04B590C709EF56D29457768AC2561246DE907FDBB3E164FA.header.png,460639E712C1D8CB987B7D250E5945B4E5EB0B04094BC4023EA7F49648DE4318
B84A772378756B6314CFD7C847ED11E8ED0969129EDEC4C4AB968DFC4819F7C8,F-6F5CAF1E1AEEB43C5486,2,E:\RecepcionDocumental-H1D10A-assets\B84A772378756B6314CFD7C847ED11E8ED0969129EDEC4C4AB968DFC4819F7C8.header.png,2B42D2F7C2D4839D994CA0F49D106E1901F28C3AE4FC90FB8A59F24E879C873B
B84B427F6FD18CB0429FFD385661A0D9E127F2E46C5B2ADC755D18414A870739,F-EE08C7103D2458E54189,0,E:\RecepcionDocumental-H1D10A-assets\B84B427F6FD18CB0429FFD385661A0D9E127F2E46C5B2ADC755D18414A870739.header.png,73BBC5545F8C6D1FCD28BFDC3619077371F4CBE285E48F85E9C3D01B6F989DCB
B8AE7CBF2367797B27297B4937F006864D0E40FEE96D9146C308CD0D36DA337B,F-99F7A3F5F30B759FC1BA,3,E:\RecepcionDocumental-H1D10A-assets\B8AE7CBF2367797B27297B4937F006864D0E40FEE96D9146C308CD0D36DA337B.header.png,F574198B46A78EDCFA2F1216B1D56B1D92AA713E0CA3FB9982008FCABDE8CA09
B8B9CC93AD5D652C71367F2D4AAAC897EE3CCF26697314E8B918A140B27EAD43,F-EFE6E9C595B24436566B,3,E:\RecepcionDocumental-H1D10A-assets\B8B9CC93AD5D652C71367F2D4AAAC897EE3CCF26697314E8B918A140B27EAD43.header.png,51B2F7268F39E8D1CC3F002EB778A08CF3B5930212677AAF006355E33C9FED72
BA599EC41FE7E359E5A4333D2216B20E2F1B14EEC86D337177BBE86642EFBC1F,F-FACD83D8B4281A05571A,1,E:\RecepcionDocumental-H1D10A-assets\BA599EC41FE7E359E5A4333D2216B20E2F1B14EEC86D337177BBE86642EFBC1F.header.png,8D6F52528197C9AF96B97762118B82724B4577F7D95CFF91AFABD2B8C0EC85DC
BA98CE4928F0A74D663B803FFB02DF2C63C5E0404FC89B630992D31DEF7B9B63,F-FACD83D8B4281A05571A,1,E:\RecepcionDocumental-H1D10A-assets\BA98CE4928F0A74D663B803FFB02DF2C63C5E0404FC89B630992D31DEF7B9B63.header.png,46817FA0B6E1568ABD76A9E4E3281EFE1399D2CBBBBE3AACF424A923C8B7B355
BAAE431824638D35FB35CDA58C3D162F45CF18993CC7DD8696C0ED104C344E01,F-463F5D66BCFC1B95B4F2,3,E:\RecepcionDocumental-H1D10A-assets\BAAE431824638D35FB35CDA58C3D162F45CF18993CC7DD8696C0ED104C344E01.header.png,F14207E39F9E8B6344140B813BDF115FF754626EC982CF30B2221F9E3905A910
BAB2FC9AD6FCB9791998B45C2980B39C5B8761CA41A9B31757578BED83609B74,F-EE08C7103D2458E54189,0,E:\RecepcionDocumental-H1D10A-assets\BAB2FC9AD6FCB9791998B45C2980B39C5B8761CA41A9B31757578BED83609B74.header.png,C99F8A3C8EF5A32753DF6A5859DF65B4F2EAD5A8679A73D90D737A3FAC2664A5
BAD58EFDAD38F78981FFC549AF4B2F8E08A05F91717C17C0926AD6E832356563,F-FACD83D8B4281A05571A,1,E:\RecepcionDocumental-H1D10A-assets\BAD58EFDAD38F78981FFC549AF4B2F8E08A05F91717C17C0926AD6E832356563.header.png,D94340B0E6B70DE7C179074D8B5763D9595DF5A0AC371ECE279F7239AC88BC55
BBE194D39B1BE0FC4F79746855975E750A39C4A50FF4BFDC2FD0EE6FA1BE1DE2,F-FACD83D8B4281A05571A,1,E:\RecepcionDocumental-H1D10A-assets\BBE194D39B1BE0FC4F79746855975E750A39C4A50FF4BFDC2FD0EE6FA1BE1DE2.header.png,A921AE48986FE3331ADEFBBBAF110679291B05726AB683CD0B84B538C923C21D
BC50881D0FA286197EF00AE2A783C5F35035D52AB8D8331389563F71777F200E,F-6F5CAF1E1AEEB43C5486,2,E:\RecepcionDocumental-H1D10A-assets\BC50881D0FA286197EF00AE2A783C5F35035D52AB8D8331389563F71777F200E.header.png,8B7601B2C6D0D2BD14DF9CAC6E43997805B45F6611FE7FE22AA2E03C1C7C3752
BCBBF28C995BCD25F999826AE1848F034C3835F0CFA162AFA733CB7F3317C176,F-EE08C7103D2458E54189,0,E:\RecepcionDocumental-H1D10A-assets\BCBBF28C995BCD25F999826AE1848F034C3835F0CFA162AFA733CB7F3317C176.header.png,726F8628E252C3DF97D6FD3A16EC7BEBFCD861913E8E3F6EA5BF793354D61514
BCDB3FA6314A6818D45588D3055054720B71C0FFD5AF1BF073F8B68C9823DB5C,F-FACD83D8B4281A05571A,1,E:\RecepcionDocumental-H1D10A-assets\BCDB3FA6314A6818D45588D3055054720B71C0FFD5AF1BF073F8B68C9823DB5C.header.png,CF244252E640C1C3531515B8B459701865E434EBA37563155B4E48F83C41E7D6
BD24EA94A76C917A05925825C6264475970B3150A5DD24C5C1706E1BCE397335,F-FACD83D8B4281A05571A,1,E:\RecepcionDocumental-H1D10A-assets\BD24EA94A76C917A05925825C6264475970B3150A5DD24C5C1706E1BCE397335.header.png,E61E2E2AB2A00245358A7AD7BE586337A42A9BC0C1F8F75B554FBEE014A2C200
BD7F4BAA498B98BEFACE0028528DCDF91D331EBEC91FDC934BAC440BB06984D5,F-78FBBC0583221AAC5789,2,E:\RecepcionDocumental-H1D10A-assets\BD7F4BAA498B98BEFACE0028528DCDF91D331EBEC91FDC934BAC440BB06984D5.header.png,0D948FB2922CE40F54C81FA1D61BC93BC7AF9FF6CE64726CF2FC5E4E7CC1FA1A
BD8E11FCAEC9A44D6A00F4A35DDE7592D803BF3A213F1871A206063466741EDA,F-8FB0C271F20EAB3092AA,3,E:\RecepcionDocumental-H1D10A-assets\BD8E11FCAEC9A44D6A00F4A35DDE7592D803BF3A213F1871A206063466741EDA.header.png,153981698A7878E6F11D63633AD2605F7B0414FE090E0718637EC2E6A0EA7D9B
BE42D5645B6B6FC115CDDAC2DE7D1E6B4155601B7184FD659D4E749B43A7CC4F,F-463F5D66BCFC1B95B4F2,3,E:\RecepcionDocumental-H1D10A-assets\BE42D5645B6B6FC115CDDAC2DE7D1E6B4155601B7184FD659D4E749B43A7CC4F.header.png,C65032D01678159B1FEFAAB5308329CF680C2EFC46974D3946E80BB936D41B58
BEBEE3FEB2ECE2A58A28A20BC713DBD94D72534F2C5B58650B9A002E753C4FC7,F-EE08C7103D2458E54189,0,E:\RecepcionDocumental-H1D10A-assets\BEBEE3FEB2ECE2A58A28A20BC713DBD94D72534F2C5B58650B9A002E753C4FC7.header.png,1573123F60196E6F6F125810F3C4CB08182CA344CCACE870804B5904D7DB0C99
BF29AA335807B8772722D77E8BB1A6FFF97439E4C538B4E8487ABADED18B3E1E,F-D591D778E05641FBA116,2,E:\RecepcionDocumental-H1D10A-assets\BF29AA335807B8772722D77E8BB1A6FFF97439E4C538B4E8487ABADED18B3E1E.header.png,B13125A39B0DF7BF32D842949089E0E4AB98D08163F1108690EA889421C457C3
BF3C8B6E0629580CD73B07E38158B2BAC03A920BD9965548A236F02203849DB0,F-2225E7482E0C1A2CF093,2,E:\RecepcionDocumental-H1D10A-assets\BF3C8B6E0629580CD73B07E38158B2BAC03A920BD9965548A236F02203849DB0.header.png,25FB5F70621D100D6E7AA831B08AC7114D835CA170E862A04E2EA568E48C6093
BFA345B7F7EFD8A252FFE7A2961BC8491F0CA8088E7FA68D0FFBA8CDDD06C239,F-6F5CAF1E1AEEB43C5486,2,E:\RecepcionDocumental-H1D10A-assets\BFA345B7F7EFD8A252FFE7A2961BC8491F0CA8088E7FA68D0FFBA8CDDD06C239.header.png,3526FB4629D2BDAF33A4BB251B379DF713444A34C7C8F237B1EDF3181C65204D
C03307D0E30E87F1DB5F43875D2908DF294EC66AFC045B5F000F4B437912790C,F-6F5CAF1E1AEEB43C5486,2,E:\RecepcionDocumental-H1D10A-assets\C03307D0E30E87F1DB5F43875D2908DF294EC66AFC045B5F000F4B437912790C.header.png,A9B7BF8F307F7FDF6EFAD2CEA47D5AE8A9BDD67F58C2FB26B4AF59F0C3473746
C09C687DD4CA97DF30A9EEA5AC8D3FC4F376766772980E559830B9458C6E9A0F,F-EE08C7103D2458E54189,0,E:\RecepcionDocumental-H1D10A-assets\C09C687DD4CA97DF30A9EEA5AC8D3FC4F376766772980E559830B9458C6E9A0F.header.png,ABD2168160E7E9D7267A68C4B9B3B5B11E7D60783C902D6CD3E547FCABBDC415
C0D4042C7735626A538A99C8481F8B0D139A983D3DE8B0FDB50C6B519588B0D0,F-FC0763B62EEE2F9FCCE8,2,E:\RecepcionDocumental-H1D10A-assets\C0D4042C7735626A538A99C8481F8B0D139A983D3DE8B0FDB50C6B519588B0D0.header.png,57F24AC3DBF06C0C1561BD58CCA3DFE257942419BCEDA243AAD074DBDA48955A
C128DB050D40091655B54E5796821E4B97A21879827F408B1A1562D141649385,F-EE08C7103D2458E54189,0,E:\RecepcionDocumental-H1D10A-assets\C128DB050D40091655B54E5796821E4B97A21879827F408B1A1562D141649385.header.png,DBF47212B11DA52626CEF1CCB8B33A17C8E9295A8241BA325B121EA4B4C7BCAD
C1339904E1A25B7C57F4FCD77911D4E12AC16E32615C65591D13F656405BCD61,F-463F5D66BCFC1B95B4F2,3,E:\RecepcionDocumental-H1D10A-assets\C1339904E1A25B7C57F4FCD77911D4E12AC16E32615C65591D13F656405BCD61.header.png,AFFC5469E65C55926F28B757E085008747987FC9030BE7B55F5EC88E089FBAE9
C177CD77BAA5F5587D302FDCC9F5615424F6BCED6057AA300113D6E3A600DC02,F-EF073838ABE6523C2174,0,E:\RecepcionDocumental-H1D10A-assets\C177CD77BAA5F5587D302FDCC9F5615424F6BCED6057AA300113D6E3A600DC02.header.png,A3AB2F6316B044EC43EBEB7CF0F1FD9BDB329CE76147923A8CED0A3BAC20185E
C2100227A4E19E89166D86B967E5BBDCD57CA5023BA5E65D69389BC8B8BEC3C8,F-EE08C7103D2458E54189,0,E:\RecepcionDocumental-H1D10A-assets\C2100227A4E19E89166D86B967E5BBDCD57CA5023BA5E65D69389BC8B8BEC3C8.header.png,CD6952296A56336B8659BC9BE569BB02492F3D5EA40F5EB0A9A6322395B9F546
C253AB0D7A2231B0EE8ADE2089FF0F31FB3DCD431952756AEF456E8C35F50177,F-6F5CAF1E1AEEB43C5486,2,E:\RecepcionDocumental-H1D10A-assets\C253AB0D7A2231B0EE8ADE2089FF0F31FB3DCD431952756AEF456E8C35F50177.header.png,99EE1011829E4152C56A531E9B7D52B12A60CC5FA25CE7435E452C490FD23ECF
C286855F489A0EF1D75420C90BA90D7C7F7357631A50F2B6239F2E888FD0198B,F-6F5CAF1E1AEEB43C5486,2,E:\RecepcionDocumental-H1D10A-assets\C286855F489A0EF1D75420C90BA90D7C7F7357631A50F2B6239F2E888FD0198B.header.png,C6C8DD324906B6172FCE9CDE828C4267120EF3895A420786532F52BF4A98601F
C2B9C93B9693A319CF01C0A5D31F3962BF7E02F0006FD13871EDFC50CF7B4121,F-A69FDECE53AB69CF1845,2,E:\RecepcionDocumental-H1D10A-assets\C2B9C93B9693A319CF01C0A5D31F3962BF7E02F0006FD13871EDFC50CF7B4121.header.png,3E9ECBCE982168A0977765475A5637132E4D603BFEE4FB24F04BD54B9203C024
C2C93818726DAC52E58536C78525B62A417DEC82F9491E4941E8AEE2CFA42B42,F-EE08C7103D2458E54189,0,E:\RecepcionDocumental-H1D10A-assets\C2C93818726DAC52E58536C78525B62A417DEC82F9491E4941E8AEE2CFA42B42.header.png,A3D53A5C93B9E37C11B764E59C1AE40D9B946D6287B35C288E0AFF1ABF4EB31A
C32B2E20D7C26374931D1211FDDC75A8B9DC021D4FB1E43E423060A42FCB0F90,F-127BD2FBDD2CC031C0FE,2,E:\RecepcionDocumental-H1D10A-assets\C32B2E20D7C26374931D1211FDDC75A8B9DC021D4FB1E43E423060A42FCB0F90.header.png,DCA1B722AEE71EEBFB7DB2DB743E3280B19FB24C3F6F34B2D6B9148A61B27415
C34D90268A5F10333F6EEB206403454ED03AD03DFE2E0F82144D322FCB2BE2FE,F-EE08C7103D2458E54189,0,E:\RecepcionDocumental-H1D10A-assets\C34D90268A5F10333F6EEB206403454ED03AD03DFE2E0F82144D322FCB2BE2FE.header.png,096452883D16066D9927B46957E118884A283ACA3BE79D5F42B3897FBE1FA82A
C3B17A6E5FCF4075138716E7C05C7C2C00B9C6DB35B1F7CF269759EE308A472C,F-6F5CAF1E1AEEB43C5486,2,E:\RecepcionDocumental-H1D10A-assets\C3B17A6E5FCF4075138716E7C05C7C2C00B9C6DB35B1F7CF269759EE308A472C.header.png,C75CE058888B15AA64756B04857DECB6EE49AFF644C09C8AF91ADF0A9E9420A0
C467CA492CC79EDB963E9E4B1D87CB6B9AC232D99505BB4BFF97EA5240921873,F-FACD83D8B4281A05571A,1,E:\RecepcionDocumental-H1D10A-assets\C467CA492CC79EDB963E9E4B1D87CB6B9AC232D99505BB4BFF97EA5240921873.header.png,C7F4B01BF20E7A05521294C0DBC378D630617B656184F8C31FF3729391B9E425
C4F20F86104A25A042C17226A58FE4A2904FF327D27396E512BFB9855A181AB0,F-C4EFEA98CD9D9490E678,2,E:\RecepcionDocumental-H1D10A-assets\C4F20F86104A25A042C17226A58FE4A2904FF327D27396E512BFB9855A181AB0.header.png,41B92189657BC8261B4FC812223A76E344B9D7E945CC50A9D6EC1C2ED5358CE0
C4FA660C17826F3719DD1559315A2810F55C5F458EC9FE51CBC1C34E09580929,F-6F5CAF1E1AEEB43C5486,2,E:\RecepcionDocumental-H1D10A-assets\C4FA660C17826F3719DD1559315A2810F55C5F458EC9FE51CBC1C34E09580929.header.png,BA8C7EC2A10084C39C968C38145260B19DBD0C1175F1B67A4575FB20409F734B
C5015F3E9ACE903E1F1A3F021F972B5725DAA7D97CBF494731F3C5FFBD0178AB,F-EE08C7103D2458E54189,0,E:\RecepcionDocumental-H1D10A-assets\C5015F3E9ACE903E1F1A3F021F972B5725DAA7D97CBF494731F3C5FFBD0178AB.header.png,DFF1AA381AD5E33BF317F1A0A0269859072A5F8D581FE21DCC94172DD3DDC677
C5130207272100B6F37D2F1DF7D551DB1B8689288E3EDA73B8DE49834D6D8DF4,F-87572B663CBBD9F4CA2F,3,E:\RecepcionDocumental-H1D10A-assets\C5130207272100B6F37D2F1DF7D551DB1B8689288E3EDA73B8DE49834D6D8DF4.header.png,C2B571269DFE78FDA255FDEBA2EBF6543412F0B03E1C3EB7BA2B189BD22A12AB
C5AB3289EC750F8FE7A4D0025AEC51B2F9E3031E9A750BFD7152F5635577B831,F-EDBFE59229E8571451DD,2,E:\RecepcionDocumental-H1D10A-assets\C5AB3289EC750F8FE7A4D0025AEC51B2F9E3031E9A750BFD7152F5635577B831.header.png,472E46CBCDD4093C52C29C07F43AAF8CC1A86A19CD6FB1FBFC9146F655F375FA
C6469439E8A7EADDAB74F948CDEB8C758FB7E73195A0FA9FADF994E98857A5FC,F-463F5D66BCFC1B95B4F2,3,E:\RecepcionDocumental-H1D10A-assets\C6469439E8A7EADDAB74F948CDEB8C758FB7E73195A0FA9FADF994E98857A5FC.header.png,7197BA74EFD9E01C20561A89A09139036AB910A874E5236D4DD061200A0A9693
C66AE5D0BA9546144237F3ED91AA92D98D806F940E4D3B863AD114692FFD1AFA,F-0EE887752345887B2F4F,2,E:\RecepcionDocumental-H1D10A-assets\C66AE5D0BA9546144237F3ED91AA92D98D806F940E4D3B863AD114692FFD1AFA.header.png,191660DFFC2BFEF628CDD804A3D942D2C0319656750BDC0FD9A468627904D5D3
C6FA29FFDF0C2B39FE22AA6A5DF8FDC4C215B1DD849C481E4EF56978B614EAE2,F-6F5CAF1E1AEEB43C5486,2,E:\RecepcionDocumental-H1D10A-assets\C6FA29FFDF0C2B39FE22AA6A5DF8FDC4C215B1DD849C481E4EF56978B614EAE2.header.png,F9AF2D8E560093F2D35DD6168D3994FF460AB2E9DB0993AB25D53C00C8E17161
C73C512EC4364FB25B1DD1CE61856BFDE06C3BB7FB3897FC660CBEA83E889F71,F-B0CE428E3A93F67A9A41,2,E:\RecepcionDocumental-H1D10A-assets\C73C512EC4364FB25B1DD1CE61856BFDE06C3BB7FB3897FC660CBEA83E889F71.header.png,2954F73395EA6B1FEDC7BB45EAEE8EE4C9CBBD65DAE0CD6E2F0E766E6D4D0C9D
C7DCFC7B887ED14B331FE01DC9255DB7490E7A0124783AFBAF3B6B292AD6D0A6,F-463F5D66BCFC1B95B4F2,3,E:\RecepcionDocumental-H1D10A-assets\C7DCFC7B887ED14B331FE01DC9255DB7490E7A0124783AFBAF3B6B292AD6D0A6.header.png,8423FE5A108E43D55BB0541D03E4AA111B2F7414A3021197EC1BECA36C63EEFF
C92C0422097D51A3D93193E6CF419568C35B45B68AE7BA0E8F044DAA781BDE27,F-FACD83D8B4281A05571A,1,E:\RecepcionDocumental-H1D10A-assets\C92C0422097D51A3D93193E6CF419568C35B45B68AE7BA0E8F044DAA781BDE27.header.png,2965B12A74D918C18E92FB6356F098EAB2AC788FB90A54D84565F63F52B31D8F
C94D2466ABBCA670AEB72345C937ECD41C9AE3519E58A521C3DC5E400F88B6CB,F-FACD83D8B4281A05571A,1,E:\RecepcionDocumental-H1D10A-assets\C94D2466ABBCA670AEB72345C937ECD41C9AE3519E58A521C3DC5E400F88B6CB.header.png,0496A5C432A434458B8D89A093CD5980D22F64F160F5C75CC7C4233B606E82BB
C954E8A98EC5F59434BC8FD7AD7063CDACEF485CA4C4172312005AAD894268AF,F-463F5D66BCFC1B95B4F2,3,E:\RecepcionDocumental-H1D10A-assets\C954E8A98EC5F59434BC8FD7AD7063CDACEF485CA4C4172312005AAD894268AF.header.png,AEA72BF90E6670B3956151E2424C42434C9FC40ECF65C1956106A7654A7030BA
C975B3D927FB1E30EEDB65478115A3885467118916194B500FD55F0D0875019E,F-A26E6E68BD787A625DC9,3,E:\RecepcionDocumental-H1D10A-assets\C975B3D927FB1E30EEDB65478115A3885467118916194B500FD55F0D0875019E.header.png,FB799CD7415FFB384C239752344EBC39BFABF22CC32573D1E9385F3703CC45CA
C9E25B0A4129298A70D0938226DC15E47A3489EE06D723D9F8A969C5193FB68D,F-FACD83D8B4281A05571A,1,E:\RecepcionDocumental-H1D10A-assets\C9E25B0A4129298A70D0938226DC15E47A3489EE06D723D9F8A969C5193FB68D.header.png,5259AE1E3891F74F84BB68BB684A206206DE779CE7D8B4544AF8DE6341663476
C9E46A38A0109D9C87D2CF516D39DF2B685B99E66F6EE09830A75CB7A8A11495,F-C4EFEA98CD9D9490E678,2,E:\RecepcionDocumental-H1D10A-assets\C9E46A38A0109D9C87D2CF516D39DF2B685B99E66F6EE09830A75CB7A8A11495.header.png,6DAD4A08BDA109FC4F07FCCC5506279B410E80A234E7795400DD56ADB26A8DFD
CA02A2902F5BD9190AD57D7FDB96C2EDBE63D4E91C1524B91B5677BDDA01A3BF,F-463F5D66BCFC1B95B4F2,3,E:\RecepcionDocumental-H1D10A-assets\CA02A2902F5BD9190AD57D7FDB96C2EDBE63D4E91C1524B91B5677BDDA01A3BF.header.png,E4A789C1A97861B2F1A329EC9D747557D02714F44CAFF596CF49FE903AF807C6
CA106104222A9D6DF2CA34E8D58F08DB9F65369DFD4A2465C7836AFB52F4EABD,F-FACD83D8B4281A05571A,1,E:\RecepcionDocumental-H1D10A-assets\CA106104222A9D6DF2CA34E8D58F08DB9F65369DFD4A2465C7836AFB52F4EABD.header.png,F3CC7301053B235E40135282422E508686C43047C65E1F0C755F142EC5518981
CA14A4C3BB942C93600EBD048A66925B35F6189FFF084EE4AF994D09603804F3,F-D591D778E05641FBA116,2,E:\RecepcionDocumental-H1D10A-assets\CA14A4C3BB942C93600EBD048A66925B35F6189FFF084EE4AF994D09603804F3.header.png,34D9589226AF331B349D2809D58C868EDA8F35CC5E5ECF300F50F1266FB0CDC5
CA4B144974CDD331E904D3646E7F74FDAE6502B6CCDA4A0B4845C2FA9E2F6DB8,F-F005EBB69A8DFBD56F0B,3,E:\RecepcionDocumental-H1D10A-assets\CA4B144974CDD331E904D3646E7F74FDAE6502B6CCDA4A0B4845C2FA9E2F6DB8.header.png,BD52EF680C60E4A439B31D05660501CD9A52DFDFD5E286FAF76B1327BFCEFBD9
CA75936BB5B3F05DC8FDB2E6D7BA8CD9F1E57E6DD78173F81181FDC1C88D6451,F-6F5CAF1E1AEEB43C5486,2,E:\RecepcionDocumental-H1D10A-assets\CA75936BB5B3F05DC8FDB2E6D7BA8CD9F1E57E6DD78173F81181FDC1C88D6451.header.png,501085E98DCE08729C48098BD3175CF4AAEC79F224122B834F2B43C6BCD10B1F
CACFCD72797B5F3FDBC68225A60AA5A14FBC6A696BDE7B0F8377B5B9A2BC254C,F-FACD83D8B4281A05571A,1,E:\RecepcionDocumental-H1D10A-assets\CACFCD72797B5F3FDBC68225A60AA5A14FBC6A696BDE7B0F8377B5B9A2BC254C.header.png,FA6DDFAD35BC3CE76DD08184E2EB66BABAADF7790CE93AF55CA8900FE41EBDF4
CB3F881168E39D42F2154112BEFFC872F79A0F1E34F6E9C1939842604C61CA62,F-EE08C7103D2458E54189,0,E:\RecepcionDocumental-H1D10A-assets\CB3F881168E39D42F2154112BEFFC872F79A0F1E34F6E9C1939842604C61CA62.header.png,C9660E73A12565289204E8096831D845D1ADA997D5AE6D64084D9E0577BC4084
CB67F361EA64E80587BAB165B922A2E4760A9CB206DD074A571F27A3DC6C743A,F-077C308A7FE5C91A2133,2,E:\RecepcionDocumental-H1D10A-assets\CB67F361EA64E80587BAB165B922A2E4760A9CB206DD074A571F27A3DC6C743A.header.png,8BA0F2CDFD129CB65186D6EA5877EEE9DA75AD896E03AD28BDE1904D333A30A6
CBF1504F1A2BD20989734BB93F9A6B821D696DC3D9F026A3AE97DB428987BDF8,F-FACD83D8B4281A05571A,1,E:\RecepcionDocumental-H1D10A-assets\CBF1504F1A2BD20989734BB93F9A6B821D696DC3D9F026A3AE97DB428987BDF8.header.png,EAE6EAF469D314A0B17BC0F88DD7EECD6A8FB5514D7E0B5C752C149B7C47EEF6
CBF2C5E3D3358E302151CED6A4FA4397E6E7656E3D8B5A494F458C3DD20F0286,F-EE08C7103D2458E54189,0,E:\RecepcionDocumental-H1D10A-assets\CBF2C5E3D3358E302151CED6A4FA4397E6E7656E3D8B5A494F458C3DD20F0286.header.png,52F4F1C1A183516722BC08F76805AFCDB29E3E56801A8136FDDF573033574A60
CCFC8856B2EE75B258F83A9BD8D590012639F2C3E9281B03568D96D0692E4D9A,F-FACD83D8B4281A05571A,1,E:\RecepcionDocumental-H1D10A-assets\CCFC8856B2EE75B258F83A9BD8D590012639F2C3E9281B03568D96D0692E4D9A.header.png,9891EC8388ACA032E6C2D1BB292D7F9C981CB1A4786FCAA5EE05AB9B7F6CC0FA
CD3258E1403C53DB4C5EACA945EF96391202785804131074295CCBE93FC71D03,F-4282D891EC4146496CC2,3,E:\RecepcionDocumental-H1D10A-assets\CD3258E1403C53DB4C5EACA945EF96391202785804131074295CCBE93FC71D03.header.png,0054C2EF9F0DACB6C70FD70D19182FF656B87AE483AA4C16E985897ED6B663AB
CD4CD7560303283D5284D0D6B005BEEDB1CC792033BDCF94FB6BED9C4125C0E2,F-FC0763B62EEE2F9FCCE8,2,E:\RecepcionDocumental-H1D10A-assets\CD4CD7560303283D5284D0D6B005BEEDB1CC792033BDCF94FB6BED9C4125C0E2.header.png,854FECCA3A385191F9D42226A82C2A8097D64A7562F134001BD3F5E667D87514
CDA31B4D8EB807890C25AEAC70F69CAE0352427C25F2FFB2206725CFD54D02E0,F-73AB37D8D5F65AA437FE,3,E:\RecepcionDocumental-H1D10A-assets\CDA31B4D8EB807890C25AEAC70F69CAE0352427C25F2FFB2206725CFD54D02E0.header.png,7BF8556EB1F3A75E3FAD23F645A1FFAEE7542530FB590359420654C824C6C187
CDB639A0D68885C85F4A138356E228E627A7125AFD55A0013282FF29A7B544CB,F-463F5D66BCFC1B95B4F2,3,E:\RecepcionDocumental-H1D10A-assets\CDB639A0D68885C85F4A138356E228E627A7125AFD55A0013282FF29A7B544CB.header.png,F18F728D3FD8959E72279E36996EA6CB5FA2110E7E27D7922D7CC9038772782F
CDCE4AFFBA4C7A14E62EC97B786AE463F5A06625309D2F3C7EC30632192363E0,F-2225E7482E0C1A2CF093,2,E:\RecepcionDocumental-H1D10A-assets\CDCE4AFFBA4C7A14E62EC97B786AE463F5A06625309D2F3C7EC30632192363E0.header.png,383789479410CAD3ACE9B96C742F066F505C8F39C460CA7AF3D82F519B9F92E4
CDE2CF61792ECB1685A1B5D28F4185B11E4FFE284D37428507FA26C8426DAACE,F-73D1F939C9F0B93053BA,1,E:\RecepcionDocumental-H1D10A-assets\CDE2CF61792ECB1685A1B5D28F4185B11E4FFE284D37428507FA26C8426DAACE.header.png,D8958113FF04802B4FA567C5C7A2A382DCB5CAF20280CE43112250E8BB8D6210
CF8EE0C26F214C226A853C81CBE52E96BF760B42197050F3726F7344891B269F,F-6F5CAF1E1AEEB43C5486,2,E:\RecepcionDocumental-H1D10A-assets\CF8EE0C26F214C226A853C81CBE52E96BF760B42197050F3726F7344891B269F.header.png,6D5160E1A45CD3D5BC64E879735F4D53211B0A62B474AC0511CC8F34647AE654
CFEBAFFA7B16C0A2A9DA4E31369F607C6769560AE4F0AF5DB7EBC7C7A5796942,F-239031FB24D11A1289E7,3,E:\RecepcionDocumental-H1D10A-assets\CFEBAFFA7B16C0A2A9DA4E31369F607C6769560AE4F0AF5DB7EBC7C7A5796942.header.png,A7E1C8C6822530EA7F5B0BD9612FF1B78E8638878F5EBAEFD6FFEA1157610066
D03C1B7D2CE5300F2A3C336A8087AE6560C158270F5B6818D0E8E90DA84B5550,F-FACD83D8B4281A05571A,1,E:\RecepcionDocumental-H1D10A-assets\D03C1B7D2CE5300F2A3C336A8087AE6560C158270F5B6818D0E8E90DA84B5550.header.png,CB05AC71AA7B45A784B074C57F31B1178E9F3B1ACE7814A240282A96503BAD4B
D0998159322E7036852951E3B6BB4631E0A5EF21ADFC0DFC39679D4F410C959F,F-F8EBECB216D6C0D8E1BE,3,E:\RecepcionDocumental-H1D10A-assets\D0998159322E7036852951E3B6BB4631E0A5EF21ADFC0DFC39679D4F410C959F.header.png,106E6E8B492F9C1AB0D096D7218A19A6DEF2C78F0BB561B227604FFC37E6477B
D0B7E38560380EE7EAF6E34B6061E48C5CF2F35B8AA99A8D2F89E7E6B0A3F40B,F-EFE6E9C595B24436566B,3,E:\RecepcionDocumental-H1D10A-assets\D0B7E38560380EE7EAF6E34B6061E48C5CF2F35B8AA99A8D2F89E7E6B0A3F40B.header.png,CF9B30830A24A737729AF126D9D432E44CB106BB96CD534CA27B5FA376FED7E4
D11EF5EFCB57C92D4BE706C631DEFF9D02684892A02A457AA7DF2790EC054948,F-DC0A2053B5A530D4C5EF,3,E:\RecepcionDocumental-H1D10A-assets\D11EF5EFCB57C92D4BE706C631DEFF9D02684892A02A457AA7DF2790EC054948.header.png,E779B50DB3DD41444629E66A80C58B070C1779496E77C7A420420D97C0E068CB
D163D9B8B20036EC5A3CE46A3EA5FC17F7C3019E2243C66920EF6716BF3A65A9,F-463F5D66BCFC1B95B4F2,3,E:\RecepcionDocumental-H1D10A-assets\D163D9B8B20036EC5A3CE46A3EA5FC17F7C3019E2243C66920EF6716BF3A65A9.header.png,5991062F77F655C904BFA5216FAC6F1C4C2574A07E5C5025BCED7AFFE3D1E07F
D165FB62E80F26847F1F00B1DBD7E949928E56EC5C2A0EDD2FE929E4ABD85CB0,F-5A7941650D7DE31BC8A5,1,E:\RecepcionDocumental-H1D10A-assets\D165FB62E80F26847F1F00B1DBD7E949928E56EC5C2A0EDD2FE929E4ABD85CB0.header.png,51CE5764C91AD2E746D7037D41F6FBD916D901539B116DDB414535311CC2411A
D183235157D76503E27005F2393996607AA052447B62D8B048242B417E9E45B4,F-DC0A2053B5A530D4C5EF,3,E:\RecepcionDocumental-H1D10A-assets\D183235157D76503E27005F2393996607AA052447B62D8B048242B417E9E45B4.header.png,539CC354BB4C91629128A6EB3BBB89155394FC8034BD35D4BEC32CF39C5EAA41
D19AD7052E1DA4CDC234A7E9C645D2FE992C1AEB9092802605F5BE4CC83326EF,F-FACD83D8B4281A05571A,1,E:\RecepcionDocumental-H1D10A-assets\D19AD7052E1DA4CDC234A7E9C645D2FE992C1AEB9092802605F5BE4CC83326EF.header.png,260077866E9788B1F57938E06702A15CAA4E508F9937078C35F1E78D9BCFFFB3
D1B8EF56BC2CC9568D9F04C2ED50CEA8C6F4A17561011E419D36CE40F034ABC8,F-6F5CAF1E1AEEB43C5486,2,E:\RecepcionDocumental-H1D10A-assets\D1B8EF56BC2CC9568D9F04C2ED50CEA8C6F4A17561011E419D36CE40F034ABC8.header.png,1BF354DA0E3250E5DD7C95FECAABD7BE98178C446B70AA420CECC27E28E40642
D1E6F1AF5284A0AD66F07602A7398225612A7F72630FAB3C140919894AB51E8E,F-463F5D66BCFC1B95B4F2,3,E:\RecepcionDocumental-H1D10A-assets\D1E6F1AF5284A0AD66F07602A7398225612A7F72630FAB3C140919894AB51E8E.header.png,A57DC43F77CB5A6B6F8A456DBBC297CBFE5949B719893EB6F773918C9567E558
D1F8966052F9585FA0A09C435D2ACA06180130A3DC9FDBDFE46534FA6BA34BD9,F-E1B8D918E114096E5077,2,E:\RecepcionDocumental-H1D10A-assets\D1F8966052F9585FA0A09C435D2ACA06180130A3DC9FDBDFE46534FA6BA34BD9.header.png,AFC1B7986DC648AEB3ABBE5C3E4E93BC1B727D1A605BBABCF74F3E5981DBFFF8
D2009CF9F31D7894DB728342C16C23B5D69767488011AB222E69A86185D457AF,F-EE08C7103D2458E54189,0,E:\RecepcionDocumental-H1D10A-assets\D2009CF9F31D7894DB728342C16C23B5D69767488011AB222E69A86185D457AF.header.png,C4D8579EC044489DCA8A6AD46303A657A2C07639BDB8DB8A846AB755433E1525
D22FA4C5DAD47E0503E3A3BFE4B9F69FCF46A197EFD9D5632C40ACD092587E8D,F-6F5CAF1E1AEEB43C5486,2,E:\RecepcionDocumental-H1D10A-assets\D22FA4C5DAD47E0503E3A3BFE4B9F69FCF46A197EFD9D5632C40ACD092587E8D.header.png,70660A969838A44E46A13E3A6F33EBE44A9712649029F8E27706C6AE5E506C50
D24949793794B54566EF791877070947AF6F5BEA0E1AE4D9AD59D0C7311C7730,F-463F5D66BCFC1B95B4F2,3,E:\RecepcionDocumental-H1D10A-assets\D24949793794B54566EF791877070947AF6F5BEA0E1AE4D9AD59D0C7311C7730.header.png,5320DE0CAF17B95F813ABBC66607EF543D3A7D4CB1C72B07C10DD0F8E7B097DE
D278278F52A696DF386A5CD1DA883A54D42374905A42330A42B48E05DFBCE94F,F-8FB0C271F20EAB3092AA,3,E:\RecepcionDocumental-H1D10A-assets\D278278F52A696DF386A5CD1DA883A54D42374905A42330A42B48E05DFBCE94F.header.png,B9806E5F2E4A68718B8F1BF157CCACB895FC4EF925EBC51F70717DDD5D6E5FD3
D2A9D1946120EC88B3B109FE0E565AF998A3E46A6B1166F1B13DB93D0FA7F3CA,F-463F5D66BCFC1B95B4F2,3,E:\RecepcionDocumental-H1D10A-assets\D2A9D1946120EC88B3B109FE0E565AF998A3E46A6B1166F1B13DB93D0FA7F3CA.header.png,F3C14149EAF920F09EAD75DFB12D36C7CF849894B22F4A9C8B63B3D74D7EAF95
D3360D063323398B960AB04D10199119F7B9065CBFD7101D262535999DABA93A,F-BB3946FCA5C1D8EE3510,3,E:\RecepcionDocumental-H1D10A-assets\D3360D063323398B960AB04D10199119F7B9065CBFD7101D262535999DABA93A.header.png,FA04BA02CBA9C2AFA0399DBAA2850B3ADA327C872F8F9CE911EB4A788C3C9B0B
D381BF2B9FE9921A149F2EB5C74207B1E5A4B543B3C045A18B09CA2D7F403833,F-FACD83D8B4281A05571A,1,E:\RecepcionDocumental-H1D10A-assets\D381BF2B9FE9921A149F2EB5C74207B1E5A4B543B3C045A18B09CA2D7F403833.header.png,D287FEB8653E2BDDA4E9062411C98191FD9CB1309E904F8B42E63EF1B3609AE1
D3FA25D4862E2993FB02982B9F4DE3C5E3B142BB76A254447C41DE643EAB4275,F-4A04ED19FCD7897FFCD0,3,E:\RecepcionDocumental-H1D10A-assets\D3FA25D4862E2993FB02982B9F4DE3C5E3B142BB76A254447C41DE643EAB4275.header.png,304542155D9CEC893A753983A12E1693CBEF9B2DB6C0E64E91363C9C6B1F27FD
D41718D7740A44FC105BDCA62453EA10635C6857F3FFCD5C6FD6C0E517E74AB0,F-463F5D66BCFC1B95B4F2,3,E:\RecepcionDocumental-H1D10A-assets\D41718D7740A44FC105BDCA62453EA10635C6857F3FFCD5C6FD6C0E517E74AB0.header.png,33AD4A4120C7A11B8A9CF5826160FA84D379AA76D9555122130C482D66FAB417
D429E736D82B111075BDA9E832F25D555146ABAFCF3885B9B4590A612F337A71,F-66FEEC36CB99F857D1A9,2,E:\RecepcionDocumental-H1D10A-assets\D429E736D82B111075BDA9E832F25D555146ABAFCF3885B9B4590A612F337A71.header.png,EF4379BCF5CB7FE121127BB2DA67A73C3B019F4766A8300BB55707E4F858B559
D47F13C4D81C5BCE308D5DCB445BC07C07CC2768BC801833B8C24EDE0B3038E9,F-6F5CAF1E1AEEB43C5486,2,E:\RecepcionDocumental-H1D10A-assets\D47F13C4D81C5BCE308D5DCB445BC07C07CC2768BC801833B8C24EDE0B3038E9.header.png,C95A67A6D864311A83319A5865D7D5D48C7A099E22D2E7A7D7D44C6997EC2A1B
D49E91493367E3924D7AF8AE16CA0B26567C40EC39687EF9043A0731EF840B3D,F-EE08C7103D2458E54189,0,E:\RecepcionDocumental-H1D10A-assets\D49E91493367E3924D7AF8AE16CA0B26567C40EC39687EF9043A0731EF840B3D.header.png,2C8151C37F8C090E226DCBD7335EFF3C562F6933791E524648A33DAC1637A8E6
D4C3E3E5A6C8A6396585AED0657045546DB61BED0E576E6862CA8130164BCE08,F-F87B430E01864ABA8385,0,E:\RecepcionDocumental-H1D10A-assets\D4C3E3E5A6C8A6396585AED0657045546DB61BED0E576E6862CA8130164BCE08.header.png,DECEAAEC9F2991A8B6C1E152641C814FFC9DC562399B32286A5375CDC3F2FEC5
D5957D9DF6DF9855CAA5CE947E569B66D4ADC253C00A000A2FB29FD88DA8B763,F-6F5CAF1E1AEEB43C5486,2,E:\RecepcionDocumental-H1D10A-assets\D5957D9DF6DF9855CAA5CE947E569B66D4ADC253C00A000A2FB29FD88DA8B763.header.png,B6ABA20C67316028C5327A385731FCA6E7310BF7559E4880DC5506ACD84F53DB
D5A928540B4295A42FCF5B310EB45330AD6A407D3A188D3E5C3A05BA49112712,F-EE08C7103D2458E54189,0,E:\RecepcionDocumental-H1D10A-assets\D5A928540B4295A42FCF5B310EB45330AD6A407D3A188D3E5C3A05BA49112712.header.png,AE4CE027CBA2428ABF5AE3AA359EE7D612DD0A4AD30608A19118A160117B8BDA
D63E75967E91D0B192DBD248E1D804951B173B81CF9853489C12D08AC21EACFF,F-FACD83D8B4281A05571A,1,E:\RecepcionDocumental-H1D10A-assets\D63E75967E91D0B192DBD248E1D804951B173B81CF9853489C12D08AC21EACFF.header.png,9ABAAA0A9820E0AD1EB02586385F935DCB0D4EEA8EC3946DFFA4020FEED69D59
D69C5625C65854258AE9E71A91F752CC7CF79E424FB3FED772131793213E2817,F-FACD83D8B4281A05571A,1,E:\RecepcionDocumental-H1D10A-assets\D69C5625C65854258AE9E71A91F752CC7CF79E424FB3FED772131793213E2817.header.png,669802C922B75A623CB3744D0FE221133A6E5F39342E0DA2B733134B6FD25540
D72C0946B3BAB976FE0144254A9CB9D0062673308D4DDED3AD7CB5A4033AB853,F-C04B37B1724168DE2084,3,E:\RecepcionDocumental-H1D10A-assets\D72C0946B3BAB976FE0144254A9CB9D0062673308D4DDED3AD7CB5A4033AB853.header.png,40EC032CC9BC4EC11E461CFED06177EBB3A6EC059375799AC6105FAC5D4EF7BF
D7462435CD41449C4DDA2E47EC6C3E4E72476EAC6641C372CCD50010C87C158F,F-463F5D66BCFC1B95B4F2,3,E:\RecepcionDocumental-H1D10A-assets\D7462435CD41449C4DDA2E47EC6C3E4E72476EAC6641C372CCD50010C87C158F.header.png,D056429AB25AE2775BC833D928F5874A2DDFBFE5780EAF498946F832BF9A531A
D7F197A9AB144A1AA1A11A794B66EB9EFDB9593D983625A8E89878B8F0B2ACE0,F-EE08C7103D2458E54189,0,E:\RecepcionDocumental-H1D10A-assets\D7F197A9AB144A1AA1A11A794B66EB9EFDB9593D983625A8E89878B8F0B2ACE0.header.png,719FDD5ABD5457E3712D1D63F87CB704A916ECBCB7347AA72D2C3EBBE7734EF5
D8451310F49BFC83155DD4B1EAA3B50BC11A07754D2EB597B1D99F873B2F1088,F-EE08C7103D2458E54189,0,E:\RecepcionDocumental-H1D10A-assets\D8451310F49BFC83155DD4B1EAA3B50BC11A07754D2EB597B1D99F873B2F1088.header.png,74716681C02C578586A8474C2C4DE4C0F731F22C14F8329B6A8D74E25D3C7BA8
D9447ECF57748BEF4988A73E44F26A440F700151DE00488453184DFA0B3BF88D,F-FACD83D8B4281A05571A,1,E:\RecepcionDocumental-H1D10A-assets\D9447ECF57748BEF4988A73E44F26A440F700151DE00488453184DFA0B3BF88D.header.png,6D417B132D8855221318DF9D84385C74DA1635DB2616AD3D2B69EDF16991AAEC
D9687542799906085EC0185235899EE5C290FD8D41320CFA4E51C2C020D32952,F-FACD83D8B4281A05571A,1,E:\RecepcionDocumental-H1D10A-assets\D9687542799906085EC0185235899EE5C290FD8D41320CFA4E51C2C020D32952.header.png,C0B17186F4752769DFA80F99598CD39B8F09F4962476DB0C78272A9B57BE4250
D9861CC700E580878AFB757A991F47553D144B376796E385B08231F27027C972,F-EE08C7103D2458E54189,0,E:\RecepcionDocumental-H1D10A-assets\D9861CC700E580878AFB757A991F47553D144B376796E385B08231F27027C972.header.png,CD307F90E2A099014ACE98F75BFD321C4CE93FFDA1AC77CA4FA3192521B65070
D9A662AF6AFE49CD7E0D29C5662AE48141573BFBDD571675FF24B6F4C47BA5B0,F-FACD83D8B4281A05571A,1,E:\RecepcionDocumental-H1D10A-assets\D9A662AF6AFE49CD7E0D29C5662AE48141573BFBDD571675FF24B6F4C47BA5B0.header.png,951DA5FD201B5576ADEBB5CF95EA35D4D4ADE2FCBB05AC0F9B77FD77E5DD1890
D9BA143F0ECCCB29588BDD83672A67B86A0448BFE5F967FE255067BA929A1FDA,F-A63645627CE2D9A75BE5,3,E:\RecepcionDocumental-H1D10A-assets\D9BA143F0ECCCB29588BDD83672A67B86A0448BFE5F967FE255067BA929A1FDA.header.png,888F041D069611D227D4C563A1065D4A6DEF1E8FD9D41776E10B564F32D44B05
DA11050BCD5399CFE1C38C68BE43E4EB616BA34DEF9C03A1F2D697BC2FB4CEA6,F-77DF7B7AF18627AF7CC8,2,E:\RecepcionDocumental-H1D10A-assets\DA11050BCD5399CFE1C38C68BE43E4EB616BA34DEF9C03A1F2D697BC2FB4CEA6.header.png,ACF40836789A8401A84A838B32A9693F5CAA416CB4C74A876749A7E19B210F1E
DA1D000CCEC08FADA509471CD0E20F6C981AF95C559091A786FE724290F3DCD4,F-FACD83D8B4281A05571A,1,E:\RecepcionDocumental-H1D10A-assets\DA1D000CCEC08FADA509471CD0E20F6C981AF95C559091A786FE724290F3DCD4.header.png,E1960F130C94C618207316F9D0D4CD1D0B05D746F3A82858AAEA859A725FA4FD
DA3BD00A4AAA630868A559B687F8C3383C0DEFEF30EE31ED863B3F1C29C2236E,F-832328D5B6CC43C2F3DC,3,E:\RecepcionDocumental-H1D10A-assets\DA3BD00A4AAA630868A559B687F8C3383C0DEFEF30EE31ED863B3F1C29C2236E.header.png,53166C295621AACDB8A7EF039D183E524E112DB6A32ADE518ACB03D0F6DB3D31
DA5FFC1E9615BAE4423440693BFE0165F59ED356657DBBAF03C35DCBB83FA8F3,F-406AFFDAEA0F1DA6D75F,2,E:\RecepcionDocumental-H1D10A-assets\DA5FFC1E9615BAE4423440693BFE0165F59ED356657DBBAF03C35DCBB83FA8F3.header.png,0DBECC75327B7843878D292DC82FE9BC209175F34B03A71A27183DFD3D3DA4AD
DA74B2F8E4ABFBB5F64F133F2380B3F588F02C6FB2D1D7FADE497E2DC0D53000,F-108FF89DFB4EC29C3343,0,E:\RecepcionDocumental-H1D10A-assets\DA74B2F8E4ABFBB5F64F133F2380B3F588F02C6FB2D1D7FADE497E2DC0D53000.header.png,59FBF73CBFD34936DE8D590361004656B11C7B70A59570AD47821392B6DA4CDB
DA90A93BE580F95FE5F57983444C78F6B0479F8D349B6390E07DCC05D543D713,F-17D8887E1AFD322C7FBE,3,E:\RecepcionDocumental-H1D10A-assets\DA90A93BE580F95FE5F57983444C78F6B0479F8D349B6390E07DCC05D543D713.header.png,43CBDD2F1AABC29E3D47151666A33EE3885A900AB88C0B4251769E287B2903ED
DA9100439F1D9A3B810F57E18F768FE200074871E2AC69D744B3736FEF1D21C4,F-FACD83D8B4281A05571A,1,E:\RecepcionDocumental-H1D10A-assets\DA9100439F1D9A3B810F57E18F768FE200074871E2AC69D744B3736FEF1D21C4.header.png,917DEDB94F4E41D6E380089784CAE11925174CD9D96E50962DE97C03652A7523
DAAD3153B676CE3FCF3DC97460A1F0F5CC77272AA8C84FE44BD32CB3F4546867,F-463F5D66BCFC1B95B4F2,3,E:\RecepcionDocumental-H1D10A-assets\DAAD3153B676CE3FCF3DC97460A1F0F5CC77272AA8C84FE44BD32CB3F4546867.header.png,37BBD035A6FC149368AC213B602D9D6F4D20791CC3E3C07CF0BD200D7BA0B455
DAF83EEDC3D7764BA6C8D52B5F53F0AF0A298170E0DAA9D2C547D4E168418AF6,F-FACD83D8B4281A05571A,1,E:\RecepcionDocumental-H1D10A-assets\DAF83EEDC3D7764BA6C8D52B5F53F0AF0A298170E0DAA9D2C547D4E168418AF6.header.png,E939118A38B9D9C577A9D052A25702B490BE66F37046CE2AF382AA5DD3D77F99
DB4D29DFEC242149E7DEB2C674FB7A28625901B96391CC68D2F99F59A56FA6C7,F-C4EFEA98CD9D9490E678,2,E:\RecepcionDocumental-H1D10A-assets\DB4D29DFEC242149E7DEB2C674FB7A28625901B96391CC68D2F99F59A56FA6C7.header.png,9DF5FC2BB62E2F267819EF30414FCC348AA5922949113625C857C740DAF70A46
DB543A149C7C3A5B0A723421AD7B1629FFD92C34ADB631A7BA21925B3F076B29,F-EE08C7103D2458E54189,0,E:\RecepcionDocumental-H1D10A-assets\DB543A149C7C3A5B0A723421AD7B1629FFD92C34ADB631A7BA21925B3F076B29.header.png,F6F97FD500ECBDBC1AA5802C7D9A40058A18F3E2AB758501B032261C651FE3EA
DB673D2287ED075167C3AD89F1E5FDC18C3E581A75AE0FE0374AD0C4D6B099F8,F-FACD83D8B4281A05571A,1,E:\RecepcionDocumental-H1D10A-assets\DB673D2287ED075167C3AD89F1E5FDC18C3E581A75AE0FE0374AD0C4D6B099F8.header.png,2C959DCD9D73D668BF4C91A5FCBFA568DFAE167A71E6FE0F8EE2D7C246AEC52F
DC6BEB8D08A58B12A06B43633D7954F4CCBBDCDB1158A8163B478E251B92DC00,F-FACD83D8B4281A05571A,1,E:\RecepcionDocumental-H1D10A-assets\DC6BEB8D08A58B12A06B43633D7954F4CCBBDCDB1158A8163B478E251B92DC00.header.png,1D88C7DD6AD1A642CD6C690E4312A49832E2C6D4169D0B292FAED8F90BB7F574
DC76A86B9B4E3732696B023C9D019C6DC29B1D74D19F0CDF62FA4EDAD0E8A5EC,F-6F5CAF1E1AEEB43C5486,2,E:\RecepcionDocumental-H1D10A-assets\DC76A86B9B4E3732696B023C9D019C6DC29B1D74D19F0CDF62FA4EDAD0E8A5EC.header.png,50E3DBF4DDC73BAC6111A0B0BAA599FD4E388AB39B4251DC034E96669D1A99C3
DCBE22953A36AD961A008B180A630C81D0FF772119747EEE54ED8F628A4BC721,F-4426261E80B33B17CD1D,3,E:\RecepcionDocumental-H1D10A-assets\DCBE22953A36AD961A008B180A630C81D0FF772119747EEE54ED8F628A4BC721.header.png,C2957DE7FFD753239B4B7DE4E895A011C1C7A95C9729696934D23B554CCB70B5
DCE7D65D2485570411821C53E99AA69569762370F3A8BA9D337328FB78AD391F,F-463F5D66BCFC1B95B4F2,3,E:\RecepcionDocumental-H1D10A-assets\DCE7D65D2485570411821C53E99AA69569762370F3A8BA9D337328FB78AD391F.header.png,77F0609416C72E84EC0B7F0BA16F957D288C66331143789AF445BF44A0A1C1BE
DD372CF24ED476BE21C4FB16F5A440CA83602E0CAA7454BACE49CC46D719923D,F-5A19E47D686C678820E3,0,E:\RecepcionDocumental-H1D10A-assets\DD372CF24ED476BE21C4FB16F5A440CA83602E0CAA7454BACE49CC46D719923D.header.png,CB4E4048831419DCB37AE9D22EF02AAC801884532BCA08FB5239EE4370E8B5AA
DDBE1DD162D9C24A450E389593D498CD4910C291C70F8B233500F851987A8C59,F-D591D778E05641FBA116,2,E:\RecepcionDocumental-H1D10A-assets\DDBE1DD162D9C24A450E389593D498CD4910C291C70F8B233500F851987A8C59.header.png,0EBB1CA71B441471D99E6FA2A44F79EECA48677807F041415D47A665CBE2FB79
DDC35E7D6AC3D7DC2B7B9D7CD426188160168404668B566385F806DB0320AE7C,F-463F5D66BCFC1B95B4F2,3,E:\RecepcionDocumental-H1D10A-assets\DDC35E7D6AC3D7DC2B7B9D7CD426188160168404668B566385F806DB0320AE7C.header.png,BE9DB085B8627ECB86518ACE92F0C9EB063110676F3F79866AEB5C7CA9AE632F
DF7A3B4C2638053020A877AA88828487B539F33CAFD992DBB4AC0545EFAF6B87,F-463F5D66BCFC1B95B4F2,3,E:\RecepcionDocumental-H1D10A-assets\DF7A3B4C2638053020A877AA88828487B539F33CAFD992DBB4AC0545EFAF6B87.header.png,56E8470842506D3658AA8873E17D527B99D3565A33BFE7072180A7A5EB99FF7E
DF98804B89AEF5F3D70700572F75630F33F42F33BACCEF62A0C7456066E94BFD,F-6F5CAF1E1AEEB43C5486,2,E:\RecepcionDocumental-H1D10A-assets\DF98804B89AEF5F3D70700572F75630F33F42F33BACCEF62A0C7456066E94BFD.header.png,37C8C5735A8E6EE059DBDFD6C89E39CA51605FE3763D0FC1BEA2F2E85D2A97BE
DF9A5A317396F2EB09F145A8BC30BF1CA3420C9B185FE1F3A7377B9342F66C88,F-EE08C7103D2458E54189,0,E:\RecepcionDocumental-H1D10A-assets\DF9A5A317396F2EB09F145A8BC30BF1CA3420C9B185FE1F3A7377B9342F66C88.header.png,A118F13F493BC78FB77AFC14CCA9A890CFE2A309AE88912140EC7FBECFA72D62
DFBC2F2DB3574E4AF1A519731FA1E41DB8C6A90A30DE2485B771F7CDD6DBBA4E,F-127BD2FBDD2CC031C0FE,2,E:\RecepcionDocumental-H1D10A-assets\DFBC2F2DB3574E4AF1A519731FA1E41DB8C6A90A30DE2485B771F7CDD6DBBA4E.header.png,3D230C9B71F21CF802655A88C05CC6F8FEBD337713B207FD086A88DBB5D23AD4
DFC54FDC224631BBD64414B5BBC9C3CA5DC139B9CE35F60F89699C634A925331,F-6F5CAF1E1AEEB43C5486,2,E:\RecepcionDocumental-H1D10A-assets\DFC54FDC224631BBD64414B5BBC9C3CA5DC139B9CE35F60F89699C634A925331.header.png,29F63C7229FA797D569466443E6C8862A7AEA91C8A2ADB4B2D8828A846B17EDF
E06A1E27219A456A167CF1CA1583CC493930116EE7712D3A74BF870317C1A7F2,F-EE08C7103D2458E54189,0,E:\RecepcionDocumental-H1D10A-assets\E06A1E27219A456A167CF1CA1583CC493930116EE7712D3A74BF870317C1A7F2.header.png,2F1C130F58EEC94C21539C8251FB714C6E48497D806E0F6847DCAA3521C662F4
E13F5A758863FF61032D1246182C35726CC9310DD7822132AD96A4871C14DA3F,F-DCC01CD6C3861C7E4C3E,3,E:\RecepcionDocumental-H1D10A-assets\E13F5A758863FF61032D1246182C35726CC9310DD7822132AD96A4871C14DA3F.header.png,048E2C4EA02F15D69237E589FDCA2DEA0268A077C8B024F112144DBFF6904905
E1BD8687178653719CC1872F8CC1A422EBFBC862AAC4FE0F106A4B2947E9748E,F-EE08C7103D2458E54189,0,E:\RecepcionDocumental-H1D10A-assets\E1BD8687178653719CC1872F8CC1A422EBFBC862AAC4FE0F106A4B2947E9748E.header.png,3736A259FDBF4604ADF9F9C1DE05E3E8A4E5E108AB0EC1B1430C962283843D39
E24CD73FADF2105B11F012348D1FB638E3042428BB19A4DD43A96FA38A640157,F-DCC01CD6C3861C7E4C3E,3,E:\RecepcionDocumental-H1D10A-assets\E24CD73FADF2105B11F012348D1FB638E3042428BB19A4DD43A96FA38A640157.header.png,770226F09415D29FA5891B4B614AFA18164C06BC6DB80090463F11080C1F179C
E27A2EB0D78D925DB0BFDCB44BC5F8990ECF15AB74B445EE4FC1480A7E895715,F-EE08C7103D2458E54189,0,E:\RecepcionDocumental-H1D10A-assets\E27A2EB0D78D925DB0BFDCB44BC5F8990ECF15AB74B445EE4FC1480A7E895715.header.png,27FBB6AC44D1DC7962D099A99C1F58FD522C46D78BFAC038EBD6CF4001EE1073
E3705DD435EB0F9B9C65EFA33D57110D33CBB6E83A3E6A52B2E44FF8BEC70FD7,F-EE08C7103D2458E54189,0,E:\RecepcionDocumental-H1D10A-assets\E3705DD435EB0F9B9C65EFA33D57110D33CBB6E83A3E6A52B2E44FF8BEC70FD7.header.png,36425BEE6AA8E51588C66F82C274E62DC252CF36352613A8368128A4927B2DBB
E3907210A2F2D2D49FCEA7E4C99AB668D5AA7BD8771F20EF6057612BCF9F85DB,F-FACD83D8B4281A05571A,1,E:\RecepcionDocumental-H1D10A-assets\E3907210A2F2D2D49FCEA7E4C99AB668D5AA7BD8771F20EF6057612BCF9F85DB.header.png,C5F35A81AF7EE9F27B0D64D357431F99A3A12EACAFC9BF5B97E0A1070C628824
E3E57561958F450655EFE21C39C6A1BD74B778E789835C7B5205A9E99203C24F,F-FACD83D8B4281A05571A,1,E:\RecepcionDocumental-H1D10A-assets\E3E57561958F450655EFE21C39C6A1BD74B778E789835C7B5205A9E99203C24F.header.png,FFF4D93B070C6BC26DE7E3343FD57E9EBE82AA864396CE823D7915733D3CC9ED
E3FFE6BAF7D9B5810F0A7789ECC24EFD30FBEEA0535B2782F1284D50CD87FB07,F-EE08C7103D2458E54189,0,E:\RecepcionDocumental-H1D10A-assets\E3FFE6BAF7D9B5810F0A7789ECC24EFD30FBEEA0535B2782F1284D50CD87FB07.header.png,E386200CDECA7B2678F9833392F6A2E65F5264C397A61E10765D61925A6F08CC
E415A8C5F28A1BB5A8FAC4F146B80A6AA20CB17A4D6449ECC66AAD21C9BBB31B,F-127BD2FBDD2CC031C0FE,2,E:\RecepcionDocumental-H1D10A-assets\E415A8C5F28A1BB5A8FAC4F146B80A6AA20CB17A4D6449ECC66AAD21C9BBB31B.header.png,EBEAA5FF83F7B391E71005BAF80623D46265CF8D069333F27F83FB7E35741577
E417899D5543E4E7CB2D0AA826FD5695DAB8A3925730A905D316FA3996CE1A7B,F-FACD83D8B4281A05571A,1,E:\RecepcionDocumental-H1D10A-assets\E417899D5543E4E7CB2D0AA826FD5695DAB8A3925730A905D316FA3996CE1A7B.header.png,E784CBB90D20647A45F983F97E006E43E28456D8E200965A5E7C4F48FDAD8FE3
E4C8834C47AF140E5343783F033950248E083A1625265A1C39C19C9BBDFFA5BE,F-6F5CAF1E1AEEB43C5486,2,E:\RecepcionDocumental-H1D10A-assets\E4C8834C47AF140E5343783F033950248E083A1625265A1C39C19C9BBDFFA5BE.header.png,C2F01F21E1785B629C2E2FA1F8C642EE918F35FEEFA26B1BD710DB4961939B2A
E4D931275FE79FAD3F8C371E8E4DA52B707AB7EE6D8FAB6B34077072B75E4AD8,F-A69FDECE53AB69CF1845,2,E:\RecepcionDocumental-H1D10A-assets\E4D931275FE79FAD3F8C371E8E4DA52B707AB7EE6D8FAB6B34077072B75E4AD8.header.png,61A808D2DB93989C9A85A048C15671591D59C6A5C98986EA76719A4854B09827
E4EE7B924E36DAC149A0DE6D3A14BDF33EF1EC5E95B862558B80009E2B4C6E40,F-2225E7482E0C1A2CF093,2,E:\RecepcionDocumental-H1D10A-assets\E4EE7B924E36DAC149A0DE6D3A14BDF33EF1EC5E95B862558B80009E2B4C6E40.header.png,CFCB5BF0685A44C0DEC91F8161C74B7140C77F65CD6948656F80DD1F5C52F6F4
E526C99083663455FF9D8A144F42B5D7CAF3BF3374B88E71DBD20C1423685C76,F-EE08C7103D2458E54189,0,E:\RecepcionDocumental-H1D10A-assets\E526C99083663455FF9D8A144F42B5D7CAF3BF3374B88E71DBD20C1423685C76.header.png,66FF4A05DB3F2A8AE710E315C5D1FF34CAF8EE4D1001898EF0159B8C1906399B
E599D9ADBD781E4D3A4F5A6A603485BA0633E20C447A9615538D861C54048306,F-EE08C7103D2458E54189,0,E:\RecepcionDocumental-H1D10A-assets\E599D9ADBD781E4D3A4F5A6A603485BA0633E20C447A9615538D861C54048306.header.png,8DEBF60E63B1FB33099210F17AAFAB83B11CEF51291ADE57FE583938A4E866D3
E5DAF9B7F340994A01C320E83B9D64BF4D91ABC9AB1925DFF36394D86760BC84,F-FACD83D8B4281A05571A,1,E:\RecepcionDocumental-H1D10A-assets\E5DAF9B7F340994A01C320E83B9D64BF4D91ABC9AB1925DFF36394D86760BC84.header.png,DB8CF1C6DE25B149DDE617D0AA8D2805DD8464C097B85CDC93354D1FEC7CA662
E5EA6863561EC0AC05BD8FC2C4486B673FAEB05EF771CC9073B78A9AE63CE293,F-EE08C7103D2458E54189,0,E:\RecepcionDocumental-H1D10A-assets\E5EA6863561EC0AC05BD8FC2C4486B673FAEB05EF771CC9073B78A9AE63CE293.header.png,6CB11D4237F9F3FAA70C778A80754507623FD0CA13111DC911C8F934B4FB3D06
E65B6E3964E2729270E86EAC179D0828B974A168788E3717BBF681DB950B91F4,F-6F5CAF1E1AEEB43C5486,2,E:\RecepcionDocumental-H1D10A-assets\E65B6E3964E2729270E86EAC179D0828B974A168788E3717BBF681DB950B91F4.header.png,4F1A46DA77BCBC1FD67C1AAF8D40AE86B21B5663CBA00935984C59F7620B75B9
E6894908E97252F617612B361755AE4CADAD7D0D40883B34D66F68B267BAFBD3,F-EE08C7103D2458E54189,0,E:\RecepcionDocumental-H1D10A-assets\E6894908E97252F617612B361755AE4CADAD7D0D40883B34D66F68B267BAFBD3.header.png,4DC18DB58987E5289E517FD626210F2F8AB0AF41C047E629260E2CCF0DB6A46F
E69F094568C5FB504BF02555E1531ACAEFCF05B95F8E06AE52D73A1CA930A902,F-2225E7482E0C1A2CF093,2,E:\RecepcionDocumental-H1D10A-assets\E69F094568C5FB504BF02555E1531ACAEFCF05B95F8E06AE52D73A1CA930A902.header.png,6E9BFAF49C31105D89F11C84E94078E74BB8175AD7C6042644BB3366EF79E98D
E6B62C1D3E0FA12629EC352DE28028E3FFD836F43CD9ECA1407C095AF5275136,F-FACD83D8B4281A05571A,1,E:\RecepcionDocumental-H1D10A-assets\E6B62C1D3E0FA12629EC352DE28028E3FFD836F43CD9ECA1407C095AF5275136.header.png,68E90519D77C1DF2E91A4D75D773BEF71A34ECCD55639FF0B44B2001C11D1EA0
E6DEC7B41595AE659C40B9A202C8DBA4FAFA17EFDFA5C56EBE4E4AC33BF085F4,F-FACD83D8B4281A05571A,1,E:\RecepcionDocumental-H1D10A-assets\E6DEC7B41595AE659C40B9A202C8DBA4FAFA17EFDFA5C56EBE4E4AC33BF085F4.header.png,D286107C51545BB2217FAC7809AA3CC258F8F896D8FA9DC8040A8FFDC51C15CA
E74DCB56CD5FFCAC5BBF5D0CDB70C2701C5448845EE0ACED3435345867B72447,F-8FB0C271F20EAB3092AA,3,E:\RecepcionDocumental-H1D10A-assets\E74DCB56CD5FFCAC5BBF5D0CDB70C2701C5448845EE0ACED3435345867B72447.header.png,2F59B8877B381CABD1F7E69DA6C0C0226F0B4DE365D62F683298D255A211A52E
E8066B5FA877947A47862B566C3A752FD1BA514973CD2B01A7AD31803BBDD28B,F-12D78E5BCE33FB9957D7,2,E:\RecepcionDocumental-H1D10A-assets\E8066B5FA877947A47862B566C3A752FD1BA514973CD2B01A7AD31803BBDD28B.header.png,C61B0A572EB269A1CE01D3D35D70AB3236E1C4BF7CAE2D328BBE211FFD0BE9DF
E88C84C17FBF54873E2C5056188F282A3BE7C2BA50CA2710A2A129BBC9BFD35F,F-463F5D66BCFC1B95B4F2,3,E:\RecepcionDocumental-H1D10A-assets\E88C84C17FBF54873E2C5056188F282A3BE7C2BA50CA2710A2A129BBC9BFD35F.header.png,21F666440EF645D7F36591190A92AF4DCF4FE4FD7A633B70201501952DD6CECC
E8C278DBDA744A0F50B779C7A63DD07DF32F4DF3C5E6A278F59FADD4D7D7A128,F-FACD83D8B4281A05571A,1,E:\RecepcionDocumental-H1D10A-assets\E8C278DBDA744A0F50B779C7A63DD07DF32F4DF3C5E6A278F59FADD4D7D7A128.header.png,DEB3F160CD90FC5A64A6B2A3E914E38344F29EB7C1FA8CFC00956E8F5B283A59
E8DFF560940591F04A1A3D7D1A8A0662A8B10A3B4352D1777F260E3C4514ECB1,F-127BD2FBDD2CC031C0FE,2,E:\RecepcionDocumental-H1D10A-assets\E8DFF560940591F04A1A3D7D1A8A0662A8B10A3B4352D1777F260E3C4514ECB1.header.png,A8F0EBF5D1E46DB56034CA44C436D3D8FD575CEF667F85F8F598DF44766D4C97
E8FAA2A7C3096561DE0CE371B71A647D301EAE49F822543E0C149049862BB795,F-78FBBC0583221AAC5789,2,E:\RecepcionDocumental-H1D10A-assets\E8FAA2A7C3096561DE0CE371B71A647D301EAE49F822543E0C149049862BB795.header.png,B4E69C0A602F092EEF6C40FDECC47B99FBE276B04017D1D7A178479ED29C1003
E908DD409D867A6FD9362F638DDB6D1C51787DDDA28A2363CE9E6506226FDBEF,F-B7F49B6DC4F0173C4F2C,1,E:\RecepcionDocumental-H1D10A-assets\E908DD409D867A6FD9362F638DDB6D1C51787DDDA28A2363CE9E6506226FDBEF.header.png,F117508E9CFF67BBE60C0433AB0086FA8D1570274726F2C69646A6B4B058E375
E92EF2CC8ECEA4FA4AF559E894C9BB04CEBA9413F7356F43DDFF36BEA258F207,F-EE08C7103D2458E54189,0,E:\RecepcionDocumental-H1D10A-assets\E92EF2CC8ECEA4FA4AF559E894C9BB04CEBA9413F7356F43DDFF36BEA258F207.header.png,4B251BDF828BD78FD533AEEDE2110E563817F78713856766E553A31052C0F6FA
E98D9C478D365617D3165BC4C9172CA7D69760AE566B4B515FED65F3C5918B03,F-FC0763B62EEE2F9FCCE8,2,E:\RecepcionDocumental-H1D10A-assets\E98D9C478D365617D3165BC4C9172CA7D69760AE566B4B515FED65F3C5918B03.header.png,71DE2C6E32830059D9C7B3BE3CF36276EFACE2B3AD4F5CE132FA955E1975F14D
E9EC9350980F5F090AC48F43BF269EA7107CCF279E2BCF7BFDEEFECADC2A016F,F-FACD83D8B4281A05571A,1,E:\RecepcionDocumental-H1D10A-assets\E9EC9350980F5F090AC48F43BF269EA7107CCF279E2BCF7BFDEEFECADC2A016F.header.png,112DB708F5D9CB36A5BBD1CDC871E6E3DE33EDAD259731ECD8014D222519B664
EA20BABFAC6D778461BFAFA2DE072720F8EA92BE874D3D6B4B1C39E421274D8F,F-EE08C7103D2458E54189,0,E:\RecepcionDocumental-H1D10A-assets\EA20BABFAC6D778461BFAFA2DE072720F8EA92BE874D3D6B4B1C39E421274D8F.header.png,B2FC3EABCD1D76232DE44343EFC5F621C08BFBE7D7301B75752F903B49EC1019
EACECB02AB0B558853EC20E4A12CB99B7D8DCE528838F603A777CC80DEDF9A82,F-832328D5B6CC43C2F3DC,3,E:\RecepcionDocumental-H1D10A-assets\EACECB02AB0B558853EC20E4A12CB99B7D8DCE528838F603A777CC80DEDF9A82.header.png,C8D516595486B45D11012805175DAAD9FA8C62768CD8270D72E4064419031E16
EBA323452EC7F15754E63AB2094D9D81C5BF968B786BEB95C927D4FD0C4ACA97,F-FACD83D8B4281A05571A,1,E:\RecepcionDocumental-H1D10A-assets\EBA323452EC7F15754E63AB2094D9D81C5BF968B786BEB95C927D4FD0C4ACA97.header.png,9C5EFD5D62A9F29D990CA83F09E125578EF2237C6BE39C02615AD9918F7D4EB0
EC2D553A5E77BC31BDDE1D8CC4A00159A8D055FA1E0F7BD830AEBEC5B32F44D6,F-463F5D66BCFC1B95B4F2,3,E:\RecepcionDocumental-H1D10A-assets\EC2D553A5E77BC31BDDE1D8CC4A00159A8D055FA1E0F7BD830AEBEC5B32F44D6.header.png,B3E082B733C819A6EBAEEF898B180F60855F8FB1D42A27F6A8E8EB5ACC276781
EC8FD193F7389BD89C31EC263C32EB6E9EAC3F226CDDD16ED6BB6F30B4360D56,F-3EC46382AC5DECDCE46F,3,E:\RecepcionDocumental-H1D10A-assets\EC8FD193F7389BD89C31EC263C32EB6E9EAC3F226CDDD16ED6BB6F30B4360D56.header.png,2BD928EEC1E2E090A4DAE781DFA1709D344BE4F1D2AB01BCDDB76B708192BC40
EC9F542C0D762349330D7C9D5BA35113FE54E325A7794D5D7246158EF14E78C4,F-127BD2FBDD2CC031C0FE,2,E:\RecepcionDocumental-H1D10A-assets\EC9F542C0D762349330D7C9D5BA35113FE54E325A7794D5D7246158EF14E78C4.header.png,B71B584D37EFE792C118EDF388B7F9D64D0413AA21B7AC4EC343D394D0782924
ECAB84F2B7ACE6067202550CC1F288749C0D9933D73906EA57EC7E2CE27438EF,F-6F5CAF1E1AEEB43C5486,2,E:\RecepcionDocumental-H1D10A-assets\ECAB84F2B7ACE6067202550CC1F288749C0D9933D73906EA57EC7E2CE27438EF.header.png,C20A0B77A937B2C267E5E9F42024983C06EFA5A17D99E103251C6FD009AFA310
ED19A5F8AEC4AD20435C707E6523CA381B42F4AB56B354CCBBD95F9D549BEFD4,F-FACD83D8B4281A05571A,1,E:\RecepcionDocumental-H1D10A-assets\ED19A5F8AEC4AD20435C707E6523CA381B42F4AB56B354CCBBD95F9D549BEFD4.header.png,F8A145AA1F28ECF40A6810BD6C69AEBB595A4323033D2F832B65B1721737522F
ED9DA7E668125AAC48AC5D5CB1649B43B8E8636A4B0446E134B7941C890918D3,F-EE08C7103D2458E54189,0,E:\RecepcionDocumental-H1D10A-assets\ED9DA7E668125AAC48AC5D5CB1649B43B8E8636A4B0446E134B7941C890918D3.header.png,ECE394419D55DE9652A86355AC24D731F73D5E04F74FAB657BAEF78C89CE5F76
EDC54B347FB32B128E5218BB92547F4AA440585DF3915ABC4D44D90098E2B18E,F-FACD83D8B4281A05571A,1,E:\RecepcionDocumental-H1D10A-assets\EDC54B347FB32B128E5218BB92547F4AA440585DF3915ABC4D44D90098E2B18E.header.png,D2998C195041B822A664E3FC9C857D4871A9C9C491D192295FCFC50BB14EB3D9
EDC98B31AFA7DF61EF661801826D24693949F1D02F83E01A2A44D99732D13B50,F-6F5CAF1E1AEEB43C5486,2,E:\RecepcionDocumental-H1D10A-assets\EDC98B31AFA7DF61EF661801826D24693949F1D02F83E01A2A44D99732D13B50.header.png,269FB72A077357085820E3661D1BEBFB018B894AAE6F38853941A51161584981
EE17F17B2E3BA04ED99337FE93B2F9107CF18A58C93502F0BF6938D7EBBC0185,F-2225E7482E0C1A2CF093,2,E:\RecepcionDocumental-H1D10A-assets\EE17F17B2E3BA04ED99337FE93B2F9107CF18A58C93502F0BF6938D7EBBC0185.header.png,0DAC58F26EBC4D6530A475EF86C17DCDD37237A07CA5901761A8EE40385A520E
EE950C6BAF7DA9C86E8E4FDC679E2D5BDF85603D5EF1C8DD6FCFBA2FFE9541B1,F-EE08C7103D2458E54189,0,E:\RecepcionDocumental-H1D10A-assets\EE950C6BAF7DA9C86E8E4FDC679E2D5BDF85603D5EF1C8DD6FCFBA2FFE9541B1.header.png,C18F802CBD25AB6B48CDD1DFCFA576D98024D153F464EA0039A8A7295882F497
EF7D8D2B6EB1DA2009EE2C414B127F6EA6B1B2EE8A71CDDE5D494B88BB7021E2,F-319491FEEAF6386D99BD,0,E:\RecepcionDocumental-H1D10A-assets\EF7D8D2B6EB1DA2009EE2C414B127F6EA6B1B2EE8A71CDDE5D494B88BB7021E2.header.png,0CFA75DA761988D58714159979AF9D4FF5338218B39A9F7A838E8B35A8F653D2
EF8D085AA0CC522DC505BFA3EE404551CA496928CC603CA9A2E2F72261C64480,F-239031FB24D11A1289E7,3,E:\RecepcionDocumental-H1D10A-assets\EF8D085AA0CC522DC505BFA3EE404551CA496928CC603CA9A2E2F72261C64480.header.png,F7B1F3CC6C0B97C25FEA050C5057719E7151F67734EAADB158D44F4E0A96A85D
EFA7644399240D4CE98CFC0922C43901B82B82154718FBA1C01D066A528AAE93,F-7D0D437DDC69268FCFC4,3,E:\RecepcionDocumental-H1D10A-assets\EFA7644399240D4CE98CFC0922C43901B82B82154718FBA1C01D066A528AAE93.header.png,8AE672C8279DCFFF2CDCEC207089E623116F63319875551CEE2073E00911004B
F02532D4FE739AE475EF518FE9ABF04523A9FCE2A2AF2966D6A8A65C39F06861,F-FACD83D8B4281A05571A,1,E:\RecepcionDocumental-H1D10A-assets\F02532D4FE739AE475EF518FE9ABF04523A9FCE2A2AF2966D6A8A65C39F06861.header.png,00860AE9BA217E4DCDE2DAC77A3CE638175A1913434AE9ADDA9C350B757F4AA7
F128AA90E662AD7CDB80CA46AEBFBA2F20A8B122EEC15961781923955AD06E2E,F-127BD2FBDD2CC031C0FE,2,E:\RecepcionDocumental-H1D10A-assets\F128AA90E662AD7CDB80CA46AEBFBA2F20A8B122EEC15961781923955AD06E2E.header.png,852117E03762C85BC74B23774BA2F4053A41A15D542F0327E453237A2A55EEC5
F1D6DF38C956FF2FBF30C665EB678BEDC73541E868C90BBE1914DC39CFC81B74,F-FACD83D8B4281A05571A,1,E:\RecepcionDocumental-H1D10A-assets\F1D6DF38C956FF2FBF30C665EB678BEDC73541E868C90BBE1914DC39CFC81B74.header.png,E784CBB90D20647A45F983F97E006E43E28456D8E200965A5E7C4F48FDAD8FE3
F1ED5614878958FA3F8F6FE4EC67586AED7BE453B74BAF85343B51C660276FC5,F-EE08C7103D2458E54189,0,E:\RecepcionDocumental-H1D10A-assets\F1ED5614878958FA3F8F6FE4EC67586AED7BE453B74BAF85343B51C660276FC5.header.png,9F84AB1E9CE0EA85CCC9B64CF9A495B401610D6CDD79013FB956E98A1EB736B6
F20FB9FCF93C82B0A97A7A67BFE6F5483C480F94C937353FCAE85095E78B4D30,F-319491FEEAF6386D99BD,0,E:\RecepcionDocumental-H1D10A-assets\F20FB9FCF93C82B0A97A7A67BFE6F5483C480F94C937353FCAE85095E78B4D30.header.png,C2BC5BEC6C6961E4E50FEE02596BD17619AA15932E728E3A769FF88CE6098371
F27819BDCE09A908EAE141286E3F96A901693744C5D3E583CA40F3207CB07092,F-3668A88FC20749F1E323,3,E:\RecepcionDocumental-H1D10A-assets\F27819BDCE09A908EAE141286E3F96A901693744C5D3E583CA40F3207CB07092.header.png,ACC1108376D1ACDD3F22DD5909D3EEB3C9EB08AB0B2E85418D7188CD16178479
F31E350293C5EBBC824D100FFFB2E4A84115DC163CBFA5B15223DD440A617090,F-463F5D66BCFC1B95B4F2,3,E:\RecepcionDocumental-H1D10A-assets\F31E350293C5EBBC824D100FFFB2E4A84115DC163CBFA5B15223DD440A617090.header.png,16A32FDEF70D7D2900F6186E01627FCFDAB26726C336F25951B867FE7C8C0C37
F36DDC207A40D81075D8AC15AFEE80E857697E22529B6126925EF8D73DC72A5A,F-C4EFEA98CD9D9490E678,2,E:\RecepcionDocumental-H1D10A-assets\F36DDC207A40D81075D8AC15AFEE80E857697E22529B6126925EF8D73DC72A5A.header.png,1F138EB69D250B86CB74C6F17270241E7BE9B77A8A5A8D213F1D0B7FFBB68D5E
F3A3A486DF2712665DE56C52AF6656793D2486EDF2AA215E03C56349237419D6,F-FACD83D8B4281A05571A,1,E:\RecepcionDocumental-H1D10A-assets\F3A3A486DF2712665DE56C52AF6656793D2486EDF2AA215E03C56349237419D6.header.png,04A914B52E75B1D92A2418771B747B347DBA6A25C82571BC4A51B7791CE616C2
F443E494D46E40F1F5B004E0BC03FDCF866CA452BA358FAA128DE88FD1A1BFF2,F-FACD83D8B4281A05571A,1,E:\RecepcionDocumental-H1D10A-assets\F443E494D46E40F1F5B004E0BC03FDCF866CA452BA358FAA128DE88FD1A1BFF2.header.png,232B39D32A23C9AA7A77214949FFD05EA66C42969BF5E58CC132C5F823EEB4B2
F48A1CF87F8AE7742A2FE0A5582B1A27A673493A7DA2EDB8A8DADC5D2B77A63D,F-FACD83D8B4281A05571A,1,E:\RecepcionDocumental-H1D10A-assets\F48A1CF87F8AE7742A2FE0A5582B1A27A673493A7DA2EDB8A8DADC5D2B77A63D.header.png,946746E81879FA0F90D0BA104BCD826335FC49070EE77F15C97E965AAA87F23E
F5019505DEE4B97949AF2E71B3420E3BE419C11A4BB446365BFC477970DE2BA9,F-463F5D66BCFC1B95B4F2,3,E:\RecepcionDocumental-H1D10A-assets\F5019505DEE4B97949AF2E71B3420E3BE419C11A4BB446365BFC477970DE2BA9.header.png,29745BC68FC0505ACA13F3A7FD84EB0135B1A1BD0642B6BEEAED22F188DEB03E
F50D614053B0C0D28C26FFE3C5A4E0AE3408C9A201491B4026006E5AF86830BF,F-E2627E96B98E9A6575D4,1,E:\RecepcionDocumental-H1D10A-assets\F50D614053B0C0D28C26FFE3C5A4E0AE3408C9A201491B4026006E5AF86830BF.header.png,1632A4D5A56405FD892883C2E3A0CC2A645C99390924804BCE60A2AEBF252713
F59C802AC4208228045C36181C016950962BB99A00CD60D30068C9B2118271BC,F-FACD83D8B4281A05571A,1,E:\RecepcionDocumental-H1D10A-assets\F59C802AC4208228045C36181C016950962BB99A00CD60D30068C9B2118271BC.header.png,4FEC29AC86DF3E84C34D094CCC9C6A3D343561C98E65A82A8800CFC5D731870A
F5DB5A730173CF07DE8B6D1C34013C522B15E1124E2B2CB0117753C7086DF8D5,F-77F1ACB02A8A219F6BC8,0,E:\RecepcionDocumental-H1D10A-assets\F5DB5A730173CF07DE8B6D1C34013C522B15E1124E2B2CB0117753C7086DF8D5.header.png,7870EC3BA48EA63C1774F805F9E4CD9B9D72BA85D6412A9F56CAD1C08EC85C83
F5E3F2CB89A7829ADD137A5CD69F51BA5334263B7A0E5234D3E28FE6AB0EE9E1,F-463F5D66BCFC1B95B4F2,3,E:\RecepcionDocumental-H1D10A-assets\F5E3F2CB89A7829ADD137A5CD69F51BA5334263B7A0E5234D3E28FE6AB0EE9E1.header.png,14C60F77F47BBB78B84D14925FB495CA6C56FF8D806F5C6891532A8BE5CB2F72
F61C02CEE3AA92440BD42E11C67AA26A3C2C9D34AB7AD8B0E95D7FF7C6FA3D53,F-8FB0C271F20EAB3092AA,3,E:\RecepcionDocumental-H1D10A-assets\F61C02CEE3AA92440BD42E11C67AA26A3C2C9D34AB7AD8B0E95D7FF7C6FA3D53.header.png,639B98A1EB2B1A65720F7F5D4ADA8BDBC2634E0C862D44703D115429E3EB4D6E
F63EFF161E10CF1225DD97065B64D1CA18F46DAE2F95D32106C15810281D8BC8,F-463F5D66BCFC1B95B4F2,3,E:\RecepcionDocumental-H1D10A-assets\F63EFF161E10CF1225DD97065B64D1CA18F46DAE2F95D32106C15810281D8BC8.header.png,7F88853A04A0A55F787BE3454B860513F4961435D4BE88FD570C1D2532EA7194
F68FFBB0988D213FEDF95E02671C5249BA98E44CC73C48633A144C420E746CCE,F-EE08C7103D2458E54189,0,E:\RecepcionDocumental-H1D10A-assets\F68FFBB0988D213FEDF95E02671C5249BA98E44CC73C48633A144C420E746CCE.header.png,29999AEF7218AFDC51E8A7A36BC27148841BAC49EB020ACA11E7AF88F9AA2401
F6AC68EA31D6263F385CD363C26F1FFFF5ADE73640CA3BD10454220B6CE6CEC4,F-B5269576C44B14F588D5,1,E:\RecepcionDocumental-H1D10A-assets\F6AC68EA31D6263F385CD363C26F1FFFF5ADE73640CA3BD10454220B6CE6CEC4.header.png,918987CB334C60511A4C6DE8D92D89D204AC7C6EE598AC4D818E75BFCFA330D5
F6BD7A6DFD38FA6CC1436A75F1D68C77A0E0921050998B4803E87E4ED14FCD54,F-FACD83D8B4281A05571A,1,E:\RecepcionDocumental-H1D10A-assets\F6BD7A6DFD38FA6CC1436A75F1D68C77A0E0921050998B4803E87E4ED14FCD54.header.png,B219F7F77D2CB42D299A24F62E186D1B42DE8CE44A06514478F74BECCC60A09B
F6E6DBE4FEE024C94DDDF78999FDB798300445A5CE72C950DB209353CAF5E7E1,F-FACD83D8B4281A05571A,1,E:\RecepcionDocumental-H1D10A-assets\F6E6DBE4FEE024C94DDDF78999FDB798300445A5CE72C950DB209353CAF5E7E1.header.png,13D36FC61222E802663DBF12A1FBAEDC4ACBFC935C0C7EA4A438B078012EA8BE
F6FE5E4E7DBEFC3BD76AA8082F39320D6E47DF09DFED6C259F5830908418EB7F,F-19E3E2219E79C363F63F,0,E:\RecepcionDocumental-H1D10A-assets\F6FE5E4E7DBEFC3BD76AA8082F39320D6E47DF09DFED6C259F5830908418EB7F.header.png,0E1A0F4ED35E6CDDA8E6EF797F6BA8DF04858D7A152B2601BECD3AE47847318D
F725B4229EBD565A5BE6A7ADB42AEA4114D1EAB6002088E2EBD038F51BAB05DE,F-FACD83D8B4281A05571A,1,E:\RecepcionDocumental-H1D10A-assets\F725B4229EBD565A5BE6A7ADB42AEA4114D1EAB6002088E2EBD038F51BAB05DE.header.png,2385D291534E6359FD139F6E8F13B89E69215BB178E5F44074BE86C4B9473475
F7410A2B38FC9DE05D2F5D74DD79C5237FE01A8FA1ED3536844DF21777885ED9,F-6F5CAF1E1AEEB43C5486,2,E:\RecepcionDocumental-H1D10A-assets\F7410A2B38FC9DE05D2F5D74DD79C5237FE01A8FA1ED3536844DF21777885ED9.header.png,811DA299C49FC2C01B0872D6C13662E61493305F1E59AA935F2B141D559CA6E2
F75C4C0B9CB0F5C9DC73516970C0A96A09EDC1141F2EED9968A8CEF0786DA72B,F-EE08C7103D2458E54189,0,E:\RecepcionDocumental-H1D10A-assets\F75C4C0B9CB0F5C9DC73516970C0A96A09EDC1141F2EED9968A8CEF0786DA72B.header.png,A9C65FC501F507C01E8F925753A554CD18353A3FBFB67CAE97D28A3DB42D1F3F
F75E14D3306E582993E85C486C4085A4238AB020B76AAD0706CF5D2EFBD8711E,F-EE08C7103D2458E54189,0,E:\RecepcionDocumental-H1D10A-assets\F75E14D3306E582993E85C486C4085A4238AB020B76AAD0706CF5D2EFBD8711E.header.png,5A1FAAB9BCDB1CAF0E821E9B3BFF89B8A5D847677679B9A739E55263C6C4E9A9
F7C9E186997998C8903EBB0761B5A5B6B2899BFC25A8AB3103635E0B5FA6D2FA,F-463F5D66BCFC1B95B4F2,3,E:\RecepcionDocumental-H1D10A-assets\F7C9E186997998C8903EBB0761B5A5B6B2899BFC25A8AB3103635E0B5FA6D2FA.header.png,30EA7A54C9EEE14CF1C34EF0F896BC51D08A10751D8A818EB78C85B865FE5CF5
F7CDB6C9475CEAE90F1F8A67949A0D408B109C75B83F7F5ECCB0271E34450308,F-463F5D66BCFC1B95B4F2,3,E:\RecepcionDocumental-H1D10A-assets\F7CDB6C9475CEAE90F1F8A67949A0D408B109C75B83F7F5ECCB0271E34450308.header.png,D494D2743A1AB59AD38A754D479E0DD471F547DEEA79958BFF968007CBCEA249
F7CE019C15AA7C975DCFDF582EF7DC4467993E469ACCB5CD34D2CB0119832525,F-EE08C7103D2458E54189,0,E:\RecepcionDocumental-H1D10A-assets\F7CE019C15AA7C975DCFDF582EF7DC4467993E469ACCB5CD34D2CB0119832525.header.png,F1F488F9445970B52997908B6E08676336724C5FE79C63314F98A2D28C2F6FE9
F7D4315B0BD34CA0C1F7F00511F6C2555B14BF1E08B0AFBD5C97CBBF1770A623,F-52A8D3E535639BC9066E,2,E:\RecepcionDocumental-H1D10A-assets\F7D4315B0BD34CA0C1F7F00511F6C2555B14BF1E08B0AFBD5C97CBBF1770A623.header.png,64765F60318A2A35E4970AA2A9B4FB21E6B7470BBB57297784C1FA9B42E31222
FAAA10795DFC3ED7953CF7632514C2517B7251C84DE9CAB5E9D400E49971752F,F-463F5D66BCFC1B95B4F2,3,E:\RecepcionDocumental-H1D10A-assets\FAAA10795DFC3ED7953CF7632514C2517B7251C84DE9CAB5E9D400E49971752F.header.png,CEC1D8EFE66B59C428D80B8547C998A9CB4C2B03FFC967E4A46DAA0E4C1C462C
FB6BEE8F1D8BD758963C91213EA224344D076A9890EAE4D598AB4E5EB97F7FDF,F-6F5CAF1E1AEEB43C5486,2,E:\RecepcionDocumental-H1D10A-assets\FB6BEE8F1D8BD758963C91213EA224344D076A9890EAE4D598AB4E5EB97F7FDF.header.png,0746ECB01F6633B6BB401EB626B9F52343450A2487939B17849E2F394CA3DB95
FB9793DC94A8178102D75A97E0840E287BDD71D8EA9F9B07588D1582BB3FBB75,F-EE08C7103D2458E54189,0,E:\RecepcionDocumental-H1D10A-assets\FB9793DC94A8178102D75A97E0840E287BDD71D8EA9F9B07588D1582BB3FBB75.header.png,BD1569A10BDDBBB37201F8D9D3E8B9C4BECB1C445AE843E39FBCA8B2458539DD
FBCDA7565A60AAB32926B68591BF2C7A86F408D46DC228AA9E5F98D76ADD8FD2,F-FACD83D8B4281A05571A,1,E:\RecepcionDocumental-H1D10A-assets\FBCDA7565A60AAB32926B68591BF2C7A86F408D46DC228AA9E5F98D76ADD8FD2.header.png,00C6E5912A394E8CD8C7AF2D28EFF907E676EF654D4A948C7A7B8D01B5A6217B
FC7CAABF0DC37DA0008DAB21CB11879C300FEF215B2B69DCC0BD08081358CCFB,F-EE08C7103D2458E54189,0,E:\RecepcionDocumental-H1D10A-assets\FC7CAABF0DC37DA0008DAB21CB11879C300FEF215B2B69DCC0BD08081358CCFB.header.png,3CD03A470805267A063775DD8A4A8807BC833DF15AF084705FF63EFC3BB3C6E3
FCB7B5A2F524A16B19B60871079D42D4CF9A5A1C18278052A29B1366095DF71F,F-33B81ED9CE192B1C2F2E,2,E:\RecepcionDocumental-H1D10A-assets\FCB7B5A2F524A16B19B60871079D42D4CF9A5A1C18278052A29B1366095DF71F.header.png,F6A38598FAAAB25091A890ABC2DADBCFCA49DFE1D2AB65C55009E843F61953A3
FD0BB6E9BCCBF8A365C21D5CE4ED8EC5D46F7C481770B64BB6007F404847129A,F-6F5CAF1E1AEEB43C5486,2,E:\RecepcionDocumental-H1D10A-assets\FD0BB6E9BCCBF8A365C21D5CE4ED8EC5D46F7C481770B64BB6007F404847129A.header.png,DC10A599DAA49A8EA30F7D52F5D125A04377606F1BA98752EE862B5A7443D8B2
FD0CE6D589C6F7FAA8B52B70D5AAF02E1683DFF17177426C2EF7C573B32B2998,F-FACD83D8B4281A05571A,1,E:\RecepcionDocumental-H1D10A-assets\FD0CE6D589C6F7FAA8B52B70D5AAF02E1683DFF17177426C2EF7C573B32B2998.header.png,897DAB4211A9D88309AF5699131DD1468E18843501D2292681353A8716947057
FD102BB007B1EA3F03EA7765BC8008838DD06D1745B09776C93A4EEE82F296B8,F-FACD83D8B4281A05571A,1,E:\RecepcionDocumental-H1D10A-assets\FD102BB007B1EA3F03EA7765BC8008838DD06D1745B09776C93A4EEE82F296B8.header.png,B1B0231187B6D3290368D3A92E55C267E261319BFB03BCE059540BC5CE5B2BED
FD719D239382ED1035085A73A2D28E113F954055440BA249D36B363204CA6DDC,F-6F5CAF1E1AEEB43C5486,2,E:\RecepcionDocumental-H1D10A-assets\FD719D239382ED1035085A73A2D28E113F954055440BA249D36B363204CA6DDC.header.png,1B4155446577C54CF711C0A17E60F830D47248381E6E032EC98A8B0DB951A810
FDCDEAAD3737F44D2E52B6D87E7BB584722551A7E913238841FF96D33A7FFE64,F-6F5CAF1E1AEEB43C5486,2,E:\RecepcionDocumental-H1D10A-assets\FDCDEAAD3737F44D2E52B6D87E7BB584722551A7E913238841FF96D33A7FFE64.header.png,453F6CA5998C09501F7D3CCB1DBB92E7AD14B4B92ED7D755D57FF692EF0D635F
FDE1A18CA6E3D15C240BDE66DDD0ABE57C2F69E300A0AD72B135608E83DFBC49,F-463F5D66BCFC1B95B4F2,3,E:\RecepcionDocumental-H1D10A-assets\FDE1A18CA6E3D15C240BDE66DDD0ABE57C2F69E300A0AD72B135608E83DFBC49.header.png,83F5F8BBEB93D2990CA6987A547866BFA1F28B0388802444E34322857B790448
FDE2B1FCF8B3FCE9029D2A8D67D1D027ECA73F1CE24428A1203C942699F501B4,F-463F5D66BCFC1B95B4F2,3,E:\RecepcionDocumental-H1D10A-assets\FDE2B1FCF8B3FCE9029D2A8D67D1D027ECA73F1CE24428A1203C942699F501B4.header.png,2E652C49D6A0E333A8EB0EF7F9984E92CB7112E6B03BB50B38C5F756FBF7F7D2
FDE622A3433BE4D10FEA9E811DD12C8E4558F08219F6CF1BF974F698D2735C69,F-C04B37B1724168DE2084,3,E:\RecepcionDocumental-H1D10A-assets\FDE622A3433BE4D10FEA9E811DD12C8E4558F08219F6CF1BF974F698D2735C69.header.png,84D27E78F5A3153FEBA5F3BD38E1B17CD07ED07AAB2F636ED107E001258543AA
FDF0C9EACBFA6ADCDD4D8E651C451A9CDD65DBF7E8628426FA9C87F73F978DBD,F-319491FEEAF6386D99BD,0,E:\RecepcionDocumental-H1D10A-assets\FDF0C9EACBFA6ADCDD4D8E651C451A9CDD65DBF7E8628426FA9C87F73F978DBD.header.png,456923589EE296DA9BE6A14D1153F9B046D1A231DBBDDC19DAFADA0E8CB2EE52
FE56C5F0D519D9084CA60878C88E88C121CA77BD55C9A438401793C2D6B46597,F-DB7766FFE78E622516F9,1,E:\RecepcionDocumental-H1D10A-assets\FE56C5F0D519D9084CA60878C88E88C121CA77BD55C9A438401793C2D6B46597.header.png,9EF9F84325166768EE71AA80246A4DD0C5887571804B5EB1CFEB893FDC2CCCB0
FE6DD8A436FECC831B72D6EEE3E06DA7DEFD15DDB4CF19A2388187D93D5E8914,F-A6E816EB9E43FECB1ACB,2,E:\RecepcionDocumental-H1D10A-assets\FE6DD8A436FECC831B72D6EEE3E06DA7DEFD15DDB4CF19A2388187D93D5E8914.header.png,4F0690CE509787E6919455902DA6DDFE15736F2F2FF4F28BC67F49F4EA16D892
FEE0DCEE07817A24C8E345D3710B243B72CC2A4A160CF256A18804E4FFCE8E83,F-DC0A2053B5A530D4C5EF,3,E:\RecepcionDocumental-H1D10A-assets\FEE0DCEE07817A24C8E345D3710B243B72CC2A4A160CF256A18804E4FFCE8E83.header.png,CDDC0DA25884A99180B10DFEC8ED36D77E63D5CE3CBAE6DD038F0891B08E23E5
FEF50B26E0EABF3B4D805C219F18D4B4952805C3E1426AAC76B536A9EE0B8538,F-2225E7482E0C1A2CF093,2,E:\RecepcionDocumental-H1D10A-assets\FEF50B26E0EABF3B4D805C219F18D4B4952805C3E1426AAC76B536A9EE0B8538.header.png,E61DDAE08F36DE2FA4F9A7874E153BFB575FDB2ACD92511656FF2E3C1F35EEA6
FF045409E4708976F60CFA2E5A97D7A99302672D09D4EFB989C13B04774ADCEF,F-FACD83D8B4281A05571A,1,E:\RecepcionDocumental-H1D10A-assets\FF045409E4708976F60CFA2E5A97D7A99302672D09D4EFB989C13B04774ADCEF.header.png,698742CCAE3265EE051D2DD8226A541A3E7E97430ABAB0256E9DCB0FB2FE6EC1
FF43565801C01262106827D1A3294DC8FABE7E49F326193BB924678EA8833D59,F-3BA8B67ACD3C697FA8AD,2,E:\RecepcionDocumental-H1D10A-assets\FF43565801C01262106827D1A3294DC8FABE7E49F326193BB924678EA8833D59.header.png,B19213961E9FA7A662E4B3005AF356702E434C8CA5381E9F93E1DFA046AC4216
FF477AE4BDC128E02DCC79434A90D0F9F247A51A83F65655F76A4F4430B60853,F-19DFBD73F91E34BD601B,1,E:\RecepcionDocumental-H1D10A-assets\FF477AE4BDC128E02DCC79434A90D0F9F247A51A83F65655F76A4F4430B60853.header.png,FE1F094BA9FC6A1BBDC288B7BD2387D45A58B7DDA3004B4C3DDEE42112345981
FF8A0539D9B1410CF169E263973F187525B9B6918594943D2AA56275F3E2A8F0,F-463F5D66BCFC1B95B4F2,3,E:\RecepcionDocumental-H1D10A-assets\FF8A0539D9B1410CF169E263973F187525B9B6918594943D2AA56275F3E2A8F0.header.png,BA7C8EAC0A0862BA2D866D6DCFCD13D63FB11FBE4D80E660855654D9216B97EC
FF9B0AF18147938FF023F9B6CB62B31B38FFCC33B27FD1496A1073935FC0BA00,F-42C5622A9D25DE95FE79,2,E:\RecepcionDocumental-H1D10A-assets\FF9B0AF18147938FF023F9B6CB62B31B38FFCC33B27FD1496A1073935FC0BA00.header.png,E534CABC1E16432DBDCDDCBE5D752E2C531BC4938C6E7DC97768272C010BABBA
FFBC84F8D220A03D34648EAFC0E9441B5AD9267065AD40A4E0C7CBB48D4F977D,F-FACD83D8B4281A05571A,1,E:\RecepcionDocumental-H1D10A-assets\FFBC84F8D220A03D34648EAFC0E9441B5AD9267065AD40A4E0C7CBB48D4F977D.header.png,BD0424A51A33884D17EFC4384F4E51A625D784683C1C8BC074E1EBA78E66544D
FFC223740A59AAC2F4D9E71E5A2799843D2F7674B96B265B21668F6D9F84A32D,F-EE08C7103D2458E54189,0,E:\RecepcionDocumental-H1D10A-assets\FFC223740A59AAC2F4D9E71E5A2799843D2F7674B96B265B21668F6D9F84A32D.header.png,D2C741CF861E869A5FC5B6F0513EE30C49EF8FDBC16295E278559535291F3087
