Sha256,FileName,FamilyId,LabelFinal,LabelSource,Fold,WORD_PFactura,CHAR_PFactura,WORD_CHAR_PFactura,TEXT_ONLY_PFactura
002865257C71829F722158FBCEDB282C220108C3B1CE07E08876E80BAEEA8EB2,Z001023305689.pdf,F-EE08C7103D2458E54189,FACTURA,QR_ARCA_STRONG,0,0.8560928280069224,0.7864325060833459,0.886339621971017,0.8003624999087858
00A887F58DB25495DFDE02D1BD1530CE321427ECC08F8EF1E62853BF1C219A6C,Z001023321635.pdf,F-FACD83D8B4281A05571A,FACTURA,QR_ARCA_STRONG,1,0.8108593466578161,0.8142790182175138,0.8752488601962584,0.752723233552796
010343D4BCC6C1DB12C1129F149212B97C69C10242840BC5A303CC7B4AA87BAF,Z001023242961.pdf,F-EE08C7103D2458E54189,FACTURA,QR_ARCA_STRONG,0,0.8538629741054989,0.7120979584104628,0.8648043885936646,0.7771698400942584
014E2ED703E7699D11564EA3DA8C3C759890653A8AA43818519F760562AAD8E9,Z001023267244.pdf,F-41390C2275426E0851C1,FACTURA,QR_ARCA_STRONG,3,0.7534530097385869,0.715779920012308,0.7982427957212274,0.6916531839740243
01CD21BA921CF3E5B71026D0B35F0455C59E2D2B5B1FCC67BBF6E18173662A57,Z001023284243.pdf,F-17D8887E1AFD322C7FBE,FACTURA,QR_ARCA_STRONG,3,0.7401751011323935,0.7389999920144054,0.8057512233961742,0.7409652075536503
02481C9D2568B71F8E7C312C9750A2574BBC113DA725E94DF93185829AC84A79,Z001023320988.pdf,F-BD443D8161F24BFCB109,FACTURA,PDF_TEXT_STRONG,3,0.8534191538430382,0.8357686423461378,0.9046328909660334,0.6782622747587388
02656E7BEACD36FF1D29B09DB3B935C87A2031DBB0AC01CB7FB6EF3190A013A9,Z001023397871.pdf,F-463F5D66BCFC1B95B4F2,FACTURA,QR_ARCA_STRONG,3,0.8150884826301039,0.7389242728104057,0.8419807644437597,0.7991053631577739
029212DC679C033902FE2CC264F3CAB6C223BB8366CB0FE8E61BF5329E85FACE,Z001023338079.pdf,F-FACD83D8B4281A05571A,FACTURA,QR_ARCA_STRONG,1,0.8550681922726744,0.7610997444995835,0.8754530963933674,0.7402814787066506
02E98A8346DE804B23DEB7F869E8DA197E5631C1064A63EA74D3C0B0218FFB06,Z001023242297.pdf,F-49A5021ADC5A10C6DAE9,FACTURA,QR_ARCA_STRONG,1,0.8137332412153965,0.8197989012973194,0.8804963028431928,0.7967812454601594
030110C4EECAD8AD99A6AD1A53873B11A63BAD1F04245E5725E05682FCC5D4AA,Z001023397962.pdf,F-FACD83D8B4281A05571A,FACTURA,QR_ARCA_STRONG,1,0.8393723172558292,0.8297996866786344,0.8919565185960844,0.7101135611091506
030126CE7D614353FF03F90C126B6D2C3746D913B36523810DF4F1B51326D882,Z001023242608.pdf,F-EE08C7103D2458E54189,FACTURA,EXISTING_GROUND_TRUTH,0,0.8199940560940037,0.7001581282641577,0.8347906876007654,0.7542188223164084
0364B3022336297D63A30D703615CB3CC76DF8649C864FC2E6DC9CC55D955996,Z001023435320.pdf,F-0DDB74E82CF65D655CE7,FACTURA,QR_ARCA_STRONG,2,0.7832168429989355,0.8039800118072006,0.8632868309709814,0.7518918293048087
038C8E13A29FF718AF15161F5E1623E16F4735509EBC827CBF80A30555FC05DB,Z001023422115.pdf,F-463F5D66BCFC1B95B4F2,FACTURA,QR_ARCA_STRONG,3,0.8013917680266442,0.8157181374556834,0.872116438431344,0.7846515076576188
03B39A26667D7005B31BEF5DCA9F294FCC45452CA0D45BA06D78BF8CE5E16133,Z001023283786.pdf,F-9A735258044E0AA042F4,FACTURA,OCR_STRONG,0,0.7956860165782295,0.7159871676803139,0.8225938239648706,0.7410060879339475
03CFBE47B1C87BEFC324BB99462C1A6722B7E29C5EB61D17AE8AB0C4A60F5AF3,Z001023397760.pdf,F-FACD83D8B4281A05571A,OTRO_DOCUMENTO,QR_ARCA_STRONG,1,0.6137682058495592,0.7188251513547123,0.6879180487602794,0.5447376982077616
0405379635CC5D80EAFD03FE53704B24D220C6EFBD7EB0C7A1B8908D312819DF,Z001023267802.pdf,F-FACD83D8B4281A05571A,FACTURA,QR_ARCA_STRONG,1,0.7978410195265963,0.7381673774047768,0.8341825621023501,0.6797721414841835
042267BB5BA6B2EF3DEB81E10F9D0DF556DA96E723BEE7A42CA1F5AB41E0B13E,Z001023321071.pdf,F-FACD83D8B4281A05571A,FACTURA,QR_ARCA_STRONG,1,0.8103638910322823,0.7773439909991806,0.8529084097691638,0.7284434684527588
0431F3F0FA33A87F05475A197FA40165963F462ADD5E0D0F14743141B23F8ECF,Z001023285092.pdf,F-6F5CAF1E1AEEB43C5486,FACTURA,QR_ARCA_STRONG,2,0.8199012544309201,0.7724767830114266,0.8595497136828179,0.7544353636116625
0433389975EC3550CE85ABFB0C93FCD6D66B39F406A635F2A1B7ECFDAD2ACEE3,Z001023243743.pdf,F-EE08C7103D2458E54189,FACTURA,QR_ARCA_STRONG,0,0.8825310541955866,0.787588086240567,0.9058398847487291,0.8040154232047053
045C94F468347D76A752B35C9E1104694E4AD501AE20C72D76DEF8E399357D50,Z001023349833.pdf,F-EDBFE59229E8571451DD,FACTURA,QR_ARCA_STRONG,2,0.782622293980684,0.7731042501358437,0.8528372343246453,0.7551065516923054
04644AFCA0FD83E0BA9F4699895C76D10FBDBA2FE57B9695DC20E8D7B05F23B9,Z001023467444.pdf,F-6F5CAF1E1AEEB43C5486,FACTURA,QR_ARCA_STRONG,2,0.7849284790461428,0.6976742398323245,0.8109176092089396,0.7162933739955062
04D2A6C50B9B35D2F7E917B6E3A9B8329EE86DAD2FB2D5042D6BB4040B213ABA,Z001023243462.pdf,F-FACD83D8B4281A05571A,FACTURA,QR_ARCA_STRONG,1,0.8190750153662538,0.7912127413671978,0.8688208237331065,0.748982528643231
0502FD9BDC978A9DB273A734BD4392467FCD7002B2033F73814CA959A4092E48,Z001023321087.pdf,F-2536699D670C4BE35026,FACTURA,QR_ARCA_STRONG,0,0.8139211256553537,0.7287329002357646,0.8343960578277629,0.7945361711507081
056F2DBFB04063C3907953A9FA896F379670BFB843A6C1C8D08A4A79E784AF5C,Z001023243328.pdf,F-FACD83D8B4281A05571A,FACTURA,QR_ARCA_STRONG,1,0.8454526711370918,0.8273487182872465,0.8961596097630892,0.7809144493340439
05C329DF72080120239DE88AA85E91D6F089D1DAA1A7F59B8E53C60752CF1D47,Z001023284042.pdf,F-FACD83D8B4281A05571A,OTRO_DOCUMENTO,QR_ARCA_STRONG,1,0.5252003195266289,0.5222700972103897,0.5304669465808827,0.39412571915853806
062D404B15F77BA8C0EABD59CB6BF2C7D319E561D80F744178F01EB08514EDCC,Z001023466256.pdf,F-EE08C7103D2458E54189,FACTURA,QR_ARCA_STRONG,0,0.8301002834346973,0.7156700612522859,0.8454362347649632,0.7862091172669735
0694B850140E5FB7BFAECB0AE25445A17058A3081747D666726EF30BF5AA1CB8,Z001023336346.pdf,F-463F5D66BCFC1B95B4F2,FACTURA,QR_ARCA_STRONG,3,0.7742513752317314,0.7713211512015227,0.8422860535299448,0.7920654430234205
06A4E618722CC20B0791DAAF476CDE38E7C997F9619E99E853204E29184B3E6B,Z001023478160.pdf,F-FACD83D8B4281A05571A,FACTURA,QR_ARCA_STRONG,1,0.8661221410692874,0.845139229802499,0.9112699616455104,0.7566306507529322
06A69148F4DA1D7AED723E4EFD8016E4BF83803969862E721D1E7269E9FB7641,Z001023465957.pdf,F-A8BC10D011EB3739972C,FACTURA,QR_ARCA_STRONG,2,0.7648433793452378,0.7565177213217026,0.8251150778446052,0.7428373811857083
06C5E77F317271A5B21E226962240E9CECAA20BB4DF5B73BBEE18511EE01C7CE,Z001023466926.pdf,F-D1F6DC156677842D2070,FACTURA,QR_ARCA_STRONG,2,0.7942413312727022,0.758902282684574,0.8360312406383774,0.7931140237236449
06F44D4A2E6F166F80269454C61462854CB02A1D7D136FAA54492E0630A88ABA,Z001023422175.pdf,F-FACD83D8B4281A05571A,FACTURA,QR_ARCA_STRONG,1,0.8589523795233805,0.8378954938304815,0.9032076719583728,0.699337304598872
06FAF6983BF7BBDCDCB270264CB68197C6D4C8EDA17F598D41B73C422360B1FD,Z001023320994.pdf,F-491E72C9A59BCFB7F91A,FACTURA,OCR_STRONG,3,0.7473521354796594,0.8009434655330594,0.8353026918061329,0.7265966980733475
072B001D7FDCB00B166EE67FDDEE8BE382F3BA7FB76113DE6F258CAC2DEDFF3E,Z001023466513.pdf,F-52A8D3E535639BC9066E,FACTURA,OCR_STRONG,2,0.7109547117473923,0.688461607497317,0.7721215879734471,0.694840755482541
0846CFEBEEDC318DCF892BDB073260F2B9D11DE1DBAD19523CC213629641A43C,Z001023349977.pdf,F-FACD83D8B4281A05571A,FACTURA,QR_ARCA_STRONG,1,0.8033137573848217,0.8318196104056415,0.874813512786506,0.6739908479259286
086C3868153984B80A9CF8E533AE3DD3D9A1E3AA0CC74EECF32A469E89112AFD,Z001023320981.pdf,F-FACD83D8B4281A05571A,FACTURA,QR_ARCA_STRONG,1,0.7912683659691339,0.7678542413016143,0.8383337915919978,0.7162445861970456
087EA4366E3106496DA6B0BC81253540CE32BCC41D32F4556B269A17734EA995,Z001023321000.pdf,F-463F5D66BCFC1B95B4F2,FACTURA,QR_ARCA_STRONG,3,0.8096012582310894,0.7689355390115244,0.858939186316621,0.7996464705738336
08D4415DD3DD5F35A1D0E2243FE7197C8894DC3F408F5C6241D2C12EA5EF3144,Z001023305669.pdf,F-463F5D66BCFC1B95B4F2,FACTURA,QR_ARCA_STRONG,3,0.745272275014002,0.7000130077807575,0.780992358453319,0.7154752680542014
08EEB31E5FEA01CB1869C83A1C0AC14004D08320B9D98369B045EAFB33798242,Z001023266223.pdf,F-EE08C7103D2458E54189,FACTURA,QR_ARCA_STRONG,0,0.849465618764994,0.6836735848430284,0.8527127130594534,0.7892257858731063
092FC946D76F08809B4F70D8392FAD226E023A06ADE2E2D83DB28C2843BED2F2,Z001023267334.pdf,F-EE08C7103D2458E54189,FACTURA,QR_ARCA_STRONG,0,0.8497871797888582,0.6908311072539988,0.8569224256597443,0.7819556464264333
0990D2942702442C2BAFC4B137B74346C4F7BEC3364E39EE95DACE83104DDD74,Z001023422277.pdf,F-239031FB24D11A1289E7,FACTURA,PDF_TEXT_STRONG,3,0.7848757853711402,0.8361808867968813,0.8736590644248597,0.7571447217113708
099CD04D4D313E7B125EE36BE7A592FAE24935F39860457A2663B17850A7A024,Z001023305711.pdf,F-463F5D66BCFC1B95B4F2,FACTURA,QR_ARCA_STRONG,3,0.7266963778838192,0.7021378225719764,0.7723276958623484,0.6937906213816447
09BA9B13C67BBB69B0C9194C5E68E80D92DE3F0D572EEB90223E1DFDA26B67E7,Z001023321062.pdf,F-78FBBC0583221AAC5789,FACTURA,QR_ARCA_STRONG,2,0.7294871165570219,0.6565934329140964,0.7690216368433018,0.7374689003835968
09CB14F715B5C41BB9EF57C4DB54A53397E380B9647D9DF3125089BF05529B3D,Z001023266243.pdf,F-77DF7B7AF18627AF7CC8,FACTURA,QR_ARCA_STRONG,2,0.8092874127561567,0.6885700358231412,0.8372762482495528,0.7934392709709764
09EA12AF37DBD01DE88FE904C33AE8D4A1774A3846F51D7C6A5F8C4B38EEC563,Z001023422338.pdf,F-FACD83D8B4281A05571A,FACTURA,QR_ARCA_STRONG,1,0.8485086055032144,0.8061913473246409,0.88600953487908,0.7341499739428281
09F5F33D7AF68E713FCEBDED31CFDA8867C3B5839C983013AC4F4A3B4C64EADA,Z001023242370.pdf,F-EE08C7103D2458E54189,FACTURA,QR_ARCA_STRONG,0,0.8575031811543483,0.7095043363436502,0.8640358406001695,0.8108908635368098
0A0BE06602247C93290462DF94D533A35AAAF17CD8935188A9804FC6F3805C73,Z001023336432.pdf,F-EE08C7103D2458E54189,FACTURA,QR_ARCA_STRONG,0,0.8389197354274592,0.6028566491594375,0.8135249575843028,0.7721438907225856
0AB443B8A71B5F8C9B777E07D78DD56EC3BBE75E0256202DD5FADA760E576D9E,Z001023467445.pdf,F-6F5CAF1E1AEEB43C5486,FACTURA,QR_ARCA_STRONG,2,0.7739153333475557,0.6948336748079542,0.8000643378275818,0.6983117723068749
0AFAE9C55C04A213F0388C634CABAEEA4C9A02686A7B1F8D6CAEF6585DCD3498,Z001023385697.pdf,F-6F5CAF1E1AEEB43C5486,FACTURA,QR_ARCA_STRONG,2,0.7874435204620291,0.7278981511671324,0.8202491236502827,0.7463253979126712
0B37339859B57A9C2AC42C87C0DF2B011049680AE88FE16FF6E3274F8C264E20,Z001023242331.pdf,F-EE08C7103D2458E54189,FACTURA,QR_ARCA_STRONG,0,0.8376262763224434,0.7009399494399022,0.8468660043130971,0.7692343123520189
0BCB4FA93CF649F724DA354451FE75CADFBA4E2BE6B7A32C41D4D5A40B6500B0,Z001023284545.pdf,F-463F5D66BCFC1B95B4F2,FACTURA,QR_ARCA_STRONG,3,0.7392191632620954,0.6641813788232257,0.762109380889102,0.7128517673521277
0BE39898903E624AD3D7957D864B44D6D84B895CE4C0B29042FB99AD5B6A2CFA,Z001023242558.pdf,F-6F5CAF1E1AEEB43C5486,FACTURA,QR_ARCA_STRONG,2,0.8424536950458408,0.8009323043529348,0.8850451469970215,0.7622717081495394
0D03C0C9105F3C3452B28F233E73D2389FECD8D0774EF2113973DCBAD9E3FA31,Z001023242371.pdf,F-EE08C7103D2458E54189,FACTURA,QR_ARCA_STRONG,0,0.8156520729307228,0.6492283023518973,0.8125523618950538,0.7447796314398845
0D70848C8EA89E4E7A023B53FAAC0A2C6BE60CA305D26DB1FB3C56B832D88199,Z001023321898.pdf,F-EE08C7103D2458E54189,FACTURA,QR_ARCA_STRONG,0,0.8548349975868649,0.7095225118770282,0.8647792996032823,0.7735315454029641
0DB5D3275144FC50576194C8BE14F91BC04EF15CB58334D123857D8A15200121,Z001023337691.pdf,F-EE08C7103D2458E54189,FACTURA,QR_ARCA_STRONG,0,0.3594444029155598,0.18207418905532793,0.2805526148776536,0.3922603303254663
0DBD0D5EFF4F30AACEF8C537FBAE56A22A835E1F94365D0505C57A282B504272,Z001023268089.pdf,F-A1CDEA5EA1B02B4F87C8,FACTURA,QR_ARCA_STRONG,2,0.764014307340903,0.7766300479190926,0.845464482928246,0.7787955923572429
0DDD4740926665B1F2CA1C85C2F251ECBDC8D72EA9155909898B72928455C029,Z001023242332.pdf,F-EE08C7103D2458E54189,FACTURA,QR_ARCA_STRONG,0,0.8406794660821254,0.7619004761890382,0.8708531624248683,0.7806933845590177
0DF43C24EE1C884E4D39EA52799AF8AC28734D207C295A02C543F7E84C2C5546,Z001023266865.pdf,F-EE08C7103D2458E54189,FACTURA,QR_ARCA_STRONG,0,0.8234604874285819,0.7151406024755383,0.8468210764395736,0.7788130433277658
0EA83AC8EB655DEA62FEAFEB9AA0E382503A8BAE3EE20782767D39071CB570D8,Z001023266214.pdf,F-73AB37D8D5F65AA437FE,FACTURA,OCR_STRONG,3,0.7793440421171148,0.6885988649067267,0.7963682585817241,0.7764231808006237
0EC7A08B7BBAC6CA90E6285FD8B309A999A6B529D7F2E7589C6DF6C18360817D,Z001023268106.pdf,F-FACD83D8B4281A05571A,FACTURA,QR_ARCA_STRONG,1,0.8322828183462334,0.7828126303528908,0.8722855372057426,0.7501497677725109
0F17FC399AEC8157D02B8E78678720A018C8ABE168EF482D47520D265F142E71,Z001023321405.pdf,F-FACD83D8B4281A05571A,FACTURA,QR_ARCA_STRONG,1,0.8121708916658676,0.7672116164346425,0.8529575147053322,0.7379317256981726
0FE177F6CD750D418803C35068F43884010AD341C152821186CE237C10EB4CA4,Z001023321160.pdf,F-EFBDDAECA8EF315C1DDB,FACTURA,QR_ARCA_STRONG,3,0.8319820796581607,0.7953173733773047,0.876093774406806,0.7878753710332317
1015512E6F7CD4C5A4FC33C2AF6C359994ED5197589848BA4C7E5CD9F1F956B6,Z001023283874.pdf,F-EE08C7103D2458E54189,FACTURA,QR_ARCA_STRONG,0,0.844767931815076,0.7081865484292948,0.855460677771137,0.7876615601228528
10191891313269319E0D3C05BAFEE13282C40FD6B8BE77F890B623E757032F66,Z001023466582.pdf,F-463F5D66BCFC1B95B4F2,FACTURA,QR_ARCA_STRONG,3,0.7321852715889855,0.6931454810749692,0.7709293719510336,0.7266058275383852
106447D8042022E7A7E537E2F456DA614B64B7F191C70E08B6E6C5335ED5C164,Z001023350340.pdf,F-DCC01CD6C3861C7E4C3E,FACTURA,OCR_STRONG,3,0.8047203653455584,0.7884587794721191,0.8624952434164094,0.7599387186030282
1070D74119877C31496D76A77F5B15F0608CB4054729C553008B3AC97A34E774,Z001023422289.pdf,F-3011CA8E0F20D09184FC,FACTURA,OCR_STRONG,2,0.7167454112960471,0.5863130076908241,0.7284146827657845,0.7483743857402435
10D1AFC979D966B39B92E799719AD44B93945894927B122A3BCE79C3126B9413,Z001023423311.pdf,F-22D8B0B2BC197D116017,OTRO_DOCUMENTO,QR_ARCA_STRONG,3,0.6030436681136103,0.6014697551323941,0.6295867664576001,0.6948977269131075
10E67A94D76020372663F84AB23B4EF053A69FEF47465E0EB3C8E0DDCAABACF9,Z001023366861.pdf,F-FACD83D8B4281A05571A,FACTURA,QR_ARCA_STRONG,1,0.6928779407470362,0.6682001663566761,0.7384808426329822,0.6009464947066901
1145C2EBBA8BCA114C2D4FC9C75D25C49023A274E91AA55BA25D3C6C9FF20DF8,Z001023267243.pdf,F-FACD83D8B4281A05571A,FACTURA,QR_ARCA_STRONG,1,0.8405173937618282,0.7996034604357812,0.8802278653957227,0.7535414789387266
1159CA6B7C557BD08C99E82E1CD56A2CC1FE32763083DA0FF63B4B9B8FC13188,Z001023305806.pdf,F-FACD83D8B4281A05571A,FACTURA,QR_ARCA_STRONG,1,0.8146971104235331,0.7655444725102807,0.8543572580104026,0.6808903881806736
11E13B5C2625E4A99DF02BA77E51E0FF80A412F0891560027A439C52B2E2F1DB,Z001023266866.pdf,F-EE08C7103D2458E54189,FACTURA,QR_ARCA_STRONG,0,0.8381519337504872,0.7022993457732625,0.8528371116409897,0.7645010919114983
123AAD179BE2ED44C1896B2F0972BA3A001D1258B084B8A1FE069BC1ACB1FF14,Z001023283866.pdf,F-4282D891EC4146496CC2,FACTURA,QR_ARCA_STRONG,3,0.8493286467891982,0.8087235795108545,0.8925709433187534,0.8321713443987608
123DEAB253005D37733D22992D564C0DD27E284E2FE7447FBFB662F5CABB4F78,Z001023266874.pdf,F-FACD83D8B4281A05571A,FACTURA,QR_ARCA_STRONG,1,0.8483084890275775,0.8027980973163635,0.8920595381297162,0.7499529931216932
1263E1D96CCC2DC62B7B63FA6BE11310C0BA2C6C480F0DD97CC90CBE48E713FA,Z001023306665.pdf,F-134A9F49858D4BF94062,FACTURA,OCR_STRONG,1,0.7810958025083178,0.7951362886351234,0.8595786954580326,0.7539381716552329
12A06FB638C41A396A7D0795E2B9EA77B86474B203529001B612EC9895E84BC7,Z001023410359.pdf,F-5213D0B5BE521925EA95,FACTURA,OCR_STRONG,2,0.6971598461223656,0.6722143551394835,0.7515043914682686,0.6678421306232544
14381C127DC5AC3853B4712213EAB4470DD2A21AEFD09D12626E70E430315305,Z001023242877.pdf,F-EE08C7103D2458E54189,FACTURA,QR_ARCA_STRONG,0,0.8570180331507642,0.7352429125788057,0.8743157154071952,0.8026698402809509
14888ABF52C795CD9248EFA6B5AD5883B0C2EDEE3B11EDC68A2B534DF582EA6C,Z001023266862.pdf,F-EE08C7103D2458E54189,FACTURA,QR_ARCA_STRONG,0,0.839674372055993,0.6972686626006122,0.8501328982430001,0.7873256833537057
14A75A878D1C46176EA9AB48865A6D723CE20D76A39D0BAAD77767EAD1EC2DD1,Z001023423283.pdf,F-2225E7482E0C1A2CF093,OTRO_DOCUMENTO,QR_ARCA_STRONG,2,0.5296680733527557,0.684098998497562,0.6103407389737447,0.6255593854138137
15017A95CAE592FF03AC85B9E98A3F558AC8C2B2382DE89708D086F963B8F662,Z001023320982.pdf,F-EE08C7103D2458E54189,FACTURA,QR_ARCA_STRONG,0,0.877686342945884,0.7924418069424567,0.9027826091570011,0.7989901709433228
152604FDE489F58F0995B33FDBFBEF849D1187861D9A30592C95908147F52349,Z001023349976.pdf,F-2225E7482E0C1A2CF093,OTRO_DOCUMENTO,QR_ARCA_STRONG,2,0.7222123701759556,0.8063451393451011,0.8035994448964657,0.7579056357647007
1559EC92CBDBE55D735EE7ACA8E52AEAD71C1C47C221CF45B68B936B4345C2A2,Z001023338074.pdf,F-FACD83D8B4281A05571A,FACTURA,QR_ARCA_STRONG,1,0.8589906982053314,0.8080143370464988,0.8930667836110163,0.7202877231345831
158A0B2372339DB5F964827887050C77E088ED0C654782778E7E3DF739CCF278,Z001023306234.pdf,F-FACD83D8B4281A05571A,FACTURA,QR_ARCA_STRONG,1,0.7643585695872697,0.7761302432573217,0.8286653847262578,0.695818266299016
15926288C19E4044088E6417ACB087ECBBE63143BD28306C232EE3218D138E82,Z001023321106.pdf,F-EE08C7103D2458E54189,FACTURA,QR_ARCA_STRONG,0,0.8452186877423896,0.7072020976464698,0.8584969081559398,0.7988044975533395
15969BD380B8D2DC22294AFDC4928DC42B0917483959608C7594E31E510491F3,Z001023350318.pdf,F-DCC01CD6C3861C7E4C3E,FACTURA,OCR_STRONG,3,0.8047203653455584,0.7889283298034387,0.8626740096310711,0.7590227632887572
15EE89386351047AD1C2D3173F2DF4FBDA0DE0D47542662362CCF47AEB41B838,Z001023265539.pdf,F-FACD83D8B4281A05571A,FACTURA,QR_ARCA_STRONG,1,0.8843914841589654,0.8529699371561181,0.9227704629208325,0.7681663278405219
160507D36E36A41452843EB5116EBE6860289D267FB2CEE2F49609A29C7BB91E,Z001023384921.pdf,F-EE08C7103D2458E54189,FACTURA,QR_ARCA_STRONG,0,0.8763444258264311,0.7193654864736985,0.8816080601481605,0.8010917964159984
166589FEDAA33D952D81A337E8B61F2BA518F0302A237C96E8E96DDD61F7A5B1,Z001023242296.pdf,F-FACD83D8B4281A05571A,OTRO_DOCUMENTO,QR_ARCA_STRONG,1,0.6364559762759391,0.7466178548229311,0.719232455723468,0.5318539774866374
167929F9016E97C2CCFE59A2730534C5CD51282608A17A4EF1F23FA5F94104D9,Z001023267215.pdf,F-463F5D66BCFC1B95B4F2,FACTURA,QR_ARCA_STRONG,3,0.8126028641790879,0.7458994217821018,0.842277494749248,0.801287942911605
167AC28EE4C9F156D7A730F3269118C5AD78B7F582E3FFC178BCB3FDB0A11DF7,Z001023366766.pdf,F-FACD83D8B4281A05571A,OTRO_DOCUMENTO,QR_ARCA_STRONG,1,0.5033269027186312,0.5013221823077233,0.5016288798640279,0.40384473577000607
168F8794C73214044C9A1C4597C96BD6D0C4199CC641416C3C64F8BF37098C0F,Z001023306786.pdf,F-239031FB24D11A1289E7,FACTURA,PDF_TEXT_STRONG,3,0.7780016163364675,0.838569441778018,0.8723420438029521,0.7427299495141347
169353E3142E56941120B753DAE9B0E5A3527AE78A7B064582040B1D7E98FB61,Z001023336306.pdf,F-6F5CAF1E1AEEB43C5486,FACTURA,QR_ARCA_STRONG,2,0.8642100866628638,0.777445350262049,0.8910816565016009,0.7806526490919293
16D63A67B2329B876A7EB150497C22D00A7FC6CA3C3D9F3D21BDEACB8FC493A8,Z001023366961.pdf,F-463F5D66BCFC1B95B4F2,FACTURA,QR_ARCA_STRONG,3,0.7905335540903258,0.7378495391656996,0.8241627592221231,0.7894857081547348
16E375C7BFC7DEA12A79C7383665C85A3E059F7F5A69AF0C52D3D4ACC27A9341,Z001023398681.pdf,F-463F5D66BCFC1B95B4F2,FACTURA,QR_ARCA_STRONG,3,0.7192720999580192,0.6965530521914001,0.7657833493311215,0.693836733240104
1755304EBD124B8B4E1309831FBEB3F6EE40934A39AC4CCF8C158A506F931EF1,Z001023283807.pdf,F-6F5CAF1E1AEEB43C5486,FACTURA,QR_ARCA_STRONG,2,0.8278209422062401,0.737440839607814,0.8551736064961079,0.7446840677905342
17645D40FA69A6828FBC913F3B3EAD8309B9DE2BA50E47598747209A0F923A62,Z001023423181.pdf,F-EE08C7103D2458E54189,FACTURA,QR_ARCA_STRONG,0,0.8590201428237012,0.7371977928484301,0.8702162588425996,0.8026009055743916
1774A5264220F2FF45E5BC66ABA462BACACE62D7E6CC8D8B4C325FF2953FA33C,Z001023320999.pdf,F-463F5D66BCFC1B95B4F2,FACTURA,QR_ARCA_STRONG,3,0.8248985869454528,0.7958707117528756,0.8740370842874701,0.8122457394888147
17E9AF6EB6B495BA29E56681857C9970D33D990CDB10C0387FE85C781AC7E0E2,Z001023305767.pdf,F-239031FB24D11A1289E7,FACTURA,PDF_TEXT_STRONG,3,0.8131085556216129,0.8362603531179137,0.8866386988412454,0.7551626280520708
17F70ACA0C08EBBB8F9BDC9AB4A180DF161AB6F073AA8057FC19989E0080C69F,Z001023398630.pdf,F-6F5CAF1E1AEEB43C5486,FACTURA,QR_ARCA_STRONG,2,0.8091930754084751,0.7446866285470983,0.8472680389900159,0.7568008208917337
180A072CF185D173A359A133EF852156206CE288B38F895772950BE3A2822433,Z001023397875.pdf,F-FACD83D8B4281A05571A,FACTURA,QR_ARCA_STRONG,1,0.8468770522456021,0.8110429378342239,0.8894676354961749,0.7617386122724603
1820FA6D0B1A53B7BC306CA2011505E75CD8FE8D39AEA06A5730CCE9E46FFB2A,Z001023284205.pdf,F-239031FB24D11A1289E7,FACTURA,PDF_TEXT_STRONG,3,0.8116446432220853,0.8398312066530046,0.8872983910089687,0.7398138657143678
18328B3DA1884B52C6326DF5F1BC3410181A90AC55A53F56FD8C6784C1210128,Z001023266209.pdf,F-EFE6E9C595B24436566B,FACTURA,PDF_TEXT_STRONG,3,0.7189543874492353,0.7774102909619781,0.811711203579711,0.663378885633378
1838C5E4581C360065CA938F288AFE4710F33C0DFF2B9D832801704DAD65E410,Z001023467588.pdf,F-EE08C7103D2458E54189,FACTURA,QR_ARCA_STRONG,0,0.8597487546165357,0.7172889780555481,0.8673434937428356,0.7937682099360394
183FAE302DC2004BF0E2C13EDF85A8E9D75E168D01D7313E31DA45794CE0428D,Z001023283873.pdf,F-4282D891EC4146496CC2,FACTURA,QR_ARCA_STRONG,3,0.8539025929469453,0.819159738131123,0.8994304794609086,0.838999965815847
18662EDEE4B4C711C1906E7CE4BE366A758A1188B97E161AF48336D6A3DBAE48,Z001023478148.pdf,F-EE08C7103D2458E54189,FACTURA,QR_ARCA_STRONG,0,0.842894151051845,0.7518637050903257,0.86935186578782,0.7802205836812559
1879A4B5E7DA36E01B0F9CAF23754C27B06EA092E21F7A347CF60B15776875ED,Z001023242403.pdf,F-EE08C7103D2458E54189,FACTURA,QR_ARCA_STRONG,0,0.8445308121692406,0.6840436539432306,0.8501206972752383,0.7778407666110093
18A2915116E554779056513F6E5C546608D7AE4ABBD5651F3A29EB14355EF1F7,Z001023306733.pdf,F-463F5D66BCFC1B95B4F2,FACTURA,OCR_STRONG,3,0.7249241907710587,0.7214045359039779,0.7802075664425694,0.7187596354802265
18F720B96A147A5AB163A7A9CF2973DD63B5BF1945AE004DF51831A085DBD07A,Z001023336305.pdf,F-463F5D66BCFC1B95B4F2,FACTURA,QR_ARCA_STRONG,3,0.8163818475700821,0.7284911958523563,0.837810552028369,0.8009935381742066
194F2DA87B4471D4F618FDAFBE7C074F5DB1BC27D67350BC9E865BDBEDECF437,Z001023454444.pdf,F-C04B37B1724168DE2084,FACTURA,QR_ARCA_STRONG,3,0.7523643793825018,0.7656281085384323,0.8264582875630063,0.7509586168997341
19E19AD1C279BECEB59406F9DEE7DA0FB14F0747F234EF55898B99CAD0866281,Z001023284289.pdf,F-8A2E5C33616E9AAE14BF,OTRO_DOCUMENTO,OCR_STRONG,3,0.5516961917166949,0.6799660589610013,0.6427739555602636,0.6015066472243173
1A336FF617D5A0C3A526B99A96FBAFD04444DB1284DF057F7A0963EF0F477489,Z001023305710.pdf,F-463F5D66BCFC1B95B4F2,FACTURA,QR_ARCA_STRONG,3,0.7034463003763022,0.6857541891996087,0.7486914479924789,0.6766397766607997
1A36A3CBE7FCC2D88B622D11158D47FC31F218354BA5CAD55E5F076338CD7FD6,Z001023242302.pdf,F-A4599E2724A776EE31BB,FACTURA,QR_ARCA_STRONG,0,0.9070146391038518,0.864486649968348,0.9370691579703961,0.8987895922021605
1A4F808049D1A37F4E6AB760DD7135F61503613DEB13BADD69E536FEA2FC6B9F,Z001023454592.pdf,F-19E3E2219E79C363F63F,FACTURA,QR_ARCA_STRONG,0,0.8205594524863628,0.675968708049542,0.8103181685132811,0.7892838262905612
1AE4FB903432A3B60DB3450D9487FFB226463AF51EC1BEC47448AC3F3C7B894F,Z001023350419.pdf,F-1A8F6C1739284F36B46F,FACTURA,QR_ARCA_STRONG,1,0.7652944889549714,0.7626961036553526,0.8227678440042976,0.6779860959898236
1AFE7750B1E03B7B6216CE4DD3DD72A572DD1127B8545E28AFE90DDD2CDC0579,Z001023336275.pdf,F-1A84B55E846D76A51EE3,FACTURA,OCR_STRONG,3,0.7405131589412587,0.7380205617766223,0.7956233027337615,0.7758023504601061
1C046CF254BA1E8E323C11493B60FE53712CC1B84EFF61DE83864A7D0C4355D1,Z001023284033.pdf,F-FACD83D8B4281A05571A,FACTURA,QR_ARCA_STRONG,1,0.8375286603715298,0.8281179003704392,0.8928984409069233,0.6741764914028291
1C2730D7EA45CB80447C59154F701641B68B2CE8C31909BCBDA0D31555D6AF2D,Z001023350219.pdf,F-DCC01CD6C3861C7E4C3E,FACTURA,OCR_STRONG,3,0.8047203653455584,0.7875513075469235,0.8621580616415634,0.7581378881023819
1C4CB37EA5BD22F3F1F6316807DB3DCFA62F5E64CC4D63DE1B43A9ECB5F78C30,Z001023267335.pdf,F-847ED9FB103AD022E208,FACTURA,PDF_TEXT_STRONG,2,0.7210327785988927,0.6393199573766817,0.7398173357655025,0.6122920001891023
1C4DB25AAC0A169B26D121DF0992AB546E8D487A74FD1E45FDEF3490F3708601,Z001023243325.pdf,F-64920D3701B1A613ABDC,OTRO_DOCUMENTO,EXISTING_GROUND_TRUTH,3,0.7708438775679933,0.668411742478684,0.7888781147006497,0.7683761122316026
1C8A8808678EDA0EE2B05BB8A61144E4290EE9E18251346BBD2683F09C7D888B,Z001023242962.pdf,F-EE08C7103D2458E54189,FACTURA,QR_ARCA_STRONG,0,0.8677007809274934,0.7416875380136305,0.8810166010864918,0.8027162347100162
1DA9864804DCE41CA146730F9EB0523D3ADD3030E9014CAA057097A2EA07C711,Z001023422321.pdf,F-FACD83D8B4281A05571A,FACTURA,QR_ARCA_STRONG,1,0.8196174926923364,0.8118149541217117,0.8754628769565327,0.7286880041296306
1DBAC85FD76DFB51E641F429E17BBA22563A0F38D8362D27B66EB5322644AAE6,Z001023397971.pdf,F-FACD83D8B4281A05571A,FACTURA,QR_ARCA_STRONG,1,0.845061467377833,0.82791983704549,0.8942117003427125,0.7178383140190266
1DC499A08B5A4C8EB40237A78633ACD98DF16FB8437876D106B4265CC4451588,Z001023266252.pdf,F-EE08C7103D2458E54189,FACTURA,QR_ARCA_STRONG,0,0.879045020567342,0.7334816646262949,0.8889877312162494,0.8147854015076819
1DE3D57C29CD74BE3B52809E07F5687161ED4F785B56045F8B4F677FDFD93DDA,Z001023384922.pdf,F-FACD83D8B4281A05571A,FACTURA,QR_ARCA_STRONG,1,0.6521674495515811,0.5502184861292675,0.645939030794735,0.5453187887219875
1E017419E073DE02B948D0FF0A3422759D77C393D6A5BC26E76BD8404C0104B5,Z001023337681.pdf,F-FACD83D8B4281A05571A,FACTURA,QR_ARCA_STRONG,1,0.7951181488114522,0.7232153746817807,0.8215648572625771,0.7384899323127316
1E9F93E9439263AB091E1FCFA2C61AE17A3F0F1AA79A93DF4A5306624A24BEBC,Z001023243457.pdf,F-EE08C7103D2458E54189,FACTURA,QR_ARCA_STRONG,0,0.8649740008546908,0.731680489061716,0.8780850197837692,0.8078383417221059
1ED366B383A3896CFEB2405CE4CAC87D9D060DC3080F784F47BED59A1054A232,Z001023454613.pdf,F-463F5D66BCFC1B95B4F2,FACTURA,QR_ARCA_STRONG,3,0.7858008472902832,0.7686995377998381,0.847602531872103,0.8019653613806034
1F174E86620ADDAB1691ADA0E9A283270D292E6AED4C4B923DDAFE19769D07EB,Z001023306029.pdf,F-FACD83D8B4281A05571A,FACTURA,QR_ARCA_STRONG,1,0.7175637503839006,0.6771611631326357,0.7581967355600979,0.6328398022496945
1F6BE1B36C93128E6A23A08F969662219FCDD157D6A9C688764E6E854930C6F1,Z001023267210.pdf,F-C4EFEA98CD9D9490E678,FACTURA,OCR_STRONG,2,0.6416971688474127,0.6334350241734915,0.6991556594643554,0.7016082393964143
1F74158A70E303CD4219E3F0A4C0F0EE744292D6CD4C7585ECB69924A9CF7E6A,Z001023351276.pdf,F-EE08C7103D2458E54189,FACTURA,QR_ARCA_STRONG,0,0.8478551313327978,0.6807967559291854,0.8482946221467276,0.7826454790210398
1F8ED7AFA5B9414E174104C2C5ADF13AF964A27329A26B561987EB073FC3BC7C,Z001023283788.pdf,F-FACD83D8B4281A05571A,FACTURA,QR_ARCA_STRONG,1,0.779118968073057,0.7141678862836207,0.8132353200802205,0.7026582404990889
1FA268A606D2E0D0B5DB2C3EB7C264ABB81A4FF68EA607482BCE2826A3488D9F,Z001023305712.pdf,F-239031FB24D11A1289E7,FACTURA,PDF_TEXT_STRONG,3,0.8004174825660765,0.8394132875547405,0.8818873151375987,0.7448841111431036
1FE5EE8327E145829C17BEDC6ED8E4BE89C6EF299984C6A454FC15B2245B7981,Z001023283744.pdf,F-EE08C7103D2458E54189,FACTURA,QR_ARCA_STRONG,0,0.8798184210656694,0.7334183893457062,0.8901542557545286,0.8102238381573125
201C2EF248B3E04F47F214E95A8360183B42A01E5B635FEAA9E07529A8C328CD,Z001023466675.pdf,F-FACD83D8B4281A05571A,OTRO_DOCUMENTO,QR_ARCA_STRONG,1,0.49291247635105323,0.5147844408135901,0.5038931282262686,0.39740417150898294
21260D1DEB9F5FC490513022E1FD91F7B583EE94863480B42371917D5BADB457,Z001023242803.pdf,F-EE08C7103D2458E54189,FACTURA,QR_ARCA_STRONG,0,0.8385067018637262,0.6923181226898666,0.8482074583327368,0.788664333336595
21424818179A111E4F71916FCD9A48976FE5ED7F1432854A6F2347653C38D8BE,Z001023284195.pdf,F-239031FB24D11A1289E7,FACTURA,PDF_TEXT_STRONG,3,0.8116446432220853,0.8414227060051229,0.8880655120575159,0.767746595989192
21438B9765F499855432F21148F956C714AAA9C79EDA7413564EEE9455850671,Z001023243397.pdf,F-6F5CAF1E1AEEB43C5486,FACTURA,QR_ARCA_STRONG,2,0.7963334376100084,0.744326795193773,0.8350070228747964,0.7370850583317932
2154FD617AF13243DB7B586CCBA7EF469689877C9BAA53B0F84ED403E793BC99,Z001023422117.pdf,F-463F5D66BCFC1B95B4F2,FACTURA,QR_ARCA_STRONG,3,0.8001599049125859,0.7413625414466705,0.8352289188060548,0.7920324853092449
21A743EACDBE34D280CB667E66C018F678D52E114A99BD11D529122144C44BA4,Z001023321067.pdf,F-F9F97E5234AB53CA8EDD,FACTURA,OCR_STRONG,2,0.7434066758312674,0.7340932364752609,0.8059224498287529,0.7699370100501977
21FA95E0441B94EC1CA8C6B2756C6170EA9D9D18C5A192D2619FDAD6992514CB,Z001023349831.pdf,F-EDBFE59229E8571451DD,FACTURA,QR_ARCA_STRONG,2,0.730868830505884,0.7664134848647995,0.8207407325202792,0.7111098922905117
220DD10F950D9C9E128FED4EC3B946CF309DBADDC624CC54ABD925F59E1A81BC,Z001023321407.pdf,F-779475FE3B614A1E04BC,FACTURA,PDF_TEXT_STRONG,3,0.7778007967275647,0.7659393214336447,0.832970988552604,0.7706238512633033
225886580C85D6E9291E33F31E663C265C372BE9B6DFF5D4C18D41160FBBE122,Z001023351257.pdf,F-EE6C10CFFB7B6C49E434,OTRO_DOCUMENTO,QR_ARCA_STRONG,0,0.3221295258548476,0.3687218558005025,0.26240746712398316,0.4491461830439085
22672F8A78F1673F9C86E8AF6C0F74C68CE69F6A47D30B59631ADDF0538252D0,Z001023266857.pdf,F-127BD2FBDD2CC031C0FE,FACTURA,QR_ARCA_STRONG,2,0.9326080482627167,0.8610912824927643,0.9443006638531244,0.9132880371426099
22E69D2F00D6232ED552D42A07BCBA93D825967D3875DEEF8648F80EBE48E36E,Z001023398886.pdf,F-FACD83D8B4281A05571A,FACTURA,QR_ARCA_STRONG,1,0.7769359882813034,0.7424373431458843,0.8191366069705475,0.6619141236644626
2359686156391AC697F0FACF0BC28C4A3B58BF780D9DF464022B6629A5418D41,Z001023320992.pdf,F-463F5D66BCFC1B95B4F2,FACTURA,OCR_STRONG,3,0.7610776941817406,0.8251367610697476,0.8581465051479625,0.7662784504428217
24508D57D9D2FE1CF19E71BF862D1C297C3B233C58E91B1FBCA2A8AB5AA2867E,Z001023267406.pdf,F-EE08C7103D2458E54189,FACTURA,QR_ARCA_STRONG,0,0.8554427149692384,0.7063719621586071,0.8635280151197677,0.7915994453754738
2537FDF817D544D0E6993F9039C282B601828BF4030072FE60AA952C6CEBC923,Z001023267412.pdf,F-EE08C7103D2458E54189,FACTURA,QR_ARCA_STRONG,0,0.8359427029250628,0.7145326756271858,0.852069195025433,0.7885511232218427
25906BA449000FDC416BE77ADE177F67876EE90F96C8DA7EAF7532B3DE978549,Z001023243399.pdf,F-127BD2FBDD2CC031C0FE,FACTURA,QR_ARCA_STRONG,2,0.9061063229027787,0.8394520456483925,0.9252800641292797,0.9025957334806659
2605B5CBE1D16F569A4744664A6098F9F1A9ADF3328747D2D99F36E44E6407EE,Z001023350339.pdf,F-DCC01CD6C3861C7E4C3E,FACTURA,OCR_STRONG,3,0.8047203653455584,0.7871211237151373,0.8618079561237549,0.7609960760237056
263D415F6C5CCB5E35FCFF9F2EF41B20D3D9D37D6BB52D156229BC10E818CD63,Z001023266941.pdf,F-FACD83D8B4281A05571A,FACTURA,QR_ARCA_STRONG,1,0.8472930326381383,0.8003687056589773,0.8877164858842805,0.7524305841118001
263DEF4CEBFD41025BF8C60D814D6D9533131D244D35E3D23C08BBE8917C9BD9,Z001023305709.pdf,F-463F5D66BCFC1B95B4F2,FACTURA,QR_ARCA_STRONG,3,0.7448620643605705,0.7095749497513529,0.7854981066348988,0.7164766468072405
268E9CF0A794A2450E7EFF249D3AD2594B21A19EC5462DA31C99A736388B63C2,Z001023266240.pdf,F-FACD83D8B4281A05571A,FACTURA,QR_ARCA_STRONG,1,0.8582173924044859,0.8159714239754283,0.8985803103203551,0.7325798057360271
26EA4A2318A2CA163F0725B8551C9F4CFE6E45EA6578CACC90BC64C6575AF63B,Z001023385178.pdf,F-463F5D66BCFC1B95B4F2,FACTURA,QR_ARCA_STRONG,3,0.7572413992647813,0.7559384771831813,0.8205004165067029,0.7733004852690152
2734FF67060B9027FEB9BA327ADC516562FB5B1CF2D145050C6130AFE3D80CD5,Z001023306104.pdf,F-6B5DF25739C20B353A70,FACTURA,OCR_STRONG,3,0.764964234694968,0.7283598720454142,0.8120866671972254,0.7556262714922505
2787E009D455BB9349B6DAE6AD30482AE9F045E858EA0D1A1CC922A6E5144B79,Z001023267144.pdf,F-C4EFEA98CD9D9490E678,FACTURA,OCR_STRONG,2,0.6416971688474127,0.6347021325018501,0.6997440057794548,0.7016082393964143
27BC4B18F491209F599B195B0ABC49F006BFC50896F0790871B4164089202C88,Z001023267236.pdf,F-FACD83D8B4281A05571A,FACTURA,QR_ARCA_STRONG,1,0.8205537818921538,0.8278972863990919,0.8813238084236383,0.7455077313415833
27FF656A5A70E8C1A2AF544748A8FEEB1F9D764E38EE1B20DEFCF5A88675DBB2,Z001023320987.pdf,F-BD443D8161F24BFCB109,FACTURA,PDF_TEXT_STRONG,3,0.8457176158763093,0.7718928140936776,0.8769994657119357,0.6908558121083918
283DD750150A80FD78B56DFD05BD0CF320ED7EE5AFE628DC3A273F00642CECD5,Z001023409587.pdf,F-463F5D66BCFC1B95B4F2,FACTURA,QR_ARCA_STRONG,3,0.744401986898571,0.7052221062766649,0.7861295172604794,0.7091245598205098
28F92D6F8C69A983FC3129BC8443C5E475F94DFB173AF74A3BF5F08D957F5B0D,Z001023435847.pdf,F-832328D5B6CC43C2F3DC,FACTURA,PDF_TEXT_STRONG,3,0.7491734416285614,0.7348742382468907,0.8072601536413759,0.7502114147586536
28FCC8808B0DEE25A850B6F4C5063E17FB94B3CB194917E84422E9F2A8C111A5,Z001023243169.pdf,F-F005EBB69A8DFBD56F0B,OTRO_DOCUMENTO,EXISTING_GROUND_TRUTH,3,0.6165369104548759,0.6048404814593242,0.6352088397300546,0.6425020548410899
29C2F82AE52AB4771D5C4F02A6C04F9336214832AD7F90907EEA3FC074BA9648,Z001023305791.pdf,F-EE08C7103D2458E54189,FACTURA,QR_ARCA_STRONG,0,0.8561458277805657,0.6961626295233907,0.8589660005691958,0.7893557257174854
2A31131A45E5376D4DFD42FF9877AC6093EBD62ABF0B6791591EDD8AB1658A7D,Z001023350217.pdf,F-DCC01CD6C3861C7E4C3E,FACTURA,OCR_STRONG,3,0.8047203653455584,0.7885285048607171,0.8625533400397687,0.7699156943613973
2AB39536303132A97CD1C0CC132118D01E08A560594A6E39D2FBAD019CCA88B8,Z001023422110.pdf,F-EE08C7103D2458E54189,FACTURA,QR_ARCA_STRONG,0,0.7967399091093045,0.7410682309496829,0.8344181981758746,0.7511993026004515
2AD909C6F5BC9106E0C189FB9B3FBD110F046A61DAD56FF8DB8A50C7655E2F78,Z001023305872.pdf,F-FACD83D8B4281A05571A,FACTURA,QR_ARCA_STRONG,1,0.7175637503839006,0.6777201497131894,0.7585095447227754,0.6340214046360494
2B7B4A103183D9CE12C1E4633A50995F03B0E8565D49ED8EFAB97C764BC69FD2,Z001023410722.pdf,F-FACD83D8B4281A05571A,FACTURA,QR_ARCA_STRONG,1,0.8283645576536719,0.794772520610213,0.8732881987276684,0.7048753082081187
2CA14FED2FAD395EFD4983F8070DF27AF17788C817D750BBE547E27F9DB493B7,Z001023321312.pdf,F-463F5D66BCFC1B95B4F2,FACTURA,PDF_TEXT_STRONG,3,0.7892714408029238,0.7496224259556019,0.835706311996482,0.7834492369388802
2CA999327575D864D33380273D2641121C3430B06EBEB1396C57028AD278AEC0,Z001023243423.pdf,F-6F5CAF1E1AEEB43C5486,FACTURA,QR_ARCA_STRONG,2,0.8311854196274997,0.7243022564739475,0.8514194502550669,0.7557616267885257
2D43B3648B73EFBB36772933B8ED7CE0CD779C0945E776A136EC6123FA5D5551,Z001023243329.pdf,F-D86CE4CD0C9D0468E43A,FACTURA,EXISTING_GROUND_TRUTH,3,0.7854065361369865,0.7823216667060312,0.8482613843326356,0.7917336927436985
2DE59A9D326B610580C5CD2FD4DB06C2676F42330654893AE8C8450A6D4D4A34,Z001023242964.pdf,F-EE08C7103D2458E54189,FACTURA,QR_ARCA_STRONG,0,0.8577897463954922,0.7399194341752943,0.8721022254811651,0.8035985162598117
2DF94A5C2384FC7A97229E0EE33C8F5F95234472102492A6EE49DCB9C7277EFF,Z001023467604.pdf,F-463F5D66BCFC1B95B4F2,FACTURA,OCR_STRONG,3,0.6860904760176229,0.6043514958571661,0.7064984895507428,0.6864661517060228
2E23F651392097BF6177E1CBC5D2B43D4B848A229CDD80E9B8413254E95D51D8,Z001023435317.pdf,F-463F5D66BCFC1B95B4F2,FACTURA,OCR_STRONG,3,0.8094358440515136,0.7032355142613651,0.8292148762756676,0.8221577509768629
2E2889EBA992FF88C5260B76B01933BFBA0AA678BD94B8970181748B220ED2C5,Z001023266226.pdf,F-463F5D66BCFC1B95B4F2,FACTURA,QR_ARCA_STRONG,3,0.7664846242734652,0.7604335690113556,0.8210271314009983,0.7731423904445346
2EBA9E927332389040BDBA4B0A91EC59DA9560B07AF7CB00BC347FBBD287B237,Z001023385177.pdf,F-3BA8B67ACD3C697FA8AD,FACTURA,PDF_TEXT_STRONG,2,0.7123776544144863,0.6533973273255123,0.7436129092743261,0.7343820407159951
2EC76160DBDDCC45143BCA711E6203A7CB1D3F4A5AAED7C76887E33703D671DD,Z001023423296.pdf,F-12600531E9602D88F9A3,FACTURA,QR_ARCA_STRONG,1,0.6703393555038171,0.6546799761163024,0.723030933325553,0.7171058771781622
2F1D5E06F79A2F76079B037BAE6E3568CA2A2D1D4067A73E128B063D1695C71F,Z001023242375.pdf,F-EE08C7103D2458E54189,FACTURA,QR_ARCA_STRONG,0,0.8046544960839953,0.5706977392608104,0.78059874323381,0.7372294324563184
2F28BF7EEF81639D75865B6F87CE66B0AA5E32F6473BF17B64027539D3EC98A4,Z001023337304.pdf,F-8284161832BF5D9F0F2E,FACTURA,OCR_STRONG,0,0.6263052373143801,0.6304442660351764,0.6657896795431779,0.71449094479751
2FCC1BD1A06E86082D591E36E506D1FA40D760EFC1B21FE4C217B4E322C6C14A,Z001023242334.pdf,F-EE08C7103D2458E54189,FACTURA,QR_ARCA_STRONG,0,0.7191716565922562,0.5465699551360107,0.6911575036166855,0.6522090535871758
3031035EFEF15605525E170DDD8F26344AE93413637DB2E3C70563167DA90FE0,Z001023266218.pdf,F-73AB37D8D5F65AA437FE,FACTURA,OCR_STRONG,3,0.7793440421171148,0.6906235252856788,0.7969950153907627,0.7764231808006237
305D8D5FCDD8153B4D7860ABD3DA30A0DEEB2A5FE84A9E26D4CD34F6D700C59D,Z001023305801.pdf,F-2225E7482E0C1A2CF093,OTRO_DOCUMENTO,QR_ARCA_STRONG,2,0.7071527957189527,0.7533792475346488,0.7592025505764004,0.7492889294558789
3076FFDD9F418AFDD5B31CC18B36AE05E9490A0F72498EE2BFBCD31D7E64BFA2,Z001023338059.pdf,F-8FB0C271F20EAB3092AA,FACTURA,QR_ARCA_STRONG,3,0.7667054474397448,0.717170071776319,0.8135053556002506,0.7488761484536769
3092DDF93D9023B2543787913A5DDCC17FC96A0ED1BF136611598370CF62B700,Z001023397600.pdf,F-6F5CAF1E1AEEB43C5486,FACTURA,QR_ARCA_STRONG,2,0.7977427226055867,0.6989064132838069,0.8189670778849074,0.7238385208362692
31371F0EA09BFB13ECAECD39B9C36CF70E4662CB0E31F2ABE26B8E74402003F5,Z001023242951.pdf,F-86BE3E411093F2089A3D,OTRO_DOCUMENTO,EXISTING_GROUND_TRUTH,0,0.5765712579089888,0.6117944040437653,0.6104413737561987,0.6535015252167397
31DE1A416B6D580B5D1165E5D6C5C466715632F4D72D78BC2E8810AB73DE5B28,Z001023350943.pdf,F-A69FDECE53AB69CF1845,FACTURA,QR_ARCA_STRONG,2,0.7164510973278944,0.7170950918375812,0.7893555749583403,0.7191839581999894
322C40B36550B0F7D0049DA637513996B1C31F8F06C0B448E9EC872F4E972F4B,Z001023243737.pdf,F-2225E7482E0C1A2CF093,OTRO_DOCUMENTO,QR_ARCA_STRONG,2,0.5897842511545962,0.7410358154743024,0.6836519521910576,0.5941936323208493
333380C9957CC6E9E6EFC42F22BF224DEA5755070076AA639597896B6E673B17,Z001023454949.pdf,F-FACD83D8B4281A05571A,FACTURA,QR_ARCA_STRONG,1,0.8688919156602343,0.8113152704426381,0.8996139411952296,0.7590925952456151
335AC770519EAE163C5134E2EA131117E2C33595801C0E539D09D931C4DA240B,Z001023242354.pdf,F-844F46097516D7BF05C2,FACTURA,QR_ARCA_STRONG,2,0.7806817427695363,0.7510579240602239,0.8387433746931553,0.7704517863288417
33B95FDA5CDFC4BE5204888C87AB45239DEC0AC1ACB2370964305CE0F768245E,Z001023243395.pdf,F-127BD2FBDD2CC031C0FE,FACTURA,QR_ARCA_STRONG,2,0.8921718081061883,0.853957440586737,0.9204146754749543,0.9099353113384769
33D3388971240E38AD8A89602AF4B8B11EBBC2272E6FDAAE1E437F7FE7260AAE,Z001023466188.pdf,F-FACD83D8B4281A05571A,FACTURA,QR_ARCA_STRONG,1,0.8022587678069578,0.8089317625486421,0.8652411731313172,0.6891672614421029
340AB65A0BFC66875EFA6C40EA968ED8EBF7B7E2A131262BAA9E97DFC5959B4D,Z001023398412.pdf,F-D591D778E05641FBA116,FACTURA,QR_ARCA_STRONG,2,0.8030661625388682,0.7773607287525982,0.8563420942751799,0.7061619128367169
3448DCF88F6900E8366CA08BF8BAA0692AD6BEF3F82076ADD95F8FE4947A4B0F,Z001023455692.pdf,F-6F5CAF1E1AEEB43C5486,FACTURA,QR_ARCA_STRONG,2,0.8204569957023591,0.7213313627725981,0.835721570353721,0.7535106011896624
34E7190B10DE1060A821BA5B262D16CF469116C53FAA10A487AE71EDA02DE220,Z001023243373.pdf,F-CD94A06EDDC7590F7145,FACTURA,EXISTING_GROUND_TRUTH,2,0.6804140107351169,0.6141470638269295,0.7150837941803999,0.5359670420776736
350F46F213C2653AB83900D15401209105B5455FBAB65315DC8B591F08CE62F2,Z001023410663.pdf,F-319491FEEAF6386D99BD,OTRO_DOCUMENTO,QR_ARCA_STRONG,0,0.8678000273600819,0.8352641898979279,0.9094337204039527,0.8585153438057997
352F66BC7CF9951C2F9DE69F925334DF9B874980F691D7F45A7C24936BFE7846,Z001023283787.pdf,F-FACD83D8B4281A05571A,FACTURA,QR_ARCA_STRONG,1,0.7888579165557199,0.726227576654913,0.8245039756692568,0.7051419737730609
35709A9FA1B5566E20EBF278560F71587E0A106C380B5A0F94F2EE91C79F8222,Z001023422472.pdf,F-DC0A2053B5A530D4C5EF,FACTURA,QR_ARCA_STRONG,3,0.885494132160122,0.8025757343647163,0.906117196495869,0.8729388523740176
3587E6AB03170DE4C4D020438261A603650DFBE85C168F60E09D5A73ECF0F860,Z001023321110.pdf,F-EE08C7103D2458E54189,FACTURA,QR_ARCA_STRONG,0,0.8582418838379913,0.7184762272343621,0.8664591758344443,0.7711589734248092
35C4773BC9C8FC1DC8FA1507AFA0AEB06432146BB6BB557477A44D04C123B6E5,Z001023243442.pdf,F-6F5CAF1E1AEEB43C5486,FACTURA,QR_ARCA_STRONG,2,0.8805490967851998,0.80498707624048,0.9075874200729713,0.7767473513226142
365F308C8134893FC72DF386F207A96FDD371F37EC3055A5CF23B5198C24A70B,Z001023243750.pdf,F-FACD83D8B4281A05571A,FACTURA,QR_ARCA_STRONG,1,0.765459580198362,0.7218284368152331,0.8079027400507708,0.6967111387562616
36FC5A7B06DEF71BCE1C253544E436268CDF471309A124CAAFA87525DC567967,Z001023306655.pdf,F-EE08C7103D2458E54189,FACTURA,QR_ARCA_STRONG,0,0.8369507236420943,0.7161227301813432,0.8477783654365293,0.7930649747634401
372A1456ECBF9BE8FC3E552C09E78AE5217E9A0082972A7743403C6619C5A16C,Z001023321175.pdf,F-99F7A3F5F30B759FC1BA,OTRO_DOCUMENTO,OCR_STRONG,3,0.693014182661317,0.6325041447559351,0.7168501432363634,0.6309266165894867
37346AA5BE6C72C4AC91E827A627194B4DE69914C851502B5823969191488907,Z001023266920.pdf,F-EE08C7103D2458E54189,FACTURA,QR_ARCA_STRONG,0,0.8482097620926174,0.7385064713450028,0.8708051689473765,0.7931268221112833
3765EF04A08EF343D7BA682872B73AB2DCF411C869827A9BD7424C24F97843AD,Z001023243387.pdf,F-6F5CAF1E1AEEB43C5486,FACTURA,QR_ARCA_STRONG,2,0.8339172101179986,0.7538503482982056,0.8651108188659881,0.739446956696126
37A6D0A94246F3409B849117E8EBB1FB5C8C646076FAB878C3986C916D78CA50,Z001023305800.pdf,F-EE08C7103D2458E54189,FACTURA,QR_ARCA_STRONG,0,0.737860839879354,0.5297690347765612,0.7052928989791246,0.6615568647884156
37B68E63F23B331B7585BD74DD85DD8ABF5122A348AA2F7F0EF539B332FFC54F,Z001023321412.pdf,F-A69FDECE53AB69CF1845,FACTURA,QR_ARCA_STRONG,2,0.7164340335803687,0.7226120625464056,0.7908229566433002,0.719617686353536
3824396E5D8165E597CA9EE48CA3FEA3B3B4C431CAC43BF725CB3BCFD5F5CFAF,Z001023410433.pdf,F-EFE6E9C595B24436566B,FACTURA,PDF_TEXT_STRONG,3,0.709755631226419,0.7884369917550161,0.8136855257855903,0.6790335739309448
382662294B57C459DB9F1231FE0503A77176D130F8EA1BFB709132C3115F1A49,Z001023243380.pdf,F-319491FEEAF6386D99BD,OTRO_DOCUMENTO,EXISTING_GROUND_TRUTH,0,0.8669830515988739,0.8490350176784218,0.9131637633844716,0.8780161756318852
3834409B59C9A290C26E9267C39A01D27D92856349DB019AB59C7BCAFDA3B75C,Z001023422112.pdf,F-FACD83D8B4281A05571A,FACTURA,QR_ARCA_STRONG,1,0.7677024165678109,0.75406207043042,0.8253001705917122,0.6690633129610764
383DE8754A9EBB07BD9EB72DB9800FFB5803C8E11BFB3BC0AAEB9C79AE193FD8,Z001023351330.pdf,F-463F5D66BCFC1B95B4F2,FACTURA,QR_ARCA_STRONG,3,0.8117197289445229,0.7373983195799005,0.8391636747165537,0.7965132193922824
3959DC8DDC555027B604CAB5E54E1D05BE4D0005114FC1D9D1A12DF5024BE8FA,Z001023242875.pdf,F-EE08C7103D2458E54189,FACTURA,QR_ARCA_STRONG,0,0.8246646777775735,0.7012164360383871,0.8399998977847933,0.7916431827622284
39882040989893FF1C7A809346D4085D7C4150C416ED632837EFB63E8EF1280C,Z001023338086.pdf,F-463F5D66BCFC1B95B4F2,FACTURA,QR_ARCA_STRONG,3,0.7824642514760598,0.7496873880689675,0.8275526465379783,0.7814633941017949
39ED10D1A77B4EB055838E4EC66003D7D4699C8708F0BF4C13A5FBB1AB0F122A,Z001023385279.pdf,F-35CE05482AADE1B2B731,FACTURA,PDF_TEXT_STRONG,0,0.8423284585137335,0.8668777183258009,0.9061098647057437,0.8227290465280899
39F2792EB6ADB7A6A42E6D59FB9CF99DC6F5782A4E2CB744BB0A4DDAEB38AF34,Z001023268127.pdf,F-2721D67ECCF8E868E314,FACTURA,QR_ARCA_STRONG,3,0.6853683377325663,0.6056540035496352,0.6920087558926106,0.7664413438634439
3A147E84D72EF85CE47639B6899772447FB32853AD73E6A2F0CC1740A4A50A77,Z001023321169.pdf,F-A92847205E3BBB99A982,FACTURA,QR_ARCA_STRONG,0,0.8381140697612605,0.8447609793887088,0.8929711706199235,0.8551995780109515
3A35BCF0925F1C86CC9EB96CBFEE45AA41D851EF05409D6911769B904C4687EA,Z001023386053.pdf,F-6F5CAF1E1AEEB43C5486,FACTURA,QR_ARCA_STRONG,2,0.824309003096188,0.7261112143753417,0.847540878826762,0.7333321290669835
3A65FD65E95627B0F05FE79FE51B07B46933815E46446CF07C38DB21EBAB9D32,Z001023467520.pdf,F-D8C324C174874BEB5368,FACTURA,OCR_STRONG,0,0.7565818884417992,0.787843661740888,0.8170455959261355,0.782049257641159
3AFB2CE63233BD208F616BCA0151C49963AEBE6E6790383E5EDDE99C80320D70,Z001023467449.pdf,F-6F5CAF1E1AEEB43C5486,FACTURA,QR_ARCA_STRONG,2,0.8134432571203436,0.6896060408806276,0.8230186329894041,0.722788085316653
3B09513F4698AB526157E3D33D6A791550FE255BF5C0DF6E5571073411B71FEA,Z001023306230.pdf,F-6F5CAF1E1AEEB43C5486,FACTURA,QR_ARCA_STRONG,2,0.7978835161665037,0.740132638810745,0.8308270642284992,0.7222299865392295
3B3B2B7D2CD031EE37963465FA692B212B53D70F89D1BF8E20ACA17B0730AC3C,Z001023267411.pdf,F-EE08C7103D2458E54189,FACTURA,QR_ARCA_STRONG,0,0.8595574597596648,0.7179295880202444,0.8674489436849739,0.7968237473418881
3B53A04C13E5943D49C91233DD964AC2F017008C05D24D029268E5512BE9386E,Z001023386152.pdf,F-127BD2FBDD2CC031C0FE,FACTURA,QR_ARCA_STRONG,2,0.8930601573875037,0.8223524145895236,0.910415709125603,0.898503483287588
3B65E6820366B3DBEB321D2413EE1065ED029B71CE30AB20093BAA8A2659EF02,Z001023386125.pdf,F-EE08C7103D2458E54189,FACTURA,QR_ARCA_STRONG,0,0.7938896881902637,0.6761816731254197,0.8112235159828511,0.7704301724419471
3B82523C9A34012625F167EC918A7783E68F2BB4FA49BBDEED22E45066038496,Z001023351277.pdf,F-A69FDECE53AB69CF1845,FACTURA,QR_ARCA_STRONG,2,0.7101124642163102,0.6899210058790306,0.7740397830542827,0.703932494096475
3B860B6593D1AEBC8F03506526A6AE696D13B315A1D192D7A0F847BFA42B4968,Z001023422394.pdf,F-FACD83D8B4281A05571A,FACTURA,QR_ARCA_STRONG,1,0.8485086055032144,0.8068407018467836,0.8862221537268502,0.7332250024361479
3BA58BA10753F4E30A6CAF83DFE35249D2FBB5E80A9693D275BD1432780CE2C6,Z001023306136.pdf,F-463F5D66BCFC1B95B4F2,FACTURA,QR_ARCA_STRONG,3,0.7294095742954986,0.697573902495038,0.7702154196232631,0.7162474701964094
3BDB07DE2B4E3291CF884D0419933E905F79C6308B832D1062A765F933BE2EA4,Z001023243748.pdf,F-EE08C7103D2458E54189,FACTURA,QR_ARCA_STRONG,0,0.6792501371981756,0.47431119735406946,0.6490347070531404,0.6058026215845531
3C07D634D9BF89F4C150A24582F2B4DCD64DD5167C90EEC00F74F9C1FEB0C46E,Z001023266256.pdf,F-EE08C7103D2458E54189,FACTURA,QR_ARCA_STRONG,0,0.8394953292861155,0.6859844344149092,0.8458647175568698,0.7702806613853301
3C08823B6BEB2AC058AE85C93E20880C1789256E78F5819F739BEFBEF32C12B1,Z001023242611.pdf,F-EE08C7103D2458E54189,FACTURA,QR_ARCA_STRONG,0,0.8579579701283037,0.6804506846685064,0.8566892730623432,0.790567859395689
3C35B4CCA59C5BC90D41F89C5C8464342B8B3192AD97B1FC02C931F095D37EFD,Z001023336348.pdf,F-463F5D66BCFC1B95B4F2,FACTURA,QR_ARCA_STRONG,3,0.744675852639332,0.7130408461580848,0.7877557906489815,0.7270713520578012
3CB56665C03B7DBEE10612C491C06940310FA1CAA12F5E60EB11EC8FDBFB658C,Z001023306242.pdf,F-EE08C7103D2458E54189,FACTURA,QR_ARCA_STRONG,0,0.823961107009491,0.6367506315061932,0.8114388890315923,0.7658505531712417
3D2DBD1657682F7701E357F8C218517A65EE1FED40AAE6FE5EC49B2E9E354580,Z001023338053.pdf,F-463F5D66BCFC1B95B4F2,FACTURA,QR_ARCA_STRONG,3,0.7452150073935888,0.720979108508917,0.7918759769621513,0.7601669099404604
3DA116906DC6BF9DEEA58E0EF033210A4FB68DE535200F99EADFA702389249A7,Z001023306106.pdf,F-FACD83D8B4281A05571A,FACTURA,QR_ARCA_STRONG,1,0.8413848756531621,0.8038646019298624,0.8873861432485256,0.7368900257928679
3DF571E507FAC34246B4923D4E478BE27704DB6E0C6AB2398DB4715F69FC104F,Z001023305842.pdf,F-2225E7482E0C1A2CF093,OTRO_DOCUMENTO,QR_ARCA_STRONG,2,0.17147390837410317,0.2065248001339461,0.1614259283533469,0.2520855586202307
3E45522CFD9F62F767CE2150A4069F6390FBC22546B2B001FED1E107889FA8CB,Z001023305798.pdf,F-EE08C7103D2458E54189,FACTURA,QR_ARCA_STRONG,0,0.8074184010406672,0.6419089024852216,0.8033172132050227,0.7411725562686016
3EA186C4B49837C7FB05EAE4437DC86DC30D1BE2F504C0427A8587CEB8991904,Z001023384939.pdf,F-EE08C7103D2458E54189,FACTURA,QR_ARCA_STRONG,0,0.8368334569032104,0.7404516692760862,0.8553466431696105,0.7977852050941606
3EDF480C2549EFD6E0CBDB20BB4FC494A704DF9543460AAB84AB099C33CA0448,Z001023268044.pdf,F-EE08C7103D2458E54189,FACTURA,QR_ARCA_STRONG,0,0.8776442869039519,0.7427160681019069,0.8897260940084124,0.7875805579506279
3F9FB559E8BC9E77AAB8CF090FBF8AC35299259BD3975DA5622A81A7D7363730,Z001023306132.pdf,F-FACD83D8B4281A05571A,FACTURA,QR_ARCA_STRONG,1,0.7951181488114522,0.731875224445289,0.825743433145561,0.7354944445198133
3FB46C6ADB7A62D868892D84AE172B635524433BB441F572AFDF46B913EBEE42,Z001023454364.pdf,F-A63645627CE2D9A75BE5,FACTURA,OCR_STRONG,3,0.7685500962677635,0.7621121435066933,0.8294204406272772,0.7668653505723974
406AE65863FEC4A143382804B7C8C481DE608DB940FC7E9F7AB2621871E20521,Z001023337181.pdf,F-463F5D66BCFC1B95B4F2,FACTURA,QR_ARCA_STRONG,3,0.8058575631821828,0.7323796441733912,0.8338661087828299,0.7980844439860169
40782E90EF062F83204C5F8DCD8019913D1EC2F33C93E0ADD4045BF47433CA0B,Z001023266242.pdf,F-6F5CAF1E1AEEB43C5486,FACTURA,QR_ARCA_STRONG,2,0.8436832866295457,0.6909280430994078,0.8430109561872833,0.7683904433311267
40AF42DCBBE8A21C6A7731078FBA8E6A4A20B0BF33AAFAE9A6802AF2B16F19A5,Z001023305675.pdf,F-A89FDE7F361720CE396D,FACTURA,OCR_STRONG,0,0.8480929522694657,0.8664698981566596,0.9037600724036677,0.8331058230718175
40E83F42126BE7B8C6BFC04FB7A2B0BAA09EB6E822C1E7DD0DEDA2946AE2988A,Z001023267770.pdf,F-79FC3EE9CB676FEF6E5F,FACTURA,OCR_STRONG,0,0.8820048713225654,0.8812125790165963,0.928353998129679,0.8100400495201183
4114622761D0BA0DED1DB98E3DA95F415FE0A9C428C97655033FA79F7972DDCB,Z001023423309.pdf,F-CEDA51D85B3AA52E945D,FACTURA,QR_ARCA_STRONG,1,0.7584915360385065,0.7113434774364932,0.8097082928735272,0.7710028436119178
4163E743E2FA7C2CD9859CCDD46B04043AFBB1E94B572FD1C70445335FD25920,Z001023398661.pdf,F-6F5CAF1E1AEEB43C5486,FACTURA,QR_ARCA_STRONG,2,0.8260532912649099,0.7371624844662489,0.8543667826799225,0.7586535584887126
41DA1916DEF0865B974AF8DA1FC410BF132CF8F2D39C53D21634C67E095437F6,Z001023454962.pdf,F-32D29C25B87BCDD5D9A3,FACTURA,OCR_STRONG,3,0.8472905497836442,0.7969922240630704,0.886981753969754,0.8306512447399035
41E235FFF0768A0E226B7442B231B9E3EDF721785B5DCBD3E02D90CE677EE006,Z001023242821.pdf,F-EE08C7103D2458E54189,FACTURA,QR_ARCA_STRONG,0,0.8803549372824536,0.7668487230269939,0.8990220789908279,0.803762344208514
41FA873A1F07397324194D528955075ABA1D624A6B9FC0141D8DF96C9FDC382B,Z001023410769.pdf,F-FACD83D8B4281A05571A,OTRO_DOCUMENTO,QR_ARCA_STRONG,1,0.6307978975357011,0.7065716644979597,0.7011558146390522,0.5173084911022259
4224FC815F99DF93C9DE4D1D80F2E73762C61D7381BE75757A97E6F123EBA25F,Z001023283900.pdf,F-239031FB24D11A1289E7,FACTURA,PDF_TEXT_STRONG,3,0.8116446432220853,0.8354598858169658,0.8853933384674492,0.7490213000977742
422D3FAB3F85F96C2E7A80FE31CFC85F8877D9E4AE6EACF7CF0AB95390D04131,Z001023267264.pdf,F-EE08C7103D2458E54189,FACTURA,QR_ARCA_STRONG,0,0.8540200735660576,0.7422843979135869,0.8769963346693153,0.7786951242658907
426CABFB27B1E9DC7B0AAF9A744E25706C9B8777EBED5BD036FD1595F45510A4,Z001023397759.pdf,F-FACD83D8B4281A05571A,FACTURA,QR_ARCA_STRONG,1,0.8606365839238652,0.8273972494620941,0.9019070236535084,0.7859744122856189
429ED2A776386C5D8E87C33F6A624FBF60404AAAA4CC2FC712CF9E7EA4A8C2C2,Z001023422119.pdf,F-EFE6E9C595B24436566B,FACTURA,PDF_TEXT_STRONG,3,0.709755631226419,0.7881049766253031,0.8135027908218566,0.6939767329256876
431F56F328D7ACC22FCD92975A61219F35A2F545F85FC5B895F1039D6429E614,Z001023242400.pdf,F-EE08C7103D2458E54189,FACTURA,QR_ARCA_STRONG,0,0.8530022695745674,0.7256005423919915,0.870168128575052,0.7978145362620482
43793A2A180FDCA5D268FAC15C65C7B3B8E880217A1116A449C2CD24AFBAC2A6,Z001023242378.pdf,F-2225E7482E0C1A2CF093,OTRO_DOCUMENTO,QR_ARCA_STRONG,2,0.6627663418740187,0.7499172525203306,0.7297528543463881,0.7417399142661695
439833AEF8D7B0259CAF9B303A64725314A132FE233FCA975B85432811D08B16,Z001023242294.pdf,F-FACD83D8B4281A05571A,FACTURA,QR_ARCA_STRONG,1,0.8617246324774112,0.8457987179312079,0.9072977716069419,0.7217220758425188
439A22F01718067EC1EB41D23A7F8DE0A5E4BC6EA6046C74A2E669B49046FFB8,Z001023267809.pdf,F-FACD83D8B4281A05571A,FACTURA,QR_ARCA_STRONG,1,0.7978410195265963,0.7365411616711444,0.8337232665352423,0.6651971533076945
43D5262E76B0F6F8E069233F95062256C5EA6BAF3EF70575CCC77136CB1AFC7E,Z001023243425.pdf,F-127BD2FBDD2CC031C0FE,FACTURA,QR_ARCA_STRONG,2,0.90975164551334,0.8598377343497808,0.9318575297271456,0.9204566699052109
4424511569822AF5CA87C141E0D96E7F6D9B120538996A44895E5460458AA89F,Z001023243398.pdf,F-6F5CAF1E1AEEB43C5486,FACTURA,QR_ARCA_STRONG,2,0.798161982254394,0.75434000715235,0.8416155856442732,0.7408049029148456
44336BFC12CA0A5E9F5243129B67CF8CF861EA319E51DBDB1B4CAF0E6F7DACE1,Z001023454616.pdf,F-17D8887E1AFD322C7FBE,OTRO_DOCUMENTO,PDF_TEXT_STRONG,3,0.6615671757904461,0.7089976711195676,0.7417130280557557,0.6852014991686302
445F236D5DF1DB523BE024A9361FA86082D6C7786733EF929A486998AF69D014,Z001023465959.pdf,F-A8BC10D011EB3739972C,FACTURA,QR_ARCA_STRONG,2,0.7680943465182681,0.74915444003282,0.8235944394687513,0.7456520647821978
446E0501DAAA8C0D2C03D8A2264B06451F4B3EFA0B5D3E22D20EB5C0FA84A76F,Z001023466678.pdf,F-FACD83D8B4281A05571A,OTRO_DOCUMENTO,QR_ARCA_STRONG,1,0.4747163424084565,0.5364501462168533,0.49736384575308906,0.41288426731863137
4495EDC17CFD460834C0F842FC7760393B774EEC257B27E818B723920946EEEC,Z001023243735.pdf,F-EE08C7103D2458E54189,FACTURA,QR_ARCA_STRONG,0,0.7907136857552075,0.641515760563836,0.794425477207088,0.5603268607255556
44D17B670732D2F7908D719E8A43E71C8BC82036A0AD5F5FD8D8E31BF74A3FC7,Z001023454351.pdf,F-FACD83D8B4281A05571A,FACTURA,QR_ARCA_STRONG,1,0.8182487521917793,0.7758159194538243,0.8607321491784393,0.6899156087710703
44E978F3140D99BF9D6186C62C891C79B97EED06DBC095CFB155D1D22F8457F6,Z001023435321.pdf,F-0DDB74E82CF65D655CE7,FACTURA,QR_ARCA_STRONG,2,0.7862757334801009,0.8039619549583759,0.8652931618691934,0.7584297777721035
45423B64B6534B7466BB3D12871E57950B3423157843BC88BACA040D2E333D3B,Z001023268125.pdf,F-E311D094CEA0C30D422D,OTRO_DOCUMENTO,QR_ARCA_STRONG,3,0.5991310357466458,0.6792463110174265,0.6827259759510118,0.730740045587804
45E4B1C971479A31B8A3E5151E675BCD49996D24091AFA0D6D903D28AE654029,Z001023454912.pdf,F-FACD83D8B4281A05571A,FACTURA,QR_ARCA_STRONG,1,0.8453438206322504,0.8169755486299286,0.8923540832207535,0.7724121452344055
465DEE8973433B7E39F5D0EBCD8C0EE08D38600A5505806B786EBB8EF1E63816,Z001023305611.pdf,F-2D05BCBE13ED5260189D,FACTURA,OCR_STRONG,3,0.728443737037603,0.7257950134906253,0.7824092135915628,0.7240023274037977
46CE690F15C5A52306BE1F63A48314E43D723A15C7BB79E6878B021D377AACB7,Z001023351256.pdf,F-BE2A732EDC4F7479054E,OTRO_DOCUMENTO,QR_ARCA_STRONG,0,0.36479712197620245,0.4010557182352167,0.30954842031298363,0.3836257089738676
47202F7EA9AE6CCBE1449B55CA382D690A7F3BF48D0AF7E829BCD0D8522F4004,Z001023423280.pdf,F-2225E7482E0C1A2CF093,OTRO_DOCUMENTO,QR_ARCA_STRONG,2,0.46249406500626505,0.6634860370776517,0.5441277578859708,0.6311417506695188
4748FFCF51EE67AB048FD8858D1D91BD50E1047375DD4FA884E05A31A825D374,Z001023397915.pdf,F-FACD83D8B4281A05571A,FACTURA,QR_ARCA_STRONG,1,0.790902314226308,0.749474741532854,0.8323506313558885,0.6976678032089187
47D3C8A2FFBE4F757B2CF5687B9B5DB0784496E671CB0E75DD2E8BE5B0730416,Z001023398915.pdf,F-F06BCF4B9729282FE5A1,FACTURA,OCR_STRONG,2,0.666180237374394,0.6859723354854053,0.7408384711798196,0.6581969462463916
47F56B680B5D8A38CEB3CDFA360FE52E05E0A1F3F6510B207D4043F3E0C0EB37,Z001023267250.pdf,F-FF1E9D9D737E473FAE94,FACTURA,QR_ARCA_STRONG,0,0.8006457659020967,0.7405605420317004,0.8287164131518407,0.7410382067386938
481956117B7BF5D84F3D09FF85452B875AA1D3150C90D00A6636B6433A2AEDC0,Z001023268043.pdf,F-66FEEC36CB99F857D1A9,FACTURA,OCR_STRONG,2,0.8353259420399463,0.7492327642276896,0.8687753794915989,0.8029801262691698
482FE95EC69B26D675ECCC8CAD33E1F65629851E9FE52FAE21311797A3F14305,Z001023305796.pdf,F-C4EFEA98CD9D9490E678,FACTURA,OCR_STRONG,2,0.6416971688474127,0.640964191584933,0.7028802336894927,0.7016082393964143
487BE95CE2B74C076DB9B750906366F1BA20735F5EBD37547F018951FD75A2F6,Z001023384943.pdf,F-FACD83D8B4281A05571A,FACTURA,QR_ARCA_STRONG,1,0.7912123201559829,0.7729282021434439,0.8392578257657586,0.7195459583997406
48942984669CD296B57DD449BBBF23B3111EC4EFB58470FF24429BA455660E88,Z001023284900.pdf,F-0EE887752345887B2F4F,FACTURA,OCR_STRONG,2,0.297944946259328,0.31744786162860683,0.28752789988798017,0.3875982533486323
48A15CDA72B11D1EEFEA64DC1FD8E662BE4B281ED8292B1DD2AC9FE31A601F59,Z001023242293.pdf,F-FACD83D8B4281A05571A,FACTURA,QR_ARCA_STRONG,1,0.8567467099499025,0.8330637650384418,0.9046876843358957,0.7621831654851732
48CAE4F75B61624432A182135E7A304CE3D8308B2CA21033E0327368290C07D6,Z001023243459.pdf,F-EE08C7103D2458E54189,FACTURA,QR_ARCA_STRONG,0,0.8487997440990935,0.6939903695297059,0.8576799212533288,0.7840422736829149
4930E9734A794BC4F0752CC3CEAEF60D72C0E1DDEDB23DFDC766CC02FE89712D,Z001023306240.pdf,F-FACD83D8B4281A05571A,FACTURA,QR_ARCA_STRONG,1,0.7951181488114522,0.7232153746817807,0.8215648572625771,0.7384899323127316
4948D0FA0F95989E86BF9A7946E176DB7A1C64E48302AE1125CAAF7C09B9BC44,Z001023267211.pdf,F-463F5D66BCFC1B95B4F2,FACTURA,QR_ARCA_STRONG,3,0.7312714440091699,0.705592436034508,0.774416766033181,0.7183689672617315
4977BD9321274C56C37FA622DDBBAD186D692453E6A09EE22B0546A90912BEFD,Z001023478167.pdf,F-463F5D66BCFC1B95B4F2,FACTURA,OCR_STRONG,3,0.8345586220066549,0.8025709063645977,0.8817503714924096,0.7833761915168264
49877C939058E0CCF767C71D8946B7FCC3FB9479A1D831926B45806AA43E9F4B,Z001023465961.pdf,F-236B043AC3F54D78C0B5,FACTURA,OCR_STRONG,2,0.754592528883794,0.6968989868892531,0.7968502335571095,0.7146881598150814
49AAE2D8D5826364B7C42B76AC987D080A47C6BDA17C7F7B32E6233FF452180F,Z001023267367.pdf,F-319491FEEAF6386D99BD,OTRO_DOCUMENTO,QR_ARCA_STRONG,0,0.7974655950499299,0.7328367103019597,0.8399031717236707,0.7867956630573476
49ECAF7C70EC6A54728D8C4A2DC9FFD424F1690EC375E1F99838F91077835313,Z001023338072.pdf,F-EE08C7103D2458E54189,FACTURA,QR_ARCA_STRONG,0,0.8172038450634856,0.6985226738261089,0.8349786318470863,0.784982137485278
49FDA5198B54793806B0C74BE9E1E67D17DBE8E5D8627FC67439E4122958A15C,Z001023398764.pdf,F-6F5CAF1E1AEEB43C5486,FACTURA,QR_ARCA_STRONG,2,0.8353153651188444,0.7855914096721761,0.8743660272600274,0.7481666948824679
4A0FDE3116124B33DEE99C856BDE9A889F4BE8AB9833A0DE27F16AD629C34A57,Z001023306236.pdf,F-FACD83D8B4281A05571A,FACTURA,QR_ARCA_STRONG,1,0.7951181488114522,0.7328420511104674,0.8261843563454604,0.7369823675820042
4A3B294959E6152FF45800C9910DB03748710E94CD8710F805237F7532194422,Z001023305699.pdf,F-66FEEC36CB99F857D1A9,FACTURA,OCR_STRONG,2,0.8294525630954571,0.7514298365793787,0.8656352830286365,0.7969924171778364
4A5384DEF4B19CB130CAE73EA2EEAB8F4AC68E5D1E82DA366E613C6883BD6012,Z001023454549.pdf,F-463F5D66BCFC1B95B4F2,FACTURA,QR_ARCA_STRONG,3,0.7760171595109281,0.72856604990192,0.8220171607753815,0.7440106769073012
4A5BD76C0378CC13621238F7F2581406BF864B1E74D7AC0119456CCBE7CE5DE1,Z001023398891.pdf,F-FACD83D8B4281A05571A,FACTURA,QR_ARCA_STRONG,1,0.8679016478228053,0.8189952181832646,0.9032673099154163,0.7244384541359988
4ABBCD0BF700A718BFBEF1383B80C543F01B890D7340660A17CCFAF33905641D,Z001023267140.pdf,F-C4EFEA98CD9D9490E678,FACTURA,OCR_STRONG,2,0.6416971688474127,0.6311580667952504,0.6978605042839177,0.7016082393964143
4AD486E9FF3BB40BAD661248D2947CBC41D0BF02681C772BB88045B83C2DFA65,Z001023385569.pdf,F-FACD83D8B4281A05571A,FACTURA,QR_ARCA_STRONG,1,0.8106138952978482,0.7523396999022541,0.8445486438180966,0.6920318864086065
4AF19DD5F7D4C2E6FC2F1935C54AEE6B5C6F4606CB7FE0F736D1EABF6B7D19A2,Z001023384944.pdf,F-FACD83D8B4281A05571A,FACTURA,QR_ARCA_STRONG,1,0.7951362075295539,0.7538554485249263,0.8328623510056563,0.6720384357043903
4B94E6B110CAB58547EB45BF9744C8773EBD6AEFEE79352BA74C4625125534EC,Z001023386124.pdf,F-2225E7482E0C1A2CF093,OTRO_DOCUMENTO,QR_ARCA_STRONG,2,0.6906529096396383,0.7534189569908306,0.7608474051393738,0.7328710354400189
4C21DCF733727C85149602A9BB3704223F69CA44B676EB651113B65E0841FA02,Z001023305672.pdf,F-327C7B7DF903BFC3269A,FACTURA,QR_ARCA_STRONG,3,0.8622627979472044,0.7857082060672973,0.8881590164974187,0.8610175476188284
4C22FB92DF5A4A145CDC9D5019E57BA5ED4E4827FF694366D6B0944C4318F5AF,Z001023305695.pdf,F-EE08C7103D2458E54189,FACTURA,QR_ARCA_STRONG,0,0.8731647084777429,0.7458484803312438,0.8872174839870463,0.8046431261915105
4C6685A365CC99C51CBC8FE312A2F0063C627408D4702A1EAC4CEED67A7C4013,Z001023266248.pdf,F-EE08C7103D2458E54189,FACTURA,QR_ARCA_STRONG,0,0.8086003430102501,0.6226905070887342,0.7990449296294896,0.7443992453791464
4C6BB600F039C52142DBE8128A7FD69A7D65E92612AE30CA9125B97C47207C0E,Z001023306862.pdf,F-EE08C7103D2458E54189,FACTURA,QR_ARCA_STRONG,0,0.804769384841084,0.6177603291293241,0.7952202871750453,0.7315635365095887
4CBD8565AB9DE2F036EA68E8FF90D5CB3E21EBCEAC9D7267A7F5B8AC9765BE88,Z001023349852.pdf,F-EDBFE59229E8571451DD,FACTURA,QR_ARCA_STRONG,2,0.7746466387157228,0.767961484364291,0.8459271790065285,0.7308586334894857
4CDDDFC9A384C484949A48EFFD1B4BA7D55D2CCE62D6324373F64F972C6E007B,Z001023385498.pdf,F-6F5CAF1E1AEEB43C5486,FACTURA,QR_ARCA_STRONG,2,0.8325009424547004,0.7661655735141581,0.8669904355068768,0.773052108347464
4CF4FCAB242089EAB32F977B4F3B3B28227D177A6D52A8BD5830CF1372B00F7D,Z001023267812.pdf,F-FACD83D8B4281A05571A,FACTURA,QR_ARCA_STRONG,1,0.7978410195265963,0.7390359553866417,0.8347143838812681,0.6832018406785528
4D1F0EACC2E4513F3BE62918FE60325D100DBE5E2351203A9AF9412468D922EF,Z001023284321.pdf,F-EE08C7103D2458E54189,FACTURA,QR_ARCA_STRONG,0,0.863856329360907,0.752998053655362,0.8830381527848579,0.8027454751172741
4DDB265CC5BC70A777E239F345E9DCEB472B0E07A36A97CB747C814966721628,Z001023268105.pdf,F-E311D094CEA0C30D422D,FACTURA,PDF_TEXT_STRONG,3,0.7183394730870148,0.7180831579388057,0.7806826862058882,0.7804765642071663
4E00CF86272C09321C1BB8FE8A44928B3A1ABA1969419EA778A8DBBABD64496B,Z001023366206.pdf,F-463F5D66BCFC1B95B4F2,FACTURA,QR_ARCA_STRONG,3,0.7463424187217079,0.6880386226159093,0.777490444557233,0.7191214686161559
4E33D7813CA0F52F9DAE7B205F156726A26623776BB62C8AB3469BD927E0CA7A,Z001023266856.pdf,F-127BD2FBDD2CC031C0FE,FACTURA,QR_ARCA_STRONG,2,0.9137691457412019,0.8438949570938791,0.9289170809531287,0.9085888548743964
4E8F4CA3EA141FAB06A975375BF62091FFD9A0454831F126789FA50E5E950074,Z001023284297.pdf,F-FACD83D8B4281A05571A,FACTURA,QR_ARCA_STRONG,1,0.8234164777763087,0.7387650881076427,0.8540534925582193,0.7383671074351054
4FD4F771DFD962D25875FC30C0CD4A0081D17E27D089764ABC773716833D76DF,Z001023366955.pdf,F-66FEEC36CB99F857D1A9,FACTURA,OCR_STRONG,2,0.8212146279934717,0.7433152238896004,0.8573406545531967,0.7955257488098793
509D871731148417556D32403084C3A1F025B39F25D1E3576596145B118275F3,Z001023268045.pdf,F-EE08C7103D2458E54189,FACTURA,QR_ARCA_STRONG,0,0.8426629588099595,0.7058147158321667,0.8569462193407416,0.77683865504532
50FF892A28001920806C422056CC39971F50196EE55B1B9143DEBB18CEDE61C2,Z001023283865.pdf,F-EE08C7103D2458E54189,FACTURA,QR_ARCA_STRONG,0,0.8651640685099974,0.75168944662699,0.884966261890121,0.7912996692686609
511FE4E1C704287DB9F2E30D584E076198E4B9C85ED275F7724E0FCED6E83331,Z001023367186.pdf,F-6F5CAF1E1AEEB43C5486,FACTURA,QR_ARCA_STRONG,2,0.806682260033147,0.7548536828935467,0.8439615078797593,0.7310618680775833
513C115499B51E28C587938A3051BD1EB0700DDD11B3418FAEB514A153BD217E,Z001023243386.pdf,F-6F5CAF1E1AEEB43C5486,FACTURA,QR_ARCA_STRONG,2,0.8472080871288404,0.7815176622710027,0.8807591879608547,0.7800520947707426
51D9CA9CA591270CF71094784E8FB45FB6BB2B3ACC2C64EACDE6BB39C246D4C2,Z001023266249.pdf,F-EE08C7103D2458E54189,FACTURA,QR_ARCA_STRONG,0,0.8536128087866041,0.7595001598035264,0.8819078821839325,0.7878139337030402
522D785B8861AC8B6E0B665918509ABFC61F4A5A7AD344D29581F3820D969F29,Z001023336321.pdf,F-19E3E2219E79C363F63F,OTRO_DOCUMENTO,QR_ARCA_STRONG,0,0.5564813730979951,0.46162514943265415,0.49691504155377647,0.5903797199850609
5243027656B07B38EBE681545510F2C1F2554AC2E01FE4CE22A9CB9602D8657F,Z001023267829.pdf,F-FACD83D8B4281A05571A,FACTURA,QR_ARCA_STRONG,1,0.7978410195265963,0.7375161934731997,0.8338881641992811,0.6791960301218504
527504906574AF26885EE635E0F36AA979D7FF61B1D8507694DE2CE5B73225F4,Z001023385025.pdf,F-463F5D66BCFC1B95B4F2,FACTURA,QR_ARCA_STRONG,3,0.7905109529271473,0.7251449682866548,0.8288779670840473,0.7361726293855259
52872BDC59D9284A7ACD25662EAC1A3A099D7A1403FF43AF4576EEE6443F77F6,Z001023410766.pdf,F-EE08C7103D2458E54189,FACTURA,QR_ARCA_STRONG,0,0.8578056342213455,0.6877217193952945,0.8568972059100104,0.825400604197747
52A88A4DC787DDDBB8F9B392369383B8754539E3CC700CA09CAB17DC9897D3D7,Z001023306559.pdf,F-A26E6E68BD787A625DC9,FACTURA,QR_ARCA_STRONG,3,0.7938457403909818,0.7954192096861012,0.8591890226368956,0.7626602047522016
52B6FD2C8B46284ADBC2445204780085D2F07A264912814E6F22687C3A3E9970,Z001023306848.pdf,F-463F5D66BCFC1B95B4F2,FACTURA,QR_ARCA_STRONG,3,0.7801017247098196,0.740633981123053,0.8208695552198532,0.8040431135459937
52E922C058F9D3030136B8C7C0BB684472A3233AB328DB8701C8122B129FE307,Z001023466257.pdf,F-FACD83D8B4281A05571A,FACTURA,QR_ARCA_STRONG,1,0.7701801795483487,0.7289731437718061,0.8135944606250056,0.7108242787598548
53531D26119A3A91D8160D16D8081238C94A83B00EADEEECB6BED96F35C0D21F,Z001023242890.pdf,F-EE08C7103D2458E54189,FACTURA,EXISTING_GROUND_TRUTH,0,0.8326437832994122,0.7007605719542312,0.85129913491521,0.7679863198613999
53CF129FB285C10306585C4D401463DB0CD045CD0DC8A0FF1B487FBBC4A1AFC5,Z001023467670.pdf,F-FACD83D8B4281A05571A,OTRO_DOCUMENTO,QR_ARCA_STRONG,1,0.5678019876730789,0.6650555802049348,0.6237372496498561,0.5602296045063917
53D64513ED31729F52AED36DB909462F972FF5BA06D6C491179067D362C9C7B8,Z001023466516.pdf,F-52A8D3E535639BC9066E,FACTURA,OCR_STRONG,2,0.6991362856644818,0.6953525162431629,0.7676239720728635,0.7132665871009285
53DDEB792AFACFDD0BE1A1741A028A22298BDA5360530D373B25E5FDE3C89917,Z001023454403.pdf,F-832E3C0161524B1EAC7B,OTRO_DOCUMENTO,QR_ARCA_STRONG,3,0.1859831157760381,0.26260721633929024,0.1545276541702654,0.205820432576799
541A58F4E8042C3C1CCB76B0F0B14A9F44981E4F37DFBD98972B297BEDA30B66,Z001023242798.pdf,F-EE08C7103D2458E54189,FACTURA,QR_ARCA_STRONG,0,0.8733953159212765,0.7056519626886146,0.8791930727917374,0.7908582474157279
54335DE1C0415D17F21265B12222E081CEFA539B242465CBBCFC590F12C0C334,Z001023467492.pdf,F-463F5D66BCFC1B95B4F2,FACTURA,QR_ARCA_STRONG,3,0.7799146484431384,0.7645787334042394,0.8428281060368991,0.7958760129748575
5433BB3791112F1C6C698255943D3E43FBC529FEC610FE1D25FD1D83CD921FC6,Z001023285091.pdf,F-6F5CAF1E1AEEB43C5486,FACTURA,QR_ARCA_STRONG,2,0.8152097329940461,0.7163848225665695,0.8379749260179149,0.7283419455629011
5482B5BC23D9508D14F7970779F8182EBB3A21DA03E7B7C390124852EC1A2884,Z001023284903.pdf,F-17D8887E1AFD322C7FBE,FACTURA,OCR_STRONG,3,0.7566385551326424,0.744746127304672,0.8181969474389836,0.7666565073419797
54E3FFE9C69EE3CFF94294F12A02B44CAB3EFD54DBDC8CB473F28E912E985C7D,Z001023243733.pdf,F-FACD83D8B4281A05571A,FACTURA,QR_ARCA_STRONG,1,0.7159832735520042,0.6742961028257359,0.7623757030447138,0.6036333164122993
550AC8115D0599DF1B246688659A43EBB82DB908A4C451864D3A422AE1B94790,Z001023242374.pdf,F-EE08C7103D2458E54189,FACTURA,QR_ARCA_STRONG,0,0.81903594521865,0.6729066473192203,0.8303455363328964,0.7159008801987021
55169D35B57E1980443FA22E94E71390FAF7180DF7A84AC7CDFE4E5EC917C2D2,Z001023385101.pdf,F-FACD83D8B4281A05571A,FACTURA,QR_ARCA_STRONG,1,0.8164773300926378,0.764777789334279,0.8521899229769214,0.7599263119927298
553735AC327B5AEBB6523999CF341A27EE0CD319E1E38D7543EDABFD5EF0476A,Z001023410667.pdf,F-FACD83D8B4281A05571A,FACTURA,QR_ARCA_STRONG,1,0.8504080611301101,0.815568619764191,0.8943695262907695,0.7088366560048193
557A3265646934A29349CB572EF71904CF6A1A226E38B80EBD82882136E4A99F,Z001023267229.pdf,F-EE08C7103D2458E54189,FACTURA,QR_ARCA_STRONG,0,0.8372750560206131,0.7154243977499802,0.8506632138387015,0.7897184012268118
55D5569A8BE1FDF83DD7C7711B839FA48CCF21B6A44002A592A098ABC4945180,Z001023465960.pdf,F-A8BC10D011EB3739972C,FACTURA,QR_ARCA_STRONG,2,0.7680943465182681,0.7578751009978707,0.8274212952223908,0.7456520647821978
56858C64366FB3FFEEF5EA8BA03E748B96127B3D10B9F438CAC2689CAD93F41B,Z001023267142.pdf,F-C4EFEA98CD9D9490E678,FACTURA,OCR_STRONG,2,0.6416971688474127,0.6291187760109904,0.6968539109835084,0.7016082393964143
570B8BEFF92D86C450B35A0A879B847D9442F48BEB042F9C6AD00BA12E502867,Z001023305835.pdf,F-C4EFEA98CD9D9490E678,FACTURA,OCR_STRONG,2,0.6416971688474127,0.6372659866586691,0.7011261584905765,0.7016082393964143
57216966143EA43A85549709469528CA0F2387F937AADF26600682E72558CEB0,Z001023410259.pdf,F-FACD83D8B4281A05571A,FACTURA,QR_ARCA_STRONG,1,0.8067410173886587,0.787252874330685,0.8601247862712246,0.6926562142028262
5735D4ECD8C02AEE2805F44503136E2C27365A75607716CC0391313DCEB6519E,Z001023268103.pdf,F-EE08C7103D2458E54189,FACTURA,QR_ARCA_STRONG,0,0.8428228180128856,0.7310454738692087,0.8558141824535238,0.7988267508057327
57D9343D969BD1264FDEFF0D2A252ED028740EE39736F1A41A1D95C9B625C4AE,Z001023422192.pdf,F-FACD83D8B4281A05571A,FACTURA,QR_ARCA_STRONG,1,0.8379715668765079,0.8013994583578535,0.8801621092314725,0.725081686013626
58D96A8F7E16CD8E10431AF8C3FE63A36D651B973C435C700D50CF0876EB2D6B,Z001023242799.pdf,F-EE08C7103D2458E54189,FACTURA,QR_ARCA_STRONG,0,0.8485227424348338,0.6828211472362207,0.8521845902378725,0.7683759972973867
58E197A82F3F1F813FF06AB56686D855230F5581C975C33E1CDD744AF7D01857,Z001023305768.pdf,F-EE08C7103D2458E54189,FACTURA,QR_ARCA_STRONG,0,0.8751292204528361,0.7585179329801806,0.8928843972913584,0.806382687320206
59B2A30C57B53ADA185312F8F8ED72917A264206DBBAFAE49573F9B816BBC8D9,Z001023336292.pdf,F-E68CDBA32F276D126C50,FACTURA,QR_ARCA_STRONG,2,0.9051654526313633,0.9234528427106262,0.9499930738393251,0.8888433469195085
59E5149E5884455CB217A6C65C53D4E5A3D6A97340789DD88058604355792DD1,Z001023410369.pdf,F-78FBBC0583221AAC5789,FACTURA,QR_ARCA_STRONG,2,0.7383441837694859,0.6824816175387632,0.7883010422340213,0.7009452406332893
5A11426D1D9F011286075EB4996D5698F9C3A9E2265A14EEA45E1EC9EA7EA8D4,Z001023268086.pdf,F-FACD83D8B4281A05571A,FACTURA,QR_ARCA_STRONG,1,0.8844879936032364,0.82889253363585,0.9139773355075494,0.7628483117080473
5A80048F71A9AE67E7530419E5A4AA5021FAC7D3DB56701B9C690DB21DBE43D3,Z001023305875.pdf,F-463F5D66BCFC1B95B4F2,FACTURA,QR_ARCA_STRONG,3,0.7261765692459444,0.7056839461635542,0.7745120458842908,0.7229314260920523
5B7916DC843BE2C450F86EA33A9B9F45AD1B2BB4F0890A22185D170367C77CD0,Z001023338054.pdf,F-463F5D66BCFC1B95B4F2,FACTURA,QR_ARCA_STRONG,3,0.74458568546894,0.7207806055826668,0.7913263142470007,0.7601050350364552
5C0E3592C9A130DFF03ACB34C4B59CB3A208BF70116821761D3431A7693BA96D,Z001023305873.pdf,F-463F5D66BCFC1B95B4F2,FACTURA,QR_ARCA_STRONG,3,0.7438459403956665,0.7267042535709345,0.7922226144050191,0.7436312244584161
5C105434BCE555AF94D7792820813C859CA80B3B8E23A6C81783AF6173447BE4,Z001023283759.pdf,F-EE08C7103D2458E54189,FACTURA,QR_ARCA_STRONG,0,0.8579802236030613,0.6724515272384806,0.8549478552210878,0.7887543978677746
5C30A6686334E5B07A188EBE90969D68F40F82B55970D0671F81743F2080CB2F,Z001023242333.pdf,F-86F3ACDC73080FEE11E7,FACTURA,QR_ARCA_STRONG,1,0.7178876444922783,0.7023722308271392,0.7593876968222939,0.8317913980250498
5C989274617C576316FD86055671ECCB3D8B40D4A6D022A08CCB7BEDE037C32A,Z001023410763.pdf,F-FACD83D8B4281A05571A,FACTURA,QR_ARCA_STRONG,1,0.8301016252363171,0.7982277239679086,0.8762225975867678,0.6602214172650642
5CD323BE0FA8C7BF7DF56E09EB62B1338AD699ED21F25A09DBA6E646DA452906,Z001023267976.pdf,F-108FF89DFB4EC29C3343,OTRO_DOCUMENTO,QR_ARCA_STRONG,0,0.6254638098954761,0.6487926161800082,0.6523295655611224,0.6951079817144091
5D0D7F3FAA4ADAB4AD899FAF93004DDD9B9B1E4AC8856E4E46BE7A592FF909C2,Z001023305617.pdf,F-463F5D66BCFC1B95B4F2,FACTURA,QR_ARCA_STRONG,3,0.8122832363754691,0.7469364649526482,0.8423961340511137,0.8064482406840379
5D224861E913AB275EAC0A0EE1005444D3C0A68007538B2C3C2965DDEDE157C2,Z001023243073.pdf,F-EE08C7103D2458E54189,FACTURA,QR_ARCA_STRONG,0,0.8313274528998483,0.6714746519315555,0.8348780597300128,0.7782285189726368
5DAF08946350F296A06082880FF427EEE8B115DD39BDF5199DD8C0188B76E15D,Z001023267944.pdf,F-976EEED6E8682B3EC86C,FACTURA,QR_ARCA_STRONG,2,0.9442018804288578,0.9164852634514036,0.9641517939857028,0.9387780414721162
5DBF71860ACD1EFE7170B783B09DF90415135A82C8C02BA29E1DDBDE98D4D92C,Z001023384938.pdf,F-FACD83D8B4281A05571A,FACTURA,QR_ARCA_STRONG,1,0.7714814842205577,0.7275409004311633,0.8096483245675755,0.7018795494751268
5DE70F354C118DFBDD5368EDEF221DFE5CF7AE6D16C115B9770EA743743E71F8,Z001023266858.pdf,F-127BD2FBDD2CC031C0FE,FACTURA,QR_ARCA_STRONG,2,0.9232775563715521,0.8816974623102876,0.9450410038131161,0.9077877114375914
5E37BAFFEE3158DC48F70E790EFAA998E9CE2904FE56058F75BF845F27357702,Z001023242366.pdf,F-EE08C7103D2458E54189,FACTURA,QR_ARCA_STRONG,0,0.8639536603236108,0.7322947959104181,0.8782424475836446,0.793896124239731
5EADB6DE2AB4B5612CCB893D4D6F822DACA8F537DC34198253A2FA45B77AA3B0,Z001023267332.pdf,F-EE08C7103D2458E54189,FACTURA,QR_ARCA_STRONG,0,0.8497871797888582,0.6913095474309877,0.8570397614368318,0.7799354204806616
5F1C7E2F701520CDB3290752AC7E87FEA8278A7452B488B35E0FE82B539D1D0E,Z001023338077.pdf,F-FACD83D8B4281A05571A,FACTURA,QR_ARCA_STRONG,1,0.788681473784139,0.7758740977482659,0.8418940234376061,0.6966229516286355
5F27D54F0E68E22B94CC0599AA11815F37E12D38D198BAF916699866A5771C7A,Z001023423302.pdf,F-EFE6E9C595B24436566B,FACTURA,PDF_TEXT_STRONG,3,0.7042855215809588,0.7762021578064073,0.8041712434433128,0.6937218756059415
5FB7BD28D27616E8676E0229F610930D8EB1C05062288C9843B6A07025902965,Z001023283789.pdf,F-FACD83D8B4281A05571A,FACTURA,QR_ARCA_STRONG,1,0.779118968073057,0.7102560043710109,0.8115714018876675,0.7177307264607203
5FF603BFE35FFE846FE61CC7D6E257DAFA04176A27BDDA23DB954E289083BDA7,Z001023435310.pdf,F-FACD83D8B4281A05571A,FACTURA,QR_ARCA_STRONG,1,0.8688919156602343,0.8107559677124371,0.8994417343991596,0.7623590696588359
60558219ECCEAA2E0CC16BEF0AA57528D8111AF668CE04DD850611269578D101,Z001023267145.pdf,F-C4EFEA98CD9D9490E678,FACTURA,OCR_STRONG,2,0.6416971688474127,0.6284714695931694,0.6965832493001399,0.7016082393964143
614C2047A38FFFEC9913CEA1D7C91912147857A130D26CEB45D38AFECE1F3018,Z001023284295.pdf,F-EE08C7103D2458E54189,FACTURA,QR_ARCA_STRONG,0,0.8550291698999034,0.7062484776511077,0.8640576333978187,0.7815253129515207
618FA8EF90B2BC09442461DF6A1950F3B56DE7D9217334E5658065B15A2D1C7D,Z001023305700.pdf,F-66FEEC36CB99F857D1A9,FACTURA,OCR_STRONG,2,0.8381120712122859,0.7469276645648842,0.8691963835282084,0.8012184993746517
62ED045064645CFAC1E4ABEAB3BD7871BB1ACA133EB42A02042DFD4116B68747,Z001023284539.pdf,F-463F5D66BCFC1B95B4F2,FACTURA,QR_ARCA_STRONG,3,0.6863412949046593,0.6761550481093842,0.7313483240791528,0.6881176903101892
6306F04EC7699ACD9AA20661D6A0094E0EF6F2D07DB0DCB6E7DCB90754F946FC,Z001023321112.pdf,F-EE08C7103D2458E54189,FACTURA,QR_ARCA_STRONG,0,0.8782121229393879,0.7144595107164383,0.8832173718208229,0.8024237976951661
6358F007E68B39846A6D3A1985B57BA5DB9B44816655F040179A2E54F5D3950B,Z001023410770.pdf,F-EE08C7103D2458E54189,FACTURA,QR_ARCA_STRONG,0,0.8516331776899945,0.6883048474799474,0.8556913994048357,0.7854627767428147
63D1DB74D405C58FC6B148A98498E2351418A24343D9326C5EB42A6CCEC42A4A,Z001023366865.pdf,F-99F7A3F5F30B759FC1BA,OTRO_DOCUMENTO,OCR_STRONG,3,0.720730012442336,0.6570238654406109,0.7475883592716893,0.6542063524136381
63E3F4FF38F20C64BA564671499DC8683FBF77219974F9D9B1173F8A2FE05D4C,Z001023422553.pdf,F-63F23BB2C7162DAFD254,FACTURA,PDF_TEXT_STRONG,0,0.7377193477106277,0.6857684653159564,0.7620106819226856,0.7922411898926934
63F5F3AB045C5B5F66EA108111298A47D3D35401D9F776570A886AC745108D3F,Z001023321695.pdf,F-FACD83D8B4281A05571A,OTRO_DOCUMENTO,QR_ARCA_STRONG,1,0.5188470955875031,0.5235769277267424,0.5286786159912563,0.40766041830370653
6403BB9E343E7ADC6832D9FEF0B238A5C7629934B729B49930D5EB612D45A237,Z001023384946.pdf,F-FACD83D8B4281A05571A,OTRO_DOCUMENTO,QR_ARCA_STRONG,1,0.5736146815988575,0.6320250045326029,0.6083306299359117,0.4500633391251975
644FB4104CC6E78DECDE080C8BD310D32890EA13F2BCB7525F77ACB5E97A78D7,Z001023307015.pdf,F-D8FCDE61FE47CC36A198,FACTURA,OCR_STRONG,2,0.7172551705923805,0.7268582395579545,0.7941497372257408,0.7140219955296067
64FB474B146A0EB177D75CB68476D6BCE12EF039503945B080FCA1CE3484EB2E,Z001023268129.pdf,F-22D8B0B2BC197D116017,FACTURA,QR_ARCA_STRONG,3,0.6849472653779994,0.6166703437414833,0.6988446571872506,0.7664023566770868
65056D9EA1A540DC588945E523AD94B314066341E145D5716A7A605D30F64157,Z001023422325.pdf,F-FACD83D8B4281A05571A,FACTURA,QR_ARCA_STRONG,1,0.8485086055032144,0.8040948065166452,0.8852307175812918,0.7441141592481799
653916FEE25C919AB6EB8CD62ACDB2EFB4ED9246ABE1E345CCEFD62AD0B1EEEF,Z001023454441.pdf,F-463F5D66BCFC1B95B4F2,FACTURA,QR_ARCA_STRONG,3,0.7352438918625303,0.7578863403560283,0.8022064650015955,0.752336794836982
65689BDA6B6E78D08778050BC9AF74BF489A45EC0F06B14D021402CC4A49703B,Z001023336323.pdf,F-9556189C2A6C11049E74,FACTURA,PDF_TEXT_STRONG,2,0.6348829522089101,0.6894808348895607,0.7095259328960455,0.7183736959193742
657D014F547F5C67D9C3C97F905729BE00F4498F2CB5E01528AAFF4F0E177E5B,Z001023350376.pdf,F-DCC01CD6C3861C7E4C3E,OTRO_DOCUMENTO,OCR_STRONG,3,0.7429845927322303,0.731790533744036,0.7995592249785033,0.7108101680676496
657E1FF4F3374E8D93CA51BEC8C1C7D4058C9E51797A97E15FCAFCF3A54FC356,Z001023305809.pdf,F-B48A5E97973412D090E1,FACTURA,OCR_STRONG,3,0.7212203982308063,0.7210266244142657,0.7820090231091268,0.7080236523583862
65D1D32538349C1E4FD033151901890E04026E390D8DBDDB40D8BA7450402C6D,Z001023265841.pdf,F-EE08C7103D2458E54189,FACTURA,QR_ARCA_STRONG,0,0.856325957064492,0.7273850194837497,0.8713058347098391,0.7869149979517868
660C649E87C0E096D3EA290A7EEB1B41027B0E57F5AC516359697241B2FA0A46,Z001023321054.pdf,F-FACD83D8B4281A05571A,FACTURA,QR_ARCA_STRONG,1,0.8037725747617451,0.7576321964157273,0.8382982012979198,0.6954828149780612
6628B77297FB0AF7072963D7CFE54056E7303FF0D0C639C77083714E0007556F,Z001023349970.pdf,F-463F5D66BCFC1B95B4F2,FACTURA,QR_ARCA_STRONG,3,0.7822118706297688,0.7669999311099224,0.8443937655102713,0.8003852954202318
669CEF756F24B3F2936E59DA9B442C8189694D27CDCAA0F56F21B933D8FFF582,Z001023268013.pdf,F-FACD83D8B4281A05571A,FACTURA,QR_ARCA_STRONG,1,0.8007513849765081,0.7864001590752677,0.8534096062742629,0.6903869716752572
671095A2ED870416638D91130E56FEB62CED369C2B40CF13D8A3685EF542C9C2,Z001023243381.pdf,F-6F5CAF1E1AEEB43C5486,FACTURA,QR_ARCA_STRONG,2,0.8155920538876329,0.7316233752901643,0.8409177154923116,0.728740556474526
674A1F88C6BD5E53FAF757B8EAF603391E1CDAAFF0A5B8A0038B98FCB947852D,Z001023467491.pdf,F-E311D094CEA0C30D422D,FACTURA,PDF_TEXT_STRONG,3,0.7333811148929887,0.7553887930279976,0.80800657791131,0.7862174918923519
679B276143705D4AC3247557E5B766A0D3B8EF46EF0C7E93E9743E56F4C7C21B,Z001023385074.pdf,F-FC411F149001282E7254,FACTURA,QR_ARCA_STRONG,2,0.710552937477645,0.7328266131489131,0.7969683413458699,0.7150817553847463
681D494D1EABD2B24BA13F9F99B3AC5F6D565688BB7368714C430C5395C5A868,Z001023243384.pdf,F-127BD2FBDD2CC031C0FE,FACTURA,EXISTING_GROUND_TRUTH,2,0.9259726681887668,0.8445257783839447,0.936311609114493,0.9132111603273227
68384C891F748520511F1AC118FCE49299EBC326BF1FA1B534BBBF80AEB427D4,Z001023267817.pdf,F-FACD83D8B4281A05571A,FACTURA,QR_ARCA_STRONG,1,0.7978410195265963,0.7348271139560626,0.8327454078978506,0.677870884762847
68847021C832C384F382EB8B663EF6878C4B227562C30B4AE75BACD93F932807,Z001023283742.pdf,F-FACD83D8B4281A05571A,FACTURA,QR_ARCA_STRONG,1,0.770174475687472,0.7107528418654099,0.8058004019817275,0.6755843602477445
688B857EBA76F3FDD3C84756E0A20DB13FDCC6613A64CC850D0CDA9760FDF897,Z001023398913.pdf,F-FACD83D8B4281A05571A,FACTURA,QR_ARCA_STRONG,1,0.8441592301884158,0.8278142125566667,0.893417810561195,0.7482546330810489
689B7BBF501134FEE362293BF2BFE282BFAF1D3D456B47AC2C5C1CCAB5FA15C4,Z001023365877.pdf,F-FACD83D8B4281A05571A,OTRO_DOCUMENTO,QR_ARCA_STRONG,1,0.5013320866345534,0.5124648129036047,0.5089759482288512,0.3743666549002399
68B3C6AAFE89838741E71226D9F554CE180B406E66489C6843999F2CB92CEDF1,Z001023242965.pdf,F-EE08C7103D2458E54189,FACTURA,QR_ARCA_STRONG,0,0.8564915061091103,0.7385955552679558,0.8705678697796287,0.8037634447827953
68BECE9089A8CF2D016046FF5F01BD82DB7E926079538EFBDAC71920F9FB6F4E,Z001023264729.pdf,F-E70110F2096258660969,FACTURA,QR_ARCA_STRONG,0,0.8417839092697014,0.7985814662973953,0.8780663976868016,0.8182345590311276
691BF365684F97697A067502250D2340172FFABC2AF02D9E3B21DA04BCB2E53D,Z001023305692.pdf,F-463F5D66BCFC1B95B4F2,FACTURA,QR_ARCA_STRONG,3,0.836848787135702,0.8067991380304881,0.884183333528677,0.8002027849700212
6951FCD388A8D53F50AEC19CB24E961F550D8DFDD9B70D9D3EBBEE53AB0530DF,Z001023266873.pdf,F-BD443D8161F24BFCB109,FACTURA,PDF_TEXT_STRONG,3,0.851677036733369,0.8352234530038709,0.9030754890175744,0.6826551152333475
69BD97565D5E8FA5D5CC7FD22FC5672E7AB8B5D16B40DFF18AEA29F0EE46FD94,Z001023410432.pdf,F-EE08C7103D2458E54189,FACTURA,QR_ARCA_STRONG,0,0.8641586369064475,0.7332089825243362,0.8786509776055799,0.8110149415407694
69F92D3D10F2BE9527CE3AA19F22635B987762F8663A4A61550B7791C9813E44,Z001023366864.pdf,F-99F7A3F5F30B759FC1BA,OTRO_DOCUMENTO,OCR_STRONG,3,0.7167582779296683,0.6605785163399168,0.7469486804602171,0.6489006508411447
6A06BCDA8E65514CF3BD6E192ED15EE82B1DF5E90108BE7BCD9B102E469B53F9,Z001023267261.pdf,F-A75A0A5D32BC3BDDC3FF,FACTURA,OCR_STRONG,1,0.8201606749151682,0.7763110342601334,0.8697319365303244,0.8051380039555794
6A19E35A6ABC9779551A8B03A45A480090726EC526CA32ABE637DAE9DC09E317,Z001023466474.pdf,F-874149FBB96F2D26236B,FACTURA,PDF_TEXT_STRONG,2,0.7047932022241961,0.6841560070066911,0.7639488955369093,0.6229714092608645
6A44D2562609C71F11C6039FD392E9E681619719A7040D46EA9B6E1E6DB4F295,Z001023466254.pdf,F-FACD83D8B4281A05571A,FACTURA,QR_ARCA_STRONG,1,0.8532372226014796,0.7798846602436378,0.881321002719274,0.7394914422209775
6AA2642DAF7B52EB364C1F945C3E1E25D291670E295B50405BC27CB969D12DE4,Z001023321061.pdf,F-FACD83D8B4281A05571A,FACTURA,QR_ARCA_STRONG,1,0.8708347659516409,0.8228491541837741,0.9026276341253348,0.7193589780579501
6AAA6E56A668CA470CE59A1DA0E3208162A408FD1E83E1DB80551F50B08F7631,Z001023242344.pdf,F-2225E7482E0C1A2CF093,OTRO_DOCUMENTO,QR_ARCA_STRONG,2,0.654662648257598,0.6882159126427561,0.6974905870350582,0.7189188272861561
6AB1420C695AE2A02BBF6C1CF3EA49C7218A2CF1AC0BAE68E045D85D111FC0C0,Z001023410767.pdf,F-FACD83D8B4281A05571A,FACTURA,QR_ARCA_STRONG,1,0.8256068073748573,0.8024043250538142,0.8733630034972228,0.7760899411692677
6B0339E36C35108FAF16CA49C1BF3433163F965A1ED14438435253633CBB9F31,Z001023283864.pdf,F-FACD83D8B4281A05571A,FACTURA,QR_ARCA_STRONG,1,0.7707736284484813,0.7707054955601679,0.8260221863793266,0.6971743871429605
6B4A3FF9C231EC839A67CEBFFE430E144F787E7637B5565884FC431C70BB3736,Z001023305691.pdf,F-FACD83D8B4281A05571A,FACTURA,QR_ARCA_STRONG,1,0.8080858187168168,0.764115245708441,0.845752881058162,0.688414118372489
6B5E9590C4800D1DF3407962383CB00B53C9090887157D672A4E2359DFFAA25F,Z001023338055.pdf,F-463F5D66BCFC1B95B4F2,FACTURA,QR_ARCA_STRONG,3,0.7452150073935888,0.7195769208112518,0.7910035417539599,0.7627769116906207
6B7BB9D0EFF24F7DAB919D1049DE297F8C289642CBF813E3C2E85064308F0BC6,Z001023397972.pdf,F-FACD83D8B4281A05571A,FACTURA,QR_ARCA_STRONG,1,0.845061467377833,0.8278133013714839,0.8941159832981984,0.6995784327575776
6B96BB1E1D807BDFD4A12F5631C2176A155EE44DAA9B974BA349414248CE8938,Z001023267136.pdf,F-C4EFEA98CD9D9490E678,FACTURA,OCR_STRONG,2,0.6416971688474127,0.6352849665462271,0.7000251734827849,0.7016082393964143
6BC211BC3F456C4F62C7F39BE39CE115108F377BC270C8D0CBD9CB0A400092D5,Z001023321351.pdf,F-463F5D66BCFC1B95B4F2,FACTURA,PDF_TEXT_STRONG,3,0.7745757604002865,0.744716330859373,0.824766442269384,0.7576894764447045
6BC87B9F03FDB1B6CA97AF962F30837A6B76F2CBC51CEAC85253E653BB7D3790,Z001023454866.pdf,F-FACD83D8B4281A05571A,FACTURA,QR_ARCA_STRONG,1,0.8025149874605462,0.7892012764396076,0.8569619278874449,0.6923343339336053
6BDD70A1E311F323C3AE095EA182CC3591DEFFA1BB39A2F1872AD5556DE12B10,Z001023410905.pdf,F-724FA6B6F7F7BF0A734C,FACTURA,PDF_TEXT_STRONG,0,0.791805151616321,0.8034018680085153,0.85216188720284,0.772261666570132
6C4F806F57E884A8868D9DDA6F11E9A66107106EC3FE4989B56D5ED6BDBF705C,Z001023268101.pdf,F-FACD83D8B4281A05571A,FACTURA,QR_ARCA_STRONG,1,0.820973580319523,0.7372445088751118,0.8473268036847484,0.7490298835160312
6C5B4EA91CF5B9B7DCFE271736BED260D3E743DB8E6B20D27414377E4A215229,Z001023455412.pdf,F-463F5D66BCFC1B95B4F2,OTRO_DOCUMENTO,PDF_TEXT_STRONG,3,0.5950438650601451,0.6291398577848364,0.6434285976478701,0.5647247061054882
6C60860296C94E2ACB69838ECB62B7DEE7CD4A9C0357E689FC6DF7E2F4D840B5,Z001023466478.pdf,F-52A8D3E535639BC9066E,FACTURA,OCR_STRONG,2,0.7275666663632896,0.679878321567799,0.7771883757020054,0.6818977839232561
6C8B940D1661F64CF6F7EC76B7DBF963C1D054B1355DFD856CA0FB306A750A3D,Z001023268087.pdf,F-EE08C7103D2458E54189,FACTURA,QR_ARCA_STRONG,0,0.879558362792003,0.7456348092705644,0.8883882793874509,0.8250123777595434
6C94C617C8904CF308B28BE5F23B2E67C8FC9DF6D9AD8F1B0FB3FEA74DBFEEA1,Z001023266877.pdf,F-EE08C7103D2458E54189,FACTURA,QR_ARCA_STRONG,0,0.8414216956585484,0.6694661559180688,0.8463422176127393,0.7559236482824663
6D6E1AA48E6C44FD43EF2352B4C1F3D017BC787D0C043C49EAACDF1BCF531B22,Z001023267214.pdf,F-C4EFEA98CD9D9490E678,FACTURA,OCR_STRONG,2,0.6416971688474127,0.6305818489599198,0.6976542735246194,0.7016082393964143
6DEA7D3BCF2BDC78A4C5B1A0C8A35F62E0D88B265012BA0DBBCB8B6613470373,Z001023321186.pdf,F-463F5D66BCFC1B95B4F2,FACTURA,QR_ARCA_STRONG,3,0.7426560045054643,0.6967476220949752,0.7768681404881492,0.732313655742402
6E223B3FB776EC499C1079BF9AF95E4CAA33950DD34CBC577C446F8985A308EA,Z001023305817.pdf,F-C4EFEA98CD9D9490E678,FACTURA,OCR_STRONG,2,0.6416971688474127,0.634176555693197,0.6993706862804364,0.7016082393964143
6E87835328F15BFEB50D7BE61B069A1C3E18312B37B2AD241FC3B3D5B3669957,Z001023283780.pdf,F-6F5CAF1E1AEEB43C5486,FACTURA,QR_ARCA_STRONG,2,0.8241911813813693,0.6569695456412652,0.8115827766516901,0.7210923794026647
6E9ED9F5310651C047A3FC9B8D480F10A4625DB45DC71EB2F895E3E2993D62A1,Z001023305793.pdf,F-EE08C7103D2458E54189,FACTURA,QR_ARCA_STRONG,0,0.8304982024162237,0.6782224093697719,0.8346054460793173,0.7779384937306217
6EE583A0329BFFE2CC0604B2DF470F2E9E8A3A491ABED3AE58229C122955C824,Z001023366863.pdf,F-FACD83D8B4281A05571A,OTRO_DOCUMENTO,QR_ARCA_STRONG,1,0.48258028832192523,0.5397903187739671,0.5058501630277566,0.3738718486764745
70183B71AFCE11898A3EBCFC447FF1DA5F4FCE6AE346AD66A7BFB03C5841D4DF,Z001023384945.pdf,F-FACD83D8B4281A05571A,OTRO_DOCUMENTO,QR_ARCA_STRONG,1,0.5033269027186312,0.49877232916077685,0.500113596010572,0.38004342663669477
70701EB80254F49040749A4D00344EC36FD7AC369A877580BDB3B12BC941655A,Z001023242307.pdf,F-FACD83D8B4281A05571A,FACTURA,QR_ARCA_STRONG,1,0.8573874311088013,0.8015473048192637,0.8915894465335709,0.782728281172971
70943A213A862A315DB451BAFBADDBFE5C0E45D694BF40FD8E5430FF47A032BA,Z001023242889.pdf,F-E8D73DC2FE1F519E363D,OTRO_DOCUMENTO,EXISTING_GROUND_TRUTH,0,0.7382531358331547,0.6880650860673528,0.7573415411980782,0.7343178872494076
70E5AE3F504F2F5AB4AD5B3E512AC716415539ADF79DF6BF02821B5A8D35578A,Z001023306668.pdf,F-463F5D66BCFC1B95B4F2,FACTURA,QR_ARCA_STRONG,3,0.8162397918682223,0.8106497421381409,0.872883237484036,0.8001332042542103
724463BDFD7CEF809283F23242EFA6D6746540C1B1BED9FA87F7081F3FEAA794,Z001023321623.pdf,F-FACD83D8B4281A05571A,FACTURA,QR_ARCA_STRONG,1,0.8244388920882401,0.8054718202706422,0.873608632430947,0.7146361337356172
724E671BB3324AC80652938C4FC4669A53A37A8FC7CE84A81EA066E5A2D15246,Z001023242887.pdf,F-EE08C7103D2458E54189,FACTURA,QR_ARCA_STRONG,0,0.8590228726534045,0.7201914343676217,0.8705929106730307,0.8026297516952352
728FFB9AA6918939C77AFBD14176374095A4B94DF78DC4BBE4E0D3A1F4E64555,Z001023320983.pdf,F-278280CEE7859CD404B9,FACTURA,QR_ARCA_STRONG,0,0.8633621726883437,0.7940630054682859,0.8913271623133762,0.8451799656463268
729AF3D6447EC31F5F02AB12E6FB6DD6CAE910EC2C50B43FBEBFECB00678E4B0,Z001023454378.pdf,F-C4EFEA98CD9D9490E678,FACTURA,OCR_STRONG,2,0.6347813780359703,0.6301811998042309,0.6909219989658968,0.6972480270663277
72D4B9B1041555B196030613602AB200641E03F669E2F7A68004A6F30A0026C9,Z001023466477.pdf,F-52A8D3E535639BC9066E,FACTURA,OCR_STRONG,2,0.6991838889351624,0.6661079019473746,0.7525996638431048,0.6639860861447843
72DB0BB791EF4D236D0F5138132C14C14CC2CD9C33CB371EE37DDDD55642FBA8,Z001023283732.pdf,F-EE08C7103D2458E54189,FACTURA,QR_ARCA_STRONG,0,0.8402199910407241,0.6982340201722266,0.8458679684664464,0.7697538797350831
734F30506EF447B3DF986696A7B0478A899FB94EB94D9C58897B138972AFE0CB,Z001023243422.pdf,F-6F5CAF1E1AEEB43C5486,FACTURA,QR_ARCA_STRONG,2,0.8722287783200761,0.7339470166630334,0.87918766435343,0.8012834058639039
7369DF302D07631A98454113785F530B862A7D556083C9BCE2A378E733A259D1,Z001023283690.pdf,F-FACD83D8B4281A05571A,OTRO_DOCUMENTO,QR_ARCA_STRONG,1,0.5894374561491128,0.6036043784609648,0.6115883491854925,0.47852435768898466
7450CD3EC72F3F9A0F1009EF270B10F283D7B56BE50BAAC01800EA9CF2C9E36B,Z001023350226.pdf,F-DCC01CD6C3861C7E4C3E,FACTURA,OCR_STRONG,3,0.8047203653455584,0.7894231154632969,0.8628842937956458,0.7679311111461378
74542EF02D20DD76101D0733ECF11256439DDFD34B08011929E3EAD5E159F285,Z001023306575.pdf,F-6F5CAF1E1AEEB43C5486,FACTURA,QR_ARCA_STRONG,2,0.8345372424262721,0.7876917898574944,0.8750939741673904,0.7477491770865793
74A8804E13BCB0916DE52FB4050B48283F6D7C52B6A0CC9E5C66DBC3093FEB48,Z001023243400.pdf,F-6F5CAF1E1AEEB43C5486,FACTURA,QR_ARCA_STRONG,2,0.8817021467012607,0.7686335527307115,0.8966146797245753,0.8025970650196408
74A93147090410909DD49E3D1B75B7C3EA9345128B785139DC2F671880C5FE6E,Z001023321593.pdf,F-EE08C7103D2458E54189,FACTURA,QR_ARCA_STRONG,0,0.7763618049796357,0.6399167915257569,0.7782503941797625,0.7482069277719263
74E1683A4487F41741E8A66012A82E03967DF0DDF917463FCEF8254BBECACC4A,Z001023366210.pdf,F-463F5D66BCFC1B95B4F2,FACTURA,QR_ARCA_STRONG,3,0.7463424187217079,0.6943562947023276,0.7807475750880494,0.7190104165339779
750B721B9BDFFF78051B518266ACF845200D2C77179A01BD8DBB04C304DBA48F,Z001023435484.pdf,F-FACD83D8B4281A05571A,FACTURA,QR_ARCA_STRONG,1,0.743228010531351,0.7644381343093206,0.8126727739806592,0.6920121174479844
754EE6E12E8F8F2901DAE135E15FF3D5ABF245CA5D195BB6F95149FE4EA034C8,Z001023385198.pdf,F-463F5D66BCFC1B95B4F2,FACTURA,QR_ARCA_STRONG,3,0.7880077412871104,0.7734580380869066,0.8512634015150158,0.8059845409180045
75920680546C0B19824E520C35362E4321A64E41D50F38FDCA51BFD9B991E533,Z001023454960.pdf,F-32D29C25B87BCDD5D9A3,FACTURA,OCR_STRONG,3,0.8433517371811283,0.7979849870585753,0.8851068482713972,0.829392371518939
7665E4053FAEAC461DD7C5DD5BCF9F87E0FD310718AD6F36BCD084A7244397EC,Z001023397941.pdf,F-236B043AC3F54D78C0B5,FACTURA,OCR_STRONG,2,0.7421191413346274,0.6766293329327691,0.7810218709517261,0.7345862548487563
7765957EC5D2FAD2C870AA576B360E8C599D1A09C2161E5A60675B0C299E82FF,Z001023338067.pdf,F-C04B37B1724168DE2084,FACTURA,QR_ARCA_STRONG,3,0.754501012542352,0.767167014339808,0.8267984984934514,0.7555068782487733
77A0EC1DD124A7512A46495983BEB01CA5EAB0F48B06D7DE74C1D779BA2D5625,Z001023242368.tif,F-42F5E136477B6F356B09,FACTURA,QR_ARCA_STRONG,2,0.9353175838485863,0.885635933629554,0.9519839796094396,0.9386819064034283
77B60D8DF4FBC86CF6252968C853F56FAEEDA985E717813496E7056B93CA9840,Z001023398887.pdf,F-6F5CAF1E1AEEB43C5486,FACTURA,QR_ARCA_STRONG,2,0.8369933316982386,0.7240390781942414,0.8522108894731065,0.7572984379590433
77BEE0C8120D6B5C3D19B79CC4ABFFE13BCD86AB4AD7BDCFE810BF0F53FA5689,Z001023385050.pdf,F-FC411F149001282E7254,FACTURA,QR_ARCA_STRONG,2,0.7059180463499217,0.7289874790982929,0.7921588627131851,0.7111212987466247
7856CD25016572D0C1DAD26A3A34140A0970F045A42C83C1D80C10E9F894C9B6,Z001023242960.pdf,F-EE08C7103D2458E54189,FACTURA,QR_ARCA_STRONG,0,0.8703129891325416,0.7307344701745376,0.8817975056498312,0.7937451306464411
786C9DF77DC594A4F4661372FB7550FA2BBE1C9CDC8EEFD007F2E8338559704A,Z001023243424.pdf,F-127BD2FBDD2CC031C0FE,FACTURA,QR_ARCA_STRONG,2,0.9293105120573402,0.8715331636881702,0.9458896574044747,0.9341506128967262
789EA214DA187999DB573C790694ED9C456AD09E79B3423DA4745624AB02984B,Z001023338068.pdf,F-FACD83D8B4281A05571A,FACTURA,QR_ARCA_STRONG,1,0.8676218355858387,0.8179815937733228,0.9044694309440524,0.7757675956499746
78D7C45F35EDDA7F3577410E9127D1B384883360372511081C054BA435B8E0A6,Z001023243382.pdf,F-6F5CAF1E1AEEB43C5486,FACTURA,QR_ARCA_STRONG,2,0.8784121658488588,0.8108458460195243,0.9096795960713845,0.8009081759713177
7943C6EB1641AD882AF8038E05B5F350A7FA8FBE6C2DF3DF90E9004412040FEF,Z001023243375.pdf,F-3F260BA547D3B90B2125,FACTURA,EXISTING_GROUND_TRUTH,0,0.8349150096634007,0.8401362454187734,0.898853022427501,0.8080221919593549
798711A2CD575D42858450215C116F88AAB5045FF2ADB933E2FAFEA46C072DB6,Z001023267973.pdf,F-108FF89DFB4EC29C3343,FACTURA,QR_ARCA_STRONG,0,0.8291425018507954,0.820216259332786,0.8827073202165692,0.8150819258671489
798ACADC0DC6E998A0904781F508CB74AA1B009064F5615A92EEE05C3AA36790,Z001023242299.pdf,F-228C9EF1AF8B1DC387B7,FACTURA,QR_ARCA_STRONG,0,0.8213446524322673,0.8410048865249593,0.8900767472126834,0.8114664906965331
79ADF4E464CD5BF264A498AF625E2970E5CC8C04C0328A0860C11350DB57FBE3,Z001023350872.pdf,F-A69FDECE53AB69CF1845,FACTURA,QR_ARCA_STRONG,2,0.7164510973278944,0.7119965157106931,0.7866272543590878,0.7191839581999894
7AB8D2AB7B5229FA6F6AFB5F7329F783BD003B13322FB478B6176610993FCC87,Z001023306666.pdf,F-463F5D66BCFC1B95B4F2,FACTURA,QR_ARCA_STRONG,3,0.8016684471090774,0.8013870423832324,0.8625793698004385,0.7952094624036982
7AE0DBFAD8AA6A4A31D3D85770137B3AC98891809709CF8E9EC04FAD430D9BFB,Z001023321897.pdf,F-EE08C7103D2458E54189,FACTURA,QR_ARCA_STRONG,0,0.8171526339485603,0.682671686168007,0.8291781401295716,0.7299425192049549
7B3901E49FF57B75478E861F1A6EEC80C6FA8ED5B6BF3BAB44C8E8FC0989BB5C,Z001023268104.pdf,F-FACD83D8B4281A05571A,FACTURA,QR_ARCA_STRONG,1,0.820973580319523,0.737070417819495,0.8474116741973279,0.7536361496186056
7B719EB0767D781E74AAB6EFB62BA480BFEF3682904B68947E5F6415AFE1EE44,Z001023283878.pdf,F-4282D891EC4146496CC2,FACTURA,QR_ARCA_STRONG,3,0.8486622201858939,0.8153153399666507,0.8954055875530195,0.8347766972419991
7B88EB37D9D6D70AF24378E316B65C9A921DFF386F57347F7073D8AB98E0D99F,Z001023349832.pdf,F-EDBFE59229E8571451DD,FACTURA,QR_ARCA_STRONG,2,0.7571955715896714,0.7756373992976137,0.8411650008093214,0.7638234261712338
7BDA132A66DCC9019CACEC8C76D060F25F6AB5BC39C12E07860E24F737ADFF5D,Z001023242524.pdf,F-6A583E4107FD174FEE61,FACTURA,QR_ARCA_STRONG,1,0.8131811752088998,0.7414207921561983,0.8503248008958162,0.8038223980072718
7BE95791A9699A99D2073BA31B556C45CFA1A04985002C06CA6A36D57A86525D,Z001023283729.pdf,F-FACD83D8B4281A05571A,FACTURA,QR_ARCA_STRONG,1,0.8766349346326827,0.8338252545460453,0.9114529196995655,0.7391951235159867
7C73F1706B08D28FF38296AA93C83247D2B200F3EEF0D166BC1AF40FA14836FF,Z001023283737.pdf,F-EE08C7103D2458E54189,FACTURA,QR_ARCA_STRONG,0,0.7662401930408873,0.6442145042613391,0.7801356535980422,0.7138879162056536
7C7BEBD02F866B63C5475F1B0D0CA9C678F5D261548ED2C7B2B9D475D6383CC9,Z001023267265.pdf,F-1B5BFBE3C31B9AB023C7,FACTURA,OCR_STRONG,1,0.7013085808580629,0.6969681480023087,0.7659735856289351,0.6940558038237894
7C9BBDA23EDEB3A0E8084A1817DC926D7DBC841380E79E281F299282806E530C,Z001023283767.pdf,F-463F5D66BCFC1B95B4F2,FACTURA,QR_ARCA_STRONG,3,0.7868668008073396,0.7513298337070284,0.8318421898330933,0.7887156427683377
7D1382F1311C92CB388B27CBA3FA90D6ED16941AFC4AF91E2A72DC24D5315A75,Z001023305677.pdf,F-6F5CAF1E1AEEB43C5486,FACTURA,QR_ARCA_STRONG,2,0.8241176174016209,0.784955475952765,0.8698407222440641,0.75112338880006
7D43AB520097327C8645B32F08E408BD0715488AC01D3A360839A4652A9AC719,Z001023242290.pdf,F-FACD83D8B4281A05571A,FACTURA,QR_ARCA_STRONG,1,0.8013005652151429,0.739293790854408,0.8380567103086359,0.7363883182585123
7D71C224D23E5E0E8FD05C6303A4B986D06341EE722D4E62939389806BBE3471,Z001023410368.pdf,F-78FBBC0583221AAC5789,FACTURA,QR_ARCA_STRONG,2,0.7780679146722621,0.7123724691199368,0.8275516823593859,0.7521340261396954
7DB28C1CAEF678FB79B4D943F74C412E0324E467A85C015D65AD2D45783D057A,Z001023306669.pdf,F-38536FFE21B52E182513,OTRO_DOCUMENTO,PDF_TEXT_STRONG,3,0.5218825295698954,0.7164483645191164,0.6431489965477245,0.6090163179167308
7E3C212A4DE3A52AB3D18EEEE790C5BEE9D1117A682938855EF6EFA02DD3C4AC,Z001023454318.pdf,F-EE08C7103D2458E54189,FACTURA,QR_ARCA_STRONG,0,0.8591717606044279,0.7213810613276056,0.8720438798768377,0.7860035244042941
7E7C1A039E6FDE0D4120995D969E25093755D4C47653EAE9E1F5998F2454448B,Z001023410430.pdf,F-FACD83D8B4281A05571A,FACTURA,QR_ARCA_STRONG,1,0.8067410173886587,0.7854547581985577,0.8592585500520487,0.6956868679673185
7F7A01F689D121007DF3C9E807D55E966E785B4D8CAABB94AD8FBA25C27225F4,Z001023384920.pdf,F-EE08C7103D2458E54189,FACTURA,QR_ARCA_STRONG,0,0.8530629135176453,0.7691825333048431,0.8806572942664401,0.790154895565137
7F89F980F4355D93CED4B57BBB7F5AC404B25E081962D20F5702B8764B4066DB,Z001023268011.pdf,F-EE08C7103D2458E54189,FACTURA,QR_ARCA_STRONG,0,0.8451955025646043,0.7300189363489228,0.8619395795883795,0.7878623075142015
7FCBBC7B3E14E41EFA2F05C0FFC31F73B74BE9AA4754A639AD303E1AB0092CCE,Z001023337600.pdf,F-FACD83D8B4281A05571A,OTRO_DOCUMENTO,QR_ARCA_STRONG,1,0.4792991225922228,0.48734583085093625,0.47860697133186086,0.35921248371365616
804CDD532AB841FFEB1AD54F73379984FF6D48BEA5D7D4C710BDFB9B1CCA822E,Z001023384952.pdf,F-463F5D66BCFC1B95B4F2,FACTURA,QR_ARCA_STRONG,3,0.742227118635627,0.7686387180435089,0.8121827913390015,0.7479907139901631
80732A4F36964981412868A390392C3815A1B52925CB95D50E3226B76C2D868D,Z001023338060.pdf,F-FACD83D8B4281A05571A,FACTURA,QR_ARCA_STRONG,1,0.8757427344472999,0.8194392021216768,0.9062906542752066,0.7386197580870271
807889899EF0AE2BC479CE4CBA9EAE6C794B3C60373BD877FCA07C69C07B7AE3,Z001023266918.pdf,F-6F5CAF1E1AEEB43C5486,FACTURA,QR_ARCA_STRONG,2,0.850597569012475,0.7792466749331052,0.8813819566166323,0.7818942557422085
812B96A5165903BD78FF38B2AEF1A1F19C9B7A918FD69D7C7971BA8AE6D2271D,Z001023283868.pdf,F-FACD83D8B4281A05571A,FACTURA,QR_ARCA_STRONG,1,0.8082090974582572,0.7853232575189394,0.8586895878600375,0.6758773300619844
8173874885C059C33DCA43BD63631C379C8D8408C5FE4DD2A0159D6AE80E554E,Z001023410431.pdf,F-FACD83D8B4281A05571A,FACTURA,QR_ARCA_STRONG,1,0.8067410173886587,0.7875629244349971,0.8602216339843359,0.6994954978119438
817AEA31523ADF117C9475551788C73D2777CC744CB01A2044FF86D6CF7511A0,Z001023384973.pdf,F-463F5D66BCFC1B95B4F2,FACTURA,QR_ARCA_STRONG,3,0.742227118635627,0.7618840983597257,0.8081308124314361,0.7421775269401371
8193A4E9A6585242D05EB8ACF18447F4336689F1967F687D954668A223E10FEF,Z001023454440.pdf,F-463F5D66BCFC1B95B4F2,FACTURA,QR_ARCA_STRONG,3,0.7195901187871954,0.75251948495089,0.7885113243068812,0.7424197648103038
81C269CBD63398D8276C6BEED2874474C81506277DEFB3D4495032D773F4409C,Z001023336648.pdf,F-608FD94169B4B9CD50E2,FACTURA,OCR_STRONG,2,0.7819247851935712,0.7928683302892745,0.8464539368892078,0.7874458122124564
823B928CB06F23FDBB1AE300E298EA833F0F8F0F97330FE12A9934EBE349195E,Z001023385026.pdf,F-FACD83D8B4281A05571A,FACTURA,QR_ARCA_STRONG,1,0.8288302297901368,0.7945164359188276,0.8725758616244653,0.7248669353334208
82876378F7B9F89F134D15F817A4672D52B26BB9F047FDA734201116486A0AF7,Z001023350940.pdf,F-A69FDECE53AB69CF1845,FACTURA,QR_ARCA_STRONG,2,0.7164510973278944,0.7122651990776494,0.7865672922712257,0.7191839581999894
8297067AEF748F2AF13EAE298A7873C99F19F88F467DEAAAF71FBE64554AC1C9,Z001023478285.pdf,F-F47775882EC65DC9A64C,FACTURA,QR_ARCA_STRONG,2,0.6961468450419596,0.6054955973509436,0.7099188722471421,0.7016603100646689
82DF3F8548CD5894DD8BEA097182919DA8979018C3B51829AE23AC9FA75C0BE7,Z001023422111.pdf,F-FACD83D8B4281A05571A,FACTURA,QR_ARCA_STRONG,1,0.8040154829713412,0.7727988113770835,0.8547881268988555,0.7040909834003226
83814C2B24AE7A9CBB3110CF8C52F97E83B59540DDC596AF8F9A34DF483EAA65,Z001023305803.pdf,F-EE08C7103D2458E54189,FACTURA,QR_ARCA_STRONG,0,0.8529580416024211,0.7732176145288345,0.8827225149560853,0.7889318365802899
83E0306FF5707DBDEBFC9AD88A3634DF1D24B33FAA5A733B74A629090F74A53D,Z001023243348.pdf,F-CD94A06EDDC7590F7145,FACTURA,EXISTING_GROUND_TRUTH,2,0.6726392432699952,0.6224381108107078,0.7148659034116548,0.6654329817437522
8403289C618F5FEA6E985FE98C6A3F52D541EE0C6ADDA9901EA9F9CD942A1352,Z001023478161.pdf,F-FACD83D8B4281A05571A,FACTURA,QR_ARCA_STRONG,1,0.8661221410692874,0.8476412620641884,0.9122143334624024,0.7701804675673853
842594336FD1FDF9801D6F0769960B24152213A2368F5E5E330F898639CCCB13,Z001023410662.pdf,F-2225E7482E0C1A2CF093,OTRO_DOCUMENTO,QR_ARCA_STRONG,2,0.5895959556913161,0.7007868108143565,0.6577358703894978,0.6519693708140354
849C6ED1AD7AF7C311AB235C076CE496C3E2C6EDDC49C89E71131948C2006E88,Z001023266244.pdf,F-77DF7B7AF18627AF7CC8,FACTURA,QR_ARCA_STRONG,2,0.8035324646341924,0.6955151835765214,0.8360170437683918,0.7776204572744282
851F61E61DFAAF6BC623C446119DBAD3DAF975D0610ED36513CD523A63CD0CAA,Z001023267237.pdf,F-127BD2FBDD2CC031C0FE,FACTURA,QR_ARCA_STRONG,2,0.9030595037619011,0.8425910185223874,0.9263874545699826,0.896026033560806
856894AA5FE2533859664CB6A42A38E20E75D671519947D7D1CB319D0C15FA12,Z001023422220.pdf,F-FACD83D8B4281A05571A,FACTURA,QR_ARCA_STRONG,1,0.8160291202514351,0.7884897575073478,0.8622062671980151,0.6809699677211114
85D09583CD00F06641312ABE16A8461DECE1C4F6A1772729A662E7DD2583D322,Z001023305797.pdf,F-EE08C7103D2458E54189,FACTURA,QR_ARCA_STRONG,0,0.7251450110085826,0.5002660267268847,0.6667994617293165,0.6471713803303533
85D52AFF44CBF04ED95630DCC02108C8ABACF6CA5F68BDB19D81EA8EA045AB8C,Z001023321408.pdf,F-A69FDECE53AB69CF1845,FACTURA,QR_ARCA_STRONG,2,0.7164340335803687,0.7198464368199416,0.7893687731603579,0.719617686353536
85E85EF47B9912751729A2A2423C70CF214EEEBA2C81376F2AB82802F5F6AC0B,Z001023478147.pdf,F-463F5D66BCFC1B95B4F2,FACTURA,QR_ARCA_STRONG,3,0.8049627965742934,0.7457156100073487,0.8394648981295529,0.7997605967513429
864D7CD058492007F2D3B2F0D08B81E87778572F0731A9311D65D955C84E3BFD,Z001023385197.pdf,F-DA3D3ACC13A5AA5E9C71,FACTURA,QR_ARCA_STRONG,3,0.8760348343742719,0.8708529541586447,0.9208950454872434,0.8541894390161335
8662F4458951ACE801108DAF219E3855DB8F31FB6AC3684BE32913EE951852DE,Z001023466679.pdf,F-6F5CAF1E1AEEB43C5486,FACTURA,QR_ARCA_STRONG,2,0.8398212979890441,0.7332188635977278,0.8553464516557029,0.7599483710424445
86CF42382B6E9AD770AEC0D3AE61798DC0A5D85C59C8C47E0C5A267158045370,Z001023422398.pdf,F-FACD83D8B4281A05571A,FACTURA,QR_ARCA_STRONG,1,0.8592606525528064,0.8146332917627052,0.8980584679366047,0.7354633837834123
86F129C9F1A4A0BE0F30584A7B67D699707FA49D79769BBD4338B0601FA55D0F,Z001023436136.pdf,F-A63645627CE2D9A75BE5,FACTURA,OCR_STRONG,3,0.7550506184113636,0.7515625740674138,0.8176174524176304,0.754906837530549
870954EEF89AD892FD71524CB79D21979BD74318277339C21A2F4E388F06341B,Z001023321060.pdf,F-FACD83D8B4281A05571A,FACTURA,QR_ARCA_STRONG,1,0.8708347659516409,0.821485144911934,0.9020865485770754,0.7407482324792627
87B98EFA5585D960ED2FDD4D68C403CDC07905085C906C38415492B984527BA2,Z001023283898.pdf,F-463F5D66BCFC1B95B4F2,FACTURA,QR_ARCA_STRONG,3,0.7459412773051499,0.7275856913804706,0.7951344005961056,0.7043643727726396
87FB307AC4DDE601D5A4AF49775D540AF75DA22DDB8316C3B3391F8A7C8007DF,Z001023266942.pdf,F-4426261E80B33B17CD1D,FACTURA,QR_ARCA_STRONG,3,0.8377676097989112,0.8568035179639258,0.9061694834870908,0.760553530528103
8804BD85592572AD09BC337FBB10D3AF7DAAE81F939A9ADE2BCAE8B43DBCFEC3,Z001023385824.pdf,F-EE08C7103D2458E54189,FACTURA,QR_ARCA_STRONG,0,0.8183884559527759,0.6725686265739484,0.8263890441395325,0.755672572365281
8826A97C92D5F3C316493C87C2DE5C5E4F8EFC96A246003EED5011A5DCE39E90,Z001023267405.pdf,F-EE08C7103D2458E54189,FACTURA,QR_ARCA_STRONG,0,0.843777653923695,0.7323852046447958,0.8597335206322628,0.7797567111053738
883D67D2E7D0D4EE090C399C04207B516666CE7ACC6FC11E60DB07523F6763F9,Z001023243738.pdf,F-A9B670855B09AE1DC9A7,FACTURA,OCR_STRONG,0,0.8115716265862387,0.7350104152448991,0.8438875839037301,0.7659885684478073
8917BAA13BA61484647B999B3C2D3D200AAFA5D1966DAB78A37658F450646190,Z001023466514.pdf,F-52A8D3E535639BC9066E,FACTURA,OCR_STRONG,2,0.7075429420251372,0.7034696663813031,0.7773563759457474,0.7152491289127972
891B855C542CC48F533E16D15BF00298CF02C5AC66F8D05FB5ACEB99035D63DF,Z001023283701.pdf,F-EE08C7103D2458E54189,FACTURA,QR_ARCA_STRONG,0,0.79106869064832,0.6240716981655526,0.786860540357234,0.742969711447442
89928C1E1B667DF89D8DDE754377437390B3A7A7FE61EC4FF5E54F03662DA5B9,Z001023321056.pdf,F-EE08C7103D2458E54189,FACTURA,QR_ARCA_STRONG,0,0.843615943207401,0.7327268658665829,0.8661391788140825,0.7655230630011932
89CD8A66DBF9038B0A5FB43B087E7D847FFD18F69247614B77516C71D08316A9,Z001023283803.pdf,F-236B043AC3F54D78C0B5,FACTURA,OCR_STRONG,2,0.7450996800592978,0.6752715987504591,0.7809064965072183,0.7120018608491655
8A16B64A261F811B055D7C178CEFC6DE556D9EA6E4F88FAE4906ED7DF4A17D8D,Z001023336576.pdf,F-6F5CAF1E1AEEB43C5486,FACTURA,QR_ARCA_STRONG,2,0.8693296189356805,0.795295951628604,0.9002909885174071,0.7801598444631879
8A228DDBA1F27361B5E55C9A16414705BCB0DEFFF0F67CDC125BF5BFC309A446,Z001023267149.pdf,F-5C921C794595E71A586A,FACTURA,OCR_STRONG,2,0.6792842516903176,0.6586992925757709,0.7372277794215311,0.7019149015512142
8A57624FA0DD67FCE961474222F97F11BF484B659983C5DC45887E7449E274EA,Z001023242295.pdf,F-FACD83D8B4281A05571A,FACTURA,QR_ARCA_STRONG,1,0.888056789557801,0.8593102592650215,0.9264181022306602,0.7661330597496784
8A57CD9F3C877DF1239DA0B0C738D1B54278710B0EEBFD2C0ACAAC2814D57B99,Z001023410768.pdf,F-FACD83D8B4281A05571A,FACTURA,QR_ARCA_STRONG,1,0.8476198397850758,0.8034204934872109,0.8879319724946554,0.714465149645662
8A91BE697504E72D00894ED70CB136CFB447C037BEE877608EEE320D6097072C,Z001023435604.pdf,F-463F5D66BCFC1B95B4F2,FACTURA,OCR_STRONG,3,0.7763100969004623,0.7572002323239618,0.8337292040655954,0.7768351077431582
8AE6ECF9E7191B268BD8768575C99C1FAFBF4144627829B39D8BAC3B492D0CC0,Z001023243458.pdf,F-BF67793A8E4CE989ED42,FACTURA,QR_ARCA_STRONG,0,0.7707499547681785,0.7593681290119118,0.8277670102146062,0.790936822036097
8BB9D2636F55F41E4CB1CD002B4DBEBD24F0787A984AEF0D6EDDA69E4FA31FB3,Z001023266215.pdf,F-73AB37D8D5F65AA437FE,FACTURA,OCR_STRONG,3,0.7793440421171148,0.6871673942467867,0.7956174813737733,0.7764231808006237
8C45A084C0817A7DE45795105801B0C920364BC89F5DEB24DC52FEEF4BC7F17B,Z001023321159.pdf,F-EE08C7103D2458E54189,FACTURA,QR_ARCA_STRONG,0,0.8558527165372446,0.7207573876488846,0.8654035787122922,0.8096055105693541
8C634F1729311C6FB2EAAD3576538AD1DB5FD4A53E696C4CE0CDA7E48A9765D8,Z001023306147.pdf,F-6F5CAF1E1AEEB43C5486,FACTURA,QR_ARCA_STRONG,2,0.823220687740871,0.7618986667345005,0.856269381934824,0.7629805257054786
8C890D179D935AA3A1AE6E7063C8092384A4776D5709A94D6FDA0BE102F7DF46,Z001023305688.pdf,F-EE08C7103D2458E54189,FACTURA,QR_ARCA_STRONG,0,0.8647654407625753,0.7914523365621627,0.8947966235551521,0.803294028837787
8CAAFE798C6ACB7B58901EB74CAB329FA4B7ABA8669B73976F3978ED6F448F62,Z001023350415.pdf,F-DCC01CD6C3861C7E4C3E,FACTURA,OCR_STRONG,3,0.8047203653455584,0.7877426448681789,0.8620542219834277,0.771214503406645
8CAFBC6765404E297608AB4687884CA06F82332097FF1D3E8B9313AD1ADD5A88,Z001023284845.pdf,F-6F5CAF1E1AEEB43C5486,FACTURA,QR_ARCA_STRONG,2,0.7921788207141358,0.7600656703918015,0.8401785223016868,0.6945485119817802
8D4BA8C2CAC074E0F38FB7DC6F25F1E69D2F7AD95506AFB37797512AF3CD9B63,Z001023385164.pdf,F-EE08C7103D2458E54189,FACTURA,QR_ARCA_STRONG,0,0.8233365449464666,0.643887775713786,0.8171722666428374,0.7676962574807747
8DFA8CB9798CCF19F9BAF04C59F34058782E3DE9FF9A2EAB2E22F1B12D8AE149,Z001023321058.pdf,F-463F5D66BCFC1B95B4F2,FACTURA,QR_ARCA_STRONG,3,0.7563010094554109,0.7150521754790781,0.7966933222376187,0.7396717397175193
8E35C151859E5F6C0FE0F2832287604CE4EB800330CF83D4885A59869028FF43,Z001023455166.pdf,F-FACD83D8B4281A05571A,OTRO_DOCUMENTO,QR_ARCA_STRONG,1,0.49808364131044497,0.5108609946559421,0.5052590958193456,0.37171644190123326
8F110C4D92620DF0FF6B33FB5FE308E4DEB7C4A477D0C93B9A21E85AAED5B672,Z001023267213.pdf,F-463F5D66BCFC1B95B4F2,FACTURA,QR_ARCA_STRONG,3,0.811346650345626,0.7329450131591196,0.8351710640400112,0.8032372710914055
8F129D3C66E622121981D62EB4000AED739CC876C6DE502C2BE0EF424E12BDE8,Z001023337303.pdf,F-FACD83D8B4281A05571A,FACTURA,QR_ARCA_STRONG,1,0.8313750145070277,0.7860971220115331,0.8710099080710328,0.7399597563449108
8F9645E839D86DD3DA6DAD4B15036B8EE5B0918947E0C81D178CB952F2B2BE1C,Z001023466217.pdf,F-EE08C7103D2458E54189,FACTURA,QR_ARCA_STRONG,0,0.8195260628133705,0.6998821036763618,0.8318235423902216,0.7238664258023493
902E6570382C0FCC9D1AADCD56160F3B5E37DBF6EE4E82A32701D131CB87AA73,Z001023478142.pdf,F-EFE6E9C595B24436566B,FACTURA,PDF_TEXT_STRONG,3,0.724688098653368,0.7774340567196768,0.8167910715722168,0.6616067427302774
90A1BB6EE9300C81CBFEFC314D0981DAD827FCDD8D8E320E600B069A8E91E2CD,Z001023283880.pdf,F-EE08C7103D2458E54189,FACTURA,QR_ARCA_STRONG,0,0.7580562161825586,0.5806269538524431,0.7448055660056142,0.7019229844250356
910FBAEDB8A90071E399EA9EDD55831BA2A6C779D9DAD241867BBACA82768A4A,Z001023283875.pdf,F-EE08C7103D2458E54189,FACTURA,QR_ARCA_STRONG,0,0.8124685418493038,0.6487523392731833,0.8148301856582111,0.7427931193536622
917A02EE1496F0E6D19856E7F97EE8DD8F58D96DF995059690653F6D30B19708,Z001023306143.pdf,F-FACD83D8B4281A05571A,FACTURA,QR_ARCA_STRONG,1,0.8344123290414832,0.8015427539478458,0.8768219366754061,0.7482202095367549
91EF6960EEF82A58B41B31F3850C800E27EE8460970F884F1236ABB48F0F1FCC,Z001023467657.pdf,F-FACD83D8B4281A05571A,FACTURA,QR_ARCA_STRONG,1,0.7939573533992056,0.7674509887750558,0.8383862106013589,0.7264051222840331
920E2C2CFAD19BCFEF234DE870443978D3779498399D7AE818167099775D713A,Z001023454617.pdf,F-EE08C7103D2458E54189,FACTURA,QR_ARCA_STRONG,0,0.8595402323211342,0.6565524636644663,0.8506964015567329,0.7947877615240747
92233BB1C2523E96C1A5F3CC8390A7507D1776004268A5C883287CB5670AEA94,Z001023242554.pdf,F-EE08C7103D2458E54189,FACTURA,QR_ARCA_STRONG,0,0.8433583461572103,0.6833458126522497,0.845933524387221,0.7692904944903886
92914214759A1969F8F6DA6FC3EAF436EEC02704E5B3141C282C9D183B15D2BC,Z001023242560.pdf,F-EE08C7103D2458E54189,FACTURA,EXISTING_GROUND_TRUTH,0,0.8679548087935205,0.6700563761250617,0.865617739772546,0.7719702329038755
929808BE7D3DFA364E40A52C21EEE8C6195BCB4B2724BB30F5EA0E99E2964963,Z001023306226.pdf,F-780F613365E9FD4576C4,FACTURA,QR_ARCA_STRONG,2,0.804611496529389,0.6883657817435443,0.8160673186680637,0.7289167116694182
92BFEC9ECE7286787335775B1094ECFCB2C3109923B99EA70FEF48F100F7824F,Z001023266876.pdf,F-EE08C7103D2458E54189,FACTURA,QR_ARCA_STRONG,0,0.8409361612270732,0.7236280415814708,0.8561836785770334,0.7858050405382527
92EBBA53AD3476EC888E5D47534BFF0E73C340F8D58B63A2718AE92B6F7EAA21,Z001023243072.pdf,F-EE08C7103D2458E54189,FACTURA,QR_ARCA_STRONG,0,0.8371323218568839,0.7007505070168285,0.8487232333177606,0.7950336457552726
93036EEF1A8A5CF4FE20C745C5AAAB528059A8F2492D3A7BDA905B3194023657,Z001023410380.pdf,F-7D0D437DDC69268FCFC4,FACTURA,OCR_STRONG,3,0.8057924332872133,0.8326621663441164,0.8795064459653623,0.7848256484963382
9333843B9DBB69A2C5494D92C99720C003D8A7CC226D80A64758BFF00A433279,Z001023366207.pdf,F-463F5D66BCFC1B95B4F2,FACTURA,QR_ARCA_STRONG,3,0.7553063102145278,0.7063648887074075,0.791825913168682,0.7258200528608879
93946044DD9FBAB870A7B410A3C51061CF64CE6D44FB8D63266CAFD138D5D539,Z001023385696.pdf,F-AB9C3DF0812F557CBA1C,FACTURA,QR_ARCA_STRONG,2,0.7070028001596899,0.6716895681305085,0.7607357530645592,0.7011143479021116
93AA062D25DF63997A23155F5E7F14BEFDB6D08912A599345AF02B12FB9F12A9,Z001023478143.pdf,F-EFE6E9C595B24436566B,FACTURA,PDF_TEXT_STRONG,3,0.7454326635922766,0.7808143802867682,0.8294033458322779,0.6848678620511013
94C119398ED5B3AFEA5B60477FD47392E3AC13E10251C94531B1DB8A1E0A6C12,Z001023306248.pdf,F-FACD83D8B4281A05571A,FACTURA,QR_ARCA_STRONG,1,0.7951181488114522,0.7300088011656712,0.8248433302542731,0.7170069987272848
94F26C21757B539524ED76AA64629C18F390F9D0C9D4ABBBF5AF6484C0FC7528,Z001023435540.pdf,F-6F5CAF1E1AEEB43C5486,FACTURA,QR_ARCA_STRONG,2,0.8410559233433038,0.7642120980565211,0.8712431203212324,0.7700070228171016
95163FEC1BD2F3B4D199C764E42F2B6343270AAC8E142CBF8A7CEC976D87FE34,Z001023266253.pdf,F-EE08C7103D2458E54189,FACTURA,QR_ARCA_STRONG,0,0.8389043426605627,0.7151481374288108,0.8554726252498872,0.788979424099256
95506FC26A8105240416CB0915A50736B594090DDC122EDF482039DCEDC947B8,Z001023283741.pdf,F-EE08C7103D2458E54189,FACTURA,QR_ARCA_STRONG,0,0.8056271802923106,0.6907814251941411,0.819532988396472,0.7336572235434328
9596624061FEBDAE035772A32CC975D358B4BAA9C1833EE21ADB485E2B0B06D3,Z001023266251.pdf,F-EE08C7103D2458E54189,FACTURA,QR_ARCA_STRONG,0,0.8480733908598697,0.7269296867023135,0.8696718263558169,0.7760705967931352
95AF2B3D9E304F20830DD6D2986A230CE395D8B5FDA0B8BBC25E9B9E712B11AE,Z001023423284.pdf,F-2225E7482E0C1A2CF093,OTRO_DOCUMENTO,QR_ARCA_STRONG,2,0.45986839029931575,0.6732903521647694,0.53342246350186,0.6027426265677533
963E9941D8D3A90BDACCFDDA949B7EEDD535A2ED456FA063B67893EC4D759786,Z001023242559.pdf,F-EE08C7103D2458E54189,FACTURA,EXISTING_GROUND_TRUTH,0,0.8055098298219151,0.6985281507316656,0.8255019637291748,0.7412898908688297
96E5DB8CB4E34D8387F0D1C5DFDB2FC75F190834A0060BAE5C85B04C3E6828A2,Z001023351267.pdf,F-2D5EBBA8FDC9D9E26FC3,FACTURA,PDF_TEXT_STRONG,3,0.7837717018390449,0.874144755995896,0.8878593700589756,0.7671536410709943
9723AA331B89D1BB3AA42628C6D4FA1453C8ADB972AAC5EF26D433E659A76C2E,Z001023410636.pdf,F-6F5CAF1E1AEEB43C5486,FACTURA,QR_ARCA_STRONG,2,0.7968878985421767,0.7741825798308551,0.8497724850164458,0.6988269536927905
9768F6CDE07116724DC86D4402184228B3963B7212E3287188A4EF9420F3498B,Z001023306224.pdf,F-EE08C7103D2458E54189,FACTURA,QR_ARCA_STRONG,0,0.8539049684923073,0.7000319514127914,0.8587590501205087,0.7749650064677484
97EF8934F37425A7635624C8A636DD08FAEC908D41213138991513DAB7E1CD95,Z001023410762.pdf,F-FACD83D8B4281A05571A,FACTURA,QR_ARCA_STRONG,1,0.684294257338469,0.5847141739184808,0.6924495616118307,0.5689509225360504
97F4874BE79DAC5C72D00B028F6DCBA5564049CA077E6301C7AB4AAD37088BC2,Z001023467586.pdf,F-EE08C7103D2458E54189,FACTURA,QR_ARCA_STRONG,0,0.8299815687251589,0.7055605996151411,0.841859373741106,0.7625762590720736
9801EA3DCCCCE81A20C1A1FCA6BD057BE02056D5F6AF7568416C159F8EA6F42C,Z001023337601.pdf,F-FACD83D8B4281A05571A,OTRO_DOCUMENTO,QR_ARCA_STRONG,1,0.4792991225922228,0.48854259999107796,0.4793232859264667,0.349607006153218
983D750D5EF18AC380DF1970A9338EF482746FD22CD81031BB2DD981CB738ED0,Z001023266853.pdf,F-6F5CAF1E1AEEB43C5486,FACTURA,QR_ARCA_STRONG,2,0.8057388065096718,0.6981867581405033,0.8222515178662568,0.7452573636921798
9857D4FCBA430BA90EA4E715013F3C02EBAE08FA6C857E1E859CBF2BA9341BAA,Z001023384987.pdf,F-EE08C7103D2458E54189,FACTURA,QR_ARCA_STRONG,0,0.7368675532951615,0.7281031029017991,0.789518480534168,0.722997098252111
9893646420FB567085B74B4A937F0D07B988E41AE80615EEA9A62DBEED6CDEB1,Z001023321693.pdf,F-FACD83D8B4281A05571A,OTRO_DOCUMENTO,QR_ARCA_STRONG,1,0.5188470955875031,0.5219187731302959,0.5275458881572295,0.3990954365888161
98A548702408FF5D0DB0A54BEE501A1D25F8C84FFE702021E9855B960A54E722,Z001023242876.pdf,F-EE08C7103D2458E54189,FACTURA,QR_ARCA_STRONG,0,0.8602692116468112,0.7189188787842804,0.8701911740619849,0.8033052960966413
98BFC5FBFD9E19FD42CD4283A46B1DEE806AC72DEE45AC0FA82BD83E7889FA01,Z001023422215.pdf,F-3425847B1228DCB1FFC6,FACTURA,OCR_STRONG,1,0.7299601150999395,0.6735386482036205,0.7777357173446866,0.7123581163119297
9932F1579D3D31F9152C31290BB269430324462F86D6E6DB78C53961C9700F23,Z001023337430.pdf,F-F2B443493003CF983276,FACTURA,QR_ARCA_STRONG,3,0.7704329635688242,0.7708915993157477,0.8306662123812333,0.781561421372482
9945BBDC4DD33F425D4878C2F17FD844168E1F483FE51F229EF5A019C7E4AFB6,Z001023466171.pdf,F-EE08C7103D2458E54189,FACTURA,QR_ARCA_STRONG,0,0.7943300005559024,0.5764709347555703,0.7702148305023402,0.7396290107827651
9A3FC7437BBDF8BFE19FD65198BFA9BE76A63DE5BC8E0AC1CEFB3E77373FF816,Z001023266916.pdf,F-EE08C7103D2458E54189,FACTURA,QR_ARCA_STRONG,0,0.8627709591333745,0.7041035824092583,0.8655972529079465,0.822784960432432
9A4E64C46A21F76C881907BBE1648F5700C42A24EFCB8257BA7244BB01A0CBA9,Z001023351390.pdf,F-6F5CAF1E1AEEB43C5486,FACTURA,QR_ARCA_STRONG,2,0.8392861089894914,0.774756412815168,0.8765316770553834,0.7085589736445382
9A9BB0F6EBA54E0D0C25731245270AB989933DF8900A72CE130827CA53B2B37C,Z001023283745.pdf,F-EE08C7103D2458E54189,FACTURA,QR_ARCA_STRONG,0,0.8683738783920064,0.7403148502697314,0.8806913796373451,0.8033339146562419
9AABED26F462B478F277F7E592AA3983B2B9DA888D474F4C93B7A6CEC27AC52F,Z001023306105.pdf,F-FACD83D8B4281A05571A,FACTURA,QR_ARCA_STRONG,1,0.8430808425020974,0.8010540511416823,0.8837795667118264,0.7136981063650926
9AAED50A220E4A59ABBF846248504B1D06023155CCF6AE05B285763B532811D2,Z001023306250.pdf,F-FACD83D8B4281A05571A,FACTURA,QR_ARCA_STRONG,1,0.7702643812215283,0.7355710175695146,0.8166696512371951,0.7091958735306326
9B05799CEE418B6AD0B0876E23A97CDFF1A952C1D031EEA3D6672EABE7EE762E,Z001023423180.pdf,F-FACD83D8B4281A05571A,FACTURA,QR_ARCA_STRONG,1,0.8530129934370297,0.8020827333238805,0.8895870647164357,0.7338125521920672
9B82B28BDD8F2617C32E1D8C71705EC2AFC2FCAC71747661CA85C65B08D4C6A5,Z001023266213.pdf,F-EE08C7103D2458E54189,FACTURA,QR_ARCA_STRONG,0,0.867732148546,0.7309108732235772,0.879778122508245,0.798525109417014
9B84CC3980E75FFDADA63A4445C66561B2DA457969B183C72D13ABA914AC9F92,Z001023423305.pdf,F-19E3E2219E79C363F63F,FACTURA,QR_ARCA_STRONG,0,0.7571409061974264,0.5812164566052995,0.7238913691107838,0.7744186537620412
9C18A5DF27D90556C236651C9E32EE1BD4DAD8D191218BBE8F932CF45131DB46,Z001023467448.pdf,F-6F5CAF1E1AEEB43C5486,FACTURA,QR_ARCA_STRONG,2,0.7795385695737842,0.7063659412310117,0.8060393804032226,0.7153993126748804
9D89F0FF0433FB4667E9F658F85408E09DB8586C1753019CD4818FCF59108DD4,Z001023423306.pdf,F-19E3E2219E79C363F63F,FACTURA,QR_ARCA_STRONG,0,0.763795206780713,0.5749107758781031,0.7261385808895156,0.7847049069120768
9DDDFEA33E7D9998B202D66E6E3A87FD499E8288F62B8673B1F40A66CF8D51C9,Z001023305698.pdf,F-FACD83D8B4281A05571A,FACTURA,QR_ARCA_STRONG,1,0.8489374157863266,0.810733550705927,0.8918635959397321,0.7419466864811712
9DF67317E84209D40CCA4D2D55047395A7C689394841DA25A86EA70932197DE8,Z001023385020.pdf,F-EE08C7103D2458E54189,FACTURA,QR_ARCA_STRONG,0,0.8491102223184515,0.7379178825396967,0.8642891284097924,0.7972337472601364
9EB38CEA6E16E710A4E5B014188A0DC4835DD1FBAA413A03598D80E848C1387C,Z001023305676.pdf,F-6F5CAF1E1AEEB43C5486,FACTURA,QR_ARCA_STRONG,2,0.8221173202530679,0.7845588433367451,0.8687313283861952,0.7523553843018065
9F1FAB628AC6821BA46DC7E63EBA5FA271E91CA180DD9522615BEC3B8D3F396D,Z001023321064.pdf,F-D9558DFA49CDFA0EC574,FACTURA,OCR_STRONG,1,0.6978288379036199,0.6787383612438639,0.7517185676864016,0.7114296864083611
9F20D5A914501086136BFED9B88E8DC91452B65E0BB36A48060A33152C56A332,Z001023268014.pdf,F-FACD83D8B4281A05571A,FACTURA,QR_ARCA_STRONG,1,0.8007513849765081,0.7846263227634231,0.8526661352157486,0.6831838553713839
9F3EE50DB8332F50B686622FE67CF9DA5389B73AF85744453A7B53B450F624E6,Z001023422276.pdf,F-3011CA8E0F20D09184FC,FACTURA,OCR_STRONG,2,0.729628696535647,0.5837426741386675,0.7379977782173571,0.7523004641320064
9F78FE8E80F379C7E339E5BD0FB8E4DDFF88B93D72D57F1BE6B0ED3DC77C6DCF,Z001023306249.pdf,F-FACD83D8B4281A05571A,FACTURA,QR_ARCA_STRONG,1,0.7951181488114522,0.731473947444395,0.8256479727223004,0.7396626558464157
A034D9BA8303AFB573D6F5823B1C9E16413A56593500E3A00A732D1BED52F326,Z001023266917.pdf,F-FACD83D8B4281A05571A,FACTURA,QR_ARCA_STRONG,1,0.7997683211578406,0.7674065970722329,0.8469817620338245,0.7543363277981784
A0A5960905B6EC78058181CCC8AC0CE5CC894945AB6D97889A599934D2BE636E,Z001023321692.pdf,F-FACD83D8B4281A05571A,OTRO_DOCUMENTO,QR_ARCA_STRONG,1,0.5188470955875031,0.5232817659481332,0.5283516187784288,0.3982665338156782
A0E70952B21704A19FED7D35D964ABE1A3D24F66EE60C24069DB3658A23852AD,Z001023321302.pdf,F-EE08C7103D2458E54189,FACTURA,QR_ARCA_STRONG,0,0.8558677317679112,0.7479647112198395,0.8778954498815318,0.7882674190029165
A0F2D39A8CE046149BC6B737E3B5A91F401B2B0508266B23F02FFC5C1881C20C,Z001023306667.pdf,F-46CBE2F2FC989AC0304F,FACTURA,OCR_STRONG,2,0.7056980123237601,0.6925736239227739,0.7651555841751353,0.6986944363270494
A1D50F46C5C96EF705178501DD55652D1069DE6B361A845D599F13098446FE80,Z001023466496.pdf,F-52A8D3E535639BC9066E,FACTURA,OCR_STRONG,2,0.719665161293506,0.6962975838271205,0.7811567390204613,0.6960556779257926
A1F9B06618E591EB2B3C76518F428FB788547CC1AA53E9544A4A11980A206B57,Z001023386100.pdf,F-EE08C7103D2458E54189,FACTURA,QR_ARCA_STRONG,0,0.7970206523654206,0.5787259039689759,0.7742751846759802,0.7384493961804554
A23CD835EFAEDB3FBA5B0DBCC69F01FFE20FA74C641B2699E3DA9074A50D1EBB,Z001023242262.pdf,F-FACD83D8B4281A05571A,FACTURA,QR_ARCA_STRONG,1,0.6974768302523148,0.6864192037974658,0.7424323013298917,0.6742985695443835
A2590908E0A0F8CD902C54D81652BA2354723E2A5C0056A2E29C7AB3EC3A445C,Z001023305708.pdf,F-239031FB24D11A1289E7,FACTURA,PDF_TEXT_STRONG,3,0.7855307877734828,0.8380825225912193,0.8743646164571354,0.7417036370031345
A2928B01A4CD36732A28C69D98E877A906A6EB383769402661C8ACE6EAF9A0EC,Z001023242301.pdf,F-6F5CAF1E1AEEB43C5486,FACTURA,QR_ARCA_STRONG,2,0.8138997248108596,0.7704679881268652,0.8600054703338577,0.7738862834330513
A2BF3657EE083148A054B3F7110C884140B3D69930E58683F957FBAAA580D827,Z001023266234.pdf,F-EFE6E9C595B24436566B,OTRO_DOCUMENTO,PDF_TEXT_STRONG,3,0.6317812641898262,0.6887564592806091,0.7101888757431578,0.5447779976375489
A2D1529D28326B4E8B236A002CD8E46D89D846C50E49B31D238067347F7D0223,Z001023467622.pdf,F-FACD83D8B4281A05571A,FACTURA,QR_ARCA_STRONG,1,0.8257044500022237,0.7804472839391413,0.8643256831197471,0.6755216306225659
A2FDAD9EB62F9728D4A1369E94F1ED407FEE978FAA53FE7BA5035339AB1F6052,Z001023268102.pdf,F-FACD83D8B4281A05571A,FACTURA,QR_ARCA_STRONG,1,0.820973580319523,0.7366930577751666,0.8472029386640301,0.7618447959669615
A47A2D7859BB08A65A7C8003656803C777E38BC94F7F27EEA4AD1CD8FD5B80FA,Z001023366209.pdf,F-463F5D66BCFC1B95B4F2,FACTURA,QR_ARCA_STRONG,3,0.7446510561941057,0.6862634283180489,0.7762174432369852,0.7177078888037267
A49F888D274CFE65CF21EB1527C95105513D9AC250238EECF5F46A3791478CBA,Z001023385162.pdf,F-FACD83D8B4281A05571A,FACTURA,QR_ARCA_STRONG,1,0.8625108312445507,0.7921487986387569,0.8913755678361109,0.7726399115213888
A545E9BB46897229592B7E4460C235D68B749F58E268ADED69BEEC775BA2D440,Z001023397974.pdf,F-FACD83D8B4281A05571A,FACTURA,QR_ARCA_STRONG,1,0.8183453003550929,0.8000689630723181,0.872568689645536,0.7337723962956503
A5D596CC95D40058EBAB004E9B7D0CD5CDFC8C026CECA39BD2985DA63EE8C44C,Z001023478406.pdf,F-463F5D66BCFC1B95B4F2,FACTURA,QR_ARCA_STRONG,3,0.732883264661955,0.6880450689151772,0.7689519163306476,0.6970654438801238
A5E0A23B19304BAD637E744E9B4ED12D8BF3377521ABFE8FE73049F7EFE47335,Z001023397807.pdf,F-EE08C7103D2458E54189,FACTURA,QR_ARCA_STRONG,0,0.8456424820056297,0.7310948177893832,0.861716615022104,0.7883099763346161
A662CA0C99BF602548B39BF259B01A4AAA2CA1A594534D0DA328D370E6F32C99,Z001023410556.pdf,F-EFE6E9C595B24436566B,FACTURA,PDF_TEXT_STRONG,3,0.709755631226419,0.7916788213439143,0.8151987893384663,0.676426002278543
A69004CE99B64253517BF67479A39AC4E7E2BD6E61A8B7FADBEB43AC4D98FC7C,Z001023283693.pdf,F-EE08C7103D2458E54189,FACTURA,QR_ARCA_STRONG,0,0.8269135230715499,0.6933068569047729,0.8366162990399371,0.7631959502845501
A6AD364B22617D413C3D16E1E057C22B686A19E8B85F6EF90F69BB3E880031C2,Z001023243747.pdf,F-EE08C7103D2458E54189,FACTURA,QR_ARCA_STRONG,0,0.814739322361425,0.7252950153862839,0.8359334766372739,0.7864186714176717
A75839AE32A6A29EBB6CF64EBE45427C346DFFE51E758D5F04D903FC28147D87,Z001023243181.pdf,F-C4297C930D025E93CCD8,FACTURA,EXISTING_GROUND_TRUTH,2,0.6890591158123187,0.6514592481371745,0.7318973237262141,0.7393181102520374
A79E9B562724ACB0A285620DB140ED3B6F52FCDA4E72FF31363A24D15A583A4E,Z001023243745.pdf,F-EE08C7103D2458E54189,FACTURA,QR_ARCA_STRONG,0,0.8698595437330227,0.6790110863423967,0.862970422915198,0.8108093454641112
A7BADE04443004116FBA8D61734FD935ADA2B9C23ACC045FDB2BD7DE36EDEB9E,Z001023350018.pdf,F-78FBBC0583221AAC5789,FACTURA,QR_ARCA_STRONG,2,0.6900859864783457,0.6438866485313146,0.7370235342584956,0.6722383574998428
A7D0D177D1CCB130C093C3F5B09AC3F6AA32332F776804B281CD0D36015BDB72,Z001023321057.pdf,F-C0D5A81F1B3DB1BB1203,FACTURA,QR_ARCA_STRONG,0,0.7941583594928996,0.7771716459094126,0.8447994639610189,0.792889334289323
A7E2D050AE6A451E8D7031F3B2CD5C0C7D46028B7C0A78F2B615E19B29272657,Z001023466454.pdf,F-EE08C7103D2458E54189,FACTURA,QR_ARCA_STRONG,0,0.8126748509094938,0.6340007448297429,0.8119819219702278,0.7379810475196076
A7EEF61CBC21D206720339275678C25A6C47A3A09E9DEB38D901E03BB5657EAA,Z001023306568.pdf,F-236B043AC3F54D78C0B5,FACTURA,OCR_STRONG,2,0.7512236225082528,0.6741313425991935,0.7868250721710903,0.7281739888902683
A83A954DC4B57E16CA65F339A6A32389B871478C19D83616338C312E3DADC07C,Z001023397661.pdf,F-13D60871A95205707260,FACTURA,PDF_TEXT_STRONG,3,0.7864221092929626,0.8205365496140996,0.8653568614556271,0.7724376327788316
A88C6A4751F9912D9305D03EB3776DD14B96B8396F98F48331068504D008E6CC,Z001023266210.pdf,F-FC4D9BFCF265DB5A7DB7,FACTURA,QR_ARCA_STRONG,1,0.7921858804375811,0.7546053334318008,0.8449831468210595,0.7225913031443164
A9133411F1F9F53089FBF5901269327CF6662B8D9095A0E75851ACE6455ADC46,Z001023321399.pdf,F-9CDD0F79654F6C629C58,FACTURA,OCR_STRONG,3,0.7808983653317276,0.7426659780414618,0.8261990927628586,0.7306728032336646
A925841ABDBBBA3C4CE336C59731CF70CB6A8671AF5CEC26DBDF467A5D92B27F,Z001023267974.pdf,F-108FF89DFB4EC29C3343,FACTURA,QR_ARCA_STRONG,0,0.8417005121985809,0.8409206600969827,0.8968139515440741,0.824850511866349
A92813FAF3F630A2BD56EE3BFD4698B7F02E73AB258E69060425422B9409202C,Z001023336318.pdf,F-463F5D66BCFC1B95B4F2,FACTURA,QR_ARCA_STRONG,3,0.8102436001526762,0.8242157847943598,0.8785476400668237,0.7883880344422738
A96DEE1D6A7E23D5E68607C65FF20DCFE740969199AAC8736E42D59AE4730A2B,Z001023305774.pdf,F-127BD2FBDD2CC031C0FE,FACTURA,QR_ARCA_STRONG,2,0.8735878183424154,0.8123341985538266,0.8989350183309912,0.8814991206113243
AA84C3A4E4924686D838376E09090FD10087194C01C07A5EA950C292EF7C5773,Z001023305694.pdf,F-EE08C7103D2458E54189,FACTURA,QR_ARCA_STRONG,0,0.8387654860976178,0.7060934078474516,0.8508203852960444,0.7421511378244655
AAA58F0519E8973AF3E81F35297B296B0C1596C01E87249708FF250200CB4755,Z001023305815.pdf,F-C4EFEA98CD9D9490E678,FACTURA,OCR_STRONG,2,0.6416971688474127,0.6353012610275267,0.7000933368024523,0.7014181992372582
AABF7B716F6EFB57A9B2A94209DC35148FE057B9591E0019F999ED73BEC22319,Z001023422339.pdf,F-FACD83D8B4281A05571A,FACTURA,QR_ARCA_STRONG,1,0.8485086055032144,0.8060544377782374,0.8858928807306897,0.7452685362421853
AAF93BE68662AE6CFF480483FCE1E287B6C015A1639FDD0D222FBB2ACE8EF0EA,Z001023350215.pdf,F-DCC01CD6C3861C7E4C3E,FACTURA,OCR_STRONG,3,0.8047203653455584,0.788686439778885,0.8625073738795968,0.76073521808202
AB024B93E8B5777C028652601EEB9B237BDF2C8F8FFEF47DED32E4E522CD8A98,Z001023266217.pdf,F-73AB37D8D5F65AA437FE,FACTURA,OCR_STRONG,3,0.7793440421171148,0.6884786694014596,0.7962178284121316,0.7764231808006237
AB0C583E646597C83850FE9C08448F796CBA142A0E028D788A4966911C47F5D4,Z001023268128.pdf,F-22D8B0B2BC197D116017,FACTURA,QR_ARCA_STRONG,3,0.6822162225268892,0.6184342684883707,0.6974432160758961,0.7636401848289402
AB0D83C3DF9CFBA31A1263817C970E11E1100483FEAEB9FF1B3648423B98EC50,Z001023384968.pdf,F-463F5D66BCFC1B95B4F2,FACTURA,QR_ARCA_STRONG,3,0.742227118635627,0.7572795013582682,0.805879777327454,0.7489004661908316
AB884F3366C4525F87C6694CA20947481EF300287DE4867EB133E4C54BBFC69F,Z001023267803.pdf,F-FACD83D8B4281A05571A,FACTURA,QR_ARCA_STRONG,1,0.7978410195265963,0.7392874576412749,0.8347737796807886,0.679337433801024
ABDDFA8881E4CD0ED1415E127247052AE060CE64BD2FACE5989B2E277F168543,Z001023266919.pdf,F-FACD83D8B4281A05571A,FACTURA,QR_ARCA_STRONG,1,0.8645420793331097,0.801185681849364,0.8924441852080957,0.7648873182076281
AC42650CDBF054A8D47F42B00BB5D1DC80ED46BF8F1B3CAE8266DB2B168C2931,Z001023454914.pdf,F-463F5D66BCFC1B95B4F2,FACTURA,PDF_TEXT_STRONG,3,0.7973643865689956,0.7298481410184741,0.8312493426563926,0.7782220166424603
AC7F51DCC99C3BC48F1274A5EB79215443AF73810C32D0DBB5F765BBCB40E660,Z001023397928.pdf,F-6F5CAF1E1AEEB43C5486,FACTURA,QR_ARCA_STRONG,2,0.834847184779687,0.7690512336139343,0.871704939588003,0.7751535391386151
AD2799635E27A7E0E1451185C9AC53A3007944660C2909B4A3901B48049DFC74,Z001023337405.pdf,F-FACD83D8B4281A05571A,FACTURA,QR_ARCA_STRONG,1,0.76638335222855,0.7427011406402763,0.8130908008943722,0.6910982408588324
AD38ECC329BC2D1D9C7EB6B476156A3E757E51B81A8781D479A9C382D6413B41,Z001023266943.pdf,F-FACD83D8B4281A05571A,FACTURA,QR_ARCA_STRONG,1,0.8502575933728918,0.8333111550248568,0.8964440566539884,0.7517229544615053
AD8BFE9C96C26C6BB914E83C6621C9708F3AFF672AF75B6AB01CD9C0EAE75AC0,Z001023266855.pdf,F-6F5CAF1E1AEEB43C5486,FACTURA,QR_ARCA_STRONG,2,0.844016242433119,0.7530038263484331,0.8695765126999926,0.7581000848272736
ADDFD63B7C42F1260D78911245A68E078B8F253673927689B4CC49220FF7EB57,Z001023454959.pdf,F-FACD83D8B4281A05571A,FACTURA,QR_ARCA_STRONG,1,0.8365530079185445,0.7894742838559179,0.8716159598082055,0.7543248051864432
ADF2DA89D38748AA9C10DF753D455E11F4A6C39815FD1E071DF87AB7A230CAC3,Z001023410435.pdf,F-EFE6E9C595B24436566B,FACTURA,PDF_TEXT_STRONG,3,0.709755631226419,0.7833270311407542,0.8109183894428046,0.6750744475560816
AE48F358ED15E164307B6F3416EA2A65B1ED9601E64C1F0F9578C8454C395CA4,Z001023268015.pdf,F-FACD83D8B4281A05571A,FACTURA,QR_ARCA_STRONG,1,0.7811208058026596,0.7652441470948483,0.8315478093774293,0.62648327688464
AE5F33D11E36020FD2D0004B7D7F0E29834D1846F3753696CE2E377BA6990089,Z001023435977.pdf,F-38BC11F2F1438B7B9147,OTRO_DOCUMENTO,PDF_TEXT_STRONG,0,0.6586999664738126,0.7362528930007054,0.7259992973171048,0.6631370323462515
AE6555FAEED3F6DA119B234934065DE34014B600D497678D3CA282EC4EE3AFAC,Z001023385021.pdf,F-FACD83D8B4281A05571A,FACTURA,QR_ARCA_STRONG,1,0.840137977445283,0.8005168797873355,0.8785263389604753,0.7280896739708327
AE91E3C556FA0456BA47EC97C0EADF80B7682FD588FAEFAB92CE30C32903AB22,Z001023478144.pdf,F-EFE6E9C595B24436566B,FACTURA,PDF_TEXT_STRONG,3,0.7454326635922766,0.7806180497432981,0.8292087154532366,0.6933261486446554
AEDC467B81545A573C8CF5C8878CF82047F638848F57F6CCD09D6E39D8261EEC,Z001023338065.pdf,F-C04B37B1724168DE2084,FACTURA,QR_ARCA_STRONG,3,0.754501012542352,0.7687248698395908,0.8278109122443775,0.7555068782487733
AF8B6445B3070AB2870510DFF2CAD430EBA17F2CDE35338DFBAF13D2E9EDA8A7,Z001023268100.pdf,F-FACD83D8B4281A05571A,FACTURA,QR_ARCA_STRONG,1,0.837287756052883,0.7513906208592362,0.8600560136107545,0.7472981784020302
AF9E13927BD6123DA16DE0369AA7435A2892D4D71E8A0B3863F85C6A5E30455A,Z001023242882.pdf,F-F47B73E9F9F7F5973BEB,OTRO_DOCUMENTO,EXISTING_GROUND_TRUTH,0,0.6375600756091654,0.6150237748775622,0.6489656016494617,0.7235523486145179
AFB2A16FE5967F1096CB2532D6F726831A460843CB1618E3F75A29899EF26F3D,Z001023397601.pdf,F-6F5CAF1E1AEEB43C5486,FACTURA,QR_ARCA_STRONG,2,0.8115520602299627,0.7050112067297342,0.8317613328670148,0.7078226868157252
AFD04E98404202094A303416378E65BFF378DACC29438FCCB31F15E5DA76A62D,Z001023321113.pdf,F-319491FEEAF6386D99BD,OTRO_DOCUMENTO,QR_ARCA_STRONG,0,0.8546956273812901,0.8285066908053602,0.8958630243065274,0.830337692088005
AFD94A7738464B799D40D6192E9DD1BEEC6A0D45A535AACFA3EDD16D0B16F057,Z001023349975.pdf,F-6F5CAF1E1AEEB43C5486,FACTURA,QR_ARCA_STRONG,2,0.8443411576234013,0.7887614885456715,0.882281595360104,0.7706763465001029
AFF82FA6EF3277DD84FB0590FEFDAA94384C7C16B8DD7E888E0AC3694B287D74,Z001023385195.pdf,F-463F5D66BCFC1B95B4F2,FACTURA,QR_ARCA_STRONG,3,0.7572413992647813,0.7569078633711293,0.8210294940292521,0.7733004852690152
B037CD5D6C3DBFE242C1D48A41B2E684E3A06C137605AD08407CCABBF0300E9C,Z001023410269.pdf,F-FACD83D8B4281A05571A,FACTURA,QR_ARCA_STRONG,1,0.7652944889549714,0.7645218322214025,0.8236188726621141,0.7194906005398763
B0A4197888EA55EB0525400667380D7303F51FA37116676CBF8C89C3C4576029,Z001023306241.pdf,F-FACD83D8B4281A05571A,FACTURA,QR_ARCA_STRONG,1,0.8155736379128112,0.7846899315217007,0.8633706875217173,0.7365272671468694
B155575B3E5AA921C9BE814DB5AE231CE4A154F9464C903FFF45753EDF9BB098,Z001023267779.pdf,F-FACD83D8B4281A05571A,FACTURA,QR_ARCA_STRONG,1,0.7978410195265963,0.736409613361881,0.8336213477867379,0.67606340169932
B183B3C2FBEA842AA2E1271A4F4F99AD84CB291E37911A846655D8B7C3B6F0F7,Z001023338056.pdf,F-8FB0C271F20EAB3092AA,FACTURA,QR_ARCA_STRONG,3,0.7514257770817628,0.7483047460396582,0.8158702107784966,0.746779807176262
B1F31AE8A9C37651E9BE2101CEE69DF9D9BB484E351A2EDFE5EFAD605EC5491F,Z001023398537.pdf,F-DDD398632A8E3710DDB0,FACTURA,PDF_TEXT_STRONG,3,0.7033729914418934,0.690568444307096,0.7535629893687291,0.7407848621012568
B22A76E1E4FD31EF224C10ACFE0E347C516EF33BA7C3ECF2F5490502A042BFD9,Z001023366958.pdf,F-463F5D66BCFC1B95B4F2,FACTURA,QR_ARCA_STRONG,3,0.7113675961329898,0.6948248161319289,0.7556769739877373,0.7028064442219434
B261F434C6894AF945296D248F09A6B8DFCADCFD119DC890EDE995D62C59E4AB,Z001023410764.pdf,F-FACD83D8B4281A05571A,FACTURA,QR_ARCA_STRONG,1,0.8672902956501326,0.8549121325155983,0.9170320930434621,0.7027853722393398
B2997181C2966B7D939278DE583E1C455291A7919335F007B8E7502E8FF7BED6,Z001023384953.pdf,F-6F5CAF1E1AEEB43C5486,FACTURA,QR_ARCA_STRONG,2,0.8747748376863882,0.7779627635959315,0.8974244953363032,0.784573194371206
B2A0FCE48A8A078C9FDBA7A34DFCC9B8B282947AF09EF609C4F2A424AA6F13D7,Z001023321066.pdf,F-F9F97E5234AB53CA8EDD,FACTURA,OCR_STRONG,2,0.7296028771258233,0.7084653816849485,0.7880852445515998,0.7503439250398423
B2C834CFED8E0CEFDFC52915E35EC7F7E4E3C09E73B77FA068A55848357A78DA,Z001023283763.pdf,F-6F5CAF1E1AEEB43C5486,FACTURA,QR_ARCA_STRONG,2,0.7730166930290737,0.737238733033133,0.8141112026809139,0.7332434375756877
B2EC24389642801888074E7E0AFA7D94B5A444FDA2F8FE74C2AF1D76B6E3BCEC,Z001023305858.pdf,F-6F5CAF1E1AEEB43C5486,FACTURA,QR_ARCA_STRONG,2,0.883004846152032,0.7938678046734355,0.9048502697977309,0.7881621296135385
B30F44F06B3B610827B41DCAB057CFBD3F73DFD201E509567A97022B58BE754E,Z001023243394.pdf,F-6F5CAF1E1AEEB43C5486,FACTURA,QR_ARCA_STRONG,2,0.8298865875547298,0.7612675687156387,0.8650347826051933,0.7780451864601503
B3E8F9A23D84DA4EF6F0BED0132ABEC06DBBCC00BADF676ED7BD7E71E44FDF73,Z001023320998.pdf,F-463F5D66BCFC1B95B4F2,FACTURA,QR_ARCA_STRONG,3,0.8000287008864826,0.7262188981843315,0.8333004726239223,0.7984258506236918
B43FBD417EF3A374DBF2C0452FEBBCF37E606C43B32910257C5C61F0D456E116,Z001023266211.pdf,F-FACD83D8B4281A05571A,FACTURA,QR_ARCA_STRONG,1,0.868849420487009,0.8469420304972621,0.9154857443956432,0.7751770065531434
B44251C89926FF5181BC892C404BAF4F11E48626212A6C970A5D7DDEAEBF3CA6,Z001023266852.pdf,F-6F5CAF1E1AEEB43C5486,FACTURA,QR_ARCA_STRONG,2,0.8348003071559273,0.7076234814181016,0.8477874603880561,0.7653820663823198
B4430B9D1CE090C0C6EBC8ECC4D373545087A303D6846768C96141BD69FD3D68,Z001023283764.pdf,F-127BD2FBDD2CC031C0FE,FACTURA,QR_ARCA_STRONG,2,0.8625198228013109,0.8354754055226503,0.8959066460098318,0.8920593958995149
B46721DBF0CC1963B2C57D5D4C35252EEC8B7C40AA9B65F00B72A5A0AE888BA5,Z001023367067.pdf,F-D591D778E05641FBA116,FACTURA,QR_ARCA_STRONG,2,0.8439185360427747,0.7729806969077949,0.8758176673666419,0.7904194047079997
B49BC0B1FC19AAC79B16DC36E0EE7096B46796D74369F33A1A753F4B1237A7BD,Z001023267336.pdf,F-EE08C7103D2458E54189,FACTURA,QR_ARCA_STRONG,0,0.8509893915265693,0.6764784558602058,0.8503957773240465,0.7924644170031961
B4C8FA3786E8BA119F3C5F40F1BF5868D7591D0E865FF2AF84F7235674F33C88,Z001023243075.pdf,F-F8EBECB216D6C0D8E1BE,FACTURA,EXISTING_GROUND_TRUTH,3,0.7667081269272324,0.7656527773411548,0.8296133404609642,0.6876606398387415
B57482DDE36878A4671AE5BA62CF9F25F1093F7ADED072390756EA95F182680B,Z001023350416.pdf,F-DCC01CD6C3861C7E4C3E,FACTURA,OCR_STRONG,3,0.8002018899746616,0.7874728523899899,0.859736668967091,0.7669488418728517
B59289C59C42F58F2E5E5667229CB21EC21343A252CF50441F2AACE87618F71B,Z001023385284.pdf,F-624B9DB867F145EBB34C,FACTURA,OCR_STRONG,0,0.7655357209224277,0.8266896680870058,0.8494450215515439,0.775794742861741
B5ACDD8CF3C659A5ACA521D4D5BDD33A4ABCED7E3B51BCE62232BF6509A7A6B5,Z001023243463.pdf,F-EE08C7103D2458E54189,FACTURA,QR_ARCA_STRONG,0,0.8302924926973501,0.711611751885532,0.8465887374478105,0.7889637106141695
B5C325DEA3BD4B0A25EA5C3EDE914856F9CC703DC3DAEF00F3443733CDDC020F,Z001023336347.pdf,F-6F5CAF1E1AEEB43C5486,FACTURA,QR_ARCA_STRONG,2,0.7914754711201651,0.7621010283965685,0.841795244441708,0.7216722678635208
B5DE25694A1E3F151038528A102E8613AAA3E63ED988DE74C8B99134F65C2CE1,Z001023243734.pdf,F-EE08C7103D2458E54189,FACTURA,QR_ARCA_STRONG,0,0.7868695314651211,0.6369499470295757,0.7891326260911845,0.7091103259228025
B5FADEA794BC7EF56E6FCA4D6D51AA1D2416BC77A0A4768BD9F139BE4BF0C225,Z001023435315.pdf,F-463F5D66BCFC1B95B4F2,FACTURA,OCR_STRONG,3,0.8094358440515136,0.7022831792067774,0.8288303517382533,0.811463584761059
B659F8BCB146A10D8370F7CBC2A5C9DB45207D9B5EFB86E12A2786DA28051160,Z001023306257.pdf,F-463F5D66BCFC1B95B4F2,FACTURA,QR_ARCA_STRONG,3,0.7692587784905164,0.7144805887138362,0.81394237552427,0.7904081736936059
B68674F3B9393FDE895EBE47421061B41DCE664D2174AFA8C7904CD4324C5124,Z001023243327.pdf,F-8E51FF106E6F3ECF3F13,FACTURA,EXISTING_GROUND_TRUTH,1,0.7928925931344682,0.7000941791929313,0.8222425085232112,0.7759362360194558
B7004863AED55E481D4397435BD5B06CEA6180397E1059883D51F5D066F1147F,Z001023243369.pdf,F-73CB94964FB18FDF7FCE,FACTURA,EXISTING_GROUND_TRUTH,3,0.8178032655743989,0.7793201563581248,0.8681073387441546,0.8231318661340149
B77D4EBDF02A914E4B6BB74E218EBA5B9F3C84F47E7C63F5DCAE563B8ABE7A72,Z001023385283.pdf,F-FACD83D8B4281A05571A,FACTURA,QR_ARCA_STRONG,1,0.7842184399628752,0.753345250281132,0.8339038945112545,0.7159371617378504
B78BB8245C935535BC3425C474DD8C21F7E5434AF84B89A889F4DCB0C0595930,Z001023422501.pdf,F-9525E35FAA9C79DDFE79,FACTURA,QR_ARCA_STRONG,0,0.7971976880055219,0.7664562000853412,0.8413417186401853,0.8095605831125575
B80AFDA11B97B8B04E84D9CD740D359D1C596DF8F1D8F5F1FD844D8FEA257681,Z001023467603.pdf,F-FACD83D8B4281A05571A,FACTURA,QR_ARCA_STRONG,1,0.7746324876256521,0.7340813780805172,0.8196257758229153,0.6090630277125348
B838D34AF658B43A04B590C709EF56D29457768AC2561246DE907FDBB3E164FA,Z001023466523.pdf,F-BBFA348893E65DB88B69,FACTURA,QR_ARCA_STRONG,1,0.8637723054100828,0.83894268553227,0.9157704905918521,0.8103449535483803
B84A772378756B6314CFD7C847ED11E8ED0969129EDEC4C4AB968DFC4819F7C8,Z001023305870.pdf,F-6F5CAF1E1AEEB43C5486,FACTURA,QR_ARCA_STRONG,2,0.8703247170075278,0.7317371258899503,0.8763567610119755,0.7705731495987393
B84B427F6FD18CB0429FFD385661A0D9E127F2E46C5B2ADC755D18414A870739,Z001023242373.pdf,F-EE08C7103D2458E54189,FACTURA,QR_ARCA_STRONG,0,0.864362806756667,0.7122713960322066,0.8705451664989513,0.7996659250226851
B8AE7CBF2367797B27297B4937F006864D0E40FEE96D9146C308CD0D36DA337B,Z001023366867.pdf,F-99F7A3F5F30B759FC1BA,FACTURA,OCR_STRONG,3,0.7715477860784938,0.731285808065923,0.8178464822601601,0.6703064170089343
B8B9CC93AD5D652C71367F2D4AAAC897EE3CCF26697314E8B918A140B27EAD43,Z001023478145.pdf,F-EFE6E9C595B24436566B,FACTURA,PDF_TEXT_STRONG,3,0.7454326635922766,0.7797831569872974,0.8287178186594331,0.6876903249100966
BA599EC41FE7E359E5A4333D2216B20E2F1B14EEC86D337177BBE86642EFBC1F,Z001023423179.pdf,F-FACD83D8B4281A05571A,FACTURA,QR_ARCA_STRONG,1,0.8530129934370297,0.8034542796241079,0.8901456189686108,0.7351763044478323
BA98CE4928F0A74D663B803FFB02DF2C63C5E0404FC89B630992D31DEF7B9B63,Z001023338076.pdf,F-FACD83D8B4281A05571A,FACTURA,QR_ARCA_STRONG,1,0.8342824654985713,0.7498725269739763,0.8585982629363861,0.7038257561080491
BAAE431824638D35FB35CDA58C3D162F45CF18993CC7DD8696C0ED104C344E01,Z001023366204.pdf,F-463F5D66BCFC1B95B4F2,FACTURA,QR_ARCA_STRONG,3,0.7390269943000277,0.691010811434108,0.7736499119661172,0.7172459728137489
BAB2FC9AD6FCB9791998B45C2980B39C5B8761CA41A9B31757578BED83609B74,Z001023283877.pdf,F-EE08C7103D2458E54189,FACTURA,QR_ARCA_STRONG,0,0.8534894035922415,0.7403454969278572,0.8713456652154057,0.7875050709583856
BAD58EFDAD38F78981FFC549AF4B2F8E08A05F91717C17C0926AD6E832356563,Z001023243751.pdf,F-FACD83D8B4281A05571A,OTRO_DOCUMENTO,QR_ARCA_STRONG,1,0.5178049187149637,0.5560838270707227,0.538744913248059,0.4596388344159369
BBE194D39B1BE0FC4F79746855975E750A39C4A50FF4BFDC2FD0EE6FA1BE1DE2,Z001023306142.pdf,F-FACD83D8B4281A05571A,FACTURA,QR_ARCA_STRONG,1,0.7951181488114522,0.7317945908488794,0.825787728306803,0.7451017056311267
BC50881D0FA286197EF00AE2A783C5F35035D52AB8D8331389563F71777F200E,Z001023385733.pdf,F-6F5CAF1E1AEEB43C5486,FACTURA,QR_ARCA_STRONG,2,0.8399133192448751,0.7842362775093508,0.8766321252047105,0.7633339496366573
BCBBF28C995BCD25F999826AE1848F034C3835F0CFA162AFA733CB7F3317C176,Z001023305690.pdf,F-EE08C7103D2458E54189,FACTURA,QR_ARCA_STRONG,0,0.8732488427246509,0.6815587715215992,0.8646334496341059,0.8230209790754214
BCDB3FA6314A6818D45588D3055054720B71C0FFD5AF1BF073F8B68C9823DB5C,Z001023422191.pdf,F-FACD83D8B4281A05571A,FACTURA,QR_ARCA_STRONG,1,0.8342541044261578,0.7778050825762286,0.871797560409918,0.73199178733414
BD24EA94A76C917A05925825C6264475970B3150A5DD24C5C1706E1BCE397335,Z001023306744.pdf,F-FACD83D8B4281A05571A,FACTURA,QR_ARCA_STRONG,1,0.8582129279329249,0.8218511531351258,0.8989888286045006,0.780202261487452
BD7F4BAA498B98BEFACE0028528DCDF91D331EBEC91FDC934BAC440BB06984D5,Z001023321063.pdf,F-78FBBC0583221AAC5789,FACTURA,QR_ARCA_STRONG,2,0.7294871165570219,0.6571121709957843,0.7691321559084073,0.7341687883938874
BD8E11FCAEC9A44D6A00F4A35DDE7592D803BF3A213F1871A206063466741EDA,Z001023338057.pdf,F-8FB0C271F20EAB3092AA,FACTURA,QR_ARCA_STRONG,3,0.7468181877777649,0.7245952340823554,0.8026801495735127,0.7637290185594707
BE42D5645B6B6FC115CDDAC2DE7D1E6B4155601B7184FD659D4E749B43A7CC4F,Z001023305821.pdf,F-463F5D66BCFC1B95B4F2,FACTURA,QR_ARCA_STRONG,3,0.8043867162902866,0.710211777655487,0.8214990985671266,0.7896051187990716
BEBEE3FEB2ECE2A58A28A20BC713DBD94D72534F2C5B58650B9A002E753C4FC7,Z001023243468.pdf,F-EE08C7103D2458E54189,FACTURA,QR_ARCA_STRONG,0,0.8330125503848924,0.6860911890956483,0.8382483494485427,0.7838926481111995
BF29AA335807B8772722D77E8BB1A6FFF97439E4C538B4E8487ABADED18B3E1E,Z001023455043.pdf,F-D591D778E05641FBA116,FACTURA,QR_ARCA_STRONG,2,0.8454818863548906,0.7797678099848219,0.8793035792974747,0.794226828369226
BF3C8B6E0629580CD73B07E38158B2BAC03A920BD9965548A236F02203849DB0,Z001023243736.pdf,F-2225E7482E0C1A2CF093,OTRO_DOCUMENTO,QR_ARCA_STRONG,2,0.5567657870756794,0.7371395577393791,0.662454557105499,0.5837641059466557
BFA345B7F7EFD8A252FFE7A2961BC8491F0CA8088E7FA68D0FFBA8CDDD06C239,Z001023384990.pdf,F-6F5CAF1E1AEEB43C5486,FACTURA,QR_ARCA_STRONG,2,0.8419638599949075,0.7541457303029226,0.8665804442050254,0.7929506979716474
C03307D0E30E87F1DB5F43875D2908DF294EC66AFC045B5F000F4B437912790C,Z001023467519.pdf,F-6F5CAF1E1AEEB43C5486,FACTURA,QR_ARCA_STRONG,2,0.7641862276320915,0.7088060651611463,0.8038313029110378,0.7029457710310243
C09C687DD4CA97DF30A9EEA5AC8D3FC4F376766772980E559830B9458C6E9A0F,Z001023305705.pdf,F-EE08C7103D2458E54189,FACTURA,QR_ARCA_STRONG,0,0.8731647084777429,0.745650184017474,0.8871547629884944,0.8082698474832942
C0D4042C7735626A538A99C8481F8B0D139A983D3DE8B0FDB50C6B519588B0D0,Z001023338081.pdf,F-FC0763B62EEE2F9FCCE8,FACTURA,QR_ARCA_STRONG,2,0.7699548808658233,0.7648205380766772,0.832340119002217,0.7488830637166021
C128DB050D40091655B54E5796821E4B97A21879827F408B1A1562D141649385,Z001023305613.pdf,F-EE08C7103D2458E54189,FACTURA,QR_ARCA_STRONG,0,0.8504743817722532,0.7280678658478904,0.8667137435102031,0.7916517329686308
C1339904E1A25B7C57F4FCD77911D4E12AC16E32615C65591D13F656405BCD61,Z001023351308.pdf,F-463F5D66BCFC1B95B4F2,FACTURA,QR_ARCA_STRONG,3,0.753669215652054,0.7069297682639162,0.7909819847525003,0.71518446441068
C177CD77BAA5F5587D302FDCC9F5615424F6BCED6057AA300113D6E3A600DC02,Z001023242796.pdf,F-EF073838ABE6523C2174,FACTURA,EXISTING_GROUND_TRUTH,0,0.7662987672415842,0.7298178146391489,0.8113520465880252,0.7671090203091423
C2100227A4E19E89166D86B967E5BBDCD57CA5023BA5E65D69389BC8B8BEC3C8,Z001023306237.pdf,F-EE08C7103D2458E54189,FACTURA,QR_ARCA_STRONG,0,0.8449509580924107,0.6520705193234596,0.8329009335493747,0.7720097422507023
C253AB0D7A2231B0EE8ADE2089FF0F31FB3DCD431952756AEF456E8C35F50177,Z001023283766.pdf,F-6F5CAF1E1AEEB43C5486,FACTURA,QR_ARCA_STRONG,2,0.8167674040031857,0.7663151964608068,0.8550636291419559,0.7592557569491584
C286855F489A0EF1D75420C90BA90D7C7F7357631A50F2B6239F2E888FD0198B,Z001023478405.pdf,F-6F5CAF1E1AEEB43C5486,FACTURA,QR_ARCA_STRONG,2,0.848455772074012,0.7605400488214722,0.8714185896888053,0.7541901366822651
C2B9C93B9693A319CF01C0A5D31F3962BF7E02F0006FD13871EDFC50CF7B4121,Z001023350945.pdf,F-A69FDECE53AB69CF1845,FACTURA,QR_ARCA_STRONG,2,0.7164510973278944,0.7126419962820799,0.7868119082519304,0.7191839581999894
C2C93818726DAC52E58536C78525B62A417DEC82F9491E4941E8AEE2CFA42B42,Z001023242895.pdf,F-EE08C7103D2458E54189,FACTURA,EXISTING_GROUND_TRUTH,0,0.8404677106870879,0.6755964541012492,0.8469141151978258,0.7766149270130106
C32B2E20D7C26374931D1211FDDC75A8B9DC021D4FB1E43E423060A42FCB0F90,Z001023243393.pdf,F-127BD2FBDD2CC031C0FE,FACTURA,QR_ARCA_STRONG,2,0.9167512054054565,0.8791953575108912,0.9419150093913998,0.9192740034386769
C34D90268A5F10333F6EEB206403454ED03AD03DFE2E0F82144D322FCB2BE2FE,Z001023243461.pdf,F-EE08C7103D2458E54189,FACTURA,QR_ARCA_STRONG,0,0.8369870429579345,0.7000442567157041,0.8497873794484688,0.7833868367960276
C3B17A6E5FCF4075138716E7C05C7C2C00B9C6DB35B1F7CF269759EE308A472C,Z001023243396.pdf,F-6F5CAF1E1AEEB43C5486,FACTURA,QR_ARCA_STRONG,2,0.8129854352702777,0.7691299696722615,0.8549403912551343,0.7431445751697451
C467CA492CC79EDB963E9E4B1D87CB6B9AC232D99505BB4BFF97EA5240921873,Z001023322035.pdf,F-FACD83D8B4281A05571A,FACTURA,QR_ARCA_STRONG,1,0.812266188627663,0.7495317526329489,0.849059491037381,0.7482257238041831
C4F20F86104A25A042C17226A58FE4A2904FF327D27396E512BFB9855A181AB0,Z001023305843.pdf,F-C4EFEA98CD9D9490E678,FACTURA,OCR_STRONG,2,0.6416971688474127,0.635763532386538,0.700212336723055,0.7016082393964143
C4FA660C17826F3719DD1559315A2810F55C5F458EC9FE51CBC1C34E09580929,Z001023410665.pdf,F-6F5CAF1E1AEEB43C5486,FACTURA,QR_ARCA_STRONG,2,0.8041385238569572,0.7038590625694028,0.8287470558872999,0.7545812177360885
C5015F3E9ACE903E1F1A3F021F972B5725DAA7D97CBF494731F3C5FFBD0178AB,Z001023283746.pdf,F-EE08C7103D2458E54189,FACTURA,QR_ARCA_STRONG,0,0.8671930590083102,0.7591935946599082,0.8878420612247769,0.7951956327172052
C5130207272100B6F37D2F1DF7D551DB1B8689288E3EDA73B8DE49834D6D8DF4,Z001023337180.pdf,F-87572B663CBBD9F4CA2F,FACTURA,QR_ARCA_STRONG,3,0.8175667134019906,0.7583990725759693,0.8483718978697615,0.8147193342019312
C5AB3289EC750F8FE7A4D0025AEC51B2F9E3031E9A750BFD7152F5635577B831,Z001023349834.pdf,F-EDBFE59229E8571451DD,FACTURA,QR_ARCA_STRONG,2,0.7694547593080044,0.7677390008933079,0.8429517998841624,0.7360085170267465
C6469439E8A7EADDAB74F948CDEB8C758FB7E73195A0FA9FADF994E98857A5FC,Z001023410267.pdf,F-463F5D66BCFC1B95B4F2,FACTURA,QR_ARCA_STRONG,3,0.7290219975377591,0.6942631877416751,0.769531785827773,0.7094720893773319
C66AE5D0BA9546144237F3ED91AA92D98D806F940E4D3B863AD114692FFD1AFA,Z001023284902.pdf,F-0EE887752345887B2F4F,FACTURA,OCR_STRONG,2,0.31063601014250436,0.3234040383112293,0.3017569387868748,0.39802543489514
C6FA29FFDF0C2B39FE22AA6A5DF8FDC4C215B1DD849C481E4EF56978B614EAE2,Z001023242527.pdf,F-6F5CAF1E1AEEB43C5486,FACTURA,QR_ARCA_STRONG,2,0.8340973813952726,0.7565548620891115,0.8628427864044554,0.7814190142188068
C73C512EC4364FB25B1DD1CE61856BFDE06C3BB7FB3897FC660CBEA83E889F71,Z001023338078.pdf,F-B0CE428E3A93F67A9A41,FACTURA,OCR_STRONG,2,0.7140489935202368,0.6480514476220905,0.7534009935488091,0.717343292168329
C7DCFC7B887ED14B331FE01DC9255DB7490E7A0124783AFBAF3B6B292AD6D0A6,Z001023283899.pdf,F-463F5D66BCFC1B95B4F2,FACTURA,QR_ARCA_STRONG,3,0.718193902846985,0.6945876479588551,0.7589577792318772,0.6980073015221331
C92C0422097D51A3D93193E6CF419568C35B45B68AE7BA0E8F044DAA781BDE27,Z001023423202.pdf,F-FACD83D8B4281A05571A,OTRO_DOCUMENTO,QR_ARCA_STRONG,1,0.4895219026873548,0.541967249146414,0.5138084000360107,0.4204610591311659
C94D2466ABBCA670AEB72345C937ECD41C9AE3519E58A521C3DC5E400F88B6CB,Z001023350130.pdf,F-FACD83D8B4281A05571A,FACTURA,QR_ARCA_STRONG,1,0.8500276008593923,0.8523548127238851,0.9076009112445108,0.7183333213994706
C954E8A98EC5F59434BC8FD7AD7063CDACEF485CA4C4172312005AAD894268AF,Z001023321628.pdf,F-463F5D66BCFC1B95B4F2,FACTURA,PDF_TEXT_STRONG,3,0.7933891638444306,0.7326940425629235,0.8324212929300581,0.7624072418484592
C975B3D927FB1E30EEDB65478115A3885467118916194B500FD55F0D0875019E,Z001023306560.pdf,F-A26E6E68BD787A625DC9,FACTURA,QR_ARCA_STRONG,3,0.8035882919811531,0.7972157356977494,0.8650167089782528,0.7319078294441798
C9E25B0A4129298A70D0938226DC15E47A3489EE06D723D9F8A969C5193FB68D,Z001023283842.pdf,F-FACD83D8B4281A05571A,FACTURA,QR_ARCA_STRONG,1,0.7778034512496351,0.7757769688015931,0.8338787591529212,0.7142301518073785
C9E46A38A0109D9C87D2CF516D39DF2B685B99E66F6EE09830A75CB7A8A11495,Z001023267137.pdf,F-C4EFEA98CD9D9490E678,FACTURA,OCR_STRONG,2,0.6416971688474127,0.6358787264465914,0.7003368318976125,0.7016082393964143
CA02A2902F5BD9190AD57D7FDB96C2EDBE63D4E91C1524B91B5677BDDA01A3BF,Z001023284844.pdf,F-463F5D66BCFC1B95B4F2,FACTURA,QR_ARCA_STRONG,3,0.728366842582885,0.6897198387249751,0.7684709461492166,0.7251059834038137
CA106104222A9D6DF2CA34E8D58F08DB9F65369DFD4A2465C7836AFB52F4EABD,Z001023266864.pdf,F-FACD83D8B4281A05571A,FACTURA,QR_ARCA_STRONG,1,0.8266247944037275,0.7872867450302157,0.8674112299600721,0.7277496403682421
CA14A4C3BB942C93600EBD048A66925B35F6189FFF084EE4AF994D09603804F3,Z001023435387.pdf,F-D591D778E05641FBA116,FACTURA,QR_ARCA_STRONG,2,0.8429395664827142,0.7744908662954176,0.8756326707905356,0.7567859779677629
CA4B144974CDD331E904D3646E7F74FDAE6502B6CCDA4A0B4845C2FA9E2F6DB8,Z001023243171.pdf,F-F005EBB69A8DFBD56F0B,OTRO_DOCUMENTO,EXISTING_GROUND_TRUTH,3,0.610802476971614,0.6022611482412396,0.6362169504032453,0.6476954953829324
CA75936BB5B3F05DC8FDB2E6D7BA8CD9F1E57E6DD78173F81181FDC1C88D6451,Z001023422176.pdf,F-6F5CAF1E1AEEB43C5486,FACTURA,QR_ARCA_STRONG,2,0.8631516881428928,0.7721108291579704,0.8863969085191343,0.7901676112103909
CACFCD72797B5F3FDBC68225A60AA5A14FBC6A696BDE7B0F8377B5B9A2BC254C,Z001023410752.pdf,F-FACD83D8B4281A05571A,FACTURA,QR_ARCA_STRONG,1,0.8294972191791568,0.7941046787046625,0.8735267706047102,0.700216469737312
CB3F881168E39D42F2154112BEFFC872F79A0F1E34F6E9C1939842604C61CA62,Z001023305808.pdf,F-EE08C7103D2458E54189,FACTURA,QR_ARCA_STRONG,0,0.8637271196158435,0.6972371567453082,0.8629598760492284,0.804894821336688
CB67F361EA64E80587BAB165B922A2E4760A9CB206DD074A571F27A3DC6C743A,Z001023336433.pdf,F-077C308A7FE5C91A2133,FACTURA,QR_ARCA_STRONG,2,0.7639135727766805,0.7678651262944758,0.8423483764579588,0.6643605239674977
CBF1504F1A2BD20989734BB93F9A6B821D696DC3D9F026A3AE97DB428987BDF8,Z001023243376.pdf,F-FACD83D8B4281A05571A,FACTURA,QR_ARCA_STRONG,1,0.7466145086737837,0.7074208629563448,0.7959789136282868,0.6859099777902918
CBF2C5E3D3358E302151CED6A4FA4397E6E7656E3D8B5A494F458C3DD20F0286,Z001023320989.pdf,F-EE08C7103D2458E54189,FACTURA,QR_ARCA_STRONG,0,0.8673138861524875,0.7942080863219484,0.8999633005992713,0.8040831013805466
CCFC8856B2EE75B258F83A9BD8D590012639F2C3E9281B03568D96D0692E4D9A,Z001023455165.pdf,F-FACD83D8B4281A05571A,OTRO_DOCUMENTO,QR_ARCA_STRONG,1,0.5022119852141966,0.5101694150991379,0.5078005722543933,0.38687125983378395
CD3258E1403C53DB4C5EACA945EF96391202785804131074295CCBE93FC71D03,Z001023283872.pdf,F-4282D891EC4146496CC2,FACTURA,QR_ARCA_STRONG,3,0.863830643253834,0.8377934379285749,0.9117449874955121,0.8543404111404344
CD4CD7560303283D5284D0D6B005BEEDB1CC792033BDCF94FB6BED9C4125C0E2,Z001023338082.pdf,F-FC0763B62EEE2F9FCCE8,FACTURA,QR_ARCA_STRONG,2,0.7699838020097002,0.7582125137327014,0.8291697016936264,0.748924505534801
CDA31B4D8EB807890C25AEAC70F69CAE0352427C25F2FFB2206725CFD54D02E0,Z001023266216.pdf,F-73AB37D8D5F65AA437FE,FACTURA,OCR_STRONG,3,0.7793440421171148,0.6865810963328814,0.7953873838980011,0.7764231808006237
CDB639A0D68885C85F4A138356E228E627A7125AFD55A0013282FF29A7B544CB,Z001023321350.pdf,F-463F5D66BCFC1B95B4F2,FACTURA,PDF_TEXT_STRONG,3,0.7830181066711586,0.7247216097498288,0.822218191819812,0.7801786275759525
CDCE4AFFBA4C7A14E62EC97B786AE463F5A06625309D2F3C7EC30632192363E0,Z001023423281.pdf,F-2225E7482E0C1A2CF093,OTRO_DOCUMENTO,QR_ARCA_STRONG,2,0.5158013905443305,0.6312584628675092,0.5604509113964358,0.6791666182183381
CDE2CF61792ECB1685A1B5D28F4185B11E4FFE284D37428507FA26C8426DAACE,Z001023436300.pdf,F-73D1F939C9F0B93053BA,FACTURA,OCR_STRONG,1,0.667789247188906,0.6483920104154975,0.7204602792778907,0.5749971230574663
CF8EE0C26F214C226A853C81CBE52E96BF760B42197050F3726F7344891B269F,Z001023467443.pdf,F-6F5CAF1E1AEEB43C5486,FACTURA,QR_ARCA_STRONG,2,0.7840830987737416,0.6907605472234389,0.8024585261612124,0.7020897049686927
CFEBAFFA7B16C0A2A9DA4E31369F607C6769560AE4F0AF5DB7EBC7C7A5796942,Z001023305706.pdf,F-239031FB24D11A1289E7,FACTURA,PDF_TEXT_STRONG,3,0.8116446432220853,0.8430315113807504,0.8887984447939863,0.7645024327425177
D03C1B7D2CE5300F2A3C336A8087AE6560C158270F5B6818D0E8E90DA84B5550,Z001023398914.pdf,F-FACD83D8B4281A05571A,FACTURA,QR_ARCA_STRONG,1,0.8022656584280502,0.775452436261855,0.8514270575206774,0.7090515501615038
D0998159322E7036852951E3B6BB4631E0A5EF21ADFC0DFC39679D4F410C959F,Z001023243074.pdf,F-F8EBECB216D6C0D8E1BE,FACTURA,EXISTING_GROUND_TRUTH,3,0.7665731729796537,0.7953422077620442,0.840344708368907,0.7332444821422514
D0B7E38560380EE7EAF6E34B6061E48C5CF2F35B8AA99A8D2F89E7E6B0A3F40B,Z001023423301.pdf,F-EFE6E9C595B24436566B,FACTURA,PDF_TEXT_STRONG,3,0.7042855215809588,0.7768964805274184,0.8045061694362903,0.6886614010811939
D11EF5EFCB57C92D4BE706C631DEFF9D02684892A02A457AA7DF2790EC054948,Z001023385276.pdf,F-DC0A2053B5A530D4C5EF,FACTURA,QR_ARCA_STRONG,3,0.8159931524754243,0.7817074171249678,0.856793994916332,0.8219331485348064
D163D9B8B20036EC5A3CE46A3EA5FC17F7C3019E2243C66920EF6716BF3A65A9,Z001023351282.pdf,F-463F5D66BCFC1B95B4F2,FACTURA,QR_ARCA_STRONG,3,0.7507612106574336,0.693472536650467,0.7829450037445407,0.7113991908496415
D165FB62E80F26847F1F00B1DBD7E949928E56EC5C2A0EDD2FE929E4ABD85CB0,Z001023243377.pdf,F-5A7941650D7DE31BC8A5,FACTURA,EXISTING_GROUND_TRUTH,1,0.7634587849311217,0.704158140295136,0.8051889967721813,0.7414019132955022
D183235157D76503E27005F2393996607AA052447B62D8B048242B417E9E45B4,Z001023422471.pdf,F-DC0A2053B5A530D4C5EF,FACTURA,QR_ARCA_STRONG,3,0.8834849502522294,0.8079722377449422,0.9067772518099045,0.8734622626045571
D19AD7052E1DA4CDC234A7E9C645D2FE992C1AEB9092802605F5BE4CC83326EF,Z001023321074.pdf,F-FACD83D8B4281A05571A,FACTURA,QR_ARCA_STRONG,1,0.8310326868799651,0.8042773059162239,0.8757115362494727,0.7476654178008445
D1B8EF56BC2CC9568D9F04C2ED50CEA8C6F4A17561011E419D36CE40F034ABC8,Z001023266235.pdf,F-6F5CAF1E1AEEB43C5486,FACTURA,QR_ARCA_STRONG,2,0.7701062922603764,0.752649040712572,0.8335135573075556,0.7083839128788507
D1E6F1AF5284A0AD66F07602A7398225612A7F72630FAB3C140919894AB51E8E,Z001023385994.pdf,F-463F5D66BCFC1B95B4F2,FACTURA,QR_ARCA_STRONG,3,0.7539151301278036,0.7025027438330346,0.7873526921558708,0.7364607583956904
D1F8966052F9585FA0A09C435D2ACA06180130A3DC9FDBDFE46534FA6BA34BD9,Z001023320996.pdf,F-E1B8D918E114096E5077,FACTURA,PDF_TEXT_STRONG,2,0.6650041960700758,0.7546825024037428,0.7556499220731029,0.7197750939276039
D2009CF9F31D7894DB728342C16C23B5D69767488011AB222E69A86185D457AF,Z001023266342.pdf,F-EE08C7103D2458E54189,FACTURA,QR_ARCA_STRONG,0,0.8299996663096181,0.6787153970848175,0.8390704974942619,0.7636276373635286
D22FA4C5DAD47E0503E3A3BFE4B9F69FCF46A197EFD9D5632C40ACD092587E8D,Z001023243752.pdf,F-6F5CAF1E1AEEB43C5486,FACTURA,QR_ARCA_STRONG,2,0.8870627660979413,0.7516108938246582,0.8962350985709047,0.7983026184961458
D24949793794B54566EF791877070947AF6F5BEA0E1AE4D9AD59D0C7311C7730,Z001023384972.pdf,F-463F5D66BCFC1B95B4F2,FACTURA,QR_ARCA_STRONG,3,0.742227118635627,0.7582394363074499,0.8061947712610578,0.7569914957505451
D278278F52A696DF386A5CD1DA883A54D42374905A42330A42B48E05DFBCE94F,Z001023454457.pdf,F-8FB0C271F20EAB3092AA,FACTURA,QR_ARCA_STRONG,3,0.7642171749279211,0.7092850412228068,0.8101308294907437,0.7507523882714277
D2A9D1946120EC88B3B109FE0E565AF998A3E46A6B1166F1B13DB93D0FA7F3CA,Z001023435316.pdf,F-463F5D66BCFC1B95B4F2,FACTURA,OCR_STRONG,3,0.8094358440515136,0.7036858106854207,0.82932884314304,0.8239780952993139
D3360D063323398B960AB04D10199119F7B9065CBFD7101D262535999DABA93A,Z001023467518.pdf,F-BB3946FCA5C1D8EE3510,FACTURA,QR_ARCA_STRONG,3,0.7548475061175925,0.7186166484410843,0.7961301719199246,0.7377504509178948
D381BF2B9FE9921A149F2EB5C74207B1E5A4B543B3C045A18B09CA2D7F403833,Z001023365895.pdf,F-FACD83D8B4281A05571A,FACTURA,QR_ARCA_STRONG,1,0.8374647700186127,0.78868153892063,0.8730954547481101,0.7403677092213126
D3FA25D4862E2993FB02982B9F4DE3C5E3B142BB76A254447C41DE643EAB4275,Z001023266231.pdf,F-4A04ED19FCD7897FFCD0,FACTURA,QR_ARCA_STRONG,3,0.768433850061646,0.8010206725020551,0.8480933717783927,0.7096619221145472
D41718D7740A44FC105BDCA62453EA10635C6857F3FFCD5C6FD6C0E517E74AB0,Z001023321892.pdf,F-463F5D66BCFC1B95B4F2,FACTURA,QR_ARCA_STRONG,3,0.7392724365772714,0.727160512152465,0.7908074608959877,0.7215645665351557
D429E736D82B111075BDA9E832F25D555146ABAFCF3885B9B4590A612F337A71,Z001023268022.pdf,F-66FEEC36CB99F857D1A9,FACTURA,OCR_STRONG,2,0.8444803998203029,0.7455793949654806,0.8736138969931251,0.8076729582335994
D47F13C4D81C5BCE308D5DCB445BC07C07CC2768BC801833B8C24EDE0B3038E9,Z001023384991.pdf,F-6F5CAF1E1AEEB43C5486,FACTURA,QR_ARCA_STRONG,2,0.8153100786411758,0.737448527444887,0.8464816683116033,0.7653571703995243
D49E91493367E3924D7AF8AE16CA0B26567C40EC39687EF9043A0731EF840B3D,Z001023243740.pdf,F-EE08C7103D2458E54189,FACTURA,QR_ARCA_STRONG,0,0.8594479676479622,0.6977665755213907,0.8607933634082114,0.8059221356824326
D4C3E3E5A6C8A6396585AED0657045546DB61BED0E576E6862CA8130164BCE08,Z001023242450.pdf,F-F87B430E01864ABA8385,FACTURA,OCR_STRONG,0,0.8707593707429911,0.8494045819143557,0.9149644642127346,0.8653944936374259
D5957D9DF6DF9855CAA5CE947E569B66D4ADC253C00A000A2FB29FD88DA8B763,Z001023306965.pdf,F-6F5CAF1E1AEEB43C5486,FACTURA,QR_ARCA_STRONG,2,0.8124415459371964,0.7414828790321776,0.8461728092924786,0.7571148817660742
D5A928540B4295A42FCF5B310EB45330AD6A407D3A188D3E5C3A05BA49112712,Z001023321055.pdf,F-EE08C7103D2458E54189,FACTURA,QR_ARCA_STRONG,0,0.8633510944437822,0.7594397065695856,0.8804420845747933,0.7916791763812278
D63E75967E91D0B192DBD248E1D804951B173B81CF9853489C12D08AC21EACFF,Z001023266212.pdf,F-FACD83D8B4281A05571A,FACTURA,QR_ARCA_STRONG,1,0.868849420487009,0.8492069356595692,0.9162551151406674,0.776848659902807
D69C5625C65854258AE9E71A91F752CC7CF79E424FB3FED772131793213E2817,Z001023350418.pdf,F-FACD83D8B4281A05571A,FACTURA,QR_ARCA_STRONG,1,0.7652944889549714,0.7601236317459651,0.8217639019883186,0.7188488891329714
D72C0946B3BAB976FE0144254A9CB9D0062673308D4DDED3AD7CB5A4033AB853,Z001023338066.pdf,F-C04B37B1724168DE2084,FACTURA,QR_ARCA_STRONG,3,0.754501012542352,0.7687939599874196,0.8276844057667554,0.7555068782487733
D7462435CD41449C4DDA2E47EC6C3E4E72476EAC6641C372CCD50010C87C158F,Z001023435318.pdf,F-463F5D66BCFC1B95B4F2,FACTURA,OCR_STRONG,3,0.8094358440515136,0.7063363430704866,0.8300898001161898,0.8034123547594284
D7F197A9AB144A1AA1A11A794B66EB9EFDB9593D983625A8E89878B8F0B2ACE0,Z001023305795.pdf,F-EE08C7103D2458E54189,FACTURA,QR_ARCA_STRONG,0,0.8618825805838907,0.7043491927517542,0.8663374649643397,0.8086971498750143
D8451310F49BFC83155DD4B1EAA3B50BC11A07754D2EB597B1D99F873B2F1088,Z001023242819.pdf,F-EE08C7103D2458E54189,FACTURA,QR_ARCA_STRONG,0,0.8827552431576592,0.7785716124023746,0.9032484406414508,0.7691319770262752
D9447ECF57748BEF4988A73E44F26A440F700151DE00488453184DFA0B3BF88D,Z001023242291.pdf,F-FACD83D8B4281A05571A,FACTURA,QR_ARCA_STRONG,1,0.7975130845847922,0.7491093727081006,0.835716655182954,0.7209091430939985
D9687542799906085EC0185235899EE5C290FD8D41320CFA4E51C2C020D32952,Z001023454612.pdf,F-FACD83D8B4281A05571A,FACTURA,QR_ARCA_STRONG,1,0.8541196884974182,0.8107778847205441,0.8938679687462042,0.7418865141988036
D9861CC700E580878AFB757A991F47553D144B376796E385B08231F27027C972,Z001023267409.pdf,F-EE08C7103D2458E54189,FACTURA,QR_ARCA_STRONG,0,0.855307424921979,0.7095914120600052,0.8642140714609922,0.7940899314192416
D9A662AF6AFE49CD7E0D29C5662AE48141573BFBDD571675FF24B6F4C47BA5B0,Z001023305766.pdf,F-FACD83D8B4281A05571A,FACTURA,QR_ARCA_STRONG,1,0.8109862715178112,0.7934145245498214,0.8638762364123803,0.7350458148309689
D9BA143F0ECCCB29588BDD83672A67B86A0448BFE5F967FE255067BA929A1FDA,Z001023454363.pdf,F-A63645627CE2D9A75BE5,FACTURA,OCR_STRONG,3,0.7715326702573897,0.7693047082242193,0.8339602663002306,0.7590566238805445
DA11050BCD5399CFE1C38C68BE43E4EB616BA34DEF9C03A1F2D697BC2FB4CEA6,Z001023266245.pdf,F-77DF7B7AF18627AF7CC8,FACTURA,QR_ARCA_STRONG,2,0.7981487114384783,0.6648129969243965,0.8207898450502049,0.7784296707494313
DA1D000CCEC08FADA509471CD0E20F6C981AF95C559091A786FE724290F3DCD4,Z001023306220.pdf,F-FACD83D8B4281A05571A,FACTURA,QR_ARCA_STRONG,1,0.805484838610827,0.7276790994171323,0.8371176794244678,0.723109072938918
DA3BD00A4AAA630868A559B687F8C3383C0DEFEF30EE31ED863B3F1C29C2236E,Z001023266997.pdf,F-832328D5B6CC43C2F3DC,FACTURA,OCR_STRONG,3,0.7453755692039996,0.6963516968395672,0.7889186101038489,0.75645541201956
DA5FFC1E9615BAE4423440693BFE0165F59ED356657DBBAF03C35DCBB83FA8F3,Z001023242525.pdf,F-406AFFDAEA0F1DA6D75F,FACTURA,QR_ARCA_STRONG,2,0.736370115474484,0.709514579926658,0.8012560492029882,0.7426453728103316
DA74B2F8E4ABFBB5F64F133F2380B3F588F02C6FB2D1D7FADE497E2DC0D53000,Z001023267980.pdf,F-108FF89DFB4EC29C3343,OTRO_DOCUMENTO,QR_ARCA_STRONG,0,0.6276312588619201,0.6779942498489099,0.6708258006599528,0.6827802274578153
DA90A93BE580F95FE5F57983444C78F6B0479F8D349B6390E07DCC05D543D713,Z001023366009.pdf,F-17D8887E1AFD322C7FBE,OTRO_DOCUMENTO,PDF_TEXT_STRONG,3,0.686235203894569,0.7085050718575944,0.7565504707606768,0.6908014044279294
DA9100439F1D9A3B810F57E18F768FE200074871E2AC69D744B3736FEF1D21C4,Z001023338073.pdf,F-FACD83D8B4281A05571A,FACTURA,QR_ARCA_STRONG,1,0.8023143303243897,0.7620964382422367,0.84357950533823,0.6443629794152121
DAAD3153B676CE3FCF3DC97460A1F0F5CC77272AA8C84FE44BD32CB3F4546867,Z001023283896.pdf,F-463F5D66BCFC1B95B4F2,FACTURA,QR_ARCA_STRONG,3,0.7470550232203291,0.7294901899865729,0.7966055946060244,0.7057122738384836
DAF83EEDC3D7764BA6C8D52B5F53F0AF0A298170E0DAA9D2C547D4E168418AF6,Z001023283806.pdf,F-FACD83D8B4281A05571A,FACTURA,QR_ARCA_STRONG,1,0.7914141565910642,0.774382016558326,0.8417944573490902,0.7002624085393939
DB4D29DFEC242149E7DEB2C674FB7A28625901B96391CC68D2F99F59A56FA6C7,Z001023305844.pdf,F-C4EFEA98CD9D9490E678,FACTURA,OCR_STRONG,2,0.6416971688474127,0.6363739782426522,0.7005511765752387,0.7016082393964143
DB543A149C7C3A5B0A723421AD7B1629FFD92C34ADB631A7BA21925B3F076B29,Z001023243749.pdf,F-EE08C7103D2458E54189,FACTURA,QR_ARCA_STRONG,0,0.6109029036579152,0.44141871238804475,0.5495248546277136,0.64615047779359
DB673D2287ED075167C3AD89F1E5FDC18C3E581A75AE0FE0374AD0C4D6B099F8,Z001023242391.pdf,F-FACD83D8B4281A05571A,FACTURA,QR_ARCA_STRONG,1,0.8673823415640676,0.8286782689336758,0.9040759141852202,0.6967585611308753
DC6BEB8D08A58B12A06B43633D7954F4CCBBDCDB1158A8163B478E251B92DC00,Z001023321059.pdf,F-FACD83D8B4281A05571A,FACTURA,QR_ARCA_STRONG,1,0.8708347659516409,0.8231965407076446,0.9027349265951369,0.7057268161663948
DC76A86B9B4E3732696B023C9D019C6DC29B1D74D19F0CDF62FA4EDAD0E8A5EC,Z001023283769.pdf,F-6F5CAF1E1AEEB43C5486,FACTURA,QR_ARCA_STRONG,2,0.8569050299905862,0.7518295908907572,0.877388130417791,0.7650248048511884
DCBE22953A36AD961A008B180A630C81D0FF772119747EEE54ED8F628A4BC721,Z001023422278.pdf,F-4426261E80B33B17CD1D,FACTURA,QR_ARCA_STRONG,3,0.8228669669615509,0.853605913164638,0.8980983761916983,0.745338254663779
DCE7D65D2485570411821C53E99AA69569762370F3A8BA9D337328FB78AD391F,Z001023305874.pdf,F-463F5D66BCFC1B95B4F2,FACTURA,QR_ARCA_STRONG,3,0.737924466401065,0.7129391445648638,0.7845538557822059,0.7429583946547667
DD372CF24ED476BE21C4FB16F5A440CA83602E0CAA7454BACE49CC46D719923D,Z001023466255.pdf,F-5A19E47D686C678820E3,FACTURA,OCR_STRONG,0,0.8023712049887163,0.7958297067342834,0.8597093603003588,0.7992678904040528
DDBE1DD162D9C24A450E389593D498CD4910C291C70F8B233500F851987A8C59,Z001023398411.pdf,F-D591D778E05641FBA116,FACTURA,QR_ARCA_STRONG,2,0.8439529802645765,0.7720941071746135,0.875225119820237,0.7598322213564243
DDC35E7D6AC3D7DC2B7B9D7CD426188160168404668B566385F806DB0320AE7C,Z001023338088.pdf,F-463F5D66BCFC1B95B4F2,FACTURA,PDF_TEXT_STRONG,3,0.7511995982971983,0.7057482297584223,0.7917777284563459,0.718403556303521
DF7A3B4C2638053020A877AA88828487B539F33CAFD992DBB4AC0545EFAF6B87,Z001023398680.pdf,F-463F5D66BCFC1B95B4F2,FACTURA,QR_ARCA_STRONG,3,0.7427732421265182,0.7100171518538994,0.7848195401272657,0.7150723945071161
DF98804B89AEF5F3D70700572F75630F33F42F33BACCEF62A0C7456066E94BFD,Z001023321111.pdf,F-6F5CAF1E1AEEB43C5486,FACTURA,QR_ARCA_STRONG,2,0.7475032574346264,0.746976519926355,0.8114824309741464,0.7319212943277362
DF9A5A317396F2EB09F145A8BC30BF1CA3420C9B185FE1F3A7377B9342F66C88,Z001023283839.pdf,F-EE08C7103D2458E54189,FACTURA,QR_ARCA_STRONG,0,0.7963555380507741,0.6968401855186527,0.8147099363277929,0.7463054619903582
DFBC2F2DB3574E4AF1A519731FA1E41DB8C6A90A30DE2485B771F7CDD6DBBA4E,Z001023243385.pdf,F-127BD2FBDD2CC031C0FE,FACTURA,QR_ARCA_STRONG,2,0.9115188190972857,0.8752052755326161,0.9376024773369805,0.9135885693818895
DFC54FDC224631BBD64414B5BBC9C3CA5DC139B9CE35F60F89699C634A925331,Z001023266921.pdf,F-6F5CAF1E1AEEB43C5486,FACTURA,QR_ARCA_STRONG,2,0.8693931627535307,0.8107346096308474,0.903840982431722,0.7150835214486081
E06A1E27219A456A167CF1CA1583CC493930116EE7712D3A74BF870317C1A7F2,Z001023283755.pdf,F-EE08C7103D2458E54189,FACTURA,QR_ARCA_STRONG,0,0.8703696087009796,0.7419491030805337,0.8817362960513546,0.8036591354730973
E13F5A758863FF61032D1246182C35726CC9310DD7822132AD96A4871C14DA3F,Z001023350375.pdf,F-DCC01CD6C3861C7E4C3E,FACTURA,OCR_STRONG,3,0.8047203653455584,0.7884300952928803,0.8624949966151658,0.75975086973763
E1BD8687178653719CC1872F8CC1A422EBFBC862AAC4FE0F106A4B2947E9748E,Z001023284791.pdf,F-EE08C7103D2458E54189,FACTURA,QR_ARCA_STRONG,0,0.8429736106263894,0.6696102674814589,0.8435404331098331,0.7776463335554561
E24CD73FADF2105B11F012348D1FB638E3042428BB19A4DD43A96FA38A640157,Z001023350192.pdf,F-DCC01CD6C3861C7E4C3E,FACTURA,OCR_STRONG,3,0.8047203653455584,0.7889260573136458,0.8626884907653356,0.7694337699305801
E27A2EB0D78D925DB0BFDCB44BC5F8990ECF15AB74B445EE4FC1480A7E895715,Z001023467587.pdf,F-EE08C7103D2458E54189,FACTURA,QR_ARCA_STRONG,0,0.8579001239493717,0.7321042692471492,0.8698773692160315,0.793122658479423
E3705DD435EB0F9B9C65EFA33D57110D33CBB6E83A3E6A52B2E44FF8BEC70FD7,Z001023267296.pdf,F-EE08C7103D2458E54189,FACTURA,QR_ARCA_STRONG,0,0.8542467948111118,0.687784135602381,0.8597375130444985,0.7764447052383063
E3907210A2F2D2D49FCEA7E4C99AB668D5AA7BD8771F20EF6057612BCF9F85DB,Z001023321070.pdf,F-FACD83D8B4281A05571A,FACTURA,QR_ARCA_STRONG,1,0.7970338563602253,0.7664653592980906,0.8469983718526043,0.7390966490618043
E3E57561958F450655EFE21C39C6A1BD74B778E789835C7B5205A9E99203C24F,Z001023410372.pdf,F-FACD83D8B4281A05571A,FACTURA,QR_ARCA_STRONG,1,0.852764029262244,0.797167457668123,0.8873464795221234,0.7368473175866973
E3FFE6BAF7D9B5810F0A7789ECC24EFD30FBEEA0535B2782F1284D50CD87FB07,Z001023267291.pdf,F-EE08C7103D2458E54189,FACTURA,QR_ARCA_STRONG,0,0.8527614917397781,0.7175479663877483,0.8627346704076468,0.771970973474074
E415A8C5F28A1BB5A8FAC4F146B80A6AA20CB17A4D6449ECC66AAD21C9BBB31B,Z001023267466.pdf,F-127BD2FBDD2CC031C0FE,FACTURA,QR_ARCA_STRONG,2,0.9121207116991171,0.8723939539017437,0.935020868306642,0.9185260749610541
E417899D5543E4E7CB2D0AA826FD5695DAB8A3925730A905D316FA3996CE1A7B,Z001023306231.pdf,F-FACD83D8B4281A05571A,FACTURA,QR_ARCA_STRONG,1,0.7951181488114522,0.7293382987482229,0.8243098980617981,0.7192001686835978
E4C8834C47AF140E5343783F033950248E083A1625265A1C39C19C9BBDFFA5BE,Z001023243402.pdf,F-6F5CAF1E1AEEB43C5486,FACTURA,QR_ARCA_STRONG,2,0.8860058891410374,0.7441715875764615,0.8916747192792378,0.8030771306650868
E4D931275FE79FAD3F8C371E8E4DA52B707AB7EE6D8FAB6B34077072B75E4AD8,Z001023350944.pdf,F-A69FDECE53AB69CF1845,FACTURA,QR_ARCA_STRONG,2,0.7164510973278944,0.7069919361549986,0.7842248659773028,0.7191839581999894
E4EE7B924E36DAC149A0DE6D3A14BDF33EF1EC5E95B862558B80009E2B4C6E40,Z001023283837.pdf,F-2225E7482E0C1A2CF093,OTRO_DOCUMENTO,QR_ARCA_STRONG,2,0.6110200515644933,0.696289363291418,0.6643879954483063,0.6547996553251545
E526C99083663455FF9D8A144F42B5D7CAF3BF3374B88E71DBD20C1423685C76,Z001023242824.pdf,F-EE08C7103D2458E54189,FACTURA,QR_ARCA_STRONG,0,0.8373429872735906,0.6513673565539213,0.83285848620139,0.7558368727901459
E599D9ADBD781E4D3A4F5A6A603485BA0633E20C447A9615538D861C54048306,Z001023242797.pdf,F-EE08C7103D2458E54189,FACTURA,QR_ARCA_STRONG,0,0.8553153028330341,0.7343337627373913,0.8748997687125357,0.7920731064094533
E5DAF9B7F340994A01C320E83B9D64BF4D91ABC9AB1925DFF36394D86760BC84,Z001023410664.pdf,F-FACD83D8B4281A05571A,FACTURA,QR_ARCA_STRONG,1,0.8588421717539043,0.819895606622015,0.8980846136686262,0.7341338676014544
E5EA6863561EC0AC05BD8FC2C4486B673FAEB05EF771CC9073B78A9AE63CE293,Z001023478353.pdf,F-EE08C7103D2458E54189,FACTURA,QR_ARCA_STRONG,0,0.8359271345892403,0.6771952363374104,0.8356518352542837,0.7848739778909685
E65B6E3964E2729270E86EAC179D0828B974A168788E3717BBF681DB950B91F4,Z001023455710.pdf,F-6F5CAF1E1AEEB43C5486,FACTURA,QR_ARCA_STRONG,2,0.7966257089766552,0.6910654724905597,0.8202372088375174,0.7582485471662628
E6894908E97252F617612B361755AE4CADAD7D0D40883B34D66F68B267BAFBD3,Z001023338083.pdf,F-EE08C7103D2458E54189,FACTURA,QR_ARCA_STRONG,0,0.8246110544139581,0.6586032525725114,0.8254386258951882,0.760317470908259
E69F094568C5FB504BF02555E1531ACAEFCF05B95F8E06AE52D73A1CA930A902,Z001023423282.pdf,F-2225E7482E0C1A2CF093,OTRO_DOCUMENTO,QR_ARCA_STRONG,2,0.525792113093703,0.6804596289924048,0.6059560999657525,0.6378514633026716
E6B62C1D3E0FA12629EC352DE28028E3FFD836F43CD9ECA1407C095AF5275136,Z001023338075.pdf,F-FACD83D8B4281A05571A,FACTURA,QR_ARCA_STRONG,1,0.8342824654985713,0.7477710214595998,0.8580251635665319,0.7089342030686364
E6DEC7B41595AE659C40B9A202C8DBA4FAFA17EFDFA5C56EBE4E4AC33BF085F4,Z001023266246.pdf,F-FACD83D8B4281A05571A,FACTURA,QR_ARCA_STRONG,1,0.8627335333581664,0.8094689116409329,0.8960402755510178,0.7498287754291628
E74DCB56CD5FFCAC5BBF5D0CDB70C2701C5448845EE0ACED3435345867B72447,Z001023338058.pdf,F-8FB0C271F20EAB3092AA,FACTURA,QR_ARCA_STRONG,3,0.768601655663642,0.7307875016479588,0.8210064875631005,0.7405496258486443
E8066B5FA877947A47862B566C3A752FD1BA514973CD2B01A7AD31803BBDD28B,Z001023243349.pdf,F-12D78E5BCE33FB9957D7,FACTURA,EXISTING_GROUND_TRUTH,2,0.6618217838905389,0.5798492314257326,0.6799041575004797,0.6700468285723401
E88C84C17FBF54873E2C5056188F282A3BE7C2BA50CA2710A2A129BBC9BFD35F,Z001023435314.pdf,F-463F5D66BCFC1B95B4F2,FACTURA,OCR_STRONG,3,0.8094358440515136,0.7055351460715044,0.8300987497654896,0.8138579101832801
E8C278DBDA744A0F50B779C7A63DD07DF32F4DF3C5E6A278F59FADD4D7D7A128,Z001023422516.pdf,F-FACD83D8B4281A05571A,FACTURA,QR_ARCA_STRONG,1,0.8041994330681811,0.762696725587202,0.8463561788696818,0.7406977737950395
E8DFF560940591F04A1A3D7D1A8A0662A8B10A3B4352D1777F260E3C4514ECB1,Z001023267465.pdf,F-127BD2FBDD2CC031C0FE,FACTURA,QR_ARCA_STRONG,2,0.9337015719799655,0.8823164742006463,0.9498111459831949,0.9241723202692809
E8FAA2A7C3096561DE0CE371B71A647D301EAE49F822543E0C149049862BB795,Z001023454958.pdf,F-78FBBC0583221AAC5789,FACTURA,QR_ARCA_STRONG,2,0.7390689378729164,0.6836237305022432,0.7892413336831857,0.6906254524904918
E908DD409D867A6FD9362F638DDB6D1C51787DDDA28A2363CE9E6506226FDBEF,Z001023385772.pdf,F-B7F49B6DC4F0173C4F2C,FACTURA,QR_ARCA_STRONG,1,0.7970454915568872,0.8042461148637562,0.8689775564004973,0.7784154074339799
E92EF2CC8ECEA4FA4AF559E894C9BB04CEBA9413F7356F43DDFF36BEA258F207,Z001023242329.pdf,F-EE08C7103D2458E54189,FACTURA,QR_ARCA_STRONG,0,0.8368782361378418,0.696277791214032,0.8458462737555317,0.7778984966856018
E98D9C478D365617D3165BC4C9172CA7D69760AE566B4B515FED65F3C5918B03,Z001023338080.pdf,F-FC0763B62EEE2F9FCCE8,FACTURA,QR_ARCA_STRONG,2,0.7739627356489754,0.761319305806228,0.832486029800324,0.7523902503190508
E9EC9350980F5F090AC48F43BF269EA7107CCF279E2BCF7BFDEEFECADC2A016F,Z001023266222.pdf,F-FACD83D8B4281A05571A,FACTURA,QR_ARCA_STRONG,1,0.8728814458746739,0.8091397653839404,0.903544019752544,0.7626501849921096
EA20BABFAC6D778461BFAFA2DE072720F8EA92BE874D3D6B4B1C39E421274D8F,Z001023242330.pdf,F-EE08C7103D2458E54189,FACTURA,QR_ARCA_STRONG,0,0.8506206524920773,0.7194279152335796,0.8631204309644185,0.7958050490270668
EACECB02AB0B558853EC20E4A12CB99B7D8DCE528838F603A777CC80DEDF9A82,Z001023284320.pdf,F-832328D5B6CC43C2F3DC,FACTURA,PDF_TEXT_STRONG,3,0.7531767217171346,0.7274257498557516,0.8067946387646032,0.7442028752128422
EBA323452EC7F15754E63AB2094D9D81C5BF968B786BEB95C927D4FD0C4ACA97,Z001023454409.pdf,F-FACD83D8B4281A05571A,FACTURA,QR_ARCA_STRONG,1,0.7967970793129799,0.7725223105882681,0.8458219435518878,0.6764486367582162
EC2D553A5E77BC31BDDE1D8CC4A00159A8D055FA1E0F7BD830AEBEC5B32F44D6,Z001023306134.pdf,F-463F5D66BCFC1B95B4F2,FACTURA,QR_ARCA_STRONG,3,0.7123663080230375,0.6717626475542837,0.7476672518816866,0.710781981420464
EC8FD193F7389BD89C31EC263C32EB6E9EAC3F226CDDD16ED6BB6F30B4360D56,Z001023284247.pdf,F-3EC46382AC5DECDCE46F,FACTURA,OCR_STRONG,3,0.7729187850005624,0.7352170828094275,0.8142561955488911,0.7702155209190674
EC9F542C0D762349330D7C9D5BA35113FE54E325A7794D5D7246158EF14E78C4,Z001023454611.pdf,F-127BD2FBDD2CC031C0FE,FACTURA,QR_ARCA_STRONG,2,0.8913575263927712,0.8504282978825937,0.9184849690716126,0.9121763256510086
ECAB84F2B7ACE6067202550CC1F288749C0D9933D73906EA57EC7E2CE27438EF,Z001023243378.pdf,F-6F5CAF1E1AEEB43C5486,FACTURA,QR_ARCA_STRONG,2,0.8259991246738226,0.7778569566637955,0.8661823757493438,0.760876833172398
ED19A5F8AEC4AD20435C707E6523CA381B42F4AB56B354CCBBD95F9D549BEFD4,Z001023435552.pdf,F-FACD83D8B4281A05571A,FACTURA,QR_ARCA_STRONG,1,0.7127737292250605,0.7147744614267847,0.7640883485990556,0.6894376466949562
ED9DA7E668125AAC48AC5D5CB1649B43B8E8636A4B0446E134B7941C890918D3,Z001023242381.pdf,F-EE08C7103D2458E54189,FACTURA,QR_ARCA_STRONG,0,0.8647310729488912,0.740367779631788,0.8809831351995636,0.795136390561622
EDC54B347FB32B128E5218BB92547F4AA440585DF3915ABC4D44D90098E2B18E,Z001023306726.pdf,F-FACD83D8B4281A05571A,FACTURA,QR_ARCA_STRONG,1,0.85295565573446,0.7987715257099164,0.8912212134153733,0.7333598035897784
EDC98B31AFA7DF61EF661801826D24693949F1D02F83E01A2A44D99732D13B50,Z001023384988.pdf,F-6F5CAF1E1AEEB43C5486,FACTURA,QR_ARCA_STRONG,2,0.8511010171301668,0.7909522531704917,0.8824660917872209,0.7524189362659796
EE17F17B2E3BA04ED99337FE93B2F9107CF18A58C93502F0BF6938D7EBBC0185,Z001023305802.pdf,F-2225E7482E0C1A2CF093,OTRO_DOCUMENTO,QR_ARCA_STRONG,2,0.7209878707463366,0.7425730527607165,0.7610325968485983,0.7513703682428332
EE950C6BAF7DA9C86E8E4FDC679E2D5BDF85603D5EF1C8DD6FCFBA2FFE9541B1,Z001023466515.pdf,F-EE08C7103D2458E54189,FACTURA,QR_ARCA_STRONG,0,0.7852575862097956,0.6739514573745419,0.7984843234818715,0.7405425942821192
EF7D8D2B6EB1DA2009EE2C414B127F6EA6B1B2EE8A71CDDE5D494B88BB7021E2,Z001023284774.pdf,F-319491FEEAF6386D99BD,OTRO_DOCUMENTO,QR_ARCA_STRONG,0,0.8468275337460742,0.8440492871595504,0.9008606932048204,0.86761704471235
EF8D085AA0CC522DC505BFA3EE404551CA496928CC603CA9A2E2F72261C64480,Z001023284209.pdf,F-239031FB24D11A1289E7,FACTURA,PDF_TEXT_STRONG,3,0.8116163315994779,0.8388760767909759,0.8867901317140084,0.7669965228941723
EFA7644399240D4CE98CFC0922C43901B82B82154718FBA1C01D066A528AAE93,Z001023410379.pdf,F-7D0D437DDC69268FCFC4,FACTURA,OCR_STRONG,3,0.8082231653799988,0.8278579528526084,0.8789128020176206,0.78815423578348
F02532D4FE739AE475EF518FE9ABF04523A9FCE2A2AF2966D6A8A65C39F06861,Z001023284318.pdf,F-FACD83D8B4281A05571A,FACTURA,QR_ARCA_STRONG,1,0.8494720799804465,0.8073968145438923,0.8859817759454749,0.753900782241965
F128AA90E662AD7CDB80CA46AEBFBA2F20A8B122EEC15961781923955AD06E2E,Z001023267467.pdf,F-127BD2FBDD2CC031C0FE,FACTURA,QR_ARCA_STRONG,2,0.9223795617627865,0.8806655927463043,0.9447000854560001,0.9180566444107907
F1D6DF38C956FF2FBF30C665EB678BEDC73541E868C90BBE1914DC39CFC81B74,Z001023337673.pdf,F-FACD83D8B4281A05571A,FACTURA,QR_ARCA_STRONG,1,0.7951181488114522,0.7293382987482229,0.8243098980617981,0.7192001686835978
F1ED5614878958FA3F8F6FE4EC67586AED7BE453B74BAF85343B51C660276FC5,Z001023266224.pdf,F-EE08C7103D2458E54189,FACTURA,QR_ARCA_STRONG,0,0.8689442528306858,0.7955582290211375,0.8998142670988544,0.8007701283395489
F20FB9FCF93C82B0A97A7A67BFE6F5483C480F94C937353FCAE85095E78B4D30,Z001023283753.pdf,F-319491FEEAF6386D99BD,OTRO_DOCUMENTO,QR_ARCA_STRONG,0,0.871951099288366,0.8736330150053467,0.9254194026058483,0.861350994313894
F27819BDCE09A908EAE141286E3F96A901693744C5D3E583CA40F3207CB07092,Z001023267253.pdf,F-3668A88FC20749F1E323,FACTURA,QR_ARCA_STRONG,3,0.7807422715952901,0.7021027336451985,0.8087569525663786,0.7817364018600736
F31E350293C5EBBC824D100FFFB2E4A84115DC163CBFA5B15223DD440A617090,Z001023366957.pdf,F-463F5D66BCFC1B95B4F2,FACTURA,QR_ARCA_STRONG,3,0.7130316218859518,0.6910785424870377,0.7557653355254931,0.7260722177879891
F36DDC207A40D81075D8AC15AFEE80E857697E22529B6126925EF8D73DC72A5A,Z001023267201.pdf,F-C4EFEA98CD9D9490E678,FACTURA,OCR_STRONG,2,0.6416971688474127,0.6347999779781011,0.6997767072074846,0.7016082393964143
F3A3A486DF2712665DE56C52AF6656793D2486EDF2AA215E03C56349237419D6,Z001023267806.pdf,F-FACD83D8B4281A05571A,FACTURA,QR_ARCA_STRONG,1,0.7978410195265963,0.7374087824904847,0.8338829791521445,0.6890840786948694
F443E494D46E40F1F5B004E0BC03FDCF866CA452BA358FAA128DE88FD1A1BFF2,Z001023435309.pdf,F-FACD83D8B4281A05571A,FACTURA,QR_ARCA_STRONG,1,0.8025030843226509,0.7585701007329496,0.8442260980673255,0.73979827925139
F48A1CF87F8AE7742A2FE0A5582B1A27A673493A7DA2EDB8A8DADC5D2B77A63D,Z001023242312.pdf,F-FACD83D8B4281A05571A,FACTURA,QR_ARCA_STRONG,1,0.8039244306728074,0.7852738053938948,0.8554896296677901,0.7524131066351966
F5019505DEE4B97949AF2E71B3420E3BE419C11A4BB446365BFC477970DE2BA9,Z001023283894.pdf,F-463F5D66BCFC1B95B4F2,FACTURA,QR_ARCA_STRONG,3,0.7398321637716588,0.7194080534404818,0.787743100106402,0.710352440298913
F50D614053B0C0D28C26FFE3C5A4E0AE3408C9A201491B4026006E5AF86830BF,Z001023410374.pdf,F-E2627E96B98E9A6575D4,FACTURA,OCR_STRONG,1,0.6957166916759474,0.7531382140359518,0.777448322482671,0.7029394443781527
F59C802AC4208228045C36181C016950962BB99A00CD60D30068C9B2118271BC,Z001023267823.pdf,F-FACD83D8B4281A05571A,FACTURA,QR_ARCA_STRONG,1,0.7978410195265963,0.7378478748005081,0.8341717210531763,0.6857615235011704
F5DB5A730173CF07DE8B6D1C34013C522B15E1124E2B2CB0117753C7086DF8D5,Z001023454517.pdf,F-77F1ACB02A8A219F6BC8,FACTURA,OCR_STRONG,0,0.7338104477606382,0.7117710911760053,0.7776041007611894,0.7687530247570171
F5E3F2CB89A7829ADD137A5CD69F51BA5334263B7A0E5234D3E28FE6AB0EE9E1,Z001023305693.pdf,F-463F5D66BCFC1B95B4F2,FACTURA,QR_ARCA_STRONG,3,0.836848787135702,0.8035660971159033,0.8829364541998898,0.7907086436480683
F61C02CEE3AA92440BD42E11C67AA26A3C2C9D34AB7AD8B0E95D7FF7C6FA3D53,Z001023454445.pdf,F-8FB0C271F20EAB3092AA,FACTURA,QR_ARCA_STRONG,3,0.7514788209679092,0.7258423081374751,0.809071158123851,0.7604015491960096
F63EFF161E10CF1225DD97065B64D1CA18F46DAE2F95D32106C15810281D8BC8,Z001023478149.pdf,F-463F5D66BCFC1B95B4F2,FACTURA,QR_ARCA_STRONG,3,0.7134322218984351,0.6973722553190119,0.7601321146158132,0.690205800080863
F68FFBB0988D213FEDF95E02671C5249BA98E44CC73C48633A144C420E746CCE,Z001023283689.pdf,F-EE08C7103D2458E54189,FACTURA,QR_ARCA_STRONG,0,0.842170355635243,0.6522611801737502,0.8340272165408749,0.7956799471306444
F6AC68EA31D6263F385CD363C26F1FFFF5ADE73640CA3BD10454220B6CE6CEC4,Z001023422113.pdf,F-B5269576C44B14F588D5,FACTURA,OCR_STRONG,1,0.6277535833576948,0.6476809590350524,0.6779130373684216,0.7053335932774903
F6BD7A6DFD38FA6CC1436A75F1D68C77A0E0921050998B4803E87E4ED14FCD54,Z001023397916.pdf,F-FACD83D8B4281A05571A,FACTURA,QR_ARCA_STRONG,1,0.790902314226308,0.7479132766840824,0.8313992220866533,0.7082533786485778
F6E6DBE4FEE024C94DDDF78999FDB798300445A5CE72C950DB209353CAF5E7E1,Z001023243746.pdf,F-FACD83D8B4281A05571A,FACTURA,QR_ARCA_STRONG,1,0.7515130943477776,0.7160843472373811,0.7945436138402471,0.7236869229357944
F6FE5E4E7DBEFC3BD76AA8082F39320D6E47DF09DFED6C259F5830908418EB7F,Z001023385377.pdf,F-19E3E2219E79C363F63F,OTRO_DOCUMENTO,QR_ARCA_STRONG,0,0.6040438060481764,0.475637677623076,0.5423488566265423,0.5927359540376798
F725B4229EBD565A5BE6A7ADB42AEA4114D1EAB6002088E2EBD038F51BAB05DE,Z001023397970.pdf,F-FACD83D8B4281A05571A,FACTURA,QR_ARCA_STRONG,1,0.8419221675171291,0.8273603512643769,0.8920854436782393,0.7398358956119307
F7410A2B38FC9DE05D2F5D74DD79C5237FE01A8FA1ED3536844DF21777885ED9,Z001023321068.pdf,F-6F5CAF1E1AEEB43C5486,FACTURA,QR_ARCA_STRONG,2,0.812269933730524,0.7404667789663655,0.8423217698698913,0.7553619293638745
F75C4C0B9CB0F5C9DC73516970C0A96A09EDC1141F2EED9968A8CEF0786DA72B,Z001023336383.pdf,F-EE08C7103D2458E54189,FACTURA,QR_ARCA_STRONG,0,0.8336735766877105,0.7634367410239313,0.8716769969865223,0.7018842216577034
F75E14D3306E582993E85C486C4085A4238AB020B76AAD0706CF5D2EFBD8711E,Z001023283736.pdf,F-EE08C7103D2458E54189,FACTURA,QR_ARCA_STRONG,0,0.8473299301059469,0.6985977041936399,0.8536740478750389,0.7910330076936092
F7C9E186997998C8903EBB0761B5A5B6B2899BFC25A8AB3103635E0B5FA6D2FA,Z001023321843.pdf,F-463F5D66BCFC1B95B4F2,FACTURA,QR_ARCA_STRONG,3,0.7392724365772714,0.725837413514525,0.7901933836074603,0.7084976073203086
F7CDB6C9475CEAE90F1F8A67949A0D408B109C75B83F7F5ECCB0271E34450308,Z001023423265.pdf,F-463F5D66BCFC1B95B4F2,FACTURA,QR_ARCA_STRONG,3,0.7466996984863933,0.7141110805021075,0.7925459039493821,0.7367347421532151
F7CE019C15AA7C975DCFDF582EF7DC4467993E469ACCB5CD34D2CB0119832525,Z001023306037.pdf,F-EE08C7103D2458E54189,FACTURA,QR_ARCA_STRONG,0,0.8788739416423796,0.7855451582874042,0.8951344737408823,0.8456982572954725
F7D4315B0BD34CA0C1F7F00511F6C2555B14BF1E08B0AFBD5C97CBBF1770A623,Z001023466517.pdf,F-52A8D3E535639BC9066E,FACTURA,OCR_STRONG,2,0.7217933414513307,0.6831664783044097,0.7752663867421508,0.685968257186097
FAAA10795DFC3ED7953CF7632514C2517B7251C84DE9CAB5E9D400E49971752F,Z001023305871.pdf,F-463F5D66BCFC1B95B4F2,FACTURA,QR_ARCA_STRONG,3,0.6421717958664568,0.6646505786802432,0.695813025505316,0.6655438360704224
FB6BEE8F1D8BD758963C91213EA224344D076A9890EAE4D598AB4E5EB97F7FDF,Z001023285094.pdf,F-6F5CAF1E1AEEB43C5486,FACTURA,QR_ARCA_STRONG,2,0.8270157222157011,0.7805956444737427,0.8671952896551536,0.7639490041636655
FB9793DC94A8178102D75A97E0840E287BDD71D8EA9F9B07588D1582BB3FBB75,Z001023268012.pdf,F-EE08C7103D2458E54189,FACTURA,QR_ARCA_STRONG,0,0.8451955025646043,0.7299875076845975,0.8619687021794152,0.7990216429586723
FBCDA7565A60AAB32926B68591BF2C7A86F408D46DC228AA9E5F98D76ADD8FD2,Z001023306130.pdf,F-FACD83D8B4281A05571A,FACTURA,QR_ARCA_STRONG,1,0.7951181488114522,0.7320282547185767,0.8257621905572485,0.745422484217074
FC7CAABF0DC37DA0008DAB21CB11879C300FEF215B2B69DCC0BD08081358CCFB,Z001023242802.pdf,F-EE08C7103D2458E54189,FACTURA,QR_ARCA_STRONG,0,0.85175366930555,0.7038750935568301,0.858324123595701,0.7757112502532755
FCB7B5A2F524A16B19B60871079D42D4CF9A5A1C18278052A29B1366095DF71F,Z001023467464.pdf,F-33B81ED9CE192B1C2F2E,FACTURA,QR_ARCA_STRONG,2,0.7448749013507981,0.6744203664652967,0.7762588127445544,0.7480791049095297
FD0BB6E9BCCBF8A365C21D5CE4ED8EC5D46F7C481770B64BB6007F404847129A,Z001023285093.pdf,F-6F5CAF1E1AEEB43C5486,FACTURA,QR_ARCA_STRONG,2,0.8358061433154815,0.7923755735029564,0.8765817475048189,0.7705751350374089
FD0CE6D589C6F7FAA8B52B70D5AAF02E1683DFF17177426C2EF7C573B32B2998,Z001023385046.pdf,F-FACD83D8B4281A05571A,FACTURA,QR_ARCA_STRONG,1,0.8607914507486102,0.8382918427435444,0.9046508669228414,0.7243295847646911
FD102BB007B1EA3F03EA7765BC8008838DD06D1745B09776C93A4EEE82F296B8,Z001023336277.pdf,F-FACD83D8B4281A05571A,FACTURA,QR_ARCA_STRONG,1,0.8620336658935384,0.812230787806716,0.8976909382048998,0.7242688935129178
FD719D239382ED1035085A73A2D28E113F954055440BA249D36B363204CA6DDC,Z001023385278.pdf,F-6F5CAF1E1AEEB43C5486,FACTURA,QR_ARCA_STRONG,2,0.8244588623056839,0.7320485521705828,0.8537681199559994,0.7323181025252293
FDCDEAAD3737F44D2E52B6D87E7BB584722551A7E913238841FF96D33A7FFE64,Z001023398838.pdf,F-6F5CAF1E1AEEB43C5486,FACTURA,QR_ARCA_STRONG,2,0.8338480910809122,0.7444789862699194,0.8590893102726558,0.754975143357999
FDE1A18CA6E3D15C240BDE66DDD0ABE57C2F69E300A0AD72B135608E83DFBC49,Z001023306131.pdf,F-463F5D66BCFC1B95B4F2,FACTURA,QR_ARCA_STRONG,3,0.7241649470913135,0.6939838106289193,0.7666694300132719,0.7299038126135475
FDE2B1FCF8B3FCE9029D2A8D67D1D027ECA73F1CE24428A1203C942699F501B4,Z001023351295.pdf,F-463F5D66BCFC1B95B4F2,FACTURA,QR_ARCA_STRONG,3,0.7507612106574336,0.6953118139454043,0.7839151644962838,0.711587110641693
FDE622A3433BE4D10FEA9E811DD12C8E4558F08219F6CF1BF974F698D2735C69,Z001023454442.pdf,F-C04B37B1724168DE2084,FACTURA,QR_ARCA_STRONG,3,0.7551726749905623,0.7633421887457562,0.8263805190747223,0.7560606900425587
FDF0C9EACBFA6ADCDD4D8E651C451A9CDD65DBF7E8628426FA9C87F73F978DBD,Z001023454408.pdf,F-319491FEEAF6386D99BD,OTRO_DOCUMENTO,QR_ARCA_STRONG,0,0.8137346139887475,0.8392297437737762,0.8830405638269503,0.8449016927573895
FE56C5F0D519D9084CA60878C88E88C121CA77BD55C9A438401793C2D6B46597,Z001023266867.pdf,F-DB7766FFE78E622516F9,FACTURA,QR_ARCA_STRONG,1,0.7666307854866246,0.7555260195365732,0.8217992617807675,0.7622767891938838
FE6DD8A436FECC831B72D6EEE3E06DA7DEFD15DDB4CF19A2388187D93D5E8914,Z001023454946.pdf,F-A6E816EB9E43FECB1ACB,FACTURA,PDF_TEXT_STRONG,2,0.6454946647178417,0.6705953168650199,0.7140786795760304,0.6030425531951473
FEE0DCEE07817A24C8E345D3710B243B72CC2A4A160CF256A18804E4FFCE8E83,Z001023243370.pdf,F-DC0A2053B5A530D4C5EF,FACTURA,QR_ARCA_STRONG,3,0.8806201531974137,0.8298406745138734,0.9123902772593815,0.8732829248838634
FEF50B26E0EABF3B4D805C219F18D4B4952805C3E1426AAC76B536A9EE0B8538,Z001023283881.pdf,F-2225E7482E0C1A2CF093,OTRO_DOCUMENTO,QR_ARCA_STRONG,2,0.6085557196254889,0.7006986314357546,0.6741035654468609,0.6714239477836734
FF045409E4708976F60CFA2E5A97D7A99302672D09D4EFB989C13B04774ADCEF,Z001023455127.pdf,F-FACD83D8B4281A05571A,OTRO_DOCUMENTO,QR_ARCA_STRONG,1,0.5022119852141966,0.5095502961066694,0.5071537509052114,0.3930235882304603
FF43565801C01262106827D1A3294DC8FABE7E49F326193BB924678EA8833D59,Z001023367213.pdf,F-3BA8B67ACD3C697FA8AD,FACTURA,PDF_TEXT_STRONG,2,0.6975608336995478,0.6484377935736362,0.7300042680744218,0.719377770105011
FF477AE4BDC128E02DCC79434A90D0F9F247A51A83F65655F76A4F4430B60853,Z001023320990.pdf,F-19DFBD73F91E34BD601B,FACTURA,QR_ARCA_STRONG,1,0.8559554266530269,0.8373250607875955,0.908863551519955,0.833067276190034
FF8A0539D9B1410CF169E263973F187525B9B6918594943D2AA56275F3E2A8F0,Z001023305687.pdf,F-463F5D66BCFC1B95B4F2,FACTURA,OCR_STRONG,3,0.7190704626533913,0.7737169655670693,0.8067685945574903,0.7276666107017461
FF9B0AF18147938FF023F9B6CB62B31B38FFCC33B27FD1496A1073935FC0BA00,Z001023467513.pdf,F-42C5622A9D25DE95FE79,FACTURA,OCR_STRONG,2,0.7484664937796505,0.7132501943764418,0.7940537788192987,0.7650028232417925
FFBC84F8D220A03D34648EAFC0E9441B5AD9267065AD40A4E0C7CBB48D4F977D,Z001023385298.pdf,F-FACD83D8B4281A05571A,FACTURA,QR_ARCA_STRONG,1,0.7962075838808056,0.7447425513094186,0.8324453828580801,0.7254204561770248
FFC223740A59AAC2F4D9E71E5A2799843D2F7674B96B265B21668F6D9F84A32D,Z001023365934.pdf,F-EE08C7103D2458E54189,FACTURA,QR_ARCA_STRONG,0,0.8431488251259109,0.7415304686793953,0.8624020299858235,0.8048271563557292
