Sha256,FileName,LabelFinal,DocumentType,LabelSource,FamilyId,Fold,WORD_PFactura,WORD_Prediction,WORD_Error,CHAR_PFactura,CHAR_Prediction,CHAR_Error,WORD_CHAR_PFactura,WORD_CHAR_Prediction,WORD_CHAR_Error
002865257C71829F722158FBCEDB282C220108C3B1CE07E08876E80BAEEA8EB2,Z001023305689.pdf,FACTURA,FACTURA,QR_ARCA_STRONG,F-EE08C7103D2458E54189,0,0.8003624999087858,FACTURA,False,0.7433198594824718,FACTURA,False,0.8389464006695196,FACTURA,False
00A887F58DB25495DFDE02D1BD1530CE321427ECC08F8EF1E62853BF1C219A6C,Z001023321635.pdf,FACTURA,FACTURA,QR_ARCA_STRONG,F-FACD83D8B4281A05571A,1,0.752723233552796,FACTURA,False,0.7041665684172621,FACTURA,False,0.7947665924036592,FACTURA,False
010343D4BCC6C1DB12C1129F149212B97C69C10242840BC5A303CC7B4AA87BAF,Z001023242961.pdf,FACTURA,FACTURA,QR_ARCA_STRONG,F-EE08C7103D2458E54189,0,0.7771698400942584,FACTURA,False,0.6977587866231704,FACTURA,False,0.8093675383055277,FACTURA,False
014E2ED703E7699D11564EA3DA8C3C759890653A8AA43818519F760562AAD8E9,Z001023267244.pdf,FACTURA,FACTURA,QR_ARCA_STRONG,F-41390C2275426E0851C1,3,0.6916531839740243,FACTURA,False,0.6624329740889169,FACTURA,False,0.7314202355756416,FACTURA,False
01CD21BA921CF3E5B71026D0B35F0455C59E2D2B5B1FCC67BBF6E18173662A57,Z001023284243.pdf,FACTURA,FACTURA,QR_ARCA_STRONG,F-17D8887E1AFD322C7FBE,3,0.7409652075536503,FACTURA,False,0.7274224775078114,FACTURA,False,0.7956779866288228,FACTURA,False
02481C9D2568B71F8E7C312C9750A2574BBC113DA725E94DF93185829AC84A79,Z001023320988.pdf,FACTURA,FACTURA,PDF_TEXT_STRONG,F-BD443D8161F24BFCB109,3,0.6782622747587388,FACTURA,False,0.670988180722689,FACTURA,False,0.7242719426487026,FACTURA,False
02656E7BEACD36FF1D29B09DB3B935C87A2031DBB0AC01CB7FB6EF3190A013A9,Z001023397871.pdf,FACTURA,FACTURA,QR_ARCA_STRONG,F-463F5D66BCFC1B95B4F2,3,0.7991053631577739,FACTURA,False,0.7490004624964589,FACTURA,False,0.8325117018528315,FACTURA,False
029212DC679C033902FE2CC264F3CAB6C223BB8366CB0FE8E61BF5329E85FACE,Z001023338079.pdf,FACTURA,FACTURA,QR_ARCA_STRONG,F-FACD83D8B4281A05571A,1,0.7402814787066506,FACTURA,False,0.646957161444042,FACTURA,False,0.7624347358087321,FACTURA,False
02E98A8346DE804B23DEB7F869E8DA197E5631C1064A63EA74D3C0B0218FFB06,Z001023242297.pdf,FACTURA,FACTURA,QR_ARCA_STRONG,F-49A5021ADC5A10C6DAE9,1,0.7967812454601594,FACTURA,False,0.8061061515822806,FACTURA,False,0.8651486396423589,FACTURA,False
030110C4EECAD8AD99A6AD1A53873B11A63BAD1F04245E5725E05682FCC5D4AA,Z001023397962.pdf,FACTURA,FACTURA,QR_ARCA_STRONG,F-FACD83D8B4281A05571A,1,0.7101135611091506,FACTURA,False,0.6575273897267789,FACTURA,False,0.7484920292967014,FACTURA,False
030126CE7D614353FF03F90C126B6D2C3746D913B36523810DF4F1B51326D882,Z001023242608.pdf,FACTURA,FACTURA,EXISTING_GROUND_TRUTH,F-EE08C7103D2458E54189,0,0.7542188223164084,FACTURA,False,0.6955429765135536,FACTURA,False,0.7932861178296825,FACTURA,False
0364B3022336297D63A30D703615CB3CC76DF8649C864FC2E6DC9CC55D955996,Z001023435320.pdf,FACTURA,FACTURA,QR_ARCA_STRONG,F-0DDB74E82CF65D655CE7,2,0.7518918293048087,FACTURA,False,0.7749610584863722,FACTURA,False,0.8391787395385444,FACTURA,False
038C8E13A29FF718AF15161F5E1623E16F4735509EBC827CBF80A30555FC05DB,Z001023422115.pdf,FACTURA,FACTURA,QR_ARCA_STRONG,F-463F5D66BCFC1B95B4F2,3,0.7846515076576188,FACTURA,False,0.7634439194061341,FACTURA,False,0.8381952661693066,FACTURA,False
03B39A26667D7005B31BEF5DCA9F294FCC45452CA0D45BA06D78BF8CE5E16133,Z001023283786.pdf,FACTURA,FACTURA,OCR_STRONG,F-9A735258044E0AA042F4,0,0.7410060879339475,FACTURA,False,0.7247027917213558,FACTURA,False,0.7923663724665154,FACTURA,False
03CFBE47B1C87BEFC324BB99462C1A6722B7E29C5EB61D17AE8AB0C4A60F5AF3,Z001023397760.pdf,OTRO_DOCUMENTO,NOTA_CREDITO,QR_ARCA_STRONG,F-FACD83D8B4281A05571A,1,0.5447376982077616,FACTURA,True,0.6311815060149382,FACTURA,True,0.6082607104207651,FACTURA,True
0405379635CC5D80EAFD03FE53704B24D220C6EFBD7EB0C7A1B8908D312819DF,Z001023267802.pdf,FACTURA,FACTURA,QR_ARCA_STRONG,F-FACD83D8B4281A05571A,1,0.6797721414841835,FACTURA,False,0.6501529204445009,FACTURA,False,0.7209179971417815,FACTURA,False
042267BB5BA6B2EF3DEB81E10F9D0DF556DA96E723BEE7A42CA1F5AB41E0B13E,Z001023321071.pdf,FACTURA,FACTURA,QR_ARCA_STRONG,F-FACD83D8B4281A05571A,1,0.7284434684527588,FACTURA,False,0.6841803777896779,FACTURA,False,0.7701704263142949,FACTURA,False
0431F3F0FA33A87F05475A197FA40165963F462ADD5E0D0F14743141B23F8ECF,Z001023285092.pdf,FACTURA,FACTURA,QR_ARCA_STRONG,F-6F5CAF1E1AEEB43C5486,2,0.7544353636116625,FACTURA,False,0.702798519287444,FACTURA,False,0.7917787361420239,FACTURA,False
0433389975EC3550CE85ABFB0C93FCD6D66B39F406A635F2A1B7ECFDAD2ACEE3,Z001023243743.pdf,FACTURA,FACTURA,QR_ARCA_STRONG,F-EE08C7103D2458E54189,0,0.8040154232047053,FACTURA,False,0.7369354045147297,FACTURA,False,0.8426028111390786,FACTURA,False
045C94F468347D76A752B35C9E1104694E4AD501AE20C72D76DEF8E399357D50,Z001023349833.pdf,FACTURA,FACTURA,QR_ARCA_STRONG,F-EDBFE59229E8571451DD,2,0.7551065516923054,FACTURA,False,0.6824036440772983,FACTURA,False,0.7833195967600914,FACTURA,False
04644AFCA0FD83E0BA9F4699895C76D10FBDBA2FE57B9695DC20E8D7B05F23B9,Z001023467444.pdf,FACTURA,FACTURA,QR_ARCA_STRONG,F-6F5CAF1E1AEEB43C5486,2,0.7162933739955062,FACTURA,False,0.6584199966856815,FACTURA,False,0.751217389243249,FACTURA,False
04D2A6C50B9B35D2F7E917B6E3A9B8329EE86DAD2FB2D5042D6BB4040B213ABA,Z001023243462.pdf,FACTURA,FACTURA,QR_ARCA_STRONG,F-FACD83D8B4281A05571A,1,0.748982528643231,FACTURA,False,0.7057282323928432,FACTURA,False,0.7938993982868727,FACTURA,False
0502FD9BDC978A9DB273A734BD4392467FCD7002B2033F73814CA959A4092E48,Z001023321087.pdf,FACTURA,FACTURA,QR_ARCA_STRONG,F-2536699D670C4BE35026,0,0.7945361711507081,FACTURA,False,0.6824017206760014,FACTURA,False,0.8039147549054119,FACTURA,False
056F2DBFB04063C3907953A9FA896F379670BFB843A6C1C8D08A4A79E784AF5C,Z001023243328.pdf,FACTURA,FACTURA,QR_ARCA_STRONG,F-FACD83D8B4281A05571A,1,0.7809144493340439,FACTURA,False,0.7024728030254777,FACTURA,False,0.8160159314368524,FACTURA,False
05C329DF72080120239DE88AA85E91D6F089D1DAA1A7F59B8E53C60752CF1D47,Z001023284042.pdf,OTRO_DOCUMENTO,OTRO_DOCUMENTO,QR_ARCA_STRONG,F-FACD83D8B4281A05571A,1,0.39412571915853806,OTRO_DOCUMENTO,False,0.42827491930667555,OTRO_DOCUMENTO,False,0.38863573638696225,OTRO_DOCUMENTO,False
062D404B15F77BA8C0EABD59CB6BF2C7D319E561D80F744178F01EB08514EDCC,Z001023466256.pdf,FACTURA,FACTURA,QR_ARCA_STRONG,F-EE08C7103D2458E54189,0,0.7862091172669735,FACTURA,False,0.6955945416224889,FACTURA,False,0.811896820762378,FACTURA,False
0694B850140E5FB7BFAECB0AE25445A17058A3081747D666726EF30BF5AA1CB8,Z001023336346.pdf,FACTURA,FACTURA,QR_ARCA_STRONG,F-463F5D66BCFC1B95B4F2,3,0.7920654430234205,FACTURA,False,0.7461987568995724,FACTURA,False,0.8379389417954012,FACTURA,False
06A4E618722CC20B0791DAAF476CDE38E7C997F9619E99E853204E29184B3E6B,Z001023478160.pdf,FACTURA,FACTURA,QR_ARCA_STRONG,F-FACD83D8B4281A05571A,1,0.7566306507529322,FACTURA,False,0.6653943082071315,FACTURA,False,0.782117277136512,FACTURA,False
06A69148F4DA1D7AED723E4EFD8016E4BF83803969862E721D1E7269E9FB7641,Z001023465957.pdf,FACTURA,FACTURA,QR_ARCA_STRONG,F-A8BC10D011EB3739972C,2,0.7428373811857083,FACTURA,False,0.6775846722724701,FACTURA,False,0.7623003311711296,FACTURA,False
06C5E77F317271A5B21E226962240E9CECAA20BB4DF5B73BBEE18511EE01C7CE,Z001023466926.pdf,FACTURA,FACTURA,QR_ARCA_STRONG,F-D1F6DC156677842D2070,2,0.7931140237236449,FACTURA,False,0.7695969726620816,FACTURA,False,0.8460734070477474,FACTURA,False
06F44D4A2E6F166F80269454C61462854CB02A1D7D136FAA54492E0630A88ABA,Z001023422175.pdf,FACTURA,FACTURA,QR_ARCA_STRONG,F-FACD83D8B4281A05571A,1,0.699337304598872,FACTURA,False,0.6711964703993365,FACTURA,False,0.738825593554619,FACTURA,False
06FAF6983BF7BBDCDCB270264CB68197C6D4C8EDA17F598D41B73C422360B1FD,Z001023320994.pdf,FACTURA,FACTURA,OCR_STRONG,F-491E72C9A59BCFB7F91A,3,0.7265966980733475,FACTURA,False,0.8305170425197252,FACTURA,False,0.8432029030616233,FACTURA,False
072B001D7FDCB00B166EE67FDDEE8BE382F3BA7FB76113DE6F258CAC2DEDFF3E,Z001023466513.pdf,FACTURA,FACTURA,OCR_STRONG,F-52A8D3E535639BC9066E,2,0.694840755482541,FACTURA,False,0.6828265412443053,FACTURA,False,0.7660819414086842,FACTURA,False
0846CFEBEEDC318DCF892BDB073260F2B9D11DE1DBAD19523CC213629641A43C,Z001023349977.pdf,FACTURA,FACTURA,QR_ARCA_STRONG,F-FACD83D8B4281A05571A,1,0.6739908479259286,FACTURA,False,0.6733607425364229,FACTURA,False,0.726313231797634,FACTURA,False
086C3868153984B80A9CF8E533AE3DD3D9A1E3AA0CC74EECF32A469E89112AFD,Z001023320981.pdf,FACTURA,FACTURA,QR_ARCA_STRONG,F-FACD83D8B4281A05571A,1,0.7162445861970456,FACTURA,False,0.6727285136462214,FACTURA,False,0.758291847320174,FACTURA,False
087EA4366E3106496DA6B0BC81253540CE32BCC41D32F4556B269A17734EA995,Z001023321000.pdf,FACTURA,FACTURA,QR_ARCA_STRONG,F-463F5D66BCFC1B95B4F2,3,0.7996464705738336,FACTURA,False,0.8399404274614599,FACTURA,False,0.8856478820310986,FACTURA,False
08D4415DD3DD5F35A1D0E2243FE7197C8894DC3F408F5C6241D2C12EA5EF3144,Z001023305669.pdf,FACTURA,FACTURA,QR_ARCA_STRONG,F-463F5D66BCFC1B95B4F2,3,0.7154752680542014,FACTURA,False,0.625496131079158,FACTURA,False,0.7251966544228428,FACTURA,False
08EEB31E5FEA01CB1869C83A1C0AC14004D08320B9D98369B045EAFB33798242,Z001023266223.pdf,FACTURA,FACTURA,QR_ARCA_STRONG,F-EE08C7103D2458E54189,0,0.7892257858731063,FACTURA,False,0.7028041472957971,FACTURA,False,0.8192272005538883,FACTURA,False
092FC946D76F08809B4F70D8392FAD226E023A06ADE2E2D83DB28C2843BED2F2,Z001023267334.pdf,FACTURA,FACTURA,QR_ARCA_STRONG,F-EE08C7103D2458E54189,0,0.7819556464264333,FACTURA,False,0.6883146109863679,FACTURA,False,0.8094928376206467,FACTURA,False
0990D2942702442C2BAFC4B137B74346C4F7BEC3364E39EE95DACE83104DDD74,Z001023422277.pdf,FACTURA,FACTURA,PDF_TEXT_STRONG,F-239031FB24D11A1289E7,3,0.7571447217113708,FACTURA,False,0.7278173306999827,FACTURA,False,0.8014598147037172,FACTURA,False
099CD04D4D313E7B125EE36BE7A592FAE24935F39860457A2663B17850A7A024,Z001023305711.pdf,FACTURA,FACTURA,QR_ARCA_STRONG,F-463F5D66BCFC1B95B4F2,3,0.6937906213816447,FACTURA,False,0.6016672135192804,FACTURA,False,0.6990263466713306,FACTURA,False
09BA9B13C67BBB69B0C9194C5E68E80D92DE3F0D572EEB90223E1DFDA26B67E7,Z001023321062.pdf,FACTURA,FACTURA,QR_ARCA_STRONG,F-78FBBC0583221AAC5789,2,0.7374689003835968,FACTURA,False,0.732554578571285,FACTURA,False,0.8065444593381523,FACTURA,False
09CB14F715B5C41BB9EF57C4DB54A53397E380B9647D9DF3125089BF05529B3D,Z001023266243.pdf,FACTURA,FACTURA,QR_ARCA_STRONG,F-77DF7B7AF18627AF7CC8,2,0.7934392709709764,FACTURA,False,0.6491832563669017,FACTURA,False,0.7945139186070177,FACTURA,False
09EA12AF37DBD01DE88FE904C33AE8D4A1774A3846F51D7C6A5F8C4B38EEC563,Z001023422338.pdf,FACTURA,FACTURA,QR_ARCA_STRONG,F-FACD83D8B4281A05571A,1,0.7341499739428281,FACTURA,False,0.6734868067817394,FACTURA,False,0.7681013942402697,FACTURA,False
09F5F33D7AF68E713FCEBDED31CFDA8867C3B5839C983013AC4F4A3B4C64EADA,Z001023242370.pdf,FACTURA,FACTURA,QR_ARCA_STRONG,F-EE08C7103D2458E54189,0,0.8108908635368098,FACTURA,False,0.7363789995488442,FACTURA,False,0.8440395505105452,FACTURA,False
0A0BE06602247C93290462DF94D533A35AAAF17CD8935188A9804FC6F3805C73,Z001023336432.pdf,FACTURA,FACTURA,QR_ARCA_STRONG,F-EE08C7103D2458E54189,0,0.7721438907225856,FACTURA,False,0.6137968055579137,FACTURA,False,0.766764994048369,FACTURA,False
0AB443B8A71B5F8C9B777E07D78DD56EC3BBE75E0256202DD5FADA760E576D9E,Z001023467445.pdf,FACTURA,FACTURA,QR_ARCA_STRONG,F-6F5CAF1E1AEEB43C5486,2,0.6983117723068749,FACTURA,False,0.6606395354030222,FACTURA,False,0.7324835014496778,FACTURA,False
0AFAE9C55C04A213F0388C634CABAEEA4C9A02686A7B1F8D6CAEF6585DCD3498,Z001023385697.pdf,FACTURA,FACTURA,QR_ARCA_STRONG,F-6F5CAF1E1AEEB43C5486,2,0.7463253979126712,FACTURA,False,0.7133085483513656,FACTURA,False,0.7899109546323694,FACTURA,False
0B37339859B57A9C2AC42C87C0DF2B011049680AE88FE16FF6E3274F8C264E20,Z001023242331.pdf,FACTURA,FACTURA,QR_ARCA_STRONG,F-EE08C7103D2458E54189,0,0.7692343123520189,FACTURA,False,0.7051017132313359,FACTURA,False,0.8051038872124059,FACTURA,False
0BCB4FA93CF649F724DA354451FE75CADFBA4E2BE6B7A32C41D4D5A40B6500B0,Z001023284545.pdf,FACTURA,FACTURA,QR_ARCA_STRONG,F-463F5D66BCFC1B95B4F2,3,0.7128517673521277,FACTURA,False,0.6001787890475215,FACTURA,False,0.7120814069996221,FACTURA,False
0BE39898903E624AD3D7957D864B44D6D84B895CE4C0B29042FB99AD5B6A2CFA,Z001023242558.pdf,FACTURA,FACTURA,QR_ARCA_STRONG,F-6F5CAF1E1AEEB43C5486,2,0.7622717081495394,FACTURA,False,0.7584409576556899,FACTURA,False,0.8242363997491274,FACTURA,False
0D03C0C9105F3C3452B28F233E73D2389FECD8D0774EF2113973DCBAD9E3FA31,Z001023242371.pdf,FACTURA,FACTURA,QR_ARCA_STRONG,F-EE08C7103D2458E54189,0,0.7447796314398845,FACTURA,False,0.6511184685897042,FACTURA,False,0.7646494321574512,FACTURA,False
0D70848C8EA89E4E7A023B53FAAC0A2C6BE60CA305D26DB1FB3C56B832D88199,Z001023321898.pdf,FACTURA,FACTURA,QR_ARCA_STRONG,F-EE08C7103D2458E54189,0,0.7735315454029641,FACTURA,False,0.6817059710115879,FACTURA,False,0.8006271796301648,FACTURA,False
0DB5D3275144FC50576194C8BE14F91BC04EF15CB58334D123857D8A15200121,Z001023337691.pdf,FACTURA,FACTURA,QR_ARCA_STRONG,F-EE08C7103D2458E54189,0,0.3922603303254663,OTRO_DOCUMENTO,True,0.2458348453897017,OTRO_DOCUMENTO,True,0.3327009317938898,OTRO_DOCUMENTO,True
0DBD0D5EFF4F30AACEF8C537FBAE56A22A835E1F94365D0505C57A282B504272,Z001023268089.pdf,FACTURA,FACTURA,QR_ARCA_STRONG,F-A1CDEA5EA1B02B4F87C8,2,0.7787955923572429,FACTURA,False,0.625823652304018,FACTURA,False,0.7862268297424205,FACTURA,False
0DDD4740926665B1F2CA1C85C2F251ECBDC8D72EA9155909898B72928455C029,Z001023242332.pdf,FACTURA,FACTURA,QR_ARCA_STRONG,F-EE08C7103D2458E54189,0,0.7806933845590177,FACTURA,False,0.7425875266345557,FACTURA,False,0.8266755246830678,FACTURA,False
0DF43C24EE1C884E4D39EA52799AF8AC28734D207C295A02C543F7E84C2C5546,Z001023266865.pdf,FACTURA,FACTURA,QR_ARCA_STRONG,F-EE08C7103D2458E54189,0,0.7788130433277658,FACTURA,False,0.7380485856364235,FACTURA,False,0.8275320637007328,FACTURA,False
0EA83AC8EB655DEA62FEAFEB9AA0E382503A8BAE3EE20782767D39071CB570D8,Z001023266214.pdf,FACTURA,FACTURA,OCR_STRONG,F-73AB37D8D5F65AA437FE,3,0.7764231808006237,FACTURA,False,0.7876151271311759,FACTURA,False,0.845408197322413,FACTURA,False
0EC7A08B7BBAC6CA90E6285FD8B309A999A6B529D7F2E7589C6DF6C18360817D,Z001023268106.pdf,FACTURA,FACTURA,QR_ARCA_STRONG,F-FACD83D8B4281A05571A,1,0.7501497677725109,FACTURA,False,0.6663508241947486,FACTURA,False,0.780916844510019,FACTURA,False
0F17FC399AEC8157D02B8E78678720A018C8ABE168EF482D47520D265F142E71,Z001023321405.pdf,FACTURA,FACTURA,QR_ARCA_STRONG,F-FACD83D8B4281A05571A,1,0.7379317256981726,FACTURA,False,0.6003521389077241,FACTURA,False,0.7366426888433922,FACTURA,False
0FE177F6CD750D418803C35068F43884010AD341C152821186CE237C10EB4CA4,Z001023321160.pdf,FACTURA,FACTURA,QR_ARCA_STRONG,F-EFBDDAECA8EF315C1DDB,3,0.7878753710332317,FACTURA,False,0.6857095162135651,FACTURA,False,0.8022823325049161,FACTURA,False
1015512E6F7CD4C5A4FC33C2AF6C359994ED5197589848BA4C7E5CD9F1F956B6,Z001023283874.pdf,FACTURA,FACTURA,QR_ARCA_STRONG,F-EE08C7103D2458E54189,0,0.7876615601228528,FACTURA,False,0.7017494486366618,FACTURA,False,0.8155757390464687,FACTURA,False
10191891313269319E0D3C05BAFEE13282C40FD6B8BE77F890B623E757032F66,Z001023466582.pdf,FACTURA,FACTURA,QR_ARCA_STRONG,F-463F5D66BCFC1B95B4F2,3,0.7266058275383852,FACTURA,False,0.64708108862479,FACTURA,False,0.7437576141452146,FACTURA,False
106447D8042022E7A7E537E2F456DA614B64B7F191C70E08B6E6C5335ED5C164,Z001023350340.pdf,FACTURA,FACTURA,OCR_STRONG,F-DCC01CD6C3861C7E4C3E,3,0.7599387186030282,FACTURA,False,0.7378074428562941,FACTURA,False,0.8110900091222994,FACTURA,False
1070D74119877C31496D76A77F5B15F0608CB4054729C553008B3AC97A34E774,Z001023422289.pdf,FACTURA,FACTURA,OCR_STRONG,F-3011CA8E0F20D09184FC,2,0.7483743857402435,FACTURA,False,0.47503881214869637,OTRO_DOCUMENTO,True,0.6675513782593385,FACTURA,False
10D1AFC979D966B39B92E799719AD44B93945894927B122A3BCE79C3126B9413,Z001023423311.pdf,OTRO_DOCUMENTO,OTRO_DOCUMENTO,QR_ARCA_STRONG,F-22D8B0B2BC197D116017,3,0.6948977269131075,FACTURA,True,0.8089306166067869,FACTURA,True,0.8126237427052965,FACTURA,True
10E67A94D76020372663F84AB23B4EF053A69FEF47465E0EB3C8E0DDCAABACF9,Z001023366861.pdf,FACTURA,FACTURA,QR_ARCA_STRONG,F-FACD83D8B4281A05571A,1,0.6009464947066901,FACTURA,False,0.5619202997506882,FACTURA,False,0.619874275634171,FACTURA,False
1145C2EBBA8BCA114C2D4FC9C75D25C49023A274E91AA55BA25D3C6C9FF20DF8,Z001023267243.pdf,FACTURA,FACTURA,QR_ARCA_STRONG,F-FACD83D8B4281A05571A,1,0.7535414789387266,FACTURA,False,0.7062836244440751,FACTURA,False,0.7935831313552013,FACTURA,False
1159CA6B7C557BD08C99E82E1CD56A2CC1FE32763083DA0FF63B4B9B8FC13188,Z001023305806.pdf,FACTURA,FACTURA,QR_ARCA_STRONG,F-FACD83D8B4281A05571A,1,0.6808903881806736,FACTURA,False,0.6175268886036616,FACTURA,False,0.7056078137737481,FACTURA,False
11E13B5C2625E4A99DF02BA77E51E0FF80A412F0891560027A439C52B2E2F1DB,Z001023266866.pdf,FACTURA,FACTURA,QR_ARCA_STRONG,F-EE08C7103D2458E54189,0,0.7645010919114983,FACTURA,False,0.6891406205296747,FACTURA,False,0.7963994527543429,FACTURA,False
123AAD179BE2ED44C1896B2F0972BA3A001D1258B084B8A1FE069BC1ACB1FF14,Z001023283866.pdf,FACTURA,FACTURA,QR_ARCA_STRONG,F-4282D891EC4146496CC2,3,0.8321713443987608,FACTURA,False,0.8388482524176967,FACTURA,False,0.9021969503917353,FACTURA,False
123DEAB253005D37733D22992D564C0DD27E284E2FE7447FBFB662F5CABB4F78,Z001023266874.pdf,FACTURA,FACTURA,QR_ARCA_STRONG,F-FACD83D8B4281A05571A,1,0.7499529931216932,FACTURA,False,0.6845424589706139,FACTURA,False,0.790991702422336,FACTURA,False
1263E1D96CCC2DC62B7B63FA6BE11310C0BA2C6C480F0DD97CC90CBE48E713FA,Z001023306665.pdf,FACTURA,FACTURA,OCR_STRONG,F-134A9F49858D4BF94062,1,0.7539381716552329,FACTURA,False,0.7779445240471422,FACTURA,False,0.8432548551510222,FACTURA,False
12A06FB638C41A396A7D0795E2B9EA77B86474B203529001B612EC9895E84BC7,Z001023410359.pdf,FACTURA,FACTURA,OCR_STRONG,F-5213D0B5BE521925EA95,2,0.6678421306232544,FACTURA,False,0.6899240169688347,FACTURA,False,0.7424981174655352,FACTURA,False
14381C127DC5AC3853B4712213EAB4470DD2A21AEFD09D12626E70E430315305,Z001023242877.pdf,FACTURA,FACTURA,QR_ARCA_STRONG,F-EE08C7103D2458E54189,0,0.8026698402809509,FACTURA,False,0.7402828635105887,FACTURA,False,0.8422506392990172,FACTURA,False
14888ABF52C795CD9248EFA6B5AD5883B0C2EDEE3B11EDC68A2B534DF582EA6C,Z001023266862.pdf,FACTURA,FACTURA,QR_ARCA_STRONG,F-EE08C7103D2458E54189,0,0.7873256833537057,FACTURA,False,0.7025717315083025,FACTURA,False,0.816607187055906,FACTURA,False
14A75A878D1C46176EA9AB48865A6D723CE20D76A39D0BAAD77767EAD1EC2DD1,Z001023423283.pdf,OTRO_DOCUMENTO,NOTA_DEBITO,QR_ARCA_STRONG,F-2225E7482E0C1A2CF093,2,0.6255593854138137,FACTURA,True,0.7114283588036915,FACTURA,True,0.6966664282307717,FACTURA,True
15017A95CAE592FF03AC85B9E98A3F558AC8C2B2382DE89708D086F963B8F662,Z001023320982.pdf,FACTURA,FACTURA,QR_ARCA_STRONG,F-EE08C7103D2458E54189,0,0.7989901709433228,FACTURA,False,0.7591363576489965,FACTURA,False,0.8460884242943713,FACTURA,False
152604FDE489F58F0995B33FDBFBEF849D1187861D9A30592C95908147F52349,Z001023349976.pdf,OTRO_DOCUMENTO,NOTA_CREDITO,QR_ARCA_STRONG,F-2225E7482E0C1A2CF093,2,0.7579056357647007,FACTURA,True,0.799048255134201,FACTURA,True,0.8218244802859114,FACTURA,True
1559EC92CBDBE55D735EE7ACA8E52AEAD71C1C47C221CF45B68B936B4345C2A2,Z001023338074.pdf,FACTURA,FACTURA,QR_ARCA_STRONG,F-FACD83D8B4281A05571A,1,0.7202877231345831,FACTURA,False,0.6723564131905874,FACTURA,False,0.7593744547617335,FACTURA,False
158A0B2372339DB5F964827887050C77E088ED0C654782778E7E3DF739CCF278,Z001023306234.pdf,FACTURA,FACTURA,QR_ARCA_STRONG,F-FACD83D8B4281A05571A,1,0.695818266299016,FACTURA,False,0.659072028457714,FACTURA,False,0.7378139538720208,FACTURA,False
15926288C19E4044088E6417ACB087ECBBE63143BD28306C232EE3218D138E82,Z001023321106.pdf,FACTURA,FACTURA,QR_ARCA_STRONG,F-EE08C7103D2458E54189,0,0.7988044975533395,FACTURA,False,0.7207177433398221,FACTURA,False,0.8335244860636969,FACTURA,False
15969BD380B8D2DC22294AFDC4928DC42B0917483959608C7594E31E510491F3,Z001023350318.pdf,FACTURA,FACTURA,OCR_STRONG,F-DCC01CD6C3861C7E4C3E,3,0.7590227632887572,FACTURA,False,0.7404915967165142,FACTURA,False,0.81238247968575,FACTURA,False
15EE89386351047AD1C2D3173F2DF4FBDA0DE0D47542662362CCF47AEB41B838,Z001023265539.pdf,FACTURA,FACTURA,QR_ARCA_STRONG,F-FACD83D8B4281A05571A,1,0.7681663278405219,FACTURA,False,0.7273141054791046,FACTURA,False,0.815207230532317,FACTURA,False
160507D36E36A41452843EB5116EBE6860289D267FB2CEE2F49609A29C7BB91E,Z001023384921.pdf,FACTURA,FACTURA,QR_ARCA_STRONG,F-EE08C7103D2458E54189,0,0.8010917964159984,FACTURA,False,0.715668749287578,FACTURA,False,0.8325587916718489,FACTURA,False
166589FEDAA33D952D81A337E8B61F2BA518F0302A237C96E8E96DDD61F7A5B1,Z001023242296.pdf,OTRO_DOCUMENTO,NOTA_CREDITO,QR_ARCA_STRONG,F-FACD83D8B4281A05571A,1,0.5318539774866374,FACTURA,True,0.5831276357337414,FACTURA,True,0.5681541969183107,FACTURA,True
167929F9016E97C2CCFE59A2730534C5CD51282608A17A4EF1F23FA5F94104D9,Z001023267215.pdf,FACTURA,FACTURA,QR_ARCA_STRONG,F-463F5D66BCFC1B95B4F2,3,0.801287942911605,FACTURA,False,0.7541278556980279,FACTURA,False,0.8351326746048919,FACTURA,False
167AC28EE4C9F156D7A730F3269118C5AD78B7F582E3FFC178BCB3FDB0A11DF7,Z001023366766.pdf,OTRO_DOCUMENTO,OTRO_DOCUMENTO,QR_ARCA_STRONG,F-FACD83D8B4281A05571A,1,0.40384473577000607,OTRO_DOCUMENTO,False,0.40940128763592426,OTRO_DOCUMENTO,False,0.3843986505455687,OTRO_DOCUMENTO,False
168F8794C73214044C9A1C4597C96BD6D0C4199CC641416C3C64F8BF37098C0F,Z001023306786.pdf,FACTURA,FACTURA,PDF_TEXT_STRONG,F-239031FB24D11A1289E7,3,0.7427299495141347,FACTURA,False,0.7383679745004408,FACTURA,False,0.7996855255044976,FACTURA,False
169353E3142E56941120B753DAE9B0E5A3527AE78A7B064582040B1D7E98FB61,Z001023336306.pdf,FACTURA,FACTURA,QR_ARCA_STRONG,F-6F5CAF1E1AEEB43C5486,2,0.7806526490919293,FACTURA,False,0.7257213592295176,FACTURA,False,0.8251973038820394,FACTURA,False
16D63A67B2329B876A7EB150497C22D00A7FC6CA3C3D9F3D21BDEACB8FC493A8,Z001023366961.pdf,FACTURA,FACTURA,QR_ARCA_STRONG,F-463F5D66BCFC1B95B4F2,3,0.7894857081547348,FACTURA,False,0.7395221578132567,FACTURA,False,0.820634836091854,FACTURA,False
16E375C7BFC7DEA12A79C7383665C85A3E059F7F5A69AF0C52D3D4ACC27A9341,Z001023398681.pdf,FACTURA,FACTURA,QR_ARCA_STRONG,F-463F5D66BCFC1B95B4F2,3,0.693836733240104,FACTURA,False,0.6082528676965041,FACTURA,False,0.7045232569366621,FACTURA,False
1755304EBD124B8B4E1309831FBEB3F6EE40934A39AC4CCF8C158A506F931EF1,Z001023283807.pdf,FACTURA,FACTURA,QR_ARCA_STRONG,F-6F5CAF1E1AEEB43C5486,2,0.7446840677905342,FACTURA,False,0.6967579882081567,FACTURA,False,0.7881813407641506,FACTURA,False
17645D40FA69A6828FBC913F3B3EAD8309B9DE2BA50E47598747209A0F923A62,Z001023423181.pdf,FACTURA,FACTURA,QR_ARCA_STRONG,F-EE08C7103D2458E54189,0,0.8026009055743916,FACTURA,False,0.7625594141670189,FACTURA,False,0.8439297014304779,FACTURA,False
1774A5264220F2FF45E5BC66ABA462BACACE62D7E6CC8D8B4C325FF2953FA33C,Z001023320999.pdf,FACTURA,FACTURA,QR_ARCA_STRONG,F-463F5D66BCFC1B95B4F2,3,0.8122457394888147,FACTURA,False,0.8394462726265511,FACTURA,False,0.889705469917775,FACTURA,False
17E9AF6EB6B495BA29E56681857C9970D33D990CDB10C0387FE85C781AC7E0E2,Z001023305767.pdf,FACTURA,FACTURA,PDF_TEXT_STRONG,F-239031FB24D11A1289E7,3,0.7551626280520708,FACTURA,False,0.7258396063149887,FACTURA,False,0.8001581213412108,FACTURA,False
17F70ACA0C08EBBB8F9BDC9AB4A180DF161AB6F073AA8057FC19989E0080C69F,Z001023398630.pdf,FACTURA,FACTURA,QR_ARCA_STRONG,F-6F5CAF1E1AEEB43C5486,2,0.7568008208917337,FACTURA,False,0.756329968185336,FACTURA,False,0.8204826433724249,FACTURA,False
180A072CF185D173A359A133EF852156206CE288B38F895772950BE3A2822433,Z001023397875.pdf,FACTURA,FACTURA,QR_ARCA_STRONG,F-FACD83D8B4281A05571A,1,0.7617386122724603,FACTURA,False,0.6891896547327896,FACTURA,False,0.7947698251662783,FACTURA,False
1820FA6D0B1A53B7BC306CA2011505E75CD8FE8D39AEA06A5730CCE9E46FFB2A,Z001023284205.pdf,FACTURA,FACTURA,PDF_TEXT_STRONG,F-239031FB24D11A1289E7,3,0.7398138657143678,FACTURA,False,0.7287631456150295,FACTURA,False,0.791865970537558,FACTURA,False
18328B3DA1884B52C6326DF5F1BC3410181A90AC55A53F56FD8C6784C1210128,Z001023266209.pdf,FACTURA,FACTURA,PDF_TEXT_STRONG,F-EFE6E9C595B24436566B,3,0.663378885633378,FACTURA,False,0.6707527990070441,FACTURA,False,0.7213105107889441,FACTURA,False
1838C5E4581C360065CA938F288AFE4710F33C0DFF2B9D832801704DAD65E410,Z001023467588.pdf,FACTURA,FACTURA,QR_ARCA_STRONG,F-EE08C7103D2458E54189,0,0.7937682099360394,FACTURA,False,0.7072375815152535,FACTURA,False,0.8217580308525657,FACTURA,False
183FAE302DC2004BF0E2C13EDF85A8E9D75E168D01D7313E31DA45794CE0428D,Z001023283873.pdf,FACTURA,FACTURA,QR_ARCA_STRONG,F-4282D891EC4146496CC2,3,0.838999965815847,FACTURA,False,0.8413957788385261,FACTURA,False,0.9063862261446696,FACTURA,False
18662EDEE4B4C711C1906E7CE4BE366A758A1188B97E161AF48336D6A3DBAE48,Z001023478148.pdf,FACTURA,FACTURA,QR_ARCA_STRONG,F-EE08C7103D2458E54189,0,0.7802205836812559,FACTURA,False,0.7176692711877695,FACTURA,False,0.8181017152260637,FACTURA,False
1879A4B5E7DA36E01B0F9CAF23754C27B06EA092E21F7A347CF60B15776875ED,Z001023242403.pdf,FACTURA,FACTURA,QR_ARCA_STRONG,F-EE08C7103D2458E54189,0,0.7778407666110093,FACTURA,False,0.7047314436463403,FACTURA,False,0.8137129576336516,FACTURA,False
18A2915116E554779056513F6E5C546608D7AE4ABBD5651F3A29EB14355EF1F7,Z001023306733.pdf,FACTURA,FACTURA,OCR_STRONG,F-463F5D66BCFC1B95B4F2,3,0.7187596354802265,FACTURA,False,0.7391321978241487,FACTURA,False,0.7872153666923978,FACTURA,False
18F720B96A147A5AB163A7A9CF2973DD63B5BF1945AE004DF51831A085DBD07A,Z001023336305.pdf,FACTURA,FACTURA,QR_ARCA_STRONG,F-463F5D66BCFC1B95B4F2,3,0.8009935381742066,FACTURA,False,0.7439232245531534,FACTURA,False,0.8299025914488505,FACTURA,False
194F2DA87B4471D4F618FDAFBE7C074F5DB1BC27D67350BC9E865BDBEDECF437,Z001023454444.pdf,FACTURA,FACTURA,QR_ARCA_STRONG,F-C04B37B1724168DE2084,3,0.7509586168997341,FACTURA,False,0.6573725762170958,FACTURA,False,0.7708651016966351,FACTURA,False
19E19AD1C279BECEB59406F9DEE7DA0FB14F0747F234EF55898B99CAD0866281,Z001023284289.pdf,OTRO_DOCUMENTO,NOTA_DEBITO,OCR_STRONG,F-8A2E5C33616E9AAE14BF,3,0.6015066472243173,FACTURA,True,0.6364887175901347,FACTURA,True,0.6706557018703817,FACTURA,True
1A336FF617D5A0C3A526B99A96FBAFD04444DB1284DF057F7A0963EF0F477489,Z001023305710.pdf,FACTURA,FACTURA,QR_ARCA_STRONG,F-463F5D66BCFC1B95B4F2,3,0.6766397766607997,FACTURA,False,0.5791854927647379,FACTURA,False,0.6743749525354499,FACTURA,False
1A36A3CBE7FCC2D88B622D11158D47FC31F218354BA5CAD55E5F076338CD7FD6,Z001023242302.pdf,FACTURA,FACTURA,QR_ARCA_STRONG,F-A4599E2724A776EE31BB,0,0.8987895922021605,FACTURA,False,0.8362046438003461,FACTURA,False,0.9289293607922562,FACTURA,False
1A4F808049D1A37F4E6AB760DD7135F61503613DEB13BADD69E536FEA2FC6B9F,Z001023454592.pdf,FACTURA,FACTURA,QR_ARCA_STRONG,F-19E3E2219E79C363F63F,0,0.7892838262905612,FACTURA,False,0.7232321967970797,FACTURA,False,0.813762572561615,FACTURA,False
1AE4FB903432A3B60DB3450D9487FFB226463AF51EC1BEC47448AC3F3C7B894F,Z001023350419.pdf,FACTURA,FACTURA,QR_ARCA_STRONG,F-1A8F6C1739284F36B46F,1,0.6779860959898236,FACTURA,False,0.6522210375998998,FACTURA,False,0.7187961218842805,FACTURA,False
1AFE7750B1E03B7B6216CE4DD3DD72A572DD1127B8545E28AFE90DDD2CDC0579,Z001023336275.pdf,FACTURA,FACTURA,OCR_STRONG,F-1A84B55E846D76A51EE3,3,0.7758023504601061,FACTURA,False,0.7554200881091062,FACTURA,False,0.829724208521936,FACTURA,False
1C046CF254BA1E8E323C11493B60FE53712CC1B84EFF61DE83864A7D0C4355D1,Z001023284033.pdf,FACTURA,FACTURA,QR_ARCA_STRONG,F-FACD83D8B4281A05571A,1,0.6741764914028291,FACTURA,False,0.6979298663897903,FACTURA,False,0.7427653807583927,FACTURA,False
1C2730D7EA45CB80447C59154F701641B68B2CE8C31909BCBDA0D31555D6AF2D,Z001023350219.pdf,FACTURA,FACTURA,OCR_STRONG,F-DCC01CD6C3861C7E4C3E,3,0.7581378881023819,FACTURA,False,0.7388714723311901,FACTURA,False,0.8111489727419825,FACTURA,False
1C4CB37EA5BD22F3F1F6316807DB3DCFA62F5E64CC4D63DE1B43A9ECB5F78C30,Z001023267335.pdf,FACTURA,FACTURA,PDF_TEXT_STRONG,F-847ED9FB103AD022E208,2,0.6122920001891023,FACTURA,False,0.6004484969454287,FACTURA,False,0.6524207016253631,FACTURA,False
1C4DB25AAC0A169B26D121DF0992AB546E8D487A74FD1E45FDEF3490F3708601,Z001023243325.pdf,OTRO_DOCUMENTO,OTRO_DOCUMENTO,EXISTING_GROUND_TRUTH,F-64920D3701B1A613ABDC,3,0.7683761122316026,FACTURA,True,0.7360803087742083,FACTURA,True,0.8230086400333335,FACTURA,True
1C8A8808678EDA0EE2B05BB8A61144E4290EE9E18251346BBD2683F09C7D888B,Z001023242962.pdf,FACTURA,FACTURA,QR_ARCA_STRONG,F-EE08C7103D2458E54189,0,0.8027162347100162,FACTURA,False,0.7465086019257301,FACTURA,False,0.8439618404555554,FACTURA,False
1DA9864804DCE41CA146730F9EB0523D3ADD3030E9014CAA057097A2EA07C711,Z001023422321.pdf,FACTURA,FACTURA,QR_ARCA_STRONG,F-FACD83D8B4281A05571A,1,0.7286880041296306,FACTURA,False,0.6740667550650248,FACTURA,False,0.76585996918162,FACTURA,False
1DBAC85FD76DFB51E641F429E17BBA22563A0F38D8362D27B66EB5322644AAE6,Z001023397971.pdf,FACTURA,FACTURA,QR_ARCA_STRONG,F-FACD83D8B4281A05571A,1,0.7178383140190266,FACTURA,False,0.6839113779579394,FACTURA,False,0.7637845532561254,FACTURA,False
1DC499A08B5A4C8EB40237A78633ACD98DF16FB8437876D106B4265CC4451588,Z001023266252.pdf,FACTURA,FACTURA,QR_ARCA_STRONG,F-EE08C7103D2458E54189,0,0.8147854015076819,FACTURA,False,0.7249686134055641,FACTURA,False,0.8456588805172164,FACTURA,False
1DE3D57C29CD74BE3B52809E07F5687161ED4F785B56045F8B4F677FDFD93DDA,Z001023384922.pdf,FACTURA,FACTURA,QR_ARCA_STRONG,F-FACD83D8B4281A05571A,1,0.5453187887219875,FACTURA,False,0.422031292193175,OTRO_DOCUMENTO,True,0.4975357391290275,OTRO_DOCUMENTO,True
1E017419E073DE02B948D0FF0A3422759D77C393D6A5BC26E76BD8404C0104B5,Z001023337681.pdf,FACTURA,FACTURA,QR_ARCA_STRONG,F-FACD83D8B4281A05571A,1,0.7384899323127316,FACTURA,False,0.6489515749824596,FACTURA,False,0.7566816760918935,FACTURA,False
1E9F93E9439263AB091E1FCFA2C61AE17A3F0F1AA79A93DF4A5306624A24BEBC,Z001023243457.pdf,FACTURA,FACTURA,QR_ARCA_STRONG,F-EE08C7103D2458E54189,0,0.8078383417221059,FACTURA,False,0.7253600844418662,FACTURA,False,0.8390164519749614,FACTURA,False
1ED366B383A3896CFEB2405CE4CAC87D9D060DC3080F784F47BED59A1054A232,Z001023454613.pdf,FACTURA,FACTURA,QR_ARCA_STRONG,F-463F5D66BCFC1B95B4F2,3,0.8019653613806034,FACTURA,False,0.7541840752455645,FACTURA,False,0.8480303148267356,FACTURA,False
1F174E86620ADDAB1691ADA0E9A283270D292E6AED4C4B923DDAFE19769D07EB,Z001023306029.pdf,FACTURA,FACTURA,QR_ARCA_STRONG,F-FACD83D8B4281A05571A,1,0.6328398022496945,FACTURA,False,0.5569410607208951,FACTURA,False,0.63966263930649,FACTURA,False
1F6BE1B36C93128E6A23A08F969662219FCDD157D6A9C688764E6E854930C6F1,Z001023267210.pdf,FACTURA,FACTURA,OCR_STRONG,F-C4EFEA98CD9D9490E678,2,0.7016082393964143,FACTURA,False,0.75164111927117,FACTURA,False,0.8075125320557528,FACTURA,False
1F74158A70E303CD4219E3F0A4C0F0EE744292D6CD4C7585ECB69924A9CF7E6A,Z001023351276.pdf,FACTURA,FACTURA,QR_ARCA_STRONG,F-EE08C7103D2458E54189,0,0.7826454790210398,FACTURA,False,0.6925252503983987,FACTURA,False,0.8093561966593097,FACTURA,False
1F8ED7AFA5B9414E174104C2C5ADF13AF964A27329A26B561987EB073FC3BC7C,Z001023283788.pdf,FACTURA,FACTURA,QR_ARCA_STRONG,F-FACD83D8B4281A05571A,1,0.7026582404990889,FACTURA,False,0.6268456187951327,FACTURA,False,0.7284366808272134,FACTURA,False
1FA268A606D2E0D0B5DB2C3EB7C264ABB81A4FF68EA607482BCE2826A3488D9F,Z001023305712.pdf,FACTURA,FACTURA,PDF_TEXT_STRONG,F-239031FB24D11A1289E7,3,0.7448841111431036,FACTURA,False,0.736588051565338,FACTURA,False,0.7966908738559512,FACTURA,False
1FE5EE8327E145829C17BEDC6ED8E4BE89C6EF299984C6A454FC15B2245B7981,Z001023283744.pdf,FACTURA,FACTURA,QR_ARCA_STRONG,F-EE08C7103D2458E54189,0,0.8102238381573125,FACTURA,False,0.7257146619668166,FACTURA,False,0.8426436197777128,FACTURA,False
201C2EF248B3E04F47F214E95A8360183B42A01E5B635FEAA9E07529A8C328CD,Z001023466675.pdf,OTRO_DOCUMENTO,OTRO_DOCUMENTO,QR_ARCA_STRONG,F-FACD83D8B4281A05571A,1,0.39740417150898294,OTRO_DOCUMENTO,False,0.4105766017400434,OTRO_DOCUMENTO,False,0.378176965983977,OTRO_DOCUMENTO,False
21260D1DEB9F5FC490513022E1FD91F7B583EE94863480B42371917D5BADB457,Z001023242803.pdf,FACTURA,FACTURA,QR_ARCA_STRONG,F-EE08C7103D2458E54189,0,0.788664333336595,FACTURA,False,0.7140816802530172,FACTURA,False,0.8221591141041485,FACTURA,False
21424818179A111E4F71916FCD9A48976FE5ED7F1432854A6F2347653C38D8BE,Z001023284195.pdf,FACTURA,FACTURA,PDF_TEXT_STRONG,F-239031FB24D11A1289E7,3,0.767746595989192,FACTURA,False,0.7308200518915645,FACTURA,False,0.8087797483867853,FACTURA,False
21438B9765F499855432F21148F956C714AAA9C79EDA7413564EEE9455850671,Z001023243397.pdf,FACTURA,FACTURA,QR_ARCA_STRONG,F-6F5CAF1E1AEEB43C5486,2,0.7370850583317932,FACTURA,False,0.7424389052466465,FACTURA,False,0.7963838722411296,FACTURA,False
2154FD617AF13243DB7B586CCBA7EF469689877C9BAA53B0F84ED403E793BC99,Z001023422117.pdf,FACTURA,FACTURA,QR_ARCA_STRONG,F-463F5D66BCFC1B95B4F2,3,0.7920324853092449,FACTURA,False,0.7454570387490116,FACTURA,False,0.8255740574316729,FACTURA,False
21A743EACDBE34D280CB667E66C018F678D52E114A99BD11D529122144C44BA4,Z001023321067.pdf,FACTURA,FACTURA,OCR_STRONG,F-F9F97E5234AB53CA8EDD,2,0.7699370100501977,FACTURA,False,0.6780524207626776,FACTURA,False,0.787007810601988,FACTURA,False
21FA95E0441B94EC1CA8C6B2756C6170EA9D9D18C5A192D2619FDAD6992514CB,Z001023349831.pdf,FACTURA,FACTURA,QR_ARCA_STRONG,F-EDBFE59229E8571451DD,2,0.7111098922905117,FACTURA,False,0.6757081575269545,FACTURA,False,0.7504182423670137,FACTURA,False
220DD10F950D9C9E128FED4EC3B946CF309DBADDC624CC54ABD925F59E1A81BC,Z001023321407.pdf,FACTURA,FACTURA,PDF_TEXT_STRONG,F-779475FE3B614A1E04BC,3,0.7706238512633033,FACTURA,False,0.7365604007438853,FACTURA,False,0.8155622172767806,FACTURA,False
225886580C85D6E9291E33F31E663C265C372BE9B6DFF5D4C18D41160FBBE122,Z001023351257.pdf,OTRO_DOCUMENTO,OTRO_DOCUMENTO,QR_ARCA_STRONG,F-EE6C10CFFB7B6C49E434,0,0.4491461830439085,OTRO_DOCUMENTO,False,0.4984569147042262,OTRO_DOCUMENTO,False,0.41396899666674447,OTRO_DOCUMENTO,False
22672F8A78F1673F9C86E8AF6C0F74C68CE69F6A47D30B59631ADDF0538252D0,Z001023266857.pdf,FACTURA,FACTURA,QR_ARCA_STRONG,F-127BD2FBDD2CC031C0FE,2,0.9132880371426099,FACTURA,False,0.903211234132853,FACTURA,False,0.9455584495757173,FACTURA,False
22E69D2F00D6232ED552D42A07BCBA93D825967D3875DEEF8648F80EBE48E36E,Z001023398886.pdf,FACTURA,FACTURA,QR_ARCA_STRONG,F-FACD83D8B4281A05571A,1,0.6619141236644626,FACTURA,False,0.627900126348378,FACTURA,False,0.6902120598496968,FACTURA,False
2359686156391AC697F0FACF0BC28C4A3B58BF780D9DF464022B6629A5418D41,Z001023320992.pdf,FACTURA,FACTURA,OCR_STRONG,F-463F5D66BCFC1B95B4F2,3,0.7662784504428217,FACTURA,False,0.8471936282894568,FACTURA,False,0.8741849604946836,FACTURA,False
24508D57D9D2FE1CF19E71BF862D1C297C3B233C58E91B1FBCA2A8AB5AA2867E,Z001023267406.pdf,FACTURA,FACTURA,QR_ARCA_STRONG,F-EE08C7103D2458E54189,0,0.7915994453754738,FACTURA,False,0.6933241925155887,FACTURA,False,0.8168895079401701,FACTURA,False
2537FDF817D544D0E6993F9039C282B601828BF4030072FE60AA952C6CEBC923,Z001023267412.pdf,FACTURA,FACTURA,QR_ARCA_STRONG,F-EE08C7103D2458E54189,0,0.7885511232218427,FACTURA,False,0.725992214048759,FACTURA,False,0.827254993333277,FACTURA,False
25906BA449000FDC416BE77ADE177F67876EE90F96C8DA7EAF7532B3DE978549,Z001023243399.pdf,FACTURA,FACTURA,QR_ARCA_STRONG,F-127BD2FBDD2CC031C0FE,2,0.9025957334806659,FACTURA,False,0.8794213218631096,FACTURA,False,0.9329908755769379,FACTURA,False
2605B5CBE1D16F569A4744664A6098F9F1A9ADF3328747D2D99F36E44E6407EE,Z001023350339.pdf,FACTURA,FACTURA,OCR_STRONG,F-DCC01CD6C3861C7E4C3E,3,0.7609960760237056,FACTURA,False,0.7380472189916408,FACTURA,False,0.8128346767462561,FACTURA,False
263D415F6C5CCB5E35FCFF9F2EF41B20D3D9D37D6BB52D156229BC10E818CD63,Z001023266941.pdf,FACTURA,FACTURA,QR_ARCA_STRONG,F-FACD83D8B4281A05571A,1,0.7524305841118001,FACTURA,False,0.7036803613950303,FACTURA,False,0.794827509792685,FACTURA,False
263DEF4CEBFD41025BF8C60D814D6D9533131D244D35E3D23C08BBE8917C9BD9,Z001023305709.pdf,FACTURA,FACTURA,QR_ARCA_STRONG,F-463F5D66BCFC1B95B4F2,3,0.7164766468072405,FACTURA,False,0.6748198703497179,FACTURA,False,0.7488080775766134,FACTURA,False
268E9CF0A794A2450E7EFF249D3AD2594B21A19EC5462DA31C99A736388B63C2,Z001023266240.pdf,FACTURA,FACTURA,QR_ARCA_STRONG,F-FACD83D8B4281A05571A,1,0.7325798057360271,FACTURA,False,0.6477386203618211,FACTURA,False,0.7598476377721815,FACTURA,False
26EA4A2318A2CA163F0725B8551C9F4CFE6E45EA6578CACC90BC64C6575AF63B,Z001023385178.pdf,FACTURA,FACTURA,QR_ARCA_STRONG,F-463F5D66BCFC1B95B4F2,3,0.7733004852690152,FACTURA,False,0.8294625909058789,FACTURA,False,0.8680826966447938,FACTURA,False
2734FF67060B9027FEB9BA327ADC516562FB5B1CF2D145050C6130AFE3D80CD5,Z001023306104.pdf,FACTURA,FACTURA,OCR_STRONG,F-6B5DF25739C20B353A70,3,0.7556262714922505,FACTURA,False,0.7439527620605423,FACTURA,False,0.8120168292526063,FACTURA,False
2787E009D455BB9349B6DAE6AD30482AE9F045E858EA0D1A1CC922A6E5144B79,Z001023267144.pdf,FACTURA,FACTURA,OCR_STRONG,F-C4EFEA98CD9D9490E678,2,0.7016082393964143,FACTURA,False,0.7534429280450154,FACTURA,False,0.8084304040638421,FACTURA,False
27BC4B18F491209F599B195B0ABC49F006BFC50896F0790871B4164089202C88,Z001023267236.pdf,FACTURA,FACTURA,QR_ARCA_STRONG,F-FACD83D8B4281A05571A,1,0.7455077313415833,FACTURA,False,0.7405528151747984,FACTURA,False,0.8047014471155153,FACTURA,False
27FF656A5A70E8C1A2AF544748A8FEEB1F9D764E38EE1B20DEFCF5A88675DBB2,Z001023320987.pdf,FACTURA,FACTURA,PDF_TEXT_STRONG,F-BD443D8161F24BFCB109,3,0.6908558121083918,FACTURA,False,0.6578903831169006,FACTURA,False,0.7265572106394015,FACTURA,False
283DD750150A80FD78B56DFD05BD0CF320ED7EE5AFE628DC3A273F00642CECD5,Z001023409587.pdf,FACTURA,FACTURA,QR_ARCA_STRONG,F-463F5D66BCFC1B95B4F2,3,0.7091245598205098,FACTURA,False,0.6708783052830684,FACTURA,False,0.7457329622600005,FACTURA,False
28F92D6F8C69A983FC3129BC8443C5E475F94DFB173AF74A3BF5F08D957F5B0D,Z001023435847.pdf,FACTURA,FACTURA,PDF_TEXT_STRONG,F-832328D5B6CC43C2F3DC,3,0.7502114147586536,FACTURA,False,0.733030194101964,FACTURA,False,0.8059755423142114,FACTURA,False
28FCC8808B0DEE25A850B6F4C5063E17FB94B3CB194917E84422E9F2A8C111A5,Z001023243169.pdf,OTRO_DOCUMENTO,OTRO_DOCUMENTO,EXISTING_GROUND_TRUTH,F-F005EBB69A8DFBD56F0B,3,0.6425020548410899,FACTURA,True,0.7424161000995734,FACTURA,True,0.7391739783107403,FACTURA,True
29C2F82AE52AB4771D5C4F02A6C04F9336214832AD7F90907EEA3FC074BA9648,Z001023305791.pdf,FACTURA,FACTURA,QR_ARCA_STRONG,F-EE08C7103D2458E54189,0,0.7893557257174854,FACTURA,False,0.6920102785146826,FACTURA,False,0.8134863124775137,FACTURA,False
2A31131A45E5376D4DFD42FF9877AC6093EBD62ABF0B6791591EDD8AB1658A7D,Z001023350217.pdf,FACTURA,FACTURA,OCR_STRONG,F-DCC01CD6C3861C7E4C3E,3,0.7699156943613973,FACTURA,False,0.7440705205479364,FACTURA,False,0.8218837770018824,FACTURA,False
2AB39536303132A97CD1C0CC132118D01E08A560594A6E39D2FBAD019CCA88B8,Z001023422110.pdf,FACTURA,FACTURA,QR_ARCA_STRONG,F-EE08C7103D2458E54189,0,0.7511993026004515,FACTURA,False,0.7316258680156188,FACTURA,False,0.8027062678115064,FACTURA,False
2AD909C6F5BC9106E0C189FB9B3FBD110F046A61DAD56FF8DB8A50C7655E2F78,Z001023305872.pdf,FACTURA,FACTURA,QR_ARCA_STRONG,F-FACD83D8B4281A05571A,1,0.6340214046360494,FACTURA,False,0.5571702991376625,FACTURA,False,0.640614256860714,FACTURA,False
2B7B4A103183D9CE12C1E4633A50995F03B0E8565D49ED8EFAB97C764BC69FD2,Z001023410722.pdf,FACTURA,FACTURA,QR_ARCA_STRONG,F-FACD83D8B4281A05571A,1,0.7048753082081187,FACTURA,False,0.6450536595074378,FACTURA,False,0.7320056883451809,FACTURA,False
2CA14FED2FAD395EFD4983F8070DF27AF17788C817D750BBE547E27F9DB493B7,Z001023321312.pdf,FACTURA,FACTURA,PDF_TEXT_STRONG,F-463F5D66BCFC1B95B4F2,3,0.7834492369388802,FACTURA,False,0.7450830542601046,FACTURA,False,0.8272676689494446,FACTURA,False
2CA999327575D864D33380273D2641121C3430B06EBEB1396C57028AD278AEC0,Z001023243423.pdf,FACTURA,FACTURA,QR_ARCA_STRONG,F-6F5CAF1E1AEEB43C5486,2,0.7557616267885257,FACTURA,False,0.7409833414938678,FACTURA,False,0.8105890855424166,FACTURA,False
2D43B3648B73EFBB36772933B8ED7CE0CD779C0945E776A136EC6123FA5D5551,Z001023243329.pdf,FACTURA,FACTURA,EXISTING_GROUND_TRUTH,F-D86CE4CD0C9D0468E43A,3,0.7917336927436985,FACTURA,False,0.7733677944689056,FACTURA,False,0.8562768711845724,FACTURA,False
2DE59A9D326B610580C5CD2FD4DB06C2676F42330654893AE8C8450A6D4D4A34,Z001023242964.pdf,FACTURA,FACTURA,QR_ARCA_STRONG,F-EE08C7103D2458E54189,0,0.8035985162598117,FACTURA,False,0.7333834453705923,FACTURA,False,0.8369570703798132,FACTURA,False
2DF94A5C2384FC7A97229E0EE33C8F5F95234472102492A6EE49DCB9C7277EFF,Z001023467604.pdf,FACTURA,FACTURA,OCR_STRONG,F-463F5D66BCFC1B95B4F2,3,0.6864661517060228,FACTURA,False,0.6456119664396901,FACTURA,False,0.7390202012147513,FACTURA,False
2E23F651392097BF6177E1CBC5D2B43D4B848A229CDD80E9B8413254E95D51D8,Z001023435317.pdf,FACTURA,FACTURA,OCR_STRONG,F-463F5D66BCFC1B95B4F2,3,0.8221577509768629,FACTURA,False,0.7710809538510389,FACTURA,False,0.856868215007659,FACTURA,False
2E2889EBA992FF88C5260B76B01933BFBA0AA678BD94B8970181748B220ED2C5,Z001023266226.pdf,FACTURA,FACTURA,QR_ARCA_STRONG,F-463F5D66BCFC1B95B4F2,3,0.7731423904445346,FACTURA,False,0.7371165307576958,FACTURA,False,0.8200259008998931,FACTURA,False
2EBA9E927332389040BDBA4B0A91EC59DA9560B07AF7CB00BC347FBBD287B237,Z001023385177.pdf,FACTURA,FACTURA,PDF_TEXT_STRONG,F-3BA8B67ACD3C697FA8AD,2,0.7343820407159951,FACTURA,False,0.7413975265033684,FACTURA,False,0.8071859887228843,FACTURA,False
2EC76160DBDDCC45143BCA711E6203A7CB1D3F4A5AAED7C76887E33703D671DD,Z001023423296.pdf,FACTURA,FACTURA,QR_ARCA_STRONG,F-12600531E9602D88F9A3,1,0.7171058771781622,FACTURA,False,0.674225676000607,FACTURA,False,0.7654924262826425,FACTURA,False
2F1D5E06F79A2F76079B037BAE6E3568CA2A2D1D4067A73E128B063D1695C71F,Z001023242375.pdf,FACTURA,FACTURA,QR_ARCA_STRONG,F-EE08C7103D2458E54189,0,0.7372294324563184,FACTURA,False,0.5751527295206653,FACTURA,False,0.7316786766439486,FACTURA,False
2F28BF7EEF81639D75865B6F87CE66B0AA5E32F6473BF17B64027539D3EC98A4,Z001023337304.pdf,FACTURA,FACTURA,OCR_STRONG,F-8284161832BF5D9F0F2E,0,0.71449094479751,FACTURA,False,0.663995213792334,FACTURA,False,0.7468313080225595,FACTURA,False
2FCC1BD1A06E86082D591E36E506D1FA40D760EFC1B21FE4C217B4E322C6C14A,Z001023242334.pdf,FACTURA,FACTURA,QR_ARCA_STRONG,F-EE08C7103D2458E54189,0,0.6522090535871758,FACTURA,False,0.576774025728187,FACTURA,False,0.6584733570233284,FACTURA,False
3031035EFEF15605525E170DDD8F26344AE93413637DB2E3C70563167DA90FE0,Z001023266218.pdf,FACTURA,FACTURA,OCR_STRONG,F-73AB37D8D5F65AA437FE,3,0.7764231808006237,FACTURA,False,0.7879461600795942,FACTURA,False,0.8455395898102828,FACTURA,False
305D8D5FCDD8153B4D7860ABD3DA30A0DEEB2A5FE84A9E26D4CD34F6D700C59D,Z001023305801.pdf,OTRO_DOCUMENTO,NOTA_CREDITO,QR_ARCA_STRONG,F-2225E7482E0C1A2CF093,2,0.7492889294558789,FACTURA,True,0.7650468939597541,FACTURA,True,0.8003601611601951,FACTURA,True
3076FFDD9F418AFDD5B31CC18B36AE05E9490A0F72498EE2BFBCD31D7E64BFA2,Z001023338059.pdf,FACTURA,FACTURA,QR_ARCA_STRONG,F-8FB0C271F20EAB3092AA,3,0.7488761484536769,FACTURA,False,0.7212746092175789,FACTURA,False,0.798881465363283,FACTURA,False
3092DDF93D9023B2543787913A5DDCC17FC96A0ED1BF136611598370CF62B700,Z001023397600.pdf,FACTURA,FACTURA,QR_ARCA_STRONG,F-6F5CAF1E1AEEB43C5486,2,0.7238385208362692,FACTURA,False,0.6789467577562341,FACTURA,False,0.7618710537347689,FACTURA,False
31371F0EA09BFB13ECAECD39B9C36CF70E4662CB0E31F2ABE26B8E74402003F5,Z001023242951.pdf,OTRO_DOCUMENTO,OTRO_DOCUMENTO,EXISTING_GROUND_TRUTH,F-86BE3E411093F2089A3D,0,0.6535015252167397,FACTURA,True,0.646149947118183,FACTURA,True,0.6837106378325055,FACTURA,True
31DE1A416B6D580B5D1165E5D6C5C466715632F4D72D78BC2E8810AB73DE5B28,Z001023350943.pdf,FACTURA,FACTURA,QR_ARCA_STRONG,F-A69FDECE53AB69CF1845,2,0.7191839581999894,FACTURA,False,0.6082792495746364,FACTURA,False,0.7372983718406546,FACTURA,False
322C40B36550B0F7D0049DA637513996B1C31F8F06C0B448E9EC872F4E972F4B,Z001023243737.pdf,OTRO_DOCUMENTO,NOTA_CREDITO,QR_ARCA_STRONG,F-2225E7482E0C1A2CF093,2,0.5941936323208493,FACTURA,True,0.6781796380239389,FACTURA,True,0.6537980191693267,FACTURA,True
333380C9957CC6E9E6EFC42F22BF224DEA5755070076AA639597896B6E673B17,Z001023454949.pdf,FACTURA,FACTURA,QR_ARCA_STRONG,F-FACD83D8B4281A05571A,1,0.7590925952456151,FACTURA,False,0.6824987640604802,FACTURA,False,0.7909534902019744,FACTURA,False
335AC770519EAE163C5134E2EA131117E2C33595801C0E539D09D931C4DA240B,Z001023242354.pdf,FACTURA,FACTURA,QR_ARCA_STRONG,F-844F46097516D7BF05C2,2,0.7704517863288417,FACTURA,False,0.777583498068102,FACTURA,False,0.842984256828269,FACTURA,False
33B95FDA5CDFC4BE5204888C87AB45239DEC0AC1ACB2370964305CE0F768245E,Z001023243395.pdf,FACTURA,FACTURA,QR_ARCA_STRONG,F-127BD2FBDD2CC031C0FE,2,0.9099353113384769,FACTURA,False,0.8877787783138841,FACTURA,False,0.938383054167249,FACTURA,False
33D3388971240E38AD8A89602AF4B8B11EBBC2272E6FDAAE1E437F7FE7260AAE,Z001023466188.pdf,FACTURA,FACTURA,QR_ARCA_STRONG,F-FACD83D8B4281A05571A,1,0.6891672614421029,FACTURA,False,0.6410067409789044,FACTURA,False,0.7268324485934609,FACTURA,False
340AB65A0BFC66875EFA6C40EA968ED8EBF7B7E2A131262BAA9E97DFC5959B4D,Z001023398412.pdf,FACTURA,FACTURA,QR_ARCA_STRONG,F-D591D778E05641FBA116,2,0.7061619128367169,FACTURA,False,0.6729404087592586,FACTURA,False,0.7572262661262836,FACTURA,False
3448DCF88F6900E8366CA08BF8BAA0692AD6BEF3F82076ADD95F8FE4947A4B0F,Z001023455692.pdf,FACTURA,FACTURA,QR_ARCA_STRONG,F-6F5CAF1E1AEEB43C5486,2,0.7535106011896624,FACTURA,False,0.6760763563446578,FACTURA,False,0.7789594422327585,FACTURA,False
34E7190B10DE1060A821BA5B262D16CF469116C53FAA10A487AE71EDA02DE220,Z001023243373.pdf,FACTURA,FACTURA,EXISTING_GROUND_TRUTH,F-CD94A06EDDC7590F7145,2,0.5359670420776736,FACTURA,False,0.5575795572620155,FACTURA,False,0.5799682286687474,FACTURA,False
350F46F213C2653AB83900D15401209105B5455FBAB65315DC8B591F08CE62F2,Z001023410663.pdf,OTRO_DOCUMENTO,OTRO_DOCUMENTO,QR_ARCA_STRONG,F-319491FEEAF6386D99BD,0,0.8585153438057997,FACTURA,True,0.7913113228827595,FACTURA,True,0.8927469713653837,FACTURA,True
352F66BC7CF9951C2F9DE69F925334DF9B874980F691D7F45A7C24936BFE7846,Z001023283787.pdf,FACTURA,FACTURA,QR_ARCA_STRONG,F-FACD83D8B4281A05571A,1,0.7051419737730609,FACTURA,False,0.6329689908734369,FACTURA,False,0.7322038378230324,FACTURA,False
35709A9FA1B5566E20EBF278560F71587E0A106C380B5A0F94F2EE91C79F8222,Z001023422472.pdf,FACTURA,FACTURA,QR_ARCA_STRONG,F-DC0A2053B5A530D4C5EF,3,0.8729388523740176,FACTURA,False,0.8046319711791652,FACTURA,False,0.9018058978722739,FACTURA,False
3587E6AB03170DE4C4D020438261A603650DFBE85C168F60E09D5A73ECF0F860,Z001023321110.pdf,FACTURA,FACTURA,QR_ARCA_STRONG,F-EE08C7103D2458E54189,0,0.7711589734248092,FACTURA,False,0.6877250821229567,FACTURA,False,0.7983371456132068,FACTURA,False
35C4773BC9C8FC1DC8FA1507AFA0AEB06432146BB6BB557477A44D04C123B6E5,Z001023243442.pdf,FACTURA,FACTURA,QR_ARCA_STRONG,F-6F5CAF1E1AEEB43C5486,2,0.7767473513226142,FACTURA,False,0.7771946787798767,FACTURA,False,0.8359398614866725,FACTURA,False
365F308C8134893FC72DF386F207A96FDD371F37EC3055A5CF23B5198C24A70B,Z001023243750.pdf,FACTURA,FACTURA,QR_ARCA_STRONG,F-FACD83D8B4281A05571A,1,0.6967111387562616,FACTURA,False,0.6343598328114611,FACTURA,False,0.7259647935935308,FACTURA,False
36FC5A7B06DEF71BCE1C253544E436268CDF471309A124CAAFA87525DC567967,Z001023306655.pdf,FACTURA,FACTURA,QR_ARCA_STRONG,F-EE08C7103D2458E54189,0,0.7930649747634401,FACTURA,False,0.7155629072654299,FACTURA,False,0.8240054322631213,FACTURA,False
372A1456ECBF9BE8FC3E552C09E78AE5217E9A0082972A7743403C6619C5A16C,Z001023321175.pdf,OTRO_DOCUMENTO,NOTA_CREDITO,OCR_STRONG,F-99F7A3F5F30B759FC1BA,3,0.6309266165894867,FACTURA,True,0.6446836681031444,FACTURA,True,0.676514687758049,FACTURA,True
37346AA5BE6C72C4AC91E827A627194B4DE69914C851502B5823969191488907,Z001023266920.pdf,FACTURA,FACTURA,QR_ARCA_STRONG,F-EE08C7103D2458E54189,0,0.7931268221112833,FACTURA,False,0.7421740180956713,FACTURA,False,0.8362602307189546,FACTURA,False
3765EF04A08EF343D7BA682872B73AB2DCF411C869827A9BD7424C24F97843AD,Z001023243387.pdf,FACTURA,FACTURA,QR_ARCA_STRONG,F-6F5CAF1E1AEEB43C5486,2,0.739446956696126,FACTURA,False,0.7090476774760547,FACTURA,False,0.7877654994843422,FACTURA,False
37A6D0A94246F3409B849117E8EBB1FB5C8C646076FAB878C3986C916D78CA50,Z001023305800.pdf,FACTURA,FACTURA,QR_ARCA_STRONG,F-EE08C7103D2458E54189,0,0.6615568647884156,FACTURA,False,0.5409287100068336,FACTURA,False,0.6506230169374235,FACTURA,False
37B68E63F23B331B7585BD74DD85DD8ABF5122A348AA2F7F0EF539B332FFC54F,Z001023321412.pdf,FACTURA,FACTURA,QR_ARCA_STRONG,F-A69FDECE53AB69CF1845,2,0.719617686353536,FACTURA,False,0.606212461144995,FACTURA,False,0.7363391846712274,FACTURA,False
3824396E5D8165E597CA9EE48CA3FEA3B3B4C431CAC43BF725CB3BCFD5F5CFAF,Z001023410433.pdf,FACTURA,FACTURA,PDF_TEXT_STRONG,F-EFE6E9C595B24436566B,3,0.6790335739309448,FACTURA,False,0.6992885689991026,FACTURA,False,0.7495247929021862,FACTURA,False
382662294B57C459DB9F1231FE0503A77176D130F8EA1BFB709132C3115F1A49,Z001023243380.pdf,OTRO_DOCUMENTO,OTRO_DOCUMENTO,EXISTING_GROUND_TRUTH,F-319491FEEAF6386D99BD,0,0.8780161756318852,FACTURA,True,0.8591615612361025,FACTURA,True,0.923122990446184,FACTURA,True
3834409B59C9A290C26E9267C39A01D27D92856349DB019AB59C7BCAFDA3B75C,Z001023422112.pdf,FACTURA,FACTURA,QR_ARCA_STRONG,F-FACD83D8B4281A05571A,1,0.6690633129610764,FACTURA,False,0.6477455503921659,FACTURA,False,0.7163546124626746,FACTURA,False
383DE8754A9EBB07BD9EB72DB9800FFB5803C8E11BFB3BC0AAEB9C79AE193FD8,Z001023351330.pdf,FACTURA,FACTURA,QR_ARCA_STRONG,F-463F5D66BCFC1B95B4F2,3,0.7965132193922824,FACTURA,False,0.7488884709239687,FACTURA,False,0.8305632265626625,FACTURA,False
3959DC8DDC555027B604CAB5E54E1D05BE4D0005114FC1D9D1A12DF5024BE8FA,Z001023242875.pdf,FACTURA,FACTURA,QR_ARCA_STRONG,F-EE08C7103D2458E54189,0,0.7916431827622284,FACTURA,False,0.7246879009778504,FACTURA,False,0.8284831923588919,FACTURA,False
39882040989893FF1C7A809346D4085D7C4150C416ED632837EFB63E8EF1280C,Z001023338086.pdf,FACTURA,FACTURA,QR_ARCA_STRONG,F-463F5D66BCFC1B95B4F2,3,0.7814633941017949,FACTURA,False,0.7202345514396502,FACTURA,False,0.8139919677386718,FACTURA,False
39ED10D1A77B4EB055838E4EC66003D7D4699C8708F0BF4C13A5FBB1AB0F122A,Z001023385279.pdf,FACTURA,FACTURA,PDF_TEXT_STRONG,F-35CE05482AADE1B2B731,0,0.8227290465280899,FACTURA,False,0.8417695123862075,FACTURA,False,0.8850454917345574,FACTURA,False
39F2792EB6ADB7A6A42E6D59FB9CF99DC6F5782A4E2CB744BB0A4DDAEB38AF34,Z001023268127.pdf,FACTURA,FACTURA,QR_ARCA_STRONG,F-2721D67ECCF8E868E314,3,0.7664413438634439,FACTURA,False,0.8153768174727432,FACTURA,False,0.8530719525150106,FACTURA,False
3A147E84D72EF85CE47639B6899772447FB32853AD73E6A2F0CC1740A4A50A77,Z001023321169.pdf,FACTURA,FACTURA,QR_ARCA_STRONG,F-A92847205E3BBB99A982,0,0.8551995780109515,FACTURA,False,0.8503385583624105,FACTURA,False,0.9028175665285022,FACTURA,False
3A35BCF0925F1C86CC9EB96CBFEE45AA41D851EF05409D6911769B904C4687EA,Z001023386053.pdf,FACTURA,FACTURA,QR_ARCA_STRONG,F-6F5CAF1E1AEEB43C5486,2,0.7333321290669835,FACTURA,False,0.6889355174882207,FACTURA,False,0.7728256628980765,FACTURA,False
3A65FD65E95627B0F05FE79FE51B07B46933815E46446CF07C38DB21EBAB9D32,Z001023467520.pdf,FACTURA,FACTURA,OCR_STRONG,F-D8C324C174874BEB5368,0,0.782049257641159,FACTURA,False,0.8036445417476257,FACTURA,False,0.8398701880316807,FACTURA,False
3AFB2CE63233BD208F616BCA0151C49963AEBE6E6790383E5EDDE99C80320D70,Z001023467449.pdf,FACTURA,FACTURA,QR_ARCA_STRONG,F-6F5CAF1E1AEEB43C5486,2,0.722788085316653,FACTURA,False,0.7003187187697189,FACTURA,False,0.7685591782123469,FACTURA,False
3B09513F4698AB526157E3D33D6A791550FE255BF5C0DF6E5571073411B71FEA,Z001023306230.pdf,FACTURA,FACTURA,QR_ARCA_STRONG,F-6F5CAF1E1AEEB43C5486,2,0.7222299865392295,FACTURA,False,0.7214155971242638,FACTURA,False,0.7802257303503015,FACTURA,False
3B3B2B7D2CD031EE37963465FA692B212B53D70F89D1BF8E20ACA17B0730AC3C,Z001023267411.pdf,FACTURA,FACTURA,QR_ARCA_STRONG,F-EE08C7103D2458E54189,0,0.7968237473418881,FACTURA,False,0.706030698350471,FACTURA,False,0.8250795549014845,FACTURA,False
3B53A04C13E5943D49C91233DD964AC2F017008C05D24D029268E5512BE9386E,Z001023386152.pdf,FACTURA,FACTURA,QR_ARCA_STRONG,F-127BD2FBDD2CC031C0FE,2,0.898503483287588,FACTURA,False,0.8935886062417988,FACTURA,False,0.9339517862472336,FACTURA,False
3B65E6820366B3DBEB321D2413EE1065ED029B71CE30AB20093BAA8A2659EF02,Z001023386125.pdf,FACTURA,FACTURA,QR_ARCA_STRONG,F-EE08C7103D2458E54189,0,0.7704301724419471,FACTURA,False,0.7032907238636729,FACTURA,False,0.8055031192713844,FACTURA,False
3B82523C9A34012625F167EC918A7783E68F2BB4FA49BBDEED22E45066038496,Z001023351277.pdf,FACTURA,FACTURA,QR_ARCA_STRONG,F-A69FDECE53AB69CF1845,2,0.703932494096475,FACTURA,False,0.6048125897682994,FACTURA,False,0.7264141261595514,FACTURA,False
3B860B6593D1AEBC8F03506526A6AE696D13B315A1D192D7A0F847BFA42B4968,Z001023422394.pdf,FACTURA,FACTURA,QR_ARCA_STRONG,F-FACD83D8B4281A05571A,1,0.7332250024361479,FACTURA,False,0.6612411175297955,FACTURA,False,0.7630571691533404,FACTURA,False
3BA58BA10753F4E30A6CAF83DFE35249D2FBB5E80A9693D275BD1432780CE2C6,Z001023306136.pdf,FACTURA,FACTURA,QR_ARCA_STRONG,F-463F5D66BCFC1B95B4F2,3,0.7162474701964094,FACTURA,False,0.6708644422020965,FACTURA,False,0.7493086922667284,FACTURA,False
3BDB07DE2B4E3291CF884D0419933E905F79C6308B832D1062A765F933BE2EA4,Z001023243748.pdf,FACTURA,FACTURA,QR_ARCA_STRONG,F-EE08C7103D2458E54189,0,0.6058026215845531,FACTURA,False,0.4732951026007289,OTRO_DOCUMENTO,True,0.5866705727698183,FACTURA,False
3C07D634D9BF89F4C150A24582F2B4DCD64DD5167C90EEC00F74F9C1FEB0C46E,Z001023266256.pdf,FACTURA,FACTURA,QR_ARCA_STRONG,F-EE08C7103D2458E54189,0,0.7702806613853301,FACTURA,False,0.6911735853129108,FACTURA,False,0.8020637544600705,FACTURA,False
3C08823B6BEB2AC058AE85C93E20880C1789256E78F5819F739BEFBEF32C12B1,Z001023242611.pdf,FACTURA,FACTURA,QR_ARCA_STRONG,F-EE08C7103D2458E54189,0,0.790567859395689,FACTURA,False,0.7170503638952495,FACTURA,False,0.8259673103065694,FACTURA,False
3C35B4CCA59C5BC90D41F89C5C8464342B8B3192AD97B1FC02C931F095D37EFD,Z001023336348.pdf,FACTURA,FACTURA,QR_ARCA_STRONG,F-463F5D66BCFC1B95B4F2,3,0.7270713520578012,FACTURA,False,0.6549219569583771,FACTURA,False,0.7494250934693316,FACTURA,False
3CB56665C03B7DBEE10612C491C06940310FA1CAA12F5E60EB11EC8FDBFB658C,Z001023306242.pdf,FACTURA,FACTURA,QR_ARCA_STRONG,F-EE08C7103D2458E54189,0,0.7658505531712417,FACTURA,False,0.6628217753106667,FACTURA,False,0.7844295385803155,FACTURA,False
3D2DBD1657682F7701E357F8C218517A65EE1FED40AAE6FE5EC49B2E9E354580,Z001023338053.pdf,FACTURA,FACTURA,QR_ARCA_STRONG,F-463F5D66BCFC1B95B4F2,3,0.7601669099404604,FACTURA,False,0.671239247629078,FACTURA,False,0.7823866717650811,FACTURA,False
3DA116906DC6BF9DEEA58E0EF033210A4FB68DE535200F99EADFA702389249A7,Z001023306106.pdf,FACTURA,FACTURA,QR_ARCA_STRONG,F-FACD83D8B4281A05571A,1,0.7368900257928679,FACTURA,False,0.6861391646873768,FACTURA,False,0.777807887270149,FACTURA,False
3DF571E507FAC34246B4923D4E478BE27704DB6E0C6AB2398DB4715F69FC104F,Z001023305842.pdf,OTRO_DOCUMENTO,NOTA_CREDITO,QR_ARCA_STRONG,F-2225E7482E0C1A2CF093,2,0.2520855586202307,OTRO_DOCUMENTO,False,0.26690587252036285,OTRO_DOCUMENTO,False,0.23645969151485977,OTRO_DOCUMENTO,False
3E45522CFD9F62F767CE2150A4069F6390FBC22546B2B001FED1E107889FA8CB,Z001023305798.pdf,FACTURA,FACTURA,QR_ARCA_STRONG,F-EE08C7103D2458E54189,0,0.7411725562686016,FACTURA,False,0.6372400896328235,FACTURA,False,0.7552946122741748,FACTURA,False
3EA186C4B49837C7FB05EAE4437DC86DC30D1BE2F504C0427A8587CEB8991904,Z001023384939.pdf,FACTURA,FACTURA,QR_ARCA_STRONG,F-EE08C7103D2458E54189,0,0.7977852050941606,FACTURA,False,0.7243724328591993,FACTURA,False,0.8275617333368169,FACTURA,False
3EDF480C2549EFD6E0CBDB20BB4FC494A704DF9543460AAB84AB099C33CA0448,Z001023268044.pdf,FACTURA,FACTURA,QR_ARCA_STRONG,F-EE08C7103D2458E54189,0,0.7875805579506279,FACTURA,False,0.7387699640884265,FACTURA,False,0.8317726744125152,FACTURA,False
3F9FB559E8BC9E77AAB8CF090FBF8AC35299259BD3975DA5622A81A7D7363730,Z001023306132.pdf,FACTURA,FACTURA,QR_ARCA_STRONG,F-FACD83D8B4281A05571A,1,0.7354944445198133,FACTURA,False,0.6592984206384167,FACTURA,False,0.759643718268035,FACTURA,False
3FB46C6ADB7A62D868892D84AE172B635524433BB441F572AFDF46B913EBEE42,Z001023454364.pdf,FACTURA,FACTURA,OCR_STRONG,F-A63645627CE2D9A75BE5,3,0.7668653505723974,FACTURA,False,0.7798076027857623,FACTURA,False,0.8338424096056581,FACTURA,False
406AE65863FEC4A143382804B7C8C481DE608DB940FC7E9F7AB2621871E20521,Z001023337181.pdf,FACTURA,FACTURA,QR_ARCA_STRONG,F-463F5D66BCFC1B95B4F2,3,0.7980844439860169,FACTURA,False,0.7372679290288041,FACTURA,False,0.826126916472745,FACTURA,False
40782E90EF062F83204C5F8DCD8019913D1EC2F33C93E0ADD4045BF47433CA0B,Z001023266242.pdf,FACTURA,FACTURA,QR_ARCA_STRONG,F-6F5CAF1E1AEEB43C5486,2,0.7683904433311267,FACTURA,False,0.7263243547430505,FACTURA,False,0.814341884418281,FACTURA,False
40AF42DCBBE8A21C6A7731078FBA8E6A4A20B0BF33AAFAE9A6802AF2B16F19A5,Z001023305675.pdf,FACTURA,FACTURA,OCR_STRONG,F-A89FDE7F361720CE396D,0,0.8331058230718175,FACTURA,False,0.842449014717956,FACTURA,False,0.8879146497762093,FACTURA,False
40E83F42126BE7B8C6BFC04FB7A2B0BAA09EB6E822C1E7DD0DEDA2946AE2988A,Z001023267770.pdf,FACTURA,FACTURA,OCR_STRONG,F-79FC3EE9CB676FEF6E5F,0,0.8100400495201183,FACTURA,False,0.8276332443430334,FACTURA,False,0.8697039199903571,FACTURA,False
4114622761D0BA0DED1DB98E3DA95F415FE0A9C428C97655033FA79F7972DDCB,Z001023423309.pdf,FACTURA,FACTURA,QR_ARCA_STRONG,F-CEDA51D85B3AA52E945D,1,0.7710028436119178,FACTURA,False,0.6987441837415928,FACTURA,False,0.8120972647568006,FACTURA,False
4163E743E2FA7C2CD9859CCDD46B04043AFBB1E94B572FD1C70445335FD25920,Z001023398661.pdf,FACTURA,FACTURA,QR_ARCA_STRONG,F-6F5CAF1E1AEEB43C5486,2,0.7586535584887126,FACTURA,False,0.7547187535761588,FACTURA,False,0.8211256914410707,FACTURA,False
41DA1916DEF0865B974AF8DA1FC410BF132CF8F2D39C53D21634C67E095437F6,Z001023454962.pdf,FACTURA,FACTURA,OCR_STRONG,F-32D29C25B87BCDD5D9A3,3,0.8306512447399035,FACTURA,False,0.7497598454805107,FACTURA,False,0.8614748895746818,FACTURA,False
41E235FFF0768A0E226B7442B231B9E3EDF721785B5DCBD3E02D90CE677EE006,Z001023242821.pdf,FACTURA,FACTURA,QR_ARCA_STRONG,F-EE08C7103D2458E54189,0,0.803762344208514,FACTURA,False,0.7318464941678233,FACTURA,False,0.8417950995609911,FACTURA,False
41FA873A1F07397324194D528955075ABA1D624A6B9FC0141D8DF96C9FDC382B,Z001023410769.pdf,OTRO_DOCUMENTO,NOTA_CREDITO,QR_ARCA_STRONG,F-FACD83D8B4281A05571A,1,0.5173084911022259,FACTURA,True,0.5788989331702912,FACTURA,True,0.5601551906113686,FACTURA,True
4224FC815F99DF93C9DE4D1D80F2E73762C61D7381BE75757A97E6F123EBA25F,Z001023283900.pdf,FACTURA,FACTURA,PDF_TEXT_STRONG,F-239031FB24D11A1289E7,3,0.7490213000977742,FACTURA,False,0.7148085474253439,FACTURA,False,0.7888036146216004,FACTURA,False
422D3FAB3F85F96C2E7A80FE31CFC85F8877D9E4AE6EACF7CF0AB95390D04131,Z001023267264.pdf,FACTURA,FACTURA,QR_ARCA_STRONG,F-EE08C7103D2458E54189,0,0.7786951242658907,FACTURA,False,0.6905066846491178,FACTURA,False,0.8086201566687264,FACTURA,False
426CABFB27B1E9DC7B0AAF9A744E25706C9B8777EBED5BD036FD1595F45510A4,Z001023397759.pdf,FACTURA,FACTURA,QR_ARCA_STRONG,F-FACD83D8B4281A05571A,1,0.7859744122856189,FACTURA,False,0.7269391979247324,FACTURA,False,0.8278377325570897,FACTURA,False
429ED2A776386C5D8E87C33F6A624FBF60404AAAA4CC2FC712CF9E7EA4A8C2C2,Z001023422119.pdf,FACTURA,FACTURA,PDF_TEXT_STRONG,F-EFE6E9C595B24436566B,3,0.6939767329256876,FACTURA,False,0.7048678823701512,FACTURA,False,0.7598824059095138,FACTURA,False
431F56F328D7ACC22FCD92975A61219F35A2F545F85FC5B895F1039D6429E614,Z001023242400.pdf,FACTURA,FACTURA,QR_ARCA_STRONG,F-EE08C7103D2458E54189,0,0.7978145362620482,FACTURA,False,0.7173950595025081,FACTURA,False,0.8330295481771745,FACTURA,False
43793A2A180FDCA5D268FAC15C65C7B3B8E880217A1116A449C2CD24AFBAC2A6,Z001023242378.pdf,OTRO_DOCUMENTO,NOTA_CREDITO,QR_ARCA_STRONG,F-2225E7482E0C1A2CF093,2,0.7417399142661695,FACTURA,True,0.7704346504461594,FACTURA,True,0.794363911624704,FACTURA,True
439833AEF8D7B0259CAF9B303A64725314A132FE233FCA975B85432811D08B16,Z001023242294.pdf,FACTURA,FACTURA,QR_ARCA_STRONG,F-FACD83D8B4281A05571A,1,0.7217220758425188,FACTURA,False,0.6727080853035812,FACTURA,False,0.7579461515846783,FACTURA,False
439A22F01718067EC1EB41D23A7F8DE0A5E4BC6EA6046C74A2E669B49046FFB8,Z001023267809.pdf,FACTURA,FACTURA,QR_ARCA_STRONG,F-FACD83D8B4281A05571A,1,0.6651971533076945,FACTURA,False,0.6273699544750955,FACTURA,False,0.7001926336235152,FACTURA,False
43D5262E76B0F6F8E069233F95062256C5EA6BAF3EF70575CCC77136CB1AFC7E,Z001023243425.pdf,FACTURA,FACTURA,QR_ARCA_STRONG,F-127BD2FBDD2CC031C0FE,2,0.9204566699052109,FACTURA,False,0.9101690411280939,FACTURA,False,0.9495903103846128,FACTURA,False
4424511569822AF5CA87C141E0D96E7F6D9B120538996A44895E5460458AA89F,Z001023243398.pdf,FACTURA,FACTURA,QR_ARCA_STRONG,F-6F5CAF1E1AEEB43C5486,2,0.7408049029148456,FACTURA,False,0.7518370385609261,FACTURA,False,0.8019858935270326,FACTURA,False
44336BFC12CA0A5E9F5243129B67CF8CF861EA319E51DBDB1B4CAF0E6F7DACE1,Z001023454616.pdf,OTRO_DOCUMENTO,NOTA_CREDITO,PDF_TEXT_STRONG,F-17D8887E1AFD322C7FBE,3,0.6852014991686302,FACTURA,True,0.7083300685147212,FACTURA,True,0.7486797190909283,FACTURA,True
445F236D5DF1DB523BE024A9361FA86082D6C7786733EF929A486998AF69D014,Z001023465959.pdf,FACTURA,FACTURA,QR_ARCA_STRONG,F-A8BC10D011EB3739972C,2,0.7456520647821978,FACTURA,False,0.678083121583755,FACTURA,False,0.7647111630011847,FACTURA,False
446E0501DAAA8C0D2C03D8A2264B06451F4B3EFA0B5D3E22D20EB5C0FA84A76F,Z001023466678.pdf,OTRO_DOCUMENTO,NOTA_CREDITO,QR_ARCA_STRONG,F-FACD83D8B4281A05571A,1,0.41288426731863137,OTRO_DOCUMENTO,False,0.4523744099505555,OTRO_DOCUMENTO,False,0.40814925840707056,OTRO_DOCUMENTO,False
4495EDC17CFD460834C0F842FC7760393B774EEC257B27E818B723920946EEEC,Z001023243735.pdf,FACTURA,FACTURA,QR_ARCA_STRONG,F-EE08C7103D2458E54189,0,0.5603268607255556,FACTURA,False,0.4636781909139996,OTRO_DOCUMENTO,True,0.5423259215696162,FACTURA,False
44D17B670732D2F7908D719E8A43E71C8BC82036A0AD5F5FD8D8E31BF74A3FC7,Z001023454351.pdf,FACTURA,FACTURA,QR_ARCA_STRONG,F-FACD83D8B4281A05571A,1,0.6899156087710703,FACTURA,False,0.6486275034812601,FACTURA,False,0.7230171200117029,FACTURA,False
44E978F3140D99BF9D6186C62C891C79B97EED06DBC095CFB155D1D22F8457F6,Z001023435321.pdf,FACTURA,FACTURA,QR_ARCA_STRONG,F-0DDB74E82CF65D655CE7,2,0.7584297777721035,FACTURA,False,0.7724530048117498,FACTURA,False,0.8412023763918527,FACTURA,False
45423B64B6534B7466BB3D12871E57950B3423157843BC88BACA040D2E333D3B,Z001023268125.pdf,OTRO_DOCUMENTO,OTRO_DOCUMENTO,QR_ARCA_STRONG,F-E311D094CEA0C30D422D,3,0.730740045587804,FACTURA,True,0.7583275513614691,FACTURA,True,0.7964423357022578,FACTURA,True
45E4B1C971479A31B8A3E5151E675BCD49996D24091AFA0D6D903D28AE654029,Z001023454912.pdf,FACTURA,FACTURA,QR_ARCA_STRONG,F-FACD83D8B4281A05571A,1,0.7724121452344055,FACTURA,False,0.6983385395723951,FACTURA,False,0.8101537982061844,FACTURA,False
465DEE8973433B7E39F5D0EBCD8C0EE08D38600A5505806B786EBB8EF1E63816,Z001023305611.pdf,FACTURA,FACTURA,OCR_STRONG,F-2D05BCBE13ED5260189D,3,0.7240023274037977,FACTURA,False,0.6699192453497527,FACTURA,False,0.7688738207561322,FACTURA,False
46CE690F15C5A52306BE1F63A48314E43D723A15C7BB79E6878B021D377AACB7,Z001023351256.pdf,OTRO_DOCUMENTO,OTRO_DOCUMENTO,QR_ARCA_STRONG,F-BE2A732EDC4F7479054E,0,0.3836257089738676,OTRO_DOCUMENTO,False,0.4713542258299426,OTRO_DOCUMENTO,False,0.35722634448125656,OTRO_DOCUMENTO,False
47202F7EA9AE6CCBE1449B55CA382D690A7F3BF48D0AF7E829BCD0D8522F4004,Z001023423280.pdf,OTRO_DOCUMENTO,NOTA_DEBITO,QR_ARCA_STRONG,F-2225E7482E0C1A2CF093,2,0.6311417506695188,FACTURA,True,0.6903572017180921,FACTURA,True,0.686702070236843,FACTURA,True
4748FFCF51EE67AB048FD8858D1D91BD50E1047375DD4FA884E05A31A825D374,Z001023397915.pdf,FACTURA,FACTURA,QR_ARCA_STRONG,F-FACD83D8B4281A05571A,1,0.6976678032089187,FACTURA,False,0.6459034791771482,FACTURA,False,0.7308938453557108,FACTURA,False
47D3C8A2FFBE4F757B2CF5687B9B5DB0784496E671CB0E75DD2E8BE5B0730416,Z001023398915.pdf,FACTURA,FACTURA,OCR_STRONG,F-F06BCF4B9729282FE5A1,2,0.6581969462463916,FACTURA,False,0.6645519282539355,FACTURA,False,0.7340362580392016,FACTURA,False
47F56B680B5D8A38CEB3CDFA360FE52E05E0A1F3F6510B207D4043F3E0C0EB37,Z001023267250.pdf,FACTURA,FACTURA,QR_ARCA_STRONG,F-FF1E9D9D737E473FAE94,0,0.7410382067386938,FACTURA,False,0.7265323713830941,FACTURA,False,0.7818989455908717,FACTURA,False
481956117B7BF5D84F3D09FF85452B875AA1D3150C90D00A6636B6433A2AEDC0,Z001023268043.pdf,FACTURA,FACTURA,OCR_STRONG,F-66FEEC36CB99F857D1A9,2,0.8029801262691698,FACTURA,False,0.7902340611777204,FACTURA,False,0.8812139194488151,FACTURA,False
482FE95EC69B26D675ECCC8CAD33E1F65629851E9FE52FAE21311797A3F14305,Z001023305796.pdf,FACTURA,FACTURA,OCR_STRONG,F-C4EFEA98CD9D9490E678,2,0.7016082393964143,FACTURA,False,0.75501647214545,FACTURA,False,0.8093840984676196,FACTURA,False
487BE95CE2B74C076DB9B750906366F1BA20735F5EBD37547F018951FD75A2F6,Z001023384943.pdf,FACTURA,FACTURA,QR_ARCA_STRONG,F-FACD83D8B4281A05571A,1,0.7195459583997406,FACTURA,False,0.6538762085789205,FACTURA,False,0.7476153337054008,FACTURA,False
48942984669CD296B57DD449BBBF23B3111EC4EFB58470FF24429BA455660E88,Z001023284900.pdf,FACTURA,FACTURA,OCR_STRONG,F-0EE887752345887B2F4F,2,0.3875982533486323,OTRO_DOCUMENTO,True,0.4088147297934956,OTRO_DOCUMENTO,True,0.40406247579038235,OTRO_DOCUMENTO,True
48A15CDA72B11D1EEFEA64DC1FD8E662BE4B281ED8292B1DD2AC9FE31A601F59,Z001023242293.pdf,FACTURA,FACTURA,QR_ARCA_STRONG,F-FACD83D8B4281A05571A,1,0.7621831654851732,FACTURA,False,0.6907390755932639,FACTURA,False,0.797639179370417,FACTURA,False
48CAE4F75B61624432A182135E7A304CE3D8308B2CA21033E0327368290C07D6,Z001023243459.pdf,FACTURA,FACTURA,QR_ARCA_STRONG,F-EE08C7103D2458E54189,0,0.7840422736829149,FACTURA,False,0.6910575667173772,FACTURA,False,0.8144312768929982,FACTURA,False
4930E9734A794BC4F0752CC3CEAEF60D72C0E1DDEDB23DFDC766CC02FE89712D,Z001023306240.pdf,FACTURA,FACTURA,QR_ARCA_STRONG,F-FACD83D8B4281A05571A,1,0.7384899323127316,FACTURA,False,0.6489515749824596,FACTURA,False,0.7566816760918935,FACTURA,False
4948D0FA0F95989E86BF9A7946E176DB7A1C64E48302AE1125CAAF7C09B9BC44,Z001023267211.pdf,FACTURA,FACTURA,QR_ARCA_STRONG,F-463F5D66BCFC1B95B4F2,3,0.7183689672617315,FACTURA,False,0.6398369986782716,FACTURA,False,0.7345573137300331,FACTURA,False
4977BD9321274C56C37FA622DDBBAD186D692453E6A09EE22B0546A90912BEFD,Z001023478167.pdf,FACTURA,FACTURA,OCR_STRONG,F-463F5D66BCFC1B95B4F2,3,0.7833761915168264,FACTURA,False,0.804152959450231,FACTURA,False,0.8547627416156645,FACTURA,False
49877C939058E0CCF767C71D8946B7FCC3FB9479A1D831926B45806AA43E9F4B,Z001023465961.pdf,FACTURA,FACTURA,OCR_STRONG,F-236B043AC3F54D78C0B5,2,0.7146881598150814,FACTURA,False,0.493538434182415,OTRO_DOCUMENTO,True,0.648376517369388,FACTURA,False
49AAE2D8D5826364B7C42B76AC987D080A47C6BDA17C7F7B32E6233FF452180F,Z001023267367.pdf,OTRO_DOCUMENTO,OTRO_DOCUMENTO,QR_ARCA_STRONG,F-319491FEEAF6386D99BD,0,0.7867956630573476,FACTURA,True,0.7116858026405044,FACTURA,True,0.8244952850393156,FACTURA,True
49ECAF7C70EC6A54728D8C4A2DC9FFD424F1690EC375E1F99838F91077835313,Z001023338072.pdf,FACTURA,FACTURA,QR_ARCA_STRONG,F-EE08C7103D2458E54189,0,0.784982137485278,FACTURA,False,0.7139633799920063,FACTURA,False,0.8204890052865988,FACTURA,False
49FDA5198B54793806B0C74BE9E1E67D17DBE8E5D8627FC67439E4122958A15C,Z001023398764.pdf,FACTURA,FACTURA,QR_ARCA_STRONG,F-6F5CAF1E1AEEB43C5486,2,0.7481666948824679,FACTURA,False,0.734062750841991,FACTURA,False,0.8029358763071747,FACTURA,False
4A0FDE3116124B33DEE99C856BDE9A889F4BE8AB9833A0DE27F16AD629C34A57,Z001023306236.pdf,FACTURA,FACTURA,QR_ARCA_STRONG,F-FACD83D8B4281A05571A,1,0.7369823675820042,FACTURA,False,0.659752055264833,FACTURA,False,0.7605870025315841,FACTURA,False
4A3B294959E6152FF45800C9910DB03748710E94CD8710F805237F7532194422,Z001023305699.pdf,FACTURA,FACTURA,OCR_STRONG,F-66FEEC36CB99F857D1A9,2,0.7969924171778364,FACTURA,False,0.7900895621979571,FACTURA,False,0.878859267376708,FACTURA,False
4A5384DEF4B19CB130CAE73EA2EEAB8F4AC68E5D1E82DA366E613C6883BD6012,Z001023454549.pdf,FACTURA,FACTURA,QR_ARCA_STRONG,F-463F5D66BCFC1B95B4F2,3,0.7440106769073012,FACTURA,False,0.6816428968052647,FACTURA,False,0.7766456603645325,FACTURA,False
4A5BD76C0378CC13621238F7F2581406BF864B1E74D7AC0119456CCBE7CE5DE1,Z001023398891.pdf,FACTURA,FACTURA,QR_ARCA_STRONG,F-FACD83D8B4281A05571A,1,0.7244384541359988,FACTURA,False,0.6543866835637742,FACTURA,False,0.7525016183796979,FACTURA,False
4ABBCD0BF700A718BFBEF1383B80C543F01B890D7340660A17CCFAF33905641D,Z001023267140.pdf,FACTURA,FACTURA,OCR_STRONG,F-C4EFEA98CD9D9490E678,2,0.7016082393964143,FACTURA,False,0.7528746326247663,FACTURA,False,0.8093860302322625,FACTURA,False
4AD486E9FF3BB40BAD661248D2947CBC41D0BF02681C772BB88045B83C2DFA65,Z001023385569.pdf,FACTURA,FACTURA,QR_ARCA_STRONG,F-FACD83D8B4281A05571A,1,0.6920318864086065,FACTURA,False,0.64548360622554,FACTURA,False,0.7264898971786358,FACTURA,False
4AF19DD5F7D4C2E6FC2F1935C54AEE6B5C6F4606CB7FE0F736D1EABF6B7D19A2,Z001023384944.pdf,FACTURA,FACTURA,QR_ARCA_STRONG,F-FACD83D8B4281A05571A,1,0.6720384357043903,FACTURA,False,0.6100217744051736,FACTURA,False,0.6912648255229717,FACTURA,False
4B94E6B110CAB58547EB45BF9744C8773EBD6AEFEE79352BA74C4625125534EC,Z001023386124.pdf,OTRO_DOCUMENTO,NOTA_CREDITO,QR_ARCA_STRONG,F-2225E7482E0C1A2CF093,2,0.7328710354400189,FACTURA,True,0.7763589464176004,FACTURA,True,0.8004380734890095,FACTURA,True
4C21DCF733727C85149602A9BB3704223F69CA44B676EB651113B65E0841FA02,Z001023305672.pdf,FACTURA,FACTURA,QR_ARCA_STRONG,F-327C7B7DF903BFC3269A,3,0.8610175476188284,FACTURA,False,0.8170721550730063,FACTURA,False,0.8996518620091218,FACTURA,False
4C22FB92DF5A4A145CDC9D5019E57BA5ED4E4827FF694366D6B0944C4318F5AF,Z001023305695.pdf,FACTURA,FACTURA,QR_ARCA_STRONG,F-EE08C7103D2458E54189,0,0.8046431261915105,FACTURA,False,0.7314424603605734,FACTURA,False,0.839536090342012,FACTURA,False
4C6685A365CC99C51CBC8FE312A2F0063C627408D4702A1EAC4CEED67A7C4013,Z001023266248.pdf,FACTURA,FACTURA,QR_ARCA_STRONG,F-EE08C7103D2458E54189,0,0.7443992453791464,FACTURA,False,0.6362571403252251,FACTURA,False,0.7566678998469883,FACTURA,False
4C6BB600F039C52142DBE8128A7FD69A7D65E92612AE30CA9125B97C47207C0E,Z001023306862.pdf,FACTURA,FACTURA,QR_ARCA_STRONG,F-EE08C7103D2458E54189,0,0.7315635365095887,FACTURA,False,0.596145187106894,FACTURA,False,0.7296496402298693,FACTURA,False
4CBD8565AB9DE2F036EA68E8FF90D5CB3E21EBCEAC9D7267A7F5B8AC9765BE88,Z001023349852.pdf,FACTURA,FACTURA,QR_ARCA_STRONG,F-EDBFE59229E8571451DD,2,0.7308586334894857,FACTURA,False,0.6809312544029085,FACTURA,False,0.7663705367242055,FACTURA,False
4CDDDFC9A384C484949A48EFFD1B4BA7D55D2CCE62D6324373F64F972C6E007B,Z001023385498.pdf,FACTURA,FACTURA,QR_ARCA_STRONG,F-6F5CAF1E1AEEB43C5486,2,0.773052108347464,FACTURA,False,0.734100213927899,FACTURA,False,0.8206305900002214,FACTURA,False
4CF4FCAB242089EAB32F977B4F3B3B28227D177A6D52A8BD5830CF1372B00F7D,Z001023267812.pdf,FACTURA,FACTURA,QR_ARCA_STRONG,F-FACD83D8B4281A05571A,1,0.6832018406785528,FACTURA,False,0.6406180478090531,FACTURA,False,0.7162996251927282,FACTURA,False
4D1F0EACC2E4513F3BE62918FE60325D100DBE5E2351203A9AF9412468D922EF,Z001023284321.pdf,FACTURA,FACTURA,QR_ARCA_STRONG,F-EE08C7103D2458E54189,0,0.8027454751172741,FACTURA,False,0.7267582045392151,FACTURA,False,0.838030058143558,FACTURA,False
4DDB265CC5BC70A777E239F345E9DCEB472B0E07A36A97CB747C814966721628,Z001023268105.pdf,FACTURA,FACTURA,PDF_TEXT_STRONG,F-E311D094CEA0C30D422D,3,0.7804765642071663,FACTURA,False,0.7762797538767174,FACTURA,False,0.8348280617273568,FACTURA,False
4E00CF86272C09321C1BB8FE8A44928B3A1ABA1969419EA778A8DBBABD64496B,Z001023366206.pdf,FACTURA,FACTURA,QR_ARCA_STRONG,F-463F5D66BCFC1B95B4F2,3,0.7191214686161559,FACTURA,False,0.6682668626631008,FACTURA,False,0.7503856247277005,FACTURA,False
4E33D7813CA0F52F9DAE7B205F156726A26623776BB62C8AB3469BD927E0CA7A,Z001023266856.pdf,FACTURA,FACTURA,QR_ARCA_STRONG,F-127BD2FBDD2CC031C0FE,2,0.9085888548743964,FACTURA,False,0.8979479996166145,FACTURA,False,0.9418664470358872,FACTURA,False
4E8F4CA3EA141FAB06A975375BF62091FFD9A0454831F126789FA50E5E950074,Z001023284297.pdf,FACTURA,FACTURA,QR_ARCA_STRONG,F-FACD83D8B4281A05571A,1,0.7383671074351054,FACTURA,False,0.6651982088427847,FACTURA,False,0.7726929818398975,FACTURA,False
4FD4F771DFD962D25875FC30C0CD4A0081D17E27D089764ABC773716833D76DF,Z001023366955.pdf,FACTURA,FACTURA,OCR_STRONG,F-66FEEC36CB99F857D1A9,2,0.7955257488098793,FACTURA,False,0.7871048295277588,FACTURA,False,0.8773967197997931,FACTURA,False
509D871731148417556D32403084C3A1F025B39F25D1E3576596145B118275F3,Z001023268045.pdf,FACTURA,FACTURA,QR_ARCA_STRONG,F-EE08C7103D2458E54189,0,0.77683865504532,FACTURA,False,0.684891446191365,FACTURA,False,0.806732167380877,FACTURA,False
50FF892A28001920806C422056CC39971F50196EE55B1B9143DEBB18CEDE61C2,Z001023283865.pdf,FACTURA,FACTURA,QR_ARCA_STRONG,F-EE08C7103D2458E54189,0,0.7912996692686609,FACTURA,False,0.7348517803236256,FACTURA,False,0.8323534812748598,FACTURA,False
511FE4E1C704287DB9F2E30D584E076198E4B9C85ED275F7724E0FCED6E83331,Z001023367186.pdf,FACTURA,FACTURA,QR_ARCA_STRONG,F-6F5CAF1E1AEEB43C5486,2,0.7310618680775833,FACTURA,False,0.7338900444301513,FACTURA,False,0.792838016338568,FACTURA,False
513C115499B51E28C587938A3051BD1EB0700DDD11B3418FAEB514A153BD217E,Z001023243386.pdf,FACTURA,FACTURA,QR_ARCA_STRONG,F-6F5CAF1E1AEEB43C5486,2,0.7800520947707426,FACTURA,False,0.7718953647816384,FACTURA,False,0.8410272376529669,FACTURA,False
51D9CA9CA591270CF71094784E8FB45FB6BB2B3ACC2C64EACDE6BB39C246D4C2,Z001023266249.pdf,FACTURA,FACTURA,QR_ARCA_STRONG,F-EE08C7103D2458E54189,0,0.7878139337030402,FACTURA,False,0.7047698988665013,FACTURA,False,0.819691078398171,FACTURA,False
522D785B8861AC8B6E0B665918509ABFC61F4A5A7AD344D29581F3820D969F29,Z001023336321.pdf,OTRO_DOCUMENTO,OTRO_DOCUMENTO,QR_ARCA_STRONG,F-19E3E2219E79C363F63F,0,0.5903797199850609,FACTURA,True,0.5670050246169261,FACTURA,True,0.5863733598218718,FACTURA,True
5243027656B07B38EBE681545510F2C1F2554AC2E01FE4CE22A9CB9602D8657F,Z001023267829.pdf,FACTURA,FACTURA,QR_ARCA_STRONG,F-FACD83D8B4281A05571A,1,0.6791960301218504,FACTURA,False,0.6414139077622799,FACTURA,False,0.7145887044186205,FACTURA,False
527504906574AF26885EE635E0F36AA979D7FF61B1D8507694DE2CE5B73225F4,Z001023385025.pdf,FACTURA,FACTURA,QR_ARCA_STRONG,F-463F5D66BCFC1B95B4F2,3,0.7361726293855259,FACTURA,False,0.6719656428797317,FACTURA,False,0.7658976148790383,FACTURA,False
52872BDC59D9284A7ACD25662EAC1A3A099D7A1403FF43AF4576EEE6443F77F6,Z001023410766.pdf,FACTURA,FACTURA,QR_ARCA_STRONG,F-EE08C7103D2458E54189,0,0.825400604197747,FACTURA,False,0.7051892426559161,FACTURA,False,0.8414191748757179,FACTURA,False
52A88A4DC787DDDBB8F9B392369383B8754539E3CC700CA09CAB17DC9897D3D7,Z001023306559.pdf,FACTURA,FACTURA,QR_ARCA_STRONG,F-A26E6E68BD787A625DC9,3,0.7626602047522016,FACTURA,False,0.7103363419740536,FACTURA,False,0.7980214215123118,FACTURA,False
52B6FD2C8B46284ADBC2445204780085D2F07A264912814E6F22687C3A3E9970,Z001023306848.pdf,FACTURA,FACTURA,QR_ARCA_STRONG,F-463F5D66BCFC1B95B4F2,3,0.8040431135459937,FACTURA,False,0.7860291517625297,FACTURA,False,0.849745975984985,FACTURA,False
52E922C058F9D3030136B8C7C0BB684472A3233AB328DB8701C8122B129FE307,Z001023466257.pdf,FACTURA,FACTURA,QR_ARCA_STRONG,F-FACD83D8B4281A05571A,1,0.7108242787598548,FACTURA,False,0.6815200875070009,FACTURA,False,0.7564215000277509,FACTURA,False
53531D26119A3A91D8160D16D8081238C94A83B00EADEEECB6BED96F35C0D21F,Z001023242890.pdf,FACTURA,FACTURA,EXISTING_GROUND_TRUTH,F-EE08C7103D2458E54189,0,0.7679863198613999,FACTURA,False,0.6938410465815493,FACTURA,False,0.8018876631948976,FACTURA,False
53CF129FB285C10306585C4D401463DB0CD045CD0DC8A0FF1B487FBBC4A1AFC5,Z001023467670.pdf,OTRO_DOCUMENTO,NOTA_CREDITO,QR_ARCA_STRONG,F-FACD83D8B4281A05571A,1,0.5602296045063917,FACTURA,True,0.6165712257518705,FACTURA,True,0.6136411074018308,FACTURA,True
53D64513ED31729F52AED36DB909462F972FF5BA06D6C491179067D362C9C7B8,Z001023466516.pdf,FACTURA,FACTURA,OCR_STRONG,F-52A8D3E535639BC9066E,2,0.7132665871009285,FACTURA,False,0.7104981112076344,FACTURA,False,0.7898730595847621,FACTURA,False
53DDEB792AFACFDD0BE1A1741A028A22298BDA5360530D373B25E5FDE3C89917,Z001023454403.pdf,OTRO_DOCUMENTO,OTRO_DOCUMENTO,QR_ARCA_STRONG,F-832E3C0161524B1EAC7B,3,0.205820432576799,OTRO_DOCUMENTO,False,0.2786677745810808,OTRO_DOCUMENTO,False,0.17348335533001957,OTRO_DOCUMENTO,False
541A58F4E8042C3C1CCB76B0F0B14A9F44981E4F37DFBD98972B297BEDA30B66,Z001023242798.pdf,FACTURA,FACTURA,QR_ARCA_STRONG,F-EE08C7103D2458E54189,0,0.7908582474157279,FACTURA,False,0.684408753037973,FACTURA,False,0.8133972448434021,FACTURA,False
54335DE1C0415D17F21265B12222E081CEFA539B242465CBBCFC590F12C0C334,Z001023467492.pdf,FACTURA,FACTURA,QR_ARCA_STRONG,F-463F5D66BCFC1B95B4F2,3,0.7958760129748575,FACTURA,False,0.7518816004232871,FACTURA,False,0.8427143248760175,FACTURA,False
5433BB3791112F1C6C698255943D3E43FBC529FEC610FE1D25FD1D83CD921FC6,Z001023285091.pdf,FACTURA,FACTURA,QR_ARCA_STRONG,F-6F5CAF1E1AEEB43C5486,2,0.7283419455629011,FACTURA,False,0.7228906544724916,FACTURA,False,0.7829771766793496,FACTURA,False
5482B5BC23D9508D14F7970779F8182EBB3A21DA03E7B7C390124852EC1A2884,Z001023284903.pdf,FACTURA,FACTURA,OCR_STRONG,F-17D8887E1AFD322C7FBE,3,0.7666565073419797,FACTURA,False,0.7524053787620785,FACTURA,False,0.8235412522231258,FACTURA,False
54E3FFE9C69EE3CFF94294F12A02B44CAB3EFD54DBDC8CB473F28E912E985C7D,Z001023243733.pdf,FACTURA,FACTURA,QR_ARCA_STRONG,F-FACD83D8B4281A05571A,1,0.6036333164122993,FACTURA,False,0.5026026817118215,FACTURA,False,0.5954318387891722,FACTURA,False
550AC8115D0599DF1B246688659A43EBB82DB908A4C451864D3A422AE1B94790,Z001023242374.pdf,FACTURA,FACTURA,QR_ARCA_STRONG,F-EE08C7103D2458E54189,0,0.7159008801987021,FACTURA,False,0.6725724320467779,FACTURA,False,0.7593083541206553,FACTURA,False
55169D35B57E1980443FA22E94E71390FAF7180DF7A84AC7CDFE4E5EC917C2D2,Z001023385101.pdf,FACTURA,FACTURA,QR_ARCA_STRONG,F-FACD83D8B4281A05571A,1,0.7599263119927298,FACTURA,False,0.6811851400436671,FACTURA,False,0.7919073072641949,FACTURA,False
553735AC327B5AEBB6523999CF341A27EE0CD319E1E38D7543EDABFD5EF0476A,Z001023410667.pdf,FACTURA,FACTURA,QR_ARCA_STRONG,F-FACD83D8B4281A05571A,1,0.7088366560048193,FACTURA,False,0.6595330333555165,FACTURA,False,0.7456911508128378,FACTURA,False
557A3265646934A29349CB572EF71904CF6A1A226E38B80EBD82882136E4A99F,Z001023267229.pdf,FACTURA,FACTURA,QR_ARCA_STRONG,F-EE08C7103D2458E54189,0,0.7897184012268118,FACTURA,False,0.7335857447935417,FACTURA,False,0.8294695928299979,FACTURA,False
55D5569A8BE1FDF83DD7C7711B839FA48CCF21B6A44002A592A098ABC4945180,Z001023465960.pdf,FACTURA,FACTURA,QR_ARCA_STRONG,F-A8BC10D011EB3739972C,2,0.7456520647821978,FACTURA,False,0.6790126541600442,FACTURA,False,0.7650635802239987,FACTURA,False
56858C64366FB3FFEEF5EA8BA03E748B96127B3D10B9F438CAC2689CAD93F41B,Z001023267142.pdf,FACTURA,FACTURA,OCR_STRONG,F-C4EFEA98CD9D9490E678,2,0.7016082393964143,FACTURA,False,0.7496502048244067,FACTURA,False,0.8065772522518961,FACTURA,False
570B8BEFF92D86C450B35A0A879B847D9442F48BEB042F9C6AD00BA12E502867,Z001023305835.pdf,FACTURA,FACTURA,OCR_STRONG,F-C4EFEA98CD9D9490E678,2,0.7016082393964143,FACTURA,False,0.7531472236392732,FACTURA,False,0.8107346210836867,FACTURA,False
57216966143EA43A85549709469528CA0F2387F937AADF26600682E72558CEB0,Z001023410259.pdf,FACTURA,FACTURA,QR_ARCA_STRONG,F-FACD83D8B4281A05571A,1,0.6926562142028262,FACTURA,False,0.639443710466599,FACTURA,False,0.7263160645851494,FACTURA,False
5735D4ECD8C02AEE2805F44503136E2C27365A75607716CC0391313DCEB6519E,Z001023268103.pdf,FACTURA,FACTURA,QR_ARCA_STRONG,F-EE08C7103D2458E54189,0,0.7988267508057327,FACTURA,False,0.7445658909165302,FACTURA,False,0.8363835207573648,FACTURA,False
57D9343D969BD1264FDEFF0D2A252ED028740EE39736F1A41A1D95C9B625C4AE,Z001023422192.pdf,FACTURA,FACTURA,QR_ARCA_STRONG,F-FACD83D8B4281A05571A,1,0.725081686013626,FACTURA,False,0.6702795111977037,FACTURA,False,0.7633689867257443,FACTURA,False
58D96A8F7E16CD8E10431AF8C3FE63A36D651B973C435C700D50CF0876EB2D6B,Z001023242799.pdf,FACTURA,FACTURA,QR_ARCA_STRONG,F-EE08C7103D2458E54189,0,0.7683759972973867,FACTURA,False,0.6875260207931106,FACTURA,False,0.7968580036461451,FACTURA,False
58E197A82F3F1F813FF06AB56686D855230F5581C975C33E1CDD744AF7D01857,Z001023305768.pdf,FACTURA,FACTURA,QR_ARCA_STRONG,F-EE08C7103D2458E54189,0,0.806382687320206,FACTURA,False,0.704949710243064,FACTURA,False,0.8332286077348611,FACTURA,False
59B2A30C57B53ADA185312F8F8ED72917A264206DBBAFAE49573F9B816BBC8D9,Z001023336292.pdf,FACTURA,FACTURA,QR_ARCA_STRONG,F-E68CDBA32F276D126C50,2,0.8888433469195085,FACTURA,False,0.8751483537468355,FACTURA,False,0.9270243766413955,FACTURA,False
59E5149E5884455CB217A6C65C53D4E5A3D6A97340789DD88058604355792DD1,Z001023410369.pdf,FACTURA,FACTURA,QR_ARCA_STRONG,F-78FBBC0583221AAC5789,2,0.7009452406332893,FACTURA,False,0.7290110945946996,FACTURA,False,0.7915524016266512,FACTURA,False
5A11426D1D9F011286075EB4996D5698F9C3A9E2265A14EEA45E1EC9EA7EA8D4,Z001023268086.pdf,FACTURA,FACTURA,QR_ARCA_STRONG,F-FACD83D8B4281A05571A,1,0.7628483117080473,FACTURA,False,0.6853307020071309,FACTURA,False,0.7950253609963881,FACTURA,False
5A80048F71A9AE67E7530419E5A4AA5021FAC7D3DB56701B9C690DB21DBE43D3,Z001023305875.pdf,FACTURA,FACTURA,QR_ARCA_STRONG,F-463F5D66BCFC1B95B4F2,3,0.7229314260920523,FACTURA,False,0.6509804810360981,FACTURA,False,0.7443737691921088,FACTURA,False
5B7916DC843BE2C450F86EA33A9B9F45AD1B2BB4F0890A22185D170367C77CD0,Z001023338054.pdf,FACTURA,FACTURA,QR_ARCA_STRONG,F-463F5D66BCFC1B95B4F2,3,0.7601050350364552,FACTURA,False,0.6669289874704795,FACTURA,False,0.7807423074362502,FACTURA,False
5C0E3592C9A130DFF03ACB34C4B59CB3A208BF70116821761D3431A7693BA96D,Z001023305873.pdf,FACTURA,FACTURA,QR_ARCA_STRONG,F-463F5D66BCFC1B95B4F2,3,0.7436312244584161,FACTURA,False,0.6759190940222014,FACTURA,False,0.7697907059253073,FACTURA,False
5C105434BCE555AF94D7792820813C859CA80B3B8E23A6C81783AF6173447BE4,Z001023283759.pdf,FACTURA,FACTURA,QR_ARCA_STRONG,F-EE08C7103D2458E54189,0,0.7887543978677746,FACTURA,False,0.6844198823226717,FACTURA,False,0.8112402883175482,FACTURA,False
5C30A6686334E5B07A188EBE90969D68F40F82B55970D0671F81743F2080CB2F,Z001023242333.pdf,FACTURA,FACTURA,QR_ARCA_STRONG,F-86F3ACDC73080FEE11E7,1,0.8317913980250498,FACTURA,False,0.8066811814778926,FACTURA,False,0.87618606271597,FACTURA,False
5C989274617C576316FD86055671ECCB3D8B40D4A6D022A08CCB7BEDE037C32A,Z001023410763.pdf,FACTURA,FACTURA,QR_ARCA_STRONG,F-FACD83D8B4281A05571A,1,0.6602214172650642,FACTURA,False,0.6286716066751125,FACTURA,False,0.6896151351578773,FACTURA,False
5CD323BE0FA8C7BF7DF56E09EB62B1338AD699ED21F25A09DBA6E646DA452906,Z001023267976.pdf,OTRO_DOCUMENTO,NOTA_CREDITO,QR_ARCA_STRONG,F-108FF89DFB4EC29C3343,0,0.6951079817144091,FACTURA,True,0.7681775002596121,FACTURA,True,0.788718781485807,FACTURA,True
5D0D7F3FAA4ADAB4AD899FAF93004DDD9B9B1E4AC8856E4E46BE7A592FF909C2,Z001023305617.pdf,FACTURA,FACTURA,QR_ARCA_STRONG,F-463F5D66BCFC1B95B4F2,3,0.8064482406840379,FACTURA,False,0.7619770681638485,FACTURA,False,0.8414002419632673,FACTURA,False
5D224861E913AB275EAC0A0EE1005444D3C0A68007538B2C3C2965DDEDE157C2,Z001023243073.pdf,FACTURA,FACTURA,QR_ARCA_STRONG,F-EE08C7103D2458E54189,0,0.7782285189726368,FACTURA,False,0.681580812095041,FACTURA,False,0.804584780477233,FACTURA,False
5DAF08946350F296A06082880FF427EEE8B115DD39BDF5199DD8C0188B76E15D,Z001023267944.pdf,FACTURA,FACTURA,QR_ARCA_STRONG,F-976EEED6E8682B3EC86C,2,0.9387780414721162,FACTURA,False,0.901478000044633,FACTURA,False,0.9587736642322626,FACTURA,False
5DBF71860ACD1EFE7170B783B09DF90415135A82C8C02BA29E1DDBDE98D4D92C,Z001023384938.pdf,FACTURA,FACTURA,QR_ARCA_STRONG,F-FACD83D8B4281A05571A,1,0.7018795494751268,FACTURA,False,0.6347574635109671,FACTURA,False,0.7263876453519715,FACTURA,False
5DE70F354C118DFBDD5368EDEF221DFE5CF7AE6D16C115B9770EA743743E71F8,Z001023266858.pdf,FACTURA,FACTURA,QR_ARCA_STRONG,F-127BD2FBDD2CC031C0FE,2,0.9077877114375914,FACTURA,False,0.9089875279713727,FACTURA,False,0.9452659340832558,FACTURA,False
5E37BAFFEE3158DC48F70E790EFAA998E9CE2904FE56058F75BF845F27357702,Z001023242366.pdf,FACTURA,FACTURA,QR_ARCA_STRONG,F-EE08C7103D2458E54189,0,0.793896124239731,FACTURA,False,0.7271809833100481,FACTURA,False,0.8317968201946511,FACTURA,False
5EADB6DE2AB4B5612CCB893D4D6F822DACA8F537DC34198253A2FA45B77AA3B0,Z001023267332.pdf,FACTURA,FACTURA,QR_ARCA_STRONG,F-EE08C7103D2458E54189,0,0.7799354204806616,FACTURA,False,0.6762459963320337,FACTURA,False,0.8039796283541679,FACTURA,False
5F1C7E2F701520CDB3290752AC7E87FEA8278A7452B488B35E0FE82B539D1D0E,Z001023338077.pdf,FACTURA,FACTURA,QR_ARCA_STRONG,F-FACD83D8B4281A05571A,1,0.6966229516286355,FACTURA,False,0.6645427637325346,FACTURA,False,0.7403796564414138,FACTURA,False
5F27D54F0E68E22B94CC0599AA11815F37E12D38D198BAF916699866A5771C7A,Z001023423302.pdf,FACTURA,FACTURA,PDF_TEXT_STRONG,F-EFE6E9C595B24436566B,3,0.6937218756059415,FACTURA,False,0.6961003079001319,FACTURA,False,0.7571210039085223,FACTURA,False
5FB7BD28D27616E8676E0229F610930D8EB1C05062288C9843B6A07025902965,Z001023283789.pdf,FACTURA,FACTURA,QR_ARCA_STRONG,F-FACD83D8B4281A05571A,1,0.7177307264607203,FACTURA,False,0.6190954961222331,FACTURA,False,0.7329606684082652,FACTURA,False
5FF603BFE35FFE846FE61CC7D6E257DAFA04176A27BDDA23DB954E289083BDA7,Z001023435310.pdf,FACTURA,FACTURA,QR_ARCA_STRONG,F-FACD83D8B4281A05571A,1,0.7623590696588359,FACTURA,False,0.7084028250211103,FACTURA,False,0.804531997925849,FACTURA,False
60558219ECCEAA2E0CC16BEF0AA57528D8111AF668CE04DD850611269578D101,Z001023267145.pdf,FACTURA,FACTURA,OCR_STRONG,F-C4EFEA98CD9D9490E678,2,0.7016082393964143,FACTURA,False,0.7494193442541516,FACTURA,False,0.8063949468644815,FACTURA,False
614C2047A38FFFEC9913CEA1D7C91912147857A130D26CEB45D38AFECE1F3018,Z001023284295.pdf,FACTURA,FACTURA,QR_ARCA_STRONG,F-EE08C7103D2458E54189,0,0.7815253129515207,FACTURA,False,0.6708705472473776,FACTURA,False,0.8020082970660943,FACTURA,False
618FA8EF90B2BC09442461DF6A1950F3B56DE7D9217334E5658065B15A2D1C7D,Z001023305700.pdf,FACTURA,FACTURA,OCR_STRONG,F-66FEEC36CB99F857D1A9,2,0.8012184993746517,FACTURA,False,0.7860248842836596,FACTURA,False,0.8800521257996092,FACTURA,False
62ED045064645CFAC1E4ABEAB3BD7871BB1ACA133EB42A02042DFD4116B68747,Z001023284539.pdf,FACTURA,FACTURA,QR_ARCA_STRONG,F-463F5D66BCFC1B95B4F2,3,0.6881176903101892,FACTURA,False,0.6246828786686117,FACTURA,False,0.7083269560908907,FACTURA,False
6306F04EC7699ACD9AA20661D6A0094E0EF6F2D07DB0DCB6E7DCB90754F946FC,Z001023321112.pdf,FACTURA,FACTURA,QR_ARCA_STRONG,F-EE08C7103D2458E54189,0,0.8024237976951661,FACTURA,False,0.7002586993511707,FACTURA,False,0.827689506869332,FACTURA,False
6358F007E68B39846A6D3A1985B57BA5DB9B44816655F040179A2E54F5D3950B,Z001023410770.pdf,FACTURA,FACTURA,QR_ARCA_STRONG,F-EE08C7103D2458E54189,0,0.7854627767428147,FACTURA,False,0.6740432952882585,FACTURA,False,0.8034667839456575,FACTURA,False
63D1DB74D405C58FC6B148A98498E2351418A24343D9326C5EB42A6CCEC42A4A,Z001023366865.pdf,OTRO_DOCUMENTO,NOTA_CREDITO,OCR_STRONG,F-99F7A3F5F30B759FC1BA,3,0.6542063524136381,FACTURA,True,0.6561556376946632,FACTURA,True,0.6988326284046839,FACTURA,True
63E3F4FF38F20C64BA564671499DC8683FBF77219974F9D9B1173F8A2FE05D4C,Z001023422553.pdf,FACTURA,FACTURA,PDF_TEXT_STRONG,F-63F23BB2C7162DAFD254,0,0.7922411898926934,FACTURA,False,0.728137717964253,FACTURA,False,0.8159984803114987,FACTURA,False
63F5F3AB045C5B5F66EA108111298A47D3D35401D9F776570A886AC745108D3F,Z001023321695.pdf,OTRO_DOCUMENTO,OTRO_DOCUMENTO,QR_ARCA_STRONG,F-FACD83D8B4281A05571A,1,0.40766041830370653,OTRO_DOCUMENTO,False,0.413350648577156,OTRO_DOCUMENTO,False,0.38860735179096845,OTRO_DOCUMENTO,False
6403BB9E343E7ADC6832D9FEF0B238A5C7629934B729B49930D5EB612D45A237,Z001023384946.pdf,OTRO_DOCUMENTO,NOTA_CREDITO,QR_ARCA_STRONG,F-FACD83D8B4281A05571A,1,0.4500633391251975,OTRO_DOCUMENTO,False,0.4947481821137726,OTRO_DOCUMENTO,False,0.45429039686240863,OTRO_DOCUMENTO,False
644FB4104CC6E78DECDE080C8BD310D32890EA13F2BCB7525F77ACB5E97A78D7,Z001023307015.pdf,FACTURA,FACTURA,OCR_STRONG,F-D8FCDE61FE47CC36A198,2,0.7140219955296067,FACTURA,False,0.7193617249185402,FACTURA,False,0.7846645119440799,FACTURA,False
64FB474B146A0EB177D75CB68476D6BCE12EF039503945B080FCA1CE3484EB2E,Z001023268129.pdf,FACTURA,FACTURA,QR_ARCA_STRONG,F-22D8B0B2BC197D116017,3,0.7664023566770868,FACTURA,False,0.8215015657715974,FACTURA,False,0.8570659690384678,FACTURA,False
65056D9EA1A540DC588945E523AD94B314066341E145D5716A7A605D30F64157,Z001023422325.pdf,FACTURA,FACTURA,QR_ARCA_STRONG,F-FACD83D8B4281A05571A,1,0.7441141592481799,FACTURA,False,0.6598302644223917,FACTURA,False,0.7695449959286218,FACTURA,False
653916FEE25C919AB6EB8CD62ACDB2EFB4ED9246ABE1E345CCEFD62AD0B1EEEF,Z001023454441.pdf,FACTURA,FACTURA,QR_ARCA_STRONG,F-463F5D66BCFC1B95B4F2,3,0.752336794836982,FACTURA,False,0.6988204364896323,FACTURA,False,0.7898929457560412,FACTURA,False
65689BDA6B6E78D08778050BC9AF74BF489A45EC0F06B14D021402CC4A49703B,Z001023336323.pdf,FACTURA,FACTURA,PDF_TEXT_STRONG,F-9556189C2A6C11049E74,2,0.7183736959193742,FACTURA,False,0.6842584835705855,FACTURA,False,0.7685431625893389,FACTURA,False
657D014F547F5C67D9C3C97F905729BE00F4498F2CB5E01528AAFF4F0E177E5B,Z001023350376.pdf,OTRO_DOCUMENTO,NOTA_CREDITO,OCR_STRONG,F-DCC01CD6C3861C7E4C3E,3,0.7108101680676496,FACTURA,True,0.7237109630931001,FACTURA,True,0.7712624691011158,FACTURA,True
657E1FF4F3374E8D93CA51BEC8C1C7D4058C9E51797A97E15FCAFCF3A54FC356,Z001023305809.pdf,FACTURA,FACTURA,OCR_STRONG,F-B48A5E97973412D090E1,3,0.7080236523583862,FACTURA,False,0.7712263593500659,FACTURA,False,0.8032259164880358,FACTURA,False
65D1D32538349C1E4FD033151901890E04026E390D8DBDDB40D8BA7450402C6D,Z001023265841.pdf,FACTURA,FACTURA,QR_ARCA_STRONG,F-EE08C7103D2458E54189,0,0.7869149979517868,FACTURA,False,0.7219708078870889,FACTURA,False,0.8253404004111129,FACTURA,False
660C649E87C0E096D3EA290A7EEB1B41027B0E57F5AC516359697241B2FA0A46,Z001023321054.pdf,FACTURA,FACTURA,QR_ARCA_STRONG,F-FACD83D8B4281A05571A,1,0.6954828149780612,FACTURA,False,0.6485252098608565,FACTURA,False,0.7268660301853986,FACTURA,False
6628B77297FB0AF7072963D7CFE54056E7303FF0D0C639C77083714E0007556F,Z001023349970.pdf,FACTURA,FACTURA,QR_ARCA_STRONG,F-463F5D66BCFC1B95B4F2,3,0.8003852954202318,FACTURA,False,0.7507727818577771,FACTURA,False,0.8454359190206177,FACTURA,False
669CEF756F24B3F2936E59DA9B442C8189694D27CDCAA0F56F21B933D8FFF582,Z001023268013.pdf,FACTURA,FACTURA,QR_ARCA_STRONG,F-FACD83D8B4281A05571A,1,0.6903869716752572,FACTURA,False,0.6845659308134174,FACTURA,False,0.7441362856889373,FACTURA,False
671095A2ED870416638D91130E56FEB62CED369C2B40CF13D8A3685EF542C9C2,Z001023243381.pdf,FACTURA,FACTURA,QR_ARCA_STRONG,F-6F5CAF1E1AEEB43C5486,2,0.728740556474526,FACTURA,False,0.7076675871266027,FACTURA,False,0.7757063495905121,FACTURA,False
674A1F88C6BD5E53FAF757B8EAF603391E1CDAAFF0A5B8A0038B98FCB947852D,Z001023467491.pdf,FACTURA,FACTURA,PDF_TEXT_STRONG,F-E311D094CEA0C30D422D,3,0.7862174918923519,FACTURA,False,0.7942401515089861,FACTURA,False,0.8473388452556723,FACTURA,False
679B276143705D4AC3247557E5B766A0D3B8EF46EF0C7E93E9743E56F4C7C21B,Z001023385074.pdf,FACTURA,FACTURA,QR_ARCA_STRONG,F-FC411F149001282E7254,2,0.7150817553847463,FACTURA,False,0.6372007660125376,FACTURA,False,0.745212606644898,FACTURA,False
681D494D1EABD2B24BA13F9F99B3AC5F6D565688BB7368714C430C5395C5A868,Z001023243384.pdf,FACTURA,FACTURA,EXISTING_GROUND_TRUTH,F-127BD2FBDD2CC031C0FE,2,0.9132111603273227,FACTURA,False,0.8878270053043612,FACTURA,False,0.9406859314135483,FACTURA,False
68384C891F748520511F1AC118FCE49299EBC326BF1FA1B534BBBF80AEB427D4,Z001023267817.pdf,FACTURA,FACTURA,QR_ARCA_STRONG,F-FACD83D8B4281A05571A,1,0.677870884762847,FACTURA,False,0.6343884497682664,FACTURA,False,0.7106690451181445,FACTURA,False
68847021C832C384F382EB8B663EF6878C4B227562C30B4AE75BACD93F932807,Z001023283742.pdf,FACTURA,FACTURA,QR_ARCA_STRONG,F-FACD83D8B4281A05571A,1,0.6755843602477445,FACTURA,False,0.6039940608786094,FACTURA,False,0.6927550466364542,FACTURA,False
688B857EBA76F3FDD3C84756E0A20DB13FDCC6613A64CC850D0CDA9760FDF897,Z001023398913.pdf,FACTURA,FACTURA,QR_ARCA_STRONG,F-FACD83D8B4281A05571A,1,0.7482546330810489,FACTURA,False,0.7143226184097755,FACTURA,False,0.7976179972250438,FACTURA,False
689B7BBF501134FEE362293BF2BFE282BFAF1D3D456B47AC2C5C1CCAB5FA15C4,Z001023365877.pdf,OTRO_DOCUMENTO,OTRO_DOCUMENTO,QR_ARCA_STRONG,F-FACD83D8B4281A05571A,1,0.3743666549002399,OTRO_DOCUMENTO,False,0.422629962628292,OTRO_DOCUMENTO,False,0.37389737237041526,OTRO_DOCUMENTO,False
68B3C6AAFE89838741E71226D9F554CE180B406E66489C6843999F2CB92CEDF1,Z001023242965.pdf,FACTURA,FACTURA,QR_ARCA_STRONG,F-EE08C7103D2458E54189,0,0.8037634447827953,FACTURA,False,0.7371409848065957,FACTURA,False,0.8387790895265264,FACTURA,False
68BECE9089A8CF2D016046FF5F01BD82DB7E926079538EFBDAC71920F9FB6F4E,Z001023264729.pdf,FACTURA,FACTURA,QR_ARCA_STRONG,F-E70110F2096258660969,0,0.8182345590311276,FACTURA,False,0.8168102166474082,FACTURA,False,0.8749529303438331,FACTURA,False
691BF365684F97697A067502250D2340172FFABC2AF02D9E3B21DA04BCB2E53D,Z001023305692.pdf,FACTURA,FACTURA,QR_ARCA_STRONG,F-463F5D66BCFC1B95B4F2,3,0.8002027849700212,FACTURA,False,0.7288457504433732,FACTURA,False,0.8291356536221972,FACTURA,False
6951FCD388A8D53F50AEC19CB24E961F550D8DFDD9B70D9D3EBBEE53AB0530DF,Z001023266873.pdf,FACTURA,FACTURA,PDF_TEXT_STRONG,F-BD443D8161F24BFCB109,3,0.6826551152333475,FACTURA,False,0.6713797691845366,FACTURA,False,0.7293796568455745,FACTURA,False
69BD97565D5E8FA5D5CC7FD22FC5672E7AB8B5D16B40DFF18AEA29F0EE46FD94,Z001023410432.pdf,FACTURA,FACTURA,QR_ARCA_STRONG,F-EE08C7103D2458E54189,0,0.8110149415407694,FACTURA,False,0.7305991559276072,FACTURA,False,0.84646768140724,FACTURA,False
69F92D3D10F2BE9527CE3AA19F22635B987762F8663A4A61550B7791C9813E44,Z001023366864.pdf,OTRO_DOCUMENTO,NOTA_CREDITO,OCR_STRONG,F-99F7A3F5F30B759FC1BA,3,0.6489006508411447,FACTURA,True,0.6535505936716388,FACTURA,True,0.6932753164749903,FACTURA,True
6A06BCDA8E65514CF3BD6E192ED15EE82B1DF5E90108BE7BCD9B102E469B53F9,Z001023267261.pdf,FACTURA,FACTURA,OCR_STRONG,F-A75A0A5D32BC3BDDC3FF,1,0.8051380039555794,FACTURA,False,0.8131299969730946,FACTURA,False,0.8833992988036417,FACTURA,False
6A19E35A6ABC9779551A8B03A45A480090726EC526CA32ABE637DAE9DC09E317,Z001023466474.pdf,FACTURA,FACTURA,PDF_TEXT_STRONG,F-874149FBB96F2D26236B,2,0.6229714092608645,FACTURA,False,0.6408553873075018,FACTURA,False,0.6956098284161085,FACTURA,False
6A44D2562609C71F11C6039FD392E9E681619719A7040D46EA9B6E1E6DB4F295,Z001023466254.pdf,FACTURA,FACTURA,QR_ARCA_STRONG,F-FACD83D8B4281A05571A,1,0.7394914422209775,FACTURA,False,0.6757107917903129,FACTURA,False,0.7725750348916783,FACTURA,False
6AA2642DAF7B52EB364C1F945C3E1E25D291670E295B50405BC27CB969D12DE4,Z001023321061.pdf,FACTURA,FACTURA,QR_ARCA_STRONG,F-FACD83D8B4281A05571A,1,0.7193589780579501,FACTURA,False,0.6529406141042026,FACTURA,False,0.7482340392156505,FACTURA,False
6AAA6E56A668CA470CE59A1DA0E3208162A408FD1E83E1DB80551F50B08F7631,Z001023242344.pdf,OTRO_DOCUMENTO,NOTA_CREDITO,QR_ARCA_STRONG,F-2225E7482E0C1A2CF093,2,0.7189188272861561,FACTURA,True,0.7341920367087659,FACTURA,True,0.7677906592152084,FACTURA,True
6AB1420C695AE2A02BBF6C1CF3EA49C7218A2CF1AC0BAE68E045D85D111FC0C0,Z001023410767.pdf,FACTURA,FACTURA,QR_ARCA_STRONG,F-FACD83D8B4281A05571A,1,0.7760899411692677,FACTURA,False,0.6943374283767734,FACTURA,False,0.8020592407433986,FACTURA,False
6B0339E36C35108FAF16CA49C1BF3433163F965A1ED14438435253633CBB9F31,Z001023283864.pdf,FACTURA,FACTURA,QR_ARCA_STRONG,F-FACD83D8B4281A05571A,1,0.6971743871429605,FACTURA,False,0.6641960337618359,FACTURA,False,0.7376893954311685,FACTURA,False
6B4A3FF9C231EC839A67CEBFFE430E144F787E7637B5565884FC431C70BB3736,Z001023305691.pdf,FACTURA,FACTURA,QR_ARCA_STRONG,F-FACD83D8B4281A05571A,1,0.688414118372489,FACTURA,False,0.6614746999000475,FACTURA,False,0.7290328567237564,FACTURA,False
6B5E9590C4800D1DF3407962383CB00B53C9090887157D672A4E2359DFFAA25F,Z001023338055.pdf,FACTURA,FACTURA,QR_ARCA_STRONG,F-463F5D66BCFC1B95B4F2,3,0.7627769116906207,FACTURA,False,0.6770653165047135,FACTURA,False,0.7878218498438926,FACTURA,False
6B7BB9D0EFF24F7DAB919D1049DE297F8C289642CBF813E3C2E85064308F0BC6,Z001023397972.pdf,FACTURA,FACTURA,QR_ARCA_STRONG,F-FACD83D8B4281A05571A,1,0.6995784327575776,FACTURA,False,0.6829858146732862,FACTURA,False,0.7533741878624228,FACTURA,False
6B96BB1E1D807BDFD4A12F5631C2176A155EE44DAA9B974BA349414248CE8938,Z001023267136.pdf,FACTURA,FACTURA,OCR_STRONG,F-C4EFEA98CD9D9490E678,2,0.7016082393964143,FACTURA,False,0.7536057636776546,FACTURA,False,0.8086684267678891,FACTURA,False
6BC211BC3F456C4F62C7F39BE39CE115108F377BC270C8D0CBD9CB0A400092D5,Z001023321351.pdf,FACTURA,FACTURA,PDF_TEXT_STRONG,F-463F5D66BCFC1B95B4F2,3,0.7576894764447045,FACTURA,False,0.7360179777695747,FACTURA,False,0.8082018972812635,FACTURA,False
6BC87B9F03FDB1B6CA97AF962F30837A6B76F2CBC51CEAC85253E653BB7D3790,Z001023454866.pdf,FACTURA,FACTURA,QR_ARCA_STRONG,F-FACD83D8B4281A05571A,1,0.6923343339336053,FACTURA,False,0.6779663431868349,FACTURA,False,0.7423322384372465,FACTURA,False
6BDD70A1E311F323C3AE095EA182CC3591DEFFA1BB39A2F1872AD5556DE12B10,Z001023410905.pdf,FACTURA,FACTURA,PDF_TEXT_STRONG,F-724FA6B6F7F7BF0A734C,0,0.772261666570132,FACTURA,False,0.7623238612141615,FACTURA,False,0.8266628209168659,FACTURA,False
6C4F806F57E884A8868D9DDA6F11E9A66107106EC3FE4989B56D5ED6BDBF705C,Z001023268101.pdf,FACTURA,FACTURA,QR_ARCA_STRONG,F-FACD83D8B4281A05571A,1,0.7490298835160312,FACTURA,False,0.6507081289949328,FACTURA,False,0.7702630992137134,FACTURA,False
6C5B4EA91CF5B9B7DCFE271736BED260D3E743DB8E6B20D27414377E4A215229,Z001023455412.pdf,OTRO_DOCUMENTO,NOTA_DEBITO,PDF_TEXT_STRONG,F-463F5D66BCFC1B95B4F2,3,0.5647247061054882,FACTURA,True,0.6334355795762976,FACTURA,True,0.6290725793985555,FACTURA,True
6C60860296C94E2ACB69838ECB62B7DEE7CD4A9C0357E689FC6DF7E2F4D840B5,Z001023466478.pdf,FACTURA,FACTURA,OCR_STRONG,F-52A8D3E535639BC9066E,2,0.6818977839232561,FACTURA,False,0.665168296385449,FACTURA,False,0.7492082127363817,FACTURA,False
6C8B940D1661F64CF6F7EC76B7DBF963C1D054B1355DFD856CA0FB306A750A3D,Z001023268087.pdf,FACTURA,FACTURA,QR_ARCA_STRONG,F-EE08C7103D2458E54189,0,0.8250123777595434,FACTURA,False,0.7194020832898415,FACTURA,False,0.8442717919353458,FACTURA,False
6C94C617C8904CF308B28BE5F23B2E67C8FC9DF6D9AD8F1B0FB3FEA74DBFEEA1,Z001023266877.pdf,FACTURA,FACTURA,QR_ARCA_STRONG,F-EE08C7103D2458E54189,0,0.7559236482824663,FACTURA,False,0.6529104583073381,FACTURA,False,0.7793627272954127,FACTURA,False
6D6E1AA48E6C44FD43EF2352B4C1F3D017BC787D0C043C49EAACDF1BCF531B22,Z001023267214.pdf,FACTURA,FACTURA,OCR_STRONG,F-C4EFEA98CD9D9490E678,2,0.7016082393964143,FACTURA,False,0.7508923114362732,FACTURA,False,0.8072108875319587,FACTURA,False
6DEA7D3BCF2BDC78A4C5B1A0C8A35F62E0D88B265012BA0DBBCB8B6613470373,Z001023321186.pdf,FACTURA,FACTURA,QR_ARCA_STRONG,F-463F5D66BCFC1B95B4F2,3,0.732313655742402,FACTURA,False,0.6194623528614142,FACTURA,False,0.7344806281108444,FACTURA,False
6E223B3FB776EC499C1079BF9AF95E4CAA33950DD34CBC577C446F8985A308EA,Z001023305817.pdf,FACTURA,FACTURA,OCR_STRONG,F-C4EFEA98CD9D9490E678,2,0.7016082393964143,FACTURA,False,0.7511072017472528,FACTURA,False,0.8070624941926879,FACTURA,False
6E87835328F15BFEB50D7BE61B069A1C3E18312B37B2AD241FC3B3D5B3669957,Z001023283780.pdf,FACTURA,FACTURA,QR_ARCA_STRONG,F-6F5CAF1E1AEEB43C5486,2,0.7210923794026647,FACTURA,False,0.7110860454843189,FACTURA,False,0.7743261643299084,FACTURA,False
6E9ED9F5310651C047A3FC9B8D480F10A4625DB45DC71EB2F895E3E2993D62A1,Z001023305793.pdf,FACTURA,FACTURA,QR_ARCA_STRONG,F-EE08C7103D2458E54189,0,0.7779384937306217,FACTURA,False,0.6974031958270427,FACTURA,False,0.8052464416227538,FACTURA,False
6EE583A0329BFFE2CC0604B2DF470F2E9E8A3A491ABED3AE58229C122955C824,Z001023366863.pdf,OTRO_DOCUMENTO,NOTA_CREDITO,QR_ARCA_STRONG,F-FACD83D8B4281A05571A,1,0.3738718486764745,OTRO_DOCUMENTO,False,0.36194034956025684,OTRO_DOCUMENTO,False,0.3307774619304363,OTRO_DOCUMENTO,False
70183B71AFCE11898A3EBCFC447FF1DA5F4FCE6AE346AD66A7BFB03C5841D4DF,Z001023384945.pdf,OTRO_DOCUMENTO,OTRO_DOCUMENTO,QR_ARCA_STRONG,F-FACD83D8B4281A05571A,1,0.38004342663669477,OTRO_DOCUMENTO,False,0.4113395794123746,OTRO_DOCUMENTO,False,0.3694188173997587,OTRO_DOCUMENTO,False
70701EB80254F49040749A4D00344EC36FD7AC369A877580BDB3B12BC941655A,Z001023242307.pdf,FACTURA,FACTURA,QR_ARCA_STRONG,F-FACD83D8B4281A05571A,1,0.782728281172971,FACTURA,False,0.7350004264436807,FACTURA,False,0.8258270642636159,FACTURA,False
70943A213A862A315DB451BAFBADDBFE5C0E45D694BF40FD8E5430FF47A032BA,Z001023242889.pdf,OTRO_DOCUMENTO,OTRO_DOCUMENTO,EXISTING_GROUND_TRUTH,F-E8D73DC2FE1F519E363D,0,0.7343178872494076,FACTURA,True,0.7416661048453833,FACTURA,True,0.7819056081741075,FACTURA,True
70E5AE3F504F2F5AB4AD5B3E512AC716415539ADF79DF6BF02821B5A8D35578A,Z001023306668.pdf,FACTURA,FACTURA,QR_ARCA_STRONG,F-463F5D66BCFC1B95B4F2,3,0.8001332042542103,FACTURA,False,0.7907070283150718,FACTURA,False,0.855607584301345,FACTURA,False
724463BDFD7CEF809283F23242EFA6D6746540C1B1BED9FA87F7081F3FEAA794,Z001023321623.pdf,FACTURA,FACTURA,QR_ARCA_STRONG,F-FACD83D8B4281A05571A,1,0.7146361337356172,FACTURA,False,0.6718134293538,FACTURA,False,0.7548087172254752,FACTURA,False
724E671BB3324AC80652938C4FC4669A53A37A8FC7CE84A81EA066E5A2D15246,Z001023242887.pdf,FACTURA,FACTURA,QR_ARCA_STRONG,F-EE08C7103D2458E54189,0,0.8026297516952352,FACTURA,False,0.7174489524028046,FACTURA,False,0.8329729231965501,FACTURA,False
728FFB9AA6918939C77AFBD14176374095A4B94DF78DC4BBE4E0D3A1F4E64555,Z001023320983.pdf,FACTURA,FACTURA,QR_ARCA_STRONG,F-278280CEE7859CD404B9,0,0.8451799656463268,FACTURA,False,0.8447696943051294,FACTURA,False,0.9009744568829894,FACTURA,False
729AF3D6447EC31F5F02AB12E6FB6DD6CAE910EC2C50B43FBEBFECB00678E4B0,Z001023454378.pdf,FACTURA,FACTURA,OCR_STRONG,F-C4EFEA98CD9D9490E678,2,0.6972480270663277,FACTURA,False,0.7494037278988069,FACTURA,False,0.8035277640309471,FACTURA,False
72D4B9B1041555B196030613602AB200641E03F669E2F7A68004A6F30A0026C9,Z001023466477.pdf,FACTURA,FACTURA,OCR_STRONG,F-52A8D3E535639BC9066E,2,0.6639860861447843,FACTURA,False,0.6431113048474945,FACTURA,False,0.7260923599981541,FACTURA,False
72DB0BB791EF4D236D0F5138132C14C14CC2CD9C33CB371EE37DDDD55642FBA8,Z001023283732.pdf,FACTURA,FACTURA,QR_ARCA_STRONG,F-EE08C7103D2458E54189,0,0.7697538797350831,FACTURA,False,0.7114279626611578,FACTURA,False,0.8061673821019935,FACTURA,False
734F30506EF447B3DF986696A7B0478A899FB94EB94D9C58897B138972AFE0CB,Z001023243422.pdf,FACTURA,FACTURA,QR_ARCA_STRONG,F-6F5CAF1E1AEEB43C5486,2,0.8012834058639039,FACTURA,False,0.73376384696229,FACTURA,False,0.8345278205066907,FACTURA,False
7369DF302D07631A98454113785F530B862A7D556083C9BCE2A378E733A259D1,Z001023283690.pdf,OTRO_DOCUMENTO,OTRO_DOCUMENTO,QR_ARCA_STRONG,F-FACD83D8B4281A05571A,1,0.47852435768898466,OTRO_DOCUMENTO,False,0.5736216564399558,FACTURA,True,0.5303441924225154,FACTURA,True
7450CD3EC72F3F9A0F1009EF270B10F283D7B56BE50BAAC01800EA9CF2C9E36B,Z001023350226.pdf,FACTURA,FACTURA,OCR_STRONG,F-DCC01CD6C3861C7E4C3E,3,0.7679311111461378,FACTURA,False,0.7411085334288338,FACTURA,False,0.8189787206366842,FACTURA,False
74542EF02D20DD76101D0733ECF11256439DDFD34B08011929E3EAD5E159F285,Z001023306575.pdf,FACTURA,FACTURA,QR_ARCA_STRONG,F-6F5CAF1E1AEEB43C5486,2,0.7477491770865793,FACTURA,False,0.7645413354968206,FACTURA,False,0.8188391186743227,FACTURA,False
74A8804E13BCB0916DE52FB4050B48283F6D7C52B6A0CC9E5C66DBC3093FEB48,Z001023243400.pdf,FACTURA,FACTURA,QR_ARCA_STRONG,F-6F5CAF1E1AEEB43C5486,2,0.8025970650196408,FACTURA,False,0.7652829899403563,FACTURA,False,0.8484530773934257,FACTURA,False
74A93147090410909DD49E3D1B75B7C3EA9345128B785139DC2F671880C5FE6E,Z001023321593.pdf,FACTURA,FACTURA,QR_ARCA_STRONG,F-EE08C7103D2458E54189,0,0.7482069277719263,FACTURA,False,0.6776756304769427,FACTURA,False,0.7785065802683182,FACTURA,False
74E1683A4487F41741E8A66012A82E03967DF0DDF917463FCEF8254BBECACC4A,Z001023366210.pdf,FACTURA,FACTURA,QR_ARCA_STRONG,F-463F5D66BCFC1B95B4F2,3,0.7190104165339779,FACTURA,False,0.6711704719245378,FACTURA,False,0.7519022476995885,FACTURA,False
750B721B9BDFFF78051B518266ACF845200D2C77179A01BD8DBB04C304DBA48F,Z001023435484.pdf,FACTURA,FACTURA,QR_ARCA_STRONG,F-FACD83D8B4281A05571A,1,0.6920121174479844,FACTURA,False,0.6684855681690094,FACTURA,False,0.7330361766841778,FACTURA,False
754EE6E12E8F8F2901DAE135E15FF3D5ABF245CA5D195BB6F95149FE4EA034C8,Z001023385198.pdf,FACTURA,FACTURA,QR_ARCA_STRONG,F-463F5D66BCFC1B95B4F2,3,0.8059845409180045,FACTURA,False,0.7577508413032255,FACTURA,False,0.8517482736448088,FACTURA,False
75920680546C0B19824E520C35362E4321A64E41D50F38FDCA51BFD9B991E533,Z001023454960.pdf,FACTURA,FACTURA,OCR_STRONG,F-32D29C25B87BCDD5D9A3,3,0.829392371518939,FACTURA,False,0.7536279555569978,FACTURA,False,0.8623476961331451,FACTURA,False
7665E4053FAEAC461DD7C5DD5BCF9F87E0FD310718AD6F36BCD084A7244397EC,Z001023397941.pdf,FACTURA,FACTURA,OCR_STRONG,F-236B043AC3F54D78C0B5,2,0.7345862548487563,FACTURA,False,0.4768784187839798,OTRO_DOCUMENTO,True,0.6577736987428663,FACTURA,False
7765957EC5D2FAD2C870AA576B360E8C599D1A09C2161E5A60675B0C299E82FF,Z001023338067.pdf,FACTURA,FACTURA,QR_ARCA_STRONG,F-C04B37B1724168DE2084,3,0.7555068782487733,FACTURA,False,0.656544205347475,FACTURA,False,0.7724470632243106,FACTURA,False
77A0EC1DD124A7512A46495983BEB01CA5EAB0F48B06D7DE74C1D779BA2D5625,Z001023242368.tif,FACTURA,FACTURA,QR_ARCA_STRONG,F-42F5E136477B6F356B09,2,0.9386819064034283,FACTURA,False,0.9117043220848619,FACTURA,False,0.9597688733654532,FACTURA,False
77B60D8DF4FBC86CF6252968C853F56FAEEDA985E717813496E7056B93CA9840,Z001023398887.pdf,FACTURA,FACTURA,QR_ARCA_STRONG,F-6F5CAF1E1AEEB43C5486,2,0.7572984379590433,FACTURA,False,0.7404737330862167,FACTURA,False,0.8138487534798958,FACTURA,False
77BEE0C8120D6B5C3D19B79CC4ABFFE13BCD86AB4AD7BDCFE810BF0F53FA5689,Z001023385050.pdf,FACTURA,FACTURA,QR_ARCA_STRONG,F-FC411F149001282E7254,2,0.7111212987466247,FACTURA,False,0.6366287490386174,FACTURA,False,0.7422854330218033,FACTURA,False
7856CD25016572D0C1DAD26A3A34140A0970F045A42C83C1D80C10E9F894C9B6,Z001023242960.pdf,FACTURA,FACTURA,QR_ARCA_STRONG,F-EE08C7103D2458E54189,0,0.7937451306464411,FACTURA,False,0.7102019645913138,FACTURA,False,0.8256527461022316,FACTURA,False
786C9DF77DC594A4F4661372FB7550FA2BBE1C9CDC8EEFD007F2E8338559704A,Z001023243424.pdf,FACTURA,FACTURA,QR_ARCA_STRONG,F-127BD2FBDD2CC031C0FE,2,0.9341506128967262,FACTURA,False,0.9162597181211227,FACTURA,False,0.9582058042671486,FACTURA,False
789EA214DA187999DB573C790694ED9C456AD09E79B3423DA4745624AB02984B,Z001023338068.pdf,FACTURA,FACTURA,QR_ARCA_STRONG,F-FACD83D8B4281A05571A,1,0.7757675956499746,FACTURA,False,0.7131177562847532,FACTURA,False,0.8155471265605937,FACTURA,False
78D7C45F35EDDA7F3577410E9127D1B384883360372511081C054BA435B8E0A6,Z001023243382.pdf,FACTURA,FACTURA,QR_ARCA_STRONG,F-6F5CAF1E1AEEB43C5486,2,0.8009081759713177,FACTURA,False,0.7755586827152864,FACTURA,False,0.8542605056840338,FACTURA,False
7943C6EB1641AD882AF8038E05B5F350A7FA8FBE6C2DF3DF90E9004412040FEF,Z001023243375.pdf,FACTURA,FACTURA,EXISTING_GROUND_TRUTH,F-3F260BA547D3B90B2125,0,0.8080221919593549,FACTURA,False,0.7958011507385641,FACTURA,False,0.865670917842062,FACTURA,False
798711A2CD575D42858450215C116F88AAB5045FF2ADB933E2FAFEA46C072DB6,Z001023267973.pdf,FACTURA,FACTURA,QR_ARCA_STRONG,F-108FF89DFB4EC29C3343,0,0.8150819258671489,FACTURA,False,0.8320061381169502,FACTURA,False,0.8863387889930572,FACTURA,False
798ACADC0DC6E998A0904781F508CB74AA1B009064F5615A92EEE05C3AA36790,Z001023242299.pdf,FACTURA,FACTURA,QR_ARCA_STRONG,F-228C9EF1AF8B1DC387B7,0,0.8114664906965331,FACTURA,False,0.8620907073348187,FACTURA,False,0.8941687089139463,FACTURA,False
79ADF4E464CD5BF264A498AF625E2970E5CC8C04C0328A0860C11350DB57FBE3,Z001023350872.pdf,FACTURA,FACTURA,QR_ARCA_STRONG,F-A69FDECE53AB69CF1845,2,0.7191839581999894,FACTURA,False,0.6049762438615136,FACTURA,False,0.7357095648060079,FACTURA,False
7AB8D2AB7B5229FA6F6AFB5F7329F783BD003B13322FB478B6176610993FCC87,Z001023306666.pdf,FACTURA,FACTURA,QR_ARCA_STRONG,F-463F5D66BCFC1B95B4F2,3,0.7952094624036982,FACTURA,False,0.7627284640056693,FACTURA,False,0.843033480476095,FACTURA,False
7AE0DBFAD8AA6A4A31D3D85770137B3AC98891809709CF8E9EC04FAD430D9BFB,Z001023321897.pdf,FACTURA,FACTURA,QR_ARCA_STRONG,F-EE08C7103D2458E54189,0,0.7299425192049549,FACTURA,False,0.6677180792603655,FACTURA,False,0.7629120120435857,FACTURA,False
7B3901E49FF57B75478E861F1A6EEC80C6FA8ED5B6BF3BAB44C8E8FC0989BB5C,Z001023268104.pdf,FACTURA,FACTURA,QR_ARCA_STRONG,F-FACD83D8B4281A05571A,1,0.7536361496186056,FACTURA,False,0.657163793738791,FACTURA,False,0.7761256348399568,FACTURA,False
7B719EB0767D781E74AAB6EFB62BA480BFEF3682904B68947E5F6415AFE1EE44,Z001023283878.pdf,FACTURA,FACTURA,QR_ARCA_STRONG,F-4282D891EC4146496CC2,3,0.8347766972419991,FACTURA,False,0.8409634986931501,FACTURA,False,0.9042472502842822,FACTURA,False
7B88EB37D9D6D70AF24378E316B65C9A921DFF386F57347F7073D8AB98E0D99F,Z001023349832.pdf,FACTURA,FACTURA,QR_ARCA_STRONG,F-EDBFE59229E8571451DD,2,0.7638234261712338,FACTURA,False,0.6813987224616246,FACTURA,False,0.790296680166753,FACTURA,False
7BDA132A66DCC9019CACEC8C76D060F25F6AB5BC39C12E07860E24F737ADFF5D,Z001023242524.pdf,FACTURA,FACTURA,QR_ARCA_STRONG,F-6A583E4107FD174FEE61,1,0.8038223980072718,FACTURA,False,0.7372321614685318,FACTURA,False,0.8478843323714452,FACTURA,False
7BE95791A9699A99D2073BA31B556C45CFA1A04985002C06CA6A36D57A86525D,Z001023283729.pdf,FACTURA,FACTURA,QR_ARCA_STRONG,F-FACD83D8B4281A05571A,1,0.7391951235159867,FACTURA,False,0.6967935951721071,FACTURA,False,0.7792838260383335,FACTURA,False
7C73F1706B08D28FF38296AA93C83247D2B200F3EEF0D166BC1AF40FA14836FF,Z001023283737.pdf,FACTURA,FACTURA,QR_ARCA_STRONG,F-EE08C7103D2458E54189,0,0.7138879162056536,FACTURA,False,0.6521574260270856,FACTURA,False,0.7452517579065945,FACTURA,False
7C7BEBD02F866B63C5475F1B0D0CA9C678F5D261548ED2C7B2B9D475D6383CC9,Z001023267265.pdf,FACTURA,FACTURA,OCR_STRONG,F-1B5BFBE3C31B9AB023C7,1,0.6940558038237894,FACTURA,False,0.664872867061841,FACTURA,False,0.7465293132102442,FACTURA,False
7C9BBDA23EDEB3A0E8084A1817DC926D7DBC841380E79E281F299282806E530C,Z001023283767.pdf,FACTURA,FACTURA,QR_ARCA_STRONG,F-463F5D66BCFC1B95B4F2,3,0.7887156427683377,FACTURA,False,0.782096071222412,FACTURA,False,0.8443759806350194,FACTURA,False
7D1382F1311C92CB388B27CBA3FA90D6ED16941AFC4AF91E2A72DC24D5315A75,Z001023305677.pdf,FACTURA,FACTURA,QR_ARCA_STRONG,F-6F5CAF1E1AEEB43C5486,2,0.75112338880006,FACTURA,False,0.7375043801316269,FACTURA,False,0.806810906231671,FACTURA,False
7D43AB520097327C8645B32F08E408BD0715488AC01D3A360839A4652A9AC719,Z001023242290.pdf,FACTURA,FACTURA,QR_ARCA_STRONG,F-FACD83D8B4281A05571A,1,0.7363883182585123,FACTURA,False,0.660332589890489,FACTURA,False,0.7670643165014843,FACTURA,False
7D71C224D23E5E0E8FD05C6303A4B986D06341EE722D4E62939389806BBE3471,Z001023410368.pdf,FACTURA,FACTURA,QR_ARCA_STRONG,F-78FBBC0583221AAC5789,2,0.7521340261396954,FACTURA,False,0.744750519985207,FACTURA,False,0.8295483413939795,FACTURA,False
7DB28C1CAEF678FB79B4D943F74C412E0324E467A85C015D65AD2D45783D057A,Z001023306669.pdf,OTRO_DOCUMENTO,NOTA_CREDITO,PDF_TEXT_STRONG,F-38536FFE21B52E182513,3,0.6090163179167308,FACTURA,True,0.6736922584104346,FACTURA,True,0.6759303672802746,FACTURA,True
7E3C212A4DE3A52AB3D18EEEE790C5BEE9D1117A682938855EF6EFA02DD3C4AC,Z001023454318.pdf,FACTURA,FACTURA,QR_ARCA_STRONG,F-EE08C7103D2458E54189,0,0.7860035244042941,FACTURA,False,0.6922472137554146,FACTURA,False,0.8159127059175885,FACTURA,False
7E7C1A039E6FDE0D4120995D969E25093755D4C47653EAE9E1F5998F2454448B,Z001023410430.pdf,FACTURA,FACTURA,QR_ARCA_STRONG,F-FACD83D8B4281A05571A,1,0.6956868679673185,FACTURA,False,0.655913544427957,FACTURA,False,0.7359305822275357,FACTURA,False
7F7A01F689D121007DF3C9E807D55E966E785B4D8CAABB94AD8FBA25C27225F4,Z001023384920.pdf,FACTURA,FACTURA,QR_ARCA_STRONG,F-EE08C7103D2458E54189,0,0.790154895565137,FACTURA,False,0.7454282605317646,FACTURA,False,0.8348009739666268,FACTURA,False
7F89F980F4355D93CED4B57BBB7F5AC404B25E081962D20F5702B8764B4066DB,Z001023268011.pdf,FACTURA,FACTURA,QR_ARCA_STRONG,F-EE08C7103D2458E54189,0,0.7878623075142015,FACTURA,False,0.7141923603105288,FACTURA,False,0.8221556408979751,FACTURA,False
7FCBBC7B3E14E41EFA2F05C0FFC31F73B74BE9AA4754A639AD303E1AB0092CCE,Z001023337600.pdf,OTRO_DOCUMENTO,OTRO_DOCUMENTO,QR_ARCA_STRONG,F-FACD83D8B4281A05571A,1,0.35921248371365616,OTRO_DOCUMENTO,False,0.39613206496241965,OTRO_DOCUMENTO,False,0.3466417275659341,OTRO_DOCUMENTO,False
804CDD532AB841FFEB1AD54F73379984FF6D48BEA5D7D4C710BDFB9B1CCA822E,Z001023384952.pdf,FACTURA,FACTURA,QR_ARCA_STRONG,F-463F5D66BCFC1B95B4F2,3,0.7479907139901631,FACTURA,False,0.7063239210843331,FACTURA,False,0.7894683808294869,FACTURA,False
80732A4F36964981412868A390392C3815A1B52925CB95D50E3226B76C2D868D,Z001023338060.pdf,FACTURA,FACTURA,QR_ARCA_STRONG,F-FACD83D8B4281A05571A,1,0.7386197580870271,FACTURA,False,0.6402212386209613,FACTURA,False,0.7549938842931568,FACTURA,False
807889899EF0AE2BC479CE4CBA9EAE6C794B3C60373BD877FCA07C69C07B7AE3,Z001023266918.pdf,FACTURA,FACTURA,QR_ARCA_STRONG,F-6F5CAF1E1AEEB43C5486,2,0.7818942557422085,FACTURA,False,0.7359247595068573,FACTURA,False,0.827178656310691,FACTURA,False
812B96A5165903BD78FF38B2AEF1A1F19C9B7A918FD69D7C7971BA8AE6D2271D,Z001023283868.pdf,FACTURA,FACTURA,QR_ARCA_STRONG,F-FACD83D8B4281A05571A,1,0.6758773300619844,FACTURA,False,0.6620056651797511,FACTURA,False,0.7239420737354568,FACTURA,False
8173874885C059C33DCA43BD63631C379C8D8408C5FE4DD2A0159D6AE80E554E,Z001023410431.pdf,FACTURA,FACTURA,QR_ARCA_STRONG,F-FACD83D8B4281A05571A,1,0.6994954978119438,FACTURA,False,0.658909237329412,FACTURA,False,0.7395550891260438,FACTURA,False
817AEA31523ADF117C9475551788C73D2777CC744CB01A2044FF86D6CF7511A0,Z001023384973.pdf,FACTURA,FACTURA,QR_ARCA_STRONG,F-463F5D66BCFC1B95B4F2,3,0.7421775269401371,FACTURA,False,0.6879124615745043,FACTURA,False,0.7759167418758814,FACTURA,False
8193A4E9A6585242D05EB8ACF18447F4336689F1967F687D954668A223E10FEF,Z001023454440.pdf,FACTURA,FACTURA,QR_ARCA_STRONG,F-463F5D66BCFC1B95B4F2,3,0.7424197648103038,FACTURA,False,0.6853020526938695,FACTURA,False,0.7765161429766035,FACTURA,False
81C269CBD63398D8276C6BEED2874474C81506277DEFB3D4495032D773F4409C,Z001023336648.pdf,FACTURA,FACTURA,OCR_STRONG,F-608FD94169B4B9CD50E2,2,0.7874458122124564,FACTURA,False,0.7726618884988024,FACTURA,False,0.8439711329771278,FACTURA,False
823B928CB06F23FDBB1AE300E298EA833F0F8F0F97330FE12A9934EBE349195E,Z001023385026.pdf,FACTURA,FACTURA,QR_ARCA_STRONG,F-FACD83D8B4281A05571A,1,0.7248669353334208,FACTURA,False,0.7006749775159308,FACTURA,False,0.773583716120365,FACTURA,False
82876378F7B9F89F134D15F817A4672D52B26BB9F047FDA734201116486A0AF7,Z001023350940.pdf,FACTURA,FACTURA,QR_ARCA_STRONG,F-A69FDECE53AB69CF1845,2,0.7191839581999894,FACTURA,False,0.6043107348723818,FACTURA,False,0.7352643648857478,FACTURA,False
8297067AEF748F2AF13EAE298A7873C99F19F88F467DEAAAF71FBE64554AC1C9,Z001023478285.pdf,FACTURA,FACTURA,QR_ARCA_STRONG,F-F47775882EC65DC9A64C,2,0.7016603100646689,FACTURA,False,0.6041712433213209,FACTURA,False,0.7158719216688082,FACTURA,False
82DF3F8548CD5894DD8BEA097182919DA8979018C3B51829AE23AC9FA75C0BE7,Z001023422111.pdf,FACTURA,FACTURA,QR_ARCA_STRONG,F-FACD83D8B4281A05571A,1,0.7040909834003226,FACTURA,False,0.6806875522997302,FACTURA,False,0.757047648179171,FACTURA,False
83814C2B24AE7A9CBB3110CF8C52F97E83B59540DDC596AF8F9A34DF483EAA65,Z001023305803.pdf,FACTURA,FACTURA,QR_ARCA_STRONG,F-EE08C7103D2458E54189,0,0.7889318365802899,FACTURA,False,0.7228275180043426,FACTURA,False,0.825315328009409,FACTURA,False
83E0306FF5707DBDEBFC9AD88A3634DF1D24B33FAA5A733B74A629090F74A53D,Z001023243348.pdf,FACTURA,FACTURA,EXISTING_GROUND_TRUTH,F-CD94A06EDDC7590F7145,2,0.6654329817437522,FACTURA,False,0.61161183841242,FACTURA,False,0.7081381237090663,FACTURA,False
8403289C618F5FEA6E985FE98C6A3F52D541EE0C6ADDA9901EA9F9CD942A1352,Z001023478161.pdf,FACTURA,FACTURA,QR_ARCA_STRONG,F-FACD83D8B4281A05571A,1,0.7701804675673853,FACTURA,False,0.657038998837138,FACTURA,False,0.7860045154923834,FACTURA,False
842594336FD1FDF9801D6F0769960B24152213A2368F5E5E330F898639CCCB13,Z001023410662.pdf,OTRO_DOCUMENTO,NOTA_DEBITO,QR_ARCA_STRONG,F-2225E7482E0C1A2CF093,2,0.6519693708140354,FACTURA,True,0.6991266641893632,FACTURA,True,0.7028399530505385,FACTURA,True
849C6ED1AD7AF7C311AB235C076CE496C3E2C6EDDC49C89E71131948C2006E88,Z001023266244.pdf,FACTURA,FACTURA,QR_ARCA_STRONG,F-77DF7B7AF18627AF7CC8,2,0.7776204572744282,FACTURA,False,0.6549446914545771,FACTURA,False,0.7860087247222776,FACTURA,False
851F61E61DFAAF6BC623C446119DBAD3DAF975D0610ED36513CD523A63CD0CAA,Z001023267237.pdf,FACTURA,FACTURA,QR_ARCA_STRONG,F-127BD2FBDD2CC031C0FE,2,0.896026033560806,FACTURA,False,0.8841237729739766,FACTURA,False,0.93177850713706,FACTURA,False
856894AA5FE2533859664CB6A42A38E20E75D671519947D7D1CB319D0C15FA12,Z001023422220.pdf,FACTURA,FACTURA,QR_ARCA_STRONG,F-FACD83D8B4281A05571A,1,0.6809699677211114,FACTURA,False,0.6390868911048072,FACTURA,False,0.7173773701716889,FACTURA,False
85D09583CD00F06641312ABE16A8461DECE1C4F6A1772729A662E7DD2583D322,Z001023305797.pdf,FACTURA,FACTURA,QR_ARCA_STRONG,F-EE08C7103D2458E54189,0,0.6471713803303533,FACTURA,False,0.5633446235749168,FACTURA,False,0.6348725918686825,FACTURA,False
85D52AFF44CBF04ED95630DCC02108C8ABACF6CA5F68BDB19D81EA8EA045AB8C,Z001023321408.pdf,FACTURA,FACTURA,QR_ARCA_STRONG,F-A69FDECE53AB69CF1845,2,0.719617686353536,FACTURA,False,0.6031410056330635,FACTURA,False,0.7346857601516193,FACTURA,False
85E85EF47B9912751729A2A2423C70CF214EEEBA2C81376F2AB82802F5F6AC0B,Z001023478147.pdf,FACTURA,FACTURA,QR_ARCA_STRONG,F-463F5D66BCFC1B95B4F2,3,0.7997605967513429,FACTURA,False,0.7510815665500677,FACTURA,False,0.8330482902607078,FACTURA,False
864D7CD058492007F2D3B2F0D08B81E87778572F0731A9311D65D955C84E3BFD,Z001023385197.pdf,FACTURA,FACTURA,QR_ARCA_STRONG,F-DA3D3ACC13A5AA5E9C71,3,0.8541894390161335,FACTURA,False,0.6592516903246849,FACTURA,False,0.853796611130586,FACTURA,False
8662F4458951ACE801108DAF219E3855DB8F31FB6AC3684BE32913EE951852DE,Z001023466679.pdf,FACTURA,FACTURA,QR_ARCA_STRONG,F-6F5CAF1E1AEEB43C5486,2,0.7599483710424445,FACTURA,False,0.7310855914741464,FACTURA,False,0.80620604088114,FACTURA,False
86CF42382B6E9AD770AEC0D3AE61798DC0A5D85C59C8C47E0C5A267158045370,Z001023422398.pdf,FACTURA,FACTURA,QR_ARCA_STRONG,F-FACD83D8B4281A05571A,1,0.7354633837834123,FACTURA,False,0.6696275175053893,FACTURA,False,0.7687059521672528,FACTURA,False
86F129C9F1A4A0BE0F30584A7B67D699707FA49D79769BBD4338B0601FA55D0F,Z001023436136.pdf,FACTURA,FACTURA,OCR_STRONG,F-A63645627CE2D9A75BE5,3,0.754906837530549,FACTURA,False,0.7536103257310895,FACTURA,False,0.8150064867259937,FACTURA,False
870954EEF89AD892FD71524CB79D21979BD74318277339C21A2F4E388F06341B,Z001023321060.pdf,FACTURA,FACTURA,QR_ARCA_STRONG,F-FACD83D8B4281A05571A,1,0.7407482324792627,FACTURA,False,0.6828350593727682,FACTURA,False,0.7767317555126149,FACTURA,False
87B98EFA5585D960ED2FDD4D68C403CDC07905085C906C38415492B984527BA2,Z001023283898.pdf,FACTURA,FACTURA,QR_ARCA_STRONG,F-463F5D66BCFC1B95B4F2,3,0.7043643727726396,FACTURA,False,0.6446535263517101,FACTURA,False,0.728805289868523,FACTURA,False
87FB307AC4DDE601D5A4AF49775D540AF75DA22DDB8316C3B3391F8A7C8007DF,Z001023266942.pdf,FACTURA,FACTURA,QR_ARCA_STRONG,F-4426261E80B33B17CD1D,3,0.760553530528103,FACTURA,False,0.7611921302009503,FACTURA,False,0.8232466482870342,FACTURA,False
8804BD85592572AD09BC337FBB10D3AF7DAAE81F939A9ADE2BCAE8B43DBCFEC3,Z001023385824.pdf,FACTURA,FACTURA,QR_ARCA_STRONG,F-EE08C7103D2458E54189,0,0.755672572365281,FACTURA,False,0.6756189730472149,FACTURA,False,0.7850116899638956,FACTURA,False
8826A97C92D5F3C316493C87C2DE5C5E4F8EFC96A246003EED5011A5DCE39E90,Z001023267405.pdf,FACTURA,FACTURA,QR_ARCA_STRONG,F-EE08C7103D2458E54189,0,0.7797567111053738,FACTURA,False,0.7224704550012052,FACTURA,False,0.8200142213753682,FACTURA,False
883D67D2E7D0D4EE090C399C04207B516666CE7ACC6FC11E60DB07523F6763F9,Z001023243738.pdf,FACTURA,FACTURA,OCR_STRONG,F-A9B670855B09AE1DC9A7,0,0.7659885684478073,FACTURA,False,0.7148480093790227,FACTURA,False,0.8086624142242992,FACTURA,False
8917BAA13BA61484647B999B3C2D3D200AAFA5D1966DAB78A37658F450646190,Z001023466514.pdf,FACTURA,FACTURA,OCR_STRONG,F-52A8D3E535639BC9066E,2,0.7152491289127972,FACTURA,False,0.7107286654503598,FACTURA,False,0.791011726459778,FACTURA,False
891B855C542CC48F533E16D15BF00298CF02C5AC66F8D05FB5ACEB99035D63DF,Z001023283701.pdf,FACTURA,FACTURA,QR_ARCA_STRONG,F-EE08C7103D2458E54189,0,0.742969711447442,FACTURA,False,0.6317640060765684,FACTURA,False,0.7556548928922473,FACTURA,False
89928C1E1B667DF89D8DDE754377437390B3A7A7FE61EC4FF5E54F03662DA5B9,Z001023321056.pdf,FACTURA,FACTURA,QR_ARCA_STRONG,F-EE08C7103D2458E54189,0,0.7655230630011932,FACTURA,False,0.6908230363071582,FACTURA,False,0.8031651764197365,FACTURA,False
89CD8A66DBF9038B0A5FB43B087E7D847FFD18F69247614B77516C71D08316A9,Z001023283803.pdf,FACTURA,FACTURA,OCR_STRONG,F-236B043AC3F54D78C0B5,2,0.7120018608491655,FACTURA,False,0.477068872334507,OTRO_DOCUMENTO,True,0.6390640320696493,FACTURA,False
8A16B64A261F811B055D7C178CEFC6DE556D9EA6E4F88FAE4906ED7DF4A17D8D,Z001023336576.pdf,FACTURA,FACTURA,QR_ARCA_STRONG,F-6F5CAF1E1AEEB43C5486,2,0.7801598444631879,FACTURA,False,0.7735738495988309,FACTURA,False,0.8435899621152754,FACTURA,False
8A228DDBA1F27361B5E55C9A16414705BCB0DEFFF0F67CDC125BF5BFC309A446,Z001023267149.pdf,FACTURA,FACTURA,OCR_STRONG,F-5C921C794595E71A586A,2,0.7019149015512142,FACTURA,False,0.6733636459838616,FACTURA,False,0.7621898439980948,FACTURA,False
8A57624FA0DD67FCE961474222F97F11BF484B659983C5DC45887E7449E274EA,Z001023242295.pdf,FACTURA,FACTURA,QR_ARCA_STRONG,F-FACD83D8B4281A05571A,1,0.7661330597496784,FACTURA,False,0.699604245682174,FACTURA,False,0.800013852693788,FACTURA,False
8A57CD9F3C877DF1239DA0B0C738D1B54278710B0EEBFD2C0ACAAC2814D57B99,Z001023410768.pdf,FACTURA,FACTURA,QR_ARCA_STRONG,F-FACD83D8B4281A05571A,1,0.714465149645662,FACTURA,False,0.6804590197431726,FACTURA,False,0.7597964272766761,FACTURA,False
8A91BE697504E72D00894ED70CB136CFB447C037BEE877608EEE320D6097072C,Z001023435604.pdf,FACTURA,FACTURA,OCR_STRONG,F-463F5D66BCFC1B95B4F2,3,0.7768351077431582,FACTURA,False,0.7414651018649006,FACTURA,False,0.8227198876487848,FACTURA,False
8AE6ECF9E7191B268BD8768575C99C1FAFBF4144627829B39D8BAC3B492D0CC0,Z001023243458.pdf,FACTURA,FACTURA,QR_ARCA_STRONG,F-BF67793A8E4CE989ED42,0,0.790936822036097,FACTURA,False,0.7272912714855498,FACTURA,False,0.8286259237632273,FACTURA,False
8BB9D2636F55F41E4CB1CD002B4DBEBD24F0787A984AEF0D6EDDA69E4FA31FB3,Z001023266215.pdf,FACTURA,FACTURA,OCR_STRONG,F-73AB37D8D5F65AA437FE,3,0.7764231808006237,FACTURA,False,0.7918373677424343,FACTURA,False,0.8476465169611945,FACTURA,False
8C45A084C0817A7DE45795105801B0C920364BC89F5DEB24DC52FEEF4BC7F17B,Z001023321159.pdf,FACTURA,FACTURA,QR_ARCA_STRONG,F-EE08C7103D2458E54189,0,0.8096055105693541,FACTURA,False,0.7413602887221571,FACTURA,False,0.8449990994294971,FACTURA,False
8C634F1729311C6FB2EAAD3576538AD1DB5FD4A53E696C4CE0CDA7E48A9765D8,Z001023306147.pdf,FACTURA,FACTURA,QR_ARCA_STRONG,F-6F5CAF1E1AEEB43C5486,2,0.7629805257054786,FACTURA,False,0.7552469915644245,FACTURA,False,0.8220609273730829,FACTURA,False
8C890D179D935AA3A1AE6E7063C8092384A4776D5709A94D6FDA0BE102F7DF46,Z001023305688.pdf,FACTURA,FACTURA,QR_ARCA_STRONG,F-EE08C7103D2458E54189,0,0.803294028837787,FACTURA,False,0.7494216513496562,FACTURA,False,0.8431153747756436,FACTURA,False
8CAAFE798C6ACB7B58901EB74CAB329FA4B7ABA8669B73976F3978ED6F448F62,Z001023350415.pdf,FACTURA,FACTURA,OCR_STRONG,F-DCC01CD6C3861C7E4C3E,3,0.771214503406645,FACTURA,False,0.7476090134497462,FACTURA,False,0.8233889472390626,FACTURA,False
8CAFBC6765404E297608AB4687884CA06F82332097FF1D3E8B9313AD1ADD5A88,Z001023284845.pdf,FACTURA,FACTURA,QR_ARCA_STRONG,F-6F5CAF1E1AEEB43C5486,2,0.6945485119817802,FACTURA,False,0.7321113121054025,FACTURA,False,0.7708456000605189,FACTURA,False
8D4BA8C2CAC074E0F38FB7DC6F25F1E69D2F7AD95506AFB37797512AF3CD9B63,Z001023385164.pdf,FACTURA,FACTURA,QR_ARCA_STRONG,F-EE08C7103D2458E54189,0,0.7676962574807747,FACTURA,False,0.6639944280556986,FACTURA,False,0.7871953748227947,FACTURA,False
8DFA8CB9798CCF19F9BAF04C59F34058782E3DE9FF9A2EAB2E22F1B12D8AE149,Z001023321058.pdf,FACTURA,FACTURA,QR_ARCA_STRONG,F-463F5D66BCFC1B95B4F2,3,0.7396717397175193,FACTURA,False,0.6666164578676427,FACTURA,False,0.7619517339839795,FACTURA,False
8E35C151859E5F6C0FE0F2832287604CE4EB800330CF83D4885A59869028FF43,Z001023455166.pdf,OTRO_DOCUMENTO,OTRO_DOCUMENTO,QR_ARCA_STRONG,F-FACD83D8B4281A05571A,1,0.37171644190123326,OTRO_DOCUMENTO,False,0.4177010996885153,OTRO_DOCUMENTO,False,0.36759202323375284,OTRO_DOCUMENTO,False
8F110C4D92620DF0FF6B33FB5FE308E4DEB7C4A477D0C93B9A21E85AAED5B672,Z001023267213.pdf,FACTURA,FACTURA,QR_ARCA_STRONG,F-463F5D66BCFC1B95B4F2,3,0.8032372710914055,FACTURA,False,0.7432472901397008,FACTURA,False,0.8311243836514992,FACTURA,False
8F129D3C66E622121981D62EB4000AED739CC876C6DE502C2BE0EF424E12BDE8,Z001023337303.pdf,FACTURA,FACTURA,QR_ARCA_STRONG,F-FACD83D8B4281A05571A,1,0.7399597563449108,FACTURA,False,0.6664265197046356,FACTURA,False,0.7731586910530012,FACTURA,False
8F9645E839D86DD3DA6DAD4B15036B8EE5B0918947E0C81D178CB952F2B2BE1C,Z001023466217.pdf,FACTURA,FACTURA,QR_ARCA_STRONG,F-EE08C7103D2458E54189,0,0.7238664258023493,FACTURA,False,0.6602696105005378,FACTURA,False,0.7533137466356656,FACTURA,False
902E6570382C0FCC9D1AADCD56160F3B5E37DBF6EE4E82A32701D131CB87AA73,Z001023478142.pdf,FACTURA,FACTURA,PDF_TEXT_STRONG,F-EFE6E9C595B24436566B,3,0.6616067427302774,FACTURA,False,0.6674253754224122,FACTURA,False,0.7237356766371866,FACTURA,False
90A1BB6EE9300C81CBFEFC314D0981DAD827FCDD8D8E320E600B069A8E91E2CD,Z001023283880.pdf,FACTURA,FACTURA,QR_ARCA_STRONG,F-EE08C7103D2458E54189,0,0.7019229844250356,FACTURA,False,0.5736706584403302,FACTURA,False,0.6997875606786054,FACTURA,False
910FBAEDB8A90071E399EA9EDD55831BA2A6C779D9DAD241867BBACA82768A4A,Z001023283875.pdf,FACTURA,FACTURA,QR_ARCA_STRONG,F-EE08C7103D2458E54189,0,0.7427931193536622,FACTURA,False,0.6523187984795125,FACTURA,False,0.769540713901089,FACTURA,False
917A02EE1496F0E6D19856E7F97EE8DD8F58D96DF995059690653F6D30B19708,Z001023306143.pdf,FACTURA,FACTURA,QR_ARCA_STRONG,F-FACD83D8B4281A05571A,1,0.7482202095367549,FACTURA,False,0.6884274329906312,FACTURA,False,0.7841961791074687,FACTURA,False
91EF6960EEF82A58B41B31F3850C800E27EE8460970F884F1236ABB48F0F1FCC,Z001023467657.pdf,FACTURA,FACTURA,QR_ARCA_STRONG,F-FACD83D8B4281A05571A,1,0.7264051222840331,FACTURA,False,0.668206877148178,FACTURA,False,0.7613220318761863,FACTURA,False
920E2C2CFAD19BCFEF234DE870443978D3779498399D7AE818167099775D713A,Z001023454617.pdf,FACTURA,FACTURA,QR_ARCA_STRONG,F-EE08C7103D2458E54189,0,0.7947877615240747,FACTURA,False,0.714398785668422,FACTURA,False,0.828037197734972,FACTURA,False
92233BB1C2523E96C1A5F3CC8390A7507D1776004268A5C883287CB5670AEA94,Z001023242554.pdf,FACTURA,FACTURA,QR_ARCA_STRONG,F-EE08C7103D2458E54189,0,0.7692904944903886,FACTURA,False,0.668445382828588,FACTURA,False,0.7914073363231074,FACTURA,False
92914214759A1969F8F6DA6FC3EAF436EEC02704E5B3141C282C9D183B15D2BC,Z001023242560.pdf,FACTURA,FACTURA,EXISTING_GROUND_TRUTH,F-EE08C7103D2458E54189,0,0.7719702329038755,FACTURA,False,0.6694929564471406,FACTURA,False,0.7980733063551132,FACTURA,False
929808BE7D3DFA364E40A52C21EEE8C6195BCB4B2724BB30F5EA0E99E2964963,Z001023306226.pdf,FACTURA,FACTURA,QR_ARCA_STRONG,F-780F613365E9FD4576C4,2,0.7289167116694182,FACTURA,False,0.7095267994549567,FACTURA,False,0.7770906138144358,FACTURA,False
92BFEC9ECE7286787335775B1094ECFCB2C3109923B99EA70FEF48F100F7824F,Z001023266876.pdf,FACTURA,FACTURA,QR_ARCA_STRONG,F-EE08C7103D2458E54189,0,0.7858050405382527,FACTURA,False,0.7153850499730103,FACTURA,False,0.8199491747785117,FACTURA,False
92EBBA53AD3476EC888E5D47534BFF0E73C340F8D58B63A2718AE92B6F7EAA21,Z001023243072.pdf,FACTURA,FACTURA,QR_ARCA_STRONG,F-EE08C7103D2458E54189,0,0.7950336457552726,FACTURA,False,0.7084299217010473,FACTURA,False,0.8242592642981897,FACTURA,False
93036EEF1A8A5CF4FE20C745C5AAAB528059A8F2492D3A7BDA905B3194023657,Z001023410380.pdf,FACTURA,FACTURA,OCR_STRONG,F-7D0D437DDC69268FCFC4,3,0.7848256484963382,FACTURA,False,0.6758230586339417,FACTURA,False,0.8105917568450745,FACTURA,False
9333843B9DBB69A2C5494D92C99720C003D8A7CC226D80A64758BFF00A433279,Z001023366207.pdf,FACTURA,FACTURA,QR_ARCA_STRONG,F-463F5D66BCFC1B95B4F2,3,0.7258200528608879,FACTURA,False,0.6754673644962572,FACTURA,False,0.7579362890748704,FACTURA,False
93946044DD9FBAB870A7B410A3C51061CF64CE6D44FB8D63266CAFD138D5D539,Z001023385696.pdf,FACTURA,FACTURA,QR_ARCA_STRONG,F-AB9C3DF0812F557CBA1C,2,0.7011143479021116,FACTURA,False,0.6311212394803078,FACTURA,False,0.7352223580575615,FACTURA,False
93AA062D25DF63997A23155F5E7F14BEFDB6D08912A599345AF02B12FB9F12A9,Z001023478143.pdf,FACTURA,FACTURA,PDF_TEXT_STRONG,F-EFE6E9C595B24436566B,3,0.6848678620511013,FACTURA,False,0.690626983479062,FACTURA,False,0.7478255227149899,FACTURA,False
94C119398ED5B3AFEA5B60477FD47392E3AC13E10251C94531B1DB8A1E0A6C12,Z001023306248.pdf,FACTURA,FACTURA,QR_ARCA_STRONG,F-FACD83D8B4281A05571A,1,0.7170069987272848,FACTURA,False,0.6345248861146361,FACTURA,False,0.733082643074956,FACTURA,False
94F26C21757B539524ED76AA64629C18F390F9D0C9D4ABBBF5AF6484C0FC7528,Z001023435540.pdf,FACTURA,FACTURA,QR_ARCA_STRONG,F-6F5CAF1E1AEEB43C5486,2,0.7700070228171016,FACTURA,False,0.7580003981277733,FACTURA,False,0.8292969306415495,FACTURA,False
95163FEC1BD2F3B4D199C764E42F2B6343270AAC8E142CBF8A7CEC976D87FE34,Z001023266253.pdf,FACTURA,FACTURA,QR_ARCA_STRONG,F-EE08C7103D2458E54189,0,0.788979424099256,FACTURA,False,0.7204878809613181,FACTURA,False,0.8272454476098832,FACTURA,False
95506FC26A8105240416CB0915A50736B594090DDC122EDF482039DCEDC947B8,Z001023283741.pdf,FACTURA,FACTURA,QR_ARCA_STRONG,F-EE08C7103D2458E54189,0,0.7336572235434328,FACTURA,False,0.7107382336018755,FACTURA,False,0.7836286422714063,FACTURA,False
9596624061FEBDAE035772A32CC975D358B4BAA9C1833EE21ADB485E2B0B06D3,Z001023266251.pdf,FACTURA,FACTURA,QR_ARCA_STRONG,F-EE08C7103D2458E54189,0,0.7760705967931352,FACTURA,False,0.6970220529540991,FACTURA,False,0.8105252821583651,FACTURA,False
95AF2B3D9E304F20830DD6D2986A230CE395D8B5FDA0B8BBC25E9B9E712B11AE,Z001023423284.pdf,OTRO_DOCUMENTO,NOTA_CREDITO,QR_ARCA_STRONG,F-2225E7482E0C1A2CF093,2,0.6027426265677533,FACTURA,True,0.6972251137867617,FACTURA,True,0.6615927730987068,FACTURA,True
963E9941D8D3A90BDACCFDDA949B7EEDD535A2ED456FA063B67893EC4D759786,Z001023242559.pdf,FACTURA,FACTURA,EXISTING_GROUND_TRUTH,F-EE08C7103D2458E54189,0,0.7412898908688297,FACTURA,False,0.7373157606756061,FACTURA,False,0.7991064465324194,FACTURA,False
96E5DB8CB4E34D8387F0D1C5DFDB2FC75F190834A0060BAE5C85B04C3E6828A2,Z001023351267.pdf,FACTURA,FACTURA,PDF_TEXT_STRONG,F-2D5EBBA8FDC9D9E26FC3,3,0.7671536410709943,FACTURA,False,0.7711192783771169,FACTURA,False,0.8286070856422014,FACTURA,False
9723AA331B89D1BB3AA42628C6D4FA1453C8ADB972AAC5EF26D433E659A76C2E,Z001023410636.pdf,FACTURA,FACTURA,QR_ARCA_STRONG,F-6F5CAF1E1AEEB43C5486,2,0.6988269536927905,FACTURA,False,0.7198475113101263,FACTURA,False,0.7683775361753209,FACTURA,False
9768F6CDE07116724DC86D4402184228B3963B7212E3287188A4EF9420F3498B,Z001023306224.pdf,FACTURA,FACTURA,QR_ARCA_STRONG,F-EE08C7103D2458E54189,0,0.7749650064677484,FACTURA,False,0.6679305929418453,FACTURA,False,0.7956625421271307,FACTURA,False
97EF8934F37425A7635624C8A636DD08FAEC908D41213138991513DAB7E1CD95,Z001023410762.pdf,FACTURA,FACTURA,QR_ARCA_STRONG,F-FACD83D8B4281A05571A,1,0.5689509225360504,FACTURA,False,0.4599106264742137,OTRO_DOCUMENTO,True,0.5359104040595581,FACTURA,False
97F4874BE79DAC5C72D00B028F6DCBA5564049CA077E6301C7AB4AAD37088BC2,Z001023467586.pdf,FACTURA,FACTURA,QR_ARCA_STRONG,F-EE08C7103D2458E54189,0,0.7625762590720736,FACTURA,False,0.6886851314333525,FACTURA,False,0.7921816614591924,FACTURA,False
9801EA3DCCCCE81A20C1A1FCA6BD057BE02056D5F6AF7568416C159F8EA6F42C,Z001023337601.pdf,OTRO_DOCUMENTO,OTRO_DOCUMENTO,QR_ARCA_STRONG,F-FACD83D8B4281A05571A,1,0.349607006153218,OTRO_DOCUMENTO,False,0.3947781406806156,OTRO_DOCUMENTO,False,0.3379818216582653,OTRO_DOCUMENTO,False
983D750D5EF18AC380DF1970A9338EF482746FD22CD81031BB2DD981CB738ED0,Z001023266853.pdf,FACTURA,FACTURA,QR_ARCA_STRONG,F-6F5CAF1E1AEEB43C5486,2,0.7452573636921798,FACTURA,False,0.7073367355382795,FACTURA,False,0.7889343384589059,FACTURA,False
9857D4FCBA430BA90EA4E715013F3C02EBAE08FA6C857E1E859CBF2BA9341BAA,Z001023384987.pdf,FACTURA,FACTURA,QR_ARCA_STRONG,F-EE08C7103D2458E54189,0,0.722997098252111,FACTURA,False,0.6535159752188361,FACTURA,False,0.7482669363140871,FACTURA,False
9893646420FB567085B74B4A937F0D07B988E41AE80615EEA9A62DBEED6CDEB1,Z001023321693.pdf,OTRO_DOCUMENTO,OTRO_DOCUMENTO,QR_ARCA_STRONG,F-FACD83D8B4281A05571A,1,0.3990954365888161,OTRO_DOCUMENTO,False,0.4166614222285548,OTRO_DOCUMENTO,False,0.3856340049493348,OTRO_DOCUMENTO,False
98A548702408FF5D0DB0A54BEE501A1D25F8C84FFE702021E9855B960A54E722,Z001023242876.pdf,FACTURA,FACTURA,QR_ARCA_STRONG,F-EE08C7103D2458E54189,0,0.8033052960966413,FACTURA,False,0.7080966661443752,FACTURA,False,0.8297699911975717,FACTURA,False
98BFC5FBFD9E19FD42CD4283A46B1DEE806AC72DEE45AC0FA82BD83E7889FA01,Z001023422215.pdf,FACTURA,FACTURA,OCR_STRONG,F-3425847B1228DCB1FFC6,1,0.7123581163119297,FACTURA,False,0.6547982368758857,FACTURA,False,0.7610545003804667,FACTURA,False
9932F1579D3D31F9152C31290BB269430324462F86D6E6DB78C53961C9700F23,Z001023337430.pdf,FACTURA,FACTURA,QR_ARCA_STRONG,F-F2B443493003CF983276,3,0.781561421372482,FACTURA,False,0.8356347174564838,FACTURA,False,0.8743981805404395,FACTURA,False
9945BBDC4DD33F425D4878C2F17FD844168E1F483FE51F229EF5A019C7E4AFB6,Z001023466171.pdf,FACTURA,FACTURA,QR_ARCA_STRONG,F-EE08C7103D2458E54189,0,0.7396290107827651,FACTURA,False,0.5877707496310015,FACTURA,False,0.7322435121040773,FACTURA,False
9A3FC7437BBDF8BFE19FD65198BFA9BE76A63DE5BC8E0AC1CEFB3E77373FF816,Z001023266916.pdf,FACTURA,FACTURA,QR_ARCA_STRONG,F-EE08C7103D2458E54189,0,0.822784960432432,FACTURA,False,0.7260697725149141,FACTURA,False,0.8472090506988101,FACTURA,False
9A4E64C46A21F76C881907BBE1648F5700C42A24EFCB8257BA7244BB01A0CBA9,Z001023351390.pdf,FACTURA,FACTURA,QR_ARCA_STRONG,F-6F5CAF1E1AEEB43C5486,2,0.7085589736445382,FACTURA,False,0.7351863875507446,FACTURA,False,0.7763383675132859,FACTURA,False
9A9BB0F6EBA54E0D0C25731245270AB989933DF8900A72CE130827CA53B2B37C,Z001023283745.pdf,FACTURA,FACTURA,QR_ARCA_STRONG,F-EE08C7103D2458E54189,0,0.8033339146562419,FACTURA,False,0.7355365386151143,FACTURA,False,0.8399360970841361,FACTURA,False
9AABED26F462B478F277F7E592AA3983B2B9DA888D474F4C93B7A6CEC27AC52F,Z001023306105.pdf,FACTURA,FACTURA,QR_ARCA_STRONG,F-FACD83D8B4281A05571A,1,0.7136981063650926,FACTURA,False,0.6680995219062383,FACTURA,False,0.752267944843496,FACTURA,False
9AAED50A220E4A59ABBF846248504B1D06023155CCF6AE05B285763B532811D2,Z001023306250.pdf,FACTURA,FACTURA,QR_ARCA_STRONG,F-FACD83D8B4281A05571A,1,0.7091958735306326,FACTURA,False,0.6655599908630869,FACTURA,False,0.7518441290636461,FACTURA,False
9B05799CEE418B6AD0B0876E23A97CDFF1A952C1D031EEA3D6672EABE7EE762E,Z001023423180.pdf,FACTURA,FACTURA,QR_ARCA_STRONG,F-FACD83D8B4281A05571A,1,0.7338125521920672,FACTURA,False,0.6878560438503492,FACTURA,False,0.777564078414898,FACTURA,False
9B82B28BDD8F2617C32E1D8C71705EC2AFC2FCAC71747661CA85C65B08D4C6A5,Z001023266213.pdf,FACTURA,FACTURA,QR_ARCA_STRONG,F-EE08C7103D2458E54189,0,0.798525109417014,FACTURA,False,0.7118929697662161,FACTURA,False,0.8294265832805723,FACTURA,False
9B84CC3980E75FFDADA63A4445C66561B2DA457969B183C72D13ABA914AC9F92,Z001023423305.pdf,FACTURA,FACTURA,QR_ARCA_STRONG,F-19E3E2219E79C363F63F,0,0.7744186537620412,FACTURA,False,0.7467493045193969,FACTURA,False,0.8180451356959206,FACTURA,False
9C18A5DF27D90556C236651C9E32EE1BD4DAD8D191218BBE8F932CF45131DB46,Z001023467448.pdf,FACTURA,FACTURA,QR_ARCA_STRONG,F-6F5CAF1E1AEEB43C5486,2,0.7153993126748804,FACTURA,False,0.6643286307811193,FACTURA,False,0.7473966400656874,FACTURA,False
9D89F0FF0433FB4667E9F658F85408E09DB8586C1753019CD4818FCF59108DD4,Z001023423306.pdf,FACTURA,FACTURA,QR_ARCA_STRONG,F-19E3E2219E79C363F63F,0,0.7847049069120768,FACTURA,False,0.6998219764280673,FACTURA,False,0.8006426012383284,FACTURA,False
9DDDFEA33E7D9998B202D66E6E3A87FD499E8288F62B8673B1F40A66CF8D51C9,Z001023305698.pdf,FACTURA,FACTURA,QR_ARCA_STRONG,F-FACD83D8B4281A05571A,1,0.7419466864811712,FACTURA,False,0.6901977814886604,FACTURA,False,0.7818355136774566,FACTURA,False
9DF67317E84209D40CCA4D2D55047395A7C689394841DA25A86EA70932197DE8,Z001023385020.pdf,FACTURA,FACTURA,QR_ARCA_STRONG,F-EE08C7103D2458E54189,0,0.7972337472601364,FACTURA,False,0.7431461645063534,FACTURA,False,0.8396316415180831,FACTURA,False
9EB38CEA6E16E710A4E5B014188A0DC4835DD1FBAA413A03598D80E848C1387C,Z001023305676.pdf,FACTURA,FACTURA,QR_ARCA_STRONG,F-6F5CAF1E1AEEB43C5486,2,0.7523553843018065,FACTURA,False,0.7382875745046187,FACTURA,False,0.8075630927702296,FACTURA,False
9F1FAB628AC6821BA46DC7E63EBA5FA271E91CA180DD9522615BEC3B8D3F396D,Z001023321064.pdf,FACTURA,FACTURA,OCR_STRONG,F-D9558DFA49CDFA0EC574,1,0.7114296864083611,FACTURA,False,0.7778755203572806,FACTURA,False,0.8222435414648609,FACTURA,False
9F20D5A914501086136BFED9B88E8DC91452B65E0BB36A48060A33152C56A332,Z001023268014.pdf,FACTURA,FACTURA,QR_ARCA_STRONG,F-FACD83D8B4281A05571A,1,0.6831838553713839,FACTURA,False,0.6679247892020133,FACTURA,False,0.7327070723925692,FACTURA,False
9F3EE50DB8332F50B686622FE67CF9DA5389B73AF85744453A7B53B450F624E6,Z001023422276.pdf,FACTURA,FACTURA,OCR_STRONG,F-3011CA8E0F20D09184FC,2,0.7523004641320064,FACTURA,False,0.478210622769653,OTRO_DOCUMENTO,True,0.6738017212020181,FACTURA,False
9F78FE8E80F379C7E339E5BD0FB8E4DDFF88B93D72D57F1BE6B0ED3DC77C6DCF,Z001023306249.pdf,FACTURA,FACTURA,QR_ARCA_STRONG,F-FACD83D8B4281A05571A,1,0.7396626558464157,FACTURA,False,0.6712404099030954,FACTURA,False,0.7671939578506152,FACTURA,False
A034D9BA8303AFB573D6F5823B1C9E16413A56593500E3A00A732D1BED52F326,Z001023266917.pdf,FACTURA,FACTURA,QR_ARCA_STRONG,F-FACD83D8B4281A05571A,1,0.7543363277981784,FACTURA,False,0.6763343687288963,FACTURA,False,0.7862259589126467,FACTURA,False
A0A5960905B6EC78058181CCC8AC0CE5CC894945AB6D97889A599934D2BE636E,Z001023321692.pdf,OTRO_DOCUMENTO,OTRO_DOCUMENTO,QR_ARCA_STRONG,F-FACD83D8B4281A05571A,1,0.3982665338156782,OTRO_DOCUMENTO,False,0.40902346036404974,OTRO_DOCUMENTO,False,0.3794440373563046,OTRO_DOCUMENTO,False
A0E70952B21704A19FED7D35D964ABE1A3D24F66EE60C24069DB3658A23852AD,Z001023321302.pdf,FACTURA,FACTURA,QR_ARCA_STRONG,F-EE08C7103D2458E54189,0,0.7882674190029165,FACTURA,False,0.7408746914165535,FACTURA,False,0.8344399757233976,FACTURA,False
A0F2D39A8CE046149BC6B737E3B5A91F401B2B0508266B23F02FFC5C1881C20C,Z001023306667.pdf,FACTURA,FACTURA,OCR_STRONG,F-46CBE2F2FC989AC0304F,2,0.6986944363270494,FACTURA,False,0.6879731543210185,FACTURA,False,0.7689013547341639,FACTURA,False
A1D50F46C5C96EF705178501DD55652D1069DE6B361A845D599F13098446FE80,Z001023466496.pdf,FACTURA,FACTURA,OCR_STRONG,F-52A8D3E535639BC9066E,2,0.6960556779257926,FACTURA,False,0.6831913796159683,FACTURA,False,0.7666572412762257,FACTURA,False
A1F9B06618E591EB2B3C76518F428FB788547CC1AA53E9544A4A11980A206B57,Z001023386100.pdf,FACTURA,FACTURA,QR_ARCA_STRONG,F-EE08C7103D2458E54189,0,0.7384493961804554,FACTURA,False,0.5921678829256606,FACTURA,False,0.7327765864435674,FACTURA,False
A23CD835EFAEDB3FBA5B0DBCC69F01FFE20FA74C641B2699E3DA9074A50D1EBB,Z001023242262.pdf,FACTURA,FACTURA,QR_ARCA_STRONG,F-FACD83D8B4281A05571A,1,0.6742985695443835,FACTURA,False,0.5985782775230992,FACTURA,False,0.6891174310191018,FACTURA,False
A2590908E0A0F8CD902C54D81652BA2354723E2A5C0056A2E29C7AB3EC3A445C,Z001023305708.pdf,FACTURA,FACTURA,PDF_TEXT_STRONG,F-239031FB24D11A1289E7,3,0.7417036370031345,FACTURA,False,0.7264855137903612,FACTURA,False,0.7902408865487004,FACTURA,False
A2928B01A4CD36732A28C69D98E877A906A6EB383769402661C8ACE6EAF9A0EC,Z001023242301.pdf,FACTURA,FACTURA,QR_ARCA_STRONG,F-6F5CAF1E1AEEB43C5486,2,0.7738862834330513,FACTURA,False,0.7546286205272592,FACTURA,False,0.8316029158025539,FACTURA,False
A2BF3657EE083148A054B3F7110C884140B3D69930E58683F957FBAAA580D827,Z001023266234.pdf,OTRO_DOCUMENTO,NOTA_CREDITO,PDF_TEXT_STRONG,F-EFE6E9C595B24436566B,3,0.5447779976375489,FACTURA,True,0.5897110518584777,FACTURA,True,0.5889087976430902,FACTURA,True
A2D1529D28326B4E8B236A002CD8E46D89D846C50E49B31D238067347F7D0223,Z001023467622.pdf,FACTURA,FACTURA,QR_ARCA_STRONG,F-FACD83D8B4281A05571A,1,0.6755216306225659,FACTURA,False,0.5740522760916072,FACTURA,False,0.6737567324301573,FACTURA,False
A2FDAD9EB62F9728D4A1369E94F1ED407FEE978FAA53FE7BA5035339AB1F6052,Z001023268102.pdf,FACTURA,FACTURA,QR_ARCA_STRONG,F-FACD83D8B4281A05571A,1,0.7618447959669615,FACTURA,False,0.6610496641212699,FACTURA,False,0.7844489943688874,FACTURA,False
A47A2D7859BB08A65A7C8003656803C777E38BC94F7F27EEA4AD1CD8FD5B80FA,Z001023366209.pdf,FACTURA,FACTURA,QR_ARCA_STRONG,F-463F5D66BCFC1B95B4F2,3,0.7177078888037267,FACTURA,False,0.6567319878595004,FACTURA,False,0.7435224061923872,FACTURA,False
A49F888D274CFE65CF21EB1527C95105513D9AC250238EECF5F46A3791478CBA,Z001023385162.pdf,FACTURA,FACTURA,QR_ARCA_STRONG,F-FACD83D8B4281A05571A,1,0.7726399115213888,FACTURA,False,0.6830181920231368,FACTURA,False,0.7968686506235703,FACTURA,False
A545E9BB46897229592B7E4460C235D68B749F58E268ADED69BEEC775BA2D440,Z001023397974.pdf,FACTURA,FACTURA,QR_ARCA_STRONG,F-FACD83D8B4281A05571A,1,0.7337723962956503,FACTURA,False,0.6566734355872678,FACTURA,False,0.7616479027933692,FACTURA,False
A5D596CC95D40058EBAB004E9B7D0CD5CDFC8C026CECA39BD2985DA63EE8C44C,Z001023478406.pdf,FACTURA,FACTURA,QR_ARCA_STRONG,F-463F5D66BCFC1B95B4F2,3,0.6970654438801238,FACTURA,False,0.598697478282317,FACTURA,False,0.7004785939998244,FACTURA,False
A5E0A23B19304BAD637E744E9B4ED12D8BF3377521ABFE8FE73049F7EFE47335,Z001023397807.pdf,FACTURA,FACTURA,QR_ARCA_STRONG,F-EE08C7103D2458E54189,0,0.7883099763346161,FACTURA,False,0.7333014870477272,FACTURA,False,0.828361918873834,FACTURA,False
A662CA0C99BF602548B39BF259B01A4AAA2CA1A594534D0DA328D370E6F32C99,Z001023410556.pdf,FACTURA,FACTURA,PDF_TEXT_STRONG,F-EFE6E9C595B24436566B,3,0.676426002278543,FACTURA,False,0.701870131032069,FACTURA,False,0.7497100296569049,FACTURA,False
A69004CE99B64253517BF67479A39AC4E7E2BD6E61A8B7FADBEB43AC4D98FC7C,Z001023283693.pdf,FACTURA,FACTURA,QR_ARCA_STRONG,F-EE08C7103D2458E54189,0,0.7631959502845501,FACTURA,False,0.7040787422817149,FACTURA,False,0.7999247376350886,FACTURA,False
A6AD364B22617D413C3D16E1E057C22B686A19E8B85F6EF90F69BB3E880031C2,Z001023243747.pdf,FACTURA,FACTURA,QR_ARCA_STRONG,F-EE08C7103D2458E54189,0,0.7864186714176717,FACTURA,False,0.7374378192910669,FACTURA,False,0.8272709171489402,FACTURA,False
A75839AE32A6A29EBB6CF64EBE45427C346DFFE51E758D5F04D903FC28147D87,Z001023243181.pdf,FACTURA,FACTURA,EXISTING_GROUND_TRUTH,F-C4297C930D025E93CCD8,2,0.7393181102520374,FACTURA,False,0.6903944450115138,FACTURA,False,0.7886557149183464,FACTURA,False
A79E9B562724ACB0A285620DB140ED3B6F52FCDA4E72FF31363A24D15A583A4E,Z001023243745.pdf,FACTURA,FACTURA,QR_ARCA_STRONG,F-EE08C7103D2458E54189,0,0.8108093454641112,FACTURA,False,0.7030709563742998,FACTURA,False,0.8324048847952051,FACTURA,False
A7BADE04443004116FBA8D61734FD935ADA2B9C23ACC045FDB2BD7DE36EDEB9E,Z001023350018.pdf,FACTURA,FACTURA,QR_ARCA_STRONG,F-78FBBC0583221AAC5789,2,0.6722383574998428,FACTURA,False,0.6967204192699828,FACTURA,False,0.7566893909103476,FACTURA,False
A7D0D177D1CCB130C093C3F5B09AC3F6AA32332F776804B281CD0D36015BDB72,Z001023321057.pdf,FACTURA,FACTURA,QR_ARCA_STRONG,F-C0D5A81F1B3DB1BB1203,0,0.792889334289323,FACTURA,False,0.7270692897445532,FACTURA,False,0.8197716166614257,FACTURA,False
A7E2D050AE6A451E8D7031F3B2CD5C0C7D46028B7C0A78F2B615E19B29272657,Z001023466454.pdf,FACTURA,FACTURA,QR_ARCA_STRONG,F-EE08C7103D2458E54189,0,0.7379810475196076,FACTURA,False,0.5723109610142064,FACTURA,False,0.726446866403589,FACTURA,False
A7EEF61CBC21D206720339275678C25A6C47A3A09E9DEB38D901E03BB5657EAA,Z001023306568.pdf,FACTURA,FACTURA,OCR_STRONG,F-236B043AC3F54D78C0B5,2,0.7281739888902683,FACTURA,False,0.4772305979273952,OTRO_DOCUMENTO,True,0.6534034584874973,FACTURA,False
A83A954DC4B57E16CA65F339A6A32389B871478C19D83616338C312E3DADC07C,Z001023397661.pdf,FACTURA,FACTURA,PDF_TEXT_STRONG,F-13D60871A95205707260,3,0.7724376327788316,FACTURA,False,0.760460888603788,FACTURA,False,0.8280894785375054,FACTURA,False
A88C6A4751F9912D9305D03EB3776DD14B96B8396F98F48331068504D008E6CC,Z001023266210.pdf,FACTURA,FACTURA,QR_ARCA_STRONG,F-FC4D9BFCF265DB5A7DB7,1,0.7225913031443164,FACTURA,False,0.6545250444930121,FACTURA,False,0.7624138694540379,FACTURA,False
A9133411F1F9F53089FBF5901269327CF6662B8D9095A0E75851ACE6455ADC46,Z001023321399.pdf,FACTURA,FACTURA,OCR_STRONG,F-9CDD0F79654F6C629C58,3,0.7306728032336646,FACTURA,False,0.7377691350823911,FACTURA,False,0.7879503487862874,FACTURA,False
A925841ABDBBBA3C4CE336C59731CF70CB6A8671AF5CEC26DBDF467A5D92B27F,Z001023267974.pdf,FACTURA,FACTURA,QR_ARCA_STRONG,F-108FF89DFB4EC29C3343,0,0.824850511866349,FACTURA,False,0.8368561886446296,FACTURA,False,0.8936994312266229,FACTURA,False
A92813FAF3F630A2BD56EE3BFD4698B7F02E73AB258E69060425422B9409202C,Z001023336318.pdf,FACTURA,FACTURA,QR_ARCA_STRONG,F-463F5D66BCFC1B95B4F2,3,0.7883880344422738,FACTURA,False,0.7620626030074514,FACTURA,False,0.8393221190204672,FACTURA,False
A96DEE1D6A7E23D5E68607C65FF20DCFE740969199AAC8736E42D59AE4730A2B,Z001023305774.pdf,FACTURA,FACTURA,QR_ARCA_STRONG,F-127BD2FBDD2CC031C0FE,2,0.8814991206113243,FACTURA,False,0.8518612488071393,FACTURA,False,0.9129755470548809,FACTURA,False
AA84C3A4E4924686D838376E09090FD10087194C01C07A5EA950C292EF7C5773,Z001023305694.pdf,FACTURA,FACTURA,QR_ARCA_STRONG,F-EE08C7103D2458E54189,0,0.7421511378244655,FACTURA,False,0.6681228865764754,FACTURA,False,0.7693750406283378,FACTURA,False
AAA58F0519E8973AF3E81F35297B296B0C1596C01E87249708FF250200CB4755,Z001023305815.pdf,FACTURA,FACTURA,OCR_STRONG,F-C4EFEA98CD9D9490E678,2,0.7014181992372582,FACTURA,False,0.7516564317317593,FACTURA,False,0.8072385213364811,FACTURA,False
AABF7B716F6EFB57A9B2A94209DC35148FE057B9591E0019F999ED73BEC22319,Z001023422339.pdf,FACTURA,FACTURA,QR_ARCA_STRONG,F-FACD83D8B4281A05571A,1,0.7452685362421853,FACTURA,False,0.6631693017241646,FACTURA,False,0.7712439138448003,FACTURA,False
AAF93BE68662AE6CFF480483FCE1E287B6C015A1639FDD0D222FBB2ACE8EF0EA,Z001023350215.pdf,FACTURA,FACTURA,OCR_STRONG,F-DCC01CD6C3861C7E4C3E,3,0.76073521808202,FACTURA,False,0.740359746508123,FACTURA,False,0.8136183928997891,FACTURA,False
AB024B93E8B5777C028652601EEB9B237BDF2C8F8FFEF47DED32E4E522CD8A98,Z001023266217.pdf,FACTURA,FACTURA,OCR_STRONG,F-73AB37D8D5F65AA437FE,3,0.7764231808006237,FACTURA,False,0.7885058053085309,FACTURA,False,0.8458332986780555,FACTURA,False
AB0C583E646597C83850FE9C08448F796CBA142A0E028D788A4966911C47F5D4,Z001023268128.pdf,FACTURA,FACTURA,QR_ARCA_STRONG,F-22D8B0B2BC197D116017,3,0.7636401848289402,FACTURA,False,0.8204089845291518,FACTURA,False,0.8549007925035673,FACTURA,False
AB0D83C3DF9CFBA31A1263817C970E11E1100483FEAEB9FF1B3648423B98EC50,Z001023384968.pdf,FACTURA,FACTURA,QR_ARCA_STRONG,F-463F5D66BCFC1B95B4F2,3,0.7489004661908316,FACTURA,False,0.6903317883848178,FACTURA,False,0.7819217651736637,FACTURA,False
AB884F3366C4525F87C6694CA20947481EF300287DE4867EB133E4C54BBFC69F,Z001023267803.pdf,FACTURA,FACTURA,QR_ARCA_STRONG,F-FACD83D8B4281A05571A,1,0.679337433801024,FACTURA,False,0.656990552322035,FACTURA,False,0.7262398587800724,FACTURA,False
ABDDFA8881E4CD0ED1415E127247052AE060CE64BD2FACE5989B2E277F168543,Z001023266919.pdf,FACTURA,FACTURA,QR_ARCA_STRONG,F-FACD83D8B4281A05571A,1,0.7648873182076281,FACTURA,False,0.6852316580135094,FACTURA,False,0.7923062618297776,FACTURA,False
AC42650CDBF054A8D47F42B00BB5D1DC80ED46BF8F1B3CAE8266DB2B168C2931,Z001023454914.pdf,FACTURA,FACTURA,PDF_TEXT_STRONG,F-463F5D66BCFC1B95B4F2,3,0.7782220166424603,FACTURA,False,0.7417321515906737,FACTURA,False,0.8224209627037368,FACTURA,False
AC7F51DCC99C3BC48F1274A5EB79215443AF73810C32D0DBB5F765BBCB40E660,Z001023397928.pdf,FACTURA,FACTURA,QR_ARCA_STRONG,F-6F5CAF1E1AEEB43C5486,2,0.7751535391386151,FACTURA,False,0.7538575405918283,FACTURA,False,0.8325247985793491,FACTURA,False
AD2799635E27A7E0E1451185C9AC53A3007944660C2909B4A3901B48049DFC74,Z001023337405.pdf,FACTURA,FACTURA,QR_ARCA_STRONG,F-FACD83D8B4281A05571A,1,0.6910982408588324,FACTURA,False,0.6675858892061938,FACTURA,False,0.7343901170642108,FACTURA,False
AD38ECC329BC2D1D9C7EB6B476156A3E757E51B81A8781D479A9C382D6413B41,Z001023266943.pdf,FACTURA,FACTURA,QR_ARCA_STRONG,F-FACD83D8B4281A05571A,1,0.7517229544615053,FACTURA,False,0.7198638251082801,FACTURA,False,0.7963707915065681,FACTURA,False
AD8BFE9C96C26C6BB914E83C6621C9708F3AFF672AF75B6AB01CD9C0EAE75AC0,Z001023266855.pdf,FACTURA,FACTURA,QR_ARCA_STRONG,F-6F5CAF1E1AEEB43C5486,2,0.7581000848272736,FACTURA,False,0.7304889040482075,FACTURA,False,0.8072694780756114,FACTURA,False
ADDFD63B7C42F1260D78911245A68E078B8F253673927689B4CC49220FF7EB57,Z001023454959.pdf,FACTURA,FACTURA,QR_ARCA_STRONG,F-FACD83D8B4281A05571A,1,0.7543248051864432,FACTURA,False,0.6742073804922195,FACTURA,False,0.7800588176291627,FACTURA,False
ADF2DA89D38748AA9C10DF753D455E11F4A6C39815FD1E071DF87AB7A230CAC3,Z001023410435.pdf,FACTURA,FACTURA,PDF_TEXT_STRONG,F-EFE6E9C595B24436566B,3,0.6750744475560816,FACTURA,False,0.6853351970286841,FACTURA,False,0.7377579657491691,FACTURA,False
AE48F358ED15E164307B6F3416EA2A65B1ED9601E64C1F0F9578C8454C395CA4,Z001023268015.pdf,FACTURA,FACTURA,QR_ARCA_STRONG,F-FACD83D8B4281A05571A,1,0.62648327688464,FACTURA,False,0.6139945744967282,FACTURA,False,0.6638019398552402,FACTURA,False
AE5F33D11E36020FD2D0004B7D7F0E29834D1846F3753696CE2E377BA6990089,Z001023435977.pdf,OTRO_DOCUMENTO,NOTA_CREDITO,PDF_TEXT_STRONG,F-38BC11F2F1438B7B9147,0,0.6631370323462515,FACTURA,True,0.7094834468034483,FACTURA,True,0.7159791488773655,FACTURA,True
AE6555FAEED3F6DA119B234934065DE34014B600D497678D3CA282EC4EE3AFAC,Z001023385021.pdf,FACTURA,FACTURA,QR_ARCA_STRONG,F-FACD83D8B4281A05571A,1,0.7280896739708327,FACTURA,False,0.6837661891170764,FACTURA,False,0.7652343125198128,FACTURA,False
AE91E3C556FA0456BA47EC97C0EADF80B7682FD588FAEFAB92CE30C32903AB22,Z001023478144.pdf,FACTURA,FACTURA,PDF_TEXT_STRONG,F-EFE6E9C595B24436566B,3,0.6933261486446554,FACTURA,False,0.6745717530750024,FACTURA,False,0.7463306702505037,FACTURA,False
AEDC467B81545A573C8CF5C8878CF82047F638848F57F6CCD09D6E39D8261EEC,Z001023338065.pdf,FACTURA,FACTURA,QR_ARCA_STRONG,F-C04B37B1724168DE2084,3,0.7555068782487733,FACTURA,False,0.6568172883556078,FACTURA,False,0.7725314671538983,FACTURA,False
AF8B6445B3070AB2870510DFF2CAD430EBA17F2CDE35338DFBAF13D2E9EDA8A7,Z001023268100.pdf,FACTURA,FACTURA,QR_ARCA_STRONG,F-FACD83D8B4281A05571A,1,0.7472981784020302,FACTURA,False,0.6520949846128554,FACTURA,False,0.7673312831853624,FACTURA,False
AF9E13927BD6123DA16DE0369AA7435A2892D4D71E8A0B3863F85C6A5E30455A,Z001023242882.pdf,OTRO_DOCUMENTO,OTRO_DOCUMENTO,EXISTING_GROUND_TRUTH,F-F47B73E9F9F7F5973BEB,0,0.7235523486145179,FACTURA,True,0.6652933125561081,FACTURA,True,0.7367873042208418,FACTURA,True
AFB2A16FE5967F1096CB2532D6F726831A460843CB1618E3F75A29899EF26F3D,Z001023397601.pdf,FACTURA,FACTURA,QR_ARCA_STRONG,F-6F5CAF1E1AEEB43C5486,2,0.7078226868157252,FACTURA,False,0.6704986074542052,FACTURA,False,0.7506374089188481,FACTURA,False
AFD04E98404202094A303416378E65BFF378DACC29438FCCB31F15E5DA76A62D,Z001023321113.pdf,OTRO_DOCUMENTO,OTRO_DOCUMENTO,QR_ARCA_STRONG,F-319491FEEAF6386D99BD,0,0.830337692088005,FACTURA,True,0.8288755568225752,FACTURA,True,0.8892092437132578,FACTURA,True
AFD94A7738464B799D40D6192E9DD1BEEC6A0D45A535AACFA3EDD16D0B16F057,Z001023349975.pdf,FACTURA,FACTURA,QR_ARCA_STRONG,F-6F5CAF1E1AEEB43C5486,2,0.7706763465001029,FACTURA,False,0.7602442530312188,FACTURA,False,0.8299886993090819,FACTURA,False
AFF82FA6EF3277DD84FB0590FEFDAA94384C7C16B8DD7E888E0AC3694B287D74,Z001023385195.pdf,FACTURA,FACTURA,QR_ARCA_STRONG,F-463F5D66BCFC1B95B4F2,3,0.7733004852690152,FACTURA,False,0.8291631215410014,FACTURA,False,0.8679492540645961,FACTURA,False
B037CD5D6C3DBFE242C1D48A41B2E684E3A06C137605AD08407CCABBF0300E9C,Z001023410269.pdf,FACTURA,FACTURA,QR_ARCA_STRONG,F-FACD83D8B4281A05571A,1,0.7194906005398763,FACTURA,False,0.6658217547349597,FACTURA,False,0.7532785936098813,FACTURA,False
B0A4197888EA55EB0525400667380D7303F51FA37116676CBF8C89C3C4576029,Z001023306241.pdf,FACTURA,FACTURA,QR_ARCA_STRONG,F-FACD83D8B4281A05571A,1,0.7365272671468694,FACTURA,False,0.6825614088122164,FACTURA,False,0.7730935852995173,FACTURA,False
B155575B3E5AA921C9BE814DB5AE231CE4A154F9464C903FFF45753EDF9BB098,Z001023267779.pdf,FACTURA,FACTURA,QR_ARCA_STRONG,F-FACD83D8B4281A05571A,1,0.67606340169932,FACTURA,False,0.6232255216604572,FACTURA,False,0.7041024389682611,FACTURA,False
B183B3C2FBEA842AA2E1271A4F4F99AD84CB291E37911A846655D8B7C3B6F0F7,Z001023338056.pdf,FACTURA,FACTURA,QR_ARCA_STRONG,F-8FB0C271F20EAB3092AA,3,0.746779807176262,FACTURA,False,0.7223100604788428,FACTURA,False,0.7990759117686427,FACTURA,False
B1F31AE8A9C37651E9BE2101CEE69DF9D9BB484E351A2EDFE5EFAD605EC5491F,Z001023398537.pdf,FACTURA,FACTURA,PDF_TEXT_STRONG,F-DDD398632A8E3710DDB0,3,0.7407848621012568,FACTURA,False,0.7676779444298798,FACTURA,False,0.8180469988604215,FACTURA,False
B22A76E1E4FD31EF224C10ACFE0E347C516EF33BA7C3ECF2F5490502A042BFD9,Z001023366958.pdf,FACTURA,FACTURA,QR_ARCA_STRONG,F-463F5D66BCFC1B95B4F2,3,0.7028064442219434,FACTURA,False,0.6657669131276125,FACTURA,False,0.7397348628181879,FACTURA,False
B261F434C6894AF945296D248F09A6B8DFCADCFD119DC890EDE995D62C59E4AB,Z001023410764.pdf,FACTURA,FACTURA,QR_ARCA_STRONG,F-FACD83D8B4281A05571A,1,0.7027853722393398,FACTURA,False,0.6740551329385606,FACTURA,False,0.745736591124943,FACTURA,False
B2997181C2966B7D939278DE583E1C455291A7919335F007B8E7502E8FF7BED6,Z001023384953.pdf,FACTURA,FACTURA,QR_ARCA_STRONG,F-6F5CAF1E1AEEB43C5486,2,0.784573194371206,FACTURA,False,0.6978246026445493,FACTURA,False,0.8118227781059488,FACTURA,False
B2A0FCE48A8A078C9FDBA7A34DFCC9B8B282947AF09EF609C4F2A424AA6F13D7,Z001023321066.pdf,FACTURA,FACTURA,OCR_STRONG,F-F9F97E5234AB53CA8EDD,2,0.7503439250398423,FACTURA,False,0.6731821310334927,FACTURA,False,0.7702617543721682,FACTURA,False
B2C834CFED8E0CEFDFC52915E35EC7F7E4E3C09E73B77FA068A55848357A78DA,Z001023283763.pdf,FACTURA,FACTURA,QR_ARCA_STRONG,F-6F5CAF1E1AEEB43C5486,2,0.7332434375756877,FACTURA,False,0.7304305769126069,FACTURA,False,0.7862964970058153,FACTURA,False
B2EC24389642801888074E7E0AFA7D94B5A444FDA2F8FE74C2AF1D76B6E3BCEC,Z001023305858.pdf,FACTURA,FACTURA,QR_ARCA_STRONG,F-6F5CAF1E1AEEB43C5486,2,0.7881621296135385,FACTURA,False,0.7614346020181139,FACTURA,False,0.8407190879111878,FACTURA,False
B30F44F06B3B610827B41DCAB057CFBD3F73DFD201E509567A97022B58BE754E,Z001023243394.pdf,FACTURA,FACTURA,QR_ARCA_STRONG,F-6F5CAF1E1AEEB43C5486,2,0.7780451864601503,FACTURA,False,0.750804571906922,FACTURA,False,0.8278769743360247,FACTURA,False
B3E8F9A23D84DA4EF6F0BED0132ABEC06DBBCC00BADF676ED7BD7E71E44FDF73,Z001023320998.pdf,FACTURA,FACTURA,QR_ARCA_STRONG,F-463F5D66BCFC1B95B4F2,3,0.7984258506236918,FACTURA,False,0.816551413500162,FACTURA,False,0.8750931615575142,FACTURA,False
B43FBD417EF3A374DBF2C0452FEBBCF37E606C43B32910257C5C61F0D456E116,Z001023266211.pdf,FACTURA,FACTURA,QR_ARCA_STRONG,F-FACD83D8B4281A05571A,1,0.7751770065531434,FACTURA,False,0.7229717414396595,FACTURA,False,0.8167874368620834,FACTURA,False
B44251C89926FF5181BC892C404BAF4F11E48626212A6C970A5D7DDEAEBF3CA6,Z001023266852.pdf,FACTURA,FACTURA,QR_ARCA_STRONG,F-6F5CAF1E1AEEB43C5486,2,0.7653820663823198,FACTURA,False,0.7334997756403493,FACTURA,False,0.8140670279632255,FACTURA,False
B4430B9D1CE090C0C6EBC8ECC4D373545087A303D6846768C96141BD69FD3D68,Z001023283764.pdf,FACTURA,FACTURA,QR_ARCA_STRONG,F-127BD2FBDD2CC031C0FE,2,0.8920593958995149,FACTURA,False,0.8911987705151088,FACTURA,False,0.9286453782722769,FACTURA,False
B46721DBF0CC1963B2C57D5D4C35252EEC8B7C40AA9B65F00B72A5A0AE888BA5,Z001023367067.pdf,FACTURA,FACTURA,QR_ARCA_STRONG,F-D591D778E05641FBA116,2,0.7904194047079997,FACTURA,False,0.7027509522424563,FACTURA,False,0.8209675268268766,FACTURA,False
B49BC0B1FC19AAC79B16DC36E0EE7096B46796D74369F33A1A753F4B1237A7BD,Z001023267336.pdf,FACTURA,FACTURA,QR_ARCA_STRONG,F-EE08C7103D2458E54189,0,0.7924644170031961,FACTURA,False,0.6888202468429098,FACTURA,False,0.816678524788627,FACTURA,False
B4C8FA3786E8BA119F3C5F40F1BF5868D7591D0E865FF2AF84F7235674F33C88,Z001023243075.pdf,FACTURA,FACTURA,EXISTING_GROUND_TRUTH,F-F8EBECB216D6C0D8E1BE,3,0.6876606398387415,FACTURA,False,0.6973419002105306,FACTURA,False,0.7466088804760417,FACTURA,False
B57482DDE36878A4671AE5BA62CF9F25F1093F7ADED072390756EA95F182680B,Z001023350416.pdf,FACTURA,FACTURA,OCR_STRONG,F-DCC01CD6C3861C7E4C3E,3,0.7669488418728517,FACTURA,False,0.7430125931134415,FACTURA,False,0.8185316645552478,FACTURA,False
B59289C59C42F58F2E5E5667229CB21EC21343A252CF50441F2AACE87618F71B,Z001023385284.pdf,FACTURA,FACTURA,OCR_STRONG,F-624B9DB867F145EBB34C,0,0.775794742861741,FACTURA,False,0.828733653198702,FACTURA,False,0.8527607858438648,FACTURA,False
B5ACDD8CF3C659A5ACA521D4D5BDD33A4ABCED7E3B51BCE62232BF6509A7A6B5,Z001023243463.pdf,FACTURA,FACTURA,QR_ARCA_STRONG,F-EE08C7103D2458E54189,0,0.7889637106141695,FACTURA,False,0.6912552544354433,FACTURA,False,0.8138697119518479,FACTURA,False
B5C325DEA3BD4B0A25EA5C3EDE914856F9CC703DC3DAEF00F3443733CDDC020F,Z001023336347.pdf,FACTURA,FACTURA,QR_ARCA_STRONG,F-6F5CAF1E1AEEB43C5486,2,0.7216722678635208,FACTURA,False,0.7287552895889055,FACTURA,False,0.7854485822820717,FACTURA,False
B5DE25694A1E3F151038528A102E8613AAA3E63ED988DE74C8B99134F65C2CE1,Z001023243734.pdf,FACTURA,FACTURA,QR_ARCA_STRONG,F-EE08C7103D2458E54189,0,0.7091103259228025,FACTURA,False,0.6306415834333625,FACTURA,False,0.7349168651237193,FACTURA,False
B5FADEA794BC7EF56E6FCA4D6D51AA1D2416BC77A0A4768BD9F139BE4BF0C225,Z001023435315.pdf,FACTURA,FACTURA,OCR_STRONG,F-463F5D66BCFC1B95B4F2,3,0.811463584761059,FACTURA,False,0.7683333033483565,FACTURA,False,0.8500998681857399,FACTURA,False
B659F8BCB146A10D8370F7CBC2A5C9DB45207D9B5EFB86E12A2786DA28051160,Z001023306257.pdf,FACTURA,FACTURA,QR_ARCA_STRONG,F-463F5D66BCFC1B95B4F2,3,0.7904081736936059,FACTURA,False,0.6731219836751555,FACTURA,False,0.8177857001751571,FACTURA,False
B68674F3B9393FDE895EBE47421061B41DCE664D2174AFA8C7904CD4324C5124,Z001023243327.pdf,FACTURA,FACTURA,EXISTING_GROUND_TRUTH,F-8E51FF106E6F3ECF3F13,1,0.7759362360194558,FACTURA,False,0.5537598093190357,FACTURA,False,0.735024104843238,FACTURA,False
B7004863AED55E481D4397435BD5B06CEA6180397E1059883D51F5D066F1147F,Z001023243369.pdf,FACTURA,FACTURA,EXISTING_GROUND_TRUTH,F-73CB94964FB18FDF7FCE,3,0.8231318661340149,FACTURA,False,0.8473151703615737,FACTURA,False,0.8999076417519973,FACTURA,False
B77D4EBDF02A914E4B6BB74E218EBA5B9F3C84F47E7C63F5DCAE563B8ABE7A72,Z001023385283.pdf,FACTURA,FACTURA,QR_ARCA_STRONG,F-FACD83D8B4281A05571A,1,0.7159371617378504,FACTURA,False,0.6692408226030652,FACTURA,False,0.7532817338984836,FACTURA,False
B78BB8245C935535BC3425C474DD8C21F7E5434AF84B89A889F4DCB0C0595930,Z001023422501.pdf,FACTURA,FACTURA,QR_ARCA_STRONG,F-9525E35FAA9C79DDFE79,0,0.8095605831125575,FACTURA,False,0.788285931353819,FACTURA,False,0.8566098647469114,FACTURA,False
B80AFDA11B97B8B04E84D9CD740D359D1C596DF8F1D8F5F1FD844D8FEA257681,Z001023467603.pdf,FACTURA,FACTURA,QR_ARCA_STRONG,F-FACD83D8B4281A05571A,1,0.6090630277125348,FACTURA,False,0.5691621076337244,FACTURA,False,0.6291968109495176,FACTURA,False
B838D34AF658B43A04B590C709EF56D29457768AC2561246DE907FDBB3E164FA,Z001023466523.pdf,FACTURA,FACTURA,QR_ARCA_STRONG,F-BBFA348893E65DB88B69,1,0.8103449535483803,FACTURA,False,0.674496604602399,FACTURA,False,0.824911504179472,FACTURA,False
B84A772378756B6314CFD7C847ED11E8ED0969129EDEC4C4AB968DFC4819F7C8,Z001023305870.pdf,FACTURA,FACTURA,QR_ARCA_STRONG,F-6F5CAF1E1AEEB43C5486,2,0.7705731495987393,FACTURA,False,0.7402385795203976,FACTURA,False,0.8158217910233649,FACTURA,False
B84B427F6FD18CB0429FFD385661A0D9E127F2E46C5B2ADC755D18414A870739,Z001023242373.pdf,FACTURA,FACTURA,QR_ARCA_STRONG,F-EE08C7103D2458E54189,0,0.7996659250226851,FACTURA,False,0.7044167027233915,FACTURA,False,0.8258388282613479,FACTURA,False
B8AE7CBF2367797B27297B4937F006864D0E40FEE96D9146C308CD0D36DA337B,Z001023366867.pdf,FACTURA,FACTURA,OCR_STRONG,F-99F7A3F5F30B759FC1BA,3,0.6703064170089343,FACTURA,False,0.7114506081823914,FACTURA,False,0.7439085222199859,FACTURA,False
B8B9CC93AD5D652C71367F2D4AAAC897EE3CCF26697314E8B918A140B27EAD43,Z001023478145.pdf,FACTURA,FACTURA,PDF_TEXT_STRONG,F-EFE6E9C595B24436566B,3,0.6876903249100966,FACTURA,False,0.6738200854570638,FACTURA,False,0.7404753963153914,FACTURA,False
BA599EC41FE7E359E5A4333D2216B20E2F1B14EEC86D337177BBE86642EFBC1F,Z001023423179.pdf,FACTURA,FACTURA,QR_ARCA_STRONG,F-FACD83D8B4281A05571A,1,0.7351763044478323,FACTURA,False,0.6885880320357901,FACTURA,False,0.7781067410418738,FACTURA,False
BA98CE4928F0A74D663B803FFB02DF2C63C5E0404FC89B630992D31DEF7B9B63,Z001023338076.pdf,FACTURA,FACTURA,QR_ARCA_STRONG,F-FACD83D8B4281A05571A,1,0.7038257561080491,FACTURA,False,0.6496136820609839,FACTURA,False,0.741153749385902,FACTURA,False
BAAE431824638D35FB35CDA58C3D162F45CF18993CC7DD8696C0ED104C344E01,Z001023366204.pdf,FACTURA,FACTURA,QR_ARCA_STRONG,F-463F5D66BCFC1B95B4F2,3,0.7172459728137489,FACTURA,False,0.6644812558215216,FACTURA,False,0.7469092124149445,FACTURA,False
BAB2FC9AD6FCB9791998B45C2980B39C5B8761CA41A9B31757578BED83609B74,Z001023283877.pdf,FACTURA,FACTURA,QR_ARCA_STRONG,F-EE08C7103D2458E54189,0,0.7875050709583856,FACTURA,False,0.7238777335708845,FACTURA,False,0.825285714927511,FACTURA,False
BAD58EFDAD38F78981FFC549AF4B2F8E08A05F91717C17C0926AD6E832356563,Z001023243751.pdf,OTRO_DOCUMENTO,OTRO_DOCUMENTO,QR_ARCA_STRONG,F-FACD83D8B4281A05571A,1,0.4596388344159369,OTRO_DOCUMENTO,False,0.5345194114236625,FACTURA,True,0.49868154530435266,OTRO_DOCUMENTO,False
BBE194D39B1BE0FC4F79746855975E750A39C4A50FF4BFDC2FD0EE6FA1BE1DE2,Z001023306142.pdf,FACTURA,FACTURA,QR_ARCA_STRONG,F-FACD83D8B4281A05571A,1,0.7451017056311267,FACTURA,False,0.6673069267764979,FACTURA,False,0.7693015741572053,FACTURA,False
BC50881D0FA286197EF00AE2A783C5F35035D52AB8D8331389563F71777F200E,Z001023385733.pdf,FACTURA,FACTURA,QR_ARCA_STRONG,F-6F5CAF1E1AEEB43C5486,2,0.7633339496366573,FACTURA,False,0.7326266795342893,FACTURA,False,0.8116484738564469,FACTURA,False
BCBBF28C995BCD25F999826AE1848F034C3835F0CFA162AFA733CB7F3317C176,Z001023305690.pdf,FACTURA,FACTURA,QR_ARCA_STRONG,F-EE08C7103D2458E54189,0,0.8230209790754214,FACTURA,False,0.7144312640340081,FACTURA,False,0.843404069956967,FACTURA,False
BCDB3FA6314A6818D45588D3055054720B71C0FFD5AF1BF073F8B68C9823DB5C,Z001023422191.pdf,FACTURA,FACTURA,QR_ARCA_STRONG,F-FACD83D8B4281A05571A,1,0.73199178733414,FACTURA,False,0.617794487620812,FACTURA,False,0.7441664314944554,FACTURA,False
BD24EA94A76C917A05925825C6264475970B3150A5DD24C5C1706E1BCE397335,Z001023306744.pdf,FACTURA,FACTURA,QR_ARCA_STRONG,F-FACD83D8B4281A05571A,1,0.780202261487452,FACTURA,False,0.6889828838758346,FACTURA,False,0.8043760150521222,FACTURA,False
BD7F4BAA498B98BEFACE0028528DCDF91D331EBEC91FDC934BAC440BB06984D5,Z001023321063.pdf,FACTURA,FACTURA,QR_ARCA_STRONG,F-78FBBC0583221AAC5789,2,0.7341687883938874,FACTURA,False,0.7538146082431113,FACTURA,False,0.8077901480723264,FACTURA,False
BD8E11FCAEC9A44D6A00F4A35DDE7592D803BF3A213F1871A206063466741EDA,Z001023338057.pdf,FACTURA,FACTURA,QR_ARCA_STRONG,F-8FB0C271F20EAB3092AA,3,0.7637290185594707,FACTURA,False,0.7275333801658147,FACTURA,False,0.812110850732226,FACTURA,False
BE42D5645B6B6FC115CDDAC2DE7D1E6B4155601B7184FD659D4E749B43A7CC4F,Z001023305821.pdf,FACTURA,FACTURA,QR_ARCA_STRONG,F-463F5D66BCFC1B95B4F2,3,0.7896051187990716,FACTURA,False,0.7341854427260865,FACTURA,False,0.8175087882205263,FACTURA,False
BEBEE3FEB2ECE2A58A28A20BC713DBD94D72534F2C5B58650B9A002E753C4FC7,Z001023243468.pdf,FACTURA,FACTURA,QR_ARCA_STRONG,F-EE08C7103D2458E54189,0,0.7838926481111995,FACTURA,False,0.6764239659081493,FACTURA,False,0.8038602852493559,FACTURA,False
BF29AA335807B8772722D77E8BB1A6FFF97439E4C538B4E8487ABADED18B3E1E,Z001023455043.pdf,FACTURA,FACTURA,QR_ARCA_STRONG,F-D591D778E05641FBA116,2,0.794226828369226,FACTURA,False,0.7165366376655022,FACTURA,False,0.830035314636642,FACTURA,False
BF3C8B6E0629580CD73B07E38158B2BAC03A920BD9965548A236F02203849DB0,Z001023243736.pdf,OTRO_DOCUMENTO,NOTA_CREDITO,QR_ARCA_STRONG,F-2225E7482E0C1A2CF093,2,0.5837641059466557,FACTURA,True,0.6919603758023132,FACTURA,True,0.6592309364228882,FACTURA,True
BFA345B7F7EFD8A252FFE7A2961BC8491F0CA8088E7FA68D0FFBA8CDDD06C239,Z001023384990.pdf,FACTURA,FACTURA,QR_ARCA_STRONG,F-6F5CAF1E1AEEB43C5486,2,0.7929506979716474,FACTURA,False,0.7266036714623625,FACTURA,False,0.8293769428956486,FACTURA,False
C03307D0E30E87F1DB5F43875D2908DF294EC66AFC045B5F000F4B437912790C,Z001023467519.pdf,FACTURA,FACTURA,QR_ARCA_STRONG,F-6F5CAF1E1AEEB43C5486,2,0.7029457710310243,FACTURA,False,0.715495244834747,FACTURA,False,0.765866424444681,FACTURA,False
C09C687DD4CA97DF30A9EEA5AC8D3FC4F376766772980E559830B9458C6E9A0F,Z001023305705.pdf,FACTURA,FACTURA,QR_ARCA_STRONG,F-EE08C7103D2458E54189,0,0.8082698474832942,FACTURA,False,0.7139731311965888,FACTURA,False,0.83573621851892,FACTURA,False
C0D4042C7735626A538A99C8481F8B0D139A983D3DE8B0FDB50C6B519588B0D0,Z001023338081.pdf,FACTURA,FACTURA,QR_ARCA_STRONG,F-FC0763B62EEE2F9FCCE8,2,0.7488830637166021,FACTURA,False,0.6850280708732037,FACTURA,False,0.7699205707900588,FACTURA,False
C128DB050D40091655B54E5796821E4B97A21879827F408B1A1562D141649385,Z001023305613.pdf,FACTURA,FACTURA,QR_ARCA_STRONG,F-EE08C7103D2458E54189,0,0.7916517329686308,FACTURA,False,0.744475066453282,FACTURA,False,0.8394069606093656,FACTURA,False
C1339904E1A25B7C57F4FCD77911D4E12AC16E32615C65591D13F656405BCD61,Z001023351308.pdf,FACTURA,FACTURA,QR_ARCA_STRONG,F-463F5D66BCFC1B95B4F2,3,0.71518446441068,FACTURA,False,0.6671257934949856,FACTURA,False,0.7456834991992674,FACTURA,False
C177CD77BAA5F5587D302FDCC9F5615424F6BCED6057AA300113D6E3A600DC02,Z001023242796.pdf,FACTURA,FACTURA,EXISTING_GROUND_TRUTH,F-EF073838ABE6523C2174,0,0.7671090203091423,FACTURA,False,0.8442370553346906,FACTURA,False,0.8664632313359014,FACTURA,False
C2100227A4E19E89166D86B967E5BBDCD57CA5023BA5E65D69389BC8B8BEC3C8,Z001023306237.pdf,FACTURA,FACTURA,QR_ARCA_STRONG,F-EE08C7103D2458E54189,0,0.7720097422507023,FACTURA,False,0.6799944258475301,FACTURA,False,0.7946697931283443,FACTURA,False
C253AB0D7A2231B0EE8ADE2089FF0F31FB3DCD431952756AEF456E8C35F50177,Z001023283766.pdf,FACTURA,FACTURA,QR_ARCA_STRONG,F-6F5CAF1E1AEEB43C5486,2,0.7592557569491584,FACTURA,False,0.7656364295151117,FACTURA,False,0.8237567142735915,FACTURA,False
C286855F489A0EF1D75420C90BA90D7C7F7357631A50F2B6239F2E888FD0198B,Z001023478405.pdf,FACTURA,FACTURA,QR_ARCA_STRONG,F-6F5CAF1E1AEEB43C5486,2,0.7541901366822651,FACTURA,False,0.7026431988786536,FACTURA,False,0.7942569509988382,FACTURA,False
C2B9C93B9693A319CF01C0A5D31F3962BF7E02F0006FD13871EDFC50CF7B4121,Z001023350945.pdf,FACTURA,FACTURA,QR_ARCA_STRONG,F-A69FDECE53AB69CF1845,2,0.7191839581999894,FACTURA,False,0.6056331350348232,FACTURA,False,0.735714033966197,FACTURA,False
C2C93818726DAC52E58536C78525B62A417DEC82F9491E4941E8AEE2CFA42B42,Z001023242895.pdf,FACTURA,FACTURA,EXISTING_GROUND_TRUTH,F-EE08C7103D2458E54189,0,0.7766149270130106,FACTURA,False,0.6836759808446617,FACTURA,False,0.8042824702260634,FACTURA,False
C32B2E20D7C26374931D1211FDDC75A8B9DC021D4FB1E43E423060A42FCB0F90,Z001023243393.pdf,FACTURA,FACTURA,QR_ARCA_STRONG,F-127BD2FBDD2CC031C0FE,2,0.9192740034386769,FACTURA,False,0.9051793205378382,FACTURA,False,0.9475504594645612,FACTURA,False
C34D90268A5F10333F6EEB206403454ED03AD03DFE2E0F82144D322FCB2BE2FE,Z001023243461.pdf,FACTURA,FACTURA,QR_ARCA_STRONG,F-EE08C7103D2458E54189,0,0.7833868367960276,FACTURA,False,0.7093281074386296,FACTURA,False,0.8188637628589014,FACTURA,False
C3B17A6E5FCF4075138716E7C05C7C2C00B9C6DB35B1F7CF269759EE308A472C,Z001023243396.pdf,FACTURA,FACTURA,QR_ARCA_STRONG,F-6F5CAF1E1AEEB43C5486,2,0.7431445751697451,FACTURA,False,0.7429493466183427,FACTURA,False,0.7984922094001976,FACTURA,False
C467CA492CC79EDB963E9E4B1D87CB6B9AC232D99505BB4BFF97EA5240921873,Z001023322035.pdf,FACTURA,FACTURA,QR_ARCA_STRONG,F-FACD83D8B4281A05571A,1,0.7482257238041831,FACTURA,False,0.6451706363229142,FACTURA,False,0.7696419749577305,FACTURA,False
C4F20F86104A25A042C17226A58FE4A2904FF327D27396E512BFB9855A181AB0,Z001023305843.pdf,FACTURA,FACTURA,OCR_STRONG,F-C4EFEA98CD9D9490E678,2,0.7016082393964143,FACTURA,False,0.7528830528172673,FACTURA,False,0.8107725062392521,FACTURA,False
C4FA660C17826F3719DD1559315A2810F55C5F458EC9FE51CBC1C34E09580929,Z001023410665.pdf,FACTURA,FACTURA,QR_ARCA_STRONG,F-6F5CAF1E1AEEB43C5486,2,0.7545812177360885,FACTURA,False,0.7187204596045201,FACTURA,False,0.8024200938275268,FACTURA,False
C5015F3E9ACE903E1F1A3F021F972B5725DAA7D97CBF494731F3C5FFBD0178AB,Z001023283746.pdf,FACTURA,FACTURA,QR_ARCA_STRONG,F-EE08C7103D2458E54189,0,0.7951956327172052,FACTURA,False,0.7292753461277476,FACTURA,False,0.8340270854716147,FACTURA,False
C5130207272100B6F37D2F1DF7D551DB1B8689288E3EDA73B8DE49834D6D8DF4,Z001023337180.pdf,FACTURA,FACTURA,QR_ARCA_STRONG,F-87572B663CBBD9F4CA2F,3,0.8147193342019312,FACTURA,False,0.7437203006749711,FACTURA,False,0.8467773387602848,FACTURA,False
C5AB3289EC750F8FE7A4D0025AEC51B2F9E3031E9A750BFD7152F5635577B831,Z001023349834.pdf,FACTURA,FACTURA,QR_ARCA_STRONG,F-EDBFE59229E8571451DD,2,0.7360085170267465,FACTURA,False,0.6778977858925959,FACTURA,False,0.7679068441004024,FACTURA,False
C6469439E8A7EADDAB74F948CDEB8C758FB7E73195A0FA9FADF994E98857A5FC,Z001023410267.pdf,FACTURA,FACTURA,QR_ARCA_STRONG,F-463F5D66BCFC1B95B4F2,3,0.7094720893773319,FACTURA,False,0.6711241540839769,FACTURA,False,0.7456463648814844,FACTURA,False
C66AE5D0BA9546144237F3ED91AA92D98D806F940E4D3B863AD114692FFD1AFA,Z001023284902.pdf,FACTURA,FACTURA,OCR_STRONG,F-0EE887752345887B2F4F,2,0.39802543489514,OTRO_DOCUMENTO,True,0.4154400664336965,OTRO_DOCUMENTO,True,0.41729280772904376,OTRO_DOCUMENTO,True
C6FA29FFDF0C2B39FE22AA6A5DF8FDC4C215B1DD849C481E4EF56978B614EAE2,Z001023242527.pdf,FACTURA,FACTURA,QR_ARCA_STRONG,F-6F5CAF1E1AEEB43C5486,2,0.7814190142188068,FACTURA,False,0.7189918318696068,FACTURA,False,0.8175142266019159,FACTURA,False
C73C512EC4364FB25B1DD1CE61856BFDE06C3BB7FB3897FC660CBEA83E889F71,Z001023338078.pdf,FACTURA,FACTURA,OCR_STRONG,F-B0CE428E3A93F67A9A41,2,0.717343292168329,FACTURA,False,0.46147171636509376,OTRO_DOCUMENTO,True,0.6328411840916727,FACTURA,False
C7DCFC7B887ED14B331FE01DC9255DB7490E7A0124783AFBAF3B6B292AD6D0A6,Z001023283899.pdf,FACTURA,FACTURA,QR_ARCA_STRONG,F-463F5D66BCFC1B95B4F2,3,0.6980073015221331,FACTURA,False,0.6639753324052041,FACTURA,False,0.7329377545452377,FACTURA,False
C92C0422097D51A3D93193E6CF419568C35B45B68AE7BA0E8F044DAA781BDE27,Z001023423202.pdf,OTRO_DOCUMENTO,NOTA_CREDITO,QR_ARCA_STRONG,F-FACD83D8B4281A05571A,1,0.4204610591311659,OTRO_DOCUMENTO,False,0.41549689202269363,OTRO_DOCUMENTO,False,0.3960671285756441,OTRO_DOCUMENTO,False
C94D2466ABBCA670AEB72345C937ECD41C9AE3519E58A521C3DC5E400F88B6CB,Z001023350130.pdf,FACTURA,FACTURA,QR_ARCA_STRONG,F-FACD83D8B4281A05571A,1,0.7183333213994706,FACTURA,False,0.7167193341587753,FACTURA,False,0.7793941032287065,FACTURA,False
C954E8A98EC5F59434BC8FD7AD7063CDACEF485CA4C4172312005AAD894268AF,Z001023321628.pdf,FACTURA,FACTURA,PDF_TEXT_STRONG,F-463F5D66BCFC1B95B4F2,3,0.7624072418484592,FACTURA,False,0.7091855333681621,FACTURA,False,0.7984945361992436,FACTURA,False
C975B3D927FB1E30EEDB65478115A3885467118916194B500FD55F0D0875019E,Z001023306560.pdf,FACTURA,FACTURA,QR_ARCA_STRONG,F-A26E6E68BD787A625DC9,3,0.7319078294441798,FACTURA,False,0.7180619911919421,FACTURA,False,0.7816029973101295,FACTURA,False
C9E25B0A4129298A70D0938226DC15E47A3489EE06D723D9F8A969C5193FB68D,Z001023283842.pdf,FACTURA,FACTURA,QR_ARCA_STRONG,F-FACD83D8B4281A05571A,1,0.7142301518073785,FACTURA,False,0.6583902545430347,FACTURA,False,0.7470051577074853,FACTURA,False
C9E46A38A0109D9C87D2CF516D39DF2B685B99E66F6EE09830A75CB7A8A11495,Z001023267137.pdf,FACTURA,FACTURA,OCR_STRONG,F-C4EFEA98CD9D9490E678,2,0.7016082393964143,FACTURA,False,0.7541057378621108,FACTURA,False,0.8089447947323618,FACTURA,False
CA02A2902F5BD9190AD57D7FDB96C2EDBE63D4E91C1524B91B5677BDDA01A3BF,Z001023284844.pdf,FACTURA,FACTURA,QR_ARCA_STRONG,F-463F5D66BCFC1B95B4F2,3,0.7251059834038137,FACTURA,False,0.6640076198802952,FACTURA,False,0.7547949552559894,FACTURA,False
CA106104222A9D6DF2CA34E8D58F08DB9F65369DFD4A2465C7836AFB52F4EABD,Z001023266864.pdf,FACTURA,FACTURA,QR_ARCA_STRONG,F-FACD83D8B4281A05571A,1,0.7277496403682421,FACTURA,False,0.6684603584653676,FACTURA,False,0.7587462392357932,FACTURA,False
CA14A4C3BB942C93600EBD048A66925B35F6189FFF084EE4AF994D09603804F3,Z001023435387.pdf,FACTURA,FACTURA,QR_ARCA_STRONG,F-D591D778E05641FBA116,2,0.7567859779677629,FACTURA,False,0.6801563636674566,FACTURA,False,0.7909031452221964,FACTURA,False
CA4B144974CDD331E904D3646E7F74FDAE6502B6CCDA4A0B4845C2FA9E2F6DB8,Z001023243171.pdf,OTRO_DOCUMENTO,OTRO_DOCUMENTO,EXISTING_GROUND_TRUTH,F-F005EBB69A8DFBD56F0B,3,0.6476954953829324,FACTURA,True,0.7299367820304765,FACTURA,True,0.7364956467710122,FACTURA,True
CA75936BB5B3F05DC8FDB2E6D7BA8CD9F1E57E6DD78173F81181FDC1C88D6451,Z001023422176.pdf,FACTURA,FACTURA,QR_ARCA_STRONG,F-6F5CAF1E1AEEB43C5486,2,0.7901676112103909,FACTURA,False,0.7642246696829207,FACTURA,False,0.8412797439193718,FACTURA,False
CACFCD72797B5F3FDBC68225A60AA5A14FBC6A696BDE7B0F8377B5B9A2BC254C,Z001023410752.pdf,FACTURA,FACTURA,QR_ARCA_STRONG,F-FACD83D8B4281A05571A,1,0.700216469737312,FACTURA,False,0.6444147893428471,FACTURA,False,0.7283753430465154,FACTURA,False
CB3F881168E39D42F2154112BEFFC872F79A0F1E34F6E9C1939842604C61CA62,Z001023305808.pdf,FACTURA,FACTURA,QR_ARCA_STRONG,F-EE08C7103D2458E54189,0,0.804894821336688,FACTURA,False,0.7309497252842627,FACTURA,False,0.8399659815315708,FACTURA,False
CB67F361EA64E80587BAB165B922A2E4760A9CB206DD074A571F27A3DC6C743A,Z001023336433.pdf,FACTURA,FACTURA,QR_ARCA_STRONG,F-077C308A7FE5C91A2133,2,0.6643605239674977,FACTURA,False,0.6809640358556945,FACTURA,False,0.7411320827031778,FACTURA,False
CBF1504F1A2BD20989734BB93F9A6B821D696DC3D9F026A3AE97DB428987BDF8,Z001023243376.pdf,FACTURA,FACTURA,QR_ARCA_STRONG,F-FACD83D8B4281A05571A,1,0.6859099777902918,FACTURA,False,0.6164369128732708,FACTURA,False,0.7168991955715437,FACTURA,False
CBF2C5E3D3358E302151CED6A4FA4397E6E7656E3D8B5A494F458C3DD20F0286,Z001023320989.pdf,FACTURA,FACTURA,QR_ARCA_STRONG,F-EE08C7103D2458E54189,0,0.8040831013805466,FACTURA,False,0.7612043252946084,FACTURA,False,0.8509490602276624,FACTURA,False
CCFC8856B2EE75B258F83A9BD8D590012639F2C3E9281B03568D96D0692E4D9A,Z001023455165.pdf,OTRO_DOCUMENTO,OTRO_DOCUMENTO,QR_ARCA_STRONG,F-FACD83D8B4281A05571A,1,0.38687125983378395,OTRO_DOCUMENTO,False,0.4129940789979527,OTRO_DOCUMENTO,False,0.37685215425326807,OTRO_DOCUMENTO,False
CD3258E1403C53DB4C5EACA945EF96391202785804131074295CCBE93FC71D03,Z001023283872.pdf,FACTURA,FACTURA,QR_ARCA_STRONG,F-4282D891EC4146496CC2,3,0.8543404111404344,FACTURA,False,0.8472975707158563,FACTURA,False,0.9170098623904025,FACTURA,False
CD4CD7560303283D5284D0D6B005BEEDB1CC792033BDCF94FB6BED9C4125C0E2,Z001023338082.pdf,FACTURA,FACTURA,QR_ARCA_STRONG,F-FC0763B62EEE2F9FCCE8,2,0.748924505534801,FACTURA,False,0.6805795470582655,FACTURA,False,0.7676023026639952,FACTURA,False
CDA31B4D8EB807890C25AEAC70F69CAE0352427C25F2FFB2206725CFD54D02E0,Z001023266216.pdf,FACTURA,FACTURA,OCR_STRONG,F-73AB37D8D5F65AA437FE,3,0.7764231808006237,FACTURA,False,0.7871589447109265,FACTURA,False,0.845200755867792,FACTURA,False
CDB639A0D68885C85F4A138356E228E627A7125AFD55A0013282FF29A7B544CB,Z001023321350.pdf,FACTURA,FACTURA,PDF_TEXT_STRONG,F-463F5D66BCFC1B95B4F2,3,0.7801786275759525,FACTURA,False,0.726126634714348,FACTURA,False,0.8177352389308122,FACTURA,False
CDCE4AFFBA4C7A14E62EC97B786AE463F5A06625309D2F3C7EC30632192363E0,Z001023423281.pdf,OTRO_DOCUMENTO,NOTA_DEBITO,QR_ARCA_STRONG,F-2225E7482E0C1A2CF093,2,0.6791666182183381,FACTURA,True,0.7001207261454109,FACTURA,True,0.7221564829707688,FACTURA,True
CDE2CF61792ECB1685A1B5D28F4185B11E4FFE284D37428507FA26C8426DAACE,Z001023436300.pdf,FACTURA,FACTURA,OCR_STRONG,F-73D1F939C9F0B93053BA,1,0.5749971230574663,FACTURA,False,0.5478301649942974,FACTURA,False,0.5964490335282461,FACTURA,False
CF8EE0C26F214C226A853C81CBE52E96BF760B42197050F3726F7344891B269F,Z001023467443.pdf,FACTURA,FACTURA,QR_ARCA_STRONG,F-6F5CAF1E1AEEB43C5486,2,0.7020897049686927,FACTURA,False,0.6632064854345425,FACTURA,False,0.7388553162292896,FACTURA,False
CFEBAFFA7B16C0A2A9DA4E31369F607C6769560AE4F0AF5DB7EBC7C7A5796942,Z001023305706.pdf,FACTURA,FACTURA,PDF_TEXT_STRONG,F-239031FB24D11A1289E7,3,0.7645024327425177,FACTURA,False,0.7352562253973663,FACTURA,False,0.810300549015767,FACTURA,False
D03C1B7D2CE5300F2A3C336A8087AE6560C158270F5B6818D0E8E90DA84B5550,Z001023398914.pdf,FACTURA,FACTURA,QR_ARCA_STRONG,F-FACD83D8B4281A05571A,1,0.7090515501615038,FACTURA,False,0.6348534582120241,FACTURA,False,0.7321347457841932,FACTURA,False
D0998159322E7036852951E3B6BB4631E0A5EF21ADFC0DFC39679D4F410C959F,Z001023243074.pdf,FACTURA,FACTURA,EXISTING_GROUND_TRUTH,F-F8EBECB216D6C0D8E1BE,3,0.7332444821422514,FACTURA,False,0.7264627802710819,FACTURA,False,0.7863364884248617,FACTURA,False
D0B7E38560380EE7EAF6E34B6061E48C5CF2F35B8AA99A8D2F89E7E6B0A3F40B,Z001023423301.pdf,FACTURA,FACTURA,PDF_TEXT_STRONG,F-EFE6E9C595B24436566B,3,0.6886614010811939,FACTURA,False,0.687481012122682,FACTURA,False,0.7501461240027809,FACTURA,False
D11EF5EFCB57C92D4BE706C631DEFF9D02684892A02A457AA7DF2790EC054948,Z001023385276.pdf,FACTURA,FACTURA,QR_ARCA_STRONG,F-DC0A2053B5A530D4C5EF,3,0.8219331485348064,FACTURA,False,0.7935087373687091,FACTURA,False,0.8673092553933803,FACTURA,False
D163D9B8B20036EC5A3CE46A3EA5FC17F7C3019E2243C66920EF6716BF3A65A9,Z001023351282.pdf,FACTURA,FACTURA,QR_ARCA_STRONG,F-463F5D66BCFC1B95B4F2,3,0.7113991908496415,FACTURA,False,0.6554359107752887,FACTURA,False,0.7376417945183422,FACTURA,False
D165FB62E80F26847F1F00B1DBD7E949928E56EC5C2A0EDD2FE929E4ABD85CB0,Z001023243377.pdf,FACTURA,FACTURA,EXISTING_GROUND_TRUTH,F-5A7941650D7DE31BC8A5,1,0.7414019132955022,FACTURA,False,0.7034907439062937,FACTURA,False,0.7953050750470934,FACTURA,False
D183235157D76503E27005F2393996607AA052447B62D8B048242B417E9E45B4,Z001023422471.pdf,FACTURA,FACTURA,QR_ARCA_STRONG,F-DC0A2053B5A530D4C5EF,3,0.8734622626045571,FACTURA,False,0.7996996521513443,FACTURA,False,0.900819641968976,FACTURA,False
D19AD7052E1DA4CDC234A7E9C645D2FE992C1AEB9092802605F5BE4CC83326EF,Z001023321074.pdf,FACTURA,FACTURA,QR_ARCA_STRONG,F-FACD83D8B4281A05571A,1,0.7476654178008445,FACTURA,False,0.681392135850553,FACTURA,False,0.7789733154569691,FACTURA,False
D1B8EF56BC2CC9568D9F04C2ED50CEA8C6F4A17561011E419D36CE40F034ABC8,Z001023266235.pdf,FACTURA,FACTURA,QR_ARCA_STRONG,F-6F5CAF1E1AEEB43C5486,2,0.7083839128788507,FACTURA,False,0.7017791268789921,FACTURA,False,0.7678391926385504,FACTURA,False
D1E6F1AF5284A0AD66F07602A7398225612A7F72630FAB3C140919894AB51E8E,Z001023385994.pdf,FACTURA,FACTURA,QR_ARCA_STRONG,F-463F5D66BCFC1B95B4F2,3,0.7364607583956904,FACTURA,False,0.6373179603395845,FACTURA,False,0.7469319178857818,FACTURA,False
D1F8966052F9585FA0A09C435D2ACA06180130A3DC9FDBDFE46534FA6BA34BD9,Z001023320996.pdf,FACTURA,FACTURA,PDF_TEXT_STRONG,F-E1B8D918E114096E5077,2,0.7197750939276039,FACTURA,False,0.7776119823032194,FACTURA,False,0.7983601188659888,FACTURA,False
D2009CF9F31D7894DB728342C16C23B5D69767488011AB222E69A86185D457AF,Z001023266342.pdf,FACTURA,FACTURA,QR_ARCA_STRONG,F-EE08C7103D2458E54189,0,0.7636276373635286,FACTURA,False,0.6800178713787635,FACTURA,False,0.7927401222022818,FACTURA,False
D22FA4C5DAD47E0503E3A3BFE4B9F69FCF46A197EFD9D5632C40ACD092587E8D,Z001023243752.pdf,FACTURA,FACTURA,QR_ARCA_STRONG,F-6F5CAF1E1AEEB43C5486,2,0.7983026184961458,FACTURA,False,0.7523322268534698,FACTURA,False,0.8410373591982104,FACTURA,False
D24949793794B54566EF791877070947AF6F5BEA0E1AE4D9AD59D0C7311C7730,Z001023384972.pdf,FACTURA,FACTURA,QR_ARCA_STRONG,F-463F5D66BCFC1B95B4F2,3,0.7569914957505451,FACTURA,False,0.683601477340628,FACTURA,False,0.7858315908639715,FACTURA,False
D278278F52A696DF386A5CD1DA883A54D42374905A42330A42B48E05DFBCE94F,Z001023454457.pdf,FACTURA,FACTURA,QR_ARCA_STRONG,F-8FB0C271F20EAB3092AA,3,0.7507523882714277,FACTURA,False,0.70872058305554,FACTURA,False,0.797431279065769,FACTURA,False
D2A9D1946120EC88B3B109FE0E565AF998A3E46A6B1166F1B13DB93D0FA7F3CA,Z001023435316.pdf,FACTURA,FACTURA,OCR_STRONG,F-463F5D66BCFC1B95B4F2,3,0.8239780952993139,FACTURA,False,0.7732116668058944,FACTURA,False,0.8594333120725495,FACTURA,False
D3360D063323398B960AB04D10199119F7B9065CBFD7101D262535999DABA93A,Z001023467518.pdf,FACTURA,FACTURA,QR_ARCA_STRONG,F-BB3946FCA5C1D8EE3510,3,0.7377504509178948,FACTURA,False,0.7354679372788815,FACTURA,False,0.7932288983996781,FACTURA,False
D381BF2B9FE9921A149F2EB5C74207B1E5A4B543B3C045A18B09CA2D7F403833,Z001023365895.pdf,FACTURA,FACTURA,QR_ARCA_STRONG,F-FACD83D8B4281A05571A,1,0.7403677092213126,FACTURA,False,0.6659253818740689,FACTURA,False,0.7667854427212492,FACTURA,False
D3FA25D4862E2993FB02982B9F4DE3C5E3B142BB76A254447C41DE643EAB4275,Z001023266231.pdf,FACTURA,FACTURA,QR_ARCA_STRONG,F-4A04ED19FCD7897FFCD0,3,0.7096619221145472,FACTURA,False,0.712809849359027,FACTURA,False,0.770137864444247,FACTURA,False
D41718D7740A44FC105BDCA62453EA10635C6857F3FFCD5C6FD6C0E517E74AB0,Z001023321892.pdf,FACTURA,FACTURA,QR_ARCA_STRONG,F-463F5D66BCFC1B95B4F2,3,0.7215645665351557,FACTURA,False,0.6338785588940501,FACTURA,False,0.735813613040626,FACTURA,False
D429E736D82B111075BDA9E832F25D555146ABAFCF3885B9B4590A612F337A71,Z001023268022.pdf,FACTURA,FACTURA,OCR_STRONG,F-66FEEC36CB99F857D1A9,2,0.8076729582335994,FACTURA,False,0.7867257055868841,FACTURA,False,0.883194334142193,FACTURA,False
D47F13C4D81C5BCE308D5DCB445BC07C07CC2768BC801833B8C24EDE0B3038E9,Z001023384991.pdf,FACTURA,FACTURA,QR_ARCA_STRONG,F-6F5CAF1E1AEEB43C5486,2,0.7653571703995243,FACTURA,False,0.7638281266704857,FACTURA,False,0.8259014991437248,FACTURA,False
D49E91493367E3924D7AF8AE16CA0B26567C40EC39687EF9043A0731EF840B3D,Z001023243740.pdf,FACTURA,FACTURA,QR_ARCA_STRONG,F-EE08C7103D2458E54189,0,0.8059221356824326,FACTURA,False,0.7124184968926736,FACTURA,False,0.8321252398062022,FACTURA,False
D4C3E3E5A6C8A6396585AED0657045546DB61BED0E576E6862CA8130164BCE08,Z001023242450.pdf,FACTURA,FACTURA,OCR_STRONG,F-F87B430E01864ABA8385,0,0.8653944936374259,FACTURA,False,0.8164498392673893,FACTURA,False,0.897755140081124,FACTURA,False
D5957D9DF6DF9855CAA5CE947E569B66D4ADC253C00A000A2FB29FD88DA8B763,Z001023306965.pdf,FACTURA,FACTURA,QR_ARCA_STRONG,F-6F5CAF1E1AEEB43C5486,2,0.7571148817660742,FACTURA,False,0.7608255361517924,FACTURA,False,0.821949472304996,FACTURA,False
D5A928540B4295A42FCF5B310EB45330AD6A407D3A188D3E5C3A05BA49112712,Z001023321055.pdf,FACTURA,FACTURA,QR_ARCA_STRONG,F-EE08C7103D2458E54189,0,0.7916791763812278,FACTURA,False,0.6995957553801768,FACTURA,False,0.8152127656878564,FACTURA,False
D63E75967E91D0B192DBD248E1D804951B173B81CF9853489C12D08AC21EACFF,Z001023266212.pdf,FACTURA,FACTURA,QR_ARCA_STRONG,F-FACD83D8B4281A05571A,1,0.776848659902807,FACTURA,False,0.7404749803224852,FACTURA,False,0.8258332703733148,FACTURA,False
D69C5625C65854258AE9E71A91F752CC7CF79E424FB3FED772131793213E2817,Z001023350418.pdf,FACTURA,FACTURA,QR_ARCA_STRONG,F-FACD83D8B4281A05571A,1,0.7188488891329714,FACTURA,False,0.6508303848692039,FACTURA,False,0.7464762715521911,FACTURA,False
D72C0946B3BAB976FE0144254A9CB9D0062673308D4DDED3AD7CB5A4033AB853,Z001023338066.pdf,FACTURA,FACTURA,QR_ARCA_STRONG,F-C04B37B1724168DE2084,3,0.7555068782487733,FACTURA,False,0.657279993055118,FACTURA,False,0.7728644675821082,FACTURA,False
D7462435CD41449C4DDA2E47EC6C3E4E72476EAC6641C372CCD50010C87C158F,Z001023435318.pdf,FACTURA,FACTURA,OCR_STRONG,F-463F5D66BCFC1B95B4F2,3,0.8034123547594284,FACTURA,False,0.6675366492304005,FACTURA,False,0.8078451715527403,FACTURA,False
D7F197A9AB144A1AA1A11A794B66EB9EFDB9593D983625A8E89878B8F0B2ACE0,Z001023305795.pdf,FACTURA,FACTURA,QR_ARCA_STRONG,F-EE08C7103D2458E54189,0,0.8086971498750143,FACTURA,False,0.7229304500221798,FACTURA,False,0.8395876190235912,FACTURA,False
D8451310F49BFC83155DD4B1EAA3B50BC11A07754D2EB597B1D99F873B2F1088,Z001023242819.pdf,FACTURA,FACTURA,QR_ARCA_STRONG,F-EE08C7103D2458E54189,0,0.7691319770262752,FACTURA,False,0.7255007394248086,FACTURA,False,0.817083597087011,FACTURA,False
D9447ECF57748BEF4988A73E44F26A440F700151DE00488453184DFA0B3BF88D,Z001023242291.pdf,FACTURA,FACTURA,QR_ARCA_STRONG,F-FACD83D8B4281A05571A,1,0.7209091430939985,FACTURA,False,0.6784969916389344,FACTURA,False,0.7639687583559381,FACTURA,False
D9687542799906085EC0185235899EE5C290FD8D41320CFA4E51C2C020D32952,Z001023454612.pdf,FACTURA,FACTURA,QR_ARCA_STRONG,F-FACD83D8B4281A05571A,1,0.7418865141988036,FACTURA,False,0.6618443793912888,FACTURA,False,0.7703310932555131,FACTURA,False
D9861CC700E580878AFB757A991F47553D144B376796E385B08231F27027C972,Z001023267409.pdf,FACTURA,FACTURA,QR_ARCA_STRONG,F-EE08C7103D2458E54189,0,0.7940899314192416,FACTURA,False,0.7094707107456074,FACTURA,False,0.8257234258098914,FACTURA,False
D9A662AF6AFE49CD7E0D29C5662AE48141573BFBDD571675FF24B6F4C47BA5B0,Z001023305766.pdf,FACTURA,FACTURA,QR_ARCA_STRONG,F-FACD83D8B4281A05571A,1,0.7350458148309689,FACTURA,False,0.6919554164923613,FACTURA,False,0.7776748307285991,FACTURA,False
D9BA143F0ECCCB29588BDD83672A67B86A0448BFE5F967FE255067BA929A1FDA,Z001023454363.pdf,FACTURA,FACTURA,OCR_STRONG,F-A63645627CE2D9A75BE5,3,0.7590566238805445,FACTURA,False,0.7765747594218069,FACTURA,False,0.8271114918057231,FACTURA,False
DA11050BCD5399CFE1C38C68BE43E4EB616BA34DEF9C03A1F2D697BC2FB4CEA6,Z001023266245.pdf,FACTURA,FACTURA,QR_ARCA_STRONG,F-77DF7B7AF18627AF7CC8,2,0.7784296707494313,FACTURA,False,0.639944860110286,FACTURA,False,0.7776806213031691,FACTURA,False
DA1D000CCEC08FADA509471CD0E20F6C981AF95C559091A786FE724290F3DCD4,Z001023306220.pdf,FACTURA,FACTURA,QR_ARCA_STRONG,F-FACD83D8B4281A05571A,1,0.723109072938918,FACTURA,False,0.629190671511857,FACTURA,False,0.7428727757665012,FACTURA,False
DA3BD00A4AAA630868A559B687F8C3383C0DEFEF30EE31ED863B3F1C29C2236E,Z001023266997.pdf,FACTURA,FACTURA,OCR_STRONG,F-832328D5B6CC43C2F3DC,3,0.75645541201956,FACTURA,False,0.7173033645171706,FACTURA,False,0.8021176937962875,FACTURA,False
DA5FFC1E9615BAE4423440693BFE0165F59ED356657DBBAF03C35DCBB83FA8F3,Z001023242525.pdf,FACTURA,FACTURA,QR_ARCA_STRONG,F-406AFFDAEA0F1DA6D75F,2,0.7426453728103316,FACTURA,False,0.6657557940760811,FACTURA,False,0.7638165521301516,FACTURA,False
DA74B2F8E4ABFBB5F64F133F2380B3F588F02C6FB2D1D7FADE497E2DC0D53000,Z001023267980.pdf,OTRO_DOCUMENTO,NOTA_DEBITO,QR_ARCA_STRONG,F-108FF89DFB4EC29C3343,0,0.6827802274578153,FACTURA,True,0.7782867097841404,FACTURA,True,0.786725015441386,FACTURA,True
DA90A93BE580F95FE5F57983444C78F6B0479F8D349B6390E07DCC05D543D713,Z001023366009.pdf,OTRO_DOCUMENTO,NOTA_CREDITO,PDF_TEXT_STRONG,F-17D8887E1AFD322C7FBE,3,0.6908014044279294,FACTURA,True,0.6941083356584878,FACTURA,True,0.7443518147948773,FACTURA,True
DA9100439F1D9A3B810F57E18F768FE200074871E2AC69D744B3736FEF1D21C4,Z001023338073.pdf,FACTURA,FACTURA,QR_ARCA_STRONG,F-FACD83D8B4281A05571A,1,0.6443629794152121,FACTURA,False,0.6151594298316069,FACTURA,False,0.6748309553659279,FACTURA,False
DAAD3153B676CE3FCF3DC97460A1F0F5CC77272AA8C84FE44BD32CB3F4546867,Z001023283896.pdf,FACTURA,FACTURA,QR_ARCA_STRONG,F-463F5D66BCFC1B95B4F2,3,0.7057122738384836,FACTURA,False,0.6484845876345546,FACTURA,False,0.7313884369078041,FACTURA,False
DAF83EEDC3D7764BA6C8D52B5F53F0AF0A298170E0DAA9D2C547D4E168418AF6,Z001023283806.pdf,FACTURA,FACTURA,QR_ARCA_STRONG,F-FACD83D8B4281A05571A,1,0.7002624085393939,FACTURA,False,0.6773504585000515,FACTURA,False,0.7438964641471034,FACTURA,False
DB4D29DFEC242149E7DEB2C674FB7A28625901B96391CC68D2F99F59A56FA6C7,Z001023305844.pdf,FACTURA,FACTURA,OCR_STRONG,F-C4EFEA98CD9D9490E678,2,0.7016082393964143,FACTURA,False,0.7531340884015776,FACTURA,False,0.810514965268284,FACTURA,False
DB543A149C7C3A5B0A723421AD7B1629FFD92C34ADB631A7BA21925B3F076B29,Z001023243749.pdf,FACTURA,FACTURA,QR_ARCA_STRONG,F-EE08C7103D2458E54189,0,0.64615047779359,FACTURA,False,0.5568836834803153,FACTURA,False,0.6440578307346573,FACTURA,False
DB673D2287ED075167C3AD89F1E5FDC18C3E581A75AE0FE0374AD0C4D6B099F8,Z001023242391.pdf,FACTURA,FACTURA,QR_ARCA_STRONG,F-FACD83D8B4281A05571A,1,0.6967585611308753,FACTURA,False,0.6950751195650516,FACTURA,False,0.7499074036587754,FACTURA,False
DC6BEB8D08A58B12A06B43633D7954F4CCBBDCDB1158A8163B478E251B92DC00,Z001023321059.pdf,FACTURA,FACTURA,QR_ARCA_STRONG,F-FACD83D8B4281A05571A,1,0.7057268161663948,FACTURA,False,0.655202090581953,FACTURA,False,0.7393273105278609,FACTURA,False
DC76A86B9B4E3732696B023C9D019C6DC29B1D74D19F0CDF62FA4EDAD0E8A5EC,Z001023283769.pdf,FACTURA,FACTURA,QR_ARCA_STRONG,F-6F5CAF1E1AEEB43C5486,2,0.7650248048511884,FACTURA,False,0.7539885737405724,FACTURA,False,0.825253125396769,FACTURA,False
DCBE22953A36AD961A008B180A630C81D0FF772119747EEE54ED8F628A4BC721,Z001023422278.pdf,FACTURA,FACTURA,QR_ARCA_STRONG,F-4426261E80B33B17CD1D,3,0.745338254663779,FACTURA,False,0.7454027865727899,FACTURA,False,0.8068626166811744,FACTURA,False
DCE7D65D2485570411821C53E99AA69569762370F3A8BA9D337328FB78AD391F,Z001023305874.pdf,FACTURA,FACTURA,QR_ARCA_STRONG,F-463F5D66BCFC1B95B4F2,3,0.7429583946547667,FACTURA,False,0.6744694610017414,FACTURA,False,0.769524147185376,FACTURA,False
DD372CF24ED476BE21C4FB16F5A440CA83602E0CAA7454BACE49CC46D719923D,Z001023466255.pdf,FACTURA,FACTURA,OCR_STRONG,F-5A19E47D686C678820E3,0,0.7992678904040528,FACTURA,False,0.7970762845503349,FACTURA,False,0.8588629170987854,FACTURA,False
DDBE1DD162D9C24A450E389593D498CD4910C291C70F8B233500F851987A8C59,Z001023398411.pdf,FACTURA,FACTURA,QR_ARCA_STRONG,F-D591D778E05641FBA116,2,0.7598322213564243,FACTURA,False,0.6875817352439345,FACTURA,False,0.7949340425316245,FACTURA,False
DDC35E7D6AC3D7DC2B7B9D7CD426188160168404668B566385F806DB0320AE7C,Z001023338088.pdf,FACTURA,FACTURA,PDF_TEXT_STRONG,F-463F5D66BCFC1B95B4F2,3,0.718403556303521,FACTURA,False,0.7335586816638907,FACTURA,False,0.7863203206087129,FACTURA,False
DF7A3B4C2638053020A877AA88828487B539F33CAFD992DBB4AC0545EFAF6B87,Z001023398680.pdf,FACTURA,FACTURA,QR_ARCA_STRONG,F-463F5D66BCFC1B95B4F2,3,0.7150723945071161,FACTURA,False,0.6050275658423868,FACTURA,False,0.7170147624737,FACTURA,False
DF98804B89AEF5F3D70700572F75630F33F42F33BACCEF62A0C7456066E94BFD,Z001023321111.pdf,FACTURA,FACTURA,QR_ARCA_STRONG,F-6F5CAF1E1AEEB43C5486,2,0.7319212943277362,FACTURA,False,0.751873040450283,FACTURA,False,0.8077850900946852,FACTURA,False
DF9A5A317396F2EB09F145A8BC30BF1CA3420C9B185FE1F3A7377B9342F66C88,Z001023283839.pdf,FACTURA,FACTURA,QR_ARCA_STRONG,F-EE08C7103D2458E54189,0,0.7463054619903582,FACTURA,False,0.6958956925834544,FACTURA,False,0.7828454841692896,FACTURA,False
DFBC2F2DB3574E4AF1A519731FA1E41DB8C6A90A30DE2485B771F7CDD6DBBA4E,Z001023243385.pdf,FACTURA,FACTURA,QR_ARCA_STRONG,F-127BD2FBDD2CC031C0FE,2,0.9135885693818895,FACTURA,False,0.9005497294187592,FACTURA,False,0.9435854848265973,FACTURA,False
DFC54FDC224631BBD64414B5BBC9C3CA5DC139B9CE35F60F89699C634A925331,Z001023266921.pdf,FACTURA,FACTURA,QR_ARCA_STRONG,F-6F5CAF1E1AEEB43C5486,2,0.7150835214486081,FACTURA,False,0.7174687811001561,FACTURA,False,0.7785469362081997,FACTURA,False
E06A1E27219A456A167CF1CA1583CC493930116EE7712D3A74BF870317C1A7F2,Z001023283755.pdf,FACTURA,FACTURA,QR_ARCA_STRONG,F-EE08C7103D2458E54189,0,0.8036591354730973,FACTURA,False,0.7332487091705621,FACTURA,False,0.8407934269708318,FACTURA,False
E13F5A758863FF61032D1246182C35726CC9310DD7822132AD96A4871C14DA3F,Z001023350375.pdf,FACTURA,FACTURA,OCR_STRONG,F-DCC01CD6C3861C7E4C3E,3,0.75975086973763,FACTURA,False,0.7347486565284269,FACTURA,False,0.8098036956832954,FACTURA,False
E1BD8687178653719CC1872F8CC1A422EBFBC862AAC4FE0F106A4B2947E9748E,Z001023284791.pdf,FACTURA,FACTURA,QR_ARCA_STRONG,F-EE08C7103D2458E54189,0,0.7776463335554561,FACTURA,False,0.669137525695704,FACTURA,False,0.8001681444848118,FACTURA,False
E24CD73FADF2105B11F012348D1FB638E3042428BB19A4DD43A96FA38A640157,Z001023350192.pdf,FACTURA,FACTURA,OCR_STRONG,F-DCC01CD6C3861C7E4C3E,3,0.7694337699305801,FACTURA,False,0.7461653481883456,FACTURA,False,0.8214571174424433,FACTURA,False
E27A2EB0D78D925DB0BFDCB44BC5F8990ECF15AB74B445EE4FC1480A7E895715,Z001023467587.pdf,FACTURA,FACTURA,QR_ARCA_STRONG,F-EE08C7103D2458E54189,0,0.793122658479423,FACTURA,False,0.7137026939278593,FACTURA,False,0.8238994277063268,FACTURA,False
E3705DD435EB0F9B9C65EFA33D57110D33CBB6E83A3E6A52B2E44FF8BEC70FD7,Z001023267296.pdf,FACTURA,FACTURA,QR_ARCA_STRONG,F-EE08C7103D2458E54189,0,0.7764447052383063,FACTURA,False,0.671727706217529,FACTURA,False,0.7963189756387812,FACTURA,False
E3907210A2F2D2D49FCEA7E4C99AB668D5AA7BD8771F20EF6057612BCF9F85DB,Z001023321070.pdf,FACTURA,FACTURA,QR_ARCA_STRONG,F-FACD83D8B4281A05571A,1,0.7390966490618043,FACTURA,False,0.6528558130977348,FACTURA,False,0.7669648128108955,FACTURA,False
E3E57561958F450655EFE21C39C6A1BD74B778E789835C7B5205A9E99203C24F,Z001023410372.pdf,FACTURA,FACTURA,QR_ARCA_STRONG,F-FACD83D8B4281A05571A,1,0.7368473175866973,FACTURA,False,0.65878134786245,FACTURA,False,0.7636191671317147,FACTURA,False
E3FFE6BAF7D9B5810F0A7789ECC24EFD30FBEEA0535B2782F1284D50CD87FB07,Z001023267291.pdf,FACTURA,FACTURA,QR_ARCA_STRONG,F-EE08C7103D2458E54189,0,0.771970973474074,FACTURA,False,0.6943008318635404,FACTURA,False,0.8018346692481105,FACTURA,False
E415A8C5F28A1BB5A8FAC4F146B80A6AA20CB17A4D6449ECC66AAD21C9BBB31B,Z001023267466.pdf,FACTURA,FACTURA,QR_ARCA_STRONG,F-127BD2FBDD2CC031C0FE,2,0.9185260749610541,FACTURA,False,0.9005638793477454,FACTURA,False,0.945365596691299,FACTURA,False
E417899D5543E4E7CB2D0AA826FD5695DAB8A3925730A905D316FA3996CE1A7B,Z001023306231.pdf,FACTURA,FACTURA,QR_ARCA_STRONG,F-FACD83D8B4281A05571A,1,0.7192001686835978,FACTURA,False,0.6718235876050196,FACTURA,False,0.7543063055811735,FACTURA,False
E4C8834C47AF140E5343783F033950248E083A1625265A1C39C19C9BBDFFA5BE,Z001023243402.pdf,FACTURA,FACTURA,QR_ARCA_STRONG,F-6F5CAF1E1AEEB43C5486,2,0.8030771306650868,FACTURA,False,0.7427076426231438,FACTURA,False,0.8394367582934114,FACTURA,False
E4D931275FE79FAD3F8C371E8E4DA52B707AB7EE6D8FAB6B34077072B75E4AD8,Z001023350944.pdf,FACTURA,FACTURA,QR_ARCA_STRONG,F-A69FDECE53AB69CF1845,2,0.7191839581999894,FACTURA,False,0.6012257005116375,FACTURA,False,0.7338180758200343,FACTURA,False
E4EE7B924E36DAC149A0DE6D3A14BDF33EF1EC5E95B862558B80009E2B4C6E40,Z001023283837.pdf,OTRO_DOCUMENTO,NOTA_CREDITO,QR_ARCA_STRONG,F-2225E7482E0C1A2CF093,2,0.6547996553251545,FACTURA,True,0.712764146281821,FACTURA,True,0.7082110370740721,FACTURA,True
E526C99083663455FF9D8A144F42B5D7CAF3BF3374B88E71DBD20C1423685C76,Z001023242824.pdf,FACTURA,FACTURA,QR_ARCA_STRONG,F-EE08C7103D2458E54189,0,0.7558368727901459,FACTURA,False,0.6417895057313742,FACTURA,False,0.7731778082359106,FACTURA,False
E599D9ADBD781E4D3A4F5A6A603485BA0633E20C447A9615538D861C54048306,Z001023242797.pdf,FACTURA,FACTURA,QR_ARCA_STRONG,F-EE08C7103D2458E54189,0,0.7920731064094533,FACTURA,False,0.7253668862864755,FACTURA,False,0.8309837446327385,FACTURA,False
E5DAF9B7F340994A01C320E83B9D64BF4D91ABC9AB1925DFF36394D86760BC84,Z001023410664.pdf,FACTURA,FACTURA,QR_ARCA_STRONG,F-FACD83D8B4281A05571A,1,0.7341338676014544,FACTURA,False,0.6582185245110733,FACTURA,False,0.7597334634117674,FACTURA,False
E5EA6863561EC0AC05BD8FC2C4486B673FAEB05EF771CC9073B78A9AE63CE293,Z001023478353.pdf,FACTURA,FACTURA,QR_ARCA_STRONG,F-EE08C7103D2458E54189,0,0.7848739778909685,FACTURA,False,0.6935174613398688,FACTURA,False,0.8097547211087747,FACTURA,False
E65B6E3964E2729270E86EAC179D0828B974A168788E3717BBF681DB950B91F4,Z001023455710.pdf,FACTURA,FACTURA,QR_ARCA_STRONG,F-6F5CAF1E1AEEB43C5486,2,0.7582485471662628,FACTURA,False,0.6785787565244594,FACTURA,False,0.7923942946658832,FACTURA,False
E6894908E97252F617612B361755AE4CADAD7D0D40883B34D66F68B267BAFBD3,Z001023338083.pdf,FACTURA,FACTURA,QR_ARCA_STRONG,F-EE08C7103D2458E54189,0,0.760317470908259,FACTURA,False,0.5995009157472152,FACTURA,False,0.7561349382718953,FACTURA,False
E69F094568C5FB504BF02555E1531ACAEFCF05B95F8E06AE52D73A1CA930A902,Z001023423282.pdf,OTRO_DOCUMENTO,NOTA_DEBITO,QR_ARCA_STRONG,F-2225E7482E0C1A2CF093,2,0.6378514633026716,FACTURA,True,0.7061061370054826,FACTURA,True,0.7055277647676266,FACTURA,True
E6B62C1D3E0FA12629EC352DE28028E3FFD836F43CD9ECA1407C095AF5275136,Z001023338075.pdf,FACTURA,FACTURA,QR_ARCA_STRONG,F-FACD83D8B4281A05571A,1,0.7089342030686364,FACTURA,False,0.6330982286075134,FACTURA,False,0.7368941423545595,FACTURA,False
E6DEC7B41595AE659C40B9A202C8DBA4FAFA17EFDFA5C56EBE4E4AC33BF085F4,Z001023266246.pdf,FACTURA,FACTURA,QR_ARCA_STRONG,F-FACD83D8B4281A05571A,1,0.7498287754291628,FACTURA,False,0.6703874651143499,FACTURA,False,0.775651598580406,FACTURA,False
E74DCB56CD5FFCAC5BBF5D0CDB70C2701C5448845EE0ACED3435345867B72447,Z001023338058.pdf,FACTURA,FACTURA,QR_ARCA_STRONG,F-8FB0C271F20EAB3092AA,3,0.7405496258486443,FACTURA,False,0.7177297859244404,FACTURA,False,0.7928598267127568,FACTURA,False
E8066B5FA877947A47862B566C3A752FD1BA514973CD2B01A7AD31803BBDD28B,Z001023243349.pdf,FACTURA,FACTURA,EXISTING_GROUND_TRUTH,F-12D78E5BCE33FB9957D7,2,0.6700468285723401,FACTURA,False,0.6211407978929796,FACTURA,False,0.7180225849584445,FACTURA,False
E88C84C17FBF54873E2C5056188F282A3BE7C2BA50CA2710A2A129BBC9BFD35F,Z001023435314.pdf,FACTURA,FACTURA,OCR_STRONG,F-463F5D66BCFC1B95B4F2,3,0.8138579101832801,FACTURA,False,0.7659317269025476,FACTURA,False,0.8499356776635352,FACTURA,False
E8C278DBDA744A0F50B779C7A63DD07DF32F4DF3C5E6A278F59FADD4D7D7A128,Z001023422516.pdf,FACTURA,FACTURA,QR_ARCA_STRONG,F-FACD83D8B4281A05571A,1,0.7406977737950395,FACTURA,False,0.6882218138383064,FACTURA,False,0.7785894028908943,FACTURA,False
E8DFF560940591F04A1A3D7D1A8A0662A8B10A3B4352D1777F260E3C4514ECB1,Z001023267465.pdf,FACTURA,FACTURA,QR_ARCA_STRONG,F-127BD2FBDD2CC031C0FE,2,0.9241723202692809,FACTURA,False,0.9063215380090472,FACTURA,False,0.9498834946075847,FACTURA,False
E8FAA2A7C3096561DE0CE371B71A647D301EAE49F822543E0C149049862BB795,Z001023454958.pdf,FACTURA,FACTURA,QR_ARCA_STRONG,F-78FBBC0583221AAC5789,2,0.6906254524904918,FACTURA,False,0.708143202904337,FACTURA,False,0.7749390633572505,FACTURA,False
E908DD409D867A6FD9362F638DDB6D1C51787DDDA28A2363CE9E6506226FDBEF,Z001023385772.pdf,FACTURA,FACTURA,QR_ARCA_STRONG,F-B7F49B6DC4F0173C4F2C,1,0.7784154074339799,FACTURA,False,0.5289055140865742,FACTURA,False,0.7210068062340839,FACTURA,False
E92EF2CC8ECEA4FA4AF559E894C9BB04CEBA9413F7356F43DDFF36BEA258F207,Z001023242329.pdf,FACTURA,FACTURA,QR_ARCA_STRONG,F-EE08C7103D2458E54189,0,0.7778984966856018,FACTURA,False,0.7041669171692524,FACTURA,False,0.809055906138552,FACTURA,False
E98D9C478D365617D3165BC4C9172CA7D69760AE566B4B515FED65F3C5918B03,Z001023338080.pdf,FACTURA,FACTURA,QR_ARCA_STRONG,F-FC0763B62EEE2F9FCCE8,2,0.7523902503190508,FACTURA,False,0.6814228839212514,FACTURA,False,0.7700803382804283,FACTURA,False
E9EC9350980F5F090AC48F43BF269EA7107CCF279E2BCF7BFDEEFECADC2A016F,Z001023266222.pdf,FACTURA,FACTURA,QR_ARCA_STRONG,F-FACD83D8B4281A05571A,1,0.7626501849921096,FACTURA,False,0.6697846299797233,FACTURA,False,0.7881442891448899,FACTURA,False
EA20BABFAC6D778461BFAFA2DE072720F8EA92BE874D3D6B4B1C39E421274D8F,Z001023242330.pdf,FACTURA,FACTURA,QR_ARCA_STRONG,F-EE08C7103D2458E54189,0,0.7958050490270668,FACTURA,False,0.7409169564800776,FACTURA,False,0.8360575015532675,FACTURA,False
EACECB02AB0B558853EC20E4A12CB99B7D8DCE528838F603A777CC80DEDF9A82,Z001023284320.pdf,FACTURA,FACTURA,PDF_TEXT_STRONG,F-832328D5B6CC43C2F3DC,3,0.7442028752128422,FACTURA,False,0.7382992156878769,FACTURA,False,0.8074345723082866,FACTURA,False
EBA323452EC7F15754E63AB2094D9D81C5BF968B786BEB95C927D4FD0C4ACA97,Z001023454409.pdf,FACTURA,FACTURA,QR_ARCA_STRONG,F-FACD83D8B4281A05571A,1,0.6764486367582162,FACTURA,False,0.6277851620047863,FACTURA,False,0.705780144995379,FACTURA,False
EC2D553A5E77BC31BDDE1D8CC4A00159A8D055FA1E0F7BD830AEBEC5B32F44D6,Z001023306134.pdf,FACTURA,FACTURA,QR_ARCA_STRONG,F-463F5D66BCFC1B95B4F2,3,0.710781981420464,FACTURA,False,0.643734405016855,FACTURA,False,0.7331440997397909,FACTURA,False
EC8FD193F7389BD89C31EC263C32EB6E9EAC3F226CDDD16ED6BB6F30B4360D56,Z001023284247.pdf,FACTURA,FACTURA,OCR_STRONG,F-3EC46382AC5DECDCE46F,3,0.7702155209190674,FACTURA,False,0.7711546239675747,FACTURA,False,0.8430451485454853,FACTURA,False
EC9F542C0D762349330D7C9D5BA35113FE54E325A7794D5D7246158EF14E78C4,Z001023454611.pdf,FACTURA,FACTURA,QR_ARCA_STRONG,F-127BD2FBDD2CC031C0FE,2,0.9121763256510086,FACTURA,False,0.9049758601860305,FACTURA,False,0.9452946513926584,FACTURA,False
ECAB84F2B7ACE6067202550CC1F288749C0D9933D73906EA57EC7E2CE27438EF,Z001023243378.pdf,FACTURA,FACTURA,QR_ARCA_STRONG,F-6F5CAF1E1AEEB43C5486,2,0.760876833172398,FACTURA,False,0.7675281697376121,FACTURA,False,0.8271435400429417,FACTURA,False
ED19A5F8AEC4AD20435C707E6523CA381B42F4AB56B354CCBBD95F9D549BEFD4,Z001023435552.pdf,FACTURA,FACTURA,QR_ARCA_STRONG,F-FACD83D8B4281A05571A,1,0.6894376466949562,FACTURA,False,0.6449052314379911,FACTURA,False,0.7243257940108884,FACTURA,False
ED9DA7E668125AAC48AC5D5CB1649B43B8E8636A4B0446E134B7941C890918D3,Z001023242381.pdf,FACTURA,FACTURA,QR_ARCA_STRONG,F-EE08C7103D2458E54189,0,0.795136390561622,FACTURA,False,0.7252800051222792,FACTURA,False,0.8320005716042747,FACTURA,False
EDC54B347FB32B128E5218BB92547F4AA440585DF3915ABC4D44D90098E2B18E,Z001023306726.pdf,FACTURA,FACTURA,QR_ARCA_STRONG,F-FACD83D8B4281A05571A,1,0.7333598035897784,FACTURA,False,0.6975767573633341,FACTURA,False,0.7836123273013639,FACTURA,False
EDC98B31AFA7DF61EF661801826D24693949F1D02F83E01A2A44D99732D13B50,Z001023384988.pdf,FACTURA,FACTURA,QR_ARCA_STRONG,F-6F5CAF1E1AEEB43C5486,2,0.7524189362659796,FACTURA,False,0.7446039512546528,FACTURA,False,0.8070323455346058,FACTURA,False
EE17F17B2E3BA04ED99337FE93B2F9107CF18A58C93502F0BF6938D7EBBC0185,Z001023305802.pdf,OTRO_DOCUMENTO,NOTA_CREDITO,QR_ARCA_STRONG,F-2225E7482E0C1A2CF093,2,0.7513703682428332,FACTURA,True,0.7505294978765837,FACTURA,True,0.7929596542098865,FACTURA,True
EE950C6BAF7DA9C86E8E4FDC679E2D5BDF85603D5EF1C8DD6FCFBA2FFE9541B1,Z001023466515.pdf,FACTURA,FACTURA,QR_ARCA_STRONG,F-EE08C7103D2458E54189,0,0.7405425942821192,FACTURA,False,0.7092071564692912,FACTURA,False,0.7858893496092295,FACTURA,False
EF7D8D2B6EB1DA2009EE2C414B127F6EA6B1B2EE8A71CDDE5D494B88BB7021E2,Z001023284774.pdf,OTRO_DOCUMENTO,OTRO_DOCUMENTO,QR_ARCA_STRONG,F-319491FEEAF6386D99BD,0,0.86761704471235,FACTURA,True,0.8417456949832435,FACTURA,True,0.9128460346678736,FACTURA,True
EF8D085AA0CC522DC505BFA3EE404551CA496928CC603CA9A2E2F72261C64480,Z001023284209.pdf,FACTURA,FACTURA,PDF_TEXT_STRONG,F-239031FB24D11A1289E7,3,0.7669965228941723,FACTURA,False,0.740064467906346,FACTURA,False,0.8132059369606613,FACTURA,False
EFA7644399240D4CE98CFC0922C43901B82B82154718FBA1C01D066A528AAE93,Z001023410379.pdf,FACTURA,FACTURA,OCR_STRONG,F-7D0D437DDC69268FCFC4,3,0.78815423578348,FACTURA,False,0.6741119236952872,FACTURA,False,0.8124114555487368,FACTURA,False
F02532D4FE739AE475EF518FE9ABF04523A9FCE2A2AF2966D6A8A65C39F06861,Z001023284318.pdf,FACTURA,FACTURA,QR_ARCA_STRONG,F-FACD83D8B4281A05571A,1,0.753900782241965,FACTURA,False,0.6894421053115735,FACTURA,False,0.7883356878851365,FACTURA,False
F128AA90E662AD7CDB80CA46AEBFBA2F20A8B122EEC15961781923955AD06E2E,Z001023267467.pdf,FACTURA,FACTURA,QR_ARCA_STRONG,F-127BD2FBDD2CC031C0FE,2,0.9180566444107907,FACTURA,False,0.9008875689335136,FACTURA,False,0.9454687524635476,FACTURA,False
F1D6DF38C956FF2FBF30C665EB678BEDC73541E868C90BBE1914DC39CFC81B74,Z001023337673.pdf,FACTURA,FACTURA,QR_ARCA_STRONG,F-FACD83D8B4281A05571A,1,0.7192001686835978,FACTURA,False,0.6718235876050196,FACTURA,False,0.7543063055811735,FACTURA,False
F1ED5614878958FA3F8F6FE4EC67586AED7BE453B74BAF85343B51C660276FC5,Z001023266224.pdf,FACTURA,FACTURA,QR_ARCA_STRONG,F-EE08C7103D2458E54189,0,0.8007701283395489,FACTURA,False,0.7593962691933636,FACTURA,False,0.8476512592257287,FACTURA,False
F20FB9FCF93C82B0A97A7A67BFE6F5483C480F94C937353FCAE85095E78B4D30,Z001023283753.pdf,OTRO_DOCUMENTO,OTRO_DOCUMENTO,QR_ARCA_STRONG,F-319491FEEAF6386D99BD,0,0.861350994313894,FACTURA,True,0.8394070019332953,FACTURA,True,0.9116208599727845,FACTURA,True
F27819BDCE09A908EAE141286E3F96A901693744C5D3E583CA40F3207CB07092,Z001023267253.pdf,FACTURA,FACTURA,QR_ARCA_STRONG,F-3668A88FC20749F1E323,3,0.7817364018600736,FACTURA,False,0.7176214339163421,FACTURA,False,0.8116712893937557,FACTURA,False
F31E350293C5EBBC824D100FFFB2E4A84115DC163CBFA5B15223DD440A617090,Z001023366957.pdf,FACTURA,FACTURA,QR_ARCA_STRONG,F-463F5D66BCFC1B95B4F2,3,0.7260722177879891,FACTURA,False,0.6317199240895198,FACTURA,False,0.7382809717234633,FACTURA,False
F36DDC207A40D81075D8AC15AFEE80E857697E22529B6126925EF8D73DC72A5A,Z001023267201.pdf,FACTURA,FACTURA,OCR_STRONG,F-C4EFEA98CD9D9490E678,2,0.7016082393964143,FACTURA,False,0.7526907308574218,FACTURA,False,0.8080094957357048,FACTURA,False
F3A3A486DF2712665DE56C52AF6656793D2486EDF2AA215E03C56349237419D6,Z001023267806.pdf,FACTURA,FACTURA,QR_ARCA_STRONG,F-FACD83D8B4281A05571A,1,0.6890840786948694,FACTURA,False,0.6682619635447424,FACTURA,False,0.7353266176666143,FACTURA,False
F443E494D46E40F1F5B004E0BC03FDCF866CA452BA358FAA128DE88FD1A1BFF2,Z001023435309.pdf,FACTURA,FACTURA,QR_ARCA_STRONG,F-FACD83D8B4281A05571A,1,0.73979827925139,FACTURA,False,0.6760552575588835,FACTURA,False,0.7708646593576189,FACTURA,False
F48A1CF87F8AE7742A2FE0A5582B1A27A673493A7DA2EDB8A8DADC5D2B77A63D,Z001023242312.pdf,FACTURA,FACTURA,QR_ARCA_STRONG,F-FACD83D8B4281A05571A,1,0.7524131066351966,FACTURA,False,0.6889125994565429,FACTURA,False,0.7911115305559682,FACTURA,False
F5019505DEE4B97949AF2E71B3420E3BE419C11A4BB446365BFC477970DE2BA9,Z001023283894.pdf,FACTURA,FACTURA,QR_ARCA_STRONG,F-463F5D66BCFC1B95B4F2,3,0.710352440298913,FACTURA,False,0.626509945957611,FACTURA,False,0.7249220957171559,FACTURA,False
F50D614053B0C0D28C26FFE3C5A4E0AE3408C9A201491B4026006E5AF86830BF,Z001023410374.pdf,FACTURA,FACTURA,OCR_STRONG,F-E2627E96B98E9A6575D4,1,0.7029394443781527,FACTURA,False,0.7068280301656933,FACTURA,False,0.7670312428872229,FACTURA,False
F59C802AC4208228045C36181C016950962BB99A00CD60D30068C9B2118271BC,Z001023267823.pdf,FACTURA,FACTURA,QR_ARCA_STRONG,F-FACD83D8B4281A05571A,1,0.6857615235011704,FACTURA,False,0.6525505796748442,FACTURA,False,0.7269964444830403,FACTURA,False
F5DB5A730173CF07DE8B6D1C34013C522B15E1124E2B2CB0117753C7086DF8D5,Z001023454517.pdf,FACTURA,FACTURA,OCR_STRONG,F-77F1ACB02A8A219F6BC8,0,0.7687530247570171,FACTURA,False,0.7905562895177591,FACTURA,False,0.8428805826810317,FACTURA,False
F5E3F2CB89A7829ADD137A5CD69F51BA5334263B7A0E5234D3E28FE6AB0EE9E1,Z001023305693.pdf,FACTURA,FACTURA,QR_ARCA_STRONG,F-463F5D66BCFC1B95B4F2,3,0.7907086436480683,FACTURA,False,0.7176247391083661,FACTURA,False,0.818492590132443,FACTURA,False
F61C02CEE3AA92440BD42E11C67AA26A3C2C9D34AB7AD8B0E95D7FF7C6FA3D53,Z001023454445.pdf,FACTURA,FACTURA,QR_ARCA_STRONG,F-8FB0C271F20EAB3092AA,3,0.7604015491960096,FACTURA,False,0.7104190167095101,FACTURA,False,0.8034412364330892,FACTURA,False
F63EFF161E10CF1225DD97065B64D1CA18F46DAE2F95D32106C15810281D8BC8,Z001023478149.pdf,FACTURA,FACTURA,QR_ARCA_STRONG,F-463F5D66BCFC1B95B4F2,3,0.690205800080863,FACTURA,False,0.650780834049474,FACTURA,False,0.7216667062642481,FACTURA,False
F68FFBB0988D213FEDF95E02671C5249BA98E44CC73C48633A144C420E746CCE,Z001023283689.pdf,FACTURA,FACTURA,QR_ARCA_STRONG,F-EE08C7103D2458E54189,0,0.7956799471306444,FACTURA,False,0.6877529830191653,FACTURA,False,0.8147223769979034,FACTURA,False
F6AC68EA31D6263F385CD363C26F1FFFF5ADE73640CA3BD10454220B6CE6CEC4,Z001023422113.pdf,FACTURA,FACTURA,OCR_STRONG,F-B5269576C44B14F588D5,1,0.7053335932774903,FACTURA,False,0.6174021627487386,FACTURA,False,0.7259420516604648,FACTURA,False
F6BD7A6DFD38FA6CC1436A75F1D68C77A0E0921050998B4803E87E4ED14FCD54,Z001023397916.pdf,FACTURA,FACTURA,QR_ARCA_STRONG,F-FACD83D8B4281A05571A,1,0.7082533786485778,FACTURA,False,0.6463767147779574,FACTURA,False,0.7397073359816762,FACTURA,False
F6E6DBE4FEE024C94DDDF78999FDB798300445A5CE72C950DB209353CAF5E7E1,Z001023243746.pdf,FACTURA,FACTURA,QR_ARCA_STRONG,F-FACD83D8B4281A05571A,1,0.7236869229357944,FACTURA,False,0.6725624929031239,FACTURA,False,0.7585525508977602,FACTURA,False
F6FE5E4E7DBEFC3BD76AA8082F39320D6E47DF09DFED6C259F5830908418EB7F,Z001023385377.pdf,OTRO_DOCUMENTO,OTRO_DOCUMENTO,QR_ARCA_STRONG,F-19E3E2219E79C363F63F,0,0.5927359540376798,FACTURA,True,0.5670252232382547,FACTURA,True,0.5897737992180266,FACTURA,True
F725B4229EBD565A5BE6A7ADB42AEA4114D1EAB6002088E2EBD038F51BAB05DE,Z001023397970.pdf,FACTURA,FACTURA,QR_ARCA_STRONG,F-FACD83D8B4281A05571A,1,0.7398358956119307,FACTURA,False,0.6861641903339051,FACTURA,False,0.7769931867899099,FACTURA,False
F7410A2B38FC9DE05D2F5D74DD79C5237FE01A8FA1ED3536844DF21777885ED9,Z001023321068.pdf,FACTURA,FACTURA,QR_ARCA_STRONG,F-6F5CAF1E1AEEB43C5486,2,0.7553619293638745,FACTURA,False,0.7249037136076152,FACTURA,False,0.8007815376832178,FACTURA,False
F75C4C0B9CB0F5C9DC73516970C0A96A09EDC1141F2EED9968A8CEF0786DA72B,Z001023336383.pdf,FACTURA,FACTURA,QR_ARCA_STRONG,F-EE08C7103D2458E54189,0,0.7018842216577034,FACTURA,False,0.6770909142898743,FACTURA,False,0.7487014384319063,FACTURA,False
F75E14D3306E582993E85C486C4085A4238AB020B76AAD0706CF5D2EFBD8711E,Z001023283736.pdf,FACTURA,FACTURA,QR_ARCA_STRONG,F-EE08C7103D2458E54189,0,0.7910330076936092,FACTURA,False,0.7111801359004272,FACTURA,False,0.8234583283800654,FACTURA,False
F7C9E186997998C8903EBB0761B5A5B6B2899BFC25A8AB3103635E0B5FA6D2FA,Z001023321843.pdf,FACTURA,FACTURA,QR_ARCA_STRONG,F-463F5D66BCFC1B95B4F2,3,0.7084976073203086,FACTURA,False,0.6278381731786599,FACTURA,False,0.7239082585286103,FACTURA,False
F7CDB6C9475CEAE90F1F8A67949A0D408B109C75B83F7F5ECCB0271E34450308,Z001023423265.pdf,FACTURA,FACTURA,QR_ARCA_STRONG,F-463F5D66BCFC1B95B4F2,3,0.7367347421532151,FACTURA,False,0.6767574944999633,FACTURA,False,0.7674326140069773,FACTURA,False
F7CE019C15AA7C975DCFDF582EF7DC4467993E469ACCB5CD34D2CB0119832525,Z001023306037.pdf,FACTURA,FACTURA,QR_ARCA_STRONG,F-EE08C7103D2458E54189,0,0.8456982572954725,FACTURA,False,0.7786118873865182,FACTURA,False,0.876950580878982,FACTURA,False
F7D4315B0BD34CA0C1F7F00511F6C2555B14BF1E08B0AFBD5C97CBBF1770A623,Z001023466517.pdf,FACTURA,FACTURA,OCR_STRONG,F-52A8D3E535639BC9066E,2,0.685968257186097,FACTURA,False,0.6647543168065931,FACTURA,False,0.7500814484064626,FACTURA,False
FAAA10795DFC3ED7953CF7632514C2517B7251C84DE9CAB5E9D400E49971752F,Z001023305871.pdf,FACTURA,FACTURA,QR_ARCA_STRONG,F-463F5D66BCFC1B95B4F2,3,0.6655438360704224,FACTURA,False,0.595421483598627,FACTURA,False,0.673090346009618,FACTURA,False
FB6BEE8F1D8BD758963C91213EA224344D076A9890EAE4D598AB4E5EB97F7FDF,Z001023285094.pdf,FACTURA,FACTURA,QR_ARCA_STRONG,F-6F5CAF1E1AEEB43C5486,2,0.7639490041636655,FACTURA,False,0.7089270396012634,FACTURA,False,0.8006425942609939,FACTURA,False
FB9793DC94A8178102D75A97E0840E287BDD71D8EA9F9B07588D1582BB3FBB75,Z001023268012.pdf,FACTURA,FACTURA,QR_ARCA_STRONG,F-EE08C7103D2458E54189,0,0.7990216429586723,FACTURA,False,0.7347487215833891,FACTURA,False,0.8374068728918532,FACTURA,False
FBCDA7565A60AAB32926B68591BF2C7A86F408D46DC228AA9E5F98D76ADD8FD2,Z001023306130.pdf,FACTURA,FACTURA,QR_ARCA_STRONG,F-FACD83D8B4281A05571A,1,0.745422484217074,FACTURA,False,0.6795356765814408,FACTURA,False,0.7745136153737944,FACTURA,False
FC7CAABF0DC37DA0008DAB21CB11879C300FEF215B2B69DCC0BD08081358CCFB,Z001023242802.pdf,FACTURA,FACTURA,QR_ARCA_STRONG,F-EE08C7103D2458E54189,0,0.7757112502532755,FACTURA,False,0.6990310397687499,FACTURA,False,0.8090397878317348,FACTURA,False
FCB7B5A2F524A16B19B60871079D42D4CF9A5A1C18278052A29B1366095DF71F,Z001023467464.pdf,FACTURA,FACTURA,QR_ARCA_STRONG,F-33B81ED9CE192B1C2F2E,2,0.7480791049095297,FACTURA,False,0.7023934567391225,FACTURA,False,0.7914856939966627,FACTURA,False
FD0BB6E9BCCBF8A365C21D5CE4ED8EC5D46F7C481770B64BB6007F404847129A,Z001023285093.pdf,FACTURA,FACTURA,QR_ARCA_STRONG,F-6F5CAF1E1AEEB43C5486,2,0.7705751350374089,FACTURA,False,0.7225939242959979,FACTURA,False,0.8114671329952111,FACTURA,False
FD0CE6D589C6F7FAA8B52B70D5AAF02E1683DFF17177426C2EF7C573B32B2998,Z001023385046.pdf,FACTURA,FACTURA,QR_ARCA_STRONG,F-FACD83D8B4281A05571A,1,0.7243295847646911,FACTURA,False,0.6984009332737905,FACTURA,False,0.7708445988496416,FACTURA,False
FD102BB007B1EA3F03EA7765BC8008838DD06D1745B09776C93A4EEE82F296B8,Z001023336277.pdf,FACTURA,FACTURA,QR_ARCA_STRONG,F-FACD83D8B4281A05571A,1,0.7242688935129178,FACTURA,False,0.6900374356593778,FACTURA,False,0.7679552858236873,FACTURA,False
FD719D239382ED1035085A73A2D28E113F954055440BA249D36B363204CA6DDC,Z001023385278.pdf,FACTURA,FACTURA,QR_ARCA_STRONG,F-6F5CAF1E1AEEB43C5486,2,0.7323181025252293,FACTURA,False,0.654886817085436,FACTURA,False,0.7600532745209307,FACTURA,False
FDCDEAAD3737F44D2E52B6D87E7BB584722551A7E913238841FF96D33A7FFE64,Z001023398838.pdf,FACTURA,FACTURA,QR_ARCA_STRONG,F-6F5CAF1E1AEEB43C5486,2,0.754975143357999,FACTURA,False,0.7273874126604575,FACTURA,False,0.8055556928074231,FACTURA,False
FDE1A18CA6E3D15C240BDE66DDD0ABE57C2F69E300A0AD72B135608E83DFBC49,Z001023306131.pdf,FACTURA,FACTURA,QR_ARCA_STRONG,F-463F5D66BCFC1B95B4F2,3,0.7299038126135475,FACTURA,False,0.6512853191215378,FACTURA,False,0.750378871301725,FACTURA,False
FDE2B1FCF8B3FCE9029D2A8D67D1D027ECA73F1CE24428A1203C942699F501B4,Z001023351295.pdf,FACTURA,FACTURA,QR_ARCA_STRONG,F-463F5D66BCFC1B95B4F2,3,0.711587110641693,FACTURA,False,0.6531619460191207,FACTURA,False,0.7363272139325749,FACTURA,False
FDE622A3433BE4D10FEA9E811DD12C8E4558F08219F6CF1BF974F698D2735C69,Z001023454442.pdf,FACTURA,FACTURA,QR_ARCA_STRONG,F-C04B37B1724168DE2084,3,0.7560606900425587,FACTURA,False,0.6577726851326345,FACTURA,False,0.7740018789191508,FACTURA,False
FDF0C9EACBFA6ADCDD4D8E651C451A9CDD65DBF7E8628426FA9C87F73F978DBD,Z001023454408.pdf,OTRO_DOCUMENTO,OTRO_DOCUMENTO,QR_ARCA_STRONG,F-319491FEEAF6386D99BD,0,0.8449016927573895,FACTURA,True,0.8409851965729211,FACTURA,True,0.9014840224865973,FACTURA,True
FE56C5F0D519D9084CA60878C88E88C121CA77BD55C9A438401793C2D6B46597,Z001023266867.pdf,FACTURA,FACTURA,QR_ARCA_STRONG,F-DB7766FFE78E622516F9,1,0.7622767891938838,FACTURA,False,0.5016839753141261,FACTURA,False,0.6931476177185929,FACTURA,False
FE6DD8A436FECC831B72D6EEE3E06DA7DEFD15DDB4CF19A2388187D93D5E8914,Z001023454946.pdf,FACTURA,FACTURA,PDF_TEXT_STRONG,F-A6E816EB9E43FECB1ACB,2,0.6030425531951473,FACTURA,False,0.5920010087287645,FACTURA,False,0.6500586172858889,FACTURA,False
FEE0DCEE07817A24C8E345D3710B243B72CC2A4A160CF256A18804E4FFCE8E83,Z001023243370.pdf,FACTURA,FACTURA,QR_ARCA_STRONG,F-DC0A2053B5A530D4C5EF,3,0.8732829248838634,FACTURA,False,0.8320496848951383,FACTURA,False,0.9121474157755529,FACTURA,False
FEF50B26E0EABF3B4D805C219F18D4B4952805C3E1426AAC76B536A9EE0B8538,Z001023283881.pdf,OTRO_DOCUMENTO,NOTA_CREDITO,QR_ARCA_STRONG,F-2225E7482E0C1A2CF093,2,0.6714239477836734,FACTURA,True,0.718165870662626,FACTURA,True,0.7255697904777089,FACTURA,True
FF045409E4708976F60CFA2E5A97D7A99302672D09D4EFB989C13B04774ADCEF,Z001023455127.pdf,OTRO_DOCUMENTO,OTRO_DOCUMENTO,QR_ARCA_STRONG,F-FACD83D8B4281A05571A,1,0.3930235882304603,OTRO_DOCUMENTO,False,0.42332392751616693,OTRO_DOCUMENTO,False,0.38734556473503484,OTRO_DOCUMENTO,False
FF43565801C01262106827D1A3294DC8FABE7E49F326193BB924678EA8833D59,Z001023367213.pdf,FACTURA,FACTURA,PDF_TEXT_STRONG,F-3BA8B67ACD3C697FA8AD,2,0.719377770105011,FACTURA,False,0.7269130384393659,FACTURA,False,0.7907608848534767,FACTURA,False
FF477AE4BDC128E02DCC79434A90D0F9F247A51A83F65655F76A4F4430B60853,Z001023320990.pdf,FACTURA,FACTURA,QR_ARCA_STRONG,F-19DFBD73F91E34BD601B,1,0.833067276190034,FACTURA,False,0.8085952600317663,FACTURA,False,0.8885998443289912,FACTURA,False
FF8A0539D9B1410CF169E263973F187525B9B6918594943D2AA56275F3E2A8F0,Z001023305687.pdf,FACTURA,FACTURA,OCR_STRONG,F-463F5D66BCFC1B95B4F2,3,0.7276666107017461,FACTURA,False,0.803693568131121,FACTURA,False,0.8305653591239812,FACTURA,False
FF9B0AF18147938FF023F9B6CB62B31B38FFCC33B27FD1496A1073935FC0BA00,Z001023467513.pdf,FACTURA,FACTURA,OCR_STRONG,F-42C5622A9D25DE95FE79,2,0.7650028232417925,FACTURA,False,0.7100003364047062,FACTURA,False,0.8039893322423358,FACTURA,False
FFBC84F8D220A03D34648EAFC0E9441B5AD9267065AD40A4E0C7CBB48D4F977D,Z001023385298.pdf,FACTURA,FACTURA,QR_ARCA_STRONG,F-FACD83D8B4281A05571A,1,0.7254204561770248,FACTURA,False,0.677829886900151,FACTURA,False,0.7667471212270053,FACTURA,False
FFC223740A59AAC2F4D9E71E5A2799843D2F7674B96B265B21668F6D9F84A32D,Z001023365934.pdf,FACTURA,FACTURA,QR_ARCA_STRONG,F-EE08C7103D2458E54189,0,0.8048271563557292,FACTURA,False,0.7417564355944016,FACTURA,False,0.8413956152664649,FACTURA,False
