Sha256,FileName,FamilyId,TextAvailable,TextScore,HeaderTextScore,ScoreDifference,Uncertainty,FamilyTrainingCount,ReviewReason,HeaderTextAvailable,SemanticSimilarityToOtro,PriorityScore,InferenceStatus
9D9DCD74FDCADF6E7F394B283EC849B42A5DDB2941D87CCBABC7A7DB6C1D1329,Z001023350216.pdf,F-3FC8E5F62E6BBF083D8A,True,0.2712829683455356,0.5856506850442017,0.3143677166986661,0.8286986299115966,0,BAJO_PFACTURA;INCERTIDUMBRE;FAMILIA_POCO_REPRESENTADA;SIMILITUD_CON_OTRO_CONOCIDO,True,0.7158880131579309,0.6659723376389848,OK
B74F2DCA315F2C0C20BD3F950FE7D0CDD421C9AB08E1DA4D9B39FBF0A428EB87,Z001023467602.pdf,F-F46647672BE189FABE87,True,0.2888881700976007,0.48071781413519366,0.19182964403759295,0.9614356282703873,0,BAJO_PFACTURA;INCERTIDUMBRE;FAMILIA_POCO_REPRESENTADA;SIMILITUD_CON_OTRO_CONOCIDO,True,0.6781141857544035,0.6444289057863565,OK
1D13477161B6EB6F50A6EBAFE735A74D351D55222F26B460197C1D95EE5798A5,Z001023322781.pdf,F-88C02FEA601F21AC4924,True,0.28815408799505393,0.4782440884939418,0.19009000049888786,0.9564881769878836,0,BAJO_PFACTURA;INCERTIDUMBRE;FAMILIA_POCO_REPRESENTADA;SIMILITUD_CON_OTRO_CONOCIDO,True,0.6807447354647207,0.6438085650213551,OK
8CACCA49C1F3830446384AE1E40B0ADE9991E5BF0452601621929CC77DEF4CD3,Z001023454865.pdf,F-44482D15570D2EFCE898,True,0.2820247813344075,0.4712899453900889,0.1892651640556814,0.9425798907801778,0,BAJO_PFACTURA;INCERTIDUMBRE;FAMILIA_POCO_REPRESENTADA;SIMILITUD_CON_OTRO_CONOCIDO,True,0.6787944155758779,0.6437728036547719,OK
CF1B0AAD4B633322B50D7FFDBEDBED32C1B7DF11A46EBE800F4AB45DC0B8CDBD,Z001023336745.pdf,F-D1AD771B95B69FD65DF1,True,0.2893362350667956,0.45132452245787674,0.16198828739108112,0.9026490449157535,0,BAJO_PFACTURA;INCERTIDUMBRE;FAMILIA_POCO_REPRESENTADA;SIMILITUD_CON_OTRO_CONOCIDO,True,0.6848294208561857,0.6286428766440336,OK
A32ECD1BFF857D02AB31FBFE06D1869C3F0497B9D4FF9A69A02E307D0FC33208,Z001023454410.pdf,F-6C00B1F826C0143333BB,True,0.2967852447669217,0.4596721926209206,0.16288694785399893,0.9193443852418413,0,BAJO_PFACTURA;INCERTIDUMBRE;FAMILIA_POCO_REPRESENTADA;SIMILITUD_CON_OTRO_CONOCIDO,True,0.6661085580194935,0.6265201526449566,OK
1ED61F74F18006764BD6449DD4DFD2A4762E84307C9B3636FB875B1E0D7E9F26,Z001023454624.pdf,F-FD79B9742B962097BA91,True,0.26670589838501296,0.4099839232456092,0.14327802486059626,0.8199678464912185,0,BAJO_PFACTURA;INCERTIDUMBRE;FAMILIA_POCO_REPRESENTADA;SIMILITUD_CON_OTRO_CONOCIDO,True,0.7322872110793256,0.6253610449427591,OK
3B58AAEBE704B77164E221693C2D296A4476F9D75BE9585F0A2643A003D476A6,Z001023242287.pdf,F-88C02FEA601F21AC4924,True,0.28546168930878696,0.4401553705492133,0.15469368124042632,0.8803107410984266,0,BAJO_PFACTURA;INCERTIDUMBRE;FAMILIA_POCO_REPRESENTADA;SIMILITUD_CON_OTRO_CONOCIDO,True,0.6798507457048993,0.6245204303218458,OK
3B394E621E927A5D336A282E41A7695E344AC81CD76DC7C6B82C5636FEFA5282,Z001023397806.pdf,F-1794A36B305A056A7A4A,True,0.3204291869529332,0.4914974072825484,0.17106822032961522,0.9829948145650969,0,BAJO_PFACTURA;INCERTIDUMBRE;FAMILIA_POCO_REPRESENTADA;SIMILITUD_CON_OTRO_CONOCIDO,True,0.6138129920286758,0.6234259016888627,OK
52E48E94AE02735B5811D4F43291DFC21DA9074983A85E5BB255BD0A4C6FA77C,Z001023242292.pdf,F-1794A36B305A056A7A4A,True,0.2886567978051528,0.4412603262987013,0.15260352849354852,0.8825206525974026,0,BAJO_PFACTURA;INCERTIDUMBRE;FAMILIA_POCO_REPRESENTADA;SIMILITUD_CON_OTRO_CONOCIDO,True,0.6820730552825209,0.6232735664191884,OK
291D53881AC4D3DB4444FEAB3EEA3F5E6E143D9ABC61352ACD5952CE33E4D9A1,Z001023386296.pdf,F-1794A36B305A056A7A4A,True,0.28631154886963023,0.4343815059994256,0.14806995712979537,0.8687630119988512,0,BAJO_PFACTURA;INCERTIDUMBRE;FAMILIA_POCO_REPRESENTADA;SIMILITUD_CON_OTRO_CONOCIDO,True,0.6806514358994226,0.6208724651243667,OK
3C94257F7903975E81A85B51D28E34E5F606FD9A65B196B49A7E627B796A8ED2,Z001023423303.pdf,F-935650FEBAB4DA364984,True,0.32340967735643233,0.4918261935695052,0.16841651621307285,0.9836523871390104,0,BAJO_PFACTURA;INCERTIDUMBRE;FAMILIA_POCO_REPRESENTADA;SIMILITUD_CON_OTRO_CONOCIDO,True,0.6021443365366369,0.6205025498352106,OK
8441B87BFC984C929BA7CAD936B73DC8744FCB5AFCE7621462F69256E436A220,Z001023386297.pdf,F-1794A36B305A056A7A4A,True,0.2882942620617472,0.4342356489386168,0.14594138687686964,0.8684712978772337,0,BAJO_PFACTURA;INCERTIDUMBRE;FAMILIA_POCO_REPRESENTADA;SIMILITUD_CON_OTRO_CONOCIDO,True,0.6833137764215959,0.6197697142182631,OK
F317BB18993C7CED7A45AA3F6FD178FA96A6172E7FABD7108EEF224157CC0671,Z001023455638.pdf,F-1794A36B305A056A7A4A,True,0.28788776980788144,0.4336209602082581,0.14573319040037663,0.8672419204165162,0,BAJO_PFACTURA;INCERTIDUMBRE;FAMILIA_POCO_REPRESENTADA;SIMILITUD_CON_OTRO_CONOCIDO,True,0.682690674476431,0.619633545187062,OK
95F2C9C4D0C1D6280F1EB19BEFBEBD0BA285843D7F7A512DB9D892EE33ED6304,Z001023455637.pdf,F-1794A36B305A056A7A4A,True,0.2881028585943287,0.4328932220216917,0.144790363427363,0.8657864440433835,0,BAJO_PFACTURA;INCERTIDUMBRE;FAMILIA_POCO_REPRESENTADA;SIMILITUD_CON_OTRO_CONOCIDO,True,0.682879949281588,0.6191124089537756,OK
D0B235541FF454DD27C268EFAEAD6B7BD9413252680BF968BD1A73DFBAB8FBF2,Z001023422650.pdf,F-1794A36B305A056A7A4A,True,0.2879129162020264,0.4301806069052463,0.14226769070321987,0.8603612138104926,0,BAJO_PFACTURA;INCERTIDUMBRE;FAMILIA_POCO_REPRESENTADA;SIMILITUD_CON_OTRO_CONOCIDO,True,0.6817343082031351,0.6176293690868817,OK
BD1E0ED2FF5728514FE2BA73BC86754E43DF43FC802597B768C1BE1E3E86828D,Z001023242494.pdf,F-E0E6D4CC2AAA356496FF,True,0.3180202745911158,0.47624852821855473,0.15822825362743892,0.9524970564371095,0,BAJO_PFACTURA;INCERTIDUMBRE;FAMILIA_POCO_REPRESENTADA;SIMILITUD_CON_OTRO_CONOCIDO,True,0.6125325430039258,0.6164767663363724,OK
31328D4E2153E46FAAAE9641222277DAE1F13947AF9A092B4BB7755FBBB9A801,Z001023386156.pdf,F-46037C8538DCC1CC60E9,True,0.28413004108259976,0.42324645360337637,0.1391164125207766,0.8464929072067527,0,BAJO_PFACTURA;INCERTIDUMBRE;FAMILIA_POCO_REPRESENTADA;SIMILITUD_CON_OTRO_CONOCIDO,True,0.6778663149451181,0.615887654272679,OK
A6D943E86073406D69A2BE4C1751A6C7EB285A3860B94FE6E1A630775C2D1280,Z001023455639.pdf,F-1794A36B305A056A7A4A,True,0.2897641719112227,0.4281848936796037,0.138420721768381,0.8563697873592074,0,BAJO_PFACTURA;INCERTIDUMBRE;FAMILIA_POCO_REPRESENTADA;SIMILITUD_CON_OTRO_CONOCIDO,True,0.6826437017330725,0.6154193499547945,OK
918370F621103ADF69B84A631E8BCEBB4FDFA068BB4289E44E615F647AD48657,Z001023386326.pdf,F-1794A36B305A056A7A4A,True,0.2881079077813463,0.4244626384283474,0.1363547306470011,0.8489252768566948,0,BAJO_PFACTURA;INCERTIDUMBRE;FAMILIA_POCO_REPRESENTADA;SIMILITUD_CON_OTRO_CONOCIDO,True,0.6831739011488361,0.6145017011925996,OK
F5B20E2FAC033C9D5BA92D99C949698DBB26043F8E3F3F442FED8229556887A2,Z001023454353.pdf,F-8D79124EE795FD7A7513,True,0.2891688411323584,0.4215561920807077,0.1323873509483493,0.8431123841614154,0,BAJO_PFACTURA;INCERTIDUMBRE;FAMILIA_POCO_REPRESENTADA;SIMILITUD_CON_OTRO_CONOCIDO,True,0.6678356364770016,0.6106797225560565,OK
8E13B132B3C35681FD69825FDE333EBCA80C317CA504C213983AAC7C752C5051,Z001023386325.pdf,F-1794A36B305A056A7A4A,True,0.289248676003983,0.41637089981185404,0.12712222380787103,0.8327417996237081,0,BAJO_PFACTURA;INCERTIDUMBRE;FAMILIA_POCO_REPRESENTADA;SIMILITUD_CON_OTRO_CONOCIDO,True,0.6830782590320388,0.6093001813971347,OK
2076838F1D52111FD6BC4EE423E4CCB3B132F44875254A486F179702AC11CD3E,Z001023284938.pdf,F-F658E033C4D54733E55E,True,0.27092429406519336,0.39157735388381754,0.12065305981862418,0.7831547077676351,0,BAJO_PFACTURA;FAMILIA_POCO_REPRESENTADA;SIMILITUD_CON_OTRO_CONOCIDO,True,0.6991042998067859,0.6091771834744026,OK
656D5AE0B6E56A426A27D1641C28FD6399B7C35B09FF73D37BA1F9BB63A1B752,Z001023466586.pdf,F-AB87D0B2C88FB403BAD9,True,0.28711939374212414,0.41521025845350545,0.1280908647113813,0.8304205169070109,0,BAJO_PFACTURA;INCERTIDUMBRE;FAMILIA_POCO_REPRESENTADA;SIMILITUD_CON_OTRO_CONOCIDO,True,0.6710786181333516,0.6088458980303825,OK
029BA74C659EF4DD76D6B27B185845B1D08198841CC36B27A5670D9A22ABD069,Z001023322190.pdf,F-D82C7BBE00D168058BFD,True,0.2914003175166078,0.41697514772827565,0.12557483021166788,0.8339502954565513,0,BAJO_PFACTURA;INCERTIDUMBRE;FAMILIA_POCO_REPRESENTADA;SIMILITUD_CON_OTRO_CONOCIDO,True,0.6727002268018347,0.60719614754494,OK
269759132FB55D567FEEA3FF49AB869F3C2551A726DD615F70808EDF43CE48CE,Z001023397756.pdf,F-BE2EF1FE2EAEAF0C17E3,True,0.35100922650214994,0.4998207007478582,0.1488114742457083,0.9996414014957165,0,INCERTIDUMBRE;FAMILIA_POCO_REPRESENTADA;SIMILITUD_CON_OTRO_CONOCIDO,True,0.5879642855229819,0.6055418167372227,OK
3504BC9DB0D6985ADC2509C7561829CBDC4C3AEF3608271344B8AAA78193893A,Z001023284287.pdf,F-3222561D40C41F58F70C,True,0.28619437511980617,0.4034302194081619,0.11723584428835576,0.8068604388163239,0,BAJO_PFACTURA;INCERTIDUMBRE;FAMILIA_POCO_REPRESENTADA;SIMILITUD_CON_OTRO_CONOCIDO,True,0.6500148247826649,0.6008617593248815,OK
61028A70518BA892F45603BF90EC226C18A19A5179CFD58A8C6A7038250D18A9,Z001023422190.pdf,F-2E0495C4CFFDB5F65834,True,0.2668201150816703,0.3759763936390657,0.1091562785573954,0.7519527872781314,0,BAJO_PFACTURA;FAMILIA_POCO_REPRESENTADA;SIMILITUD_CON_OTRO_CONOCIDO,True,0.6643054266452499,0.5997844843629254,OK
86843BA2824BF042AC7FB104A213134C86A7CC60C61C2849ECD243AC58702D17,Z001023467590.pdf,F-F46647672BE189FABE87,True,0.2769725494946232,0.3842953434031571,0.10732279390853389,0.7685906868063141,0,BAJO_PFACTURA;FAMILIA_POCO_REPRESENTADA;SIMILITUD_CON_OTRO_CONOCIDO,True,0.6785788084273076,0.599188162542962,OK
B50033761C545171297B9A1ECC24CB16299CC271859962E767F5A43D1A74A813,Z001023306727.pdf,F-960EB424FA8B0719AED9,True,0.28295595523918005,0.38904288333836534,0.1060869280991853,0.7780857666767307,0,BAJO_PFACTURA;FAMILIA_POCO_REPRESENTADA;SIMILITUD_CON_OTRO_CONOCIDO,True,0.6900036457235242,0.5990525795029862,OK
92BED5F1C789C4E62BFF3973C0D0E2CA2AF22D3A88D70A4530DFBDA5FFFAF7D3,Z001023423285.pdf,F-3EF7CA83414B45150AAA,True,0.16913329743947197,0.1085487854676092,0.06058451197186278,0.33826659487894395,0,BAJO_PFACTURA;FAMILIA_POCO_REPRESENTADA;SIMILITUD_CON_OTRO_CONOCIDO,True,0.754835386146898,0.5979501416524535,OK
C2AFDB1568B744D697C3CD2B931B30D120DC01DA9CEED3D069EE948FB11956BC,Z001023306728.pdf,F-960EB424FA8B0719AED9,True,0.27872255313102196,0.3814027276041682,0.10268017447314626,0.7628054552083364,0,BAJO_PFACTURA;FAMILIA_POCO_REPRESENTADA;SIMILITUD_CON_OTRO_CONOCIDO,True,0.69132360380641,0.5977342010277692,OK
72EDC21A6C809D59BF19C16BA004EBEDB2A9EF36E30C4021255587BD85D02DFA,Z001023365874.pdf,F-0BF3367B68289EBD135F,True,0.35749072747908106,0.5278899706688515,0.1703992431897704,0.9442200586622971,0,INCERTIDUMBRE;FAMILIA_POCO_REPRESENTADA;SIMILITUD_CON_OTRO_CONOCIDO,True,0.5603009759556398,0.5972666262007188,OK
9CD3EF32AAC9B333AA663DBDB9C3C50A0569492018FB064DE7CC5131F4E5E0CB,Z001023337682.pdf,F-0BF3367B68289EBD135F,True,0.35749072747908106,0.5278899706688515,0.1703992431897704,0.9442200586622971,0,INCERTIDUMBRE;FAMILIA_POCO_REPRESENTADA;SIMILITUD_CON_OTRO_CONOCIDO,True,0.5603009759556398,0.5972666262007188,OK
E4F3E90DFCD1CD5DE0C8E004D83C55B25F29591424CD0D32EB9A5E26F1641223,Z001023284208.pdf,F-2E0495C4CFFDB5F65834,True,0.2725552958860202,0.3764046323511435,0.10384933646512334,0.752809264702287,0,BAJO_PFACTURA;FAMILIA_POCO_REPRESENTADA;SIMILITUD_CON_OTRO_CONOCIDO,True,0.6696690449604699,0.5968285099632629,OK
D19186FF7C1D0B8802E049D695AD55E88ED02E59A2056380B48DB82C1D1F810B,Z001023423307.pdf,F-6E242ACAA2BDE969DEE9,True,0.2629452800135905,0.3543868699877645,0.09144158997417395,0.708773739975529,0,BAJO_PFACTURA;FAMILIA_POCO_REPRESENTADA;SIMILITUD_CON_OTRO_CONOCIDO,True,0.7206104347177507,0.5960593899562118,OK
895412EA332ACCBA41F9B28494B31FAE1EA1AA820FC26815D81C84882DA4176D,Z001023397812.pdf,F-1794A36B305A056A7A4A,True,0.24374266305479425,0.3190531522693237,0.07531048921452943,0.6381063045386474,0,BAJO_PFACTURA;FAMILIA_POCO_REPRESENTADA;SIMILITUD_CON_OTRO_CONOCIDO,True,0.74928103214563,0.5919746059770747,OK
32E8B48195B841B268A109CF781BAB6898A259ED433D0D655D092E1C2B5A8EE9,Z001023455617.pdf,F-1794A36B305A056A7A4A,True,0.3148543922884684,0.4225102658190843,0.1076558735306159,0.8450205316381686,0,BAJO_PFACTURA;INCERTIDUMBRE;FAMILIA_POCO_REPRESENTADA;SIMILITUD_CON_OTRO_CONOCIDO,True,0.6385152979311143,0.5915768210061034,OK
0C7925D145798B93A239B694B566BDABF9C25A810391C7A3C1A06180F8BD0624,Z001023351253.pdf,F-960EB424FA8B0719AED9,True,0.27944381613102215,0.3673402254130735,0.08789640928205134,0.734680450826147,0,BAJO_PFACTURA;FAMILIA_POCO_REPRESENTADA;SIMILITUD_CON_OTRO_CONOCIDO,True,0.6935134336982517,0.5897499868618512,OK
E84EE2D8F3FFFC56FD00153CFED67AEC614227120151E973AFFC920D0E796D2C,Z001023386153.pdf,F-960EB424FA8B0719AED9,True,0.2777938564044013,0.362634227806345,0.08484037140194373,0.72526845561269,0,BAJO_PFACTURA;FAMILIA_POCO_REPRESENTADA;SIMILITUD_CON_OTRO_CONOCIDO,True,0.6918224307212391,0.5880650617027529,OK
4C411CF48623280119E0ED769E084B7CEBD8DCAB71779167D6010F853B29C0A7,Z001023243741.pdf,F-2E0495C4CFFDB5F65834,True,0.25996260566530893,0.34651152495021353,0.0865489192849046,0.6930230499004271,0,BAJO_PFACTURA;FAMILIA_POCO_REPRESENTADA;SIMILITUD_CON_OTRO_CONOCIDO,True,0.6622563420015033,0.5878312792403171,OK
20B544DC3592067EB9B4670C527A8CDE245286CCF376D0F414A46958E219053D,Z001023306781.pdf,F-960EB424FA8B0719AED9,True,0.27862776237777837,0.35823270825778214,0.07960494588000377,0.7164654165155643,0,BAJO_PFACTURA;FAMILIA_POCO_REPRESENTADA;SIMILITUD_CON_OTRO_CONOCIDO,True,0.6899512736608765,0.5849150713623119,OK
2FF2E066C974DC58D1F1E6778660C08F00D4A488FBF067E0C9C7B7FF7B694FD9,Z001023321188.pdf,F-2E0495C4CFFDB5F65834,True,0.26516784789083114,0.3420999743466995,0.07693212645586833,0.684199948693399,0,BAJO_PFACTURA;FAMILIA_POCO_REPRESENTADA;SIMILITUD_CON_OTRO_CONOCIDO,True,0.6650085806666548,0.5822967428283099,OK
05EF053E651D91BD90ADA834671A1E38538785AE827F54441ED8A5BE0D7A38D5,Z001023283692.pdf,F-27B6C8ED635A73689597,True,0.23987853630322678,0.20591973953318823,0.033958796770038546,0.4797570726064535,0,BAJO_PFACTURA;FAMILIA_POCO_REPRESENTADA;SIMILITUD_CON_OTRO_CONOCIDO,True,0.8384523885342542,0.5819306031236278,OK
47F349058901A6672857945C6D64DA7C5FA306A695E591409BD3F4BB6D2AB493,Z001023321595.pdf,F-960EB424FA8B0719AED9,True,0.29307315549981455,0.3724174761086089,0.07934432060879437,0.7448349522172178,0,BAJO_PFACTURA;FAMILIA_POCO_REPRESENTADA;SIMILITUD_CON_OTRO_CONOCIDO,True,0.6569826987620285,0.5800303306610584,OK
988AA2F112F7E2DD5A23BB19FBC74237D2EA18263A36E12007C19FEDB140C4F7,Z001023467601.pdf,F-E7F2B2E511B8C79BA8FD,True,0.34684213511955786,0.26707077531889545,0.07977135980066241,0.6936842702391157,0,BAJO_PFACTURA;FAMILIA_POCO_REPRESENTADA;SIMILITUD_CON_OTRO_CONOCIDO,True,0.5396395931070894,0.5711311296691838,OK
F0890A0F57FAD278E98ECA684AF5AFD773B52999C7296A4372345F0140A9AA3D,Z001023398888.pdf,F-2E0495C4CFFDB5F65834,True,0.2918848546007222,0.358162348570636,0.06627749396991378,0.716324697141272,0,BAJO_PFACTURA;FAMILIA_POCO_REPRESENTADA;SIMILITUD_CON_OTRO_CONOCIDO,True,0.6247384342251538,0.5697379796458957,OK
C7125FE0EFE8E1B2FF91062ABF5176DF1B0627D33DC11DF8DB5BD71B22800D9A,Z001023467589.pdf,F-B86657285D2E02D7DC97,True,0.3356764926460978,0.26066545446840633,0.07501103817769145,0.6713529852921956,0,BAJO_PFACTURA;FAMILIA_POCO_REPRESENTADA;SIMILITUD_CON_OTRO_CONOCIDO,True,0.5130367403704642,0.566493199587936,OK
27BB3486888A0FD9EB49AB34CCAD8DC64D9DBA4526BE1905FC3E4033AB10E4EA,Z001023243759.pdf,F-2E0495C4CFFDB5F65834,True,0.2912139851478631,0.3506759882718998,0.059462003124036655,0.7013519765437995,0,BAJO_PFACTURA;FAMILIA_POCO_REPRESENTADA;SIMILITUD_CON_OTRO_CONOCIDO,True,0.6278527115492863,0.5663679743583625,OK
18FEACDE4C4BC3186A35471632ADCC16CE8B5003E33AB4DD3E2B5F753C965052,Z001023321589.pdf,F-960EB424FA8B0719AED9,True,0.2822927536887385,0.3235823924465633,0.041289638757824765,0.6471647848931266,0,BAJO_PFACTURA;FAMILIA_POCO_REPRESENTADA;SIMILITUD_CON_OTRO_CONOCIDO,True,0.6610179105493301,0.5605818170028627,OK
838BDD3491B67E2E7A98FAF41EE394F622A0A3C6E67F48909DF591C1015D861A,Z001023243739.pdf,F-61026D7E009155EC542D,True,0.27243737986808003,0.24943772300371367,0.022999656864366363,0.5448747597361601,0,BAJO_PFACTURA;FAMILIA_POCO_REPRESENTADA;SIMILITUD_CON_OTRO_CONOCIDO,True,0.696919834622941,0.5573980224373243,OK
4331677C50533FF143E83D223EC0FD2B1053D3A9F3AA530DD1050B24A0C86D82,Z001023467543.pdf,F-1D6D6033F0F605D0F577,True,0.44607390131322006,0.5129316602846646,0.06685775897144458,0.9741366794306707,0,INCERTIDUMBRE;FAMILIA_POCO_REPRESENTADA;SIMILITUD_CON_OTRO_CONOCIDO,True,0.7129300618515144,0.5556983873173251,OK
ED53561E1882BBAC24EDA64BC8D04EE1EAC850860E789B28BA5FBD5B0FC1AA07,Z001023351248.pdf,F-9774CBC39ED70F737AE1,True,0.5067581164111498,0.3706009724021837,0.13615714400896606,0.9864837671777005,0,INCERTIDUMBRE;FAMILIA_POCO_REPRESENTADA,True,0.12352429657659919,0.5461238917756831,OK
8469C1DC30FA68ACF9AB761890C24E46FFE9EC17A4D94BB19C855CF91D165413,Z001023398889.pdf,F-2E0495C4CFFDB5F65834,True,0.4330089272417338,0.3507331289630528,0.08227579827868098,0.8660178544834676,0,INCERTIDUMBRE;FAMILIA_POCO_REPRESENTADA,True,0.3341716714012201,0.5435955432970913,OK
B8992F725C23EFF6C42C9D6177B1284854ECEFAD3E2F85CA1CFB642ED063AB4F,Z001023266257.pdf,F-F47B73E9F9F7F5973BEB,True,0.22478331891751868,0.18829225375082173,0.03649106516669695,0.44956663783503736,1,BAJO_PFACTURA;FAMILIA_POCO_REPRESENTADA;SIMILITUD_CON_OTRO_CONOCIDO,True,0.9087916001648044,0.5421200204830816,OK
56BB74D44FEE9977F67BA86E18AF61311FF1CAB321C0D5F72FF02BDEB00C4D5D,Z001023283738.pdf,F-64EB6BA0F755E2ABECA2,True,0.4537912359898543,0.3788722289203458,0.07491900706950855,0.9075824719797086,0,INCERTIDUMBRE;FAMILIA_POCO_REPRESENTADA,True,0.3735864198084319,0.5406768729770383,OK
92A207627B7BBB6C591EC6967230F6486D1AD13FAE5E5DD797C7EA38FE3A7ECA,Z001023243460.pdf,F-F47B73E9F9F7F5973BEB,True,0.2358534200777586,0.1949154935643512,0.04093792651340741,0.4717068401555172,1,BAJO_PFACTURA;FAMILIA_POCO_REPRESENTADA;SIMILITUD_CON_OTRO_CONOCIDO,True,0.8740566168821285,0.5404299719141518,OK
DF756AB6DA1AD4751608DDF38FAD14F8AC3E184CFB5A3D03549A9E9F60DD829D,Z001023267458.pdf,F-F47B73E9F9F7F5973BEB,True,0.21361495711126388,0.18377915087362057,0.029835806237643314,0.42722991422252776,1,BAJO_PFACTURA;FAMILIA_POCO_REPRESENTADA;SIMILITUD_CON_OTRO_CONOCIDO,True,0.9059760498481843,0.5386293833281602,OK
34FD397015B7DCB9CE1111F8F24E1C76439E879CD7631F90AEB8F94B17559EB0,Z001023321107.pdf,F-F47B73E9F9F7F5973BEB,True,0.21591195592267895,0.1858516916707332,0.030060264251945745,0.43182391184535796,1,BAJO_PFACTURA;FAMILIA_POCO_REPRESENTADA;SIMILITUD_CON_OTRO_CONOCIDO,True,0.9066744417419945,0.5386154203456962,OK
E0B64F87458FA906B275EC3715290322CC3DE49C5EEA5C0518D66E2DB93D0A5C,Z001023284779.pdf,F-1794A36B305A056A7A4A,True,0.4021810325974329,0.35658705587034806,0.04559397672708482,0.8043620651948657,0,INCERTIDUMBRE;FAMILIA_POCO_REPRESENTADA,True,0.4398782419978475,0.5334058058126466,OK
3232DDF4B4915E9F40D395AC61F63126227AC9225AA9518E6A476E614D19884E,Z001023266250.pdf,F-F47B73E9F9F7F5973BEB,True,0.2281616969258705,0.19638339962504306,0.03177829730082743,0.45632339385174103,1,BAJO_PFACTURA;FAMILIA_POCO_REPRESENTADA;SIMILITUD_CON_OTRO_CONOCIDO,True,0.8546936079301201,0.5333090843459628,OK
C0A98883504ED896EE65F0BAB17913181343E3B060353F1B69E7616F48A1C3D0,Z001023243464.pdf,F-F47B73E9F9F7F5973BEB,True,0.267204749470452,0.21735694125041183,0.049847808220040146,0.534409498940904,1,BAJO_PFACTURA;FAMILIA_POCO_REPRESENTADA;SIMILITUD_CON_OTRO_CONOCIDO,True,0.7744268382230126,0.5331232842182821,OK
A12C2363915C402DE302B9049B009E954DCBBC1F91A607F7BCC495645CF16CCC,Z001023283703.pdf,F-F47B73E9F9F7F5973BEB,True,0.21296805442349148,0.18933586906764946,0.023632185355842023,0.42593610884698296,1,BAJO_PFACTURA;FAMILIA_POCO_REPRESENTADA;SIMILITUD_CON_OTRO_CONOCIDO,True,0.8843755761013685,0.5325016726490851,OK
3386DE12204913FB9BF2712AFA8F18E749DBCB774830853DC5DEDAD17C572581,Z001023351362.pdf,F-EB5C26F55A2E8B8B5E1B,True,0.5436008471415612,0.3897867225403585,0.1538141246012027,0.9127983057168776,0,INCERTIDUMBRE;FAMILIA_POCO_REPRESENTADA,True,0.1303849461630471,0.5324970826079936,OK
A159E0211AD1EF740AABE80F6400A6BFCF63A683B24530D29E04ABA953327251,Z001023243466.pdf,F-F47B73E9F9F7F5973BEB,True,0.25391190393770635,0.22533933524879668,0.028572568688909672,0.5078238078754127,1,BAJO_PFACTURA;FAMILIA_POCO_REPRESENTADA;SIMILITUD_CON_OTRO_CONOCIDO,True,0.7981591579670299,0.5229968950507237,OK
E9BBA26952C3730263E9120FEC269F1F2D732652F7A2F2FE8677925273A01F02,Z001023243465.pdf,F-F47B73E9F9F7F5973BEB,True,0.25507418092764494,0.22669529812960362,0.02837888279804132,0.5101483618552899,1,BAJO_PFACTURA;FAMILIA_POCO_REPRESENTADA;SIMILITUD_CON_OTRO_CONOCIDO,True,0.785425708554453,0.5214814265814077,OK
45D4988123345CD8C4685E0739B35536C62D140299339630F78B4C0AF6E75ABF,Z001023423100.pdf,F-76BECA982E9C650DBE47,True,0.6623099964645554,0.46463689815206816,0.1976730983124872,0.9292737963041363,0,INCERTIDUMBRE;FAMILIA_POCO_REPRESENTADA,True,0.061733171356551444,0.5091279018985702,OK
86C678C7F385714269F42E69A8DBB7CF3E1DD7DC25C93C12606893609B093A14,Z001023384928.pdf,F-19E3E2219E79C363F63F,True,0.2938237190033451,0.2157284289305299,0.07809529007281518,0.5876474380066902,5,BAJO_PFACTURA;SIMILITUD_CON_OTRO_CONOCIDO,True,0.6470442616042795,0.50275065947409,OK
F77E3E296A654ADC3AD8647D1D43D395A6D523520BA08AD5D5634D3B4D28BDB1,Z001023336685.pdf,F-64920D3701B1A613ABDC,True,0.4072406012338473,0.4028108200931629,0.00442978114068443,0.8144812024676946,1,INCERTIDUMBRE;FAMILIA_POCO_REPRESENTADA;SIMILITUD_CON_OTRO_CONOCIDO,True,0.9035496632403031,0.5025102639420905,OK
E59B88AE49EE8B9709A84DD8CC1BF15D2DD13EB799DA810B18DFAA9FB7ACD59F,Z001023366070.pdf,F-79331C037636CAC2A8A5,True,0.5476128100644085,0.43411488340484583,0.11349792665956271,0.9047743798711829,0,INCERTIDUMBRE;FAMILIA_POCO_REPRESENTADA,True,0.10730592020737977,0.5011752773043677,OK
95735C704A056C5262DA20FE7E758F87FD840321023B07DBA3F31DBE3EC81B32,Z001023283734.pdf,F-E7D8FECE9F7765A9F440,True,0.6534126433089718,0.49700114217829333,0.15641150113067842,0.9940022843565867,0,INCERTIDUMBRE;FAMILIA_POCO_REPRESENTADA,True,0.08974639317343469,0.49837740038218376,OK
5BDCA8EC7A304793C5EE8E9427ED3E6CC403E6106B48E9E4D2CC2A1C0617FFFA,Z001023366900.pdf,F-99F7A3F5F30B759FC1BA,True,0.15408066363586712,0.15112291213190235,0.0029577515039647673,0.3081613272717343,4,BAJO_PFACTURA;SIMILITUD_CON_OTRO_CONOCIDO,True,0.9104694798664674,0.4975614201006372,OK
CD62EF3902257F9D0D9EDFE7748D730B23A10FF66DAE8C736C7D48243599B816,Z001023366902.pdf,F-99F7A3F5F30B759FC1BA,True,0.1462111715726137,0.14794920285478644,0.0017380312821727306,0.2958984057095728,4,BAJO_PFACTURA;SIMILITUD_CON_OTRO_CONOCIDO,True,0.9118681338622321,0.49752161343415685,OK
11AA4176F3F4A2CC86037046B472339888DABD214272917A6929C087593E9D8E,Z001023366869.pdf,F-99F7A3F5F30B759FC1BA,True,0.1528853267469663,0.15037699497916746,0.002508331767798855,0.3057706534939326,4,BAJO_PFACTURA;SIMILITUD_CON_OTRO_CONOCIDO,True,0.902142655333155,0.49655614850768814,OK
7E5442F653047ED7FDC7F3F5E3FB0941703D5508A6DD880D65AEDF9336446D94,Z001023366901.pdf,F-99F7A3F5F30B759FC1BA,True,0.14764568396616795,0.15027486062637307,0.0026291766602051236,0.30054972125274615,4,BAJO_PFACTURA;SIMILITUD_CON_OTRO_CONOCIDO,True,0.895263506887013,0.4962078294551973,OK
DFF48C510D245E37107896A84C68B189734A153B5B6020E732475431F6B088CB,Z001023366868.pdf,F-99F7A3F5F30B759FC1BA,True,0.14781581501229438,0.14852220230070834,0.0007063872884139621,0.2970444046014167,4,BAJO_PFACTURA;SIMILITUD_CON_OTRO_CONOCIDO,True,0.9002948851153061,0.49563642001892894,OK
5519076051D460ACDE095061FBDAEA6082C4FAABC0D0520FABC285A4E2DF989F,Z001023242451.pdf,F-D7BAFC83632CD5080073,True,0.4642640927977152,0.5836624712119587,0.1193983784142435,0.9285281855954304,0,INCERTIDUMBRE;FAMILIA_POCO_REPRESENTADA,True,0.10292637548501989,0.4937158228722914,OK
3AF3921E63B0A2C3534F37D086A256E0DB234544239E4CC0DBC187D6032CB85A,Z001023455483.pdf,F-463F5D66BCFC1B95B4F2,True,0.26087440794848393,0.30058758654055184,0.03971317859206791,0.6011751730811037,104,BAJO_PFACTURA;SIMILITUD_CON_OTRO_CONOCIDO,True,0.9032011994327974,0.48702730832644964,OK
CBCB53C1EE05C28D9B5783AB3A4E24F15B7A4998DAFCC96C866FBB043A2A3995,Z001023284130.pdf,F-FACD83D8B4281A05571A,True,0.20513327187194572,0.14581956360275172,0.05931370826919399,0.4102665437438915,208,BAJO_PFACTURA;SIMILITUD_CON_OTRO_CONOCIDO,True,0.6730691801091602,0.48582597009821904,OK
AA0A55992BCC4CBF075DECB0D3D6264A5C828DFC2E36E69BED6229A67D129606,Z001023423279.pdf,F-FACD83D8B4281A05571A,True,0.17766695020656462,0.13228667977475475,0.045380270431809866,0.3553339004131293,208,BAJO_PFACTURA;SIMILITUD_CON_OTRO_CONOCIDO,True,0.7188978661771067,0.48409873627725214,OK
6D277C8C03CEA6FBF2354412F087226C065D4D228AA1030A19919572081F20F2,Z001023268085.pdf,F-8A2E5C33616E9AAE14BF,True,0.5113418432142398,0.554396664663845,0.04305482144960515,0.9773163135715204,1,INCERTIDUMBRE;FAMILIA_POCO_REPRESENTADA;SIMILITUD_CON_OTRO_CONOCIDO,True,0.8112527668483032,0.48394969179726377,OK
A95392B9FC96E4A1DB3656FD23468BD6685794BE5D05DCEA26C7B210995A47D2,Z001023423263.pdf,F-FACD83D8B4281A05571A,True,0.176677212852784,0.13228667977475475,0.04439053307802926,0.3533544257055681,208,BAJO_PFACTURA;SIMILITUD_CON_OTRO_CONOCIDO,True,0.7172099023936074,0.4833855843543229,OK
734D420EFE50C1A4EA6741B4B69806B2E5ABF1BE40CF866D3560F903ACE2AF2C,Z001023268002.pdf,F-FACD83D8B4281A05571A,True,0.18919305020700786,0.1364620833142804,0.052730966892727466,0.37838610041401566,208,BAJO_PFACTURA;SIMILITUD_CON_OTRO_CONOCIDO,True,0.6657221984424455,0.4824065122033381,OK
11D14380F5AB72DEA8A5310BFDF5802785E3B72846717188B71C33839F1F7946,Z001023267983.pdf,F-FACD83D8B4281A05571A,True,0.19485135582466312,0.1419276567410943,0.05292369908356881,0.38970271164932624,208,BAJO_PFACTURA;SIMILITUD_CON_OTRO_CONOCIDO,True,0.6697186792323616,0.4823656056446112,OK
EC83998F355257D58F55AAF5C4AFD007E76B5A5685633187F96D58C8874438A5,Z001023267984.pdf,F-FACD83D8B4281A05571A,True,0.18962436252907572,0.1419276567410943,0.04769670578798141,0.37924872505815144,208,BAJO_PFACTURA;SIMILITUD_CON_OTRO_CONOCIDO,True,0.6746804238128654,0.47998693379008844,OK
77AB12E6E272D3EC7E5B2888D48DDAC76D88FAEE32E50A217EFFF853DCCC0333,Z001023455414.pdf,F-463F5D66BCFC1B95B4F2,True,0.28108039572549576,0.31397555238475067,0.03289515665925491,0.6279511047695013,104,BAJO_PFACTURA;SIMILITUD_CON_OTRO_CONOCIDO,True,0.8708162234514926,0.47801829988757083,OK
46412C582EC68E60285EC0E79A140A0A20C9BCB1CEDB73F930B2F903E19A12CA,Z001023455418.pdf,F-463F5D66BCFC1B95B4F2,True,0.262572048828018,0.28572103645781716,0.023148987629799167,0.5714420729156343,104,BAJO_PFACTURA;SIMILITUD_CON_OTRO_CONOCIDO,True,0.8996135282820975,0.4773884720941785,OK
35791498E9F8BC8414C7D451BEA7468B07D5413301CD1A31AE2C5382DE9A18FE,Z001023284129.pdf,F-FACD83D8B4281A05571A,True,0.1835253904868916,0.1419276567410943,0.04159773374579728,0.3670507809737832,208,BAJO_PFACTURA;SIMILITUD_CON_OTRO_CONOCIDO,True,0.665920106532902,0.4757564674388909,OK
19CA2317F157D7F77CBA71C4C7DADA16BA98EB297488E5B8E29356E5C706F58E,Z001023351278.pdf,F-38536FFE21B52E182513,True,0.44811642021818676,0.663872015212994,0.21575559499480723,0.8962328404363735,1,INCERTIDUMBRE;FAMILIA_POCO_REPRESENTADA,True,0.16242155566094113,0.4753694122929772,OK
52CCD771F1911ECFFC3F1605E0522AB1E869C5B268A9D3CCCF8F3DF6B9CDD5E3,Z001023478453.pdf,F-463F5D66BCFC1B95B4F2,True,0.30860825765584265,0.35343778430437073,0.04482952664852807,0.7068755686087415,104,BAJO_PFACTURA;SIMILITUD_CON_OTRO_CONOCIDO,True,0.7912835255970169,0.4738761474031888,OK
30D2CCEC7717BB6C118C173F0CE11BE7DE2CBB369AC5EE047190A9C100F70BDE,Z001023267979.pdf,F-FACD83D8B4281A05571A,True,0.240285802994932,0.1795605364435666,0.0607252665513654,0.4805716059898639,208,BAJO_PFACTURA;SIMILITUD_CON_OTRO_CONOCIDO,True,0.5789663745900174,0.47381794931741755,OK
6635042CEF9293D601A8C5B62805D67F0FB7472C62F5EAB58608269DA95930B1,Z001023467623.pdf,F-9A345E41A2F2DBA5BBF2,True,0.5913575200762727,0.5105662512554192,0.08079126882085352,0.9788674974891616,0,INCERTIDUMBRE;FAMILIA_POCO_REPRESENTADA,True,0.0885133939388574,0.4716527807203056,OK
BBC0964799DAAA2C35AEDB4004A4C6E0323FAD9332B0FA6ED2A1BE5BAF5EFE27,Z001023366014.pdf,F-79331C037636CAC2A8A5,True,0.5936761900293499,0.5141473206711803,0.07952886935816961,0.9717053586576394,0,INCERTIDUMBRE;FAMILIA_POCO_REPRESENTADA,True,0.11279438715434717,0.4712585315851509,OK
103D4B7D4FC3E90843B65EF81BC37F7579A84BC7B89FF656AC00130A79D1E0A3,Z001023455415.pdf,F-463F5D66BCFC1B95B4F2,True,0.2865036780342482,0.3080718912790732,0.021568213244824996,0.6161437825581464,104,BAJO_PFACTURA;SIMILITUD_CON_OTRO_CONOCIDO,True,0.8687363778744605,0.47103816822105593,OK
A9CDFAC58D90A54DD068ED8952E180624EFF9AF8E7710BECC757CF616B22C492,Z001023435544.pdf,F-CF5BF2182A5A897F30A5,True,0.5603522282270063,0.5025029575341131,0.05784927069289314,0.9949940849317738,0,INCERTIDUMBRE;FAMILIA_POCO_REPRESENTADA,True,0.07411270976921372,0.4701215183762654,OK
1A0286054805EE1B889C2AEC853E4C1820A7963FA5B8513AAD2AB306B1D5FCB0,Z001023267981.pdf,F-FACD83D8B4281A05571A,True,0.23018326327252212,0.17839663008708906,0.051786633185433056,0.4603665265450443,208,BAJO_PFACTURA;SIMILITUD_CON_OTRO_CONOCIDO,True,0.5820755918224979,0.46932901332505067,OK
0F9246AC42EC24CE74596A53393B3137E04A75F4B1EC270ED3217F470D822C10,Z001023435625.pdf,F-081FC9EB676EDCF74520,True,0.7054930365318718,0.541200617533891,0.16429241899798075,0.9175987649322179,0,INCERTIDUMBRE;FAMILIA_POCO_REPRESENTADA,True,0.05113367861918157,0.46734604033768967,OK
6F131DD0EAF52BBEA47DE4FD62FBEBA9C8D82B1DE26FE5B258A15717FE214DB4,Z001023267943.pdf,F-EE6C10CFFB7B6C49E434,True,0.5102073320969457,0.46503938205157147,0.04516795004537422,0.9795853358061086,1,INCERTIDUMBRE;FAMILIA_POCO_REPRESENTADA,True,0.4151036458770742,0.46372439964933865,OK
77C8E69B8E42A208123699516A8833425435CEEED3CC26FF90FC0D6B87185263,Z001023267867.pdf,F-EE6C10CFFB7B6C49E434,True,0.5186422928146608,0.46395176637375446,0.05469052644090633,0.9627154143706784,1,INCERTIDUMBRE;FAMILIA_POCO_REPRESENTADA,True,0.410133629179847,0.4635126001343113,OK
5B147EAC2CDDD983CF7E8E27576B856A421C4397BF06F766B74F23C1B3633029,Z001023320477.pdf,F-FACD83D8B4281A05571A,True,0.1294182321334054,0.12530253779735762,0.004115694336047776,0.25883646426681084,208,BAJO_PFACTURA;SIMILITUD_CON_OTRO_CONOCIDO,True,0.7219512487119102,0.46240697187580315,OK
5122AC18B80B16BF1AA4E66053CA9397F1B2C4BB1D2C36058926E367B46698D9,Z001023267970.pdf,F-EE6C10CFFB7B6C49E434,True,0.48046399682617247,0.5126962046184644,0.03223220779229197,0.9746075907630711,1,INCERTIDUMBRE;FAMILIA_POCO_REPRESENTADA,True,0.4964656724945525,0.46171015908151997,OK
9438730B56C9399DAD3C48D8DA087875EBFDAB1EC35C99B951393D326C5A99CF,Z001023366016.pdf,F-79331C037636CAC2A8A5,True,0.6120447250944021,0.5295000291462522,0.08254469594814995,0.9409999417074957,0,INCERTIDUMBRE;FAMILIA_POCO_REPRESENTADA,True,0.11429735680006259,0.46141588926466726,OK
B3113D190773FBBD65962BAFBED3850DA90037CDB78B067D8E3DC4D3C8E67A65,Z001023350341.pdf,F-DBF395AB1DF40810E701,True,0.6263746255858634,0.5273782960542547,0.09899632953160875,0.9452434078914906,0,INCERTIDUMBRE;FAMILIA_POCO_REPRESENTADA,True,0.05758316206721934,0.4613425913516459,OK
9DEFF370610668A672B5743E1D56640197DD73C29661C593A4E07656610312BE,Z001023410319.pdf,F-4A9DE0BA25B0F77E802F,True,0.6175117873323321,0.524095587882842,0.09341619944949009,0.9518088242343159,0,INCERTIDUMBRE;FAMILIA_POCO_REPRESENTADA,True,0.04586376592301463,0.4610735149366845,OK
01EEBBC0B1CF90274F09A18C563F892FF0D54A246C447FCBFA3AF69E361C94D3,Z001023478458.pdf,F-463F5D66BCFC1B95B4F2,True,0.35264737184778755,0.38283062837623144,0.03018325652844389,0.7656612567524629,104,SIMILITUD_CON_OTRO_CONOCIDO,True,0.7751374717568407,0.4598021820339303,OK
2E81DF80CEEBF07F54D70CA7DD706A79558744B1AE9141BC3746DB971A9E002C,Z001023478517.pdf,F-463F5D66BCFC1B95B4F2,True,0.3517436403554756,0.37764913958640006,0.025905499230924445,0.7552982791728001,104,SIMILITUD_CON_OTRO_CONOCIDO,True,0.78496061362375,0.4585221028562168,OK
576B8F132C0E88EBDAE42BE903FF9786177F4D737C93B63D8869C4627462B461,Z001023397946.pdf,F-17EDEDC266F087E00DD9,True,0.639813548953327,0.5401497734510051,0.09966377550232186,0.9197004530979898,0,INCERTIDUMBRE;FAMILIA_POCO_REPRESENTADA,True,0.11388530112170749,0.4581996325720476,OK
73D84FABB35BD6AB8B9F6D7AE59524102BFE262746A54FDCCD57EA0FCA0DA016,Z001023478146.pdf,F-EFE6E9C595B24436566B,True,0.5603421968659857,0.481933956422055,0.07840824044393074,0.96386791284411,12,INCERTIDUMBRE;SIMILITUD_CON_OTRO_CONOCIDO,True,0.7801446952583526,0.4571154416869201,OK
919E46614EAB8D6AA723378211A27A0271E06E749E4FC49745AF7520CCE6F1C6,Z001023423266.pdf,F-FACD83D8B4281A05571A,True,0.20246452048764316,0.18385628933357792,0.018608231154065236,0.40492904097528637,208,BAJO_PFACTURA;SIMILITUD_CON_OTRO_CONOCIDO,True,0.6380207323417426,0.45612944033507385,OK
4DE7E2A50CB83BC5CE43B657D5D7F3FF84FD8951D76309BBA21FC3D90B1B93E7,Z001023455494.pdf,F-463F5D66BCFC1B95B4F2,True,0.3221229921848995,0.34319182240107854,0.021068830216179057,0.6863836448021571,104,BAJO_PFACTURA;SIMILITUD_CON_OTRO_CONOCIDO,True,0.7513872582270393,0.45546666417549336,OK
56D39A5F9D1B9453032F58A2E9AD1E15DD388288CC16A256C948E7C45E676E51,Z001023366034.pdf,F-79331C037636CAC2A8A5,True,0.571558935581254,0.5241949313760244,0.04736400420522968,0.9516101372479513,0,INCERTIDUMBRE;FAMILIA_POCO_REPRESENTADA,True,0.09532804026337574,0.45443735311442796,OK
A4BC0FFF6264A49C7F26DEF70AB61CDA387F7A8DEB559C014AD44C254DC1F24F,Z001023321182.pdf,F-528195517181358E7E77,True,0.6565032240115988,0.5475482350958919,0.10895498891570687,0.9049035298082162,0,INCERTIDUMBRE;FAMILIA_POCO_REPRESENTADA,True,0.10377413421919036,0.4543323960837215,OK
9595171C316BF157FBB05B3B719D36858109C1542BDDD2104E869FAD47411A31,Z001023435611.pdf,F-463F5D66BCFC1B95B4F2,True,0.42020582595010086,0.3565206453527678,0.06368518059733308,0.8404116519002017,104,INCERTIDUMBRE;SIMILITUD_CON_OTRO_CONOCIDO,True,0.5385679634284612,0.45418396208848344,OK
A71FC5B1F8DC5DEC5BCCCF9BC94C8368C2A741F27460799BFC74BBC21B8D9A76,Z001023455596.pdf,F-463F5D66BCFC1B95B4F2,True,0.3121254730804448,0.3229926785454792,0.01086720546503439,0.6459853570909584,104,BAJO_PFACTURA;SIMILITUD_CON_OTRO_CONOCIDO,True,0.7800006536570219,0.4537168620158076,OK
ACC048319775E1E15699EF5BA9B41FE91E15CA3A4B832DBFD4103758E5F65E97,Z001023467490.pdf,F-E311D094CEA0C30D422D,True,0.5149427499235449,0.5247949461828932,0.0098521962593483,0.9701145001529101,3,INCERTIDUMBRE;SIMILITUD_CON_OTRO_CONOCIDO,True,0.8412817478676902,0.4511312989051247,OK
1CDBBA2E0D0087C3CB21CD350611DDCB701EC633C668DAE9376C36FD6E95CB2D,Z001023455595.pdf,F-463F5D66BCFC1B95B4F2,True,0.31243799707285774,0.31766717724283644,0.005229180169978698,0.6353343544856729,104,BAJO_PFACTURA;SIMILITUD_CON_OTRO_CONOCIDO,True,0.7763794514600285,0.45022257548458633,OK
A0885E2F9662A9A164C4BB6E49E988BAAD8220E0821546A9858A4E0973DD3625,Z001023435573.pdf,F-7DE49F9411CD37B39502,True,0.6120176571223359,0.5766649145552482,0.03535274256708776,0.8466701708895037,0,INCERTIDUMBRE;FAMILIA_POCO_REPRESENTADA,True,0.44421077743754744,0.449593823196853,OK
6847B5779151E0CBABD230D26319A7C98816D0DC1CB1E29BE43284F906E180C3,Z001023435979.pdf,F-BDF3583108E58D95851B,True,0.6397350840643747,0.590113523367966,0.04962156069640877,0.8197729532640681,0,INCERTIDUMBRE;FAMILIA_POCO_REPRESENTADA;SIMILITUD_CON_OTRO_CONOCIDO,True,0.5017976724683101,0.449505691063357,OK
616794539B7C4B5DF3CE240204FCE2CEBB67CC60FAB8BE37DCBFCD190B3A0BF4,Z001023397950.pdf,F-17EDEDC266F087E00DD9,True,0.6218959419477533,0.5454983379712126,0.07639760397654072,0.9090033240575748,0,INCERTIDUMBRE;FAMILIA_POCO_REPRESENTADA,True,0.10682844295458008,0.44793340870974435,OK
2E2B3AD5EB47C2465B9744FD5BBD9A54EDD69C73A92CD41C577D441D650D8E03,Z001023322090.pdf,F-1194B99A8ACD44182103,True,0.5491962873193923,0.6015700460284708,0.052373758709078455,0.9016074253612154,0,INCERTIDUMBRE;FAMILIA_POCO_REPRESENTADA,True,0.1813537114129708,0.44679140969499215,OK
99C3AC8AA32EEE0B5F8D14AFF06CF970678A9E779BCBF65C6C0C7EBE7875F490,Z001023321388.pdf,F-B0806CF0837554DFA005,True,0.5981334815782859,0.5482942547373241,0.04983922684096187,0.9034114905253519,0,INCERTIDUMBRE;FAMILIA_POCO_REPRESENTADA,True,0.16352103211116378,0.44500593160522994,OK
5F3A879162836D55EBF4EC8C114B9C7E46E9FC2AE3CCD7F5BB9102A766C7CDD0,Z001023422217.pdf,F-768E689B43DC4B18F437,True,0.6556849050914832,0.5558930003281661,0.09979190476331712,0.8882139993436677,0,INCERTIDUMBRE;FAMILIA_POCO_REPRESENTADA,True,0.09015445457831318,0.44483832141894436,OK
982F7C678EC59D2EE3FD8B49283BEFFF07EF6AAF2D165BB9460C9C1D6FCDEDEB,Z001023243754.pdf,F-307448872A50D31DD08C,True,0.5457364024733595,0.5786637727708481,0.0329273702974886,0.908527195053281,0,INCERTIDUMBRE;FAMILIA_POCO_REPRESENTADA,True,0.17598391427276686,0.4438147522702972,OK
F798C037CB547CE8C7B8EA89225A776A4CA6CD1C4FFB08A14EE739A4EAD7ADD5,Z001023478549.pdf,F-463F5D66BCFC1B95B4F2,True,0.3610374378390224,0.35788585445432197,0.0031515833847004515,0.7220748756780448,104,SIMILITUD_CON_OTRO_CONOCIDO,True,0.7616316270335083,0.4430603290718848,OK
2DA1E505AF015145856EA6546519A252A9DF63F88A31E7C1476053E2A7B0642B,Z001023435614.pdf,F-463F5D66BCFC1B95B4F2,True,0.39543344569155936,0.34973092831615943,0.04570251737539993,0.7908668913831187,104,BAJO_PFACTURA,True,0.4966359159068771,0.44077926426792274,OK
6B5CA4D57A8AF24207DADE365891605C598C2766A9C9D903D4309174B45F9498,Z001023321390.pdf,F-401B47A55EBA736ED256,True,0.6120238102798503,0.5487641529288525,0.06325965735099781,0.902471694142295,0,INCERTIDUMBRE;FAMILIA_POCO_REPRESENTADA,True,0.08498012487350928,0.4401780197749037,OK
0B59A855C174A39555825291E09AD670E0177F85A302A347D979479ACC37CB5E,Z001023478613.pdf,F-463F5D66BCFC1B95B4F2,True,0.3651193148711506,0.3690380858307711,0.0039187709596204545,0.7380761716615422,104,SIMILITUD_CON_OTRO_CONOCIDO,True,0.7296685667718353,0.43956263017024066,OK
5796008F929AE08D607B6A36C5254BC78C3BF3A55DA4807B9FAA69009CD3C0EE,Z001023478600.pdf,F-463F5D66BCFC1B95B4F2,True,0.37269127091239046,0.37687021127924486,0.0041789403668544,0.7537404225584897,104,SIMILITUD_CON_OTRO_CONOCIDO,True,0.7288382973750869,0.43886550080042047,OK
3A5D7B9BDFF059269E267778DD09F8B1D4B32743E551758513DE4D39E3B73265,Z001023478532.pdf,F-463F5D66BCFC1B95B4F2,True,0.37194337670897826,0.3722467572567311,0.00030338054775286283,0.7444935145134622,104,SIMILITUD_CON_OTRO_CONOCIDO,True,0.7476306337150674,0.4386879659542539,OK
1F26D49FBA99019EB261823E6F5BD97006F5CBD3D0514AC5C4FF96E5829586B7,Z001023411423.pdf,F-319491FEEAF6386D99BD,True,0.25631461317311,0.2567153890054924,0.0004007758323824051,0.5134307780109848,7,BAJO_PFACTURA;SIMILITUD_CON_OTRO_CONOCIDO,True,0.5149350923943566,0.438582474629935,OK
3E26FF29921BE0E949C64C6A91E7FE7891CC8DFC1578115057A26CA96F7EBD0D,Z001023266966.pdf,F-5C5C283B8712D7428849,True,0.5796971176710443,0.54037680580872,0.03932031186232421,0.9192463883825599,0,INCERTIDUMBRE;FAMILIA_POCO_REPRESENTADA,True,0.06529330155070104,0.4380956440545471,OK
7283909A30C86B8131301F460285F46B33BBAAC2D3CB556104D366BE677DE138,Z001023397948.pdf,F-17EDEDC266F087E00DD9,True,0.6472332109436261,0.5632435865921074,0.08398962435151869,0.8735128268157852,0,INCERTIDUMBRE;FAMILIA_POCO_REPRESENTADA,True,0.10465135730364734,0.4371920312037692,OK
3F5F5DBC90453C5A84803CDEAB6B560255B52986DB837EF17718BF92FC61B994,Z001023435610.pdf,F-463F5D66BCFC1B95B4F2,True,0.47044252011506194,0.41812152053232354,0.05232099958273839,0.9408850402301239,104,INCERTIDUMBRE,True,0.47399805671211565,0.43531658434086623,OK
41909824D1AB0FBE74B93662CE79C82F6A0E2B9DC9ED0C3E9854890DF861A3BA,Z001023283762.pdf,F-93140D859A6E512CC65F,True,0.6249228416567238,0.5560939482644057,0.06882889339231812,0.8878121034711886,0,INCERTIDUMBRE;FAMILIA_POCO_REPRESENTADA,True,0.05871063841553763,0.43381252340454934,OK
CA822291BE5FD43423EDDF731B1B9057412CDFB537AE79EED3E51B4F585A4F40,Z001023422219.pdf,F-768E689B43DC4B18F437,True,0.6481225068515596,0.5662908445388416,0.08183166231271799,0.8674183109223168,0,INCERTIDUMBRE;FAMILIA_POCO_REPRESENTADA,True,0.09621048814043506,0.43367537321503385,OK
2D2A5FAA85CA3ED0E930858626211A8596B2126AFB0B4A0708C7385B151ACC00,Z001023435615.pdf,F-463F5D66BCFC1B95B4F2,True,0.4400956790912204,0.39843129994139337,0.04166437914982701,0.8801913581824408,104,INCERTIDUMBRE,True,0.47288900866553496,0.4313135603572,OK
8679AF44469FF9AA689315147277CB2AD7730B02C966251EF88D6734C02F8E39,Z001023266963.pdf,F-2BB844855EB604B9AC78,True,0.6502843623236618,0.5667684750672051,0.08351588725645676,0.8664630498655899,0,INCERTIDUMBRE;FAMILIA_POCO_REPRESENTADA,True,0.06463049642020832,0.4306040889090915,OK
0A5F6FAB0981F8D8C0879EA76AAEBD4B446107AB6A6FD15FF23DA0C86EB33B90,Z001023435568.pdf,F-463F5D66BCFC1B95B4F2,True,0.5627067378727332,0.4685039200886535,0.09420281778407968,0.937007840177307,104,INCERTIDUMBRE;SIMILITUD_CON_OTRO_CONOCIDO,True,0.5221538249280346,0.429868075882339,OK
8D46878EDAE2D7879432B49A9B7CA06617C68A69A712020F769B4F957EBD61DF,Z001023422218.pdf,F-768E689B43DC4B18F437,True,0.6896240361246305,0.5809509430290056,0.1086730930956249,0.8380981139419887,0,INCERTIDUMBRE;FAMILIA_POCO_REPRESENTADA,True,0.09073044308514802,0.42957565746211707,OK
A6F677AC979547DCA61C3C09F51FEC807ECF0EE10C90B36C0AA6BA18AFCCD40D,Z001023435617.pdf,F-463F5D66BCFC1B95B4F2,True,0.43343440051211796,0.3985841409326612,0.034850259579456755,0.8668688010242359,104,INCERTIDUMBRE,True,0.48944596199040163,0.42920620582685626,OK
DA26E17D532C04114C812C63E84D2D9A9E533821C5AF289467BD03078CF2B0AA,Z001023266967.pdf,F-5C5C283B8712D7428849,True,0.5964912173042206,0.5557337087960461,0.0407575085081745,0.8885325824079078,0,INCERTIDUMBRE;FAMILIA_POCO_REPRESENTADA,True,0.0624987030103721,0.42742565127084853,OK
3494E27BFA6FF4EC7A1E28005D4F49419F2BA970B9D285C76FAD740EA341BF38,Z001023435570.pdf,F-463F5D66BCFC1B95B4F2,True,0.5905125678007057,0.4926627063924167,0.097849861408289,0.9853254127848334,104,INCERTIDUMBRE;SIMILITUD_CON_OTRO_CONOCIDO,True,0.5070300987738869,0.4268515855426002,OK
AFE5C07F754EC3FF5C6ED21342EB7F60B5116385BF2E096B9D6F69631879E471,Z001023435562.pdf,F-463F5D66BCFC1B95B4F2,True,0.579378649775899,0.48544064051182606,0.09393800926407297,0.9708812810236521,104,INCERTIDUMBRE,True,0.4990608294111777,0.42579890215833427,OK
ED6DA68BBBAD2D35F398BBBC9B2F280D0285969D325BBD7559D2F60031221717,Z001023435612.pdf,F-463F5D66BCFC1B95B4F2,True,0.38739073312620553,0.3664164379562531,0.020974295169952417,0.7747814662524111,104,PRIORIDAD_RELATIVA,True,0.4956511053060796,0.4254117100308374,OK
E3F9AE97E2B319B35810355921AC7D47007E9B7D769F95083E54A20666DA225E,Z001023266965.pdf,F-490B09D4B30C8EC7D033,True,0.5745505631646697,0.5529256397382524,0.02162492342641731,0.8941487205234953,0,INCERTIDUMBRE;FAMILIA_POCO_REPRESENTADA,True,0.06983521242993464,0.42534180428282115,OK
A7622D943E2C55E1267BAB01BE6F0EA30658F64D967AE038F22845EDE38B62B9,Z001023435603.pdf,F-463F5D66BCFC1B95B4F2,True,0.5733790180399192,0.4957914254902828,0.07758759254963637,0.9915828509805656,104,INCERTIDUMBRE;SIMILITUD_CON_OTRO_CONOCIDO,True,0.540798949859094,0.42485003152667117,OK
C56F123F393BB64598BE69DCB37593BDFC52727C444D22CDD615B952C5124854,Z001023435576.pdf,F-463F5D66BCFC1B95B4F2,True,0.5733790180399192,0.4957914254902828,0.07758759254963637,0.9915828509805656,104,INCERTIDUMBRE;SIMILITUD_CON_OTRO_CONOCIDO,True,0.540798949859094,0.42485003152667117,OK
EEAABE46C4993290A0083DAFDA13EE6121EF807C061364CA9242D401AE006593,Z001023435622.pdf,F-463F5D66BCFC1B95B4F2,True,0.451962831322029,0.42136934279687766,0.03059348852515137,0.903925662644058,104,INCERTIDUMBRE,True,0.48356797487446357,0.4239986628489728,OK
E5A80D52B6CFE0A932901333CAD5F1540E5B2904D2D7E25F034C49F025279E80,Z001023435569.pdf,F-463F5D66BCFC1B95B4F2,True,0.5913670786827071,0.5012125551174197,0.09015452356528741,0.9975748897651606,104,INCERTIDUMBRE;SIMILITUD_CON_OTRO_CONOCIDO,True,0.5118457030301109,0.4238267935645201,OK
037701D5FED89A093E0504409BF6AE6060A2E1FB5E3360732F402A402E8F2E8E,Z001023435577.pdf,F-463F5D66BCFC1B95B4F2,True,0.5790286525105454,0.49960549916513913,0.07942315334540623,0.9992109983302783,104,INCERTIDUMBRE;SIMILITUD_CON_OTRO_CONOCIDO,True,0.5296675379744749,0.423814373169666,OK
15B140C52F151CE8CECA898F343965567AA73E7CFA89957E4B110094B6DCFB67,Z001023435619.pdf,F-463F5D66BCFC1B95B4F2,True,0.43206492287471643,0.4060119371094815,0.026052985765234904,0.8641298457494329,104,INCERTIDUMBRE,True,0.4876641158424377,0.42344674099655577,OK
7E0C729D987C511194C9252681C4A1432D6F256F9CF4B75D24DD5A501612ED8D,Z001023435558.pdf,F-463F5D66BCFC1B95B4F2,True,0.5732190383420492,0.49113868575686864,0.0820803525851806,0.9822773715137373,104,INCERTIDUMBRE;SIMILITUD_CON_OTRO_CONOCIDO,True,0.5026196649859639,0.42262056702158557,OK
746231C240660A5BAA14A9CA67FC64A423EB229468923A3B171B6A20CCDE68F2,Z001023435554.pdf,F-463F5D66BCFC1B95B4F2,True,0.5724275629919001,0.4928285232509469,0.07959903974095323,0.9856570465018938,104,INCERTIDUMBRE;SIMILITUD_CON_OTRO_CONOCIDO,True,0.504675241706278,0.4220368127331524,OK
06A1EC59F2900358BE5E8498C8586C428432AB5378EA31B6A2474A081EDD3C24,Z001023435297.pdf,F-AC3BF4FD6C17E568A7DE,True,0.6109507357016707,0.5672090116824987,0.04374172401917198,0.8655819766350026,0,INCERTIDUMBRE;FAMILIA_POCO_REPRESENTADA,True,0.0791824444823455,0.42180736727527846,OK
B24C7355D0913FE18C0E81BD1DEE40A5D26A2A67421866B7B15B0A68EBFFD461,Z001023267251.pdf,F-235EDB5A1BC5E9C5E5F4,True,0.6735608598844742,0.5841792697163585,0.08938159016811575,0.831641460567283,0,INCERTIDUMBRE;FAMILIA_POCO_REPRESENTADA,True,0.07591259121238628,0.42101116786181664,OK
F04A1348081E616526F44A4DAE35C85951F18BC32B81AAADEEF9A775D8D2D18C,Z001023266854.pdf,F-E258E92B0D0593AA96EB,True,0.5664766847382977,0.5957548398140801,0.029278155075782353,0.8670466305234046,0,INCERTIDUMBRE;FAMILIA_POCO_REPRESENTADA,True,0.09936929155397943,0.42072278860753515,OK
7B86358A58D6B220DB2FA71EB2F990126E71791245D63DE2BC6F4893E1112D57,Z001023435564.pdf,F-463F5D66BCFC1B95B4F2,True,0.6007254684282715,0.5069936547190332,0.09373181370923822,0.9860126905619335,104,INCERTIDUMBRE;SIMILITUD_CON_OTRO_CONOCIDO,True,0.511566720409935,0.42064644811736074,OK
6656F6685D0E364101F05862968CD5DB475D006F6EA292B02FB7F73420C74E6D,Z001023435559.pdf,F-463F5D66BCFC1B95B4F2,True,0.5682246864135085,0.48996303627965937,0.07826165013384917,0.9799260725593187,104,INCERTIDUMBRE,True,0.48687360584585154,0.4202088504424624,OK
97756EDE6104E0DD39BFE46879DE67906CF89FD042106EA5E96B813BFCD79906,Z001023435561.pdf,F-463F5D66BCFC1B95B4F2,True,0.6020403571353704,0.5068331330493662,0.09520722408600424,0.9863337339012677,104,INCERTIDUMBRE,True,0.4981561763826782,0.4197866114775935,OK
DD3E4B778A019A41A2B6F024DD12DE40F76A621D6AB46235261A5E8B23F3D6EA,Z001023435613.pdf,F-463F5D66BCFC1B95B4F2,True,0.3897573674946194,0.37659803658104435,0.013159330913575074,0.7795147349892388,104,PRIORIDAD_RELATIVA,True,0.48752335039295797,0.4192825443360385,OK
5FE4032EDA700A2C08DF2E475D2911CF85352B967C85E73A004BCE508DB49868,Z001023242406.pdf,F-9F99F89131C04C5B95BB,True,0.5863725035879143,0.5674433638503786,0.018929139737535627,0.8651132722992427,0,INCERTIDUMBRE;FAMILIA_POCO_REPRESENTADA,True,0.11490820690088137,0.419012750929207,OK
E4336FEECC9AC8FDBCE2BC3BD8B6764390827E1D0C4C095419D3D4027F4F6734,Z001023321403.pdf,F-5AE99EB9C10751B227CB,True,0.7610235728597039,0.6106944694975369,0.15032910336216698,0.7786110610049262,0,FAMILIA_POCO_REPRESENTADA,True,0.07616571369430837,0.4177127185616968,OK
A0FB56F6B5FE34808095BAEF8886F29081BC4101DF3E01F0C8167841A53BEEEA,Z001023267290.pdf,F-5C5C283B8712D7428849,True,0.5906249022727267,0.5667297867163236,0.023895115556403113,0.8665404265673529,0,INCERTIDUMBRE;FAMILIA_POCO_REPRESENTADA,True,0.07880957848522914,0.41714388603619723,OK
8C4FE2376B296AE1A97D7BF5273F83697EF0E7D3FCA14052088D0B7BAE2C45BB,Z001023266994.pdf,F-5C5C283B8712D7428849,True,0.5878348592712723,0.5657476869151632,0.02208717235610913,0.8685046261696736,0,INCERTIDUMBRE;FAMILIA_POCO_REPRESENTADA,True,0.07600225135028023,0.4170986373834411,OK
0B97AB3E0E13E9EDBBE286D38A67D292C41A2CF86A62B5B2E6553DA0CF55ED9E,Z001023435608.pdf,F-463F5D66BCFC1B95B4F2,True,0.5946088494857664,0.5100704605452436,0.08453838894052279,0.9798590789095127,104,INCERTIDUMBRE;SIMILITUD_CON_OTRO_CONOCIDO,True,0.5161398314315309,0.4166516389489942,OK
604348879CA3168805EED06B88FB193B09B812B4E3915EA9F97BC25B4DCDC462,Z001023435601.pdf,F-463F5D66BCFC1B95B4F2,True,0.5747023713113177,0.5049312807821547,0.06977109052916308,0.9901374384356907,104,INCERTIDUMBRE;SIMILITUD_CON_OTRO_CONOCIDO,True,0.5168053655021281,0.4166237935873763,OK
9533C501848D09DBBEEDF536AB13D5AA44346115AE6BF579C504B93F7598FA36,Z001023435602.pdf,F-463F5D66BCFC1B95B4F2,True,0.5841268078036893,0.5090901106101311,0.07503669719355821,0.9818197787797378,104,INCERTIDUMBRE;SIMILITUD_CON_OTRO_CONOCIDO,True,0.5305733164518407,0.4164058094688628,OK
871A27FC662D38A1C559011615D6A48C9E1BA8D3CC32A234BD5503498F2671F0,Z001023435556.pdf,F-463F5D66BCFC1B95B4F2,True,0.5842155458733632,0.5084824215363415,0.07573312433702173,0.983035156927317,104,INCERTIDUMBRE;SIMILITUD_CON_OTRO_CONOCIDO,True,0.5229901751492977,0.4162469844761271,OK
C4A374EBE71A704851898A247AD017B8AA0319E7E9EBAFCC8414F67118C22674,Z001023435565.pdf,F-463F5D66BCFC1B95B4F2,True,0.6010655387192472,0.5110269410822221,0.09003859763702504,0.9779461178355557,104,INCERTIDUMBRE;SIMILITUD_CON_OTRO_CONOCIDO,True,0.50499419967723,0.4162425915718047,OK
3571618E89D8244D63E9E65FA5791D0A9573533F30212F6DACF24AF3CC754B5E,Z001023384936.pdf,F-8FF74C3C1A6E3A6D5943,True,0.6069167041006758,0.7186170170675299,0.11170031296685412,0.7861665917986485,0,FAMILIA_POCO_REPRESENTADA,True,0.13142708954768073,0.41622609432600854,OK
84C3696B2F8E391A2EE5E0C40990CFDF6A01BF1DB432F8037606E840030944A6,Z001023435607.pdf,F-463F5D66BCFC1B95B4F2,True,0.5887232723501553,0.5071275098068192,0.08159576254333611,0.9857449803863616,104,INCERTIDUMBRE,True,0.49563736267244685,0.4159258009906862,OK
9F19E8127FAFA3A410DA535F6F5C178CDB2AA84B8AA0B657EBDF2A63D8D71A4C,Z001023435620.pdf,F-463F5D66BCFC1B95B4F2,True,0.45033852325413304,0.4307611274167912,0.01957739583734186,0.9006770465082661,104,INCERTIDUMBRE,True,0.47191376655007966,0.4158352125762478,OK
567841FFA35B66B4C4196EC5DC0D9A9973BBCA4E79EC13E6D1E5F76BCC94E78A,Z001023384937.pdf,F-8FF74C3C1A6E3A6D5943,True,0.6066171747827744,0.7111969401464987,0.10457976536372426,0.7867656504344511,0,FAMILIA_POCO_REPRESENTADA,True,0.1316491640318845,0.41467783539617736,OK
1C98F6E7FCAB99BCF1A9F60F1C3C9C65393ED41CD6DB09C21056B4A06AC7D5C9,Z001023321184.pdf,F-B43EF324C00562D8C474,True,0.6393223477703915,0.5847828581339587,0.05453948963643285,0.8304342837320826,0,INCERTIDUMBRE;FAMILIA_POCO_REPRESENTADA,True,0.10377669475427705,0.4146645411907649,OK
BE3A56DD69AF80DBCC6970213DC3956F6BD11A5592F5A5975E3E9C6946755301,Z001023266859.pdf,F-9BD3B12683414B18CB08,True,0.6072902445129795,0.5722065509989953,0.035083693513984215,0.8555868980020094,0,INCERTIDUMBRE;FAMILIA_POCO_REPRESENTADA,True,0.06261170423308074,0.41448750810250745,OK
FA32B612158C9DD82E1EABC88907F365CE5D9332CB10A5F459DAE9FD2EEF9475,Z001023435567.pdf,F-463F5D66BCFC1B95B4F2,True,0.5963224032773828,0.511132733207934,0.08518967006944889,0.9777345335841321,104,INCERTIDUMBRE,True,0.49588824640195545,0.41404570986438494,OK
B708300DA4D47B7F271FA88AD2F0BE9CAABCA5AB55BE2C278F2689A9272829A1,Z001023321191.pdf,F-D4AAE10B1EDE4F168A51,True,0.6032041793583108,0.6740657660964672,0.07086158673815635,0.7935916412833783,0,FAMILIA_POCO_REPRESENTADA,True,0.18116677493979355,0.4135891486277009,OK
4F5674A155962270E0A47202B86D24C3113450BA84B5B05D77217E9D564EDB26,Z001023435563.pdf,F-463F5D66BCFC1B95B4F2,True,0.5804932527791151,0.5085592918537807,0.07193396092533444,0.9828814162924386,104,INCERTIDUMBRE;SIMILITUD_CON_OTRO_CONOCIDO,True,0.50548783236409,0.41349315012247706,OK
9DE34BE46F78A2971BB05A1AF6F6D97B6F50CA2562168D50657E048CCEB8F769,Z001023435578.pdf,F-6A145BE9A8A7C87BFC06,True,0.6102206257489055,0.6327465291188363,0.022525903369930877,0.7795587485021891,0,FAMILIA_POCO_REPRESENTADA,True,0.34804157197166224,0.41328119501541516,OK
DA49C0CE061E4A8CF9E1B915F3F3B83645997B214D9D52B27CE136CD3A56ADE8,Z001023422395.pdf,F-1BA81650FFCD6E25FA71,True,0.6148877553884767,0.5775523950408242,0.0373353603476525,0.8448952099183515,0,INCERTIDUMBRE;FAMILIA_POCO_REPRESENTADA,True,0.082028597705264,0.4132500233288625,OK
6FE51C9812EA8C22BE95BA7E3240F9FFC7B5E03EECEBBF8936AD443A30E2E0BB,Z001023351250.pdf,F-9A62104F8DDC4BBA0CB7,True,0.6030508382890699,0.7063202624312659,0.10326942414219598,0.7938983234218602,0,FAMILIA_POCO_REPRESENTADA,True,0.09161321770275226,0.4128430910034753,OK
BE2EB39793D6974EDFD51E26FA4D97F7E3D9F1D576A56D51849763230F2F8B89,Z001023435575.pdf,F-463F5D66BCFC1B95B4F2,True,0.58405343217752,0.5129684195922415,0.07108501258527855,0.974063160815517,104,INCERTIDUMBRE;SIMILITUD_CON_OTRO_CONOCIDO,True,0.515926378971282,0.41123837828125975,OK
54FD2072009FAA11BC31C0ECD1055AA552E1765FB3AB10620818DF0B63E48C99,Z001023466288.pdf,F-F20B40699572CA9726CA,True,0.6168008170051078,0.5859115998299734,0.030889217175134376,0.8281768003400531,0,INCERTIDUMBRE;FAMILIA_POCO_REPRESENTADA,True,0.13030976585895676,0.4106151609986979,OK
7C18DB2B45B457019E9904C1E7295A6F915742075D0CD4164CA1A72B0E7E34A2,Z001023435644.pdf,F-2D60F66ECD2FB70F04D0,True,0.5973891289288082,0.6628620560264721,0.06547292709766384,0.8052217421423835,0,INCERTIDUMBRE;FAMILIA_POCO_REPRESENTADA,True,0.10961759562403672,0.40915760108665383,OK
A480BD7BF2D262AB240B04C4F67E20BB6D107695A8DC01D209B965B7DF8F1D22,Z001023435566.pdf,F-463F5D66BCFC1B95B4F2,True,0.5835826658514739,0.5144058101722117,0.06917685567926224,0.9711883796555767,104,INCERTIDUMBRE,True,0.4966621243417356,0.40782874018582194,OK
0B618A6161AB2BAED66462912C6D26350205C67C99F3F906BBD85B847C4C359C,Z001023366467.pdf,F-5C5C283B8712D7428849,True,0.6098126514766345,0.5785329157841127,0.03127973569252185,0.8429341684317746,0,INCERTIDUMBRE;FAMILIA_POCO_REPRESENTADA,True,0.04976133512540628,0.4078230263867922,OK
A240C8CD36DB470D86B7036CE00EB12FB6F27333414A5A00AC78925096D04C81,Z001023436298.pdf,F-BE12AC29ED1671FE9AE0,True,0.6111688438368076,0.7126212871913727,0.10145244335456516,0.7776623123263848,0,FAMILIA_POCO_REPRESENTADA,True,0.09867261153987361,0.40741218130686335,OK
9D32EB2A7AAE8AF96268B8B27BA2A8BE47FF4ACFC571F07F51753E2CAC4BC474,Z001023435572.pdf,F-463F5D66BCFC1B95B4F2,True,0.5889653228301531,0.5162498016955911,0.07271552113456203,0.9675003966088178,104,INCERTIDUMBRE,True,0.49535731989561294,0.407292132038669,OK
F527F35D16881DE9E8402FA05F8F69179185FFEA0CEF56CB560668492045CA6D,Z001023384935.pdf,F-9E8F89B96EC45B520DEE,True,0.5964823362124115,0.5878246779504535,0.008657658261958079,0.8243506440990931,0,INCERTIDUMBRE;FAMILIA_POCO_REPRESENTADA,True,0.16214112455335913,0.40690125245550807,OK
44D9E78779065F9F9E875CFBAC32B9059FC9EE29860F35DC5F0CCA8E73D4436C,Z001023466370.pdf,F-F20B40699572CA9726CA,True,0.6388531603971127,0.5954251251122786,0.04342803528483408,0.8091497497754427,0,INCERTIDUMBRE;FAMILIA_POCO_REPRESENTADA,True,0.11917488726903397,0.4059769099695169,OK
1333A90EBB43AD0E599070C8EF90E5A27A029FF12280CA95C2C03798470CBCCD,Z001023397662.pdf,F-AC012BFF64B914D9A8EB,True,0.7004046768575269,0.6046121366611075,0.09579254019641947,0.7907757266777851,0,FAMILIA_POCO_REPRESENTADA,True,0.050813604771358004,0.4058009998634654,OK
6660D2B3C9AE8230CA9FA0CDC75202436DD32B952F48CE70FC243CF0F142B1CF,Z001023435606.pdf,F-463F5D66BCFC1B95B4F2,True,0.5937368219332675,0.5202430191503176,0.07349380278294992,0.9595139616993649,104,INCERTIDUMBRE,True,0.4994840092566487,0.405104119168561,OK
41AEB96DBA1C14EFF3D08816B26277FCEC0EB92C66D95059DD65470E88A0A4D1,Z001023466371.pdf,F-F20B40699572CA9726CA,True,0.6076532506686445,0.5943946630981907,0.01325858757045384,0.8112106738036187,0,INCERTIDUMBRE;FAMILIA_POCO_REPRESENTADA,True,0.17598313129627569,0.40483669585350757,OK
C1337CD9E2CE1B4FBFAC43E69AF28D24376092DB6735E0F4C1C53DE5DD9A29CA,Z001023321195.pdf,F-5223D7C4791EFF23A5F6,True,0.6245106312757315,0.590035910129523,0.03447472114620853,0.8199281797409541,0,INCERTIDUMBRE;FAMILIA_POCO_REPRESENTADA,True,0.06980560817442512,0.40257410401332855,OK
6622C9EFD9051FD3CEB3DA3E7012E7B2F101F479DA7C76AE80C86318A6963881,Z001023284324.pdf,F-ACB752E4A55445002A24,True,0.6718037008980227,0.6016228592097075,0.07018084168831518,0.796754281580585,0,FAMILIA_POCO_REPRESENTADA,True,0.05958935500498722,0.40236814447578223,OK
35F2897AC3C00021506195C4264DAB3B4C81A4A8133253F774EE00E5F34ADDD3,Z001023349980.jpg,F-10E38EF7E394161A0B1D,True,0.6133810927031378,0.6975805150814112,0.08419942237827338,0.7732378145937244,0,FAMILIA_POCO_REPRESENTADA,True,0.0942839780590995,0.4011114885082819,OK
AD6AD70C8513829235E6424DF2D2CE64853CF18203EC9A8FF5976279D77231CF,Z001023422554.pdf,F-5C5C283B8712D7428849,True,0.5906503154012734,0.5830896844491265,0.007560630952146985,0.8338206311017471,0,INCERTIDUMBRE;FAMILIA_POCO_REPRESENTADA,True,0.061133322669454704,0.39984071089059375,OK
160526753107767C39EC95E3ADDCD2CD497AE532CEFFC3DC2F84BB0DC8CE49FE,Z001023435661.pdf,F-2D60F66ECD2FB70F04D0,True,0.6078650770573013,0.6628620560264721,0.05499697896917077,0.7842698458853974,0,FAMILIA_POCO_REPRESENTADA,True,0.10718377148275045,0.39896206795045686,OK
D03B12295D7E2C90B4C243C7F0597B491A97CD0E6AD087AA2E702841D8F70BCF,Z001023435609.pdf,F-463F5D66BCFC1B95B4F2,True,0.6026733048400493,0.52930857624914,0.07336472859090937,0.9413828475017201,104,INCERTIDUMBRE,True,0.4809414116538743,0.3968717008910977,OK
23AD11468F884AC31C8DE408789102DEF544877629136636911F54124071DBD5,Z001023321724.pdf,F-709038BC705B1DCC895B,True,0.6334225057327897,0.7465585239354358,0.11313601820264607,0.7331549885344206,0,FAMILIA_POCO_REPRESENTADA,True,0.11686747376913094,0.3965749979146218,OK
458E7FC3ABCF1C43FC4069A9F45E36DB1ED09317C6648F4C58F29BEB4B6DAFEC,Z001023435557.pdf,F-463F5D66BCFC1B95B4F2,True,0.5769551450385711,0.524985319091517,0.05196982594705413,0.950029361816966,104,INCERTIDUMBRE,True,0.49706471923632384,0.3961615859987149,OK
AFED52A09304D2AFC91D1F2FC2680CD10AC199AE959EB631A69F2BC9ABABEB8F,Z001023397660.pdf,F-AC012BFF64B914D9A8EB,True,0.6841746203361101,0.6110273292515738,0.07314729108453633,0.7779453414968525,0,FAMILIA_POCO_REPRESENTADA,True,0.04971672748801084,0.39553936504383347,OK
98B85AF352A89B59E8B3693929931C0F38C57CD3CEB6ACFBA234FE83FAFB038D,Z001023454964.pdf,F-AFDC8167620A594184CD,True,0.6009723286339714,0.6236676810776715,0.022695352443700023,0.7980553427320571,0,FAMILIA_POCO_REPRESENTADA,True,0.08629227712431768,0.39362243577957673,OK
04622502B384DAAEF8528EC21E2AB0A275228BE920F7620586EB7594F8385E50,Z001023397940.pdf,F-17EDEDC266F087E00DD9,True,0.6937572141242212,0.6247049060279943,0.06905230809622687,0.7505901879440113,0,FAMILIA_POCO_REPRESENTADA,True,0.1275727790058709,0.3927269207050478,OK
C7878CB77608850C544168E945D00762576A1494A2847F0A5A4ED6791A8762EC,Z001023306028.pdf,F-155769E28902BD0C2152,True,0.6140223582476101,0.6662327826045148,0.052210424356904706,0.7719552835047798,0,FAMILIA_POCO_REPRESENTADA,True,0.09468698193794997,0.39270565350969405,OK
C502BC6DB8C90164FEB17CE99C86754EF737BB05F6FC67A6AA3FF4DA2DC377C6,Z001023266254.pdf,F-BB0B1A0ADCF504CBAF02,True,0.6018997530113952,0.6271326154741125,0.025232862462717276,0.7962004939772096,0,FAMILIA_POCO_REPRESENTADA,True,0.07257330483916204,0.3922357189916189,OK
8F590A4478A6EA9CF5BB735F5F313617F920C0D2D8BA1E7C00541EE8848BEAE6,Z001023435659.pdf,F-2D60F66ECD2FB70F04D0,True,0.6137324444409324,0.6479241495197916,0.03419170507885916,0.7725351111181351,0,FAMILIA_POCO_REPRESENTADA,True,0.10706658447645283,0.3896418736087074,OK
70D73626A396EF94EB5D6F929B9521B736FBF5E912AB1D89DF322A4FEF6A454A,Z001023243758.pdf,F-351ED73B39E41E562D4E,True,0.6019757825574023,0.5972178618251438,0.004757920732258447,0.8055642763497124,0,INCERTIDUMBRE;FAMILIA_POCO_REPRESENTADA,True,0.05436420722521627,0.38857339762798565,OK
E690A5A92162A892DEC37AEF4FCE94601F75E6EFBDA30AB919CC53B2B328F5BA,Z001023435649.pdf,F-2D60F66ECD2FB70F04D0,True,0.6149632535745075,0.6479241495197916,0.03296089594528406,0.7700734928509849,0,FAMILIA_POCO_REPRESENTADA,True,0.10759318121555382,0.3885252646057211,OK
E917F07DBC2701ED05A4141FE21FAD8A1A284A98A741B8A0347E1AF3CCEC1197,Z001023306967.pdf,F-B9CF7530E8E0EB472BF6,True,0.6098298964661534,0.6149837522621785,0.00515385579602512,0.7803402070676932,0,FAMILIA_POCO_REPRESENTADA,True,0.10827300975072945,0.3852348373977719,OK
3AE8EB7E4E38B0F90B57C05F0AC49109AFC0A9471F9277A696892D4BD491E2EF,Z001023422274.pdf,F-291F47E834711628631B,True,0.722527031290739,0.6495724893582209,0.07295454193251816,0.7008550212835583,0,FAMILIA_POCO_REPRESENTADA,True,0.20470024018332564,0.3840079169507075,OK
AD9F6F5A72D8131D0B85D1003E8B63494A646AE1FBC81D1BC7120048ABA7E675,Z001023422275.pdf,F-291F47E834711628631B,True,0.722527031290739,0.6495724893582209,0.07295454193251816,0.7008550212835583,0,FAMILIA_POCO_REPRESENTADA,True,0.20470024018332564,0.3840079169507075,OK
009BBAAE953576D74634FBF38623C1647EAC3A8843FA33593E6A5A21CFC0CBF5,Z001023243757.pdf,F-39B7D5C05FF07181D30C,True,0.628600328732867,0.6820052998198163,0.053404971086949304,0.742799342534266,0,FAMILIA_POCO_REPRESENTADA,True,0.0967963810774153,0.383010650766472,OK
1404DB34FC4F98116BC724C50860B093747B8B6958BA341FCD6820A169B30763,Z001023243744.pdf,F-BB0B1A0ADCF504CBAF02,True,0.6247336844689647,0.6751716881393054,0.05043800367034068,0.7505326310620706,0,FAMILIA_POCO_REPRESENTADA,True,0.06832982168795707,0.3821289039581056,OK
83960E4A2025A3CEAC1669AF3BB0760321D7AA2FE2B239CD5DEDE439BA0A7CD5,Z001023385296.pdf,F-786319C17311D41F6AA6,True,0.608281600210922,0.6104247494949413,0.0021431492840192634,0.7834367995781559,0,FAMILIA_POCO_REPRESENTADA,True,0.07089108473592329,0.3818277756469517,OK
6C82D960ABF48E805D4D2D7586359ED4894E378A43A3D6F0BA2BE3601D521D49,Z001023322089.pdf,F-0DBBA42E0A29004CDFFC,True,0.6767164941990986,0.6256257709362621,0.05109072326283648,0.7487484581274757,0,FAMILIA_POCO_REPRESENTADA,True,0.04950135088515878,0.3797847762488415,OK
C434649C3CDB9EBD6CEC3DB16F2C8FA54B197D8A439ED74DE5FC37F2CE561F88,Z001023306968.pdf,F-B9CF7530E8E0EB472BF6,True,0.6233506735247605,0.650130712276242,0.026780038751481494,0.753298652950479,0,FAMILIA_POCO_REPRESENTADA,True,0.09393868692641615,0.3797434069131797,OK
46513DC8EF40B3D70818DC5BDF3F2718F2639EF4146157CD7372B6C941840A70,Z001023423345.pdf,F-D3593F7837141C49179F,True,0.6330519180284331,0.6834441177741868,0.05039219974575371,0.7338961639431338,0,FAMILIA_POCO_REPRESENTADA,True,0.09327803602841478,0.37878951091937674,OK
04B7BBA87B980CE4BF534091AA2CF35C697D2F5F71510DB83C28FEB3FD85D176,Z001023243753.pdf,F-327ABF39E6F323FC9EE9,True,0.63480600639446,0.6183751838905831,0.016430822503876952,0.7632496322188338,0,FAMILIA_POCO_REPRESENTADA,True,0.06861064817597208,0.3781061417201582,OK
CE7160133672FD9F3450176876854198FBF15716625BC1FDFAD793838A440CE2,Z001023349979.jpg,F-084D6EB8C9709BADA278,True,0.6264131566281224,0.6595729231723813,0.033159766544258895,0.7471736867437553,0,FAMILIA_POCO_REPRESENTADA,True,0.07789831956473732,0.37759056395285284,OK
EF2CE87564C6FF7F341FAEBA484FF57392877D0389834D5050001D4C9BD2D3B7,Z001023242452.pdf,F-66972524C7C14B2A0F8D,True,0.6447479568333635,0.7099062259202186,0.06515826908685507,0.710504086333273,0,FAMILIA_POCO_REPRESENTADA,True,0.10248960227606349,0.3752149577159657,OK
2508167B50A8E8901EF02FDAC3D11A80EB57A7D000A33B38FE2A22B3B0A13425,Z001023321385.pdf,F-F4DF3A25744E15EB5700,True,0.6831350544111775,0.6330532325498089,0.05008182186136856,0.7338935349003821,0,FAMILIA_POCO_REPRESENTADA,True,0.050620115654763695,0.3744452042459523,OK
71273BE17289DA2920A0A8A1A0E17A6DABED2A43DB33A8FD3D5B2FD8C0C4C031,Z001023478163.pdf,F-125363E8C7F49ABA8174,True,0.6568915740508685,0.7502763316948343,0.09338475764396581,0.686216851898263,0,FAMILIA_POCO_REPRESENTADA,True,0.10791084172357901,0.3743131717477414,OK
02DD9DC0C98F31853E104D0637C7D827B9FE9FFCF29A70A9238DECA430176BA3,Z001023243755.pdf,F-9548D00330517E651531,True,0.681718867278407,0.6375638378386161,0.04415502943979088,0.7248723243227677,0,FAMILIA_POCO_REPRESENTADA,True,0.09475682354001193,0.3742197532269176,OK
2561CB08DF5796D2821965653E2B99FDC224AA0A34497D57DB56B176A047078E,Z001023337446.pdf,F-291F47E834711628631B,True,0.6946398813030117,0.6537661659019449,0.04087371540106677,0.6924676681961102,0,FAMILIA_POCO_REPRESENTADA,True,0.20751791688379892,0.37333390440728514,OK
E1393A74814533C9CB4BBB1CFA8322D6327E92B91CA096B775CDC735B74D8831,Z001023349978.jpg,F-A63030241E77A2701CA2,True,0.6309469370482418,0.6573209822530329,0.02637404520479114,0.7381061259035164,0,FAMILIA_POCO_REPRESENTADA,True,0.07903830363519658,0.3728344857309482,OK
08AF3D73E0302637248E1C6068C4735A590AEA0478B805176319D610E66B89DA,Z001023423199.pdf,F-8F56F33C4C36FACE83F1,True,0.6777987685605338,0.6392935184814775,0.03850525007905625,0.7214129630370449,0,FAMILIA_POCO_REPRESENTADA,True,0.10199652316017752,0.3723205018987476,OK
5A3DE1739FB496DBB9FA08B6272476E8A2B4A735630CC6FA721347F5714A201F,Z001023397939.pdf,F-17EDEDC266F087E00DD9,True,0.6864270777068097,0.6451689682409247,0.04125810946588493,0.7096620635181505,0,FAMILIA_POCO_REPRESENTADA,True,0.12048054975746948,0.3707443045735708,OK
4CBE0DFB852CA508AE1D36F4C7770C1EBBB95E3769DA3A769885C04C4300AEC6,Z001023242453.pdf,F-66972524C7C14B2A0F8D,True,0.6604212503452013,0.7436288647507124,0.08320761440551117,0.6791574993095975,0,FAMILIA_POCO_REPRESENTADA,True,0.11237030472490597,0.3697440588322275,OK
ADD08D343270C35C06824EF58EE47390215B1FAFD797A96502A7A10208522646,Z001023267209.pdf,F-48CE26A85E277E875DC5,True,0.6417696714355415,0.6300776711574234,0.01169200027811812,0.7398446576851532,0,FAMILIA_POCO_REPRESENTADA,True,0.07758870632166578,0.3696275008914997,OK
93ED3048D26C9F4020F5417C660C4EB42975A4594C363AD06DD43CB34564B176,Z001023397942.pdf,F-17EDEDC266F087E00DD9,True,0.6931980117872759,0.6486186412460337,0.04457937054124217,0.7027627175079325,0,FAMILIA_POCO_REPRESENTADA,True,0.11729126036324605,0.36884091979941147,OK
9B835F1EE315552D28E9B177838F43143459553205ED605766309135803AC3DB,Z001023306966.pdf,F-B9CF7530E8E0EB472BF6,True,0.634917151472923,0.6433413883191335,0.008424236846210409,0.7301656970541539,0,FAMILIA_POCO_REPRESENTADA,True,0.10662543256222239,0.36832659643672866,OK
03E2328AAB18E34C88AAC9D3AF172261EA8866C75E4C3729A0F04663D57ECB7A,Z001023478162.pdf,F-7E263695BA79A1E6DDC0,True,0.663812434723423,0.757239967454487,0.09342753273106397,0.672375130553154,0,FAMILIA_POCO_REPRESENTADA,True,0.09269368454145371,0.36795754733051533,OK
CAE54411BC7BD05CAF2FE7DBE9889AD5AA22D61E139051865BD9E06CFCD5C7CE,Z001023435663.pdf,F-16DC0FE04015047A1FC9,True,0.6819756815716903,0.748980336760707,0.06700465518901666,0.6360486368566194,0,FAMILIA_POCO_REPRESENTADA,True,0.2810266605438171,0.36747085275145264,OK
952231558F1FCB85A1DAD9B78A8EE6D6BAA4127CD7DEBD08B775DAA171E947E9,Z001023435640.pdf,F-D3593F7837141C49179F,True,0.6490367662059736,0.7035320712918928,0.054495305085919155,0.7019264675880528,0,FAMILIA_POCO_REPRESENTADA,True,0.07409336151245909,0.3667074260785442,OK
8DA06AF9D7E91EE0C4B5E6A0CBD50C9B2641F262C773F18B65CD39F4B71F9AB0,Z001023337178.pdf,F-45B740DBC5E97D916ACA,True,0.631027623260433,0.634861020774674,0.0038333975142409438,0.7379447534791339,0,FAMILIA_POCO_REPRESENTADA,True,0.07269389602292467,0.3665084026985495,OK
C03E5C5FE84DB19CAF29F42F864E7A65D4E49194113D53A1159793A9C9A9C987,Z001023423183.pdf,F-8F56F33C4C36FACE83F1,True,0.6441910357513964,0.6738426133727501,0.02965157762135373,0.7116179284972073,0,FAMILIA_POCO_REPRESENTADA,True,0.10014571903992371,0.3664937412833533,OK
78F72149A9868B3E46CE41826362BFC1D49ACD0B74BA8B96C49C9F8EB34B8DC3,Z001023268003.pdf,F-BA56AFE5C5E556E8D37E,True,0.6518041884322554,0.6965393333162352,0.04473514488397978,0.6963916231354892,0,FAMILIA_POCO_REPRESENTADA,True,0.11447029620571575,0.3663678839389877,OK
8BB6A993C31E82AC7CB82A8F7DA256410F5D07F2EAD669F18712B19DAF9D05ED,Z001023306986.pdf,F-B9CF7530E8E0EB472BF6,True,0.6397725212723703,0.6518197485961049,0.012047227323734644,0.7204549574552594,0,FAMILIA_POCO_REPRESENTADA,True,0.10890134392670277,0.36606117633294477,OK
14C5AE52A8EEAFEEFC07064F3CA220CF3FF2275CC59888BA114642668962F978,Z001023435636.pdf,F-D3593F7837141C49179F,True,0.6519217802858931,0.7101861882353282,0.058264407949435104,0.6961564394282138,0,FAMILIA_POCO_REPRESENTADA,True,0.07706226763541067,0.36592708255077466,OK
8B99A22D29696717771CBAF632D3CDCFFF3E56D09B122D3A8E5A9FD20AC70C62,Z001023266863.pdf,F-3DC91662A89C7679A26C,True,0.7832103285424358,0.7054685554377257,0.07774177310471009,0.5890628891245486,0,FAMILIA_POCO_REPRESENTADA,True,0.40151512336648654,0.36575896680641823,OK
9C75DD4EEAA88B9D6F34FCF718F77238D95CC898D26234A7F6FAE1BA0166FCF3,Z001023306673.pdf,F-AC520FCFB74A7B33082E,True,0.656994387107603,0.7168120635968638,0.05981767648926073,0.6860112257847939,0,FAMILIA_POCO_REPRESENTADA,True,0.09034387043042531,0.36409273519003554,OK
9BF5CA3F532649C50C157B6AC8C23B5B7D29E958B4CC86488B96F01A4D183D42,Z001023435639.pdf,F-D3593F7837141C49179F,True,0.6586045971153165,0.725024849033275,0.06642025191795853,0.682790805769367,0,FAMILIA_POCO_REPRESENTADA,True,0.08349132770454525,0.3639309777692226,OK
24B614F76779C4A03DA9946CB4E8F4441AB7725A1EC6F55EB084F63D939D16B9,Z001023423184.pdf,F-8F56F33C4C36FACE83F1,True,0.6477345475846893,0.6778426952437425,0.03010814765905323,0.7045309048306214,0,FAMILIA_POCO_REPRESENTADA,True,0.09550631934865389,0.3636634855403462,OK
ACCF8E8FEC38135BC20F66FA0CC4CC442A6F73FB26C43DC71D9C9F69589D4B56,Z001023283743.pdf,F-AF5132DA68411FBA3A2C,True,0.6667366219635026,0.6420063543547071,0.024730267608795486,0.7159872912905858,0,FAMILIA_POCO_REPRESENTADA,True,0.06170050679615904,0.36294816953351977,OK
77FA31F97509D7D255FCB2E4179652A1CD91A196971D3510623FD37D68F8823C,Z001023422118.pdf,F-445390AF616961096449,True,0.6952169026897416,0.8488307434189701,0.15361384072922857,0.6095661946205169,0,FAMILIA_POCO_REPRESENTADA,True,0.11103341180689179,0.3628549694801772,OK
85DD96B52360238128DEBF13F22C3A11653044338087911CC47DF0C06BE38D6A,Z001023268126.pdf,F-08069E9D52CE16B4B5E5,True,0.7289150035843145,0.6646584161126078,0.0642565874717067,0.6706831677747844,0,FAMILIA_POCO_REPRESENTADA,True,0.10683261706598003,0.3614865172956992,OK
9E79E8C55CE752763CEE24AFC77AA13C831D5158522CAE55FEB9732180FC8E2D,Z001023284325.pdf,F-A1BCF0F892BC6AE22567,True,0.6384058138279118,0.6363833245796447,0.0020224892482670898,0.7272333508407105,0,FAMILIA_POCO_REPRESENTADA,True,0.054029440753231815,0.3604402391816386,OK
214391B212DE575A749E2CE564AB831866F3B4E810B804B112AFFECC4A0DC0C5,Z001023242454.pdf,F-66972524C7C14B2A0F8D,True,0.6606988962847382,0.7134170365393311,0.05271814025459287,0.6786022074305236,0,FAMILIA_POCO_REPRESENTADA,True,0.09662660075195574,0.3603529677395271,OK
6B813304D2E10D3EE3A7AA8B42007E68441814C25E72F5689284E7F744B356BE,Z001023321386.pdf,F-4E9978503595A143A90E,True,0.6681102196875418,0.6468146462324946,0.02129557345504718,0.7063707075350107,0,FAMILIA_POCO_REPRESENTADA,True,0.04942574680540671,0.35749621568155626,OK
5F53885F5A7CCBC8AA0039592621E42F2CD4C654E7B901F968A242975E63F451,Z001023435638.pdf,F-D3593F7837141C49179F,True,0.6665939750396463,0.7290328837047809,0.062438908665134574,0.6668120499207073,0,FAMILIA_POCO_REPRESENTADA,True,0.08275545344910862,0.35726948998344205,OK
86A099DFDEC94FD6B3BE5207E700F8103303ECF1730B079A72D5ECECEA862CBC,Z001023306927.pdf,F-DC276EBC91B83EBB42A1,True,0.6641270834885171,0.7170798660553109,0.05295278256679381,0.6717458330229658,0,FAMILIA_POCO_REPRESENTADA,True,0.08655063388514363,0.3570043005882508,OK
C090BC61FD044DD4AB78163652B0F9EC19969395F05A39AA2C9D37D25ED565E4,Z001023321358.pdf,F-F4DF3A25744E15EB5700,True,0.7103849723541905,0.658742661239186,0.0516423111150045,0.682514677521628,0,FAMILIA_POCO_REPRESENTADA,True,0.05031099544952941,0.3568218144562739,OK
AAD31C221D1E014FC8E2BD6C4B1A56C83146EFD19F8DF992AAFC6109740A6195,Z001023350021.pdf,F-8832B84CFF877C626D4F,True,0.6992625847806669,0.6579236285341628,0.04133895624650419,0.6841527429316745,0,FAMILIA_POCO_REPRESENTADA,True,0.06527418704484765,0.35631561779219684,OK
3AAB092615DA76FF52FB2EE20B938CA0F8837110C60E9F3900DE41BBD989DD39,Z001023336324.pdf,F-31E7E74BBD966EC0DF0C,True,0.6675492822897171,0.6503889567552625,0.017160325534454568,0.6992220864894749,0,FAMILIA_POCO_REPRESENTADA,True,0.05931239517497309,0.35494905117242714,OK
B142C4D54C09C54A8ABAFAADE159DA4B7652B609DC8E7156A2D4ED445DF29F02,Z001023423175.pdf,F-8F56F33C4C36FACE83F1,True,0.6539691006233891,0.6622961411097614,0.008327040486372339,0.6920617987532218,0,FAMILIA_POCO_REPRESENTADA,True,0.10228252919153309,0.35453164260437403,OK
01B4C3B905B65F5026EE091453D00254A2A5D4EC46E657D0CF0B43DCB3585899,Z001023306887.pdf,F-DC276EBC91B83EBB42A1,True,0.6632703446622215,0.7000035906015393,0.036733245939317816,0.6734593106755571,0,FAMILIA_POCO_REPRESENTADA,True,0.08846218437110319,0.35374028865838475,OK
6A6F48DC2B73742555E9B7725922EA7EB7B79DA71B4C91385C7E4E897659394C,Z001023266996.pdf,F-4BF4950E2AC638BA10EC,True,0.6599255119965476,0.6752050219633962,0.01527950996684857,0.6801489760069048,0,FAMILIA_POCO_REPRESENTADA,True,0.11680030945575401,0.35355205003970425,OK
AF5AF96DF21402C34237AAF9A7B9926F458AC92F6F9C1C414FE22E99C131B4BF,Z001023350185.pdf,F-67223A7FF41C1F77607C,True,0.6845914146311176,0.6619126697624963,0.022678744868621314,0.6761746604750074,0,FAMILIA_POCO_REPRESENTADA,True,0.10680468620615731,0.35301128600402365,OK
FB0B599425FADF0A6166F2462D23ADB1151D0655B7E706C248C5B58A5FCB1415,Z001023242523.pdf,F-53DCC0AFE10591DAF1F2,True,0.673974430005516,0.7204753887080251,0.04650095870250903,0.6520511399889679,0,FAMILIA_POCO_REPRESENTADA,True,0.13133942405368232,0.3529770810771343,OK
CAB0406F83A35EAD9D42A79ED8E8474E040EE40EEF15EB623E298600B5D436E9,Z001023423342.pdf,F-D3593F7837141C49179F,True,0.6666493162259058,0.7060909887741075,0.039441672548201634,0.6667013675481883,0,FAMILIA_POCO_REPRESENTADA,True,0.09558432977161295,0.35276432975607763,OK
94D293F51C67992B79BDC0C411D48D1D04DA543BE637421D5DA1A1A3BF474BD5,Z001023422348.pdf,F-B2FE3C01F13E2801315C,True,0.6840466891832877,0.7547321924725428,0.07068550328925505,0.6319066216334246,0,FAMILIA_POCO_REPRESENTADA,True,0.13730358423215036,0.3525690518172274,OK
299F8923F29027FBA851E54F1DFD39185F0BAB9650CE0FD8382F85428314E810,Z001023466270.pdf,F-F20B40699572CA9726CA,True,0.660186915388582,0.6772836280184467,0.017096712629864674,0.679626169222836,0,FAMILIA_POCO_REPRESENTADA,True,0.10248874693094752,0.35239221207855354,OK
02AA03FABF61EA48498FF7FF57620894B5F1CD701E6232470FE0432717D09ED4,Z001023466467.pdf,F-DABCB30807B14F494222,True,0.6748072266127934,0.7048605698795748,0.03005334326678144,0.6503855467744133,0,FAMILIA_POCO_REPRESENTADA,True,0.17226097348275668,0.35237437453601567,OK
BCB5824133621FF86C0E30218A27FF35EB80B07C6ED9B0720BC06055DA926DBD,Z001023322245.pdf,F-DC276EBC91B83EBB42A1,True,0.6788339685541122,0.6604070986895855,0.018426869864526685,0.6791858026208291,0,FAMILIA_POCO_REPRESENTADA,True,0.08915506722993342,0.35123725510641524,OK
0CE6D0F6DC7AAFEDCF0F29B1A52C095693F8F5768365885536EBB5EE4EE9AA8F,Z001023322244.pdf,F-DC276EBC91B83EBB42A1,True,0.6727277760356918,0.6604070986895855,0.012320677346106312,0.6791858026208291,0,FAMILIA_POCO_REPRESENTADA,True,0.08893608359822355,0.34968880861363905,OK
AF045798312AA570496D34E7F9881A914D147F18BA1EFC937620EDC8A83C01CA,Z001023423200.pdf,F-8F56F33C4C36FACE83F1,True,0.6706486599472239,0.7021969033469644,0.031548243399740494,0.6587026801055522,0,FAMILIA_POCO_REPRESENTADA,True,0.11203952391705838,0.34963695127858424,OK
94F4F2FDE9F8C99A52B3052E8951186B9BAE1B728954D41DE66D2ED7F6106B60,Z001023321355.pdf,F-F4DF3A25744E15EB5700,True,0.7243592459948653,0.6703165990666355,0.0540426469282298,0.6593668018667289,0,FAMILIA_POCO_REPRESENTADA,True,0.051311669351779124,0.3494202093205905,OK
AA6F3AD1D91CC4FCE231018AA45B333C5C0CC84637ABEB3ED46CF7B91F737025,Z001023322241.pdf,F-DC276EBC91B83EBB42A1,True,0.6683316864189877,0.6949817339961127,0.02665004757712508,0.6633366271620247,0,FAMILIA_POCO_REPRESENTADA,True,0.09380541673031235,0.3482108730740212,OK
C09735500360DFE78129D14EF3A20E0668C0E08CC4FAC87ECD258E0B194D1F19,Z001023306928.pdf,F-DC276EBC91B83EBB42A1,True,0.6737898498216958,0.7170798660553109,0.04329001623361517,0.6524203003566085,0,FAMILIA_POCO_REPRESENTADA,True,0.08697926668960289,0.3478675358521771,OK
87AF9B6C07186BDDB815D96BE317D66144F33FF28A3E4C7CB8D3B2D0DBACB3A6,Z001023242455.pdf,F-66972524C7C14B2A0F8D,True,0.6816343362869435,0.7422685628358555,0.06063422654891204,0.636731327426113,0,FAMILIA_POCO_REPRESENTADA,True,0.09582138448495589,0.34759665968486314,OK
9CE4431E0E551FCD8F64C87303CAF2B92FF90D1B4592A2EE10776DC2D92E19B0,Z001023322246.pdf,F-DC276EBC91B83EBB42A1,True,0.6645326763600314,0.6711470399608785,0.006614363600847106,0.6709346472799371,0,FAMILIA_POCO_REPRESENTADA,True,0.10582510384745689,0.3470632278329354,OK
271BB1B094E0EB4AEA101752E7C07265ABB906ADD707394EB6D66A12B8173D8B,Z001023466472.pdf,F-BE942853904B1B7861D6,True,0.7489172981814339,0.6851446098696975,0.06377268831173644,0.629710780260605,0,FAMILIA_POCO_REPRESENTADA,True,0.10395085968034783,0.34673703113718063,OK
2F70A9005F76072CD8540C75A1E3F9FC5D58D245CAFE99AF4D33F7080F5CCE60,Z001023322243.pdf,F-DC276EBC91B83EBB42A1,True,0.6707474969223145,0.7000035906015393,0.02925609367922477,0.658505006155371,0,FAMILIA_POCO_REPRESENTADA,True,0.08530300864752534,0.34632107643893856,OK
2E0C576CBF8D0EBF70A3813880AC9DEF66AC12E0889212F086C21B704453886A,Z001023243756.pdf,F-FAD110056D844D28A0E5,True,0.6747544038825264,0.6623073747571523,0.012447029125374098,0.6753852504856954,0,FAMILIA_POCO_REPRESENTADA,True,0.06687020357479492,0.34618361530881636,OK
72D76D6DAE007FA4DC7A3A4B431031B6EE2D2483276CBEDB01FA2CD3D08CAE52,Z001023321198.pdf,F-37BD71979607C4E5CA2A,True,0.6817497166858697,0.66366663405344,0.018083082632429748,0.6726667318931201,0,FAMILIA_POCO_REPRESENTADA,True,0.05985527490483095,0.34593965431118257,OK
C087BAC4C98C0267A3ECF1372EED6FDB0CC59D8472D853D196C162EB3536F616,Z001023306926.pdf,F-DC276EBC91B83EBB42A1,True,0.6762773251000587,0.7170798660553109,0.040802540955252264,0.6474453497998827,0,FAMILIA_POCO_REPRESENTADA,True,0.08263634167552447,0.3450701418363244,OK
914F05B9361B18D7157B7B242366C24DC3309BCC4F9A7921E31793FDCD39A061,Z001023321384.pdf,F-F85D6B36FEF866A05428,True,0.7149451699860678,0.6721405434037449,0.04280462658232298,0.6557189131925103,0,FAMILIA_POCO_REPRESENTADA,True,0.04603610007236101,0.34480638627019544,OK
53B927FC9DF965E28134461A652CAC7278A89215D38D19A93BE5535A44D0D4FC,Z001023306868.pdf,F-DC276EBC91B83EBB42A1,True,0.6739967963009601,0.7000035906015393,0.026006794300579172,0.6520064073980798,0,FAMILIA_POCO_REPRESENTADA,True,0.09592512783047606,0.3442964539475204,OK
B1F8C68688C815C4B2E622CE629A8FB8E1E167F946A31358C0DEEB2C2EE9067E,Z001023351247.pdf,F-709038BC705B1DCC895B,True,0.6878981549254387,0.750422240500493,0.06252408557505429,0.6242036901491226,0,FAMILIA_POCO_REPRESENTADA,True,0.09967127772243524,0.3440694407182,OK
28E57B85A23B5F3B189376E78081BE8CE4406AE462E2B485E933D79370388A59,Z001023322237.pdf,F-DC276EBC91B83EBB42A1,True,0.6783598336102723,0.7170798660553109,0.03872003244503863,0.6432803327794554,0,FAMILIA_POCO_REPRESENTADA,True,0.0884199500900552,0.3436701195930746,OK
E75D70352EC3D9FB25529BCEEB3B74CC002B4F834E2C4811D63AD3E5709B8111,Z001023423095.pdf,F-8F56F33C4C36FACE83F1,True,0.6963306824971341,0.6744813877113054,0.021849294785828755,0.6510372245773892,0,FAMILIA_POCO_REPRESENTADA,True,0.10161855517493205,0.34348720781603664,OK
D6FF3209A134A6BA26F75231C6691EE3C8D31BB459D68648BC355BC276BF6588,Z001023467305.pdf,F-45CE7A8253E843A28EA5,True,0.668267760716839,0.6797495732681264,0.01148181255128733,0.663464478566322,0,FAMILIA_POCO_REPRESENTADA,True,0.08002012507936825,0.3430850331439714,OK
1D690E9263C4C758D742F763DF1CBAFAEC61E32C010E5AF12578698CB2DA4C2D,Z001023306925.pdf,F-DC276EBC91B83EBB42A1,True,0.6791992383011439,0.7170798660553109,0.03788062775416701,0.6416015233977121,0,FAMILIA_POCO_REPRESENTADA,True,0.08362456920026558,0.3423931470477676,OK
8C1EE9B1C7D94DF5FE5C44387BCBC8336D97854D121C4B1F1E6CCB5E435BB5B8,Z001023467656.pdf,F-6F47C3756B8D8833BD77,True,0.6960146723200661,0.780735993415689,0.08472132109562291,0.6079706553598678,0,FAMILIA_POCO_REPRESENTADA,True,0.07901210712354302,0.34187127036221376,OK
44420C26D2C5A84C4691FE97D9DA110124E0E7BECA630F9B61F70AB46855DD8C,Z001023306883.pdf,F-DC276EBC91B83EBB42A1,True,0.6729916018358493,0.690557864246368,0.01756626241051873,0.6540167963283015,0,FAMILIA_POCO_REPRESENTADA,True,0.08504478646285236,0.3418019229638204,OK
1E6204E31083CC7D65901CC8CA5C00C90562459A9876FFDB0C909ADA7C2DEB5D,Z001023386173.pdf,F-BA56AFE5C5E556E8D37E,True,0.6785144409733129,0.6995173933511869,0.021002952377873974,0.6429711180533741,0,FAMILIA_POCO_REPRESENTADA,True,0.10924486915728396,0.34121511632887785,OK
64F93DA0C69F17478CD6052D88B84346BC9392E955468EAEB7F37BB92B647762,Z001023306934.pdf,F-DC276EBC91B83EBB42A1,True,0.6801643154803866,0.7110795466112696,0.030915231130883014,0.6396713690392268,0,FAMILIA_POCO_REPRESENTADA,True,0.09091704720785578,0.34070549166723574,OK
51EEB25AD23B828C7DCB0340F3EDDE2D3B4A5FD563053604CB14917A1A26E572,Z001023267511.pdf,F-C3F52D6321116250CE23,True,0.6811355682771438,0.7118417189126611,0.030706150635517293,0.6377288634457123,0,FAMILIA_POCO_REPRESENTADA,True,0.09774950186076073,0.34065659005095467,OK
BE59DEF803C07A83A9F8B313117820974411A10C344C882E0DAA0E92A9D9CF94,Z001023423312.pdf,F-D3593F7837141C49179F,True,0.6863279416641241,0.7379543287333357,0.05162638706921152,0.6273441166717517,0,FAMILIA_POCO_REPRESENTADA,True,0.07093925237859063,0.33957096284027505,OK
D671BDC5F2B3050AB15E59B60046DA4F42DA331E6B20713D9334EE87F9BF0ADF,Z001023422324.pdf,F-5CFD53435D18D399F675,True,0.6834014589757818,0.7133224393679526,0.029920980392170837,0.6331970820484365,0,FAMILIA_POCO_REPRESENTADA,True,0.09824232574156437,0.3389234563891519,OK
06D133DEC7E848E3CE560BBE8A8F305EB2CFA072344435DECFBC4AABF2C89A47,Z001023266239.pdf,F-A85A3E24D3ACD69DC578,True,0.6875913283385666,0.729853625433961,0.04226229709539442,0.6248173433228668,0,FAMILIA_POCO_REPRESENTADA,True,0.08963757556351705,0.33821540199320366,OK
8E3ED9CD08D116D97319FA72591D1A71C1BF262414371319A422952749639061,Z001023266238.pdf,F-A85A3E24D3ACD69DC578,True,0.6875913283385666,0.729853625433961,0.04226229709539442,0.6248173433228668,0,FAMILIA_POCO_REPRESENTADA,True,0.08963757556351705,0.33821540199320366,OK
D0C22929625573AA924B272A3C6BF3564D06BC107975FA72C28BB8CE97123304,Z001023267509.pdf,F-C3F52D6321116250CE23,True,0.6843819059603031,0.7118417189126611,0.027459812952357998,0.6312361880793937,0,FAMILIA_POCO_REPRESENTADA,True,0.09750401321421727,0.3375480203872991,OK
F40EE07EB2A7C4134F1FBBB96F41BA498E4343F0F385948B5918A9F9AA94C329,Z001023283891.pdf,F-26B5CF6101CB99BC90CE,True,0.7417176926571768,0.6912028537788724,0.050514838878304436,0.6175942924422553,0,FAMILIA_POCO_REPRESENTADA,True,0.08315269086503885,0.33710198116086937,OK
38017A0408F844F062D501E3C21D06497DA65971B8F2693A17A110684DF5685C,Z001023306674.pdf,F-5188602AEE266520A2A2,True,0.7308471976905053,0.693951633459522,0.03689556423098328,0.6120967330809559,0,FAMILIA_POCO_REPRESENTADA,True,0.13461895186278525,0.3369196428223589,OK
6041784577391E11DA44CCFDD8F49F2665AB654CECDE68188610184280D0353F,Z001023322242.pdf,F-DC276EBC91B83EBB42A1,True,0.6794141903837739,0.690557864246368,0.011143673862594072,0.6411716192324521,0,FAMILIA_POCO_REPRESENTADA,True,0.09501084009725615,0.33669706920673237,OK
6CB834E60F1EE39CCE5113B1014C036615F43084D7819B2B7DF991725488B140,Z001023267402.pdf,F-D550AB7126FB88F0087B,True,0.6804107431714709,0.679645942733776,0.0007648004376948903,0.640708114532448,0,FAMILIA_POCO_REPRESENTADA,True,0.12129369562211748,0.33656840975799224,OK
1EFEC494A72D347AD1840B5869281F259425F030DD79621BD5DB09028C336295,Z001023466368.pdf,F-F20B40699572CA9726CA,True,0.6771367187989822,0.6775490111697102,0.00041229237072804015,0.6457265624020356,0,FAMILIA_POCO_REPRESENTADA,True,0.10106068125436496,0.336213438058831,OK
31F3BA80D44EAF5B3BB8A88176C9358058CBC652C08C687F5B5F7D5B9649E460,Z001023454913.pdf,F-9A30531881297255A05C,True,0.7081233865180552,0.8072010645120566,0.09907767799400147,0.5837532269638896,0,FAMILIA_POCO_REPRESENTADA,True,0.07014660352644793,0.3360977092885065,OK
1A94D10FAD4A3B2AAAA3E3A02F2F963B295A6BFFFD9A535B339D7390DEAFC82B,Z001023466269.pdf,F-F20B40699572CA9726CA,True,0.6795462486014411,0.681819359075954,0.0022731104745129516,0.6409075027971178,0,FAMILIA_POCO_REPRESENTADA,True,0.10779293587393558,0.33566519718501303,OK
5C0929058CDBB5BC47EC541BF5041450B2C974A869989B8614122BA188D13056,Z001023435390.pdf,F-D5238119FE534C4B6805,True,0.7354948330173343,0.6944522011167141,0.041042631900620186,0.6110955977665717,0,FAMILIA_POCO_REPRESENTADA,True,0.11418904800489803,0.33556302199394494,OK
745AAFF23345A2A40AC1BC45D5BA745C0EC6611A849A1A32E8738B3227780E38,Z001023305707.pdf,F-CCC9706DE279D05A9F00,True,0.6924506681400453,0.7179051921575987,0.025454524017553437,0.6150986637199094,0,FAMILIA_POCO_REPRESENTADA,True,0.13546940114271505,0.3351951034206281,OK
12CA6DFC58500509E1ECF06C8E7E9C69E1F6AE3C2DD3F6E90FE50506DEF80A4D,Z001023435541.pdf,F-6763D32183A13F726A25,True,0.6777430829379821,0.6735915118720148,0.004151571065967308,0.6528169762559703,0,FAMILIA_POCO_REPRESENTADA,True,0.0547415494681648,0.33499798940289793,OK
75DF61E9FDA845DC081CFC82F85D18F3ACA95979563AA94854B1AECE0FC6E62C,Z001023306888.pdf,F-DC276EBC91B83EBB42A1,True,0.6888164578361387,0.7170798660553109,0.02826340821917228,0.6223670843277227,0,FAMILIA_POCO_REPRESENTADA,True,0.10080632360362303,0.3349749639298583,OK
546E19F42721BEECB1D6B201D53B5FDE2695F2579CB5C095E8DD352C0B8F1917,Z001023422559.pdf,F-4BF4950E2AC638BA10EC,True,0.6967074909394649,0.6866500370160857,0.0100574539233792,0.6266999259678285,0,FAMILIA_POCO_REPRESENTADA,True,0.12052487403055673,0.3339118249726405,OK
DEFF870283E30BAAD2B39543DFE8E04A47AB1834D8E119BE482C0CD3BC3E3A01,Z001023422114.pdf,F-CD430E7CB2AE87ECCDB2,True,0.7513997104057316,0.7104415453403283,0.040958165065403285,0.5791169093193433,0,FAMILIA_POCO_REPRESENTADA,True,0.20447758505637692,0.3333782180337587,OK
C41A80814FFACC787F7A868C35D087DBA54BCA7ADEAED9E57632749D953A0FC3,Z001023423185.pdf,F-8F56F33C4C36FACE83F1,True,0.6907225624855656,0.7104816744715795,0.019759111986013878,0.6185548750288687,0,FAMILIA_POCO_REPRESENTADA,True,0.09713031178959375,0.3311470154355669,OK
7A6F6A8DC8DDE99AD6F4F4FCE92CEEAB938B1A8D791A65A45C343C7C060282EF,Z001023410373.pdf,F-D57AE27D11C04D79D5D3,True,0.6961234540364927,0.6918216400919746,0.004301813944518118,0.6163567198160509,0,FAMILIA_POCO_REPRESENTADA,True,0.12653594059633153,0.3294538994813805,OK
9A2EE5AC1B90DEFA83B03EA44FC25CFD797A3AFD47E60BCFCEFCBCCBB7571407,Z001023267396.pdf,F-1A7CE71DEBE5AEE3E4A6,True,0.6935769711603291,0.701469992581934,0.007893021421604862,0.6128460576793417,0,FAMILIA_POCO_REPRESENTADA,True,0.12701061193943003,0.3291704367371138,OK
0C119B261945873CEB350567C4B9047A452E5075ADB4DC72F247453378F3D6C2,Z001023398890.pdf,F-3DD3AA89016171F61F53,True,0.6925806217135428,0.7206174243341005,0.028036802620557633,0.6148387565729143,0,FAMILIA_POCO_REPRESENTADA,True,0.0642656823579198,0.32862933369145136,OK
2A7AB31F4AD69F64910E3CEEE8C65743B22D669A790ABFCAF491E8BAAAE9C4B7,Z001023398906.pdf,F-3DD3AA89016171F61F53,True,0.6925806217135428,0.7206174243341005,0.028036802620557633,0.6148387565729143,0,FAMILIA_POCO_REPRESENTADA,True,0.0642656823579198,0.32862933369145136,OK
AAACD05AB2F9D7F8E822DC08530454028431294811101A531E80A9C923A5FEE5,Z001023398907.pdf,F-3DD3AA89016171F61F53,True,0.6925806217135428,0.7206174243341005,0.028036802620557633,0.6148387565729143,0,FAMILIA_POCO_REPRESENTADA,True,0.0642656823579198,0.32862933369145136,OK
C6300AC74E673106078B4FF074BABAF9CEA63E7B19340AB6BC815529561AE286,Z001023398892.pdf,F-3DD3AA89016171F61F53,True,0.6925806217135428,0.7206174243341005,0.028036802620557633,0.6148387565729143,0,FAMILIA_POCO_REPRESENTADA,True,0.0642656823579198,0.32862933369145136,OK
9A8AD632A6650939B79837D8ED72A5DFF5ABDA3A88B2BE48E074E7DD6ECE99F8,Z001023321179.pdf,F-FAD110056D844D28A0E5,True,0.7010476983728177,0.6888338936108396,0.012213804761978087,0.6223322127783208,0,FAMILIA_POCO_REPRESENTADA,True,0.07143310483619097,0.32801303614652594,OK
34EA03414CBB06206D7244C5291C0498F00B9631B15ED002F203E973BDFD8A2C,Z001023422341.pdf,F-5CFD53435D18D399F675,True,0.6942879287907485,0.7071808801453427,0.012892951354594229,0.611424142418503,0,FAMILIA_POCO_REPRESENTADA,True,0.10062901152007142,0.32728458883713174,OK
7A6B56B879EB82E96964292110FC30DAF7A117007D35FA16FC9BDF39CCF431A4,Z001023422340.pdf,F-5CFD53435D18D399F675,True,0.6987379413985126,0.7232248791637407,0.024486937765228034,0.6025241172029747,0,FAMILIA_POCO_REPRESENTADA,True,0.10190129367494849,0.32719530482984305,OK
C77044008A97EBB7AACFDE72FCAF1BEFF735B529516F5239039C1FB3889CD6D3,Z001023266255.png,F-91D68D1CB3DE20E32284,True,0.6928795785140187,0.6846034051241514,0.008276173389867303,0.6307931897516972,0,FAMILIA_POCO_REPRESENTADA,True,0.03863634092315533,0.32671029385287637,OK
CDBC9CE725ED68D5E561F53FC06928BA56FDBFA18A3AD897C4A45D143D1B1056,Z001023385456.pdf,F-CA56B75E15C1043A1955,True,0.7343812926982413,0.7111939435092657,0.02318734918897558,0.5776121129814686,0,FAMILIA_POCO_REPRESENTADA,True,0.17950964009945958,0.32591204085070385,OK
EA68A6AC708E6C504AD4D17C1F97E04197665708B9564FD529BC468F57A444B3,Z001023385457.pdf,F-CA56B75E15C1043A1955,True,0.7343812926982413,0.7111939435092657,0.02318734918897558,0.5776121129814686,0,FAMILIA_POCO_REPRESENTADA,True,0.17950964009945958,0.32591204085070385,OK
EDD1C021AA071E09A25B30EB5F1A9B904DCC81136B5104EC986203E606939E1D,Z001023385491.pdf,F-CA56B75E15C1043A1955,True,0.7343812926982413,0.7111939435092657,0.02318734918897558,0.5776121129814686,0,FAMILIA_POCO_REPRESENTADA,True,0.17950964009945958,0.32591204085070385,OK
593ABDF0EE3E91506269EFD5CCA99B3AF04A888A7A0AE4D24D96583F8DC9E8BA,Z001023385490.pdf,F-CA56B75E15C1043A1955,True,0.7321456659111014,0.7108755186643149,0.021270147246786553,0.5782489626713703,0,FAMILIA_POCO_REPRESENTADA,True,0.17729969084982683,0.3254346428316589,OK
166F800D9EDF270B19C23DD114D9663F92A11A943FD9C0C549CABE6281F724A3,Z001023336682.pdf,F-AFF8061A73038DEE2175,True,0.7051490434225064,0.7422211104514921,0.03707206702898569,0.5897019131549872,0,FAMILIA_POCO_REPRESENTADA,True,0.09407981860177235,0.3250716682216691,OK
9135FD3D4AA827A2D80A1AE09E0FA9DFA0FFCC62DC88FF54E7754CFB2894C77C,Z001023385458.pdf,F-CA56B75E15C1043A1955,True,0.7325792992792928,0.7114018161788963,0.021177483100396466,0.5771963676422074,0,FAMILIA_POCO_REPRESENTADA,True,0.17516940242926055,0.3248300396927978,OK
8A55E59D25578AB42D030998A505AD64E19E983E4D325911A3013DB958E779C0,Z001023385165.pdf,F-1A7CE71DEBE5AEE3E4A6,True,0.6982714812684803,0.7009167438831205,0.0026452626146402647,0.6034570374630395,0,FAMILIA_POCO_REPRESENTADA,True,0.1228854659545298,0.3241598253611768,OK
BC710CA9DC8374C895F9D2C756448CC35535DBDD7406A1C328C2FCF2E885C555,Z001023410792.pdf,F-8F56F33C4C36FACE83F1,True,0.7018944349608119,0.715274474347219,0.013380039386407083,0.5962111300783761,0,FAMILIA_POCO_REPRESENTADA,True,0.12018567886672958,0.32403747326070637,OK
9535420A65DBBFDCBDB266D34F2F2C37697034E8F50B59F6DBBABA928461F7D8,Z001023336683.pdf,F-AFF8061A73038DEE2175,True,0.699797611394819,0.7231510762597153,0.02335346486489631,0.600404777210362,0,FAMILIA_POCO_REPRESENTADA,True,0.08009782030816347,0.32398982027066714,OK
CD065BA2CB97F0265D93BF71AC29471DA8CFBC531053CDC4510C69DEEBC3C839,Z001023336658.pdf,F-AFF8061A73038DEE2175,True,0.697361746442763,0.7058386669323508,0.008476920489587703,0.6052765071144739,0,FAMILIA_POCO_REPRESENTADA,True,0.08512462152571251,0.322478469765034,OK
4AB649EE8A29906DBF515F649DCDE8FDAED28B10F00DE0B9D36F0E944513ED2D,Z001023454965.tif,F-91B255CEBB30F60321C3,True,0.7046425751236288,0.745315076741892,0.04067250161826319,0.5907148497527424,0,FAMILIA_POCO_REPRESENTADA,True,0.05426595532805863,0.32234491835083146,OK
487D5E4E9B60C4A86E287EB9340E089D0B6158ED340D8E2EF0F26A96A7F18882,Z001023305670.pdf,F-1A7CE71DEBE5AEE3E4A6,True,0.7035140967927925,0.7072052991760694,0.0036912023832769147,0.5929718064144149,0,FAMILIA_POCO_REPRESENTADA,True,0.13124997094986748,0.3215879299358512,OK
CAF89CAB8325DB5581C9E345EB911386351A9E239344C51034EE27AC9538F359,Z001023385158.pdf,F-1A7CE71DEBE5AEE3E4A6,True,0.7064590602023219,0.7224753702222025,0.016016310019880686,0.5870818795953563,0,FAMILIA_POCO_REPRESENTADA,True,0.11859835401917555,0.32134257076526246,OK
D2B1869BDD2518AE809CFC34636DC37AACFF0C166EA643382ACE5354EA81F5EC,Z001023478334.pdf,F-6BA51E9712F6BE982F1C,True,0.7206690470699554,0.7629217278880301,0.04225268081807476,0.5586619058600892,0,FAMILIA_POCO_REPRESENTADA,True,0.14365318157806328,0.32046015541335626,OK
8A64B41735B3B600608142415E0C217D7F0C612A792192C0B59C69389228BDDD,Z001023410711.pdf,F-8F56F33C4C36FACE83F1,True,0.7090030582158398,0.7260826048311011,0.017079546615261343,0.5819938835683205,0,FAMILIA_POCO_REPRESENTADA,True,0.11823108727420757,0.3197908546301483,OK
727CFDEC5B928E4A63BAF2E67A9B26AB1EC0EAF73B78DDAA02D8E2C65F245C32,Z001023410308.pdf,F-1D6A6B9204D6B693A1DC,True,0.7044324116663511,0.7288827395689135,0.024450327902562408,0.5911351766672979,0,FAMILIA_POCO_REPRESENTADA,True,0.0651066011767436,0.31952055392686923,OK
2A6375B320A9C38DCD845B42991BE997C5564DA8CE362D2050A0204D00CC609F,Z001023336654.pdf,F-AFF8061A73038DEE2175,True,0.7077988148497103,0.7005416566790943,0.007257158170616007,0.5989166866418114,0,FAMILIA_POCO_REPRESENTADA,True,0.07589057654238646,0.3190241875215266,OK
25A510BA5B19D5DD96CE010E2B5FCD59436F3900B8D3225A921DD84D70C0AF9F,Z001023466974.pdf,F-00E1F0117104EB2906C4,True,0.7249334849928931,0.7095429721895101,0.015390512803382994,0.5809140556209798,0,FAMILIA_POCO_REPRESENTADA,True,0.1162048580767689,0.31878803347586554,OK
5203F69CB8A4BC26FE82B7B40A71C2EA99B2B09468C75F7F052A4C71100FE233,Z001023321725.pdf,F-8B8236B7FBE9A580D2DE,True,0.7156458039992043,0.7041646978154028,0.011481106183801493,0.5916706043691944,0,FAMILIA_POCO_REPRESENTADA,True,0.08447072024535747,0.3184020600997042,OK
D9EBC7BBC241CD2CA87B4E02C42BDFAF74DC14B30A651D821476276C25EBEB9C,Z001023321727.pdf,F-8B8236B7FBE9A580D2DE,True,0.7156458039992043,0.7041646978154028,0.011481106183801493,0.5916706043691944,0,FAMILIA_POCO_REPRESENTADA,True,0.08447072024535747,0.3184020600997042,OK
FCADB9AA8BCE7BBC42C43C6A7515368F701DE89808DDC35808AB2C6453803777,Z001023454934.pdf,F-F578D06A66C8F2A9EF16,True,0.743233884744046,0.8520716060056003,0.10883772126155433,0.5135322305119081,0,FAMILIA_POCO_REPRESENTADA,True,0.11064025252088719,0.3180097362466451,OK
A6B20E13A4B01BF8446FAC67C1DBB5017F36D9AFE81EEAD4DB7A905F007CBA9F,Z001023307009.pdf,F-B4856849CCBC1B750061,True,0.7109462045125626,0.733050488002978,0.022104283490415377,0.5781075909748747,0,FAMILIA_POCO_REPRESENTADA,True,0.0980408067275099,0.317667808386561,OK
9CF0E925961EE4034C97B109F734605A285C4F6805428D16C4AA73439270B528,Z001023386128.pdf,F-38536FFE21B52E182513,True,0.6445446018847367,0.6521295508326636,0.007584948947926828,0.7109107962305266,1,FAMILIA_POCO_REPRESENTADA,True,0.16487126300516455,0.31720214221818244,OK
F2F227C1560123224826962437E9D3F2ED451F31A71FA802071E98B066CD9D73,Z001023321925.pdf,F-8B8236B7FBE9A580D2DE,True,0.7162508341074639,0.7080006021797842,0.008250231927679708,0.5839987956404316,0,FAMILIA_POCO_REPRESENTADA,True,0.10250341639011883,0.3167124780950829,OK
FF433460A3FF33124AFFA05BE3FBC9A9141EAEAC0670DB972697575FE72FC935,Z001023321981.pdf,F-8B8236B7FBE9A580D2DE,True,0.7162508341074639,0.7080006021797842,0.008250231927679708,0.5839987956404316,0,FAMILIA_POCO_REPRESENTADA,True,0.10250341639011883,0.3167124780950829,OK
4A009288CD8FFB6B74430BE0FB24722819A4F318C960B4988FFB158C7CE74EA8,Z001023283765.pdf,F-C1ECC40C7F2ACF6DE241,True,0.7209839189301697,0.7063790007728853,0.014604918157284374,0.5872419984542294,0,FAMILIA_POCO_REPRESENTADA,True,0.07364116145466913,0.31655004514376833,OK
CD9318EA661D2FB16C3D12874E8EAC81E765FA9E0D34C4344277F566B3AF8225,Z001023306181.pdf,F-89E5CEEA092589E592E2,True,0.7582199203477169,0.7174932769416622,0.0407266434060547,0.5650134461166756,0,FAMILIA_POCO_REPRESENTADA,True,0.08190213248834931,0.3161265802411851,OK
D3E36860387BE716D4597FD2C877126526F57829E9098F72195483724D54C5D5,Z001023385711.pdf,F-38536FFE21B52E182513,True,0.6495647707881128,0.6797827072604948,0.030217936472382023,0.7008704584237744,1,FAMILIA_POCO_REPRESENTADA,True,0.1323923899522779,0.3160983835616443,OK
2D3CA66653E428CB7712750CDEB2634051699DBE2C42DF4A7C287D7ABAEB934B,Z001023351166.pdf,F-38536FFE21B52E182513,True,0.6502734152684341,0.6833164724554104,0.03304305718697631,0.6994531694631319,1,FAMILIA_POCO_REPRESENTADA,True,0.1298517414180771,0.31605454775064795,OK
BDF21F2211E4DBF480EB36032B6D8C0B592CBC12AD96383E89A76D84590D89D7,Z001023305671.pdf,F-1A7CE71DEBE5AEE3E4A6,True,0.7229783951356153,0.7593431382742051,0.03636474313858973,0.5540432097287693,0,FAMILIA_POCO_REPRESENTADA,True,0.1301640858753611,0.3160227177772528,OK
161EC212E4A6935F8CFAB567C97F912D35EDF5215767FC8E77BD1C22BA9EDCB1,Z001023466470.pdf,F-CCC9706DE279D05A9F00,True,0.7207562686478238,0.7534293284255877,0.03267305977776391,0.5584874627043523,0,FAMILIA_POCO_REPRESENTADA,True,0.1157625616038762,0.3152151330513519,OK
F884D62F9B896608CB34181AD0D9656F8382FFC7F698E1790E1BCFC605842E31,Z001023306184.pdf,F-89E5CEEA092589E592E2,True,0.7552315573200039,0.7190538299884013,0.03617772733160263,0.5618923400231974,0,FAMILIA_POCO_REPRESENTADA,True,0.08895321508056991,0.3146020723490767,OK
303D69CF7F61B95FC915238D4DF8D38A3C2F382602627C8775A5A09059B13F7B,Z001023283840.pdf,F-941FC9684E57E9E3366D,True,0.7125506812595237,0.722501275274784,0.009950594015260328,0.5748986374809526,0,FAMILIA_POCO_REPRESENTADA,True,0.10750156196829815,0.31445232781897836,OK
ADDB4C168C1550A2B9FE56FC3AED90EE296C7A21C60ADFAA1EA904B4D4A4EF14,Z001023306183.pdf,F-89E5CEEA092589E592E2,True,0.7526521927333578,0.7190538299884013,0.033598362744956534,0.5618923400231974,0,FAMILIA_POCO_REPRESENTADA,True,0.0918237002809495,0.31424427972245317,OK
BFFD180EBE36EB2FCECE5A43A00B3A494448C26094B5828BFC591E1D2471A8E2,Z001023267094.pdf,F-89E5CEEA092589E592E2,True,0.7343313488475742,0.715280959847742,0.019050388999832246,0.569438080304516,0,FAMILIA_POCO_REPRESENTADA,True,0.09853949627420518,0.3139198749839592,OK
577A9D71CD8966371762425B96EA7F3FE7E06FD5C0203F72E64A6011C17C0F6E,Z001023266232.pdf,F-BEE95EC79C2FBD7BE075,True,0.733358038538838,0.7910434131587797,0.05768537461994172,0.5332839229223241,0,FAMILIA_POCO_REPRESENTADA,True,0.12366809697705354,0.3134375263755042,OK
279DCD8A49C9A1869C6D483B37F0F7E4037A4ED69D6B7A74ABD491D56752CFA4,Z001023266861.pdf,F-DA236BE074C088F6E56C,True,0.7413777519006105,0.7178618224088724,0.023515929491738086,0.5642763551822552,0,FAMILIA_POCO_REPRESENTADA,True,0.0997916933090339,0.31335487601762724,OK
6743518A72681A6F35166A41241AE3D4C42A45CA56266DAC53C733FBEE055D7E,Z001023423310.pdf,F-659D10DA82092FCD9F85,True,0.7473071380862025,0.776011047996145,0.028703909909942427,0.505385723827595,0,FAMILIA_POCO_REPRESENTADA,True,0.2884657014053569,0.3129075509576795,OK
F90433D439AF4E6DD36FAD06398942562B57C817C1F4FD4CC3A902A642078241,Z001023411422.pdf,F-386F78F943C2ADAC356C,True,0.7192003045912407,0.7572423993187897,0.038042094727548936,0.5615993908175185,0,FAMILIA_POCO_REPRESENTADA,True,0.06767448157660758,0.3128377586256795,OK
92D639C30E3FAC88364D4F2E29B816EB25CD4A72864407601A824CC9A06A7039,Z001023267106.pdf,F-89E5CEEA092589E592E2,True,0.7139683194383861,0.721990054170823,0.008021734732436836,0.5720633611232278,0,FAMILIA_POCO_REPRESENTADA,True,0.10421475365782674,0.31264908544202163,OK
8B66E370C91ACB0D718E699B802643202D3DEAC9809FE10A978631CF03836B37,Z001023268088.pdf,F-784A6B7F070C3CBBBBEC,True,0.7667997576565556,0.7263212245571655,0.04047853309939009,0.547357550885669,0,FAMILIA_POCO_REPRESENTADA,True,0.1086867038842188,0.3125634464732535,OK
4A0590BC6237913F4CED64245105B51A7CF2ABAB94E6753692FD646F3DB276D2,Z001023268130.pdf,F-8056D4094C0DBA1985DF,True,0.7311071711253991,0.7741642680048332,0.04305709687943404,0.5377856577492017,0,FAMILIA_POCO_REPRESENTADA,True,0.13217597051666338,0.3122068514837455,OK
D2B9E973CC7A455B8CD888FF17D197A17E7EC0E6FB2A58C1496CD4DE23D30D58,Z001023268158.pdf,F-8056D4094C0DBA1985DF,True,0.7311071711253991,0.7741642680048332,0.04305709687943404,0.5377856577492017,0,FAMILIA_POCO_REPRESENTADA,True,0.13217597051666338,0.3122068514837455,OK
DE28C059C8640AE56F7F2C7B9EFA125F6A3E776543E7B0A0475C6C6C550809B5,Z001023385160.pdf,F-1A7CE71DEBE5AEE3E4A6,True,0.7180781354935071,0.726287884957173,0.008209749463665927,0.5638437290129859,0,FAMILIA_POCO_REPRESENTADA,True,0.12786773457788428,0.31218451597825,OK
A4523BEDBD4667517FD350E88C68312134772D059DF00900F500C7DE74ED5D08,Z001023385176.pdf,F-824A68C3767AF269B12B,True,0.7567794968502964,0.8597294256627201,0.10294992881242371,0.4864410062994071,0,FAMILIA_POCO_REPRESENTADA,True,0.15738355103568927,0.31173018951146736,OK
C238EF59EDB9D49A70524D1B4E2258BE7ADB7112A8DB168003703D1107F830DE,Z001023267095.pdf,F-89E5CEEA092589E592E2,True,0.7417001015188321,0.7212045193450347,0.020495582173797433,0.5575909613099306,0,FAMILIA_POCO_REPRESENTADA,True,0.11345312456818578,0.31162604445874365,OK
8AB10F657AC45624CBA60319A6D6E3903B0796C20680B4F0128F2E29EC6814B9,Z001023422493.pdf,F-463F5D66BCFC1B95B4F2,True,0.6897720894204984,0.6003245745561004,0.08944751486439795,0.7993508508877991,104,PRIORIDAD_RELATIVA,True,0.08147872011965092,0.3112349294911752,OK
28BA3F371A86FDED8763BF4E936F400EC37718092458DDE04349F730074A8041,Z001023385030.pdf,F-AFF8061A73038DEE2175,True,0.7148740647035248,0.7138553286519859,0.0010187360515389043,0.5722893426960283,0,FAMILIA_POCO_REPRESENTADA,True,0.0983384147430178,0.31038979543079637,OK
CE75A76B5BD6AD4A5AA5A8EF5B73EB307AF3B4BB069F8B0B3439236ACA11D5C6,Z001023321128.pdf,F-7301C640ACA276E9574A,True,0.7342976218346895,0.7963208798980228,0.06202325806333331,0.531404756330621,0,FAMILIA_POCO_REPRESENTADA,True,0.08728734548502362,0.31022621378005305,OK
DF4A05AE4A1925AEB3A39EC00FCAABBBF1FFDD68B4C82843A8E7440B55D094D6,Z001023307010.pdf,F-360D23110F86E96BA6A6,True,0.7127222579825774,0.7195746757538576,0.006852417771280206,0.5745554840348452,0,FAMILIA_POCO_REPRESENTADA,True,0.07004205745281052,0.3098117296002969,OK
784F9D9BD68F96A9846EBDC73B1696064770C69B575188710425213F05201DC0,Z001023267100.pdf,F-89E5CEEA092589E592E2,True,0.7366337408031652,0.7201024385006607,0.016531302302504547,0.5597951229986786,0,FAMILIA_POCO_REPRESENTADA,True,0.09498934120270097,0.30956005274543374,OK
C4C783AF2B933857EB298955FE50D6C2545FDB9101E0BDD7B25D70FB44DF54BA,Z001023267066.pdf,F-89E5CEEA092589E592E2,True,0.7505535162919091,0.7227073959918009,0.027846120300108246,0.5545852080163982,0,FAMILIA_POCO_REPRESENTADA,True,0.08062844037155334,0.3091291969179218,OK
72B1A25BE1FB975D7E71D41CB49C2F6B0D661C89E9AFC94D92FD23B56BBBB193,Z001023466455.pdf,F-0FEFE7CEFE0791FDD9A7,True,0.719132838685417,0.7273903742722706,0.008257535586853604,0.561734322629166,0,FAMILIA_POCO_REPRESENTADA,True,0.09607231929500272,0.30827862874642176,OK
7FA73ECA9F264C3E86DF430ECE8915B619AE5CB4B39D335F700E2A37DA13318C,Z001023466469.pdf,F-CCC9706DE279D05A9F00,True,0.7204145706157258,0.7215990832203814,0.0011845126046555743,0.5591708587685484,0,FAMILIA_POCO_REPRESENTADA,True,0.12125309696940276,0.3081312384170961,OK
D2A1FEA80404D2D1A4B23C95DE89B524417590D6F0620757E9C5431264D9304B,Z001023336738.pdf,F-463F5D66BCFC1B95B4F2,True,0.6682783996036371,0.5974220138774338,0.07085638572620334,0.8051559722451325,104,INCERTIDUMBRE,True,0.07411790395236588,0.30788285806496474,OK
AF222AF587C2EB549B9F2FDC0943ABF416C279FD35329C54941B78A5AECA545A,Z001023478333.pdf,F-6BA51E9712F6BE982F1C,True,0.7414162679214531,0.7812485470349687,0.03983227911351561,0.5171674641570938,0,FAMILIA_POCO_REPRESENTADA,True,0.16772539086825494,0.3077392213201873,OK
03F069F10A74C7921F1F2C0FD2A94152ACF2013FD03C0AE3F0037BA8F4960F51,Z001023466248.pdf,F-C647F8866C13510EB6CE,True,0.7601172581534048,0.7310880722994776,0.02902918585392722,0.5378238554010448,0,FAMILIA_POCO_REPRESENTADA,True,0.1176667978712236,0.30726232564096984,OK
E9BC54FFD41CD0A71E5415486C1BC98C8725F95C9F0E374166EE3821F17AAE74,Z001023306243.pdf,F-89E5CEEA092589E592E2,True,0.7526862754453775,0.7272798136653471,0.025406461780030365,0.5454403726693058,0,FAMILIA_POCO_REPRESENTADA,True,0.09862027066397362,0.307117772945662,OK
5DBA7CBB3EB49D3C74FBFEEAAEB4577AE3A1E6A301084ABB8BF3A43AEF78660A,Z001023267012.pdf,F-89E5CEEA092589E592E2,True,0.7208515890513476,0.7277503391793452,0.006898750127997566,0.5582968218973048,0,FAMILIA_POCO_REPRESENTADA,True,0.09811448148016666,0.3069400233440727,OK
604E2F0DE59B3E53C81E10C19EF41919C706C5162FDA1CA3D8C91427244E5B7D,Z001023422287.pdf,F-83DF17DED510205452E1,True,0.7608725255734696,0.7915748191646744,0.0307022935912048,0.47825494885306075,0,FAMILIA_POCO_REPRESENTADA,True,0.3167352742985323,0.3067383329262257,OK
8EBCEDEDBC1F5C6641CEC59BF43B69D2768EED5FCD4A90E263675F07FA729345,Z001023336656.pdf,F-AFF8061A73038DEE2175,True,0.7205552773405477,0.7310061840739328,0.010450906733385112,0.5588894453189046,0,FAMILIA_POCO_REPRESENTADA,True,0.08006872097226347,0.3062309046421892,OK
E3C0BD90C47B248FFE19DB462B228D5ABB4A9F12F7AD69A2D189E772CF58B0E4,Z001023267098.pdf,F-89E5CEEA092589E592E2,True,0.7315414063582348,0.7232591447305062,0.008282261627728604,0.5534817105389875,0,FAMILIA_POCO_REPRESENTADA,True,0.10242128574303606,0.3060312926698814,OK
60B3511F90C799F93063C1DB61C190D5B86D3343ED9E05A39F1CF80E84B4B425,Z001023384992.pdf,F-DC2F86262A0AB3A9EB22,True,0.7216262932794142,0.7213629955567151,0.00026329772269906293,0.5572740088865697,0,FAMILIA_POCO_REPRESENTADA,True,0.10821086636152129,0.30593281417712626,OK
1FE1C412FCEAF64499CE4682FF2DFE2D89E4498F769BBC23E00DD78C77C3CE3E,Z001023385166.pdf,F-6D2C7A0335B3212102DC,True,0.7781682779297884,0.7352448907496817,0.04292338718010669,0.5295102185006366,0,FAMILIA_POCO_REPRESENTADA,True,0.09573339204580103,0.30563276247482957,OK
872FB7DA763A4201C73317F430045C9C678991CFBA2936CCA0C6AF6F3E507B02,Z001023306187.pdf,F-89E5CEEA092589E592E2,True,0.7495948002904544,0.7272798136653471,0.022314986625107336,0.5454403726693058,0,FAMILIA_POCO_REPRESENTADA,True,0.09013131899506704,0.3054960089900406,OK
8055F436B8FD147B8B86E15A1DEDE16DC1E38F36E766AE84819837AA97A246FA,Z001023267044.pdf,F-89E5CEEA092589E592E2,True,0.7215773782964259,0.7272798136653471,0.005702435368921233,0.5568452434071482,0,FAMILIA_POCO_REPRESENTADA,True,0.0899172937420778,0.30531317340894,OK
A93C55D266256947439C01BB2AD88DF7261C2EFE439A721B8CDCCB1F8926C8F4,Z001023466468.pdf,F-CCC9706DE279D05A9F00,True,0.7242836047228217,0.724885399745341,0.0006017950225193358,0.5514327905543566,0,FAMILIA_POCO_REPRESENTADA,True,0.12066639191800772,0.3052185646414554,OK
6E97AB3E6B7999A22C355A9E033A37ECCD59B3287E144C837EFA247E56FDCD7D,Z001023423349.pdf,F-564A8D906488F48E1C78,True,0.7537040094791717,0.7737061982475911,0.020002188768419416,0.4925919810416566,0,FAMILIA_POCO_REPRESENTADA,True,0.2760643333552469,0.30501417389220936,OK
E6A1CDC107417F27F4C4CD5FDF9A2B801D28892907A1D4A929BD246F6EFC61CE,Z001023336373.pdf,F-066C39BCF5F63BEDBBB9,True,0.7280476173300752,0.7504346107899871,0.022386993459911908,0.5439047653398497,0,FAMILIA_POCO_REPRESENTADA,True,0.09034599127936013,0.3049980153618614,OK
99FA880F2D49DFE12B9ABE055A03BC9E9CBF2C7F90B7D6DBCBCB180E5161955C,Z001023306238.pdf,F-89E5CEEA092589E592E2,True,0.7507265919793482,0.7289498781184485,0.021776713860899743,0.5421002437631031,0,FAMILIA_POCO_REPRESENTADA,True,0.098042189405002,0.3049834827228112,OK
DC4E1127253424B23D00141782F19C748CC3C450BAE19E0E5D455C60D489BE54,Z001023422504.pdf,F-463F5D66BCFC1B95B4F2,True,0.6690458615724937,0.6003245745561004,0.06872128701639324,0.7993508508877991,104,PRIORIDAD_RELATIVA,True,0.06971445380886596,0.30487694589809555,OK
FE50D8C7D48EE5418635F836264568AF6D1D8CF56F1F06F5AD82E1F58F213766,Z001023243326.pdf,F-302B11ECCD1851B6AB3A,True,0.7755937137831553,0.7457833501751168,0.02981036360803857,0.5084332996497665,0,FAMILIA_POCO_REPRESENTADA,True,0.19342497416232052,0.30474674319566,OK
518E2B853B3744B09B40C32A3A6AE7798F137319687D60A64B2D7BEF04F51141,Z001023267048.pdf,F-89E5CEEA092589E592E2,True,0.7473959489305632,0.7272798136653471,0.02011613526521605,0.5454403726693058,0,FAMILIA_POCO_REPRESENTADA,True,0.08441960563553443,0.3043751248141145,OK
A823C02E8A81B443C25AA8306D55ADDE4F816161F1CF25A68327148A8EB04038,Z001023410564.pdf,F-83DF17DED510205452E1,True,0.7442505408184076,0.8054999957504271,0.0612494549320195,0.5114989183631848,0,FAMILIA_POCO_REPRESENTADA,True,0.10025021874673375,0.30436200703479294,OK
50566E41BEA66843426E938E48CA28589AAC5B91B9CD44A9CB684AED8E8609DA,Z001023267069.pdf,F-89E5CEEA092589E592E2,True,0.723849669106548,0.7272798136653471,0.0034301445587990864,0.552300661786904,0,FAMILIA_POCO_REPRESENTADA,True,0.09652321647320289,0.30381508941243646,OK
354C3F7045F79A2B3CDB2ADFC8EEA10521BBDFA984CFFDF6CE061D5EB8D6FFB4,Z001023267086.pdf,F-89E5CEEA092589E592E2,True,0.7440787023497899,0.7272798136653471,0.016798888684442792,0.5454403726693058,0,FAMILIA_POCO_REPRESENTADA,True,0.08520923020107081,0.30362477562547485,OK
93D176F4AAA012A05176DA514967D1BD80A9882897F8A869B072554CEBCFF5ED,Z001023385035.pdf,F-AFF8061A73038DEE2175,True,0.731168875524853,0.7469545500981715,0.015785674573318476,0.537662248950294,0,FAMILIA_POCO_REPRESENTADA,True,0.11239340829718604,0.3033675466056512,OK
2F1E945B42EFC9DC4B0237EC0B8D8458B94BC0DE5AC9FBBEF393B78058EFB654,Z001023306225.pdf,F-89E5CEEA092589E592E2,True,0.7443453607046874,0.7272798136653471,0.017065547039340268,0.5454403726693058,0,FAMILIA_POCO_REPRESENTADA,True,0.08076034162411201,0.3032465513565033,OK
CF55806E22A60868249F5E11CA3EEB47FDB2D1C6E287F0AF1F485328ABE9F391,Z001023267030.pdf,F-89E5CEEA092589E592E2,True,0.744892815116366,0.7272798136653471,0.01761300145101885,0.5454403726693058,0,FAMILIA_POCO_REPRESENTADA,True,0.07914647101690171,0.3032220278987019,OK
750B2F485A400D74B7BD2A709DFDAF8C1C8B3A9108B1402DE0CBB48E40BEEB96,Z001023306235.pdf,F-89E5CEEA092589E592E2,True,0.7359758284994597,0.7253344255045279,0.010641402994931881,0.5493311489909443,0,FAMILIA_POCO_REPRESENTADA,True,0.08071352799651864,0.3029976056952154,OK
79D72B16CC2B5501799E933CF4EE6BC2E55AA6B0FA2908E8EA10127B43C3F3E7,Z001023306223.pdf,F-89E5CEEA092589E592E2,True,0.7368244591130286,0.7272798136653471,0.009544645447681521,0.5454403726693058,0,FAMILIA_POCO_REPRESENTADA,True,0.0944982949048871,0.3027401212866661,OK
0253687CA478CDE6EDCCB92A089D791657BD8034D3CD008ADF1A28A23C57E578,Z001023397956.pdf,F-2EA20AAC8793B3DBFB32,True,0.7433858863502605,0.7886796734565934,0.04529378710633292,0.513228227299479,0,FAMILIA_POCO_REPRESENTADA,True,0.1174138658380099,0.3026947129152019,OK
69EB61B831F098BE9D870A069C9732F9082C6DE31B5E89576F973046AA3D0537,Z001023306229.pdf,F-89E5CEEA092589E592E2,True,0.7544876080025387,0.730971234196362,0.02351637380617666,0.538057531607276,0,FAMILIA_POCO_REPRESENTADA,True,0.08454662568157488,0.30265389208224824,OK
174DD634BAA4E1F2C0F29A99FDC68EAD0DC5A7B03E2E3013D0BC3EDC84BBBE6F,Z001023466398.pdf,F-0FEFE7CEFE0791FDD9A7,True,0.7261605206508303,0.7358731801298158,0.009712659478985586,0.5476789586983395,0,FAMILIA_POCO_REPRESENTADA,True,0.08537384163029754,0.3026531845771949,OK
E436A92CAE6468042FBF4E911849EFBFED82DB6D40A76E92494DD6308A2D3E8A,Z001023267102.pdf,F-89E5CEEA092589E592E2,True,0.7341274596452005,0.7272798136653471,0.006847645979853434,0.5454403726693058,0,FAMILIA_POCO_REPRESENTADA,True,0.09913876814782814,0.30252991874400326,OK
B35E69E2736957B4E82B541D2FA0882FFA8B690FCF400F00D3565518C39F07E7,Z001023336097.pdf,F-D817EAF0580C023A68E9,True,0.7546313841704623,0.8164183164441126,0.061786932273650286,0.49073723165907546,0,FAMILIA_POCO_REPRESENTADA,True,0.15230158510470876,0.3024349226595599,OK
E083A2C0B185265F948CB45F28739A2413BD8710E104EB2A4583817FDAA8010A,Z001023422491.pdf,F-05E559C9D1398DC6EA58,True,0.7451160784707997,0.7948124061780631,0.0496963277072634,0.5097678430584005,0,FAMILIA_POCO_REPRESENTADA,True,0.11535390062462886,0.30237821705971896,OK
7E53EAEC3C1D84F7366B87F6375927162044A78723C19B68ED1C7E7FDE4185B3,Z001023267085.pdf,F-89E5CEEA092589E592E2,True,0.7310689991810069,0.7272798136653471,0.0037891855156597654,0.5454403726693058,0,FAMILIA_POCO_REPRESENTADA,True,0.09963093991935013,0.301814520805107,OK
16945BA3A0FB38E9BC5A16E5A5985D0D639AEB3DBAE2B4FB57E018F9F01DC7F6,Z001023267108.pdf,F-89E5CEEA092589E592E2,True,0.7347893332288603,0.7272798136653471,0.007509519563513201,0.5454403726693058,0,FAMILIA_POCO_REPRESENTADA,True,0.08812659010201791,0.3015941693353371,OK
6A9BDCA349F3FAD5AF9C83D9C275D6030CE77BF8CEFB45B0E6BBE7F105DD0790,Z001023321158.pdf,F-3CCA53F944FFD16F4821,True,0.771116690123807,0.7377270208378467,0.03338966928596032,0.5245459583243066,0,FAMILIA_POCO_REPRESENTADA,True,0.09605521844463553,0.301544024579461,OK
1263357752F19929AB58E0457B9C3BF0003909F01745B4562D6B023F84D191CE,Z001023305612.pdf,F-8FD2316F85077275EAE8,True,0.7384281346822941,0.7477495184061111,0.009321383723817078,0.5231437306354119,0,FAMILIA_POCO_REPRESENTADA,True,0.1598574570192987,0.30141639735527836,OK
8DF2E61CB78D3570A650346617661BA99AE20F5CA8F318BAE9757A5E35C21583,Z001023422502.pdf,F-463F5D66BCFC1B95B4F2,True,0.6549233389017584,0.6003245745561004,0.05459876434565791,0.7993508508877991,104,PRIORIDAD_RELATIVA,True,0.06797964123182283,0.3011728339727074,OK
B2FF0B4A124C59014E155CC295168F191450CB84F4475FDEE07698A40C828FD8,Z001023267154.pdf,F-B80945BF02148DE8D059,True,0.7288609224849457,0.7255363457681311,0.003324576716814631,0.5489273084637378,0,FAMILIA_POCO_REPRESENTADA,True,0.08135657122484416,0.3010913592639963,OK
9FD5F8D949B31CA77F5739AA8A21CD75F381E1A6BA5DDAB30CF452EF87A54219,Z001023267014.pdf,F-89E5CEEA092589E592E2,True,0.7267142368466322,0.7272798136653471,0.0005655768187149413,0.5465715263067357,0,FAMILIA_POCO_REPRESENTADA,True,0.09299585408620657,0.3007410138206569,OK
2D7A4A576822AA27FDA36C58AA8393A5A69BA09584A74A72FAEDD0C9A4EC76CF,Z001023336098.pdf,F-D817EAF0580C023A68E9,True,0.7582030935634656,0.8229304080058397,0.06472731444237412,0.4835938128730688,0,FAMILIA_POCO_REPRESENTADA,True,0.1523749983210246,0.3006771629482701,OK
C36EA90CDF92312554964CD3ACB96C75B2E21394D21321A1D5F6D16D7D2BC66B,Z001023478141.pdf,F-066C39BCF5F63BEDBBB9,True,0.7274618256769798,0.729768383927464,0.002306558250484203,0.5450763486460404,0,FAMILIA_POCO_REPRESENTADA,True,0.08809640511899075,0.30016300210063424,OK
6397751726250ADCAFF9223A5165FCDBEC678962C80710A66E088BD74EE2B98F,Z001023267252.pdf,F-83DF17DED510205452E1,True,0.7718662370448447,0.8182972640168621,0.0464310269720174,0.4562675259103106,0,FAMILIA_POCO_REPRESENTADA,True,0.2882356986751515,0.30012496067912825,OK
338E5A66A292959A04447C0ECAC2E67A3C559D26B091E83BA091B09EB0A9A5DD,Z001023336653.pdf,F-AFF8061A73038DEE2175,True,0.7280717231837953,0.732549745081383,0.004478021897587725,0.5438565536324094,0,FAMILIA_POCO_REPRESENTADA,True,0.08580873736444627,0.30005017298218484,OK
00666E481475A66BFB08CB4FB0F53BBCFB65BF7046310458AF1948A59829CBB3,Z001023366076.pdf,F-79331C037636CAC2A8A5,True,0.7402692344058213,0.7767524979155851,0.03648326350976383,0.5194615311883575,0,FAMILIA_POCO_REPRESENTADA,True,0.08604243639360108,0.2995365954327262,OK
801CB1376CD7B7FD1DCFD45C87222BF5B9E48680C4D5BD21F1A3565052DE8416,Z001023266221.pdf,F-44AF54D9C4CB835C6E82,True,0.772801097483754,0.7429502735553589,0.02985082392839511,0.5140994528892822,0,FAMILIA_POCO_REPRESENTADA,True,0.12095703506447048,0.2994932179997946,OK
92B614E47B9608F67B6EC997AE08D635D414797CBDC49247FE6DBCEB5B82FDB1,Z001023267015.pdf,F-89E5CEEA092589E592E2,True,0.7309524289536088,0.7349798712604049,0.004027442306796081,0.5380951420927824,0,FAMILIA_POCO_REPRESENTADA,True,0.09535491006821568,0.2988756513159944,OK
2476686913A22085E08C9FB772282309D0E57FD54559BC40585D6AF7A80CC8C8,Z001023267034.pdf,F-89E5CEEA092589E592E2,True,0.7298542365909917,0.7335709892471431,0.0037167526561514563,0.5402915268180166,0,FAMILIA_POCO_REPRESENTADA,True,0.0871196219729037,0.29874318474763406,OK
2B7ED7004CB4A5A4A65923E06D0D449A472E6A175B3B37DB857A5CD2766924EC,Z001023307012.pdf,F-A3467E98D8162C6C9650,True,0.7291978297238172,0.7406724076175005,0.011474577893683335,0.5416043405523656,0,FAMILIA_POCO_REPRESENTADA,True,0.060820574464637796,0.2985122211132126,OK
E5DAAD3D98F5F6111C106517540EA48FEAA3D1A3320E32E42C9C574DE13EB9AD,Z001023268167.pdf,F-1E53F807C5D33F026924,True,0.7600517986935982,0.8245799662531931,0.0645281675595949,0.47989640261280364,0,FAMILIA_POCO_REPRESENTADA,True,0.14242019564519484,0.29833780236889945,OK
A19BBC22A22912C1ABF027202777CB3D4280B5E3DA879371F0B92297B50A3BC9,Z001023305869.pdf,F-C3DC79BE2313B24D81D7,True,0.7351808695295216,0.7488562601876434,0.013675390658121844,0.5296382609409569,0,FAMILIA_POCO_REPRESENTADA,True,0.09331054619269988,0.2981232936131354,OK
67964333228FD5679741CAE810F2B0AB4CE118C6137BDFD1B32ACFE77B911616,Z001023366013.pdf,F-79331C037636CAC2A8A5,True,0.7428296721413272,0.7767524979155851,0.03392282577425787,0.5143406557173456,0,FAMILIA_POCO_REPRESENTADA,True,0.08902937850853324,0.29740287379548874,OK
84D9E205506ADA7BE8467CBE10D347D7C258D7751CFAA2BCA48B2E9C59FC6108,Z001023410575.pdf,F-E46E95CF7DC92D5D2838,True,0.7669467808183057,0.7417904010860745,0.02515637973223117,0.516419197827851,0,FAMILIA_POCO_REPRESENTADA,True,0.09881600774166688,0.2969174149469723,OK
55B3C0547934183CDE6EBAF5DC2BF228B8C8C5CA368A1A8864DC3583A93A9C0A,Z001023307013.pdf,F-A3467E98D8162C6C9650,True,0.7341174982448965,0.7479337875915123,0.013816289346615829,0.5317650035102071,0,FAMILIA_POCO_REPRESENTADA,True,0.06130979923357847,0.2957028034885843,OK
05C97349F397582E8A6249A2D5709AD4923C3B38A7E21B050DE3374402BA58A1,Z001023267033.pdf,F-89E5CEEA092589E592E2,True,0.7346859606447558,0.7349798712604049,0.0002939106156490956,0.5306280787104884,0,FAMILIA_POCO_REPRESENTADA,True,0.09737682444690757,0.29553098764727403,OK
D1C3AB6491904918D61A6BDA015E6A7EE394D45701861404B8118D23A1E5B413,Z001023410557.pdf,F-066C39BCF5F63BEDBBB9,True,0.7396988513086924,0.7553722886765446,0.015673437367852205,0.5206022973826152,0,FAMILIA_POCO_REPRESENTADA,True,0.09379186064705176,0.2955083494905835,OK
AC37463A396EFEB20601425E5BB45D2D747C5E48603CFE56E247737AAF48D8DE,Z001023466397.pdf,F-1491C0A3C9A223B891BF,True,0.7449359397741279,0.7760548172011299,0.031118877427002034,0.5101281204517443,0,FAMILIA_POCO_REPRESENTADA,True,0.08922635327138198,0.29524719684199924,OK
D1499A0B39257FAED04745461FE1A6DB7B109DE3800DD10E4FE3C270D0EEFEDC,Z001023423363.pdf,F-4AC8F0D5631B5FBECA1C,True,0.7525837364126181,0.7909270654776555,0.038343329065037346,0.4948325271747638,0,FAMILIA_POCO_REPRESENTADA,True,0.11887939324629163,0.29466515610205585,OK
40F8B0E88097C8C50C413B854686104427E1642BBC1D4063A25647E0B86ABC97,Z001023266237.pdf,F-A85A3E24D3ACD69DC578,True,0.747368152744757,0.7786720007687267,0.03130384802396968,0.505263694510486,0,FAMILIA_POCO_REPRESENTADA,True,0.09384382182507339,0.2940526372671699,OK
E22C741A59BA80D2BF4F68BC8211C193516FCCDCDB19A609A11304E4E8820556,Z001023338084.pdf,F-6098A2286A7989B79193,True,0.7616620438603418,0.7715245033127228,0.009862459452381067,0.4766759122793165,0,FAMILIA_POCO_REPRESENTADA,True,0.2420776304646146,0.2935099472073175,OK
20D924F11A7120C5C466FDED4D019730E992897515BED072CD42CC1827E38DB9,Z001023397757.pdf,F-ABFBE7445D036EF04774,True,0.7471988357379032,0.7584504401473906,0.011251604409487359,0.5056023285241935,0,FAMILIA_POCO_REPRESENTADA,True,0.13717753813204697,0.2934914698990443,OK
1A0A36E455982173F5BF5C96D830E13327B71722D30631BC3F0CC3CC9FAF0540,Z001023268020.pdf,F-D0226578E136BBE46C22,True,0.7561063122339003,0.8021811155598045,0.04607480332590419,0.4877873755321993,0,FAMILIA_POCO_REPRESENTADA,True,0.1124126359463685,0.2934855458623826,OK
83D3787D3C1C67BDE0CF0859A1C1CFBAFD12CB2A08DCEACFED823A939AB86448,Z001023384948.pdf,F-83DF17DED510205452E1,True,0.778694814891213,0.8203858056226978,0.041690990731484856,0.4426103702175741,0,FAMILIA_POCO_REPRESENTADA,True,0.27959297985630555,0.2932956752446527,OK
ABFB9D15A1ACBC0F43F7AEEF7EABD9ADDE79A98F23FAE10719ACED072B104F99,Z001023423350.pdf,F-564A8D906488F48E1C78,True,0.7664421215918449,0.7737061982475911,0.007264076655746243,0.46711575681631023,0,FAMILIA_POCO_REPRESENTADA,True,0.27927580154693254,0.2932341142043384,OK
3CE2C0673FDD58DAC9A355EC5956718B440A5C9DA8B42AD5991DA2C234D43803,Z001023321183.pdf,F-89E5CEEA092589E592E2,True,0.7676376892521762,0.7450105384418838,0.02262715081029243,0.5099789231162324,0,FAMILIA_POCO_REPRESENTADA,True,0.09050260134299183,0.2931996709275536,OK
39ACAC8085438EB269E25425B0C11230A2ECAF466A4A2D16FF1143DCB1CB8207,Z001023307014.pdf,F-A3467E98D8162C6C9650,True,0.736691448530234,0.7479337875915123,0.01124233906127825,0.5266171029395319,0,FAMILIA_POCO_REPRESENTADA,True,0.05933838349160935,0.29306040914331666,OK
EF66C78DED8518E2D794AE7A624C10A37F92E4457E92B93C4954B67CC013C796,Z001023466445.pdf,F-1491C0A3C9A223B891BF,True,0.7444212742520969,0.7634394691025905,0.019018194850493608,0.5111574514958062,0,FAMILIA_POCO_REPRESENTADA,True,0.0930980644833113,0.2929694631844867,OK
CE8FCBD2CF90A20BBB9D66AB2A30CB610FCE462C7E45B6FDFE9CBD342FEBE461,Z001023385036.pdf,F-D33FD3B9D3F4A3C7B394,True,0.7525981897437348,0.7799424044043012,0.027344214660566357,0.49480362051253035,0,FAMILIA_POCO_REPRESENTADA,True,0.12584118707645503,0.29260143955217277,OK
AF07531F61EF959807CE40A9BA8B8362F516A5741D0A152906514C1422FC62B6,Z001023398845.pdf,F-8C5087B8D904DD61C6DD,True,0.7686315991484212,0.7694709262478199,0.0008393270993987123,0.4627368017031577,0,FAMILIA_POCO_REPRESENTADA,True,0.30277155921094784,0.29244486829204963,OK
FA1330351E7A10794C76EF98917D3E3BCBD4D9A057B9FED5BAA2CF512643BDAC,Z001023349972.pdf,F-463F5D66BCFC1B95B4F2,True,0.6467870115149393,0.7546207874708352,0.10783377595589583,0.7064259769701213,104,PRIORIDAD_RELATIVA,True,0.166416153704173,0.29180153225131467,OK
94236583CE91323343024A8BCAD7DDC5F7D2482458063EC6E342AEE44CE8628C,Z001023410307.pdf,F-882FA5422CB2B283654D,True,0.7731865256993842,0.7462505140104695,0.026936011688914685,0.507498971979061,0,FAMILIA_POCO_REPRESENTADA,True,0.07401269817561142,0.2917599129324611,OK
121935DCAF0E74813765F04221A3B2771AC2471A7E501773E5ED762449345F74,Z001023397777.pdf,F-5657A42993E555457DF6,True,0.7579197952597478,0.7773249110511652,0.01940511579141735,0.4841604094805043,0,FAMILIA_POCO_REPRESENTADA,True,0.17449786922324179,0.29175720918835507,OK
E453A507C8E84A499D6A05799B4F33870B4B4A6E751A8D87665CE1D597D11C24,Z001023397778.pdf,F-5657A42993E555457DF6,True,0.7579197952597478,0.7773249110511652,0.01940511579141735,0.4841604094805043,0,FAMILIA_POCO_REPRESENTADA,True,0.17449786922324179,0.29175720918835507,OK
8E4314A5E5DC08A45F4D222B5F89D64EAB6BE0A4C07D4833F629D06A1D75BFB8,Z001023411322.pdf,F-83DF17DED510205452E1,True,0.7493532881136787,0.7639059081487216,0.014552620035042874,0.5012934237726425,0,FAMILIA_POCO_REPRESENTADA,True,0.11948018751962032,0.29103887208114765,OK
70B4CD9A1264D42D8290410E17519C058F7DF514C05BF5725C9F7441BB00E27D,Z001023411344.pdf,F-83DF17DED510205452E1,True,0.7459936093374857,0.754328395956035,0.00833478661854925,0.5080127813250286,0,FAMILIA_POCO_REPRESENTADA,True,0.10838128600943428,0.2907262987193407,OK
0EB724F472D0867E4028A0EA1819E88AA8B647706DDD3EBF0DF561D3D09B544F,Z001023422492.pdf,F-05E559C9D1398DC6EA58,True,0.7578697813199075,0.7953401204141405,0.03747033909423303,0.4842604373601851,0,FAMILIA_POCO_REPRESENTADA,True,0.11817811009558388,0.29067654885918137,OK
5534D51615B3263B0C144B1D3CB67CC95E576143FB6C6A10C18F38DBB101B56F,Z001023385076.pdf,F-5657A42993E555457DF6,True,0.7557650200336327,0.7805612490499058,0.024796229016273097,0.4884699599327347,0,FAMILIA_POCO_REPRESENTADA,True,0.13411515877391375,0.29057505910791676,OK
9006D847B75981F85DFE60D4C44636C58924D5EF921B39BB072209A5FEB97702,Z001023385075.pdf,F-5657A42993E555457DF6,True,0.7557650200336327,0.7805612490499058,0.024796229016273097,0.4884699599327347,0,FAMILIA_POCO_REPRESENTADA,True,0.13411515877391375,0.29057505910791676,OK
DA130B72BC02828AAC651F9D5D53AF365733702FFF7BB13CDA53332E32148348,Z001023267262.pdf,F-83DF17DED510205452E1,True,0.7912175146748711,0.8478343937136154,0.05661687903874424,0.41756497065025777,0,FAMILIA_POCO_REPRESENTADA,True,0.29792407181975694,0.290094366669252,OK
5624667E68E813192C39A1E13218E3F6FA9AFF9C3F252FA066D096A83B4D6C6B,Z001023385040.pdf,F-5E7F0403F85AC75B58C3,True,0.7570534104971822,0.7492425049819675,0.007810905515214683,0.5015149900360649,0,FAMILIA_POCO_REPRESENTADA,True,0.12000059454418965,0.2894830323458454,OK
12B4F8A879EF86D8F1B1F542753A5C0F1CA0BC63E0BD9E86DE53E1AAB2B75D6F,Z001023398841.pdf,F-8C5087B8D904DD61C6DD,True,0.7766012993630099,0.7820935560220893,0.005492256659079375,0.44679740127398015,0,FAMILIA_POCO_REPRESENTADA,True,0.31259982248770507,0.28901213685943344,OK
7D7462CE30AA30D68CF67E839C4773AF8CBE77EFB76BAC999469CA458FB25597,Z001023268168.pdf,F-1E53F807C5D33F026924,True,0.76855681936143,0.8190927253444883,0.05053590598305824,0.4628863612771399,0,FAMILIA_POCO_REPRESENTADA,True,0.1418732714797947,0.288831530090743,OK
621D302792608A0F7753D90084A909322708849DB507134A9B4D001CC76C4935,Z001023385015.pdf,F-D45AC048476B36C9395C,True,0.7580669050933869,0.7498810746574446,0.008185830435942343,0.5002378506851108,0,FAMILIA_POCO_REPRESENTADA,True,0.11170760103549816,0.2883004654523242,OK
10C8DE86B04BF25561A35A82242B33B470AF2939CEAE75D3705D0DE2B0439C8A,Z001023266236.pdf,F-CB966A908C5088B47C31,True,0.7517810744759889,0.7600563542503451,0.00827527977435627,0.4964378510480223,0,FAMILIA_POCO_REPRESENTADA,True,0.12330319870440752,0.2881523876808376,OK
932E4DE8FB499D585D29ED6B0456350E27406F8B86F78C4BAF3DBAE65A6CEB9B,Z001023283882.pdf,F-1DEE5C686C52D344F156,True,0.774047877604457,0.8557993173519359,0.0817514397474789,0.45190424479108593,0,FAMILIA_POCO_REPRESENTADA,True,0.09182697876824114,0.28778704349057393,OK
305701EAFC1ABE518E8AC8F499B310B2F0C4795D3071FFFF8BBA29C6C0B7266E,Z001023336228.pdf,F-79331C037636CAC2A8A5,True,0.753882536027926,0.7767524979155851,0.022869961887659107,0.492234927944148,0,FAMILIA_POCO_REPRESENTADA,True,0.09381299203940534,0.2873810144563071,OK
F03A50CDE08C368F9A878F55CBD5DA39E12CF31517E6F9A0EAEEC57447015FEA,Z001023338090.pdf,F-72A1411EAD1AF5549E9E,True,0.7702164010525809,0.7530810757531572,0.017135325299423743,0.4938378484936856,0,FAMILIA_POCO_REPRESENTADA,True,0.10088216570564218,0.2872152948682102,OK
332FFB1D90DB17A2646977121AD6D87B112993E79461108025126C4935CE72B7,Z001023268166.pdf,F-1E53F807C5D33F026924,True,0.770058696443781,0.8121716462133931,0.04211294976961211,0.459882607112438,0,FAMILIA_POCO_REPRESENTADA,True,0.15692140634380705,0.28717929056613706,OK
04C27DADDBAB767585D7DBC73A1273A2C7BCDF998DE7CC73E87E8CA6A10B0383,Z001023307011.pdf,F-B4856849CCBC1B750061,True,0.7506788160212317,0.7615608186247785,0.010882002603546881,0.4986423679575367,0,FAMILIA_POCO_REPRESENTADA,True,0.09051332564044778,0.2862966620000693,OK
FA53340165B1193898BC2671A9D638E4A994F3A4CCF22EF86131AEE822598D75,Z001023385102.pdf,F-83E661E2EB7E2C6D4520,True,0.7637691260211126,0.807298696632995,0.04352957061188245,0.47246174795777485,0,FAMILIA_POCO_REPRESENTADA,True,0.09264415494105219,0.2855084199322971,OK
7486AA6E43E29A8BB7F64B6583C2FF330FEC901518E563D0D86E5DA025BDD695,Z001023267519.pdf,F-A6250F1E05CC9A4995A0,True,0.7571487061788842,0.7486699091356648,0.00847879704321941,0.5026601817286704,0,FAMILIA_POCO_REPRESENTADA,True,0.07207528114963069,0.2852582909808026,OK
1F9DD0B2BF3B5C5D6D46D3091174ECB7FD8813A730E6E775358AF0ABAC13456B,Z001023384947.pdf,F-83DF17DED510205452E1,True,0.7894487299808172,0.8203858056226978,0.03093707564188064,0.42110254003836567,0,FAMILIA_POCO_REPRESENTADA,True,0.29849278106078636,0.2849694360299768,OK
F5A61C9519CBBBD86F9372EABC8E48A434D8797C27C42A15EC4EB3AAEBF874E0,Z001023423093.pdf,F-72B256C24A6F17F95C29,True,0.795156843272974,0.8858333159410601,0.0906764726680861,0.40968631345405204,0,FAMILIA_POCO_REPRESENTADA,True,0.1880603772266166,0.2848653655986014,OK
08C09F38F83BB6EDBE8BBF01403018FA201860CC12D064BAD8345B8B7D1EAC59,Z001023268021.pdf,F-D0226578E136BBE46C22,True,0.765799101944304,0.8027158716704622,0.036916769726158205,0.468401796111392,0,FAMILIA_POCO_REPRESENTADA,True,0.11598409921492396,0.2847682309920192,OK
04959C36E447DCC51D86DB7A3E13AA2F054F7A5405E116EDD2D0685F84DDF048,Z001023321896.pdf,F-3D04E808064BE4E0876B,True,0.7950928381177774,0.8240184968243334,0.028925658706555946,0.40981432376444515,0,FAMILIA_POCO_REPRESENTADA,True,0.33921278947235606,0.28458770694143043,OK
4FE91650CFDCB809A2708879FA18B112475B76ADB1D197A93FA447D1B3787739,Z001023366008.pdf,F-79331C037636CAC2A8A5,True,0.7537856243213478,0.7610165205171692,0.007230896195821401,0.49242875135730446,0,FAMILIA_POCO_REPRESENTADA,True,0.10184207614981083,0.284341994638993,OK
C94B3A536AB57B9DB3AF7BEF19A649E54942C536ED0668C1682597C416318FDB,Z001023384989.pdf,F-6A70ED0070E307341C80,True,0.7530579807836298,0.7555520177091646,0.002494036925534737,0.4938840384327403,0,FAMILIA_POCO_REPRESENTADA,True,0.10850660106341842,0.28433358278918464,OK
DED867B6C611631BAC6385336A43E86BD2C9EA22D53849C47A19BEBC732F4C6A,Z001023349853.pdf,F-A85A3E24D3ACD69DC578,True,0.7620395837642362,0.7949458290933784,0.032906245329142214,0.4759208324715276,0,FAMILIA_POCO_REPRESENTADA,True,0.08793983533456873,0.2835928362307771,OK
A37E0A7FBBAA75E4DCF826BFB84A01DB2E75C41BCC66DA610D4EAD0161AC64A3,Z001023336650.pdf,F-30074A1064AF67A98182,True,0.7526009041315411,0.7651430986332071,0.012542194501665938,0.49479819173691775,0,FAMILIA_POCO_REPRESENTADA,True,0.06918411852770656,0.2832333275861083,OK
93904BF94C042A9903653C099D33B775CA314298164B908F712B2920E4DB6D32,Z001023385161.pdf,F-97B235C10873EE8CCB37,True,0.7672780234939532,0.7932695423452876,0.025991518851334328,0.4654439530120935,0,FAMILIA_POCO_REPRESENTADA,True,0.13795964530999066,0.2831992277980654,OK
D6112D2145364EB672F79507F1EBD2800D09F6C0C372A10556E7F4A2F62EFDD7,Z001023385037.pdf,F-D33FD3B9D3F4A3C7B394,True,0.7609531529389927,0.7740586417540044,0.013105488815011723,0.47809369412201463,0,FAMILIA_POCO_REPRESENTADA,True,0.1243833442797188,0.28304749957442993,OK
28E051A5FFC30CD108C62532DB3BB625AE2F92006A000BC861F3BB2C56D67E99,Z001023384951.pdf,F-83DF17DED510205452E1,True,0.7866013580904024,0.8055879140315447,0.01898655594114229,0.42679728381919513,0,FAMILIA_POCO_REPRESENTADA,True,0.28778691874023676,0.28290438019602754,OK
14DFA7B487FE176FB734A07739399ED41B4658E3573EEB7E4448B13730B06F57,Z001023284294.pdf,F-C3E20710789BC525627F,True,0.7640153761084901,0.7569821215909518,0.007033254517538334,0.4860357568180964,0,FAMILIA_POCO_REPRESENTADA,True,0.10602710679590054,0.2824735391953084,OK
0FA8463ED567FFE590E435570D0223B6F4A12CB7F6613366B51561D4DAD73426,Z001023454940.pdf,F-184E2BF52B59984CDEC6,True,0.7565547694875709,0.758598475667329,0.0020437061797580203,0.4868904610248581,0,FAMILIA_POCO_REPRESENTADA,True,0.1154901180394365,0.2824715997075835,OK
A75470D62993B9317232B2513554972B0D32D4BBC1238489D9CAACDDA1FC8FF8,Z001023366007.pdf,F-79331C037636CAC2A8A5,True,0.7710786481163446,0.7610165205171692,0.010062127599175463,0.47796695896566166,0,FAMILIA_POCO_REPRESENTADA,True,0.1206176201151549,0.28186572954929096,OK
6B9A699A6823FF46958CA2C2A6CC24B4A71870124086B7AF0350409E9E8ED38E,Z001023435366.pdf,F-9260F0AF6C93E0A80B16,True,0.7746418155725897,0.7589976111899317,0.01564420438265801,0.4820047776201366,0,FAMILIA_POCO_REPRESENTADA,True,0.08890800835292012,0.2815035240980044,OK
2F5F1CA52F0DED94FE75437F025BC3FCFAAB65071326D28E30FC1CD6E3E39020,Z001023306745.pdf,F-B37F71889DC7E080B147,True,0.7747009864513927,0.8236952715256041,0.04899428507421133,0.4505980270972145,0,FAMILIA_POCO_REPRESENTADA,True,0.09978152971620236,0.2799360337241982,OK
4C321C21F6889F727A0043604487D513727F48B309DAC56F0B8A2256234B049B,Z001023398844.pdf,F-8C5087B8D904DD61C6DD,True,0.790617520034283,0.7953468773611039,0.004729357326820893,0.41876495993143403,0,FAMILIA_POCO_REPRESENTADA,True,0.3179987459048163,0.27954994989818877,OK
1E91DDC230C4879196FB8A9C6D0F2B571E5781379160AA07760A8B3773DA1EAB,Z001023410257.pdf,F-564A8D906488F48E1C78,True,0.7629070358117076,0.7780297432667712,0.015122707455063611,0.4741859283765848,0,FAMILIA_POCO_REPRESENTADA,True,0.09714450756260655,0.27946020255183124,OK
0E540B0E4A36B14042BFC034A9473679518354968C186181B12F24B96FF6CBD0,Z001023466250.pdf,F-CBDEFB63E55CAE3F481A,True,0.7518914201077719,0.7520259824736212,0.00013456236584930004,0.49621715978445624,0,FAMILIA_POCO_REPRESENTADA,True,0.055425361751333176,0.27925218269115537,OK
476E2F9A7FC24B74F925F618ECB49C5F316806D9974C022BA3477795DA031501,Z001023466450.pdf,F-2B678173689DCCEA506F,True,0.7630691434562942,0.7785688326833748,0.01549968922708067,0.47386171308741165,0,FAMILIA_POCO_REPRESENTADA,True,0.09378078351063489,0.2791046002384277,OK
C2EB6A13535F3DE855B61491DF1DF64399AFE2B4D93CD63ADCEA3D1ED9D79843,Z001023435333.pdf,F-85A4A63729D3B53C4494,True,0.7661583467311224,0.7904428564118182,0.024284509680695843,0.46768330653775525,0,FAMILIA_POCO_REPRESENTADA,True,0.08241204837036942,0.27800148954542525,OK
565020CD171BC587CD09292855DB5A36E5FB93F156787989397E52E115592D4B,Z001023268123.pdf,F-05E559C9D1398DC6EA58,True,0.7762521286589031,0.8150788233924166,0.03882669473351341,0.4474957426821937,0,FAMILIA_POCO_REPRESENTADA,True,0.10396152603711115,0.2767263362258573,OK
35036B91118820402A43C5A7AF8FEDD19F3EE0B4F5CD092F6045A38564329AA7,Z001023397754.pdf,F-83DF17DED510205452E1,True,0.7997944731451516,0.8236780676947408,0.023883594549589215,0.40041105370969676,0,FAMILIA_POCO_REPRESENTADA,True,0.30423732511663837,0.276538499947455,OK
39923AD2ED799B35E3F8AA1399A3B752C18AD1665B48AE30286BF2435BE28587,Z001023366112.pdf,F-79331C037636CAC2A8A5,True,0.8185062839990146,0.7767524979155851,0.0417537860834295,0.4464950041688298,0,FAMILIA_POCO_REPRESENTADA,True,0.09554705661610711,0.2762664036415585,OK
8F84864C920906BAD9FFFB017F550A432F2DA5977CF3C228ECAA41C964C6551D,Z001023385044.pdf,F-0C74AEFA12CD6E1FDB7B,True,0.7751393425252022,0.7686737806672679,0.006465561857934343,0.46265243866546424,0,FAMILIA_POCO_REPRESENTADA,True,0.12496916181039948,0.276041660178436,OK
AF5D2B37C4A7BA2FDD20D1628E4F2A743D3DB07A1C79A59923CE70E491A1FD3C,Z001023397753.pdf,F-83DF17DED510205452E1,True,0.8050544034358439,0.8325547967790361,0.02750039334319221,0.3898911931283122,0,FAMILIA_POCO_REPRESENTADA,True,0.31565828342347685,0.274902844273055,OK
6F5C17D146C25CC219D5E517EE3C922BE4AC3E675B6F4F64828A7BD51F1F81FA,Z001023366004.pdf,F-79331C037636CAC2A8A5,True,0.7662402820092662,0.7732080634600021,0.006967781450735955,0.4675194359814676,0,FAMILIA_POCO_REPRESENTADA,True,0.09325449233043363,0.274699197189241,OK
FE760F61466D4D28B18BD2EC428D31724844F3067A77DAE026BB02D90752B545,Z001023454776.pdf,F-562A76256612A147AC24,True,0.7678977502359198,0.7872365185112705,0.01933876827535075,0.46420449952816045,0,FAMILIA_POCO_REPRESENTADA,True,0.07349615549992919,0.2746558824536868,OK
392469EBD7523DB65CBFA2FE469EAEB0FECFB49131ADCC83159E169A4DCC3F50,Z001023284248.pdf,F-1D0BE2C11996A6A4B5FC,True,0.7648495684017803,0.772738087234132,0.007888518832351643,0.4703008631964394,0,FAMILIA_POCO_REPRESENTADA,True,0.0756188418899156,0.27413931601583325,OK
701E96AB1D777313D11116902E69CDB65C6D1B7CCC90CE2D7A2F83A22AB166A9,Z001023410904.pdf,F-463F5D66BCFC1B95B4F2,True,0.651514597544011,0.7276692987221457,0.07615470117813472,0.696970804911978,104,PRIORIDAD_RELATIVA,True,0.10156980115811558,0.2740878180819185,OK
6403F4BAEA29F0572CD01DCF95BF5F3B217C9101108E749C6E1A598D5D2BAC36,Z001023349855.pdf,F-BE942853904B1B7861D6,True,0.7801385763480386,0.7671969580973745,0.012941618250664089,0.4656060838052509,0,FAMILIA_POCO_REPRESENTADA,True,0.07682391327114631,0.27387992522161847,OK
021D03676E4829AEEEA847D3BCB185AA2D16C5CBCA32B330075F575854B360A1,Z001023320986.pdf,F-BD443D8161F24BFCB109,True,0.6945478238503305,0.7981585885279207,0.10361076467759012,0.6109043522993389,3,PRIORIDAD_RELATIVA,True,0.08069323048094845,0.272788537522261,OK
C319C6B40800192D8C5C6929BB122A9010982AAE9A0BEF468F446FBC156517F6,Z001023397810.pdf,F-463F5D66BCFC1B95B4F2,True,0.6596660182071964,0.7296506318496596,0.06998461364246322,0.6806679635856072,104,PRIORIDAD_RELATIVA,True,0.1561302602814241,0.27229534764610164,OK
1F1946F209640E1E5690363F1F7983E92D582C609A65653B72FCDC3E6D501EC9,Z001023366954.pdf,F-F7830181C160EF4545A2,True,0.792758576845762,0.7726968225925682,0.020061754253193786,0.45460635481486356,0,FAMILIA_POCO_REPRESENTADA,True,0.0812106427919454,0.2722487270276952,OK
81B0F71C6C8208A35D9E7B41F0D01002293F3930C34DDFC0A2FCE923805D488F,Z001023336229.pdf,F-79331C037636CAC2A8A5,True,0.8021581339139512,0.7767524979155851,0.025405635998366094,0.4464950041688298,0,FAMILIA_POCO_REPRESENTADA,True,0.09374957651885008,0.27199961811056694,OK
4E0D8880FA2317B1B33E840BFA6C3266FEA612990B3E8899F353E9E83C8D5A22,Z001023320997.pdf,F-F7830181C160EF4545A2,True,0.7731547249416187,0.7685006733242647,0.004654051617353994,0.4629986533514705,0,FAMILIA_POCO_REPRESENTADA,True,0.08092120565842417,0.27130516214319556,OK
87F2AA02637EE62913CB081146FA2CED91CE4FEA16C4B729941E3652EDC7F8AF,Z001023366072.pdf,F-79331C037636CAC2A8A5,True,0.7970738943497235,0.7767524979155851,0.02032139643413844,0.4464950041688298,0,FAMILIA_POCO_REPRESENTADA,True,0.09756312031871295,0.2711099125994963,OK
770A8BC869BDA23991E48A3B5B586B63CA3D2B9EBE6F533495495AC3CCDAC92C,Z001023268122.pdf,F-05E559C9D1398DC6EA58,True,0.7823736087619065,0.8127172052414181,0.03034359647951157,0.43525278247618693,0,FAMILIA_POCO_REPRESENTADA,True,0.10707408826183618,0.27063178181272696,OK
CDB8FA0468DAFEC847F39B8E159069F2BA2597D1B1058186990AE30AC611790D,Z001023268121.pdf,F-05E559C9D1398DC6EA58,True,0.7823736087619065,0.8127172052414181,0.03034359647951157,0.43525278247618693,0,FAMILIA_POCO_REPRESENTADA,True,0.10707408826183618,0.27063178181272696,OK
F09DA5A7B07A5B624E927B55E85566FE5430BA189F57990FC0195433ADAD4EDE,Z001023266233.pdf,F-BEE95EC79C2FBD7BE075,True,0.7814790506071497,0.8021203506681707,0.02064130006102094,0.43704189878570054,0,FAMILIA_POCO_REPRESENTADA,True,0.12346470806646655,0.27047146039689707,OK
8F8B0D04F433688E68340F95C3B73FD2482654BD6272297F57F6A3C68D38C764,Z001023321009.pdf,F-D6E8C2BFF2CE1E33BBD7,True,0.7736779506631921,0.7897445252681181,0.016066574604926,0.45264409867361577,0,FAMILIA_POCO_REPRESENTADA,True,0.07066233387328487,0.26950831157432553,OK
F76A7F8DC2B2DA23464A2823E8ECEDD428A1BC84C2E840760F2825302788EC9A,Z001023466471.pdf,F-874149FBB96F2D26236B,True,0.7117403415650204,0.7492517713955884,0.03751142983056799,0.5765193168699592,1,FAMILIA_POCO_REPRESENTADA,True,0.07712423440634947,0.26887204180276264,OK
8EC7ADBD9271C5BE8DED67767D18E373AD67AA1F771D0C6967D63408E76C06E9,Z001023243448.pdf,F-877E0C4F7A4ED449F8F7,True,0.8066679822637357,0.8429363323134991,0.036268350049763365,0.3866640354725286,0,FAMILIA_POCO_REPRESENTADA,True,0.23839314217686042,0.26823881414551193,OK
624E85021D43827AD2B3E8B1DCD80FAE5615F3D494B65E721ED1A8F668BF0989,Z001023268107.pdf,F-05E559C9D1398DC6EA58,True,0.7885036880146995,0.819581920139719,0.031078232125019478,0.422992623970601,0,FAMILIA_POCO_REPRESENTADA,True,0.11350276621440486,0.26716725304240574,OK
CA769CD199134EC6C73A6A5BEBB8699D52DCBB3777A23F4B6A3B1C43A5AFDD10,Z001023268165.pdf,F-AC77C75B6CF9D8AFDC77,True,0.7892121924661878,0.7842237708439944,0.004988421622193373,0.43155245831201117,0,FAMILIA_POCO_REPRESENTADA,True,0.14770959814338727,0.26706142562909096,OK
22A220E82D281BC035328305906BE657A8888917D0B30AA6CC8D5267677D4064,Z001023366073.pdf,F-79331C037636CAC2A8A5,True,0.7823538265124221,0.7767524979155851,0.005601328596837041,0.4464950041688298,0,FAMILIA_POCO_REPRESENTADA,True,0.08919631833146204,0.26659321544144593,OK
E832A52655881819E85E31BE7A6EF9F0183ABAA7F96B77A560F8961D792F3256,Z001023366189.pdf,F-A8E5265046DA598516F9,True,0.8099604518695618,0.860157102961511,0.05019665109194926,0.38007909626087644,0,FAMILIA_POCO_REPRESENTADA,True,0.20675490193879364,0.26625233665817344,OK
0A637333314B760AD17FC75D86A32FE397D8DF90EEC6F73D5864CA3746C73DB3,Z001023366011.pdf,F-79331C037636CAC2A8A5,True,0.7784688962038814,0.7767524979155851,0.0017163982882962836,0.4464950041688298,0,FAMILIA_POCO_REPRESENTADA,True,0.09034843662526376,0.2657371946936909,OK
18F037E71275BAC8EB6B9907A801BB8596276D931C4A89D42AD4A1DDB99C44C7,Z001023338061.pdf,F-562A76256612A147AC24,True,0.777742798232963,0.7858264502878144,0.008083652054851398,0.444514403534074,0,FAMILIA_POCO_REPRESENTADA,True,0.08108241838931357,0.2657091960895701,OK
AFF325F3A733F9A677C3A3E186A0D82D09D54DD9E9F5B308B9BAC208AD45C823,Z001023385017.pdf,F-562A76256612A147AC24,True,0.7796115166843155,0.7864980870396774,0.006886570355361887,0.440776966631369,0,FAMILIA_POCO_REPRESENTADA,True,0.0949481351772766,0.2654883944275473,OK
047C2412F436FC2F8C7B9D8DBFB7073564E01625547D740A09685C4894783331,Z001023305696.pdf,F-D33FD3B9D3F4A3C7B394,True,0.7924256416438976,0.8211621268835901,0.028736485239692522,0.41514871671220477,0,FAMILIA_POCO_REPRESENTADA,True,0.12376331049254226,0.264862503208449,OK
0D6CC904494B5D36AD7A14CCD6D613539CF44A2EBD1E8D3436517B820E1C6735,Z001023423178.pdf,F-26DBDC0D879BD3CF1585,True,0.8144788753499729,0.8697547650852485,0.05527588973527564,0.37104224930005425,0,FAMILIA_POCO_REPRESENTADA,True,0.2055966671865285,0.26424342640749077,OK
56E9553295F645ECFC4245CEDC974D37D874EDF5875B2D23438824326E82F99E,Z001023422490.pdf,F-05E559C9D1398DC6EA58,True,0.7866087764085797,0.7970707427185358,0.010461966309956106,0.42678244718284053,0,FAMILIA_POCO_REPRESENTADA,True,0.12188785302547651,0.26417813339403085,OK
B80A35829588FA239AD5B16A7F0A34E43B2B5DEB5112605DF44B49AE8131913F,Z001023466206.pdf,F-3875D99AC7C8555D1EF2,True,0.7943553075766477,0.7939909569987348,0.000364350577912953,0.4120180860025304,0,FAMILIA_POCO_REPRESENTADA,True,0.19740995808671494,0.2640384135540354,OK
F7FD16ADE6F49C26ACD656E34CC066FDC687D5EEC89F1003AD7A6EBD735FE2D5,Z001023267510.pdf,F-4E71FAE7CA13D7938265,True,0.7834672503866298,0.7990781385673859,0.015610888180756066,0.4330654992267404,0,FAMILIA_POCO_REPRESENTADA,True,0.08509515885571717,0.26398516266011984,OK
1D5F2FFDB7A42FB654E7D25AC2C03B44FFF9CB0BB77FC63A494AA74CA4370078,Z001023242300.pdf,F-FA586180D995F7F86E09,True,0.7987100686493835,0.7878869730094741,0.010823095639909464,0.42422605398105184,0,FAMILIA_POCO_REPRESENTADA,True,0.12688478116329202,0.2638733709196748,OK
B317DD5B2948BED0AC094B85A7DDD06291B6CEA51221F4B54C81BCD306B70A9D,Z001023321065.pdf,F-EAC19FBAA059E9954855,True,0.7913165679334929,0.7829655285380165,0.008351039395476434,0.434068942923967,0,FAMILIA_POCO_REPRESENTADA,True,0.09305523236800137,0.26331741310905765,OK
63CB5ECA5C3C698857A7AAC8979CD26F30C6E5E06D6CD2638A83F4412C48A852,Z001023435337.pdf,F-85A4A63729D3B53C4494,True,0.7868154079253254,0.8120089523906595,0.02519354446533406,0.4263691841493491,0,FAMILIA_POCO_REPRESENTADA,True,0.07711643763066361,0.26323924433167206,OK
9296238E39AFC467ED401132F7CEF5F4C77B290709C34B8E07F5F84900BA3081,Z001023306043.pdf,F-CEF7EF3E69AB8C44B9F3,True,0.7914485395484065,0.7802518634057704,0.011196676142636197,0.4394962731884593,0,FAMILIA_POCO_REPRESENTADA,True,0.06589427968069594,0.2632122926196894,OK
8B413A28B2078C81F33BFA43153D0505069C9EC5CB4BCFF69F9E3BFD8B2BEB65,Z001023385018.pdf,F-3ABA0E7E70B798391E29,True,0.7796616973492562,0.7860527019182987,0.006391004569042513,0.44067660530148767,0,FAMILIA_POCO_REPRESENTADA,True,0.07234179397859287,0.2630687423956406,OK
AB94A237AF2D65D4C357CC6BDB8C537E436906E3A8557631EEB6385ECB3D9092,Z001023385019.pdf,F-3ABA0E7E70B798391E29,True,0.7796616973492562,0.7860527019182987,0.006391004569042513,0.44067660530148767,0,FAMILIA_POCO_REPRESENTADA,True,0.07234179397859287,0.2630687423956406,OK
8046CECC2F808FA41C8D708DBCCDFFA069BB9BC26A69B03C857B80F14D8D5F5A,Z001023321131.pdf,F-7301C640ACA276E9574A,True,0.7845306894344906,0.794167417681587,0.009636728247096493,0.4309386211310189,0,FAMILIA_POCO_REPRESENTADA,True,0.0861476891394475,0.2618524683715755,OK
1BAC08C96C2B7DF33CB003BD97FE4CEAD87E53DE3314421FFE719FB320CF8F1B,Z001023398536.pdf,F-22C1B323FC1A23E68B4C,True,0.7861119808914002,0.7839753543814283,0.0021366265099719284,0.4320492912371434,0,FAMILIA_POCO_REPRESENTADA,True,0.09544808055479859,0.261296216615973,OK
7EDA56327FF407D9C50987489E9F5D0FF3F4EDC0505D46FFFC3A07C6099C2F75,Z001023336270.pdf,F-567BD8AAE175D3C24EC2,True,0.7807678430367485,0.7847648891290604,0.0039970460923118845,0.438464313926503,0,FAMILIA_POCO_REPRESENTADA,True,0.06366065407266276,0.2608278368046203,OK
08A59F5ACF65AAE8126396DF9CF71EA60DFCF3275E7087E7BD99CA724E103841,Z001023337406.pdf,F-857AC3514891229C7A78,True,0.7919162691437814,0.8147727116756438,0.022856442531862364,0.4161674617124371,0,FAMILIA_POCO_REPRESENTADA,True,0.09007457263166364,0.260380179495485,OK
1F6AC3D4A076A3746C99EA3109F93F259DDDBC66C2931E9D962C8C9754218CDE,Z001023266964.pdf,F-2509272E7D7B531E64B8,True,0.7884921534143792,0.7841787839090937,0.0043133695052854915,0.43164243218181264,0,FAMILIA_POCO_REPRESENTADA,True,0.07643070966142448,0.2597962646060983,OK
69C1E0801F87A1EF0A667A8CA6434748EB159C10B3413DB24EBF605343CD79A9,Z001023478164.pdf,F-C9B9C47AF157219D526D,True,0.7952395707229615,0.8102123415119078,0.014972770788946321,0.40952085855407705,0,FAMILIA_POCO_REPRESENTADA,True,0.11833065922033863,0.25890855911319743,OK
18E7CA0C5FA2A263B81C0E6331BD60EE7C3FE5F34B9607844B4F68CB65659CF1,Z001023321895.pdf,F-3D04E808064BE4E0876B,True,0.799986247104112,0.8348548049519453,0.03486855784783327,0.40002750579177593,0,FAMILIA_POCO_REPRESENTADA,True,0.10090745808885306,0.25881751229796524,OK
16774F7F1BF693AAAF6595FD95FE826967AD240AE8DCDCF1D0DA1FDFA5B8B47F,Z001023268120.pdf,F-05E559C9D1398DC6EA58,True,0.7955957367587668,0.8158142584664491,0.020218521707682235,0.40880852648246635,0,FAMILIA_POCO_REPRESENTADA,True,0.10391725078967752,0.25852933977475157,OK
B341884895A7E88E7AFC455DC3EC66E90DD8C350A46B9E108870D244B79B4659,Z001023397748.pdf,F-83DF17DED510205452E1,True,0.8227478234187817,0.8325547967790361,0.009806973360254378,0.35450435316243656,0,FAMILIA_POCO_REPRESENTADA,True,0.31771655591619735,0.2582999225385361,OK
1E3A54E29CDFD98200A8968E8ED2B1DDDE4DDCC94F9FA7FA24A7FF973C6256A2,Z001023397739.pdf,F-83DF17DED510205452E1,True,0.8000153499992424,0.8320421685707312,0.03202681857148881,0.3999693000015152,0,FAMILIA_POCO_REPRESENTADA,True,0.10076586997535228,0.25807254664093776,OK
E9C4C9A1A3F634072BFA4759AF8CCC4BBE576AEAB6884AA733BEF5B6B2953EDD,Z001023454547.pdf,F-562A76256612A147AC24,True,0.7863608583301761,0.7898297527398492,0.003468894409673129,0.4272782833396478,0,FAMILIA_POCO_REPRESENTADA,True,0.06724796229183579,0.2571394190004786,OK
1D599FB9901C840037490A7813C889834DFF4C7EEA0D469A58A71E6F59B1268C,Z001023321002.pdf,F-D6E8C2BFF2CE1E33BBD7,True,0.7860815441342307,0.7882224804271963,0.002140936292965634,0.4278369117315386,0,FAMILIA_POCO_REPRESENTADA,True,0.06314442188065304,0.25659259536734524,OK
395B8379677065319DAB4B5CEBFAE22376D9CB768938B0C481E59332B205C16F,Z001023410258.pdf,F-2EA2B6C3AE451C3D2A00,True,0.8016107994405385,0.8102617940200483,0.008650994579509796,0.39677840111892304,0,FAMILIA_POCO_REPRESENTADA,True,0.14961048805677338,0.2559962378421779,OK
F7DE50AC4859C1771E500A39D75EF2DD53DDFD9845717BF3EE60FFEA2120D5BF,Z001023350020.pdf,F-3ABA0E7E70B798391E29,True,0.7937898361323269,0.8006406041321726,0.006850767999845742,0.4124203277353462,0,FAMILIA_POCO_REPRESENTADA,True,0.09778448153607931,0.25583825486094053,OK
6566E5B2F25A610A7050DDAC354F3BFD30EF005CA8D986CA966EEDEF5FEE6180,Z001023410303.pdf,F-5419E6C1F61065ED89F5,True,0.7918797050258138,0.7884220494460461,0.0034576555797677377,0.4231559011079078,0,FAMILIA_POCO_REPRESENTADA,True,0.06837439322634131,0.2558064186053438,OK
0E59ECEE0811775B658ABF3523447BC951EF3274CABA4824DD8F62DCF64917F8,Z001023455695.pdf,F-CBF2716C5E66A6F66B57,True,0.8014091594986213,0.8138070412607368,0.012397881762115426,0.3971816810027573,0,FAMILIA_POCO_REPRESENTADA,True,0.13665994712251506,0.2557790535037454,OK
52FE664876FA2826D1C28609B50E875F103D17E5B811AF9120F7711D1415984D,Z001023454546.pdf,F-562A76256612A147AC24,True,0.7909193815760583,0.7991666151978497,0.008247233621791361,0.4181612368478833,0,FAMILIA_POCO_REPRESENTADA,True,0.07039605088759147,0.25545784639096614,OK
94D9135E1417E8510FB69278BAF7DD9FEDE9C2B0BAB17D52060FAE0B7AF4009D,Z001023397751.pdf,F-83DF17DED510205452E1,True,0.825664455278247,0.8325547967790361,0.006890341500789154,0.3486710894435061,0,FAMILIA_POCO_REPRESENTADA,True,0.3160683049442576,0.2553642971748502,OK
23A963A9C0C71A93525846B4B4493D7A791A1657AC0334B2893A1CCF8B7F3E95,Z001023321157.pdf,F-3CCA53F944FFD16F4821,True,0.7939412052732374,0.7928816815326736,0.0010595237405638391,0.41423663693465285,0,FAMILIA_POCO_REPRESENTADA,True,0.09887944190499097,0.25513564805276856,OK
B95D92B1911D81571A50B54AC7C9F9195C49676989CE33453C00FAB1C3DF007A,Z001023435313.pdf,F-342E441E424A1D9E3B8B,True,0.8212178487315521,0.8525282804021743,0.031310431670622196,0.35756430253689575,0,FAMILIA_POCO_REPRESENTADA,True,0.21938155094412504,0.25491326889998156,OK
E2361D3E799D3E0EE8352125B044319D4BF6918F1E4488292F8360AA2BF46DEF,Z001023305697.pdf,F-D33FD3B9D3F4A3C7B394,True,0.8005796081370737,0.8121362696247428,0.011556661487669095,0.3988407837258525,0,FAMILIA_POCO_REPRESENTADA,True,0.12136461248343315,0.254619900924309,OK
A06521A0634D351B2C5C439A3E0724CF379301CCDA7FA4C0D9DEA962A8CC0644,Z001023268164.pdf,F-AC77C75B6CF9D8AFDC77,True,0.8017024325419644,0.8035045462561727,0.0018021137142083532,0.39659513491607123,0,FAMILIA_POCO_REPRESENTADA,True,0.1467342462841521,0.25393225027759225,OK
3058856E18A76B70EBBFDB5E07AFA0ACB08EFF7939F382674A14B71FF8238DF3,Z001023242306.pdf,F-A0DB7B8319A2ED939D5E,True,0.7927900763699499,0.7922020453385142,0.0005880310314356763,0.4155959093229715,0,FAMILIA_POCO_REPRESENTADA,True,0.0824711734103283,0.2538526933619318,OK
7B037B2AB2DF4F75EBAE4A4ED1922516E2EA37BD84D5053D354185B624070D2E,Z001023466970.pdf,F-7E949066CDDBF3D8E59E,True,0.8059234623208474,0.8195523675001768,0.013628905179329354,0.3881530753583051,0,FAMILIA_POCO_REPRESENTADA,True,0.13309644066858903,0.25257044673709805,OK
AD8BAC5E05109AE4603F6EE1D3ACC2AA53BC2F8B530E34A5C4150D0416E44ACD,Z001023267269.pdf,F-1DEE5C686C52D344F156,True,0.7965842196321153,0.7999207616292723,0.0033365419971569388,0.4068315607357693,0,FAMILIA_POCO_REPRESENTADA,True,0.0882065710159912,0.2520458388584076,OK
39D4DA7B831EF26756B162DD2D4AAFE5DD37D2EB11F9AFFB51F6E558BFB70FB0,Z001023267462.pdf,F-9EBDBEE534A22DA8625C,True,0.8577500262711509,0.8226891052807543,0.035060920990396593,0.3546217894384913,0,FAMILIA_POCO_REPRESENTADA,True,0.18535473381479853,0.251418329932551,OK
E1C8D565C7D9058B600F95D5CB1A3AF40E515A107479AD6A95E69E92244BD1FC,Z001023266247.pdf,F-500F6432958C5F8A784D,True,0.8331944930800618,0.8840463839546928,0.050851890874631045,0.33361101383987646,0,FAMILIA_POCO_REPRESENTADA,True,0.2072986066623435,0.2502066882288489,OK
19F6641B6B3AA29365169F3EAE0968960FCA636ECEE571730C1EA3B84723A6C5,Z001023423294.pdf,F-463F5D66BCFC1B95B4F2,True,0.6988803862771237,0.8090716759948512,0.11019128971772751,0.6022392274457526,104,PRIORIDAD_RELATIVA,True,0.09073057291656174,0.24835699027948244,OK
D857FEB48AD62E7DBEC97D9722B73D44F104600A567A48C8E682082554E1BC24,Z001023435334.pdf,F-85A4A63729D3B53C4494,True,0.8053841180196263,0.8246005925943004,0.019216474574674125,0.38923176396074743,0,FAMILIA_POCO_REPRESENTADA,True,0.07202063784514377,0.2482372998144445,OK
DBAF5884786F464385EA44AF9BBDAE901F2DE08C9D1FC8D185DD2C67C6C8BB04,Z001023454518.pdf,F-562A76256612A147AC24,True,0.7998395145912881,0.8028852280647184,0.0030457134734303004,0.4003209708174238,0,FAMILIA_POCO_REPRESENTADA,True,0.07346662910499198,0.24822043106495512,OK
253B922E743ED3799598D68A259FB420DFA7F0351B17785DDCF693005E0B9D55,Z001023423314.pdf,F-16F12BB6540699C2D440,True,0.8062636085472901,0.8171136669004515,0.01085005835316144,0.38747278290541987,0,FAMILIA_POCO_REPRESENTADA,True,0.09458908867216503,0.24778689747240382,OK
43B0D7CEC8095B14EFAF767BAE3B13B1B021D4DFCA5B67941729F1646C56B231,Z001023455709.pdf,F-CBF2716C5E66A6F66B57,True,0.8132176013437347,0.8241682081931161,0.010950606849381428,0.37356479731253067,0,FAMILIA_POCO_REPRESENTADA,True,0.13794190960309244,0.24727952173204032,OK
3AC5366E65A4E1113E796139D09F4CFA0E3102DD6D170F523943C1836B200E77,Z001023423308.pdf,F-E54F58F1EE9FC35DC401,True,0.8072727166809961,0.8091621945408712,0.0018894778598751438,0.3854545666380078,0,FAMILIA_POCO_REPRESENTADA,True,0.11860709261732229,0.2472421770500038,OK
000441157BAD395A94250C60F40EB1F8926789D876B4B05AD40F95BE1EAA936F,Z001023284118.pdf,F-22C1B323FC1A23E68B4C,True,0.810024858938995,0.8358355488275363,0.025810689888541294,0.37995028212201,0,FAMILIA_POCO_REPRESENTADA,True,0.07255549196140501,0.2466908204109793,OK
8B7554C363443A9568CB0DE71C08C6F1D4481B09F56E7E90BF741C53ACB0C91B,Z001023284244.pdf,F-B70E1715DB6366F9BCBF,True,0.8398081851188358,0.8733777438233046,0.03356955870446876,0.32038362976232837,0,FAMILIA_POCO_REPRESENTADA,True,0.2569385431242359,0.24622051440535572,OK
83FF610427EDDFDCACCC0701011861D95A017E8EFFEDC212097521687AEA30A5,Z001023422260.pdf,F-F578D06A66C8F2A9EF16,True,0.8217059531720572,0.8641346056331372,0.04242865246107996,0.3565880936558856,0,FAMILIA_POCO_REPRESENTADA,True,0.10282463448377421,0.24569545934320738,OK
5228AFAF75E3D032EEB4BA4FEF716C026473A7151880A8A0186BC53EF71EE423,Z001023305792.pdf,F-22C1B323FC1A23E68B4C,True,0.8138111418670432,0.839818602953027,0.02600746108598384,0.37237771626591365,0,FAMILIA_POCO_REPRESENTADA,True,0.08846202950200031,0.24568026891476577,OK
707A0612969061182FCD182790AC956C51265BCC4C3078FEFF93823F1E9F1735,Z001023385297.pdf,F-D86CE4CD0C9D0468E43A,True,0.7527066287449514,0.7794842475860729,0.02677761884112151,0.49458674251009715,1,FAMILIA_POCO_REPRESENTADA,True,0.15183983328237993,0.2449837479170524,OK
01ED02257A77AEFC1104AC4A1B19B452BE5C85A8BA6756441FB9C4C6ADEF52BF,Z001023423347.pdf,F-16F12BB6540699C2D440,True,0.8106541479845635,0.8224879914801415,0.011833843495578034,0.37869170403087304,0,FAMILIA_POCO_REPRESENTADA,True,0.09107795409368773,0.24460835269406883,OK
22CB6FF71816972CE79D5B68D3DC2942FDBF27DB62CE09AC084F2A738A184F21,Z001023423365.pdf,F-16F12BB6540699C2D440,True,0.8106541479845635,0.8224879914801415,0.011833843495578034,0.37869170403087304,0,FAMILIA_POCO_REPRESENTADA,True,0.09107795409368773,0.24460835269406883,OK
4F62E8444D509E2CFE12025568E326EE4E114C92C0D564C1B034873B5CF1EEAE,Z001023423341.pdf,F-16F12BB6540699C2D440,True,0.8106541479845635,0.8224879914801415,0.011833843495578034,0.37869170403087304,0,FAMILIA_POCO_REPRESENTADA,True,0.09107795409368773,0.24460835269406883,OK
5D3897E5C4D82DF2441EEE0DFC64EB89F218EBB1079981F940160D1C848F22EB,Z001023423348.pdf,F-16F12BB6540699C2D440,True,0.8106541479845635,0.8224879914801415,0.011833843495578034,0.37869170403087304,0,FAMILIA_POCO_REPRESENTADA,True,0.09107795409368773,0.24460835269406883,OK
6ACB04B9B2EB656794F4D236CB7B80FABDE605F40896E47A7D6CC48B34F692B7,Z001023423344.pdf,F-16F12BB6540699C2D440,True,0.8106541479845635,0.8224879914801415,0.011833843495578034,0.37869170403087304,0,FAMILIA_POCO_REPRESENTADA,True,0.09107795409368773,0.24460835269406883,OK
70AB86572E06875C396D8221A2F69C9F9D562506F1D227E250F96A0294F8C658,Z001023423340.pdf,F-16F12BB6540699C2D440,True,0.8106541479845635,0.8224879914801415,0.011833843495578034,0.37869170403087304,0,FAMILIA_POCO_REPRESENTADA,True,0.09107795409368773,0.24460835269406883,OK
8DC80D0E3B2567254DCD7C4C92A0B43A2AA240489E7A0F158EF9D659D7DC10DC,Z001023423364.pdf,F-16F12BB6540699C2D440,True,0.8106541479845635,0.8224879914801415,0.011833843495578034,0.37869170403087304,0,FAMILIA_POCO_REPRESENTADA,True,0.09107795409368773,0.24460835269406883,OK
BC4C6F83B2FFBA9A1285782A30CC36A0D4D8114857F98B6B3B27AA8772F00774,Z001023423366.pdf,F-16F12BB6540699C2D440,True,0.8106541479845635,0.8224879914801415,0.011833843495578034,0.37869170403087304,0,FAMILIA_POCO_REPRESENTADA,True,0.09107795409368773,0.24460835269406883,OK
BF524A65D0708D90E26239C3125D267507482E33819A415BB5539F6D2642C8BE,Z001023423346.pdf,F-16F12BB6540699C2D440,True,0.8106541479845635,0.8224879914801415,0.011833843495578034,0.37869170403087304,0,FAMILIA_POCO_REPRESENTADA,True,0.09107795409368773,0.24460835269406883,OK
DEB3626A2509FB059118B9368962B9050E368188C034BA9B7D7A981AC6DE1F45,Z001023423343.pdf,F-16F12BB6540699C2D440,True,0.8106541479845635,0.8224879914801415,0.011833843495578034,0.37869170403087304,0,FAMILIA_POCO_REPRESENTADA,True,0.09107795409368773,0.24460835269406883,OK
5C2BB36404A54C73E61A08DA38C8F824DCE609279F30E57870FFB009A65014A2,Z001023284293.pdf,F-6B1BBE3A9AB2FAC17C07,True,0.8126489370544399,0.8254183358628288,0.012769398808388899,0.3747021258911203,0,FAMILIA_POCO_REPRESENTADA,True,0.10101286104674848,0.24443937986866418,OK
077E1AB84DF868E538FAC3C97AD3D0C980891100169289B57CD81AB74155EC27,Z001023454510.pdf,F-B63712D4809FBC1D3B04,True,0.8372849602415375,0.8173743742007048,0.019910586040832734,0.3652512515985904,0,FAMILIA_POCO_REPRESENTADA,True,0.10521389773884465,0.2433369743435993,OK
0EB8DBCEF6C1E861455CAB45F0D946F37D5FE111851DE63421E53868D0344CED,Z001023422222.pdf,F-F578D06A66C8F2A9EF16,True,0.8226025083076411,0.860380735086575,0.03777822677893383,0.3547949833847177,0,FAMILIA_POCO_REPRESENTADA,True,0.0951275894514408,0.24313555982452875,OK
89ED291443AE0BB7EC1C6646F2AE9BFB22F77D463839310C80F3463F78F3FEB4,Z001023467466.pdf,F-5594A2E056CF25BFDB35,True,0.8210092320977209,0.8279030029261492,0.006893770828428236,0.35798153580455816,0,FAMILIA_POCO_REPRESENTADA,True,0.15465412652385435,0.24248239289108786,OK
A33EA9E8D636C9EC2984B0439A944F4E90BDC95C4DA175B598A46CD411C0D550,Z001023321893.pdf,F-3D04E808064BE4E0876B,True,0.8166454641799283,0.8348548049519453,0.01820934077201697,0.3667090716401433,0,FAMILIA_POCO_REPRESENTADA,True,0.09106113877048987,0.2420066241441034,OK
0D83342C279D8651BF63D1015F3EEAAE55883A8F1CE8C051D923B3B1B1920312,Z001023320985.pdf,F-BD443D8161F24BFCB109,True,0.7212975712018824,0.7755804312755666,0.054282860073684214,0.5574048575962351,3,PRIORIDAD_RELATIVA,True,0.07229086273020713,0.24089150145012403,OK
254FC2460ED4167A5679EAC17131CAD1AF9BCDD5DF57735EB1B77EC144249C0F,Z001023305816.pdf,F-001A9F28543624F8DF21,True,0.8300164637763107,0.849520827373476,0.019504363597165342,0.33996707244737867,0,FAMILIA_POCO_REPRESENTADA,True,0.16366783416233535,0.2402313496721074,OK
656386FE1A238BEC6044ED0DE22EEF339619F7FB71C6B39E0C0AAAF4854803CF,Z001023454511.pdf,F-B63712D4809FBC1D3B04,True,0.8369222801566735,0.8214631176497385,0.01545916250693502,0.3570737647005231,0,FAMILIA_POCO_REPRESENTADA,True,0.11303274557597051,0.2401438828295139,OK
5176E5C03A0FE88311E155B40D3A64F18D832AD1C34B7BFA168B0BA443EAA0EF,Z001023397809.pdf,F-463F5D66BCFC1B95B4F2,True,0.7076301556348955,0.7851894649140652,0.07755930927916965,0.584739688730209,104,PRIORIDAD_RELATIVA,True,0.1511319315157705,0.24011429247932356,OK
922029A70D288AB1837BE93B8FBE4EE53EDEC6A4F68E7135A308E99B69D04321,Z001023385012.pdf,F-B63712D4809FBC1D3B04,True,0.8387266682322241,0.8240862780576638,0.014640390174560314,0.35182744388467246,0,FAMILIA_POCO_REPRESENTADA,True,0.1211903910655737,0.23891874200983282,OK
AC210970B60755DAE67F8AD826EC33C8D206E8CD176E4360ACF31D68C83F8793,Z001023385013.pdf,F-B63712D4809FBC1D3B04,True,0.8387266682322241,0.8240862780576638,0.014640390174560314,0.35182744388467246,0,FAMILIA_POCO_REPRESENTADA,True,0.1211903910655737,0.23891874200983282,OK
BE2BFF0EE6E231A3B2BCB5CE3FBD8D378E1FC44FBAC6FEC76FE5BE3188604ECB,Z001023266225.pdf,F-411535F8AA957641BB7D,True,0.8245758748562744,0.8569885559169846,0.03241268106071027,0.35084825028745126,0,FAMILIA_POCO_REPRESENTADA,True,0.07852060673799303,0.23875211853958483,OK
3FD55DD2C1024C71DDF80F06B48AF4EB5A2F8FE059469E32B9EEC13C2C96E7B1,Z001023454775.pdf,F-B63712D4809FBC1D3B04,True,0.8180087441236416,0.8180162657972878,7.5216736462602185e-06,0.3639825117527169,0,FAMILIA_POCO_REPRESENTADA,True,0.10615673021808632,0.23801143255367113,OK
DF65D41D1DA0378B8194406289D037E200D86D5DA731F6D9267CD8BADCAA075C,Z001023266868.pdf,F-DB7766FFE78E622516F9,True,0.7597396372043633,0.7603955491470831,0.0006559119427197446,0.48052072559127335,1,FAMILIA_POCO_REPRESENTADA,True,0.19663952116367836,0.23801018405899343,OK
4E9F15B4C33721C89298B000715112F6B568AC53394F7D5855B7B34947214EBF,Z001023455694.pdf,F-CBF2716C5E66A6F66B57,True,0.8315601392355354,0.8537608845908392,0.022200745355303808,0.3368797215289292,0,FAMILIA_POCO_REPRESENTADA,True,0.13806838831209062,0.23726492770516025,OK
4FBD39D3860CECB7F02C6437F7C8FDD7A4994CAE4B3821F210D7F5D5635F07C0,Z001023397776.pdf,F-594E91F1317A61CF5E64,True,0.8367597814488512,0.841392064221003,0.0046322827721517745,0.32648043710229757,0,FAMILIA_POCO_REPRESENTADA,True,0.21635566433963627,0.23706179011280573,OK
DFB11D29B02F14E2A08BF414C7BBA0F6D18802FB24F737D8B9EAF6C520ACD6A6,Z001023385204.pdf,F-4CC650C99D9CC27EBB13,True,0.8362430641404183,0.8569596351042893,0.020716570963871028,0.32751387171916346,0,FAMILIA_POCO_REPRESENTADA,True,0.16146967913647003,0.235955965756322,OK
1E4FC830876DF4A2D7E323D059FC3B5F03968B0A7BF7E8067947BF00B1508969,Z001023284041.pdf,F-22C1B323FC1A23E68B4C,True,0.8234957707856468,0.8414530234701585,0.01795725268451165,0.3530084584287063,0,FAMILIA_POCO_REPRESENTADA,True,0.07558901235017074,0.2356011748561922,OK
D231E007B8428912369BD0B27FE0DD1D3AD06BC65B70264D9311BF50134119CC,Z001023422486.pdf,F-BACF2530F52B78051604,True,0.8297392197995943,0.8372169960491285,0.007477776249534163,0.3405215604008114,0,FAMILIA_POCO_REPRESENTADA,True,0.1165136729227481,0.23270335749494234,OK
45F5B247A5364DD64478D657C6C312B930AFC35DA0F4A3692FCA89ABFF12D923,Z001023397811.pdf,F-463F5D66BCFC1B95B4F2,True,0.7106201764379177,0.7639415053002913,0.05332132886237351,0.5787596471241645,104,PRIORIDAD_RELATIVA,True,0.15429235003210953,0.23227782466464286,OK
1630D16F8FDB2A7721ACEF572A7F8E2CB269845113E8B30AB282FF65B3372AA2,Z001023397747.pdf,F-83DF17DED510205452E1,True,0.8330691594193973,0.8498317516282108,0.016762592208813487,0.3338616811612054,0,FAMILIA_POCO_REPRESENTADA,True,0.09394829000180674,0.23043706545880596,OK
0E8C43EDC779E240D9B279E14F8F669276AFEF533DABEAD608BEA474683E480B,Z001023267254.pdf,F-AE5398ADD3D909100245,True,0.834754959837504,0.8502176758503098,0.0154627160128058,0.33049008032499194,0,FAMILIA_POCO_REPRESENTADA,True,0.10652581596083595,0.23018978871303222,OK
64E82D80FCAA2EF6D3AEF7EE8141DE7DC33FCD4AD2A80B3297E4E003C123047C,Z001023454587.pdf,F-5594A2E056CF25BFDB35,True,0.8337251133547345,0.8363939136508588,0.002668800296124263,0.3325497732905309,0,FAMILIA_POCO_REPRESENTADA,True,0.12384933613641343,0.22944455433935823,OK
0393CB3ABBE474C6B489BC46868FD98792B23A13B723C0F5196587EC98CCF160,Z001023384995.pdf,F-B63712D4809FBC1D3B04,True,0.8415894322038003,0.8330789063137816,0.008510525890018772,0.33384218737243687,0,FAMILIA_POCO_REPRESENTADA,True,0.0994655650383086,0.22891895355668845,OK
A2EA23940C35D7E63B9C3509DA8730B68CB48C9F9F69CDD174FD74CD27DE82FD,Z001023384993.pdf,F-B63712D4809FBC1D3B04,True,0.8415894322038003,0.8330789063137816,0.008510525890018772,0.33384218737243687,0,FAMILIA_POCO_REPRESENTADA,True,0.0994655650383086,0.22891895355668845,OK
DC52062FD591409536C3831D6F40713D3B0F5CAA3D6353D72B7E56870825AA29,Z001023384994.pdf,F-B63712D4809FBC1D3B04,True,0.8415894322038003,0.8330789063137816,0.008510525890018772,0.33384218737243687,0,FAMILIA_POCO_REPRESENTADA,True,0.0994655650383086,0.22891895355668845,OK
D05146FB2060EBDBA287EE9E6BF7E067D3365A74C7D3CBD8AEAE9E14BF6561D2,Z001023398893.pdf,F-B48A5E97973412D090E1,True,0.7741680648757622,0.804377556429903,0.030209491554140877,0.45166387024847565,1,FAMILIA_POCO_REPRESENTADA,True,0.09687822813683737,0.22532255028918546,OK
35FDB3CDA152A689D8A6EA7A3403B64E7433117F44A067238964E7099ADCF734,Z001023435412.pdf,F-962F64B063DDD845A14F,True,0.8635638939029756,0.8519488904276323,0.011615003475343277,0.29610221914473533,0,FAMILIA_POCO_REPRESENTADA,True,0.17652102068249445,0.2241916296377426,OK
4CFD7B823A43598446A87CE6919967010EA3D50D1E3E2E5C3BDE7A49D963BC79,Z001023397738.pdf,F-A3A66C8EC2408D2A87C8,True,0.851670608415495,0.8764555203798069,0.024784911964311873,0.29665878316900995,0,FAMILIA_POCO_REPRESENTADA,True,0.11270184499662819,0.22129698659989427,OK
FD0CD5369ED4CCF6E42FF5A5598D8C6360F1DF9709EF553102D36383796BE1EB,Z001023321587.pdf,F-D1AA921A4172DBDD99ED,True,0.8776832076906076,0.8672662229328224,0.010416984757785186,0.2654675541343552,0,FAMILIA_POCO_REPRESENTADA,True,0.24039135215511986,0.2195570253519826,OK
15A026D2938AFB432CF119015772179FEC95B6CFBE1173DF47FCCC7DAD8EC61C,Z001023338089.pdf,F-A3A66C8EC2408D2A87C8,True,0.8564024374552357,0.8732735085662389,0.016871071111003166,0.2871951250895286,0,FAMILIA_POCO_REPRESENTADA,True,0.14730817478383973,0.21946687903746978,OK
AC18CF0B3F1C34C963FD893C238D89DDBDE2A25531222DEA86D20B256EC029B2,Z001023385328.pdf,F-1FD5108258B99F3A1E19,True,0.8640588074674028,0.883908088126472,0.019849280659069213,0.27188238506519435,0,FAMILIA_POCO_REPRESENTADA,True,0.17396687366109398,0.21751784230369473,OK
7D8EC296513F445D9002B9807DAB61EC038108C45A4681A2CF802E5783C76CB2,Z001023385031.pdf,F-C16B6E2862AF84FF9E37,True,0.8564083088971366,0.88111288312052,0.024704574223383458,0.2871833822057268,0,FAMILIA_POCO_REPRESENTADA,True,0.08274023166225847,0.2149643504940761,OK
2177FA907AE027A8214549A497D8B20FAC11F03378434E82243735B41CDCCF90,Z001023242413.pdf,F-832328D5B6CC43C2F3DC,True,0.776213996861906,0.7506178742295406,0.025596122632365326,0.49876425154091875,3,PRIORIDAD_RELATIVA,True,0.0775975349636983,0.21372627219378273,OK
4CC06F93E1B11422A960D8194230A57A953A907CB783557A88C25866C698A51E,Z001023266860.pdf,F-575FC3135B21DAA46D15,True,0.8552474451672464,0.8653558401946644,0.010108395027418005,0.28950510966550724,0,FAMILIA_POCO_REPRESENTADA,True,0.08205154464683369,0.2120590416044654,OK
F525BDB8259383F6F6A861EE1E29AFC6639E2609A756C8A3D4A38A205DF90867,Z001023336320.pdf,F-463F5D66BCFC1B95B4F2,True,0.7147110660354566,0.7111632659553997,0.003547800080056951,0.5776734680892006,104,PRIORIDAD_RELATIVA,True,0.0776006799986296,0.21178511280347836,OK
FC4C02B0A8101C0C0E56F4C2C960C8CB343CA8840AEBF54315EF8E546816823A,Z001023267287.pdf,F-832328D5B6CC43C2F3DC,True,0.7527719199182761,0.7708451862452244,0.01807326632694828,0.49445616016344784,3,PRIORIDAD_RELATIVA,True,0.08488159163344623,0.21106613180228842,OK
C76AFC20227BFFA4DE3F148E4AA91F66A3F069C3DDA082037A4751F7236B6387,Z001023268124.pdf,F-BACF2530F52B78051604,True,0.8634508066211168,0.8713327259840163,0.007881919362899503,0.2730983867577663,0,FAMILIA_POCO_REPRESENTADA,True,0.09849298723918946,0.20740421392986205,OK
6C0C0168466808E4AC06DB82A0B76C9CD174B885CA55AE69BC62B8E933F7EC08,Z001023478559.pdf,F-463F5D66BCFC1B95B4F2,True,0.7717123121572965,0.7372649289218988,0.034447383235397755,0.5254701421562025,104,PRIORIDAD_RELATIVA,True,0.11496614861038149,0.2049753913769394,OK
458790FF2AD5DB4FEB83228733FDC09CF5F18C6E641625E9563E807DAA6F1DF0,Z001023267288.pdf,F-832328D5B6CC43C2F3DC,True,0.7599174139233845,0.7708451862452244,0.010927772321839835,0.48016517215323096,3,PRIORIDAD_RELATIVA,True,0.08515162304155002,0.2043049156382458,OK
11F3EAC90134B12551950394AA754634A73F52156C58047F001C53FC2A8E2B6A,Z001023349971.pdf,F-463F5D66BCFC1B95B4F2,True,0.7466982896618501,0.7866962151068981,0.03999792544504799,0.5066034206762997,104,PRIORIDAD_RELATIVA,True,0.13481337783881592,0.20174439733422944,OK
8C2046C4378D46D95FED8002878E4BD3B02155EC99FB9A2675BE2CAE794ACF94,Z001023321301.pdf,F-463F5D66BCFC1B95B4F2,True,0.7898378138767052,0.7648855603117618,0.02495225356494335,0.4702288793764764,104,PRIORIDAD_RELATIVA,True,0.27867807227172614,0.19963835935255614,OK
80F8293DA32D79D925FA851C066FB4DF6378233EA2B89DDF5B3E47510D5C7F70,Z001023284323.pdf,F-832328D5B6CC43C2F3DC,True,0.7833501984621662,0.7672473138091198,0.016102884653046434,0.4655053723817604,3,PRIORIDAD_RELATIVA,True,0.07356483954705535,0.19930908545158327,OK
69A41A9336BD087CD1DE05A3481CFD378C3896D06C317E3C65E8BFA17FF9C38B,Z001023336934.pdf,F-832328D5B6CC43C2F3DC,True,0.7837604101600183,0.7674588657534319,0.016301544406586377,0.46508226849313616,3,PRIORIDAD_RELATIVA,True,0.06469714722533151,0.1983238947967774,OK
8B5CA18A91177CF5FEE4C93A727A39D67FC6CC06FECC508B41ECCD19AEB5EA5F,Z001023306038.pdf,F-832328D5B6CC43C2F3DC,True,0.7814096562315759,0.7681412510310061,0.013268405200569822,0.4637174979379879,3,PRIORIDAD_RELATIVA,True,0.07231632771414943,0.19784985834985316,OK
82F699C0366E2AB9ABE9671D5905CD7178E2B1233EE193DAB4FE55EE4C5CCA86,Z001023336322.pdf,F-832328D5B6CC43C2F3DC,True,0.7824370427557634,0.7693409271758577,0.013096115579905754,0.46131814564828466,3,PRIORIDAD_RELATIVA,True,0.06440084393817866,0.19617546426569393,OK
5BA5E74FDC3E744FE001D25F2A83DBD4D510A328CD464D0F651515449B5F179C,Z001023284319.pdf,F-832328D5B6CC43C2F3DC,True,0.775608693997474,0.769215041619014,0.006393652378460013,0.461569916761972,3,PRIORIDAD_RELATIVA,True,0.07435638200462293,0.19558352216176747,OK
4F39462F761C9986054107B13330318BA14C99276BBFE1C27A5CC4443B4992C8,Z001023267267.pdf,F-832328D5B6CC43C2F3DC,True,0.7778776418377349,0.8005197405179476,0.02264209868021272,0.4442447163245302,3,PRIORIDAD_RELATIVA,True,0.0746412841934143,0.1936103038029802,OK
238450449FF81A482559F1E03EE384FAD00D8AF468625EFC43ED56456068CAD0,Z001023336748.pdf,F-832328D5B6CC43C2F3DC,True,0.7882276786031338,0.7740352400004276,0.014192438602706248,0.4519295199991449,3,PRIORIDAD_RELATIVA,True,0.059277875581979216,0.1926512292085752,OK
0CA3EE8277873990549A7D686F9CA4F4752B23AD75867D299B8CC9F9ECE7AD9B,Z001023321299.pdf,F-463F5D66BCFC1B95B4F2,True,0.7932146310885131,0.7743383920567056,0.018876239031807462,0.45132321588658875,104,PRIORIDAD_RELATIVA,True,0.2776403169450256,0.19139859796514144,OK
6027795BAF41946DBA91302987071F720437F3DBCD24AFC81386AF1BF488F28B,Z001023283728.pdf,F-463F5D66BCFC1B95B4F2,True,0.7482302395461906,0.7666101893223933,0.01837994977620272,0.5035395209076188,104,PRIORIDAD_RELATIVA,True,0.07892235793951066,0.18967843650804928,OK
5DC072AF4EDB6D207C475E7566C3FEC38142A3E338A651C14B89891BCDA79222,Z001023266219.pdf,F-73AB37D8D5F65AA437FE,True,0.7866560788428321,0.7777623761701871,0.008893702672644999,0.44447524765962587,5,PRIORIDAD_RELATIVA,True,0.13039427389516722,0.18749585640521368,OK
9F53B7B116A3A51215A962D081E818A335EE37123DC694D717E93A4986D8F2BD,Z001023266220.pdf,F-73AB37D8D5F65AA437FE,True,0.7866560788428321,0.7777623761701871,0.008893702672644999,0.44447524765962587,5,PRIORIDAD_RELATIVA,True,0.13039427389516722,0.18749585640521368,OK
669DD6476BE5C0CDB4380E38C32AC0191B79E55B8091C27E06765012EB20DDF2,Z001023267266.pdf,F-832328D5B6CC43C2F3DC,True,0.784911118657576,0.8046015785082861,0.01969045985071005,0.430177762684848,3,PRIORIDAD_RELATIVA,True,0.06986391013852979,0.18747122291622728,OK
7AC1C9AC52EB6F71A1818DD3EFD8652BD707373F5044E68001CB9D34E4DBCD61,Z001023284317.pdf,F-832328D5B6CC43C2F3DC,True,0.7856949951478719,0.780525466494206,0.0051695286536659335,0.4389490670115881,3,PRIORIDAD_RELATIVA,True,0.07513331858436513,0.1874378874759088,OK
D2C0B9DE3C41E1BFDB53F7DC61A911807A5C9B1B8F9BB3D7E8168813CD6BC613,Z001023423362.pdf,F-463F5D66BCFC1B95B4F2,True,0.7583081935574172,0.779768448841487,0.021460255284069807,0.4833836128851656,104,PRIORIDAD_RELATIVA,True,0.11493742717972426,0.1869954520011788,OK
2754D3559341F815081980BDD192EED779630BB6B233314D17B4863113891EF0,Z001023454935.pdf,F-463F5D66BCFC1B95B4F2,True,0.8062933280893512,0.7832074037997495,0.023085924289601656,0.433585192400501,104,PRIORIDAD_RELATIVA,True,0.2817638723694347,0.18665506660190018,OK
99A2CF7BF327A43FB919148AA5372122ADF57642939511E90CD42EBD43513074,Z001023306847.pdf,F-463F5D66BCFC1B95B4F2,True,0.7571318032841851,0.7793409148683158,0.022209111584130747,0.4857363934316299,104,PRIORIDAD_RELATIVA,True,0.08776242155598576,0.1852886387050827,OK
E6CFCBD9F91F312A677B23ABD128DFF8031080E4AD83E659A5A39990A2BD554A,Z001023306815.pdf,F-463F5D66BCFC1B95B4F2,True,0.75798126925058,0.7842197353457584,0.026238466095178437,0.4840374614988401,104,PRIORIDAD_RELATIVA,True,0.07536095551833988,0.1844612045526036,OK
41243EBAAC992E0FFDE0B76B2E7CEBF9A2E1C96BFC84AEF0F888498524C237D8,Z001023466476.pdf,F-52A8D3E535639BC9066E,True,0.7965537624578342,0.8242570468298581,0.027703284372023962,0.4068924750843317,7,PRIORIDAD_RELATIVA,True,0.21710512369613214,0.1835486997421353,OK
D824E365F415F5D652EE44C5D33E0033736730ABB817D16C48BC965DCF91B3EE,Z001023321300.pdf,F-463F5D66BCFC1B95B4F2,True,0.798941041146247,0.784872199552432,0.01406884159381494,0.4302556008951359,104,PRIORIDAD_RELATIVA,True,0.27958552995775343,0.18301760465990763,OK
16C599BB507BA2B2F3C2269E6A2C5D1AECB01E18F4CC72BEBE25B5003074BB39,Z001023306844.pdf,F-463F5D66BCFC1B95B4F2,True,0.7581791607906792,0.7779068429645104,0.01972768217383125,0.4836416784186417,104,PRIORIDAD_RELATIVA,True,0.07820075522494895,0.18297896446485826,OK
0C88429B88056936267C06652EED9EF20AE1A701A550F3E3992DD9DDEC6C7B5D,Z001023306819.pdf,F-463F5D66BCFC1B95B4F2,True,0.7600169079108973,0.7785785686571185,0.01856166074622123,0.47996618417820547,104,PRIORIDAD_RELATIVA,True,0.08700786135387757,0.18228174673669592,OK
CA3E02045B80670FD0DC23716AAB6FD21E1739242806AA1CDB9C6F8659A1DC1C,Z001023351310.pdf,F-FACD83D8B4281A05571A,True,0.8084128350367921,0.8741276168538292,0.06571478181703716,0.38317432992641587,208,PRIORIDAD_RELATIVA,True,0.2624976236397934,0.1772679421920057,OK
6BFDFBC8F84DCCC678A6F5118976176B5B84582CBABD37F00BD6C91D76A40808,Z001023336437.pdf,F-463F5D66BCFC1B95B4F2,True,0.7722918044941145,0.7662056801965749,0.00608612429753963,0.46758863960685026,104,PRIORIDAD_RELATIVA,True,0.10895466299307052,0.1770254021884705,OK
02304E5FCF9E9935C4B1CCBC0F4D759FDB9A45B27246309A1B9E5FB698A31BCA,Z001023467306.pdf,F-463F5D66BCFC1B95B4F2,True,0.8119055331896624,0.7918837535114116,0.020021779678250806,0.4162324929771768,104,PRIORIDAD_RELATIVA,True,0.250306855022694,0.17666988391622496,OK
75311A6D3AB7F6E86672C3EC7334673FFC77C9D949ECE67E55E38DFE7685242D,Z001023283691.pdf,F-463F5D66BCFC1B95B4F2,True,0.7781454270717667,0.7926707311116171,0.014525304039850417,0.4437091458564666,104,PRIORIDAD_RELATIVA,True,0.1126993124713923,0.1711518392592461,OK
0AF4ABC9633AC9A8D2E9993F79A926DB3E8D1D479CD3E3091B3F0AF3D2C2E7E6,Z001023466473.pdf,F-52A8D3E535639BC9066E,True,0.8071359488020788,0.8155327497695576,0.008396800967478746,0.3857281023958423,7,PRIORIDAD_RELATIVA,True,0.21267117078629783,0.17087115315904428,OK
C7698BD8176A1BD0CBA29A9546F838EABE35A2A06DEE0C6D36F563505078AA56,Z001023283895.pdf,F-239031FB24D11A1289E7,True,0.7950775885568688,0.8407904978950047,0.045712909338135876,0.40984482288626234,10,PRIORIDAD_RELATIVA,True,0.06230111840367934,0.1701949362760028,OK
8A98B36B86D14525DBB239EC247A4C69EC070884F059CEACB00B551F187AEDA1,Z001023466475.pdf,F-52A8D3E535639BC9066E,True,0.8157028492401279,0.8083393203949655,0.007363528845162448,0.38332135921006905,7,PRIORIDAD_RELATIVA,True,0.20306390227446477,0.16880974816226127,OK
5B68A036EC845CF5071E8E39F0357DFA190C5FF99787F831360E05E467B2D36B,Z001023284119.pdf,F-239031FB24D11A1289E7,True,0.8013372144056311,0.8411418966450823,0.03980468223945122,0.3973255711887378,10,PRIORIDAD_RELATIVA,True,0.0646293948489325,0.16456896905172336,OK
6EEA7E897C4E25A920F0C41390989C0343BF831207E63B4FDB49DC94EE11687A,Z001023436320.pdf,F-463F5D66BCFC1B95B4F2,True,0.7887372000856809,0.8135364473996927,0.02479924731401173,0.42252559982863813,104,PRIORIDAD_RELATIVA,True,0.07885841321702819,0.16292199404261004,OK
CABA4F39709ABF33B35E8EA9E62BA643F45F79B5748305017D7B55C18736C042,Z001023284022.pdf,F-239031FB24D11A1289E7,True,0.8052654727366534,0.8435335316075402,0.0382680588708868,0.3894690545266932,10,PRIORIDAD_RELATIVA,True,0.07525684964157509,0.16249777785713093,OK
9902D6F74091F460C46CDB14FB50554C46DA9B7F4D9679F73CA51FA1C5766EFF,Z001023284133.pdf,F-239031FB24D11A1289E7,True,0.8037244497619372,0.8422248139770663,0.038500364215129035,0.3925511004761255,10,PRIORIDAD_RELATIVA,True,0.06356721010574458,0.16246560632190976,OK
F8D4766E8FF381CB54A80D272A79A2EA85C429A48739B1176669898459154BB6,Z001023284188.pdf,F-239031FB24D11A1289E7,True,0.8050552719433984,0.8391182204247739,0.03406294848137548,0.38988945611320314,10,PRIORIDAD_RELATIVA,True,0.07794337626144116,0.1618622934770182,OK
DD92B26B14B428EC9EEF7991C589E6BC5B34177EE48234490439272A187C4227,Z001023306814.pdf,F-463F5D66BCFC1B95B4F2,True,0.7836923101354486,0.7902779922667669,0.006585682131318271,0.4326153797291028,104,PRIORIDAD_RELATIVA,True,0.07694822957289907,0.16170900734768642,OK
3F01BDD57CB2A4718AD7BFAFF3341CC63E7F054E2CCBE470B7B43AC6F3FE1A12,Z001023436237.pdf,F-FACD83D8B4281A05571A,True,0.828873437703116,0.9063282645705959,0.07745482686747995,0.3422531245937681,208,PRIORIDAD_RELATIVA,True,0.21840730883228238,0.1614715001074386,OK
E7758EB36BDDFC3AAD9884FBFC6825783F985A68F054DCD4FCABBE277CE10A2F,Z001023284177.pdf,F-239031FB24D11A1289E7,True,0.8050194753107714,0.8376773872283599,0.03265791191758849,0.3899610493784571,10,PRIORIDAD_RELATIVA,True,0.07488621519304413,0.16123037587207062,OK
1303FFF3152A9BCA27886296FE5721AD7F803BA0CFC37D6296DE2FC83912AC0F,Z001023455108.pdf,F-463F5D66BCFC1B95B4F2,True,0.8144385088043973,0.8466457161330331,0.0322072073286358,0.37112298239120545,104,PRIORIDAD_RELATIVA,True,0.21012413318370865,0.15990963993983268,OK
692C0777313BAABD423DE1E30355C51C4FD8A27764C160F0B8DDE61F8F138CF5,Z001023338063.pdf,F-C04B37B1724168DE2084,True,0.8135577595421704,0.8088641820555902,0.004693577486580169,0.3822716358888196,5,PRIORIDAD_RELATIVA,True,0.07798051734185756,0.15943318533358433,OK
70D93374DC5BE743CA638BB0B09EB9765F8BAF882B539E0C8B1882F69EA2D180,Z001023338064.pdf,F-C04B37B1724168DE2084,True,0.8135577595421704,0.8088641820555902,0.004693577486580169,0.3822716358888196,5,PRIORIDAD_RELATIVA,True,0.07798051734185756,0.15943318533358433,OK
B6AA48A5CE30F4F6A36F5A79F52B827827D311ACEFD072DA7ADA5E7DF534E53F,Z001023306843.pdf,F-463F5D66BCFC1B95B4F2,True,0.7959661811986045,0.7881491897725691,0.007816991426035425,0.4237016204548618,104,PRIORIDAD_RELATIVA,True,0.07920623383134012,0.15912281935122546,OK
D2A8D9364B112EECED6C20725E47D2602AD99DC6C1B68BA512896E809F5BA34C,Z001023306788.pdf,F-463F5D66BCFC1B95B4F2,True,0.7998280987107269,0.8273138989139218,0.02748580020319491,0.4003438025785462,104,PRIORIDAD_RELATIVA,True,0.06801674224536476,0.15474583613020734,OK
36429CA5B94D3DBDBD0C7003516E55976683623709FAB71AD14FDC8C09F0D0F4,Z001023336303.pdf,F-463F5D66BCFC1B95B4F2,True,0.8014828446709921,0.8046660509190172,0.00318320624802515,0.39703431065801587,104,PRIORIDAD_RELATIVA,True,0.10760528107202608,0.1514707193518954,OK
EE6BD53E28831728DFCEDE1210988F85D796963A6646594D058AEFE52F468C5F,Z001023266958.pdf,F-463F5D66BCFC1B95B4F2,True,0.8174790770765477,0.8668542549812677,0.04937517790472001,0.3650418458469047,104,PRIORIDAD_RELATIVA,True,0.0947586648899448,0.15053668796397207,OK
E500D92B10AE0FB96FD2FED52CEE26EC016D8EAF457AFF3FBDC4895F85FC3674,Z001023306790.pdf,F-FACD83D8B4281A05571A,True,0.8177003814847016,0.8185594339269587,0.0008590524422571466,0.3645992370305968,208,PRIORIDAD_RELATIVA,True,0.2212592525755663,0.15042889022835132,OK
729A1203860525891D21A701B07FC575EBA4638867490110DF195EBDD3E24834,Z001023266961.pdf,F-463F5D66BCFC1B95B4F2,True,0.8269898876356101,0.8576471680749996,0.030657280439389534,0.3460202247287798,104,PRIORIDAD_RELATIVA,True,0.10391585386012896,0.14011536510331418,OK
A414CF8CC30DADDD6094E677E51CB37E21915CFFEA74A688F3BC5D2AC05373EF,Z001023365826.pdf,F-FACD83D8B4281A05571A,True,0.8552189783151284,0.8969652407533037,0.04174626243817536,0.2895620433697432,208,PRIORIDAD_RELATIVA,True,0.24557175244374518,0.13681892493285003,OK
250783E7B15BD80101AE6C9F5F499FCEB36B13995BB35C483708DC3695A38473,Z001023365832.pdf,F-FACD83D8B4281A05571A,True,0.8573849367090493,0.8939815090204011,0.03659657231135183,0.2852301265819015,208,PRIORIDAD_RELATIVA,True,0.25652921901008524,0.13511107818203355,OK
D416AF03D7B5D60FE2A59056080795B421B1D9D54E928A1B22289FCC8A0284B9,Z001023365827.pdf,F-FACD83D8B4281A05571A,True,0.8593568883903755,0.8948217288575642,0.035464840467188674,0.281286223219249,208,PRIORIDAD_RELATIVA,True,0.23616040081334758,0.13141089722439062,OK
B6FC91612D0D67AA4FFBCBAD979A4999CDDD79A3AEEDEEC07B92FD925467783E,Z001023365828.pdf,F-FACD83D8B4281A05571A,True,0.8635973422414396,0.8939815090204011,0.030384166778961497,0.27280531551712084,208,PRIORIDAD_RELATIVA,True,0.25566636449569813,0.12912300747482403,OK
41EE1283CB1D4D029BC3E99EB43EF53E2CB045CF0457F2AEEBE981C7662BC3DB,Z001023266241.pdf,F-463F5D66BCFC1B95B4F2,True,0.8400892802245595,0.8700880315723228,0.02999875134776331,0.31982143955088094,104,PRIORIDAD_RELATIVA,True,0.0850831850198982,0.12889789113411992,OK
BE9A6EC48E0EAF5EB2B9495596B955648F51A7207FCF2BF3757220A49354F8CB,Z001023365829.pdf,F-FACD83D8B4281A05571A,True,0.8689470427995807,0.8936010346881588,0.024653991888578086,0.26210591440083864,208,PRIORIDAD_RELATIVA,True,0.26153167366444535,0.12453220427840411,OK
1C0D51D6F3C6284AC33F646437A23D1C8C0413DD8507BC1EF61CE9709A6202CB,Z001023365830.pdf,F-FACD83D8B4281A05571A,True,0.8745701081525293,0.8957302545390511,0.02116014638652175,0.25085978369494133,208,PRIORIDAD_RELATIVA,True,0.25183796298643907,0.11875322608802535,OK
80EA8AC4D75DCB8E1A8079A5C2BA9A0C929CA2C2D93DEDAF3D9A9EAE85A47D52,Z001023267138.pdf,F-C4EFEA98CD9D9490E678,True,0.8603306217487123,0.851407535566292,0.008923086182420326,0.297184928867416,16,PRIORIDAD_RELATIVA,True,0.05975124441488459,0.11810297403186559,OK
613875DAA826084D061538932AF2549945A6B52B6AC8EC68DAB8403564056489,Z001023305855.pdf,F-6F5CAF1E1AEEB43C5486,True,0.8788748218225713,0.8982034061260856,0.019328584303514362,0.24225035635485748,82,PRIORIDAD_RELATIVA,True,0.27251968095921175,0.11807655817310832,OK
4E2C816FFF574B805516CE36CB360CBF81812915C3BC2B598B3032866342A4D0,Z001023267219.pdf,F-C4EFEA98CD9D9490E678,True,0.8602503192161552,0.851473611201906,0.008776708014249235,0.297052777596188,16,PRIORIDAD_RELATIVA,True,0.05922640905760365,0.11796764300916493,OK
A72DB0F4550183329E062A5BBE470D8FFA6C455B462AABD94B50E55F8D1F1629,Z001023267216.pdf,F-C4EFEA98CD9D9490E678,True,0.8602503192161552,0.851473611201906,0.008776708014249235,0.297052777596188,16,PRIORIDAD_RELATIVA,True,0.05922640905760365,0.11796764300916493,OK
A8F0331BAF8D9E7B9ED28CD8B900BF486AEFFB7A38F1DF2EE711D3D8E15BD33C,Z001023267217.pdf,F-C4EFEA98CD9D9490E678,True,0.8602503192161552,0.851473611201906,0.008776708014249235,0.297052777596188,16,PRIORIDAD_RELATIVA,True,0.05922640905760365,0.11796764300916493,OK
B1B444D5C28E363D53F6B12D8C4C7DF8467BAB97FE461D554C77EFB1CDBB7F49,Z001023267218.pdf,F-C4EFEA98CD9D9490E678,True,0.8602503192161552,0.851473611201906,0.008776708014249235,0.297052777596188,16,PRIORIDAD_RELATIVA,True,0.05922640905760365,0.11796764300916493,OK
CA5815573EDC66C63A4E1C370F56EBCF13F7E9BC9D43C5822B4203E6DE295773,Z001023305804.pdf,F-C4EFEA98CD9D9490E678,True,0.8602503192161552,0.851473611201906,0.008776708014249235,0.297052777596188,16,PRIORIDAD_RELATIVA,True,0.05922640905760365,0.11796764300916493,OK
9A63DF60A2B989883B62B7EEFF890A651A0823FF651B548C7110C9841D9FEAE6,Z001023305814.pdf,F-C4EFEA98CD9D9490E678,True,0.8590859390156746,0.8514210671468887,0.00766487186878595,0.2971578657062226,16,PRIORIDAD_RELATIVA,True,0.05913348673289798,0.11771717257884068,OK
CB0281CD4F100C1DC38A7D347A6595C8742B49F9FA79F5D16AEF07D66FAB7039,Z001023365831.pdf,F-FACD83D8B4281A05571A,True,0.8746570700099101,0.8957302545390511,0.021073184529140976,0.2506858599801798,208,PRIORIDAD_RELATIVA,True,0.23915031279710042,0.11740184730457975,OK
8948EFE038972CDAA69FBA12222372A32FAB25660E9FE688F303C0843F57B065,Z001023305807.pdf,F-C4EFEA98CD9D9490E678,True,0.8608480304623176,0.8530386197364451,0.00780941072587249,0.29392276052710975,16,PRIORIDAD_RELATIVA,True,0.059942842992835935,0.1167019561064166,OK
A0C0B2292DF6F4D62380D4BC1C7AE4868469167C17D7B00295326D1D8E0B4E7D,Z001023305805.pdf,F-C4EFEA98CD9D9490E678,True,0.8608140744436823,0.8530386197364451,0.007775454707237173,0.29392276052710975,16,PRIORIDAD_RELATIVA,True,0.05978443113780143,0.11667762591625432,OK
239BC30DB9260C6A5A365B595D11D3D601BD2A7FDDBFBBC6942F5C5B8DD2C39D,Z001023305799.pdf,F-C4EFEA98CD9D9490E678,True,0.8625727564796809,0.8562223763531569,0.006350380126524002,0.2875552472936862,16,PRIORIDAD_RELATIVA,True,0.05993868050830656,0.11410815257642831,OK
7BDE4A6234A63437FD49094A42DF1BCF9206DCD39D993587EBF7AB45B0B73F4B,Z001023242314.pdf,F-6F5CAF1E1AEEB43C5486,True,0.8864122126200914,0.9148391954409792,0.028426982820887847,0.2271755747598172,82,PRIORIDAD_RELATIVA,True,0.23024824534614635,0.11084784068288106,OK
8BB2619FAE5554CE04971B56DA87DD320154C038B95EE961DA4A893D8AE8261D,Z001023305831.pdf,F-C4EFEA98CD9D9490E678,True,0.8716441920682058,0.8633238672771725,0.008320324791033284,0.27335226544565505,16,PRIORIDAD_RELATIVA,True,0.055412188486262774,0.10917694589354034,OK
FF0B2320E5ACFA3B9F0C6A7C2977B5193E047693B40FABCA123E8CE535FFF56B,Z001023305839.pdf,F-C4EFEA98CD9D9490E678,True,0.8722363854421119,0.8638858544612192,0.008350530980892668,0.2722282910775615,16,PRIORIDAD_RELATIVA,True,0.055623396083281526,0.10881222717187432,OK
863D96C2CB9C9BBE49C71442191E1490BE86EF8924B31349B08B797D4F23CE2A,Z001023242402.pdf,F-EE08C7103D2458E54189,True,0.956278479395779,0.9554900820199023,0.0007883973758767704,0.08901983596019547,178,PRIORIDAD_RELATIVA,True,0.2627385419792223,0.058186555345836936,OK
