Model,Threshold,TP,TN,FP,FN,Accuracy,PrecisionPositive,RecallPositive,F1Positive,MacroF1,Selected
VISUAL,0.000000,5,0,3,0,0.625000,0.625000,1.000000,0.769231,0.384615,false
VISUAL,0.001000,5,0,3,0,0.625000,0.625000,1.000000,0.769231,0.384615,false
VISUAL,0.002000,5,0,3,0,0.625000,0.625000,1.000000,0.769231,0.384615,false
VISUAL,0.003000,5,0,3,0,0.625000,0.625000,1.000000,0.769231,0.384615,false
VISUAL,0.004000,5,0,3,0,0.625000,0.625000,1.000000,0.769231,0.384615,false
VISUAL,0.005000,5,0,3,0,0.625000,0.625000,1.000000,0.769231,0.384615,false
VISUAL,0.006000,5,0,3,0,0.625000,0.625000,1.000000,0.769231,0.384615,false
VISUAL,0.007000,5,0,3,0,0.625000,0.625000,1.000000,0.769231,0.384615,false
VISUAL,0.008000,5,0,3,0,0.625000,0.625000,1.000000,0.769231,0.384615,false
VISUAL,0.009000,5,0,3,0,0.625000,0.625000,1.000000,0.769231,0.384615,false
VISUAL,0.010000,5,0,3,0,0.625000,0.625000,1.000000,0.769231,0.384615,false
VISUAL,0.011000,5,0,3,0,0.625000,0.625000,1.000000,0.769231,0.384615,false
VISUAL,0.012000,5,0,3,0,0.625000,0.625000,1.000000,0.769231,0.384615,false
VISUAL,0.013000,5,0,3,0,0.625000,0.625000,1.000000,0.769231,0.384615,false
VISUAL,0.014000,5,0,3,0,0.625000,0.625000,1.000000,0.769231,0.384615,false
VISUAL,0.015000,5,0,3,0,0.625000,0.625000,1.000000,0.769231,0.384615,false
VISUAL,0.016000,5,0,3,0,0.625000,0.625000,1.000000,0.769231,0.384615,false
VISUAL,0.017000,5,0,3,0,0.625000,0.625000,1.000000,0.769231,0.384615,false
VISUAL,0.018000,5,0,3,0,0.625000,0.625000,1.000000,0.769231,0.384615,false
VISUAL,0.019000,5,0,3,0,0.625000,0.625000,1.000000,0.769231,0.384615,false
VISUAL,0.020000,5,0,3,0,0.625000,0.625000,1.000000,0.769231,0.384615,false
VISUAL,0.021000,5,0,3,0,0.625000,0.625000,1.000000,0.769231,0.384615,false
VISUAL,0.022000,5,0,3,0,0.625000,0.625000,1.000000,0.769231,0.384615,false
VISUAL,0.023000,5,0,3,0,0.625000,0.625000,1.000000,0.769231,0.384615,false
VISUAL,0.024000,5,0,3,0,0.625000,0.625000,1.000000,0.769231,0.384615,false
VISUAL,0.025000,5,0,3,0,0.625000,0.625000,1.000000,0.769231,0.384615,false
VISUAL,0.026000,5,0,3,0,0.625000,0.625000,1.000000,0.769231,0.384615,false
VISUAL,0.027000,5,0,3,0,0.625000,0.625000,1.000000,0.769231,0.384615,false
VISUAL,0.028000,5,0,3,0,0.625000,0.625000,1.000000,0.769231,0.384615,false
VISUAL,0.029000,5,0,3,0,0.625000,0.625000,1.000000,0.769231,0.384615,false
VISUAL,0.030000,5,0,3,0,0.625000,0.625000,1.000000,0.769231,0.384615,false
VISUAL,0.031000,5,0,3,0,0.625000,0.625000,1.000000,0.769231,0.384615,false
VISUAL,0.032000,5,0,3,0,0.625000,0.625000,1.000000,0.769231,0.384615,false
VISUAL,0.033000,5,0,3,0,0.625000,0.625000,1.000000,0.769231,0.384615,false
VISUAL,0.034000,5,0,3,0,0.625000,0.625000,1.000000,0.769231,0.384615,false
VISUAL,0.035000,5,0,3,0,0.625000,0.625000,1.000000,0.769231,0.384615,false
VISUAL,0.036000,5,0,3,0,0.625000,0.625000,1.000000,0.769231,0.384615,false
VISUAL,0.037000,5,0,3,0,0.625000,0.625000,1.000000,0.769231,0.384615,false
VISUAL,0.038000,5,0,3,0,0.625000,0.625000,1.000000,0.769231,0.384615,false
VISUAL,0.039000,5,0,3,0,0.625000,0.625000,1.000000,0.769231,0.384615,false
VISUAL,0.040000,5,0,3,0,0.625000,0.625000,1.000000,0.769231,0.384615,false
VISUAL,0.041000,5,0,3,0,0.625000,0.625000,1.000000,0.769231,0.384615,false
VISUAL,0.042000,5,0,3,0,0.625000,0.625000,1.000000,0.769231,0.384615,false
VISUAL,0.043000,5,0,3,0,0.625000,0.625000,1.000000,0.769231,0.384615,false
VISUAL,0.044000,5,0,3,0,0.625000,0.625000,1.000000,0.769231,0.384615,false
VISUAL,0.045000,5,0,3,0,0.625000,0.625000,1.000000,0.769231,0.384615,false
VISUAL,0.046000,5,0,3,0,0.625000,0.625000,1.000000,0.769231,0.384615,false
VISUAL,0.047000,5,0,3,0,0.625000,0.625000,1.000000,0.769231,0.384615,false
VISUAL,0.048000,5,0,3,0,0.625000,0.625000,1.000000,0.769231,0.384615,false
VISUAL,0.049000,5,0,3,0,0.625000,0.625000,1.000000,0.769231,0.384615,false
VISUAL,0.050000,5,0,3,0,0.625000,0.625000,1.000000,0.769231,0.384615,false
VISUAL,0.051000,5,0,3,0,0.625000,0.625000,1.000000,0.769231,0.384615,false
VISUAL,0.052000,5,0,3,0,0.625000,0.625000,1.000000,0.769231,0.384615,false
VISUAL,0.053000,5,0,3,0,0.625000,0.625000,1.000000,0.769231,0.384615,false
VISUAL,0.054000,5,0,3,0,0.625000,0.625000,1.000000,0.769231,0.384615,false
VISUAL,0.055000,5,0,3,0,0.625000,0.625000,1.000000,0.769231,0.384615,false
VISUAL,0.056000,5,0,3,0,0.625000,0.625000,1.000000,0.769231,0.384615,false
VISUAL,0.057000,5,0,3,0,0.625000,0.625000,1.000000,0.769231,0.384615,false
VISUAL,0.058000,5,0,3,0,0.625000,0.625000,1.000000,0.769231,0.384615,false
VISUAL,0.059000,5,0,3,0,0.625000,0.625000,1.000000,0.769231,0.384615,false
VISUAL,0.060000,5,0,3,0,0.625000,0.625000,1.000000,0.769231,0.384615,false
VISUAL,0.061000,5,0,3,0,0.625000,0.625000,1.000000,0.769231,0.384615,false
VISUAL,0.062000,5,0,3,0,0.625000,0.625000,1.000000,0.769231,0.384615,false
VISUAL,0.063000,5,0,3,0,0.625000,0.625000,1.000000,0.769231,0.384615,false
VISUAL,0.064000,5,0,3,0,0.625000,0.625000,1.000000,0.769231,0.384615,false
VISUAL,0.065000,5,0,3,0,0.625000,0.625000,1.000000,0.769231,0.384615,false
VISUAL,0.066000,5,0,3,0,0.625000,0.625000,1.000000,0.769231,0.384615,false
VISUAL,0.067000,5,0,3,0,0.625000,0.625000,1.000000,0.769231,0.384615,false
VISUAL,0.068000,5,0,3,0,0.625000,0.625000,1.000000,0.769231,0.384615,false
VISUAL,0.069000,5,0,3,0,0.625000,0.625000,1.000000,0.769231,0.384615,false
VISUAL,0.070000,5,0,3,0,0.625000,0.625000,1.000000,0.769231,0.384615,false
VISUAL,0.071000,5,0,3,0,0.625000,0.625000,1.000000,0.769231,0.384615,false
VISUAL,0.072000,5,0,3,0,0.625000,0.625000,1.000000,0.769231,0.384615,false
VISUAL,0.073000,5,0,3,0,0.625000,0.625000,1.000000,0.769231,0.384615,false
VISUAL,0.074000,5,0,3,0,0.625000,0.625000,1.000000,0.769231,0.384615,false
VISUAL,0.075000,5,0,3,0,0.625000,0.625000,1.000000,0.769231,0.384615,false
VISUAL,0.076000,5,0,3,0,0.625000,0.625000,1.000000,0.769231,0.384615,false
VISUAL,0.077000,5,0,3,0,0.625000,0.625000,1.000000,0.769231,0.384615,false
VISUAL,0.078000,5,0,3,0,0.625000,0.625000,1.000000,0.769231,0.384615,false
VISUAL,0.079000,5,0,3,0,0.625000,0.625000,1.000000,0.769231,0.384615,false
VISUAL,0.080000,5,0,3,0,0.625000,0.625000,1.000000,0.769231,0.384615,false
VISUAL,0.081000,5,0,3,0,0.625000,0.625000,1.000000,0.769231,0.384615,false
VISUAL,0.082000,5,0,3,0,0.625000,0.625000,1.000000,0.769231,0.384615,false
VISUAL,0.083000,5,0,3,0,0.625000,0.625000,1.000000,0.769231,0.384615,false
VISUAL,0.084000,5,0,3,0,0.625000,0.625000,1.000000,0.769231,0.384615,false
VISUAL,0.085000,5,0,3,0,0.625000,0.625000,1.000000,0.769231,0.384615,false
VISUAL,0.086000,5,0,3,0,0.625000,0.625000,1.000000,0.769231,0.384615,false
VISUAL,0.087000,5,0,3,0,0.625000,0.625000,1.000000,0.769231,0.384615,false
VISUAL,0.088000,5,0,3,0,0.625000,0.625000,1.000000,0.769231,0.384615,false
VISUAL,0.089000,5,0,3,0,0.625000,0.625000,1.000000,0.769231,0.384615,false
VISUAL,0.090000,5,0,3,0,0.625000,0.625000,1.000000,0.769231,0.384615,false
VISUAL,0.091000,5,0,3,0,0.625000,0.625000,1.000000,0.769231,0.384615,false
VISUAL,0.092000,5,0,3,0,0.625000,0.625000,1.000000,0.769231,0.384615,false
VISUAL,0.093000,5,0,3,0,0.625000,0.625000,1.000000,0.769231,0.384615,false
VISUAL,0.094000,5,0,3,0,0.625000,0.625000,1.000000,0.769231,0.384615,false
VISUAL,0.095000,5,0,3,0,0.625000,0.625000,1.000000,0.769231,0.384615,false
VISUAL,0.096000,5,0,3,0,0.625000,0.625000,1.000000,0.769231,0.384615,false
VISUAL,0.097000,5,0,3,0,0.625000,0.625000,1.000000,0.769231,0.384615,false
VISUAL,0.098000,5,0,3,0,0.625000,0.625000,1.000000,0.769231,0.384615,false
VISUAL,0.099000,5,0,3,0,0.625000,0.625000,1.000000,0.769231,0.384615,false
VISUAL,0.100000,5,0,3,0,0.625000,0.625000,1.000000,0.769231,0.384615,false
VISUAL,0.101000,5,0,3,0,0.625000,0.625000,1.000000,0.769231,0.384615,false
VISUAL,0.102000,5,0,3,0,0.625000,0.625000,1.000000,0.769231,0.384615,false
VISUAL,0.103000,5,0,3,0,0.625000,0.625000,1.000000,0.769231,0.384615,false
VISUAL,0.104000,5,0,3,0,0.625000,0.625000,1.000000,0.769231,0.384615,false
VISUAL,0.105000,5,0,3,0,0.625000,0.625000,1.000000,0.769231,0.384615,false
VISUAL,0.106000,5,0,3,0,0.625000,0.625000,1.000000,0.769231,0.384615,false
VISUAL,0.107000,5,0,3,0,0.625000,0.625000,1.000000,0.769231,0.384615,false
VISUAL,0.108000,5,0,3,0,0.625000,0.625000,1.000000,0.769231,0.384615,false
VISUAL,0.109000,5,0,3,0,0.625000,0.625000,1.000000,0.769231,0.384615,false
VISUAL,0.110000,5,0,3,0,0.625000,0.625000,1.000000,0.769231,0.384615,false
VISUAL,0.111000,5,0,3,0,0.625000,0.625000,1.000000,0.769231,0.384615,false
VISUAL,0.112000,5,0,3,0,0.625000,0.625000,1.000000,0.769231,0.384615,false
VISUAL,0.113000,5,0,3,0,0.625000,0.625000,1.000000,0.769231,0.384615,false
VISUAL,0.114000,5,0,3,0,0.625000,0.625000,1.000000,0.769231,0.384615,false
VISUAL,0.115000,5,0,3,0,0.625000,0.625000,1.000000,0.769231,0.384615,false
VISUAL,0.116000,5,0,3,0,0.625000,0.625000,1.000000,0.769231,0.384615,false
VISUAL,0.117000,5,0,3,0,0.625000,0.625000,1.000000,0.769231,0.384615,false
VISUAL,0.118000,5,0,3,0,0.625000,0.625000,1.000000,0.769231,0.384615,false
VISUAL,0.119000,5,0,3,0,0.625000,0.625000,1.000000,0.769231,0.384615,false
VISUAL,0.120000,5,0,3,0,0.625000,0.625000,1.000000,0.769231,0.384615,false
VISUAL,0.121000,5,0,3,0,0.625000,0.625000,1.000000,0.769231,0.384615,false
VISUAL,0.122000,5,0,3,0,0.625000,0.625000,1.000000,0.769231,0.384615,false
VISUAL,0.123000,5,0,3,0,0.625000,0.625000,1.000000,0.769231,0.384615,false
VISUAL,0.124000,5,0,3,0,0.625000,0.625000,1.000000,0.769231,0.384615,false
VISUAL,0.125000,5,0,3,0,0.625000,0.625000,1.000000,0.769231,0.384615,false
VISUAL,0.126000,5,0,3,0,0.625000,0.625000,1.000000,0.769231,0.384615,false
VISUAL,0.127000,5,0,3,0,0.625000,0.625000,1.000000,0.769231,0.384615,false
VISUAL,0.128000,5,0,3,0,0.625000,0.625000,1.000000,0.769231,0.384615,false
VISUAL,0.129000,5,0,3,0,0.625000,0.625000,1.000000,0.769231,0.384615,false
VISUAL,0.130000,5,0,3,0,0.625000,0.625000,1.000000,0.769231,0.384615,false
VISUAL,0.131000,5,0,3,0,0.625000,0.625000,1.000000,0.769231,0.384615,false
VISUAL,0.132000,5,0,3,0,0.625000,0.625000,1.000000,0.769231,0.384615,false
VISUAL,0.133000,5,0,3,0,0.625000,0.625000,1.000000,0.769231,0.384615,false
VISUAL,0.134000,5,0,3,0,0.625000,0.625000,1.000000,0.769231,0.384615,false
VISUAL,0.135000,5,0,3,0,0.625000,0.625000,1.000000,0.769231,0.384615,false
VISUAL,0.136000,5,0,3,0,0.625000,0.625000,1.000000,0.769231,0.384615,false
VISUAL,0.137000,5,0,3,0,0.625000,0.625000,1.000000,0.769231,0.384615,false
VISUAL,0.138000,5,0,3,0,0.625000,0.625000,1.000000,0.769231,0.384615,false
VISUAL,0.139000,5,0,3,0,0.625000,0.625000,1.000000,0.769231,0.384615,false
VISUAL,0.140000,5,0,3,0,0.625000,0.625000,1.000000,0.769231,0.384615,false
VISUAL,0.141000,5,0,3,0,0.625000,0.625000,1.000000,0.769231,0.384615,false
VISUAL,0.142000,5,0,3,0,0.625000,0.625000,1.000000,0.769231,0.384615,false
VISUAL,0.143000,5,0,3,0,0.625000,0.625000,1.000000,0.769231,0.384615,false
VISUAL,0.144000,5,0,3,0,0.625000,0.625000,1.000000,0.769231,0.384615,false
VISUAL,0.145000,5,0,3,0,0.625000,0.625000,1.000000,0.769231,0.384615,false
VISUAL,0.146000,5,0,3,0,0.625000,0.625000,1.000000,0.769231,0.384615,false
VISUAL,0.147000,5,0,3,0,0.625000,0.625000,1.000000,0.769231,0.384615,false
VISUAL,0.148000,5,0,3,0,0.625000,0.625000,1.000000,0.769231,0.384615,false
VISUAL,0.149000,5,0,3,0,0.625000,0.625000,1.000000,0.769231,0.384615,false
VISUAL,0.150000,5,0,3,0,0.625000,0.625000,1.000000,0.769231,0.384615,false
VISUAL,0.151000,5,0,3,0,0.625000,0.625000,1.000000,0.769231,0.384615,false
VISUAL,0.152000,5,0,3,0,0.625000,0.625000,1.000000,0.769231,0.384615,false
VISUAL,0.153000,5,0,3,0,0.625000,0.625000,1.000000,0.769231,0.384615,false
VISUAL,0.154000,5,0,3,0,0.625000,0.625000,1.000000,0.769231,0.384615,false
VISUAL,0.155000,5,0,3,0,0.625000,0.625000,1.000000,0.769231,0.384615,false
VISUAL,0.156000,5,0,3,0,0.625000,0.625000,1.000000,0.769231,0.384615,false
VISUAL,0.157000,5,0,3,0,0.625000,0.625000,1.000000,0.769231,0.384615,false
VISUAL,0.158000,5,0,3,0,0.625000,0.625000,1.000000,0.769231,0.384615,false
VISUAL,0.159000,5,0,3,0,0.625000,0.625000,1.000000,0.769231,0.384615,false
VISUAL,0.160000,5,0,3,0,0.625000,0.625000,1.000000,0.769231,0.384615,false
VISUAL,0.161000,5,0,3,0,0.625000,0.625000,1.000000,0.769231,0.384615,false
VISUAL,0.162000,5,0,3,0,0.625000,0.625000,1.000000,0.769231,0.384615,false
VISUAL,0.163000,5,0,3,0,0.625000,0.625000,1.000000,0.769231,0.384615,false
VISUAL,0.164000,5,0,3,0,0.625000,0.625000,1.000000,0.769231,0.384615,false
VISUAL,0.165000,5,0,3,0,0.625000,0.625000,1.000000,0.769231,0.384615,false
VISUAL,0.166000,5,0,3,0,0.625000,0.625000,1.000000,0.769231,0.384615,false
VISUAL,0.167000,5,0,3,0,0.625000,0.625000,1.000000,0.769231,0.384615,false
VISUAL,0.168000,5,0,3,0,0.625000,0.625000,1.000000,0.769231,0.384615,false
VISUAL,0.169000,5,0,3,0,0.625000,0.625000,1.000000,0.769231,0.384615,false
VISUAL,0.170000,5,0,3,0,0.625000,0.625000,1.000000,0.769231,0.384615,false
VISUAL,0.171000,5,0,3,0,0.625000,0.625000,1.000000,0.769231,0.384615,false
VISUAL,0.172000,5,0,3,0,0.625000,0.625000,1.000000,0.769231,0.384615,false
VISUAL,0.173000,5,0,3,0,0.625000,0.625000,1.000000,0.769231,0.384615,false
VISUAL,0.174000,5,0,3,0,0.625000,0.625000,1.000000,0.769231,0.384615,false
VISUAL,0.175000,5,0,3,0,0.625000,0.625000,1.000000,0.769231,0.384615,false
VISUAL,0.176000,5,0,3,0,0.625000,0.625000,1.000000,0.769231,0.384615,false
VISUAL,0.177000,5,0,3,0,0.625000,0.625000,1.000000,0.769231,0.384615,false
VISUAL,0.178000,5,0,3,0,0.625000,0.625000,1.000000,0.769231,0.384615,false
VISUAL,0.179000,5,0,3,0,0.625000,0.625000,1.000000,0.769231,0.384615,false
VISUAL,0.180000,5,0,3,0,0.625000,0.625000,1.000000,0.769231,0.384615,false
VISUAL,0.181000,5,0,3,0,0.625000,0.625000,1.000000,0.769231,0.384615,false
VISUAL,0.182000,5,0,3,0,0.625000,0.625000,1.000000,0.769231,0.384615,false
VISUAL,0.183000,5,0,3,0,0.625000,0.625000,1.000000,0.769231,0.384615,false
VISUAL,0.184000,5,0,3,0,0.625000,0.625000,1.000000,0.769231,0.384615,false
VISUAL,0.185000,5,0,3,0,0.625000,0.625000,1.000000,0.769231,0.384615,false
VISUAL,0.186000,5,0,3,0,0.625000,0.625000,1.000000,0.769231,0.384615,false
VISUAL,0.187000,5,0,3,0,0.625000,0.625000,1.000000,0.769231,0.384615,false
VISUAL,0.188000,5,0,3,0,0.625000,0.625000,1.000000,0.769231,0.384615,false
VISUAL,0.189000,5,0,3,0,0.625000,0.625000,1.000000,0.769231,0.384615,false
VISUAL,0.190000,5,0,3,0,0.625000,0.625000,1.000000,0.769231,0.384615,false
VISUAL,0.191000,5,0,3,0,0.625000,0.625000,1.000000,0.769231,0.384615,false
VISUAL,0.192000,5,0,3,0,0.625000,0.625000,1.000000,0.769231,0.384615,false
VISUAL,0.193000,5,0,3,0,0.625000,0.625000,1.000000,0.769231,0.384615,false
VISUAL,0.194000,5,0,3,0,0.625000,0.625000,1.000000,0.769231,0.384615,false
VISUAL,0.195000,5,0,3,0,0.625000,0.625000,1.000000,0.769231,0.384615,false
VISUAL,0.196000,5,0,3,0,0.625000,0.625000,1.000000,0.769231,0.384615,false
VISUAL,0.197000,5,0,3,0,0.625000,0.625000,1.000000,0.769231,0.384615,false
VISUAL,0.198000,5,0,3,0,0.625000,0.625000,1.000000,0.769231,0.384615,false
VISUAL,0.199000,5,0,3,0,0.625000,0.625000,1.000000,0.769231,0.384615,false
VISUAL,0.200000,5,0,3,0,0.625000,0.625000,1.000000,0.769231,0.384615,false
VISUAL,0.201000,5,0,3,0,0.625000,0.625000,1.000000,0.769231,0.384615,false
VISUAL,0.202000,5,0,3,0,0.625000,0.625000,1.000000,0.769231,0.384615,false
VISUAL,0.203000,5,0,3,0,0.625000,0.625000,1.000000,0.769231,0.384615,false
VISUAL,0.204000,5,0,3,0,0.625000,0.625000,1.000000,0.769231,0.384615,false
VISUAL,0.205000,5,0,3,0,0.625000,0.625000,1.000000,0.769231,0.384615,false
VISUAL,0.206000,5,0,3,0,0.625000,0.625000,1.000000,0.769231,0.384615,false
VISUAL,0.207000,5,0,3,0,0.625000,0.625000,1.000000,0.769231,0.384615,false
VISUAL,0.208000,5,0,3,0,0.625000,0.625000,1.000000,0.769231,0.384615,false
VISUAL,0.209000,5,0,3,0,0.625000,0.625000,1.000000,0.769231,0.384615,false
VISUAL,0.210000,5,0,3,0,0.625000,0.625000,1.000000,0.769231,0.384615,false
VISUAL,0.211000,5,0,3,0,0.625000,0.625000,1.000000,0.769231,0.384615,false
VISUAL,0.212000,5,0,3,0,0.625000,0.625000,1.000000,0.769231,0.384615,false
VISUAL,0.213000,5,0,3,0,0.625000,0.625000,1.000000,0.769231,0.384615,false
VISUAL,0.214000,5,0,3,0,0.625000,0.625000,1.000000,0.769231,0.384615,false
VISUAL,0.215000,5,0,3,0,0.625000,0.625000,1.000000,0.769231,0.384615,false
VISUAL,0.216000,5,0,3,0,0.625000,0.625000,1.000000,0.769231,0.384615,false
VISUAL,0.217000,5,0,3,0,0.625000,0.625000,1.000000,0.769231,0.384615,false
VISUAL,0.218000,5,0,3,0,0.625000,0.625000,1.000000,0.769231,0.384615,false
VISUAL,0.219000,5,0,3,0,0.625000,0.625000,1.000000,0.769231,0.384615,false
VISUAL,0.220000,5,0,3,0,0.625000,0.625000,1.000000,0.769231,0.384615,false
VISUAL,0.221000,5,0,3,0,0.625000,0.625000,1.000000,0.769231,0.384615,false
VISUAL,0.222000,5,0,3,0,0.625000,0.625000,1.000000,0.769231,0.384615,false
VISUAL,0.223000,5,0,3,0,0.625000,0.625000,1.000000,0.769231,0.384615,false
VISUAL,0.224000,5,0,3,0,0.625000,0.625000,1.000000,0.769231,0.384615,false
VISUAL,0.225000,5,0,3,0,0.625000,0.625000,1.000000,0.769231,0.384615,false
VISUAL,0.226000,5,0,3,0,0.625000,0.625000,1.000000,0.769231,0.384615,false
VISUAL,0.227000,5,0,3,0,0.625000,0.625000,1.000000,0.769231,0.384615,false
VISUAL,0.228000,5,0,3,0,0.625000,0.625000,1.000000,0.769231,0.384615,false
VISUAL,0.229000,5,0,3,0,0.625000,0.625000,1.000000,0.769231,0.384615,false
VISUAL,0.230000,5,0,3,0,0.625000,0.625000,1.000000,0.769231,0.384615,false
VISUAL,0.231000,5,0,3,0,0.625000,0.625000,1.000000,0.769231,0.384615,false
VISUAL,0.232000,5,0,3,0,0.625000,0.625000,1.000000,0.769231,0.384615,false
VISUAL,0.233000,5,0,3,0,0.625000,0.625000,1.000000,0.769231,0.384615,false
VISUAL,0.234000,5,0,3,0,0.625000,0.625000,1.000000,0.769231,0.384615,false
VISUAL,0.235000,5,0,3,0,0.625000,0.625000,1.000000,0.769231,0.384615,false
VISUAL,0.236000,5,0,3,0,0.625000,0.625000,1.000000,0.769231,0.384615,false
VISUAL,0.237000,5,0,3,0,0.625000,0.625000,1.000000,0.769231,0.384615,false
VISUAL,0.238000,5,0,3,0,0.625000,0.625000,1.000000,0.769231,0.384615,false
VISUAL,0.239000,5,0,3,0,0.625000,0.625000,1.000000,0.769231,0.384615,false
VISUAL,0.240000,5,0,3,0,0.625000,0.625000,1.000000,0.769231,0.384615,false
VISUAL,0.241000,5,0,3,0,0.625000,0.625000,1.000000,0.769231,0.384615,false
VISUAL,0.242000,5,0,3,0,0.625000,0.625000,1.000000,0.769231,0.384615,false
VISUAL,0.243000,5,0,3,0,0.625000,0.625000,1.000000,0.769231,0.384615,false
VISUAL,0.244000,5,0,3,0,0.625000,0.625000,1.000000,0.769231,0.384615,false
VISUAL,0.245000,5,0,3,0,0.625000,0.625000,1.000000,0.769231,0.384615,false
VISUAL,0.246000,5,0,3,0,0.625000,0.625000,1.000000,0.769231,0.384615,false
VISUAL,0.247000,5,0,3,0,0.625000,0.625000,1.000000,0.769231,0.384615,false
VISUAL,0.248000,5,0,3,0,0.625000,0.625000,1.000000,0.769231,0.384615,false
VISUAL,0.249000,5,0,3,0,0.625000,0.625000,1.000000,0.769231,0.384615,false
VISUAL,0.250000,5,0,3,0,0.625000,0.625000,1.000000,0.769231,0.384615,false
VISUAL,0.251000,5,0,3,0,0.625000,0.625000,1.000000,0.769231,0.384615,false
VISUAL,0.252000,5,0,3,0,0.625000,0.625000,1.000000,0.769231,0.384615,false
VISUAL,0.253000,5,0,3,0,0.625000,0.625000,1.000000,0.769231,0.384615,false
VISUAL,0.254000,5,0,3,0,0.625000,0.625000,1.000000,0.769231,0.384615,false
VISUAL,0.255000,5,0,3,0,0.625000,0.625000,1.000000,0.769231,0.384615,false
VISUAL,0.256000,5,0,3,0,0.625000,0.625000,1.000000,0.769231,0.384615,false
VISUAL,0.257000,5,0,3,0,0.625000,0.625000,1.000000,0.769231,0.384615,false
VISUAL,0.258000,5,0,3,0,0.625000,0.625000,1.000000,0.769231,0.384615,false
VISUAL,0.259000,5,0,3,0,0.625000,0.625000,1.000000,0.769231,0.384615,false
VISUAL,0.260000,5,0,3,0,0.625000,0.625000,1.000000,0.769231,0.384615,false
VISUAL,0.261000,5,0,3,0,0.625000,0.625000,1.000000,0.769231,0.384615,false
VISUAL,0.262000,5,0,3,0,0.625000,0.625000,1.000000,0.769231,0.384615,false
VISUAL,0.263000,5,0,3,0,0.625000,0.625000,1.000000,0.769231,0.384615,false
VISUAL,0.264000,5,0,3,0,0.625000,0.625000,1.000000,0.769231,0.384615,false
VISUAL,0.265000,5,0,3,0,0.625000,0.625000,1.000000,0.769231,0.384615,false
VISUAL,0.266000,5,0,3,0,0.625000,0.625000,1.000000,0.769231,0.384615,false
VISUAL,0.267000,5,0,3,0,0.625000,0.625000,1.000000,0.769231,0.384615,false
VISUAL,0.268000,5,0,3,0,0.625000,0.625000,1.000000,0.769231,0.384615,false
VISUAL,0.269000,5,0,3,0,0.625000,0.625000,1.000000,0.769231,0.384615,false
VISUAL,0.270000,5,0,3,0,0.625000,0.625000,1.000000,0.769231,0.384615,false
VISUAL,0.271000,5,0,3,0,0.625000,0.625000,1.000000,0.769231,0.384615,false
VISUAL,0.272000,5,0,3,0,0.625000,0.625000,1.000000,0.769231,0.384615,false
VISUAL,0.273000,5,0,3,0,0.625000,0.625000,1.000000,0.769231,0.384615,false
VISUAL,0.274000,5,0,3,0,0.625000,0.625000,1.000000,0.769231,0.384615,false
VISUAL,0.275000,5,0,3,0,0.625000,0.625000,1.000000,0.769231,0.384615,false
VISUAL,0.276000,5,0,3,0,0.625000,0.625000,1.000000,0.769231,0.384615,false
VISUAL,0.277000,5,0,3,0,0.625000,0.625000,1.000000,0.769231,0.384615,false
VISUAL,0.278000,5,0,3,0,0.625000,0.625000,1.000000,0.769231,0.384615,false
VISUAL,0.279000,5,0,3,0,0.625000,0.625000,1.000000,0.769231,0.384615,false
VISUAL,0.280000,5,0,3,0,0.625000,0.625000,1.000000,0.769231,0.384615,false
VISUAL,0.281000,5,0,3,0,0.625000,0.625000,1.000000,0.769231,0.384615,false
VISUAL,0.282000,5,0,3,0,0.625000,0.625000,1.000000,0.769231,0.384615,false
VISUAL,0.283000,5,0,3,0,0.625000,0.625000,1.000000,0.769231,0.384615,false
VISUAL,0.284000,5,0,3,0,0.625000,0.625000,1.000000,0.769231,0.384615,false
VISUAL,0.285000,5,0,3,0,0.625000,0.625000,1.000000,0.769231,0.384615,false
VISUAL,0.286000,5,0,3,0,0.625000,0.625000,1.000000,0.769231,0.384615,false
VISUAL,0.287000,5,0,3,0,0.625000,0.625000,1.000000,0.769231,0.384615,false
VISUAL,0.288000,5,0,3,0,0.625000,0.625000,1.000000,0.769231,0.384615,false
VISUAL,0.289000,5,0,3,0,0.625000,0.625000,1.000000,0.769231,0.384615,false
VISUAL,0.290000,5,0,3,0,0.625000,0.625000,1.000000,0.769231,0.384615,false
VISUAL,0.291000,5,0,3,0,0.625000,0.625000,1.000000,0.769231,0.384615,false
VISUAL,0.292000,5,0,3,0,0.625000,0.625000,1.000000,0.769231,0.384615,false
VISUAL,0.293000,5,0,3,0,0.625000,0.625000,1.000000,0.769231,0.384615,false
VISUAL,0.294000,5,0,3,0,0.625000,0.625000,1.000000,0.769231,0.384615,false
VISUAL,0.295000,5,0,3,0,0.625000,0.625000,1.000000,0.769231,0.384615,false
VISUAL,0.296000,5,0,3,0,0.625000,0.625000,1.000000,0.769231,0.384615,false
VISUAL,0.297000,5,0,3,0,0.625000,0.625000,1.000000,0.769231,0.384615,false
VISUAL,0.298000,5,0,3,0,0.625000,0.625000,1.000000,0.769231,0.384615,false
VISUAL,0.299000,5,0,3,0,0.625000,0.625000,1.000000,0.769231,0.384615,false
VISUAL,0.300000,5,0,3,0,0.625000,0.625000,1.000000,0.769231,0.384615,false
VISUAL,0.301000,5,0,3,0,0.625000,0.625000,1.000000,0.769231,0.384615,false
VISUAL,0.302000,5,0,3,0,0.625000,0.625000,1.000000,0.769231,0.384615,false
VISUAL,0.303000,5,0,3,0,0.625000,0.625000,1.000000,0.769231,0.384615,false
VISUAL,0.304000,5,0,3,0,0.625000,0.625000,1.000000,0.769231,0.384615,false
VISUAL,0.305000,5,0,3,0,0.625000,0.625000,1.000000,0.769231,0.384615,false
VISUAL,0.306000,5,0,3,0,0.625000,0.625000,1.000000,0.769231,0.384615,false
VISUAL,0.307000,5,0,3,0,0.625000,0.625000,1.000000,0.769231,0.384615,false
VISUAL,0.308000,5,0,3,0,0.625000,0.625000,1.000000,0.769231,0.384615,false
VISUAL,0.309000,5,0,3,0,0.625000,0.625000,1.000000,0.769231,0.384615,false
VISUAL,0.310000,5,0,3,0,0.625000,0.625000,1.000000,0.769231,0.384615,false
VISUAL,0.311000,5,0,3,0,0.625000,0.625000,1.000000,0.769231,0.384615,false
VISUAL,0.312000,5,0,3,0,0.625000,0.625000,1.000000,0.769231,0.384615,false
VISUAL,0.313000,5,0,3,0,0.625000,0.625000,1.000000,0.769231,0.384615,false
VISUAL,0.314000,5,0,3,0,0.625000,0.625000,1.000000,0.769231,0.384615,false
VISUAL,0.315000,5,0,3,0,0.625000,0.625000,1.000000,0.769231,0.384615,false
VISUAL,0.316000,5,0,3,0,0.625000,0.625000,1.000000,0.769231,0.384615,false
VISUAL,0.317000,5,0,3,0,0.625000,0.625000,1.000000,0.769231,0.384615,false
VISUAL,0.318000,5,0,3,0,0.625000,0.625000,1.000000,0.769231,0.384615,false
VISUAL,0.319000,5,0,3,0,0.625000,0.625000,1.000000,0.769231,0.384615,false
VISUAL,0.320000,5,0,3,0,0.625000,0.625000,1.000000,0.769231,0.384615,false
VISUAL,0.321000,5,0,3,0,0.625000,0.625000,1.000000,0.769231,0.384615,false
VISUAL,0.322000,5,0,3,0,0.625000,0.625000,1.000000,0.769231,0.384615,false
VISUAL,0.323000,5,0,3,0,0.625000,0.625000,1.000000,0.769231,0.384615,false
VISUAL,0.324000,5,0,3,0,0.625000,0.625000,1.000000,0.769231,0.384615,false
VISUAL,0.325000,5,0,3,0,0.625000,0.625000,1.000000,0.769231,0.384615,false
VISUAL,0.326000,5,0,3,0,0.625000,0.625000,1.000000,0.769231,0.384615,false
VISUAL,0.327000,5,0,3,0,0.625000,0.625000,1.000000,0.769231,0.384615,false
VISUAL,0.328000,5,0,3,0,0.625000,0.625000,1.000000,0.769231,0.384615,false
VISUAL,0.329000,5,0,3,0,0.625000,0.625000,1.000000,0.769231,0.384615,false
VISUAL,0.330000,5,0,3,0,0.625000,0.625000,1.000000,0.769231,0.384615,false
VISUAL,0.331000,5,0,3,0,0.625000,0.625000,1.000000,0.769231,0.384615,false
VISUAL,0.332000,5,0,3,0,0.625000,0.625000,1.000000,0.769231,0.384615,false
VISUAL,0.333000,5,0,3,0,0.625000,0.625000,1.000000,0.769231,0.384615,false
VISUAL,0.334000,5,0,3,0,0.625000,0.625000,1.000000,0.769231,0.384615,false
VISUAL,0.335000,5,0,3,0,0.625000,0.625000,1.000000,0.769231,0.384615,false
VISUAL,0.336000,5,0,3,0,0.625000,0.625000,1.000000,0.769231,0.384615,false
VISUAL,0.337000,5,0,3,0,0.625000,0.625000,1.000000,0.769231,0.384615,false
VISUAL,0.338000,5,0,3,0,0.625000,0.625000,1.000000,0.769231,0.384615,false
VISUAL,0.339000,5,0,3,0,0.625000,0.625000,1.000000,0.769231,0.384615,false
VISUAL,0.340000,5,0,3,0,0.625000,0.625000,1.000000,0.769231,0.384615,false
VISUAL,0.341000,5,0,3,0,0.625000,0.625000,1.000000,0.769231,0.384615,false
VISUAL,0.342000,5,0,3,0,0.625000,0.625000,1.000000,0.769231,0.384615,false
VISUAL,0.343000,5,0,3,0,0.625000,0.625000,1.000000,0.769231,0.384615,false
VISUAL,0.344000,5,0,3,0,0.625000,0.625000,1.000000,0.769231,0.384615,false
VISUAL,0.345000,5,0,3,0,0.625000,0.625000,1.000000,0.769231,0.384615,false
VISUAL,0.346000,5,0,3,0,0.625000,0.625000,1.000000,0.769231,0.384615,false
VISUAL,0.347000,5,0,3,0,0.625000,0.625000,1.000000,0.769231,0.384615,false
VISUAL,0.348000,5,0,3,0,0.625000,0.625000,1.000000,0.769231,0.384615,false
VISUAL,0.349000,5,0,3,0,0.625000,0.625000,1.000000,0.769231,0.384615,false
VISUAL,0.350000,5,0,3,0,0.625000,0.625000,1.000000,0.769231,0.384615,false
VISUAL,0.351000,5,0,3,0,0.625000,0.625000,1.000000,0.769231,0.384615,false
VISUAL,0.352000,5,0,3,0,0.625000,0.625000,1.000000,0.769231,0.384615,false
VISUAL,0.353000,5,0,3,0,0.625000,0.625000,1.000000,0.769231,0.384615,false
VISUAL,0.354000,5,0,3,0,0.625000,0.625000,1.000000,0.769231,0.384615,false
VISUAL,0.355000,5,0,3,0,0.625000,0.625000,1.000000,0.769231,0.384615,false
VISUAL,0.356000,5,0,3,0,0.625000,0.625000,1.000000,0.769231,0.384615,false
VISUAL,0.357000,5,0,3,0,0.625000,0.625000,1.000000,0.769231,0.384615,false
VISUAL,0.358000,5,0,3,0,0.625000,0.625000,1.000000,0.769231,0.384615,false
VISUAL,0.359000,5,0,3,0,0.625000,0.625000,1.000000,0.769231,0.384615,false
VISUAL,0.360000,5,0,3,0,0.625000,0.625000,1.000000,0.769231,0.384615,false
VISUAL,0.361000,5,0,3,0,0.625000,0.625000,1.000000,0.769231,0.384615,false
VISUAL,0.362000,5,0,3,0,0.625000,0.625000,1.000000,0.769231,0.384615,false
VISUAL,0.363000,5,0,3,0,0.625000,0.625000,1.000000,0.769231,0.384615,false
VISUAL,0.364000,5,0,3,0,0.625000,0.625000,1.000000,0.769231,0.384615,false
VISUAL,0.365000,5,0,3,0,0.625000,0.625000,1.000000,0.769231,0.384615,false
VISUAL,0.366000,5,0,3,0,0.625000,0.625000,1.000000,0.769231,0.384615,false
VISUAL,0.367000,5,0,3,0,0.625000,0.625000,1.000000,0.769231,0.384615,false
VISUAL,0.368000,5,0,3,0,0.625000,0.625000,1.000000,0.769231,0.384615,false
VISUAL,0.369000,5,0,3,0,0.625000,0.625000,1.000000,0.769231,0.384615,false
VISUAL,0.370000,5,0,3,0,0.625000,0.625000,1.000000,0.769231,0.384615,false
VISUAL,0.371000,5,0,3,0,0.625000,0.625000,1.000000,0.769231,0.384615,false
VISUAL,0.372000,5,0,3,0,0.625000,0.625000,1.000000,0.769231,0.384615,false
VISUAL,0.373000,5,0,3,0,0.625000,0.625000,1.000000,0.769231,0.384615,false
VISUAL,0.374000,5,0,3,0,0.625000,0.625000,1.000000,0.769231,0.384615,false
VISUAL,0.375000,5,0,3,0,0.625000,0.625000,1.000000,0.769231,0.384615,false
VISUAL,0.376000,5,0,3,0,0.625000,0.625000,1.000000,0.769231,0.384615,false
VISUAL,0.377000,5,0,3,0,0.625000,0.625000,1.000000,0.769231,0.384615,false
VISUAL,0.378000,5,0,3,0,0.625000,0.625000,1.000000,0.769231,0.384615,false
VISUAL,0.379000,5,0,3,0,0.625000,0.625000,1.000000,0.769231,0.384615,false
VISUAL,0.380000,5,0,3,0,0.625000,0.625000,1.000000,0.769231,0.384615,false
VISUAL,0.381000,5,0,3,0,0.625000,0.625000,1.000000,0.769231,0.384615,false
VISUAL,0.382000,5,0,3,0,0.625000,0.625000,1.000000,0.769231,0.384615,false
VISUAL,0.383000,5,0,3,0,0.625000,0.625000,1.000000,0.769231,0.384615,false
VISUAL,0.384000,5,0,3,0,0.625000,0.625000,1.000000,0.769231,0.384615,false
VISUAL,0.385000,5,0,3,0,0.625000,0.625000,1.000000,0.769231,0.384615,false
VISUAL,0.386000,5,0,3,0,0.625000,0.625000,1.000000,0.769231,0.384615,false
VISUAL,0.387000,5,0,3,0,0.625000,0.625000,1.000000,0.769231,0.384615,false
VISUAL,0.388000,5,0,3,0,0.625000,0.625000,1.000000,0.769231,0.384615,false
VISUAL,0.389000,5,0,3,0,0.625000,0.625000,1.000000,0.769231,0.384615,false
VISUAL,0.390000,5,0,3,0,0.625000,0.625000,1.000000,0.769231,0.384615,false
VISUAL,0.391000,5,0,3,0,0.625000,0.625000,1.000000,0.769231,0.384615,false
VISUAL,0.392000,5,0,3,0,0.625000,0.625000,1.000000,0.769231,0.384615,false
VISUAL,0.393000,5,0,3,0,0.625000,0.625000,1.000000,0.769231,0.384615,false
VISUAL,0.394000,5,0,3,0,0.625000,0.625000,1.000000,0.769231,0.384615,false
VISUAL,0.395000,5,0,3,0,0.625000,0.625000,1.000000,0.769231,0.384615,false
VISUAL,0.396000,5,0,3,0,0.625000,0.625000,1.000000,0.769231,0.384615,false
VISUAL,0.397000,5,0,3,0,0.625000,0.625000,1.000000,0.769231,0.384615,false
VISUAL,0.398000,5,0,3,0,0.625000,0.625000,1.000000,0.769231,0.384615,false
VISUAL,0.399000,5,0,3,0,0.625000,0.625000,1.000000,0.769231,0.384615,false
VISUAL,0.400000,5,0,3,0,0.625000,0.625000,1.000000,0.769231,0.384615,false
VISUAL,0.401000,5,0,3,0,0.625000,0.625000,1.000000,0.769231,0.384615,false
VISUAL,0.402000,5,0,3,0,0.625000,0.625000,1.000000,0.769231,0.384615,false
VISUAL,0.403000,5,0,3,0,0.625000,0.625000,1.000000,0.769231,0.384615,false
VISUAL,0.404000,5,0,3,0,0.625000,0.625000,1.000000,0.769231,0.384615,false
VISUAL,0.405000,5,0,3,0,0.625000,0.625000,1.000000,0.769231,0.384615,false
VISUAL,0.406000,5,0,3,0,0.625000,0.625000,1.000000,0.769231,0.384615,false
VISUAL,0.407000,5,0,3,0,0.625000,0.625000,1.000000,0.769231,0.384615,false
VISUAL,0.408000,5,0,3,0,0.625000,0.625000,1.000000,0.769231,0.384615,false
VISUAL,0.409000,5,0,3,0,0.625000,0.625000,1.000000,0.769231,0.384615,false
VISUAL,0.410000,5,0,3,0,0.625000,0.625000,1.000000,0.769231,0.384615,false
VISUAL,0.411000,5,0,3,0,0.625000,0.625000,1.000000,0.769231,0.384615,false
VISUAL,0.412000,5,0,3,0,0.625000,0.625000,1.000000,0.769231,0.384615,false
VISUAL,0.413000,5,0,3,0,0.625000,0.625000,1.000000,0.769231,0.384615,false
VISUAL,0.414000,5,0,3,0,0.625000,0.625000,1.000000,0.769231,0.384615,false
VISUAL,0.415000,5,0,3,0,0.625000,0.625000,1.000000,0.769231,0.384615,false
VISUAL,0.416000,5,0,3,0,0.625000,0.625000,1.000000,0.769231,0.384615,false
VISUAL,0.417000,5,0,3,0,0.625000,0.625000,1.000000,0.769231,0.384615,false
VISUAL,0.418000,5,0,3,0,0.625000,0.625000,1.000000,0.769231,0.384615,false
VISUAL,0.419000,5,0,3,0,0.625000,0.625000,1.000000,0.769231,0.384615,false
VISUAL,0.420000,5,0,3,0,0.625000,0.625000,1.000000,0.769231,0.384615,false
VISUAL,0.421000,5,0,3,0,0.625000,0.625000,1.000000,0.769231,0.384615,false
VISUAL,0.422000,5,0,3,0,0.625000,0.625000,1.000000,0.769231,0.384615,false
VISUAL,0.423000,5,0,3,0,0.625000,0.625000,1.000000,0.769231,0.384615,false
VISUAL,0.424000,5,0,3,0,0.625000,0.625000,1.000000,0.769231,0.384615,false
VISUAL,0.425000,5,0,3,0,0.625000,0.625000,1.000000,0.769231,0.384615,false
VISUAL,0.426000,5,0,3,0,0.625000,0.625000,1.000000,0.769231,0.384615,false
VISUAL,0.427000,5,0,3,0,0.625000,0.625000,1.000000,0.769231,0.384615,false
VISUAL,0.428000,5,0,3,0,0.625000,0.625000,1.000000,0.769231,0.384615,false
VISUAL,0.429000,5,0,3,0,0.625000,0.625000,1.000000,0.769231,0.384615,false
VISUAL,0.430000,5,0,3,0,0.625000,0.625000,1.000000,0.769231,0.384615,false
VISUAL,0.431000,5,0,3,0,0.625000,0.625000,1.000000,0.769231,0.384615,false
VISUAL,0.432000,5,0,3,0,0.625000,0.625000,1.000000,0.769231,0.384615,false
VISUAL,0.433000,5,0,3,0,0.625000,0.625000,1.000000,0.769231,0.384615,false
VISUAL,0.434000,5,0,3,0,0.625000,0.625000,1.000000,0.769231,0.384615,false
VISUAL,0.435000,5,0,3,0,0.625000,0.625000,1.000000,0.769231,0.384615,false
VISUAL,0.436000,5,0,3,0,0.625000,0.625000,1.000000,0.769231,0.384615,false
VISUAL,0.437000,5,1,2,0,0.750000,0.714286,1.000000,0.833333,0.666667,false
VISUAL,0.438000,5,1,2,0,0.750000,0.714286,1.000000,0.833333,0.666667,false
VISUAL,0.439000,5,1,2,0,0.750000,0.714286,1.000000,0.833333,0.666667,false
VISUAL,0.440000,5,1,2,0,0.750000,0.714286,1.000000,0.833333,0.666667,false
VISUAL,0.441000,5,1,2,0,0.750000,0.714286,1.000000,0.833333,0.666667,false
VISUAL,0.442000,5,1,2,0,0.750000,0.714286,1.000000,0.833333,0.666667,false
VISUAL,0.443000,5,1,2,0,0.750000,0.714286,1.000000,0.833333,0.666667,false
VISUAL,0.444000,5,1,2,0,0.750000,0.714286,1.000000,0.833333,0.666667,false
VISUAL,0.445000,5,1,2,0,0.750000,0.714286,1.000000,0.833333,0.666667,false
VISUAL,0.446000,5,1,2,0,0.750000,0.714286,1.000000,0.833333,0.666667,false
VISUAL,0.447000,5,1,2,0,0.750000,0.714286,1.000000,0.833333,0.666667,false
VISUAL,0.448000,5,1,2,0,0.750000,0.714286,1.000000,0.833333,0.666667,false
VISUAL,0.449000,5,1,2,0,0.750000,0.714286,1.000000,0.833333,0.666667,false
VISUAL,0.450000,5,1,2,0,0.750000,0.714286,1.000000,0.833333,0.666667,false
VISUAL,0.451000,5,1,2,0,0.750000,0.714286,1.000000,0.833333,0.666667,false
VISUAL,0.452000,5,1,2,0,0.750000,0.714286,1.000000,0.833333,0.666667,false
VISUAL,0.453000,5,1,2,0,0.750000,0.714286,1.000000,0.833333,0.666667,false
VISUAL,0.454000,5,1,2,0,0.750000,0.714286,1.000000,0.833333,0.666667,false
VISUAL,0.455000,5,1,2,0,0.750000,0.714286,1.000000,0.833333,0.666667,false
VISUAL,0.456000,5,1,2,0,0.750000,0.714286,1.000000,0.833333,0.666667,false
VISUAL,0.457000,5,1,2,0,0.750000,0.714286,1.000000,0.833333,0.666667,false
VISUAL,0.458000,5,1,2,0,0.750000,0.714286,1.000000,0.833333,0.666667,false
VISUAL,0.459000,5,1,2,0,0.750000,0.714286,1.000000,0.833333,0.666667,false
VISUAL,0.460000,5,1,2,0,0.750000,0.714286,1.000000,0.833333,0.666667,false
VISUAL,0.461000,5,1,2,0,0.750000,0.714286,1.000000,0.833333,0.666667,false
VISUAL,0.462000,5,1,2,0,0.750000,0.714286,1.000000,0.833333,0.666667,false
VISUAL,0.463000,5,1,2,0,0.750000,0.714286,1.000000,0.833333,0.666667,false
VISUAL,0.464000,5,1,2,0,0.750000,0.714286,1.000000,0.833333,0.666667,false
VISUAL,0.465000,5,1,2,0,0.750000,0.714286,1.000000,0.833333,0.666667,false
VISUAL,0.466000,5,1,2,0,0.750000,0.714286,1.000000,0.833333,0.666667,false
VISUAL,0.467000,5,1,2,0,0.750000,0.714286,1.000000,0.833333,0.666667,false
VISUAL,0.468000,5,1,2,0,0.750000,0.714286,1.000000,0.833333,0.666667,false
VISUAL,0.469000,5,1,2,0,0.750000,0.714286,1.000000,0.833333,0.666667,false
VISUAL,0.470000,5,1,2,0,0.750000,0.714286,1.000000,0.833333,0.666667,false
VISUAL,0.471000,5,1,2,0,0.750000,0.714286,1.000000,0.833333,0.666667,false
VISUAL,0.472000,5,1,2,0,0.750000,0.714286,1.000000,0.833333,0.666667,false
VISUAL,0.473000,5,1,2,0,0.750000,0.714286,1.000000,0.833333,0.666667,false
VISUAL,0.474000,5,1,2,0,0.750000,0.714286,1.000000,0.833333,0.666667,false
VISUAL,0.475000,5,1,2,0,0.750000,0.714286,1.000000,0.833333,0.666667,false
VISUAL,0.476000,5,1,2,0,0.750000,0.714286,1.000000,0.833333,0.666667,false
VISUAL,0.477000,5,1,2,0,0.750000,0.714286,1.000000,0.833333,0.666667,false
VISUAL,0.478000,5,1,2,0,0.750000,0.714286,1.000000,0.833333,0.666667,false
VISUAL,0.479000,5,1,2,0,0.750000,0.714286,1.000000,0.833333,0.666667,false
VISUAL,0.480000,5,1,2,0,0.750000,0.714286,1.000000,0.833333,0.666667,false
VISUAL,0.481000,5,1,2,0,0.750000,0.714286,1.000000,0.833333,0.666667,false
VISUAL,0.482000,5,1,2,0,0.750000,0.714286,1.000000,0.833333,0.666667,false
VISUAL,0.483000,5,1,2,0,0.750000,0.714286,1.000000,0.833333,0.666667,false
VISUAL,0.484000,5,1,2,0,0.750000,0.714286,1.000000,0.833333,0.666667,false
VISUAL,0.485000,5,1,2,0,0.750000,0.714286,1.000000,0.833333,0.666667,false
VISUAL,0.486000,5,1,2,0,0.750000,0.714286,1.000000,0.833333,0.666667,false
VISUAL,0.487000,5,1,2,0,0.750000,0.714286,1.000000,0.833333,0.666667,false
VISUAL,0.488000,5,1,2,0,0.750000,0.714286,1.000000,0.833333,0.666667,false
VISUAL,0.489000,5,1,2,0,0.750000,0.714286,1.000000,0.833333,0.666667,false
VISUAL,0.490000,5,1,2,0,0.750000,0.714286,1.000000,0.833333,0.666667,false
VISUAL,0.491000,5,1,2,0,0.750000,0.714286,1.000000,0.833333,0.666667,false
VISUAL,0.492000,5,1,2,0,0.750000,0.714286,1.000000,0.833333,0.666667,false
VISUAL,0.493000,5,1,2,0,0.750000,0.714286,1.000000,0.833333,0.666667,false
VISUAL,0.494000,5,1,2,0,0.750000,0.714286,1.000000,0.833333,0.666667,false
VISUAL,0.495000,5,1,2,0,0.750000,0.714286,1.000000,0.833333,0.666667,false
VISUAL,0.496000,5,1,2,0,0.750000,0.714286,1.000000,0.833333,0.666667,false
VISUAL,0.497000,5,1,2,0,0.750000,0.714286,1.000000,0.833333,0.666667,false
VISUAL,0.498000,5,1,2,0,0.750000,0.714286,1.000000,0.833333,0.666667,false
VISUAL,0.499000,5,1,2,0,0.750000,0.714286,1.000000,0.833333,0.666667,false
VISUAL,0.500000,5,1,2,0,0.750000,0.714286,1.000000,0.833333,0.666667,false
VISUAL,0.501000,5,1,2,0,0.750000,0.714286,1.000000,0.833333,0.666667,false
VISUAL,0.502000,5,1,2,0,0.750000,0.714286,1.000000,0.833333,0.666667,false
VISUAL,0.503000,5,1,2,0,0.750000,0.714286,1.000000,0.833333,0.666667,false
VISUAL,0.504000,5,1,2,0,0.750000,0.714286,1.000000,0.833333,0.666667,false
VISUAL,0.505000,5,1,2,0,0.750000,0.714286,1.000000,0.833333,0.666667,false
VISUAL,0.506000,5,1,2,0,0.750000,0.714286,1.000000,0.833333,0.666667,false
VISUAL,0.507000,5,1,2,0,0.750000,0.714286,1.000000,0.833333,0.666667,false
VISUAL,0.508000,5,1,2,0,0.750000,0.714286,1.000000,0.833333,0.666667,false
VISUAL,0.509000,5,1,2,0,0.750000,0.714286,1.000000,0.833333,0.666667,false
VISUAL,0.510000,5,1,2,0,0.750000,0.714286,1.000000,0.833333,0.666667,false
VISUAL,0.511000,5,1,2,0,0.750000,0.714286,1.000000,0.833333,0.666667,false
VISUAL,0.512000,5,1,2,0,0.750000,0.714286,1.000000,0.833333,0.666667,false
VISUAL,0.513000,5,1,2,0,0.750000,0.714286,1.000000,0.833333,0.666667,false
VISUAL,0.514000,5,1,2,0,0.750000,0.714286,1.000000,0.833333,0.666667,false
VISUAL,0.515000,5,1,2,0,0.750000,0.714286,1.000000,0.833333,0.666667,false
VISUAL,0.516000,5,1,2,0,0.750000,0.714286,1.000000,0.833333,0.666667,false
VISUAL,0.517000,5,1,2,0,0.750000,0.714286,1.000000,0.833333,0.666667,false
VISUAL,0.518000,5,1,2,0,0.750000,0.714286,1.000000,0.833333,0.666667,false
VISUAL,0.519000,5,1,2,0,0.750000,0.714286,1.000000,0.833333,0.666667,false
VISUAL,0.520000,5,1,2,0,0.750000,0.714286,1.000000,0.833333,0.666667,false
VISUAL,0.521000,5,1,2,0,0.750000,0.714286,1.000000,0.833333,0.666667,false
VISUAL,0.522000,5,1,2,0,0.750000,0.714286,1.000000,0.833333,0.666667,false
VISUAL,0.523000,5,1,2,0,0.750000,0.714286,1.000000,0.833333,0.666667,false
VISUAL,0.524000,5,1,2,0,0.750000,0.714286,1.000000,0.833333,0.666667,false
VISUAL,0.525000,5,1,2,0,0.750000,0.714286,1.000000,0.833333,0.666667,false
VISUAL,0.526000,5,1,2,0,0.750000,0.714286,1.000000,0.833333,0.666667,false
VISUAL,0.527000,5,1,2,0,0.750000,0.714286,1.000000,0.833333,0.666667,false
VISUAL,0.528000,5,1,2,0,0.750000,0.714286,1.000000,0.833333,0.666667,false
VISUAL,0.529000,5,1,2,0,0.750000,0.714286,1.000000,0.833333,0.666667,false
VISUAL,0.530000,5,1,2,0,0.750000,0.714286,1.000000,0.833333,0.666667,false
VISUAL,0.531000,5,1,2,0,0.750000,0.714286,1.000000,0.833333,0.666667,false
VISUAL,0.532000,5,1,2,0,0.750000,0.714286,1.000000,0.833333,0.666667,false
VISUAL,0.533000,5,1,2,0,0.750000,0.714286,1.000000,0.833333,0.666667,false
VISUAL,0.534000,5,1,2,0,0.750000,0.714286,1.000000,0.833333,0.666667,false
VISUAL,0.535000,5,1,2,0,0.750000,0.714286,1.000000,0.833333,0.666667,false
VISUAL,0.536000,5,1,2,0,0.750000,0.714286,1.000000,0.833333,0.666667,false
VISUAL,0.537000,5,1,2,0,0.750000,0.714286,1.000000,0.833333,0.666667,false
VISUAL,0.538000,5,1,2,0,0.750000,0.714286,1.000000,0.833333,0.666667,false
VISUAL,0.539000,5,1,2,0,0.750000,0.714286,1.000000,0.833333,0.666667,false
VISUAL,0.540000,5,1,2,0,0.750000,0.714286,1.000000,0.833333,0.666667,false
VISUAL,0.541000,5,1,2,0,0.750000,0.714286,1.000000,0.833333,0.666667,false
VISUAL,0.542000,5,1,2,0,0.750000,0.714286,1.000000,0.833333,0.666667,false
VISUAL,0.543000,5,1,2,0,0.750000,0.714286,1.000000,0.833333,0.666667,false
VISUAL,0.544000,5,1,2,0,0.750000,0.714286,1.000000,0.833333,0.666667,false
VISUAL,0.545000,5,1,2,0,0.750000,0.714286,1.000000,0.833333,0.666667,false
VISUAL,0.546000,5,1,2,0,0.750000,0.714286,1.000000,0.833333,0.666667,false
VISUAL,0.547000,5,1,2,0,0.750000,0.714286,1.000000,0.833333,0.666667,false
VISUAL,0.548000,5,1,2,0,0.750000,0.714286,1.000000,0.833333,0.666667,false
VISUAL,0.549000,5,1,2,0,0.750000,0.714286,1.000000,0.833333,0.666667,false
VISUAL,0.550000,5,1,2,0,0.750000,0.714286,1.000000,0.833333,0.666667,false
VISUAL,0.551000,5,1,2,0,0.750000,0.714286,1.000000,0.833333,0.666667,false
VISUAL,0.552000,5,1,2,0,0.750000,0.714286,1.000000,0.833333,0.666667,false
VISUAL,0.553000,5,1,2,0,0.750000,0.714286,1.000000,0.833333,0.666667,false
VISUAL,0.554000,5,1,2,0,0.750000,0.714286,1.000000,0.833333,0.666667,false
VISUAL,0.555000,5,1,2,0,0.750000,0.714286,1.000000,0.833333,0.666667,false
VISUAL,0.556000,5,1,2,0,0.750000,0.714286,1.000000,0.833333,0.666667,false
VISUAL,0.557000,5,1,2,0,0.750000,0.714286,1.000000,0.833333,0.666667,false
VISUAL,0.558000,5,1,2,0,0.750000,0.714286,1.000000,0.833333,0.666667,false
VISUAL,0.559000,5,1,2,0,0.750000,0.714286,1.000000,0.833333,0.666667,false
VISUAL,0.560000,5,1,2,0,0.750000,0.714286,1.000000,0.833333,0.666667,false
VISUAL,0.561000,5,1,2,0,0.750000,0.714286,1.000000,0.833333,0.666667,false
VISUAL,0.562000,5,1,2,0,0.750000,0.714286,1.000000,0.833333,0.666667,false
VISUAL,0.563000,5,1,2,0,0.750000,0.714286,1.000000,0.833333,0.666667,false
VISUAL,0.564000,5,1,2,0,0.750000,0.714286,1.000000,0.833333,0.666667,false
VISUAL,0.565000,5,1,2,0,0.750000,0.714286,1.000000,0.833333,0.666667,false
VISUAL,0.566000,5,1,2,0,0.750000,0.714286,1.000000,0.833333,0.666667,false
VISUAL,0.567000,5,1,2,0,0.750000,0.714286,1.000000,0.833333,0.666667,false
VISUAL,0.568000,5,1,2,0,0.750000,0.714286,1.000000,0.833333,0.666667,false
VISUAL,0.569000,5,1,2,0,0.750000,0.714286,1.000000,0.833333,0.666667,false
VISUAL,0.570000,5,1,2,0,0.750000,0.714286,1.000000,0.833333,0.666667,false
VISUAL,0.571000,5,1,2,0,0.750000,0.714286,1.000000,0.833333,0.666667,false
VISUAL,0.572000,5,1,2,0,0.750000,0.714286,1.000000,0.833333,0.666667,false
VISUAL,0.573000,5,1,2,0,0.750000,0.714286,1.000000,0.833333,0.666667,false
VISUAL,0.574000,5,1,2,0,0.750000,0.714286,1.000000,0.833333,0.666667,false
VISUAL,0.575000,5,1,2,0,0.750000,0.714286,1.000000,0.833333,0.666667,false
VISUAL,0.576000,5,1,2,0,0.750000,0.714286,1.000000,0.833333,0.666667,false
VISUAL,0.577000,5,1,2,0,0.750000,0.714286,1.000000,0.833333,0.666667,false
VISUAL,0.578000,5,1,2,0,0.750000,0.714286,1.000000,0.833333,0.666667,false
VISUAL,0.579000,5,1,2,0,0.750000,0.714286,1.000000,0.833333,0.666667,false
VISUAL,0.580000,5,1,2,0,0.750000,0.714286,1.000000,0.833333,0.666667,false
VISUAL,0.581000,5,1,2,0,0.750000,0.714286,1.000000,0.833333,0.666667,false
VISUAL,0.582000,5,1,2,0,0.750000,0.714286,1.000000,0.833333,0.666667,false
VISUAL,0.583000,5,1,2,0,0.750000,0.714286,1.000000,0.833333,0.666667,false
VISUAL,0.584000,5,1,2,0,0.750000,0.714286,1.000000,0.833333,0.666667,false
VISUAL,0.585000,5,1,2,0,0.750000,0.714286,1.000000,0.833333,0.666667,false
VISUAL,0.586000,5,1,2,0,0.750000,0.714286,1.000000,0.833333,0.666667,false
VISUAL,0.587000,5,1,2,0,0.750000,0.714286,1.000000,0.833333,0.666667,false
VISUAL,0.588000,5,1,2,0,0.750000,0.714286,1.000000,0.833333,0.666667,false
VISUAL,0.589000,5,1,2,0,0.750000,0.714286,1.000000,0.833333,0.666667,false
VISUAL,0.590000,5,1,2,0,0.750000,0.714286,1.000000,0.833333,0.666667,false
VISUAL,0.591000,5,1,2,0,0.750000,0.714286,1.000000,0.833333,0.666667,false
VISUAL,0.592000,5,1,2,0,0.750000,0.714286,1.000000,0.833333,0.666667,false
VISUAL,0.593000,5,1,2,0,0.750000,0.714286,1.000000,0.833333,0.666667,false
VISUAL,0.594000,5,1,2,0,0.750000,0.714286,1.000000,0.833333,0.666667,false
VISUAL,0.595000,5,1,2,0,0.750000,0.714286,1.000000,0.833333,0.666667,false
VISUAL,0.596000,5,1,2,0,0.750000,0.714286,1.000000,0.833333,0.666667,false
VISUAL,0.597000,5,1,2,0,0.750000,0.714286,1.000000,0.833333,0.666667,false
VISUAL,0.598000,5,1,2,0,0.750000,0.714286,1.000000,0.833333,0.666667,false
VISUAL,0.599000,5,1,2,0,0.750000,0.714286,1.000000,0.833333,0.666667,false
VISUAL,0.600000,5,1,2,0,0.750000,0.714286,1.000000,0.833333,0.666667,false
VISUAL,0.601000,5,1,2,0,0.750000,0.714286,1.000000,0.833333,0.666667,false
VISUAL,0.602000,5,1,2,0,0.750000,0.714286,1.000000,0.833333,0.666667,false
VISUAL,0.603000,5,1,2,0,0.750000,0.714286,1.000000,0.833333,0.666667,false
VISUAL,0.604000,5,1,2,0,0.750000,0.714286,1.000000,0.833333,0.666667,false
VISUAL,0.605000,5,1,2,0,0.750000,0.714286,1.000000,0.833333,0.666667,false
VISUAL,0.606000,5,1,2,0,0.750000,0.714286,1.000000,0.833333,0.666667,false
VISUAL,0.607000,5,1,2,0,0.750000,0.714286,1.000000,0.833333,0.666667,false
VISUAL,0.608000,5,1,2,0,0.750000,0.714286,1.000000,0.833333,0.666667,false
VISUAL,0.609000,5,1,2,0,0.750000,0.714286,1.000000,0.833333,0.666667,false
VISUAL,0.610000,5,1,2,0,0.750000,0.714286,1.000000,0.833333,0.666667,false
VISUAL,0.611000,5,1,2,0,0.750000,0.714286,1.000000,0.833333,0.666667,false
VISUAL,0.612000,5,1,2,0,0.750000,0.714286,1.000000,0.833333,0.666667,false
VISUAL,0.613000,5,1,2,0,0.750000,0.714286,1.000000,0.833333,0.666667,false
VISUAL,0.614000,5,1,2,0,0.750000,0.714286,1.000000,0.833333,0.666667,false
VISUAL,0.615000,5,1,2,0,0.750000,0.714286,1.000000,0.833333,0.666667,false
VISUAL,0.616000,5,1,2,0,0.750000,0.714286,1.000000,0.833333,0.666667,false
VISUAL,0.617000,5,1,2,0,0.750000,0.714286,1.000000,0.833333,0.666667,false
VISUAL,0.618000,5,1,2,0,0.750000,0.714286,1.000000,0.833333,0.666667,false
VISUAL,0.619000,5,1,2,0,0.750000,0.714286,1.000000,0.833333,0.666667,false
VISUAL,0.620000,5,1,2,0,0.750000,0.714286,1.000000,0.833333,0.666667,false
VISUAL,0.621000,5,1,2,0,0.750000,0.714286,1.000000,0.833333,0.666667,false
VISUAL,0.622000,5,1,2,0,0.750000,0.714286,1.000000,0.833333,0.666667,false
VISUAL,0.623000,5,1,2,0,0.750000,0.714286,1.000000,0.833333,0.666667,false
VISUAL,0.624000,5,1,2,0,0.750000,0.714286,1.000000,0.833333,0.666667,false
VISUAL,0.625000,5,1,2,0,0.750000,0.714286,1.000000,0.833333,0.666667,false
VISUAL,0.626000,5,1,2,0,0.750000,0.714286,1.000000,0.833333,0.666667,false
VISUAL,0.627000,5,1,2,0,0.750000,0.714286,1.000000,0.833333,0.666667,false
VISUAL,0.628000,5,1,2,0,0.750000,0.714286,1.000000,0.833333,0.666667,false
VISUAL,0.629000,5,1,2,0,0.750000,0.714286,1.000000,0.833333,0.666667,false
VISUAL,0.630000,5,1,2,0,0.750000,0.714286,1.000000,0.833333,0.666667,false
VISUAL,0.631000,5,1,2,0,0.750000,0.714286,1.000000,0.833333,0.666667,false
VISUAL,0.632000,5,1,2,0,0.750000,0.714286,1.000000,0.833333,0.666667,false
VISUAL,0.633000,5,1,2,0,0.750000,0.714286,1.000000,0.833333,0.666667,false
VISUAL,0.634000,5,1,2,0,0.750000,0.714286,1.000000,0.833333,0.666667,false
VISUAL,0.635000,5,1,2,0,0.750000,0.714286,1.000000,0.833333,0.666667,false
VISUAL,0.636000,5,1,2,0,0.750000,0.714286,1.000000,0.833333,0.666667,false
VISUAL,0.637000,5,1,2,0,0.750000,0.714286,1.000000,0.833333,0.666667,false
VISUAL,0.638000,5,1,2,0,0.750000,0.714286,1.000000,0.833333,0.666667,false
VISUAL,0.639000,5,1,2,0,0.750000,0.714286,1.000000,0.833333,0.666667,false
VISUAL,0.640000,5,1,2,0,0.750000,0.714286,1.000000,0.833333,0.666667,false
VISUAL,0.641000,5,1,2,0,0.750000,0.714286,1.000000,0.833333,0.666667,false
VISUAL,0.642000,5,1,2,0,0.750000,0.714286,1.000000,0.833333,0.666667,false
VISUAL,0.643000,5,1,2,0,0.750000,0.714286,1.000000,0.833333,0.666667,false
VISUAL,0.644000,5,1,2,0,0.750000,0.714286,1.000000,0.833333,0.666667,false
VISUAL,0.645000,5,1,2,0,0.750000,0.714286,1.000000,0.833333,0.666667,false
VISUAL,0.646000,5,1,2,0,0.750000,0.714286,1.000000,0.833333,0.666667,false
VISUAL,0.647000,5,1,2,0,0.750000,0.714286,1.000000,0.833333,0.666667,false
VISUAL,0.648000,5,1,2,0,0.750000,0.714286,1.000000,0.833333,0.666667,false
VISUAL,0.649000,5,1,2,0,0.750000,0.714286,1.000000,0.833333,0.666667,false
VISUAL,0.650000,5,1,2,0,0.750000,0.714286,1.000000,0.833333,0.666667,false
VISUAL,0.651000,5,1,2,0,0.750000,0.714286,1.000000,0.833333,0.666667,false
VISUAL,0.652000,5,1,2,0,0.750000,0.714286,1.000000,0.833333,0.666667,false
VISUAL,0.653000,5,1,2,0,0.750000,0.714286,1.000000,0.833333,0.666667,false
VISUAL,0.654000,5,1,2,0,0.750000,0.714286,1.000000,0.833333,0.666667,false
VISUAL,0.655000,5,1,2,0,0.750000,0.714286,1.000000,0.833333,0.666667,false
VISUAL,0.656000,5,1,2,0,0.750000,0.714286,1.000000,0.833333,0.666667,false
VISUAL,0.657000,5,1,2,0,0.750000,0.714286,1.000000,0.833333,0.666667,false
VISUAL,0.658000,5,1,2,0,0.750000,0.714286,1.000000,0.833333,0.666667,false
VISUAL,0.659000,5,1,2,0,0.750000,0.714286,1.000000,0.833333,0.666667,false
VISUAL,0.660000,5,1,2,0,0.750000,0.714286,1.000000,0.833333,0.666667,false
VISUAL,0.661000,5,1,2,0,0.750000,0.714286,1.000000,0.833333,0.666667,false
VISUAL,0.662000,5,1,2,0,0.750000,0.714286,1.000000,0.833333,0.666667,false
VISUAL,0.663000,5,1,2,0,0.750000,0.714286,1.000000,0.833333,0.666667,false
VISUAL,0.664000,5,1,2,0,0.750000,0.714286,1.000000,0.833333,0.666667,false
VISUAL,0.665000,5,1,2,0,0.750000,0.714286,1.000000,0.833333,0.666667,false
VISUAL,0.666000,5,1,2,0,0.750000,0.714286,1.000000,0.833333,0.666667,false
VISUAL,0.667000,5,1,2,0,0.750000,0.714286,1.000000,0.833333,0.666667,false
VISUAL,0.668000,5,1,2,0,0.750000,0.714286,1.000000,0.833333,0.666667,false
VISUAL,0.669000,5,1,2,0,0.750000,0.714286,1.000000,0.833333,0.666667,false
VISUAL,0.670000,5,1,2,0,0.750000,0.714286,1.000000,0.833333,0.666667,false
VISUAL,0.671000,5,1,2,0,0.750000,0.714286,1.000000,0.833333,0.666667,false
VISUAL,0.672000,5,1,2,0,0.750000,0.714286,1.000000,0.833333,0.666667,false
VISUAL,0.673000,5,1,2,0,0.750000,0.714286,1.000000,0.833333,0.666667,false
VISUAL,0.674000,5,1,2,0,0.750000,0.714286,1.000000,0.833333,0.666667,false
VISUAL,0.675000,5,1,2,0,0.750000,0.714286,1.000000,0.833333,0.666667,false
VISUAL,0.676000,5,1,2,0,0.750000,0.714286,1.000000,0.833333,0.666667,false
VISUAL,0.677000,5,1,2,0,0.750000,0.714286,1.000000,0.833333,0.666667,false
VISUAL,0.678000,5,1,2,0,0.750000,0.714286,1.000000,0.833333,0.666667,false
VISUAL,0.679000,5,1,2,0,0.750000,0.714286,1.000000,0.833333,0.666667,false
VISUAL,0.680000,5,1,2,0,0.750000,0.714286,1.000000,0.833333,0.666667,false
VISUAL,0.681000,5,1,2,0,0.750000,0.714286,1.000000,0.833333,0.666667,false
VISUAL,0.682000,5,1,2,0,0.750000,0.714286,1.000000,0.833333,0.666667,false
VISUAL,0.683000,5,1,2,0,0.750000,0.714286,1.000000,0.833333,0.666667,false
VISUAL,0.684000,5,1,2,0,0.750000,0.714286,1.000000,0.833333,0.666667,false
VISUAL,0.685000,5,1,2,0,0.750000,0.714286,1.000000,0.833333,0.666667,false
VISUAL,0.686000,5,1,2,0,0.750000,0.714286,1.000000,0.833333,0.666667,false
VISUAL,0.687000,5,1,2,0,0.750000,0.714286,1.000000,0.833333,0.666667,false
VISUAL,0.688000,5,1,2,0,0.750000,0.714286,1.000000,0.833333,0.666667,false
VISUAL,0.689000,5,1,2,0,0.750000,0.714286,1.000000,0.833333,0.666667,false
VISUAL,0.690000,5,1,2,0,0.750000,0.714286,1.000000,0.833333,0.666667,false
VISUAL,0.691000,5,1,2,0,0.750000,0.714286,1.000000,0.833333,0.666667,false
VISUAL,0.692000,5,1,2,0,0.750000,0.714286,1.000000,0.833333,0.666667,false
VISUAL,0.693000,5,1,2,0,0.750000,0.714286,1.000000,0.833333,0.666667,false
VISUAL,0.694000,5,1,2,0,0.750000,0.714286,1.000000,0.833333,0.666667,false
VISUAL,0.695000,5,1,2,0,0.750000,0.714286,1.000000,0.833333,0.666667,false
VISUAL,0.696000,5,1,2,0,0.750000,0.714286,1.000000,0.833333,0.666667,false
VISUAL,0.697000,5,1,2,0,0.750000,0.714286,1.000000,0.833333,0.666667,false
VISUAL,0.698000,5,1,2,0,0.750000,0.714286,1.000000,0.833333,0.666667,false
VISUAL,0.699000,5,1,2,0,0.750000,0.714286,1.000000,0.833333,0.666667,false
VISUAL,0.700000,5,1,2,0,0.750000,0.714286,1.000000,0.833333,0.666667,false
VISUAL,0.701000,5,1,2,0,0.750000,0.714286,1.000000,0.833333,0.666667,false
VISUAL,0.702000,5,1,2,0,0.750000,0.714286,1.000000,0.833333,0.666667,false
VISUAL,0.703000,5,1,2,0,0.750000,0.714286,1.000000,0.833333,0.666667,false
VISUAL,0.704000,5,1,2,0,0.750000,0.714286,1.000000,0.833333,0.666667,false
VISUAL,0.705000,5,1,2,0,0.750000,0.714286,1.000000,0.833333,0.666667,false
VISUAL,0.706000,5,1,2,0,0.750000,0.714286,1.000000,0.833333,0.666667,false
VISUAL,0.707000,5,1,2,0,0.750000,0.714286,1.000000,0.833333,0.666667,false
VISUAL,0.708000,5,1,2,0,0.750000,0.714286,1.000000,0.833333,0.666667,false
VISUAL,0.709000,5,1,2,0,0.750000,0.714286,1.000000,0.833333,0.666667,false
VISUAL,0.710000,5,1,2,0,0.750000,0.714286,1.000000,0.833333,0.666667,false
VISUAL,0.711000,5,1,2,0,0.750000,0.714286,1.000000,0.833333,0.666667,false
VISUAL,0.712000,5,1,2,0,0.750000,0.714286,1.000000,0.833333,0.666667,false
VISUAL,0.713000,5,1,2,0,0.750000,0.714286,1.000000,0.833333,0.666667,false
VISUAL,0.714000,5,1,2,0,0.750000,0.714286,1.000000,0.833333,0.666667,false
VISUAL,0.715000,5,1,2,0,0.750000,0.714286,1.000000,0.833333,0.666667,false
VISUAL,0.716000,5,1,2,0,0.750000,0.714286,1.000000,0.833333,0.666667,false
VISUAL,0.717000,5,1,2,0,0.750000,0.714286,1.000000,0.833333,0.666667,false
VISUAL,0.718000,5,1,2,0,0.750000,0.714286,1.000000,0.833333,0.666667,false
VISUAL,0.719000,5,1,2,0,0.750000,0.714286,1.000000,0.833333,0.666667,false
VISUAL,0.720000,5,1,2,0,0.750000,0.714286,1.000000,0.833333,0.666667,false
VISUAL,0.721000,5,1,2,0,0.750000,0.714286,1.000000,0.833333,0.666667,false
VISUAL,0.722000,5,1,2,0,0.750000,0.714286,1.000000,0.833333,0.666667,false
VISUAL,0.723000,5,1,2,0,0.750000,0.714286,1.000000,0.833333,0.666667,false
VISUAL,0.724000,5,1,2,0,0.750000,0.714286,1.000000,0.833333,0.666667,false
VISUAL,0.725000,5,1,2,0,0.750000,0.714286,1.000000,0.833333,0.666667,false
VISUAL,0.726000,5,2,1,0,0.875000,0.833333,1.000000,0.909091,0.854545,true
VISUAL,0.727000,5,2,1,0,0.875000,0.833333,1.000000,0.909091,0.854545,false
VISUAL,0.728000,5,2,1,0,0.875000,0.833333,1.000000,0.909091,0.854545,false
VISUAL,0.729000,5,2,1,0,0.875000,0.833333,1.000000,0.909091,0.854545,false
VISUAL,0.730000,5,2,1,0,0.875000,0.833333,1.000000,0.909091,0.854545,false
VISUAL,0.731000,5,2,1,0,0.875000,0.833333,1.000000,0.909091,0.854545,false
VISUAL,0.732000,5,2,1,0,0.875000,0.833333,1.000000,0.909091,0.854545,false
VISUAL,0.733000,5,2,1,0,0.875000,0.833333,1.000000,0.909091,0.854545,false
VISUAL,0.734000,5,2,1,0,0.875000,0.833333,1.000000,0.909091,0.854545,false
VISUAL,0.735000,5,2,1,0,0.875000,0.833333,1.000000,0.909091,0.854545,false
VISUAL,0.736000,5,2,1,0,0.875000,0.833333,1.000000,0.909091,0.854545,false
VISUAL,0.737000,5,2,1,0,0.875000,0.833333,1.000000,0.909091,0.854545,false
VISUAL,0.738000,5,2,1,0,0.875000,0.833333,1.000000,0.909091,0.854545,false
VISUAL,0.739000,5,2,1,0,0.875000,0.833333,1.000000,0.909091,0.854545,false
VISUAL,0.740000,5,2,1,0,0.875000,0.833333,1.000000,0.909091,0.854545,false
VISUAL,0.741000,5,2,1,0,0.875000,0.833333,1.000000,0.909091,0.854545,false
VISUAL,0.742000,5,2,1,0,0.875000,0.833333,1.000000,0.909091,0.854545,false
VISUAL,0.743000,5,2,1,0,0.875000,0.833333,1.000000,0.909091,0.854545,false
VISUAL,0.744000,5,2,1,0,0.875000,0.833333,1.000000,0.909091,0.854545,false
VISUAL,0.745000,5,2,1,0,0.875000,0.833333,1.000000,0.909091,0.854545,false
VISUAL,0.746000,5,2,1,0,0.875000,0.833333,1.000000,0.909091,0.854545,false
VISUAL,0.747000,5,2,1,0,0.875000,0.833333,1.000000,0.909091,0.854545,false
VISUAL,0.748000,5,2,1,0,0.875000,0.833333,1.000000,0.909091,0.854545,false
VISUAL,0.749000,5,2,1,0,0.875000,0.833333,1.000000,0.909091,0.854545,false
VISUAL,0.750000,5,2,1,0,0.875000,0.833333,1.000000,0.909091,0.854545,false
VISUAL,0.751000,5,2,1,0,0.875000,0.833333,1.000000,0.909091,0.854545,false
VISUAL,0.752000,5,2,1,0,0.875000,0.833333,1.000000,0.909091,0.854545,false
VISUAL,0.753000,5,2,1,0,0.875000,0.833333,1.000000,0.909091,0.854545,false
VISUAL,0.754000,5,2,1,0,0.875000,0.833333,1.000000,0.909091,0.854545,false
VISUAL,0.755000,5,2,1,0,0.875000,0.833333,1.000000,0.909091,0.854545,false
VISUAL,0.756000,5,2,1,0,0.875000,0.833333,1.000000,0.909091,0.854545,false
VISUAL,0.757000,5,2,1,0,0.875000,0.833333,1.000000,0.909091,0.854545,false
VISUAL,0.758000,5,2,1,0,0.875000,0.833333,1.000000,0.909091,0.854545,false
VISUAL,0.759000,5,2,1,0,0.875000,0.833333,1.000000,0.909091,0.854545,false
VISUAL,0.760000,5,2,1,0,0.875000,0.833333,1.000000,0.909091,0.854545,false
VISUAL,0.761000,5,2,1,0,0.875000,0.833333,1.000000,0.909091,0.854545,false
VISUAL,0.762000,5,2,1,0,0.875000,0.833333,1.000000,0.909091,0.854545,false
VISUAL,0.763000,5,2,1,0,0.875000,0.833333,1.000000,0.909091,0.854545,false
VISUAL,0.764000,4,2,1,1,0.750000,0.800000,0.800000,0.800000,0.733333,false
VISUAL,0.765000,4,2,1,1,0.750000,0.800000,0.800000,0.800000,0.733333,false
VISUAL,0.766000,4,2,1,1,0.750000,0.800000,0.800000,0.800000,0.733333,false
VISUAL,0.767000,4,2,1,1,0.750000,0.800000,0.800000,0.800000,0.733333,false
VISUAL,0.768000,3,2,1,2,0.625000,0.750000,0.600000,0.666667,0.619048,false
VISUAL,0.769000,3,2,1,2,0.625000,0.750000,0.600000,0.666667,0.619048,false
VISUAL,0.770000,3,2,1,2,0.625000,0.750000,0.600000,0.666667,0.619048,false
VISUAL,0.771000,3,2,1,2,0.625000,0.750000,0.600000,0.666667,0.619048,false
VISUAL,0.772000,3,2,1,2,0.625000,0.750000,0.600000,0.666667,0.619048,false
VISUAL,0.773000,3,2,1,2,0.625000,0.750000,0.600000,0.666667,0.619048,false
VISUAL,0.774000,3,2,1,2,0.625000,0.750000,0.600000,0.666667,0.619048,false
VISUAL,0.775000,3,2,1,2,0.625000,0.750000,0.600000,0.666667,0.619048,false
VISUAL,0.776000,3,2,1,2,0.625000,0.750000,0.600000,0.666667,0.619048,false
VISUAL,0.777000,3,2,1,2,0.625000,0.750000,0.600000,0.666667,0.619048,false
VISUAL,0.778000,3,2,1,2,0.625000,0.750000,0.600000,0.666667,0.619048,false
VISUAL,0.779000,3,2,1,2,0.625000,0.750000,0.600000,0.666667,0.619048,false
VISUAL,0.780000,3,2,1,2,0.625000,0.750000,0.600000,0.666667,0.619048,false
VISUAL,0.781000,3,2,1,2,0.625000,0.750000,0.600000,0.666667,0.619048,false
VISUAL,0.782000,3,2,1,2,0.625000,0.750000,0.600000,0.666667,0.619048,false
VISUAL,0.783000,3,2,1,2,0.625000,0.750000,0.600000,0.666667,0.619048,false
VISUAL,0.784000,3,2,1,2,0.625000,0.750000,0.600000,0.666667,0.619048,false
VISUAL,0.785000,3,2,1,2,0.625000,0.750000,0.600000,0.666667,0.619048,false
VISUAL,0.786000,3,2,1,2,0.625000,0.750000,0.600000,0.666667,0.619048,false
VISUAL,0.787000,3,2,1,2,0.625000,0.750000,0.600000,0.666667,0.619048,false
VISUAL,0.788000,3,2,1,2,0.625000,0.750000,0.600000,0.666667,0.619048,false
VISUAL,0.789000,3,2,1,2,0.625000,0.750000,0.600000,0.666667,0.619048,false
VISUAL,0.790000,3,2,1,2,0.625000,0.750000,0.600000,0.666667,0.619048,false
VISUAL,0.791000,3,2,1,2,0.625000,0.750000,0.600000,0.666667,0.619048,false
VISUAL,0.792000,3,2,1,2,0.625000,0.750000,0.600000,0.666667,0.619048,false
VISUAL,0.793000,3,2,1,2,0.625000,0.750000,0.600000,0.666667,0.619048,false
VISUAL,0.794000,3,2,1,2,0.625000,0.750000,0.600000,0.666667,0.619048,false
VISUAL,0.795000,3,2,1,2,0.625000,0.750000,0.600000,0.666667,0.619048,false
VISUAL,0.796000,3,2,1,2,0.625000,0.750000,0.600000,0.666667,0.619048,false
VISUAL,0.797000,3,2,1,2,0.625000,0.750000,0.600000,0.666667,0.619048,false
VISUAL,0.798000,3,2,1,2,0.625000,0.750000,0.600000,0.666667,0.619048,false
VISUAL,0.799000,3,2,1,2,0.625000,0.750000,0.600000,0.666667,0.619048,false
VISUAL,0.800000,3,2,1,2,0.625000,0.750000,0.600000,0.666667,0.619048,false
VISUAL,0.801000,3,2,1,2,0.625000,0.750000,0.600000,0.666667,0.619048,false
VISUAL,0.802000,3,2,1,2,0.625000,0.750000,0.600000,0.666667,0.619048,false
VISUAL,0.803000,3,2,1,2,0.625000,0.750000,0.600000,0.666667,0.619048,false
VISUAL,0.804000,3,2,1,2,0.625000,0.750000,0.600000,0.666667,0.619048,false
VISUAL,0.805000,3,2,1,2,0.625000,0.750000,0.600000,0.666667,0.619048,false
VISUAL,0.806000,3,2,1,2,0.625000,0.750000,0.600000,0.666667,0.619048,false
VISUAL,0.807000,3,2,1,2,0.625000,0.750000,0.600000,0.666667,0.619048,false
VISUAL,0.808000,3,2,1,2,0.625000,0.750000,0.600000,0.666667,0.619048,false
VISUAL,0.809000,3,2,1,2,0.625000,0.750000,0.600000,0.666667,0.619048,false
VISUAL,0.810000,3,2,1,2,0.625000,0.750000,0.600000,0.666667,0.619048,false
VISUAL,0.811000,3,2,1,2,0.625000,0.750000,0.600000,0.666667,0.619048,false
VISUAL,0.812000,2,2,1,3,0.500000,0.666667,0.400000,0.500000,0.500000,false
VISUAL,0.813000,2,2,1,3,0.500000,0.666667,0.400000,0.500000,0.500000,false
VISUAL,0.814000,2,2,1,3,0.500000,0.666667,0.400000,0.500000,0.500000,false
VISUAL,0.815000,2,2,1,3,0.500000,0.666667,0.400000,0.500000,0.500000,false
VISUAL,0.816000,2,2,1,3,0.500000,0.666667,0.400000,0.500000,0.500000,false
VISUAL,0.817000,2,2,1,3,0.500000,0.666667,0.400000,0.500000,0.500000,false
VISUAL,0.818000,2,2,1,3,0.500000,0.666667,0.400000,0.500000,0.500000,false
VISUAL,0.819000,2,2,1,3,0.500000,0.666667,0.400000,0.500000,0.500000,false
VISUAL,0.820000,2,2,1,3,0.500000,0.666667,0.400000,0.500000,0.500000,false
VISUAL,0.821000,2,2,1,3,0.500000,0.666667,0.400000,0.500000,0.500000,false
VISUAL,0.822000,2,2,1,3,0.500000,0.666667,0.400000,0.500000,0.500000,false
VISUAL,0.823000,2,2,1,3,0.500000,0.666667,0.400000,0.500000,0.500000,false
VISUAL,0.824000,2,2,1,3,0.500000,0.666667,0.400000,0.500000,0.500000,false
VISUAL,0.825000,2,2,1,3,0.500000,0.666667,0.400000,0.500000,0.500000,false
VISUAL,0.826000,2,2,1,3,0.500000,0.666667,0.400000,0.500000,0.500000,false
VISUAL,0.827000,2,2,1,3,0.500000,0.666667,0.400000,0.500000,0.500000,false
VISUAL,0.828000,2,2,1,3,0.500000,0.666667,0.400000,0.500000,0.500000,false
VISUAL,0.829000,2,2,1,3,0.500000,0.666667,0.400000,0.500000,0.500000,false
VISUAL,0.830000,2,2,1,3,0.500000,0.666667,0.400000,0.500000,0.500000,false
VISUAL,0.831000,2,2,1,3,0.500000,0.666667,0.400000,0.500000,0.500000,false
VISUAL,0.832000,2,2,1,3,0.500000,0.666667,0.400000,0.500000,0.500000,false
VISUAL,0.833000,2,2,1,3,0.500000,0.666667,0.400000,0.500000,0.500000,false
VISUAL,0.834000,2,2,1,3,0.500000,0.666667,0.400000,0.500000,0.500000,false
VISUAL,0.835000,2,2,1,3,0.500000,0.666667,0.400000,0.500000,0.500000,false
VISUAL,0.836000,2,2,1,3,0.500000,0.666667,0.400000,0.500000,0.500000,false
VISUAL,0.837000,2,2,1,3,0.500000,0.666667,0.400000,0.500000,0.500000,false
VISUAL,0.838000,2,2,1,3,0.500000,0.666667,0.400000,0.500000,0.500000,false
VISUAL,0.839000,2,2,1,3,0.500000,0.666667,0.400000,0.500000,0.500000,false
VISUAL,0.840000,2,2,1,3,0.500000,0.666667,0.400000,0.500000,0.500000,false
VISUAL,0.841000,2,2,1,3,0.500000,0.666667,0.400000,0.500000,0.500000,false
VISUAL,0.842000,2,2,1,3,0.500000,0.666667,0.400000,0.500000,0.500000,false
VISUAL,0.843000,2,2,1,3,0.500000,0.666667,0.400000,0.500000,0.500000,false
VISUAL,0.844000,2,2,1,3,0.500000,0.666667,0.400000,0.500000,0.500000,false
VISUAL,0.845000,2,2,1,3,0.500000,0.666667,0.400000,0.500000,0.500000,false
VISUAL,0.846000,2,2,1,3,0.500000,0.666667,0.400000,0.500000,0.500000,false
VISUAL,0.847000,2,2,1,3,0.500000,0.666667,0.400000,0.500000,0.500000,false
VISUAL,0.848000,2,2,1,3,0.500000,0.666667,0.400000,0.500000,0.500000,false
VISUAL,0.849000,2,2,1,3,0.500000,0.666667,0.400000,0.500000,0.500000,false
VISUAL,0.850000,2,2,1,3,0.500000,0.666667,0.400000,0.500000,0.500000,false
VISUAL,0.851000,2,2,1,3,0.500000,0.666667,0.400000,0.500000,0.500000,false
VISUAL,0.852000,2,2,1,3,0.500000,0.666667,0.400000,0.500000,0.500000,false
VISUAL,0.853000,2,2,1,3,0.500000,0.666667,0.400000,0.500000,0.500000,false
VISUAL,0.854000,2,2,1,3,0.500000,0.666667,0.400000,0.500000,0.500000,false
VISUAL,0.855000,2,2,1,3,0.500000,0.666667,0.400000,0.500000,0.500000,false
VISUAL,0.856000,2,2,1,3,0.500000,0.666667,0.400000,0.500000,0.500000,false
VISUAL,0.857000,2,2,1,3,0.500000,0.666667,0.400000,0.500000,0.500000,false
VISUAL,0.858000,2,2,1,3,0.500000,0.666667,0.400000,0.500000,0.500000,false
VISUAL,0.859000,2,2,1,3,0.500000,0.666667,0.400000,0.500000,0.500000,false
VISUAL,0.860000,2,2,1,3,0.500000,0.666667,0.400000,0.500000,0.500000,false
VISUAL,0.861000,2,2,1,3,0.500000,0.666667,0.400000,0.500000,0.500000,false
VISUAL,0.862000,2,2,1,3,0.500000,0.666667,0.400000,0.500000,0.500000,false
VISUAL,0.863000,2,2,1,3,0.500000,0.666667,0.400000,0.500000,0.500000,false
VISUAL,0.864000,2,2,1,3,0.500000,0.666667,0.400000,0.500000,0.500000,false
VISUAL,0.865000,2,2,1,3,0.500000,0.666667,0.400000,0.500000,0.500000,false
VISUAL,0.866000,2,2,1,3,0.500000,0.666667,0.400000,0.500000,0.500000,false
VISUAL,0.867000,1,2,1,4,0.375000,0.500000,0.200000,0.285714,0.365079,false
VISUAL,0.868000,1,2,1,4,0.375000,0.500000,0.200000,0.285714,0.365079,false
VISUAL,0.869000,1,2,1,4,0.375000,0.500000,0.200000,0.285714,0.365079,false
VISUAL,0.870000,1,2,1,4,0.375000,0.500000,0.200000,0.285714,0.365079,false
VISUAL,0.871000,1,2,1,4,0.375000,0.500000,0.200000,0.285714,0.365079,false
VISUAL,0.872000,1,2,1,4,0.375000,0.500000,0.200000,0.285714,0.365079,false
VISUAL,0.873000,1,2,1,4,0.375000,0.500000,0.200000,0.285714,0.365079,false
VISUAL,0.874000,1,2,1,4,0.375000,0.500000,0.200000,0.285714,0.365079,false
VISUAL,0.875000,1,2,1,4,0.375000,0.500000,0.200000,0.285714,0.365079,false
VISUAL,0.876000,1,2,1,4,0.375000,0.500000,0.200000,0.285714,0.365079,false
VISUAL,0.877000,1,2,1,4,0.375000,0.500000,0.200000,0.285714,0.365079,false
VISUAL,0.878000,1,2,1,4,0.375000,0.500000,0.200000,0.285714,0.365079,false
VISUAL,0.879000,1,2,1,4,0.375000,0.500000,0.200000,0.285714,0.365079,false
VISUAL,0.880000,1,2,1,4,0.375000,0.500000,0.200000,0.285714,0.365079,false
VISUAL,0.881000,1,2,1,4,0.375000,0.500000,0.200000,0.285714,0.365079,false
VISUAL,0.882000,1,2,1,4,0.375000,0.500000,0.200000,0.285714,0.365079,false
VISUAL,0.883000,1,2,1,4,0.375000,0.500000,0.200000,0.285714,0.365079,false
VISUAL,0.884000,1,2,1,4,0.375000,0.500000,0.200000,0.285714,0.365079,false
VISUAL,0.885000,1,2,1,4,0.375000,0.500000,0.200000,0.285714,0.365079,false
VISUAL,0.886000,1,2,1,4,0.375000,0.500000,0.200000,0.285714,0.365079,false
VISUAL,0.887000,1,2,1,4,0.375000,0.500000,0.200000,0.285714,0.365079,false
VISUAL,0.888000,1,2,1,4,0.375000,0.500000,0.200000,0.285714,0.365079,false
VISUAL,0.889000,0,2,1,5,0.250000,0.000000,0.000000,0.000000,0.200000,false
VISUAL,0.890000,0,2,1,5,0.250000,0.000000,0.000000,0.000000,0.200000,false
VISUAL,0.891000,0,2,1,5,0.250000,0.000000,0.000000,0.000000,0.200000,false
VISUAL,0.892000,0,2,1,5,0.250000,0.000000,0.000000,0.000000,0.200000,false
VISUAL,0.893000,0,2,1,5,0.250000,0.000000,0.000000,0.000000,0.200000,false
VISUAL,0.894000,0,2,1,5,0.250000,0.000000,0.000000,0.000000,0.200000,false
VISUAL,0.895000,0,2,1,5,0.250000,0.000000,0.000000,0.000000,0.200000,false
VISUAL,0.896000,0,2,1,5,0.250000,0.000000,0.000000,0.000000,0.200000,false
VISUAL,0.897000,0,2,1,5,0.250000,0.000000,0.000000,0.000000,0.200000,false
VISUAL,0.898000,0,2,1,5,0.250000,0.000000,0.000000,0.000000,0.200000,false
VISUAL,0.899000,0,2,1,5,0.250000,0.000000,0.000000,0.000000,0.200000,false
VISUAL,0.900000,0,2,1,5,0.250000,0.000000,0.000000,0.000000,0.200000,false
VISUAL,0.901000,0,2,1,5,0.250000,0.000000,0.000000,0.000000,0.200000,false
VISUAL,0.902000,0,2,1,5,0.250000,0.000000,0.000000,0.000000,0.200000,false
VISUAL,0.903000,0,2,1,5,0.250000,0.000000,0.000000,0.000000,0.200000,false
VISUAL,0.904000,0,2,1,5,0.250000,0.000000,0.000000,0.000000,0.200000,false
VISUAL,0.905000,0,2,1,5,0.250000,0.000000,0.000000,0.000000,0.200000,false
VISUAL,0.906000,0,2,1,5,0.250000,0.000000,0.000000,0.000000,0.200000,false
VISUAL,0.907000,0,2,1,5,0.250000,0.000000,0.000000,0.000000,0.200000,false
VISUAL,0.908000,0,2,1,5,0.250000,0.000000,0.000000,0.000000,0.200000,false
VISUAL,0.909000,0,2,1,5,0.250000,0.000000,0.000000,0.000000,0.200000,false
VISUAL,0.910000,0,2,1,5,0.250000,0.000000,0.000000,0.000000,0.200000,false
VISUAL,0.911000,0,2,1,5,0.250000,0.000000,0.000000,0.000000,0.200000,false
VISUAL,0.912000,0,2,1,5,0.250000,0.000000,0.000000,0.000000,0.200000,false
VISUAL,0.913000,0,2,1,5,0.250000,0.000000,0.000000,0.000000,0.200000,false
VISUAL,0.914000,0,2,1,5,0.250000,0.000000,0.000000,0.000000,0.200000,false
VISUAL,0.915000,0,2,1,5,0.250000,0.000000,0.000000,0.000000,0.200000,false
VISUAL,0.916000,0,2,1,5,0.250000,0.000000,0.000000,0.000000,0.200000,false
VISUAL,0.917000,0,2,1,5,0.250000,0.000000,0.000000,0.000000,0.200000,false
VISUAL,0.918000,0,2,1,5,0.250000,0.000000,0.000000,0.000000,0.200000,false
VISUAL,0.919000,0,2,1,5,0.250000,0.000000,0.000000,0.000000,0.200000,false
VISUAL,0.920000,0,2,1,5,0.250000,0.000000,0.000000,0.000000,0.200000,false
VISUAL,0.921000,0,2,1,5,0.250000,0.000000,0.000000,0.000000,0.200000,false
VISUAL,0.922000,0,2,1,5,0.250000,0.000000,0.000000,0.000000,0.200000,false
VISUAL,0.923000,0,2,1,5,0.250000,0.000000,0.000000,0.000000,0.200000,false
VISUAL,0.924000,0,2,1,5,0.250000,0.000000,0.000000,0.000000,0.200000,false
VISUAL,0.925000,0,2,1,5,0.250000,0.000000,0.000000,0.000000,0.200000,false
VISUAL,0.926000,0,2,1,5,0.250000,0.000000,0.000000,0.000000,0.200000,false
VISUAL,0.927000,0,2,1,5,0.250000,0.000000,0.000000,0.000000,0.200000,false
VISUAL,0.928000,0,2,1,5,0.250000,0.000000,0.000000,0.000000,0.200000,false
VISUAL,0.929000,0,2,1,5,0.250000,0.000000,0.000000,0.000000,0.200000,false
VISUAL,0.930000,0,2,1,5,0.250000,0.000000,0.000000,0.000000,0.200000,false
VISUAL,0.931000,0,2,1,5,0.250000,0.000000,0.000000,0.000000,0.200000,false
VISUAL,0.932000,0,2,1,5,0.250000,0.000000,0.000000,0.000000,0.200000,false
VISUAL,0.933000,0,2,1,5,0.250000,0.000000,0.000000,0.000000,0.200000,false
VISUAL,0.934000,0,2,1,5,0.250000,0.000000,0.000000,0.000000,0.200000,false
VISUAL,0.935000,0,2,1,5,0.250000,0.000000,0.000000,0.000000,0.200000,false
VISUAL,0.936000,0,2,1,5,0.250000,0.000000,0.000000,0.000000,0.200000,false
VISUAL,0.937000,0,2,1,5,0.250000,0.000000,0.000000,0.000000,0.200000,false
VISUAL,0.938000,0,2,1,5,0.250000,0.000000,0.000000,0.000000,0.200000,false
VISUAL,0.939000,0,2,1,5,0.250000,0.000000,0.000000,0.000000,0.200000,false
VISUAL,0.940000,0,2,1,5,0.250000,0.000000,0.000000,0.000000,0.200000,false
VISUAL,0.941000,0,2,1,5,0.250000,0.000000,0.000000,0.000000,0.200000,false
VISUAL,0.942000,0,2,1,5,0.250000,0.000000,0.000000,0.000000,0.200000,false
VISUAL,0.943000,0,2,1,5,0.250000,0.000000,0.000000,0.000000,0.200000,false
VISUAL,0.944000,0,2,1,5,0.250000,0.000000,0.000000,0.000000,0.200000,false
VISUAL,0.945000,0,2,1,5,0.250000,0.000000,0.000000,0.000000,0.200000,false
VISUAL,0.946000,0,2,1,5,0.250000,0.000000,0.000000,0.000000,0.200000,false
VISUAL,0.947000,0,2,1,5,0.250000,0.000000,0.000000,0.000000,0.200000,false
VISUAL,0.948000,0,2,1,5,0.250000,0.000000,0.000000,0.000000,0.200000,false
VISUAL,0.949000,0,2,1,5,0.250000,0.000000,0.000000,0.000000,0.200000,false
VISUAL,0.950000,0,2,1,5,0.250000,0.000000,0.000000,0.000000,0.200000,false
VISUAL,0.951000,0,2,1,5,0.250000,0.000000,0.000000,0.000000,0.200000,false
VISUAL,0.952000,0,2,1,5,0.250000,0.000000,0.000000,0.000000,0.200000,false
VISUAL,0.953000,0,2,1,5,0.250000,0.000000,0.000000,0.000000,0.200000,false
VISUAL,0.954000,0,2,1,5,0.250000,0.000000,0.000000,0.000000,0.200000,false
VISUAL,0.955000,0,2,1,5,0.250000,0.000000,0.000000,0.000000,0.200000,false
VISUAL,0.956000,0,2,1,5,0.250000,0.000000,0.000000,0.000000,0.200000,false
VISUAL,0.957000,0,2,1,5,0.250000,0.000000,0.000000,0.000000,0.200000,false
VISUAL,0.958000,0,2,1,5,0.250000,0.000000,0.000000,0.000000,0.200000,false
VISUAL,0.959000,0,2,1,5,0.250000,0.000000,0.000000,0.000000,0.200000,false
VISUAL,0.960000,0,2,1,5,0.250000,0.000000,0.000000,0.000000,0.200000,false
VISUAL,0.961000,0,2,1,5,0.250000,0.000000,0.000000,0.000000,0.200000,false
VISUAL,0.962000,0,2,1,5,0.250000,0.000000,0.000000,0.000000,0.200000,false
VISUAL,0.963000,0,2,1,5,0.250000,0.000000,0.000000,0.000000,0.200000,false
VISUAL,0.964000,0,2,1,5,0.250000,0.000000,0.000000,0.000000,0.200000,false
VISUAL,0.965000,0,2,1,5,0.250000,0.000000,0.000000,0.000000,0.200000,false
VISUAL,0.966000,0,2,1,5,0.250000,0.000000,0.000000,0.000000,0.200000,false
VISUAL,0.967000,0,2,1,5,0.250000,0.000000,0.000000,0.000000,0.200000,false
VISUAL,0.968000,0,2,1,5,0.250000,0.000000,0.000000,0.000000,0.200000,false
VISUAL,0.969000,0,2,1,5,0.250000,0.000000,0.000000,0.000000,0.200000,false
VISUAL,0.970000,0,2,1,5,0.250000,0.000000,0.000000,0.000000,0.200000,false
VISUAL,0.971000,0,2,1,5,0.250000,0.000000,0.000000,0.000000,0.200000,false
VISUAL,0.972000,0,2,1,5,0.250000,0.000000,0.000000,0.000000,0.200000,false
VISUAL,0.973000,0,2,1,5,0.250000,0.000000,0.000000,0.000000,0.200000,false
VISUAL,0.974000,0,2,1,5,0.250000,0.000000,0.000000,0.000000,0.200000,false
VISUAL,0.975000,0,2,1,5,0.250000,0.000000,0.000000,0.000000,0.200000,false
VISUAL,0.976000,0,2,1,5,0.250000,0.000000,0.000000,0.000000,0.200000,false
VISUAL,0.977000,0,2,1,5,0.250000,0.000000,0.000000,0.000000,0.200000,false
VISUAL,0.978000,0,2,1,5,0.250000,0.000000,0.000000,0.000000,0.200000,false
VISUAL,0.979000,0,2,1,5,0.250000,0.000000,0.000000,0.000000,0.200000,false
VISUAL,0.980000,0,2,1,5,0.250000,0.000000,0.000000,0.000000,0.200000,false
VISUAL,0.981000,0,2,1,5,0.250000,0.000000,0.000000,0.000000,0.200000,false
VISUAL,0.982000,0,2,1,5,0.250000,0.000000,0.000000,0.000000,0.200000,false
VISUAL,0.983000,0,2,1,5,0.250000,0.000000,0.000000,0.000000,0.200000,false
VISUAL,0.984000,0,2,1,5,0.250000,0.000000,0.000000,0.000000,0.200000,false
VISUAL,0.985000,0,2,1,5,0.250000,0.000000,0.000000,0.000000,0.200000,false
VISUAL,0.986000,0,2,1,5,0.250000,0.000000,0.000000,0.000000,0.200000,false
VISUAL,0.987000,0,2,1,5,0.250000,0.000000,0.000000,0.000000,0.200000,false
VISUAL,0.988000,0,2,1,5,0.250000,0.000000,0.000000,0.000000,0.200000,false
VISUAL,0.989000,0,2,1,5,0.250000,0.000000,0.000000,0.000000,0.200000,false
VISUAL,0.990000,0,2,1,5,0.250000,0.000000,0.000000,0.000000,0.200000,false
VISUAL,0.991000,0,2,1,5,0.250000,0.000000,0.000000,0.000000,0.200000,false
VISUAL,0.992000,0,2,1,5,0.250000,0.000000,0.000000,0.000000,0.200000,false
VISUAL,0.993000,0,2,1,5,0.250000,0.000000,0.000000,0.000000,0.200000,false
VISUAL,0.994000,0,2,1,5,0.250000,0.000000,0.000000,0.000000,0.200000,false
VISUAL,0.995000,0,2,1,5,0.250000,0.000000,0.000000,0.000000,0.200000,false
VISUAL,0.996000,0,2,1,5,0.250000,0.000000,0.000000,0.000000,0.200000,false
VISUAL,0.997000,0,2,1,5,0.250000,0.000000,0.000000,0.000000,0.200000,false
VISUAL,0.998000,0,2,1,5,0.250000,0.000000,0.000000,0.000000,0.200000,false
VISUAL,0.999000,0,3,0,5,0.375000,0.000000,0.000000,0.000000,0.272727,false
VISUAL,1.000000,0,3,0,5,0.375000,0.000000,0.000000,0.000000,0.272727,false
TEXTUAL,0.000000,2,0,3,0,0.400000,0.400000,1.000000,0.571429,0.285714,false
TEXTUAL,0.001000,2,0,3,0,0.400000,0.400000,1.000000,0.571429,0.285714,false
TEXTUAL,0.002000,2,0,3,0,0.400000,0.400000,1.000000,0.571429,0.285714,false
TEXTUAL,0.003000,2,0,3,0,0.400000,0.400000,1.000000,0.571429,0.285714,false
TEXTUAL,0.004000,2,0,3,0,0.400000,0.400000,1.000000,0.571429,0.285714,false
TEXTUAL,0.005000,2,0,3,0,0.400000,0.400000,1.000000,0.571429,0.285714,false
TEXTUAL,0.006000,2,0,3,0,0.400000,0.400000,1.000000,0.571429,0.285714,false
TEXTUAL,0.007000,2,0,3,0,0.400000,0.400000,1.000000,0.571429,0.285714,false
TEXTUAL,0.008000,2,0,3,0,0.400000,0.400000,1.000000,0.571429,0.285714,false
TEXTUAL,0.009000,2,0,3,0,0.400000,0.400000,1.000000,0.571429,0.285714,false
TEXTUAL,0.010000,2,0,3,0,0.400000,0.400000,1.000000,0.571429,0.285714,false
TEXTUAL,0.011000,2,0,3,0,0.400000,0.400000,1.000000,0.571429,0.285714,false
TEXTUAL,0.012000,2,0,3,0,0.400000,0.400000,1.000000,0.571429,0.285714,false
TEXTUAL,0.013000,2,0,3,0,0.400000,0.400000,1.000000,0.571429,0.285714,false
TEXTUAL,0.014000,2,0,3,0,0.400000,0.400000,1.000000,0.571429,0.285714,false
TEXTUAL,0.015000,2,0,3,0,0.400000,0.400000,1.000000,0.571429,0.285714,false
TEXTUAL,0.016000,2,0,3,0,0.400000,0.400000,1.000000,0.571429,0.285714,false
TEXTUAL,0.017000,2,0,3,0,0.400000,0.400000,1.000000,0.571429,0.285714,false
TEXTUAL,0.018000,2,0,3,0,0.400000,0.400000,1.000000,0.571429,0.285714,false
TEXTUAL,0.019000,2,0,3,0,0.400000,0.400000,1.000000,0.571429,0.285714,false
TEXTUAL,0.020000,2,0,3,0,0.400000,0.400000,1.000000,0.571429,0.285714,false
TEXTUAL,0.021000,2,0,3,0,0.400000,0.400000,1.000000,0.571429,0.285714,false
TEXTUAL,0.022000,2,0,3,0,0.400000,0.400000,1.000000,0.571429,0.285714,false
TEXTUAL,0.023000,2,0,3,0,0.400000,0.400000,1.000000,0.571429,0.285714,false
TEXTUAL,0.024000,2,0,3,0,0.400000,0.400000,1.000000,0.571429,0.285714,false
TEXTUAL,0.025000,2,0,3,0,0.400000,0.400000,1.000000,0.571429,0.285714,false
TEXTUAL,0.026000,2,0,3,0,0.400000,0.400000,1.000000,0.571429,0.285714,false
TEXTUAL,0.027000,2,0,3,0,0.400000,0.400000,1.000000,0.571429,0.285714,false
TEXTUAL,0.028000,2,0,3,0,0.400000,0.400000,1.000000,0.571429,0.285714,false
TEXTUAL,0.029000,2,0,3,0,0.400000,0.400000,1.000000,0.571429,0.285714,false
TEXTUAL,0.030000,2,0,3,0,0.400000,0.400000,1.000000,0.571429,0.285714,false
TEXTUAL,0.031000,2,0,3,0,0.400000,0.400000,1.000000,0.571429,0.285714,false
TEXTUAL,0.032000,2,0,3,0,0.400000,0.400000,1.000000,0.571429,0.285714,false
TEXTUAL,0.033000,2,0,3,0,0.400000,0.400000,1.000000,0.571429,0.285714,false
TEXTUAL,0.034000,2,0,3,0,0.400000,0.400000,1.000000,0.571429,0.285714,false
TEXTUAL,0.035000,2,0,3,0,0.400000,0.400000,1.000000,0.571429,0.285714,false
TEXTUAL,0.036000,2,0,3,0,0.400000,0.400000,1.000000,0.571429,0.285714,false
TEXTUAL,0.037000,2,0,3,0,0.400000,0.400000,1.000000,0.571429,0.285714,false
TEXTUAL,0.038000,2,0,3,0,0.400000,0.400000,1.000000,0.571429,0.285714,false
TEXTUAL,0.039000,2,0,3,0,0.400000,0.400000,1.000000,0.571429,0.285714,false
TEXTUAL,0.040000,2,0,3,0,0.400000,0.400000,1.000000,0.571429,0.285714,false
TEXTUAL,0.041000,2,0,3,0,0.400000,0.400000,1.000000,0.571429,0.285714,false
TEXTUAL,0.042000,2,0,3,0,0.400000,0.400000,1.000000,0.571429,0.285714,false
TEXTUAL,0.043000,2,0,3,0,0.400000,0.400000,1.000000,0.571429,0.285714,false
TEXTUAL,0.044000,2,0,3,0,0.400000,0.400000,1.000000,0.571429,0.285714,false
TEXTUAL,0.045000,2,0,3,0,0.400000,0.400000,1.000000,0.571429,0.285714,false
TEXTUAL,0.046000,2,0,3,0,0.400000,0.400000,1.000000,0.571429,0.285714,false
TEXTUAL,0.047000,2,0,3,0,0.400000,0.400000,1.000000,0.571429,0.285714,false
TEXTUAL,0.048000,2,0,3,0,0.400000,0.400000,1.000000,0.571429,0.285714,false
TEXTUAL,0.049000,2,0,3,0,0.400000,0.400000,1.000000,0.571429,0.285714,false
TEXTUAL,0.050000,2,0,3,0,0.400000,0.400000,1.000000,0.571429,0.285714,false
TEXTUAL,0.051000,2,0,3,0,0.400000,0.400000,1.000000,0.571429,0.285714,false
TEXTUAL,0.052000,2,0,3,0,0.400000,0.400000,1.000000,0.571429,0.285714,false
TEXTUAL,0.053000,2,0,3,0,0.400000,0.400000,1.000000,0.571429,0.285714,false
TEXTUAL,0.054000,2,0,3,0,0.400000,0.400000,1.000000,0.571429,0.285714,false
TEXTUAL,0.055000,2,0,3,0,0.400000,0.400000,1.000000,0.571429,0.285714,false
TEXTUAL,0.056000,2,0,3,0,0.400000,0.400000,1.000000,0.571429,0.285714,false
TEXTUAL,0.057000,2,0,3,0,0.400000,0.400000,1.000000,0.571429,0.285714,false
TEXTUAL,0.058000,2,0,3,0,0.400000,0.400000,1.000000,0.571429,0.285714,false
TEXTUAL,0.059000,2,0,3,0,0.400000,0.400000,1.000000,0.571429,0.285714,false
TEXTUAL,0.060000,2,0,3,0,0.400000,0.400000,1.000000,0.571429,0.285714,false
TEXTUAL,0.061000,2,0,3,0,0.400000,0.400000,1.000000,0.571429,0.285714,false
TEXTUAL,0.062000,2,0,3,0,0.400000,0.400000,1.000000,0.571429,0.285714,false
TEXTUAL,0.063000,2,0,3,0,0.400000,0.400000,1.000000,0.571429,0.285714,false
TEXTUAL,0.064000,2,0,3,0,0.400000,0.400000,1.000000,0.571429,0.285714,false
TEXTUAL,0.065000,2,0,3,0,0.400000,0.400000,1.000000,0.571429,0.285714,false
TEXTUAL,0.066000,2,0,3,0,0.400000,0.400000,1.000000,0.571429,0.285714,false
TEXTUAL,0.067000,2,0,3,0,0.400000,0.400000,1.000000,0.571429,0.285714,false
TEXTUAL,0.068000,2,0,3,0,0.400000,0.400000,1.000000,0.571429,0.285714,false
TEXTUAL,0.069000,2,0,3,0,0.400000,0.400000,1.000000,0.571429,0.285714,false
TEXTUAL,0.070000,2,0,3,0,0.400000,0.400000,1.000000,0.571429,0.285714,false
TEXTUAL,0.071000,2,0,3,0,0.400000,0.400000,1.000000,0.571429,0.285714,false
TEXTUAL,0.072000,2,0,3,0,0.400000,0.400000,1.000000,0.571429,0.285714,false
TEXTUAL,0.073000,2,0,3,0,0.400000,0.400000,1.000000,0.571429,0.285714,false
TEXTUAL,0.074000,2,0,3,0,0.400000,0.400000,1.000000,0.571429,0.285714,false
TEXTUAL,0.075000,2,0,3,0,0.400000,0.400000,1.000000,0.571429,0.285714,false
TEXTUAL,0.076000,2,0,3,0,0.400000,0.400000,1.000000,0.571429,0.285714,false
TEXTUAL,0.077000,2,0,3,0,0.400000,0.400000,1.000000,0.571429,0.285714,false
TEXTUAL,0.078000,2,0,3,0,0.400000,0.400000,1.000000,0.571429,0.285714,false
TEXTUAL,0.079000,2,0,3,0,0.400000,0.400000,1.000000,0.571429,0.285714,false
TEXTUAL,0.080000,2,0,3,0,0.400000,0.400000,1.000000,0.571429,0.285714,false
TEXTUAL,0.081000,2,0,3,0,0.400000,0.400000,1.000000,0.571429,0.285714,false
TEXTUAL,0.082000,2,0,3,0,0.400000,0.400000,1.000000,0.571429,0.285714,false
TEXTUAL,0.083000,2,0,3,0,0.400000,0.400000,1.000000,0.571429,0.285714,false
TEXTUAL,0.084000,2,0,3,0,0.400000,0.400000,1.000000,0.571429,0.285714,false
TEXTUAL,0.085000,2,0,3,0,0.400000,0.400000,1.000000,0.571429,0.285714,false
TEXTUAL,0.086000,2,0,3,0,0.400000,0.400000,1.000000,0.571429,0.285714,false
TEXTUAL,0.087000,2,0,3,0,0.400000,0.400000,1.000000,0.571429,0.285714,false
TEXTUAL,0.088000,2,0,3,0,0.400000,0.400000,1.000000,0.571429,0.285714,false
TEXTUAL,0.089000,2,0,3,0,0.400000,0.400000,1.000000,0.571429,0.285714,false
TEXTUAL,0.090000,2,0,3,0,0.400000,0.400000,1.000000,0.571429,0.285714,false
TEXTUAL,0.091000,2,0,3,0,0.400000,0.400000,1.000000,0.571429,0.285714,false
TEXTUAL,0.092000,2,0,3,0,0.400000,0.400000,1.000000,0.571429,0.285714,false
TEXTUAL,0.093000,2,0,3,0,0.400000,0.400000,1.000000,0.571429,0.285714,false
TEXTUAL,0.094000,2,0,3,0,0.400000,0.400000,1.000000,0.571429,0.285714,false
TEXTUAL,0.095000,2,0,3,0,0.400000,0.400000,1.000000,0.571429,0.285714,false
TEXTUAL,0.096000,2,0,3,0,0.400000,0.400000,1.000000,0.571429,0.285714,false
TEXTUAL,0.097000,2,0,3,0,0.400000,0.400000,1.000000,0.571429,0.285714,false
TEXTUAL,0.098000,2,0,3,0,0.400000,0.400000,1.000000,0.571429,0.285714,false
TEXTUAL,0.099000,2,0,3,0,0.400000,0.400000,1.000000,0.571429,0.285714,false
TEXTUAL,0.100000,2,0,3,0,0.400000,0.400000,1.000000,0.571429,0.285714,false
TEXTUAL,0.101000,2,0,3,0,0.400000,0.400000,1.000000,0.571429,0.285714,false
TEXTUAL,0.102000,2,0,3,0,0.400000,0.400000,1.000000,0.571429,0.285714,false
TEXTUAL,0.103000,2,0,3,0,0.400000,0.400000,1.000000,0.571429,0.285714,false
TEXTUAL,0.104000,2,0,3,0,0.400000,0.400000,1.000000,0.571429,0.285714,false
TEXTUAL,0.105000,2,0,3,0,0.400000,0.400000,1.000000,0.571429,0.285714,false
TEXTUAL,0.106000,2,0,3,0,0.400000,0.400000,1.000000,0.571429,0.285714,false
TEXTUAL,0.107000,2,0,3,0,0.400000,0.400000,1.000000,0.571429,0.285714,false
TEXTUAL,0.108000,2,0,3,0,0.400000,0.400000,1.000000,0.571429,0.285714,false
TEXTUAL,0.109000,2,0,3,0,0.400000,0.400000,1.000000,0.571429,0.285714,false
TEXTUAL,0.110000,2,0,3,0,0.400000,0.400000,1.000000,0.571429,0.285714,false
TEXTUAL,0.111000,2,0,3,0,0.400000,0.400000,1.000000,0.571429,0.285714,false
TEXTUAL,0.112000,2,0,3,0,0.400000,0.400000,1.000000,0.571429,0.285714,false
TEXTUAL,0.113000,2,0,3,0,0.400000,0.400000,1.000000,0.571429,0.285714,false
TEXTUAL,0.114000,2,0,3,0,0.400000,0.400000,1.000000,0.571429,0.285714,false
TEXTUAL,0.115000,2,0,3,0,0.400000,0.400000,1.000000,0.571429,0.285714,false
TEXTUAL,0.116000,2,0,3,0,0.400000,0.400000,1.000000,0.571429,0.285714,false
TEXTUAL,0.117000,2,0,3,0,0.400000,0.400000,1.000000,0.571429,0.285714,false
TEXTUAL,0.118000,2,0,3,0,0.400000,0.400000,1.000000,0.571429,0.285714,false
TEXTUAL,0.119000,2,0,3,0,0.400000,0.400000,1.000000,0.571429,0.285714,false
TEXTUAL,0.120000,2,0,3,0,0.400000,0.400000,1.000000,0.571429,0.285714,false
TEXTUAL,0.121000,2,0,3,0,0.400000,0.400000,1.000000,0.571429,0.285714,false
TEXTUAL,0.122000,2,0,3,0,0.400000,0.400000,1.000000,0.571429,0.285714,false
TEXTUAL,0.123000,2,0,3,0,0.400000,0.400000,1.000000,0.571429,0.285714,false
TEXTUAL,0.124000,2,0,3,0,0.400000,0.400000,1.000000,0.571429,0.285714,false
TEXTUAL,0.125000,2,0,3,0,0.400000,0.400000,1.000000,0.571429,0.285714,false
TEXTUAL,0.126000,2,0,3,0,0.400000,0.400000,1.000000,0.571429,0.285714,false
TEXTUAL,0.127000,2,0,3,0,0.400000,0.400000,1.000000,0.571429,0.285714,false
TEXTUAL,0.128000,2,0,3,0,0.400000,0.400000,1.000000,0.571429,0.285714,false
TEXTUAL,0.129000,2,0,3,0,0.400000,0.400000,1.000000,0.571429,0.285714,false
TEXTUAL,0.130000,2,0,3,0,0.400000,0.400000,1.000000,0.571429,0.285714,false
TEXTUAL,0.131000,2,0,3,0,0.400000,0.400000,1.000000,0.571429,0.285714,false
TEXTUAL,0.132000,2,0,3,0,0.400000,0.400000,1.000000,0.571429,0.285714,false
TEXTUAL,0.133000,2,0,3,0,0.400000,0.400000,1.000000,0.571429,0.285714,false
TEXTUAL,0.134000,2,0,3,0,0.400000,0.400000,1.000000,0.571429,0.285714,false
TEXTUAL,0.135000,2,0,3,0,0.400000,0.400000,1.000000,0.571429,0.285714,false
TEXTUAL,0.136000,2,0,3,0,0.400000,0.400000,1.000000,0.571429,0.285714,false
TEXTUAL,0.137000,2,0,3,0,0.400000,0.400000,1.000000,0.571429,0.285714,false
TEXTUAL,0.138000,2,0,3,0,0.400000,0.400000,1.000000,0.571429,0.285714,false
TEXTUAL,0.139000,2,0,3,0,0.400000,0.400000,1.000000,0.571429,0.285714,false
TEXTUAL,0.140000,2,0,3,0,0.400000,0.400000,1.000000,0.571429,0.285714,false
TEXTUAL,0.141000,2,0,3,0,0.400000,0.400000,1.000000,0.571429,0.285714,false
TEXTUAL,0.142000,2,0,3,0,0.400000,0.400000,1.000000,0.571429,0.285714,false
TEXTUAL,0.143000,2,0,3,0,0.400000,0.400000,1.000000,0.571429,0.285714,false
TEXTUAL,0.144000,2,0,3,0,0.400000,0.400000,1.000000,0.571429,0.285714,false
TEXTUAL,0.145000,2,0,3,0,0.400000,0.400000,1.000000,0.571429,0.285714,false
TEXTUAL,0.146000,2,0,3,0,0.400000,0.400000,1.000000,0.571429,0.285714,false
TEXTUAL,0.147000,2,0,3,0,0.400000,0.400000,1.000000,0.571429,0.285714,false
TEXTUAL,0.148000,2,0,3,0,0.400000,0.400000,1.000000,0.571429,0.285714,false
TEXTUAL,0.149000,2,0,3,0,0.400000,0.400000,1.000000,0.571429,0.285714,false
TEXTUAL,0.150000,2,0,3,0,0.400000,0.400000,1.000000,0.571429,0.285714,false
TEXTUAL,0.151000,2,0,3,0,0.400000,0.400000,1.000000,0.571429,0.285714,false
TEXTUAL,0.152000,2,0,3,0,0.400000,0.400000,1.000000,0.571429,0.285714,false
TEXTUAL,0.153000,2,0,3,0,0.400000,0.400000,1.000000,0.571429,0.285714,false
TEXTUAL,0.154000,2,0,3,0,0.400000,0.400000,1.000000,0.571429,0.285714,false
TEXTUAL,0.155000,2,0,3,0,0.400000,0.400000,1.000000,0.571429,0.285714,false
TEXTUAL,0.156000,2,0,3,0,0.400000,0.400000,1.000000,0.571429,0.285714,false
TEXTUAL,0.157000,2,0,3,0,0.400000,0.400000,1.000000,0.571429,0.285714,false
TEXTUAL,0.158000,2,0,3,0,0.400000,0.400000,1.000000,0.571429,0.285714,false
TEXTUAL,0.159000,2,0,3,0,0.400000,0.400000,1.000000,0.571429,0.285714,false
TEXTUAL,0.160000,2,0,3,0,0.400000,0.400000,1.000000,0.571429,0.285714,false
TEXTUAL,0.161000,2,0,3,0,0.400000,0.400000,1.000000,0.571429,0.285714,false
TEXTUAL,0.162000,2,0,3,0,0.400000,0.400000,1.000000,0.571429,0.285714,false
TEXTUAL,0.163000,2,0,3,0,0.400000,0.400000,1.000000,0.571429,0.285714,false
TEXTUAL,0.164000,2,0,3,0,0.400000,0.400000,1.000000,0.571429,0.285714,false
TEXTUAL,0.165000,2,0,3,0,0.400000,0.400000,1.000000,0.571429,0.285714,false
TEXTUAL,0.166000,2,0,3,0,0.400000,0.400000,1.000000,0.571429,0.285714,false
TEXTUAL,0.167000,2,0,3,0,0.400000,0.400000,1.000000,0.571429,0.285714,false
TEXTUAL,0.168000,2,0,3,0,0.400000,0.400000,1.000000,0.571429,0.285714,false
TEXTUAL,0.169000,2,0,3,0,0.400000,0.400000,1.000000,0.571429,0.285714,false
TEXTUAL,0.170000,2,0,3,0,0.400000,0.400000,1.000000,0.571429,0.285714,false
TEXTUAL,0.171000,2,0,3,0,0.400000,0.400000,1.000000,0.571429,0.285714,false
TEXTUAL,0.172000,2,0,3,0,0.400000,0.400000,1.000000,0.571429,0.285714,false
TEXTUAL,0.173000,2,0,3,0,0.400000,0.400000,1.000000,0.571429,0.285714,false
TEXTUAL,0.174000,2,0,3,0,0.400000,0.400000,1.000000,0.571429,0.285714,false
TEXTUAL,0.175000,2,0,3,0,0.400000,0.400000,1.000000,0.571429,0.285714,false
TEXTUAL,0.176000,2,0,3,0,0.400000,0.400000,1.000000,0.571429,0.285714,false
TEXTUAL,0.177000,2,0,3,0,0.400000,0.400000,1.000000,0.571429,0.285714,false
TEXTUAL,0.178000,2,0,3,0,0.400000,0.400000,1.000000,0.571429,0.285714,false
TEXTUAL,0.179000,2,0,3,0,0.400000,0.400000,1.000000,0.571429,0.285714,false
TEXTUAL,0.180000,2,0,3,0,0.400000,0.400000,1.000000,0.571429,0.285714,false
TEXTUAL,0.181000,2,0,3,0,0.400000,0.400000,1.000000,0.571429,0.285714,false
TEXTUAL,0.182000,2,0,3,0,0.400000,0.400000,1.000000,0.571429,0.285714,false
TEXTUAL,0.183000,2,0,3,0,0.400000,0.400000,1.000000,0.571429,0.285714,false
TEXTUAL,0.184000,2,0,3,0,0.400000,0.400000,1.000000,0.571429,0.285714,false
TEXTUAL,0.185000,2,0,3,0,0.400000,0.400000,1.000000,0.571429,0.285714,false
TEXTUAL,0.186000,2,0,3,0,0.400000,0.400000,1.000000,0.571429,0.285714,false
TEXTUAL,0.187000,2,0,3,0,0.400000,0.400000,1.000000,0.571429,0.285714,false
TEXTUAL,0.188000,2,0,3,0,0.400000,0.400000,1.000000,0.571429,0.285714,false
TEXTUAL,0.189000,2,0,3,0,0.400000,0.400000,1.000000,0.571429,0.285714,false
TEXTUAL,0.190000,2,0,3,0,0.400000,0.400000,1.000000,0.571429,0.285714,false
TEXTUAL,0.191000,2,0,3,0,0.400000,0.400000,1.000000,0.571429,0.285714,false
TEXTUAL,0.192000,2,0,3,0,0.400000,0.400000,1.000000,0.571429,0.285714,false
TEXTUAL,0.193000,2,0,3,0,0.400000,0.400000,1.000000,0.571429,0.285714,false
TEXTUAL,0.194000,2,0,3,0,0.400000,0.400000,1.000000,0.571429,0.285714,false
TEXTUAL,0.195000,2,0,3,0,0.400000,0.400000,1.000000,0.571429,0.285714,false
TEXTUAL,0.196000,2,0,3,0,0.400000,0.400000,1.000000,0.571429,0.285714,false
TEXTUAL,0.197000,2,0,3,0,0.400000,0.400000,1.000000,0.571429,0.285714,false
TEXTUAL,0.198000,2,0,3,0,0.400000,0.400000,1.000000,0.571429,0.285714,false
TEXTUAL,0.199000,2,0,3,0,0.400000,0.400000,1.000000,0.571429,0.285714,false
TEXTUAL,0.200000,2,0,3,0,0.400000,0.400000,1.000000,0.571429,0.285714,false
TEXTUAL,0.201000,2,0,3,0,0.400000,0.400000,1.000000,0.571429,0.285714,false
TEXTUAL,0.202000,2,0,3,0,0.400000,0.400000,1.000000,0.571429,0.285714,false
TEXTUAL,0.203000,2,0,3,0,0.400000,0.400000,1.000000,0.571429,0.285714,false
TEXTUAL,0.204000,2,0,3,0,0.400000,0.400000,1.000000,0.571429,0.285714,false
TEXTUAL,0.205000,2,0,3,0,0.400000,0.400000,1.000000,0.571429,0.285714,false
TEXTUAL,0.206000,2,0,3,0,0.400000,0.400000,1.000000,0.571429,0.285714,false
TEXTUAL,0.207000,2,0,3,0,0.400000,0.400000,1.000000,0.571429,0.285714,false
TEXTUAL,0.208000,2,0,3,0,0.400000,0.400000,1.000000,0.571429,0.285714,false
TEXTUAL,0.209000,2,0,3,0,0.400000,0.400000,1.000000,0.571429,0.285714,false
TEXTUAL,0.210000,2,0,3,0,0.400000,0.400000,1.000000,0.571429,0.285714,false
TEXTUAL,0.211000,2,0,3,0,0.400000,0.400000,1.000000,0.571429,0.285714,false
TEXTUAL,0.212000,2,0,3,0,0.400000,0.400000,1.000000,0.571429,0.285714,false
TEXTUAL,0.213000,2,0,3,0,0.400000,0.400000,1.000000,0.571429,0.285714,false
TEXTUAL,0.214000,2,0,3,0,0.400000,0.400000,1.000000,0.571429,0.285714,false
TEXTUAL,0.215000,2,0,3,0,0.400000,0.400000,1.000000,0.571429,0.285714,false
TEXTUAL,0.216000,2,0,3,0,0.400000,0.400000,1.000000,0.571429,0.285714,false
TEXTUAL,0.217000,2,0,3,0,0.400000,0.400000,1.000000,0.571429,0.285714,false
TEXTUAL,0.218000,2,0,3,0,0.400000,0.400000,1.000000,0.571429,0.285714,false
TEXTUAL,0.219000,2,0,3,0,0.400000,0.400000,1.000000,0.571429,0.285714,false
TEXTUAL,0.220000,2,0,3,0,0.400000,0.400000,1.000000,0.571429,0.285714,false
TEXTUAL,0.221000,2,0,3,0,0.400000,0.400000,1.000000,0.571429,0.285714,false
TEXTUAL,0.222000,2,0,3,0,0.400000,0.400000,1.000000,0.571429,0.285714,false
TEXTUAL,0.223000,2,0,3,0,0.400000,0.400000,1.000000,0.571429,0.285714,false
TEXTUAL,0.224000,2,0,3,0,0.400000,0.400000,1.000000,0.571429,0.285714,false
TEXTUAL,0.225000,2,0,3,0,0.400000,0.400000,1.000000,0.571429,0.285714,false
TEXTUAL,0.226000,2,0,3,0,0.400000,0.400000,1.000000,0.571429,0.285714,false
TEXTUAL,0.227000,2,0,3,0,0.400000,0.400000,1.000000,0.571429,0.285714,false
TEXTUAL,0.228000,2,0,3,0,0.400000,0.400000,1.000000,0.571429,0.285714,false
TEXTUAL,0.229000,2,0,3,0,0.400000,0.400000,1.000000,0.571429,0.285714,false
TEXTUAL,0.230000,2,0,3,0,0.400000,0.400000,1.000000,0.571429,0.285714,false
TEXTUAL,0.231000,2,0,3,0,0.400000,0.400000,1.000000,0.571429,0.285714,false
TEXTUAL,0.232000,2,0,3,0,0.400000,0.400000,1.000000,0.571429,0.285714,false
TEXTUAL,0.233000,2,0,3,0,0.400000,0.400000,1.000000,0.571429,0.285714,false
TEXTUAL,0.234000,2,0,3,0,0.400000,0.400000,1.000000,0.571429,0.285714,false
TEXTUAL,0.235000,2,0,3,0,0.400000,0.400000,1.000000,0.571429,0.285714,false
TEXTUAL,0.236000,2,0,3,0,0.400000,0.400000,1.000000,0.571429,0.285714,false
TEXTUAL,0.237000,2,0,3,0,0.400000,0.400000,1.000000,0.571429,0.285714,false
TEXTUAL,0.238000,2,0,3,0,0.400000,0.400000,1.000000,0.571429,0.285714,false
TEXTUAL,0.239000,2,0,3,0,0.400000,0.400000,1.000000,0.571429,0.285714,false
TEXTUAL,0.240000,2,0,3,0,0.400000,0.400000,1.000000,0.571429,0.285714,false
TEXTUAL,0.241000,2,0,3,0,0.400000,0.400000,1.000000,0.571429,0.285714,false
TEXTUAL,0.242000,2,0,3,0,0.400000,0.400000,1.000000,0.571429,0.285714,false
TEXTUAL,0.243000,2,0,3,0,0.400000,0.400000,1.000000,0.571429,0.285714,false
TEXTUAL,0.244000,2,0,3,0,0.400000,0.400000,1.000000,0.571429,0.285714,false
TEXTUAL,0.245000,2,0,3,0,0.400000,0.400000,1.000000,0.571429,0.285714,false
TEXTUAL,0.246000,2,0,3,0,0.400000,0.400000,1.000000,0.571429,0.285714,false
TEXTUAL,0.247000,2,0,3,0,0.400000,0.400000,1.000000,0.571429,0.285714,false
TEXTUAL,0.248000,2,0,3,0,0.400000,0.400000,1.000000,0.571429,0.285714,false
TEXTUAL,0.249000,2,0,3,0,0.400000,0.400000,1.000000,0.571429,0.285714,false
TEXTUAL,0.250000,2,0,3,0,0.400000,0.400000,1.000000,0.571429,0.285714,false
TEXTUAL,0.251000,2,0,3,0,0.400000,0.400000,1.000000,0.571429,0.285714,false
TEXTUAL,0.252000,2,0,3,0,0.400000,0.400000,1.000000,0.571429,0.285714,false
TEXTUAL,0.253000,2,0,3,0,0.400000,0.400000,1.000000,0.571429,0.285714,false
TEXTUAL,0.254000,2,0,3,0,0.400000,0.400000,1.000000,0.571429,0.285714,false
TEXTUAL,0.255000,2,0,3,0,0.400000,0.400000,1.000000,0.571429,0.285714,false
TEXTUAL,0.256000,2,0,3,0,0.400000,0.400000,1.000000,0.571429,0.285714,false
TEXTUAL,0.257000,2,0,3,0,0.400000,0.400000,1.000000,0.571429,0.285714,false
TEXTUAL,0.258000,2,0,3,0,0.400000,0.400000,1.000000,0.571429,0.285714,false
TEXTUAL,0.259000,2,0,3,0,0.400000,0.400000,1.000000,0.571429,0.285714,false
TEXTUAL,0.260000,2,0,3,0,0.400000,0.400000,1.000000,0.571429,0.285714,false
TEXTUAL,0.261000,2,0,3,0,0.400000,0.400000,1.000000,0.571429,0.285714,false
TEXTUAL,0.262000,2,0,3,0,0.400000,0.400000,1.000000,0.571429,0.285714,false
TEXTUAL,0.263000,2,0,3,0,0.400000,0.400000,1.000000,0.571429,0.285714,false
TEXTUAL,0.264000,2,0,3,0,0.400000,0.400000,1.000000,0.571429,0.285714,false
TEXTUAL,0.265000,2,0,3,0,0.400000,0.400000,1.000000,0.571429,0.285714,false
TEXTUAL,0.266000,2,0,3,0,0.400000,0.400000,1.000000,0.571429,0.285714,false
TEXTUAL,0.267000,2,0,3,0,0.400000,0.400000,1.000000,0.571429,0.285714,false
TEXTUAL,0.268000,2,0,3,0,0.400000,0.400000,1.000000,0.571429,0.285714,false
TEXTUAL,0.269000,2,0,3,0,0.400000,0.400000,1.000000,0.571429,0.285714,false
TEXTUAL,0.270000,2,0,3,0,0.400000,0.400000,1.000000,0.571429,0.285714,false
TEXTUAL,0.271000,2,0,3,0,0.400000,0.400000,1.000000,0.571429,0.285714,false
TEXTUAL,0.272000,2,0,3,0,0.400000,0.400000,1.000000,0.571429,0.285714,false
TEXTUAL,0.273000,2,0,3,0,0.400000,0.400000,1.000000,0.571429,0.285714,false
TEXTUAL,0.274000,2,0,3,0,0.400000,0.400000,1.000000,0.571429,0.285714,false
TEXTUAL,0.275000,2,0,3,0,0.400000,0.400000,1.000000,0.571429,0.285714,false
TEXTUAL,0.276000,2,0,3,0,0.400000,0.400000,1.000000,0.571429,0.285714,false
TEXTUAL,0.277000,2,0,3,0,0.400000,0.400000,1.000000,0.571429,0.285714,false
TEXTUAL,0.278000,2,0,3,0,0.400000,0.400000,1.000000,0.571429,0.285714,false
TEXTUAL,0.279000,2,0,3,0,0.400000,0.400000,1.000000,0.571429,0.285714,false
TEXTUAL,0.280000,2,0,3,0,0.400000,0.400000,1.000000,0.571429,0.285714,false
TEXTUAL,0.281000,2,0,3,0,0.400000,0.400000,1.000000,0.571429,0.285714,false
TEXTUAL,0.282000,2,0,3,0,0.400000,0.400000,1.000000,0.571429,0.285714,false
TEXTUAL,0.283000,2,0,3,0,0.400000,0.400000,1.000000,0.571429,0.285714,false
TEXTUAL,0.284000,2,0,3,0,0.400000,0.400000,1.000000,0.571429,0.285714,false
TEXTUAL,0.285000,2,0,3,0,0.400000,0.400000,1.000000,0.571429,0.285714,false
TEXTUAL,0.286000,2,0,3,0,0.400000,0.400000,1.000000,0.571429,0.285714,false
TEXTUAL,0.287000,2,0,3,0,0.400000,0.400000,1.000000,0.571429,0.285714,false
TEXTUAL,0.288000,2,0,3,0,0.400000,0.400000,1.000000,0.571429,0.285714,false
TEXTUAL,0.289000,2,0,3,0,0.400000,0.400000,1.000000,0.571429,0.285714,false
TEXTUAL,0.290000,2,0,3,0,0.400000,0.400000,1.000000,0.571429,0.285714,false
TEXTUAL,0.291000,2,0,3,0,0.400000,0.400000,1.000000,0.571429,0.285714,false
TEXTUAL,0.292000,2,0,3,0,0.400000,0.400000,1.000000,0.571429,0.285714,false
TEXTUAL,0.293000,2,0,3,0,0.400000,0.400000,1.000000,0.571429,0.285714,false
TEXTUAL,0.294000,2,0,3,0,0.400000,0.400000,1.000000,0.571429,0.285714,false
TEXTUAL,0.295000,2,0,3,0,0.400000,0.400000,1.000000,0.571429,0.285714,false
TEXTUAL,0.296000,2,0,3,0,0.400000,0.400000,1.000000,0.571429,0.285714,false
TEXTUAL,0.297000,2,0,3,0,0.400000,0.400000,1.000000,0.571429,0.285714,false
TEXTUAL,0.298000,2,0,3,0,0.400000,0.400000,1.000000,0.571429,0.285714,false
TEXTUAL,0.299000,2,0,3,0,0.400000,0.400000,1.000000,0.571429,0.285714,false
TEXTUAL,0.300000,2,0,3,0,0.400000,0.400000,1.000000,0.571429,0.285714,false
TEXTUAL,0.301000,2,0,3,0,0.400000,0.400000,1.000000,0.571429,0.285714,false
TEXTUAL,0.302000,2,0,3,0,0.400000,0.400000,1.000000,0.571429,0.285714,false
TEXTUAL,0.303000,2,0,3,0,0.400000,0.400000,1.000000,0.571429,0.285714,false
TEXTUAL,0.304000,2,0,3,0,0.400000,0.400000,1.000000,0.571429,0.285714,false
TEXTUAL,0.305000,2,0,3,0,0.400000,0.400000,1.000000,0.571429,0.285714,false
TEXTUAL,0.306000,2,0,3,0,0.400000,0.400000,1.000000,0.571429,0.285714,false
TEXTUAL,0.307000,2,0,3,0,0.400000,0.400000,1.000000,0.571429,0.285714,false
TEXTUAL,0.308000,2,0,3,0,0.400000,0.400000,1.000000,0.571429,0.285714,false
TEXTUAL,0.309000,2,0,3,0,0.400000,0.400000,1.000000,0.571429,0.285714,false
TEXTUAL,0.310000,2,0,3,0,0.400000,0.400000,1.000000,0.571429,0.285714,false
TEXTUAL,0.311000,2,0,3,0,0.400000,0.400000,1.000000,0.571429,0.285714,false
TEXTUAL,0.312000,2,0,3,0,0.400000,0.400000,1.000000,0.571429,0.285714,false
TEXTUAL,0.313000,2,0,3,0,0.400000,0.400000,1.000000,0.571429,0.285714,false
TEXTUAL,0.314000,2,0,3,0,0.400000,0.400000,1.000000,0.571429,0.285714,false
TEXTUAL,0.315000,2,0,3,0,0.400000,0.400000,1.000000,0.571429,0.285714,false
TEXTUAL,0.316000,2,0,3,0,0.400000,0.400000,1.000000,0.571429,0.285714,false
TEXTUAL,0.317000,2,0,3,0,0.400000,0.400000,1.000000,0.571429,0.285714,false
TEXTUAL,0.318000,2,0,3,0,0.400000,0.400000,1.000000,0.571429,0.285714,false
TEXTUAL,0.319000,2,0,3,0,0.400000,0.400000,1.000000,0.571429,0.285714,false
TEXTUAL,0.320000,2,0,3,0,0.400000,0.400000,1.000000,0.571429,0.285714,false
TEXTUAL,0.321000,2,0,3,0,0.400000,0.400000,1.000000,0.571429,0.285714,false
TEXTUAL,0.322000,2,0,3,0,0.400000,0.400000,1.000000,0.571429,0.285714,false
TEXTUAL,0.323000,2,0,3,0,0.400000,0.400000,1.000000,0.571429,0.285714,false
TEXTUAL,0.324000,2,0,3,0,0.400000,0.400000,1.000000,0.571429,0.285714,false
TEXTUAL,0.325000,2,0,3,0,0.400000,0.400000,1.000000,0.571429,0.285714,false
TEXTUAL,0.326000,2,0,3,0,0.400000,0.400000,1.000000,0.571429,0.285714,false
TEXTUAL,0.327000,2,0,3,0,0.400000,0.400000,1.000000,0.571429,0.285714,false
TEXTUAL,0.328000,2,0,3,0,0.400000,0.400000,1.000000,0.571429,0.285714,false
TEXTUAL,0.329000,2,0,3,0,0.400000,0.400000,1.000000,0.571429,0.285714,false
TEXTUAL,0.330000,2,0,3,0,0.400000,0.400000,1.000000,0.571429,0.285714,false
TEXTUAL,0.331000,2,0,3,0,0.400000,0.400000,1.000000,0.571429,0.285714,false
TEXTUAL,0.332000,2,0,3,0,0.400000,0.400000,1.000000,0.571429,0.285714,false
TEXTUAL,0.333000,2,0,3,0,0.400000,0.400000,1.000000,0.571429,0.285714,false
TEXTUAL,0.334000,2,0,3,0,0.400000,0.400000,1.000000,0.571429,0.285714,false
TEXTUAL,0.335000,2,0,3,0,0.400000,0.400000,1.000000,0.571429,0.285714,false
TEXTUAL,0.336000,2,0,3,0,0.400000,0.400000,1.000000,0.571429,0.285714,false
TEXTUAL,0.337000,2,0,3,0,0.400000,0.400000,1.000000,0.571429,0.285714,false
TEXTUAL,0.338000,2,0,3,0,0.400000,0.400000,1.000000,0.571429,0.285714,false
TEXTUAL,0.339000,2,0,3,0,0.400000,0.400000,1.000000,0.571429,0.285714,false
TEXTUAL,0.340000,2,0,3,0,0.400000,0.400000,1.000000,0.571429,0.285714,false
TEXTUAL,0.341000,2,0,3,0,0.400000,0.400000,1.000000,0.571429,0.285714,false
TEXTUAL,0.342000,2,0,3,0,0.400000,0.400000,1.000000,0.571429,0.285714,false
TEXTUAL,0.343000,2,0,3,0,0.400000,0.400000,1.000000,0.571429,0.285714,false
TEXTUAL,0.344000,2,0,3,0,0.400000,0.400000,1.000000,0.571429,0.285714,false
TEXTUAL,0.345000,2,0,3,0,0.400000,0.400000,1.000000,0.571429,0.285714,false
TEXTUAL,0.346000,2,0,3,0,0.400000,0.400000,1.000000,0.571429,0.285714,false
TEXTUAL,0.347000,2,0,3,0,0.400000,0.400000,1.000000,0.571429,0.285714,false
TEXTUAL,0.348000,2,0,3,0,0.400000,0.400000,1.000000,0.571429,0.285714,false
TEXTUAL,0.349000,2,0,3,0,0.400000,0.400000,1.000000,0.571429,0.285714,false
TEXTUAL,0.350000,2,0,3,0,0.400000,0.400000,1.000000,0.571429,0.285714,false
TEXTUAL,0.351000,2,0,3,0,0.400000,0.400000,1.000000,0.571429,0.285714,false
TEXTUAL,0.352000,2,0,3,0,0.400000,0.400000,1.000000,0.571429,0.285714,false
TEXTUAL,0.353000,2,0,3,0,0.400000,0.400000,1.000000,0.571429,0.285714,false
TEXTUAL,0.354000,2,0,3,0,0.400000,0.400000,1.000000,0.571429,0.285714,false
TEXTUAL,0.355000,2,0,3,0,0.400000,0.400000,1.000000,0.571429,0.285714,false
TEXTUAL,0.356000,2,0,3,0,0.400000,0.400000,1.000000,0.571429,0.285714,false
TEXTUAL,0.357000,2,0,3,0,0.400000,0.400000,1.000000,0.571429,0.285714,false
TEXTUAL,0.358000,2,0,3,0,0.400000,0.400000,1.000000,0.571429,0.285714,false
TEXTUAL,0.359000,2,0,3,0,0.400000,0.400000,1.000000,0.571429,0.285714,false
TEXTUAL,0.360000,2,0,3,0,0.400000,0.400000,1.000000,0.571429,0.285714,false
TEXTUAL,0.361000,2,0,3,0,0.400000,0.400000,1.000000,0.571429,0.285714,false
TEXTUAL,0.362000,2,0,3,0,0.400000,0.400000,1.000000,0.571429,0.285714,false
TEXTUAL,0.363000,2,0,3,0,0.400000,0.400000,1.000000,0.571429,0.285714,false
TEXTUAL,0.364000,2,0,3,0,0.400000,0.400000,1.000000,0.571429,0.285714,false
TEXTUAL,0.365000,2,0,3,0,0.400000,0.400000,1.000000,0.571429,0.285714,false
TEXTUAL,0.366000,2,0,3,0,0.400000,0.400000,1.000000,0.571429,0.285714,false
TEXTUAL,0.367000,2,0,3,0,0.400000,0.400000,1.000000,0.571429,0.285714,false
TEXTUAL,0.368000,2,0,3,0,0.400000,0.400000,1.000000,0.571429,0.285714,false
TEXTUAL,0.369000,2,0,3,0,0.400000,0.400000,1.000000,0.571429,0.285714,false
TEXTUAL,0.370000,2,0,3,0,0.400000,0.400000,1.000000,0.571429,0.285714,false
TEXTUAL,0.371000,2,0,3,0,0.400000,0.400000,1.000000,0.571429,0.285714,false
TEXTUAL,0.372000,2,0,3,0,0.400000,0.400000,1.000000,0.571429,0.285714,false
TEXTUAL,0.373000,2,0,3,0,0.400000,0.400000,1.000000,0.571429,0.285714,false
TEXTUAL,0.374000,2,0,3,0,0.400000,0.400000,1.000000,0.571429,0.285714,false
TEXTUAL,0.375000,2,0,3,0,0.400000,0.400000,1.000000,0.571429,0.285714,false
TEXTUAL,0.376000,2,0,3,0,0.400000,0.400000,1.000000,0.571429,0.285714,false
TEXTUAL,0.377000,2,0,3,0,0.400000,0.400000,1.000000,0.571429,0.285714,false
TEXTUAL,0.378000,2,0,3,0,0.400000,0.400000,1.000000,0.571429,0.285714,false
TEXTUAL,0.379000,2,0,3,0,0.400000,0.400000,1.000000,0.571429,0.285714,false
TEXTUAL,0.380000,2,0,3,0,0.400000,0.400000,1.000000,0.571429,0.285714,false
TEXTUAL,0.381000,2,0,3,0,0.400000,0.400000,1.000000,0.571429,0.285714,false
TEXTUAL,0.382000,2,0,3,0,0.400000,0.400000,1.000000,0.571429,0.285714,false
TEXTUAL,0.383000,2,0,3,0,0.400000,0.400000,1.000000,0.571429,0.285714,false
TEXTUAL,0.384000,2,0,3,0,0.400000,0.400000,1.000000,0.571429,0.285714,false
TEXTUAL,0.385000,2,0,3,0,0.400000,0.400000,1.000000,0.571429,0.285714,false
TEXTUAL,0.386000,2,0,3,0,0.400000,0.400000,1.000000,0.571429,0.285714,false
TEXTUAL,0.387000,2,0,3,0,0.400000,0.400000,1.000000,0.571429,0.285714,false
TEXTUAL,0.388000,2,0,3,0,0.400000,0.400000,1.000000,0.571429,0.285714,false
TEXTUAL,0.389000,2,0,3,0,0.400000,0.400000,1.000000,0.571429,0.285714,false
TEXTUAL,0.390000,2,0,3,0,0.400000,0.400000,1.000000,0.571429,0.285714,false
TEXTUAL,0.391000,2,0,3,0,0.400000,0.400000,1.000000,0.571429,0.285714,false
TEXTUAL,0.392000,2,0,3,0,0.400000,0.400000,1.000000,0.571429,0.285714,false
TEXTUAL,0.393000,2,0,3,0,0.400000,0.400000,1.000000,0.571429,0.285714,false
TEXTUAL,0.394000,2,0,3,0,0.400000,0.400000,1.000000,0.571429,0.285714,false
TEXTUAL,0.395000,2,0,3,0,0.400000,0.400000,1.000000,0.571429,0.285714,false
TEXTUAL,0.396000,2,0,3,0,0.400000,0.400000,1.000000,0.571429,0.285714,false
TEXTUAL,0.397000,2,0,3,0,0.400000,0.400000,1.000000,0.571429,0.285714,false
TEXTUAL,0.398000,2,0,3,0,0.400000,0.400000,1.000000,0.571429,0.285714,false
TEXTUAL,0.399000,2,0,3,0,0.400000,0.400000,1.000000,0.571429,0.285714,false
TEXTUAL,0.400000,2,0,3,0,0.400000,0.400000,1.000000,0.571429,0.285714,false
TEXTUAL,0.401000,2,0,3,0,0.400000,0.400000,1.000000,0.571429,0.285714,false
TEXTUAL,0.402000,2,0,3,0,0.400000,0.400000,1.000000,0.571429,0.285714,false
TEXTUAL,0.403000,2,0,3,0,0.400000,0.400000,1.000000,0.571429,0.285714,false
TEXTUAL,0.404000,2,0,3,0,0.400000,0.400000,1.000000,0.571429,0.285714,false
TEXTUAL,0.405000,2,0,3,0,0.400000,0.400000,1.000000,0.571429,0.285714,false
TEXTUAL,0.406000,2,0,3,0,0.400000,0.400000,1.000000,0.571429,0.285714,false
TEXTUAL,0.407000,2,0,3,0,0.400000,0.400000,1.000000,0.571429,0.285714,false
TEXTUAL,0.408000,2,0,3,0,0.400000,0.400000,1.000000,0.571429,0.285714,false
TEXTUAL,0.409000,2,0,3,0,0.400000,0.400000,1.000000,0.571429,0.285714,false
TEXTUAL,0.410000,2,0,3,0,0.400000,0.400000,1.000000,0.571429,0.285714,false
TEXTUAL,0.411000,2,0,3,0,0.400000,0.400000,1.000000,0.571429,0.285714,false
TEXTUAL,0.412000,2,0,3,0,0.400000,0.400000,1.000000,0.571429,0.285714,false
TEXTUAL,0.413000,2,0,3,0,0.400000,0.400000,1.000000,0.571429,0.285714,false
TEXTUAL,0.414000,2,0,3,0,0.400000,0.400000,1.000000,0.571429,0.285714,false
TEXTUAL,0.415000,2,0,3,0,0.400000,0.400000,1.000000,0.571429,0.285714,false
TEXTUAL,0.416000,2,0,3,0,0.400000,0.400000,1.000000,0.571429,0.285714,false
TEXTUAL,0.417000,2,0,3,0,0.400000,0.400000,1.000000,0.571429,0.285714,false
TEXTUAL,0.418000,2,0,3,0,0.400000,0.400000,1.000000,0.571429,0.285714,false
TEXTUAL,0.419000,2,0,3,0,0.400000,0.400000,1.000000,0.571429,0.285714,false
TEXTUAL,0.420000,2,0,3,0,0.400000,0.400000,1.000000,0.571429,0.285714,false
TEXTUAL,0.421000,2,0,3,0,0.400000,0.400000,1.000000,0.571429,0.285714,false
TEXTUAL,0.422000,2,0,3,0,0.400000,0.400000,1.000000,0.571429,0.285714,false
TEXTUAL,0.423000,2,0,3,0,0.400000,0.400000,1.000000,0.571429,0.285714,false
TEXTUAL,0.424000,2,0,3,0,0.400000,0.400000,1.000000,0.571429,0.285714,false
TEXTUAL,0.425000,2,0,3,0,0.400000,0.400000,1.000000,0.571429,0.285714,false
TEXTUAL,0.426000,2,0,3,0,0.400000,0.400000,1.000000,0.571429,0.285714,false
TEXTUAL,0.427000,2,0,3,0,0.400000,0.400000,1.000000,0.571429,0.285714,false
TEXTUAL,0.428000,2,0,3,0,0.400000,0.400000,1.000000,0.571429,0.285714,false
TEXTUAL,0.429000,2,0,3,0,0.400000,0.400000,1.000000,0.571429,0.285714,false
TEXTUAL,0.430000,2,0,3,0,0.400000,0.400000,1.000000,0.571429,0.285714,false
TEXTUAL,0.431000,2,0,3,0,0.400000,0.400000,1.000000,0.571429,0.285714,false
TEXTUAL,0.432000,2,0,3,0,0.400000,0.400000,1.000000,0.571429,0.285714,false
TEXTUAL,0.433000,2,0,3,0,0.400000,0.400000,1.000000,0.571429,0.285714,false
TEXTUAL,0.434000,2,0,3,0,0.400000,0.400000,1.000000,0.571429,0.285714,false
TEXTUAL,0.435000,2,0,3,0,0.400000,0.400000,1.000000,0.571429,0.285714,false
TEXTUAL,0.436000,2,0,3,0,0.400000,0.400000,1.000000,0.571429,0.285714,false
TEXTUAL,0.437000,2,0,3,0,0.400000,0.400000,1.000000,0.571429,0.285714,false
TEXTUAL,0.438000,2,0,3,0,0.400000,0.400000,1.000000,0.571429,0.285714,false
TEXTUAL,0.439000,2,0,3,0,0.400000,0.400000,1.000000,0.571429,0.285714,false
TEXTUAL,0.440000,2,0,3,0,0.400000,0.400000,1.000000,0.571429,0.285714,false
TEXTUAL,0.441000,2,0,3,0,0.400000,0.400000,1.000000,0.571429,0.285714,false
TEXTUAL,0.442000,2,0,3,0,0.400000,0.400000,1.000000,0.571429,0.285714,false
TEXTUAL,0.443000,2,0,3,0,0.400000,0.400000,1.000000,0.571429,0.285714,false
TEXTUAL,0.444000,1,0,3,1,0.200000,0.250000,0.500000,0.333333,0.166667,false
TEXTUAL,0.445000,1,0,3,1,0.200000,0.250000,0.500000,0.333333,0.166667,false
TEXTUAL,0.446000,1,0,3,1,0.200000,0.250000,0.500000,0.333333,0.166667,false
TEXTUAL,0.447000,1,0,3,1,0.200000,0.250000,0.500000,0.333333,0.166667,false
TEXTUAL,0.448000,1,0,3,1,0.200000,0.250000,0.500000,0.333333,0.166667,false
TEXTUAL,0.449000,1,0,3,1,0.200000,0.250000,0.500000,0.333333,0.166667,false
TEXTUAL,0.450000,1,0,3,1,0.200000,0.250000,0.500000,0.333333,0.166667,false
TEXTUAL,0.451000,1,2,1,1,0.600000,0.500000,0.500000,0.500000,0.583333,false
TEXTUAL,0.452000,1,2,1,1,0.600000,0.500000,0.500000,0.500000,0.583333,true
TEXTUAL,0.453000,0,2,1,2,0.400000,0.000000,0.000000,0.000000,0.285714,false
TEXTUAL,0.454000,0,2,1,2,0.400000,0.000000,0.000000,0.000000,0.285714,false
TEXTUAL,0.455000,0,2,1,2,0.400000,0.000000,0.000000,0.000000,0.285714,false
TEXTUAL,0.456000,0,2,1,2,0.400000,0.000000,0.000000,0.000000,0.285714,false
TEXTUAL,0.457000,0,2,1,2,0.400000,0.000000,0.000000,0.000000,0.285714,false
TEXTUAL,0.458000,0,3,0,2,0.600000,0.000000,0.000000,0.000000,0.375000,false
TEXTUAL,0.459000,0,3,0,2,0.600000,0.000000,0.000000,0.000000,0.375000,false
TEXTUAL,0.460000,0,3,0,2,0.600000,0.000000,0.000000,0.000000,0.375000,false
TEXTUAL,0.461000,0,3,0,2,0.600000,0.000000,0.000000,0.000000,0.375000,false
TEXTUAL,0.462000,0,3,0,2,0.600000,0.000000,0.000000,0.000000,0.375000,false
TEXTUAL,0.463000,0,3,0,2,0.600000,0.000000,0.000000,0.000000,0.375000,false
TEXTUAL,0.464000,0,3,0,2,0.600000,0.000000,0.000000,0.000000,0.375000,false
TEXTUAL,0.465000,0,3,0,2,0.600000,0.000000,0.000000,0.000000,0.375000,false
TEXTUAL,0.466000,0,3,0,2,0.600000,0.000000,0.000000,0.000000,0.375000,false
TEXTUAL,0.467000,0,3,0,2,0.600000,0.000000,0.000000,0.000000,0.375000,false
TEXTUAL,0.468000,0,3,0,2,0.600000,0.000000,0.000000,0.000000,0.375000,false
TEXTUAL,0.469000,0,3,0,2,0.600000,0.000000,0.000000,0.000000,0.375000,false
TEXTUAL,0.470000,0,3,0,2,0.600000,0.000000,0.000000,0.000000,0.375000,false
TEXTUAL,0.471000,0,3,0,2,0.600000,0.000000,0.000000,0.000000,0.375000,false
TEXTUAL,0.472000,0,3,0,2,0.600000,0.000000,0.000000,0.000000,0.375000,false
TEXTUAL,0.473000,0,3,0,2,0.600000,0.000000,0.000000,0.000000,0.375000,false
TEXTUAL,0.474000,0,3,0,2,0.600000,0.000000,0.000000,0.000000,0.375000,false
TEXTUAL,0.475000,0,3,0,2,0.600000,0.000000,0.000000,0.000000,0.375000,false
TEXTUAL,0.476000,0,3,0,2,0.600000,0.000000,0.000000,0.000000,0.375000,false
TEXTUAL,0.477000,0,3,0,2,0.600000,0.000000,0.000000,0.000000,0.375000,false
TEXTUAL,0.478000,0,3,0,2,0.600000,0.000000,0.000000,0.000000,0.375000,false
TEXTUAL,0.479000,0,3,0,2,0.600000,0.000000,0.000000,0.000000,0.375000,false
TEXTUAL,0.480000,0,3,0,2,0.600000,0.000000,0.000000,0.000000,0.375000,false
TEXTUAL,0.481000,0,3,0,2,0.600000,0.000000,0.000000,0.000000,0.375000,false
TEXTUAL,0.482000,0,3,0,2,0.600000,0.000000,0.000000,0.000000,0.375000,false
TEXTUAL,0.483000,0,3,0,2,0.600000,0.000000,0.000000,0.000000,0.375000,false
TEXTUAL,0.484000,0,3,0,2,0.600000,0.000000,0.000000,0.000000,0.375000,false
TEXTUAL,0.485000,0,3,0,2,0.600000,0.000000,0.000000,0.000000,0.375000,false
TEXTUAL,0.486000,0,3,0,2,0.600000,0.000000,0.000000,0.000000,0.375000,false
TEXTUAL,0.487000,0,3,0,2,0.600000,0.000000,0.000000,0.000000,0.375000,false
TEXTUAL,0.488000,0,3,0,2,0.600000,0.000000,0.000000,0.000000,0.375000,false
TEXTUAL,0.489000,0,3,0,2,0.600000,0.000000,0.000000,0.000000,0.375000,false
TEXTUAL,0.490000,0,3,0,2,0.600000,0.000000,0.000000,0.000000,0.375000,false
TEXTUAL,0.491000,0,3,0,2,0.600000,0.000000,0.000000,0.000000,0.375000,false
TEXTUAL,0.492000,0,3,0,2,0.600000,0.000000,0.000000,0.000000,0.375000,false
TEXTUAL,0.493000,0,3,0,2,0.600000,0.000000,0.000000,0.000000,0.375000,false
TEXTUAL,0.494000,0,3,0,2,0.600000,0.000000,0.000000,0.000000,0.375000,false
TEXTUAL,0.495000,0,3,0,2,0.600000,0.000000,0.000000,0.000000,0.375000,false
TEXTUAL,0.496000,0,3,0,2,0.600000,0.000000,0.000000,0.000000,0.375000,false
TEXTUAL,0.497000,0,3,0,2,0.600000,0.000000,0.000000,0.000000,0.375000,false
TEXTUAL,0.498000,0,3,0,2,0.600000,0.000000,0.000000,0.000000,0.375000,false
TEXTUAL,0.499000,0,3,0,2,0.600000,0.000000,0.000000,0.000000,0.375000,false
TEXTUAL,0.500000,0,3,0,2,0.600000,0.000000,0.000000,0.000000,0.375000,false
TEXTUAL,0.501000,0,3,0,2,0.600000,0.000000,0.000000,0.000000,0.375000,false
TEXTUAL,0.502000,0,3,0,2,0.600000,0.000000,0.000000,0.000000,0.375000,false
TEXTUAL,0.503000,0,3,0,2,0.600000,0.000000,0.000000,0.000000,0.375000,false
TEXTUAL,0.504000,0,3,0,2,0.600000,0.000000,0.000000,0.000000,0.375000,false
TEXTUAL,0.505000,0,3,0,2,0.600000,0.000000,0.000000,0.000000,0.375000,false
TEXTUAL,0.506000,0,3,0,2,0.600000,0.000000,0.000000,0.000000,0.375000,false
TEXTUAL,0.507000,0,3,0,2,0.600000,0.000000,0.000000,0.000000,0.375000,false
TEXTUAL,0.508000,0,3,0,2,0.600000,0.000000,0.000000,0.000000,0.375000,false
TEXTUAL,0.509000,0,3,0,2,0.600000,0.000000,0.000000,0.000000,0.375000,false
TEXTUAL,0.510000,0,3,0,2,0.600000,0.000000,0.000000,0.000000,0.375000,false
TEXTUAL,0.511000,0,3,0,2,0.600000,0.000000,0.000000,0.000000,0.375000,false
TEXTUAL,0.512000,0,3,0,2,0.600000,0.000000,0.000000,0.000000,0.375000,false
TEXTUAL,0.513000,0,3,0,2,0.600000,0.000000,0.000000,0.000000,0.375000,false
TEXTUAL,0.514000,0,3,0,2,0.600000,0.000000,0.000000,0.000000,0.375000,false
TEXTUAL,0.515000,0,3,0,2,0.600000,0.000000,0.000000,0.000000,0.375000,false
TEXTUAL,0.516000,0,3,0,2,0.600000,0.000000,0.000000,0.000000,0.375000,false
TEXTUAL,0.517000,0,3,0,2,0.600000,0.000000,0.000000,0.000000,0.375000,false
TEXTUAL,0.518000,0,3,0,2,0.600000,0.000000,0.000000,0.000000,0.375000,false
TEXTUAL,0.519000,0,3,0,2,0.600000,0.000000,0.000000,0.000000,0.375000,false
TEXTUAL,0.520000,0,3,0,2,0.600000,0.000000,0.000000,0.000000,0.375000,false
TEXTUAL,0.521000,0,3,0,2,0.600000,0.000000,0.000000,0.000000,0.375000,false
TEXTUAL,0.522000,0,3,0,2,0.600000,0.000000,0.000000,0.000000,0.375000,false
TEXTUAL,0.523000,0,3,0,2,0.600000,0.000000,0.000000,0.000000,0.375000,false
TEXTUAL,0.524000,0,3,0,2,0.600000,0.000000,0.000000,0.000000,0.375000,false
TEXTUAL,0.525000,0,3,0,2,0.600000,0.000000,0.000000,0.000000,0.375000,false
TEXTUAL,0.526000,0,3,0,2,0.600000,0.000000,0.000000,0.000000,0.375000,false
TEXTUAL,0.527000,0,3,0,2,0.600000,0.000000,0.000000,0.000000,0.375000,false
TEXTUAL,0.528000,0,3,0,2,0.600000,0.000000,0.000000,0.000000,0.375000,false
TEXTUAL,0.529000,0,3,0,2,0.600000,0.000000,0.000000,0.000000,0.375000,false
TEXTUAL,0.530000,0,3,0,2,0.600000,0.000000,0.000000,0.000000,0.375000,false
TEXTUAL,0.531000,0,3,0,2,0.600000,0.000000,0.000000,0.000000,0.375000,false
TEXTUAL,0.532000,0,3,0,2,0.600000,0.000000,0.000000,0.000000,0.375000,false
TEXTUAL,0.533000,0,3,0,2,0.600000,0.000000,0.000000,0.000000,0.375000,false
TEXTUAL,0.534000,0,3,0,2,0.600000,0.000000,0.000000,0.000000,0.375000,false
TEXTUAL,0.535000,0,3,0,2,0.600000,0.000000,0.000000,0.000000,0.375000,false
TEXTUAL,0.536000,0,3,0,2,0.600000,0.000000,0.000000,0.000000,0.375000,false
TEXTUAL,0.537000,0,3,0,2,0.600000,0.000000,0.000000,0.000000,0.375000,false
TEXTUAL,0.538000,0,3,0,2,0.600000,0.000000,0.000000,0.000000,0.375000,false
TEXTUAL,0.539000,0,3,0,2,0.600000,0.000000,0.000000,0.000000,0.375000,false
TEXTUAL,0.540000,0,3,0,2,0.600000,0.000000,0.000000,0.000000,0.375000,false
TEXTUAL,0.541000,0,3,0,2,0.600000,0.000000,0.000000,0.000000,0.375000,false
TEXTUAL,0.542000,0,3,0,2,0.600000,0.000000,0.000000,0.000000,0.375000,false
TEXTUAL,0.543000,0,3,0,2,0.600000,0.000000,0.000000,0.000000,0.375000,false
TEXTUAL,0.544000,0,3,0,2,0.600000,0.000000,0.000000,0.000000,0.375000,false
TEXTUAL,0.545000,0,3,0,2,0.600000,0.000000,0.000000,0.000000,0.375000,false
TEXTUAL,0.546000,0,3,0,2,0.600000,0.000000,0.000000,0.000000,0.375000,false
TEXTUAL,0.547000,0,3,0,2,0.600000,0.000000,0.000000,0.000000,0.375000,false
TEXTUAL,0.548000,0,3,0,2,0.600000,0.000000,0.000000,0.000000,0.375000,false
TEXTUAL,0.549000,0,3,0,2,0.600000,0.000000,0.000000,0.000000,0.375000,false
TEXTUAL,0.550000,0,3,0,2,0.600000,0.000000,0.000000,0.000000,0.375000,false
TEXTUAL,0.551000,0,3,0,2,0.600000,0.000000,0.000000,0.000000,0.375000,false
TEXTUAL,0.552000,0,3,0,2,0.600000,0.000000,0.000000,0.000000,0.375000,false
TEXTUAL,0.553000,0,3,0,2,0.600000,0.000000,0.000000,0.000000,0.375000,false
TEXTUAL,0.554000,0,3,0,2,0.600000,0.000000,0.000000,0.000000,0.375000,false
TEXTUAL,0.555000,0,3,0,2,0.600000,0.000000,0.000000,0.000000,0.375000,false
TEXTUAL,0.556000,0,3,0,2,0.600000,0.000000,0.000000,0.000000,0.375000,false
TEXTUAL,0.557000,0,3,0,2,0.600000,0.000000,0.000000,0.000000,0.375000,false
TEXTUAL,0.558000,0,3,0,2,0.600000,0.000000,0.000000,0.000000,0.375000,false
TEXTUAL,0.559000,0,3,0,2,0.600000,0.000000,0.000000,0.000000,0.375000,false
TEXTUAL,0.560000,0,3,0,2,0.600000,0.000000,0.000000,0.000000,0.375000,false
TEXTUAL,0.561000,0,3,0,2,0.600000,0.000000,0.000000,0.000000,0.375000,false
TEXTUAL,0.562000,0,3,0,2,0.600000,0.000000,0.000000,0.000000,0.375000,false
TEXTUAL,0.563000,0,3,0,2,0.600000,0.000000,0.000000,0.000000,0.375000,false
TEXTUAL,0.564000,0,3,0,2,0.600000,0.000000,0.000000,0.000000,0.375000,false
TEXTUAL,0.565000,0,3,0,2,0.600000,0.000000,0.000000,0.000000,0.375000,false
TEXTUAL,0.566000,0,3,0,2,0.600000,0.000000,0.000000,0.000000,0.375000,false
TEXTUAL,0.567000,0,3,0,2,0.600000,0.000000,0.000000,0.000000,0.375000,false
TEXTUAL,0.568000,0,3,0,2,0.600000,0.000000,0.000000,0.000000,0.375000,false
TEXTUAL,0.569000,0,3,0,2,0.600000,0.000000,0.000000,0.000000,0.375000,false
TEXTUAL,0.570000,0,3,0,2,0.600000,0.000000,0.000000,0.000000,0.375000,false
TEXTUAL,0.571000,0,3,0,2,0.600000,0.000000,0.000000,0.000000,0.375000,false
TEXTUAL,0.572000,0,3,0,2,0.600000,0.000000,0.000000,0.000000,0.375000,false
TEXTUAL,0.573000,0,3,0,2,0.600000,0.000000,0.000000,0.000000,0.375000,false
TEXTUAL,0.574000,0,3,0,2,0.600000,0.000000,0.000000,0.000000,0.375000,false
TEXTUAL,0.575000,0,3,0,2,0.600000,0.000000,0.000000,0.000000,0.375000,false
TEXTUAL,0.576000,0,3,0,2,0.600000,0.000000,0.000000,0.000000,0.375000,false
TEXTUAL,0.577000,0,3,0,2,0.600000,0.000000,0.000000,0.000000,0.375000,false
TEXTUAL,0.578000,0,3,0,2,0.600000,0.000000,0.000000,0.000000,0.375000,false
TEXTUAL,0.579000,0,3,0,2,0.600000,0.000000,0.000000,0.000000,0.375000,false
TEXTUAL,0.580000,0,3,0,2,0.600000,0.000000,0.000000,0.000000,0.375000,false
TEXTUAL,0.581000,0,3,0,2,0.600000,0.000000,0.000000,0.000000,0.375000,false
TEXTUAL,0.582000,0,3,0,2,0.600000,0.000000,0.000000,0.000000,0.375000,false
TEXTUAL,0.583000,0,3,0,2,0.600000,0.000000,0.000000,0.000000,0.375000,false
TEXTUAL,0.584000,0,3,0,2,0.600000,0.000000,0.000000,0.000000,0.375000,false
TEXTUAL,0.585000,0,3,0,2,0.600000,0.000000,0.000000,0.000000,0.375000,false
TEXTUAL,0.586000,0,3,0,2,0.600000,0.000000,0.000000,0.000000,0.375000,false
TEXTUAL,0.587000,0,3,0,2,0.600000,0.000000,0.000000,0.000000,0.375000,false
TEXTUAL,0.588000,0,3,0,2,0.600000,0.000000,0.000000,0.000000,0.375000,false
TEXTUAL,0.589000,0,3,0,2,0.600000,0.000000,0.000000,0.000000,0.375000,false
TEXTUAL,0.590000,0,3,0,2,0.600000,0.000000,0.000000,0.000000,0.375000,false
TEXTUAL,0.591000,0,3,0,2,0.600000,0.000000,0.000000,0.000000,0.375000,false
TEXTUAL,0.592000,0,3,0,2,0.600000,0.000000,0.000000,0.000000,0.375000,false
TEXTUAL,0.593000,0,3,0,2,0.600000,0.000000,0.000000,0.000000,0.375000,false
TEXTUAL,0.594000,0,3,0,2,0.600000,0.000000,0.000000,0.000000,0.375000,false
TEXTUAL,0.595000,0,3,0,2,0.600000,0.000000,0.000000,0.000000,0.375000,false
TEXTUAL,0.596000,0,3,0,2,0.600000,0.000000,0.000000,0.000000,0.375000,false
TEXTUAL,0.597000,0,3,0,2,0.600000,0.000000,0.000000,0.000000,0.375000,false
TEXTUAL,0.598000,0,3,0,2,0.600000,0.000000,0.000000,0.000000,0.375000,false
TEXTUAL,0.599000,0,3,0,2,0.600000,0.000000,0.000000,0.000000,0.375000,false
TEXTUAL,0.600000,0,3,0,2,0.600000,0.000000,0.000000,0.000000,0.375000,false
TEXTUAL,0.601000,0,3,0,2,0.600000,0.000000,0.000000,0.000000,0.375000,false
TEXTUAL,0.602000,0,3,0,2,0.600000,0.000000,0.000000,0.000000,0.375000,false
TEXTUAL,0.603000,0,3,0,2,0.600000,0.000000,0.000000,0.000000,0.375000,false
TEXTUAL,0.604000,0,3,0,2,0.600000,0.000000,0.000000,0.000000,0.375000,false
TEXTUAL,0.605000,0,3,0,2,0.600000,0.000000,0.000000,0.000000,0.375000,false
TEXTUAL,0.606000,0,3,0,2,0.600000,0.000000,0.000000,0.000000,0.375000,false
TEXTUAL,0.607000,0,3,0,2,0.600000,0.000000,0.000000,0.000000,0.375000,false
TEXTUAL,0.608000,0,3,0,2,0.600000,0.000000,0.000000,0.000000,0.375000,false
TEXTUAL,0.609000,0,3,0,2,0.600000,0.000000,0.000000,0.000000,0.375000,false
TEXTUAL,0.610000,0,3,0,2,0.600000,0.000000,0.000000,0.000000,0.375000,false
TEXTUAL,0.611000,0,3,0,2,0.600000,0.000000,0.000000,0.000000,0.375000,false
TEXTUAL,0.612000,0,3,0,2,0.600000,0.000000,0.000000,0.000000,0.375000,false
TEXTUAL,0.613000,0,3,0,2,0.600000,0.000000,0.000000,0.000000,0.375000,false
TEXTUAL,0.614000,0,3,0,2,0.600000,0.000000,0.000000,0.000000,0.375000,false
TEXTUAL,0.615000,0,3,0,2,0.600000,0.000000,0.000000,0.000000,0.375000,false
TEXTUAL,0.616000,0,3,0,2,0.600000,0.000000,0.000000,0.000000,0.375000,false
TEXTUAL,0.617000,0,3,0,2,0.600000,0.000000,0.000000,0.000000,0.375000,false
TEXTUAL,0.618000,0,3,0,2,0.600000,0.000000,0.000000,0.000000,0.375000,false
TEXTUAL,0.619000,0,3,0,2,0.600000,0.000000,0.000000,0.000000,0.375000,false
TEXTUAL,0.620000,0,3,0,2,0.600000,0.000000,0.000000,0.000000,0.375000,false
TEXTUAL,0.621000,0,3,0,2,0.600000,0.000000,0.000000,0.000000,0.375000,false
TEXTUAL,0.622000,0,3,0,2,0.600000,0.000000,0.000000,0.000000,0.375000,false
TEXTUAL,0.623000,0,3,0,2,0.600000,0.000000,0.000000,0.000000,0.375000,false
TEXTUAL,0.624000,0,3,0,2,0.600000,0.000000,0.000000,0.000000,0.375000,false
TEXTUAL,0.625000,0,3,0,2,0.600000,0.000000,0.000000,0.000000,0.375000,false
TEXTUAL,0.626000,0,3,0,2,0.600000,0.000000,0.000000,0.000000,0.375000,false
TEXTUAL,0.627000,0,3,0,2,0.600000,0.000000,0.000000,0.000000,0.375000,false
TEXTUAL,0.628000,0,3,0,2,0.600000,0.000000,0.000000,0.000000,0.375000,false
TEXTUAL,0.629000,0,3,0,2,0.600000,0.000000,0.000000,0.000000,0.375000,false
TEXTUAL,0.630000,0,3,0,2,0.600000,0.000000,0.000000,0.000000,0.375000,false
TEXTUAL,0.631000,0,3,0,2,0.600000,0.000000,0.000000,0.000000,0.375000,false
TEXTUAL,0.632000,0,3,0,2,0.600000,0.000000,0.000000,0.000000,0.375000,false
TEXTUAL,0.633000,0,3,0,2,0.600000,0.000000,0.000000,0.000000,0.375000,false
TEXTUAL,0.634000,0,3,0,2,0.600000,0.000000,0.000000,0.000000,0.375000,false
TEXTUAL,0.635000,0,3,0,2,0.600000,0.000000,0.000000,0.000000,0.375000,false
TEXTUAL,0.636000,0,3,0,2,0.600000,0.000000,0.000000,0.000000,0.375000,false
TEXTUAL,0.637000,0,3,0,2,0.600000,0.000000,0.000000,0.000000,0.375000,false
TEXTUAL,0.638000,0,3,0,2,0.600000,0.000000,0.000000,0.000000,0.375000,false
TEXTUAL,0.639000,0,3,0,2,0.600000,0.000000,0.000000,0.000000,0.375000,false
TEXTUAL,0.640000,0,3,0,2,0.600000,0.000000,0.000000,0.000000,0.375000,false
TEXTUAL,0.641000,0,3,0,2,0.600000,0.000000,0.000000,0.000000,0.375000,false
TEXTUAL,0.642000,0,3,0,2,0.600000,0.000000,0.000000,0.000000,0.375000,false
TEXTUAL,0.643000,0,3,0,2,0.600000,0.000000,0.000000,0.000000,0.375000,false
TEXTUAL,0.644000,0,3,0,2,0.600000,0.000000,0.000000,0.000000,0.375000,false
TEXTUAL,0.645000,0,3,0,2,0.600000,0.000000,0.000000,0.000000,0.375000,false
TEXTUAL,0.646000,0,3,0,2,0.600000,0.000000,0.000000,0.000000,0.375000,false
TEXTUAL,0.647000,0,3,0,2,0.600000,0.000000,0.000000,0.000000,0.375000,false
TEXTUAL,0.648000,0,3,0,2,0.600000,0.000000,0.000000,0.000000,0.375000,false
TEXTUAL,0.649000,0,3,0,2,0.600000,0.000000,0.000000,0.000000,0.375000,false
TEXTUAL,0.650000,0,3,0,2,0.600000,0.000000,0.000000,0.000000,0.375000,false
TEXTUAL,0.651000,0,3,0,2,0.600000,0.000000,0.000000,0.000000,0.375000,false
TEXTUAL,0.652000,0,3,0,2,0.600000,0.000000,0.000000,0.000000,0.375000,false
TEXTUAL,0.653000,0,3,0,2,0.600000,0.000000,0.000000,0.000000,0.375000,false
TEXTUAL,0.654000,0,3,0,2,0.600000,0.000000,0.000000,0.000000,0.375000,false
TEXTUAL,0.655000,0,3,0,2,0.600000,0.000000,0.000000,0.000000,0.375000,false
TEXTUAL,0.656000,0,3,0,2,0.600000,0.000000,0.000000,0.000000,0.375000,false
TEXTUAL,0.657000,0,3,0,2,0.600000,0.000000,0.000000,0.000000,0.375000,false
TEXTUAL,0.658000,0,3,0,2,0.600000,0.000000,0.000000,0.000000,0.375000,false
TEXTUAL,0.659000,0,3,0,2,0.600000,0.000000,0.000000,0.000000,0.375000,false
TEXTUAL,0.660000,0,3,0,2,0.600000,0.000000,0.000000,0.000000,0.375000,false
TEXTUAL,0.661000,0,3,0,2,0.600000,0.000000,0.000000,0.000000,0.375000,false
TEXTUAL,0.662000,0,3,0,2,0.600000,0.000000,0.000000,0.000000,0.375000,false
TEXTUAL,0.663000,0,3,0,2,0.600000,0.000000,0.000000,0.000000,0.375000,false
TEXTUAL,0.664000,0,3,0,2,0.600000,0.000000,0.000000,0.000000,0.375000,false
TEXTUAL,0.665000,0,3,0,2,0.600000,0.000000,0.000000,0.000000,0.375000,false
TEXTUAL,0.666000,0,3,0,2,0.600000,0.000000,0.000000,0.000000,0.375000,false
TEXTUAL,0.667000,0,3,0,2,0.600000,0.000000,0.000000,0.000000,0.375000,false
TEXTUAL,0.668000,0,3,0,2,0.600000,0.000000,0.000000,0.000000,0.375000,false
TEXTUAL,0.669000,0,3,0,2,0.600000,0.000000,0.000000,0.000000,0.375000,false
TEXTUAL,0.670000,0,3,0,2,0.600000,0.000000,0.000000,0.000000,0.375000,false
TEXTUAL,0.671000,0,3,0,2,0.600000,0.000000,0.000000,0.000000,0.375000,false
TEXTUAL,0.672000,0,3,0,2,0.600000,0.000000,0.000000,0.000000,0.375000,false
TEXTUAL,0.673000,0,3,0,2,0.600000,0.000000,0.000000,0.000000,0.375000,false
TEXTUAL,0.674000,0,3,0,2,0.600000,0.000000,0.000000,0.000000,0.375000,false
TEXTUAL,0.675000,0,3,0,2,0.600000,0.000000,0.000000,0.000000,0.375000,false
TEXTUAL,0.676000,0,3,0,2,0.600000,0.000000,0.000000,0.000000,0.375000,false
TEXTUAL,0.677000,0,3,0,2,0.600000,0.000000,0.000000,0.000000,0.375000,false
TEXTUAL,0.678000,0,3,0,2,0.600000,0.000000,0.000000,0.000000,0.375000,false
TEXTUAL,0.679000,0,3,0,2,0.600000,0.000000,0.000000,0.000000,0.375000,false
TEXTUAL,0.680000,0,3,0,2,0.600000,0.000000,0.000000,0.000000,0.375000,false
TEXTUAL,0.681000,0,3,0,2,0.600000,0.000000,0.000000,0.000000,0.375000,false
TEXTUAL,0.682000,0,3,0,2,0.600000,0.000000,0.000000,0.000000,0.375000,false
TEXTUAL,0.683000,0,3,0,2,0.600000,0.000000,0.000000,0.000000,0.375000,false
TEXTUAL,0.684000,0,3,0,2,0.600000,0.000000,0.000000,0.000000,0.375000,false
TEXTUAL,0.685000,0,3,0,2,0.600000,0.000000,0.000000,0.000000,0.375000,false
TEXTUAL,0.686000,0,3,0,2,0.600000,0.000000,0.000000,0.000000,0.375000,false
TEXTUAL,0.687000,0,3,0,2,0.600000,0.000000,0.000000,0.000000,0.375000,false
TEXTUAL,0.688000,0,3,0,2,0.600000,0.000000,0.000000,0.000000,0.375000,false
TEXTUAL,0.689000,0,3,0,2,0.600000,0.000000,0.000000,0.000000,0.375000,false
TEXTUAL,0.690000,0,3,0,2,0.600000,0.000000,0.000000,0.000000,0.375000,false
TEXTUAL,0.691000,0,3,0,2,0.600000,0.000000,0.000000,0.000000,0.375000,false
TEXTUAL,0.692000,0,3,0,2,0.600000,0.000000,0.000000,0.000000,0.375000,false
TEXTUAL,0.693000,0,3,0,2,0.600000,0.000000,0.000000,0.000000,0.375000,false
TEXTUAL,0.694000,0,3,0,2,0.600000,0.000000,0.000000,0.000000,0.375000,false
TEXTUAL,0.695000,0,3,0,2,0.600000,0.000000,0.000000,0.000000,0.375000,false
TEXTUAL,0.696000,0,3,0,2,0.600000,0.000000,0.000000,0.000000,0.375000,false
TEXTUAL,0.697000,0,3,0,2,0.600000,0.000000,0.000000,0.000000,0.375000,false
TEXTUAL,0.698000,0,3,0,2,0.600000,0.000000,0.000000,0.000000,0.375000,false
TEXTUAL,0.699000,0,3,0,2,0.600000,0.000000,0.000000,0.000000,0.375000,false
TEXTUAL,0.700000,0,3,0,2,0.600000,0.000000,0.000000,0.000000,0.375000,false
TEXTUAL,0.701000,0,3,0,2,0.600000,0.000000,0.000000,0.000000,0.375000,false
TEXTUAL,0.702000,0,3,0,2,0.600000,0.000000,0.000000,0.000000,0.375000,false
TEXTUAL,0.703000,0,3,0,2,0.600000,0.000000,0.000000,0.000000,0.375000,false
TEXTUAL,0.704000,0,3,0,2,0.600000,0.000000,0.000000,0.000000,0.375000,false
TEXTUAL,0.705000,0,3,0,2,0.600000,0.000000,0.000000,0.000000,0.375000,false
TEXTUAL,0.706000,0,3,0,2,0.600000,0.000000,0.000000,0.000000,0.375000,false
TEXTUAL,0.707000,0,3,0,2,0.600000,0.000000,0.000000,0.000000,0.375000,false
TEXTUAL,0.708000,0,3,0,2,0.600000,0.000000,0.000000,0.000000,0.375000,false
TEXTUAL,0.709000,0,3,0,2,0.600000,0.000000,0.000000,0.000000,0.375000,false
TEXTUAL,0.710000,0,3,0,2,0.600000,0.000000,0.000000,0.000000,0.375000,false
TEXTUAL,0.711000,0,3,0,2,0.600000,0.000000,0.000000,0.000000,0.375000,false
TEXTUAL,0.712000,0,3,0,2,0.600000,0.000000,0.000000,0.000000,0.375000,false
TEXTUAL,0.713000,0,3,0,2,0.600000,0.000000,0.000000,0.000000,0.375000,false
TEXTUAL,0.714000,0,3,0,2,0.600000,0.000000,0.000000,0.000000,0.375000,false
TEXTUAL,0.715000,0,3,0,2,0.600000,0.000000,0.000000,0.000000,0.375000,false
TEXTUAL,0.716000,0,3,0,2,0.600000,0.000000,0.000000,0.000000,0.375000,false
TEXTUAL,0.717000,0,3,0,2,0.600000,0.000000,0.000000,0.000000,0.375000,false
TEXTUAL,0.718000,0,3,0,2,0.600000,0.000000,0.000000,0.000000,0.375000,false
TEXTUAL,0.719000,0,3,0,2,0.600000,0.000000,0.000000,0.000000,0.375000,false
TEXTUAL,0.720000,0,3,0,2,0.600000,0.000000,0.000000,0.000000,0.375000,false
TEXTUAL,0.721000,0,3,0,2,0.600000,0.000000,0.000000,0.000000,0.375000,false
TEXTUAL,0.722000,0,3,0,2,0.600000,0.000000,0.000000,0.000000,0.375000,false
TEXTUAL,0.723000,0,3,0,2,0.600000,0.000000,0.000000,0.000000,0.375000,false
TEXTUAL,0.724000,0,3,0,2,0.600000,0.000000,0.000000,0.000000,0.375000,false
TEXTUAL,0.725000,0,3,0,2,0.600000,0.000000,0.000000,0.000000,0.375000,false
TEXTUAL,0.726000,0,3,0,2,0.600000,0.000000,0.000000,0.000000,0.375000,false
TEXTUAL,0.727000,0,3,0,2,0.600000,0.000000,0.000000,0.000000,0.375000,false
TEXTUAL,0.728000,0,3,0,2,0.600000,0.000000,0.000000,0.000000,0.375000,false
TEXTUAL,0.729000,0,3,0,2,0.600000,0.000000,0.000000,0.000000,0.375000,false
TEXTUAL,0.730000,0,3,0,2,0.600000,0.000000,0.000000,0.000000,0.375000,false
TEXTUAL,0.731000,0,3,0,2,0.600000,0.000000,0.000000,0.000000,0.375000,false
TEXTUAL,0.732000,0,3,0,2,0.600000,0.000000,0.000000,0.000000,0.375000,false
TEXTUAL,0.733000,0,3,0,2,0.600000,0.000000,0.000000,0.000000,0.375000,false
TEXTUAL,0.734000,0,3,0,2,0.600000,0.000000,0.000000,0.000000,0.375000,false
TEXTUAL,0.735000,0,3,0,2,0.600000,0.000000,0.000000,0.000000,0.375000,false
TEXTUAL,0.736000,0,3,0,2,0.600000,0.000000,0.000000,0.000000,0.375000,false
TEXTUAL,0.737000,0,3,0,2,0.600000,0.000000,0.000000,0.000000,0.375000,false
TEXTUAL,0.738000,0,3,0,2,0.600000,0.000000,0.000000,0.000000,0.375000,false
TEXTUAL,0.739000,0,3,0,2,0.600000,0.000000,0.000000,0.000000,0.375000,false
TEXTUAL,0.740000,0,3,0,2,0.600000,0.000000,0.000000,0.000000,0.375000,false
TEXTUAL,0.741000,0,3,0,2,0.600000,0.000000,0.000000,0.000000,0.375000,false
TEXTUAL,0.742000,0,3,0,2,0.600000,0.000000,0.000000,0.000000,0.375000,false
TEXTUAL,0.743000,0,3,0,2,0.600000,0.000000,0.000000,0.000000,0.375000,false
TEXTUAL,0.744000,0,3,0,2,0.600000,0.000000,0.000000,0.000000,0.375000,false
TEXTUAL,0.745000,0,3,0,2,0.600000,0.000000,0.000000,0.000000,0.375000,false
TEXTUAL,0.746000,0,3,0,2,0.600000,0.000000,0.000000,0.000000,0.375000,false
TEXTUAL,0.747000,0,3,0,2,0.600000,0.000000,0.000000,0.000000,0.375000,false
TEXTUAL,0.748000,0,3,0,2,0.600000,0.000000,0.000000,0.000000,0.375000,false
TEXTUAL,0.749000,0,3,0,2,0.600000,0.000000,0.000000,0.000000,0.375000,false
TEXTUAL,0.750000,0,3,0,2,0.600000,0.000000,0.000000,0.000000,0.375000,false
TEXTUAL,0.751000,0,3,0,2,0.600000,0.000000,0.000000,0.000000,0.375000,false
TEXTUAL,0.752000,0,3,0,2,0.600000,0.000000,0.000000,0.000000,0.375000,false
TEXTUAL,0.753000,0,3,0,2,0.600000,0.000000,0.000000,0.000000,0.375000,false
TEXTUAL,0.754000,0,3,0,2,0.600000,0.000000,0.000000,0.000000,0.375000,false
TEXTUAL,0.755000,0,3,0,2,0.600000,0.000000,0.000000,0.000000,0.375000,false
TEXTUAL,0.756000,0,3,0,2,0.600000,0.000000,0.000000,0.000000,0.375000,false
TEXTUAL,0.757000,0,3,0,2,0.600000,0.000000,0.000000,0.000000,0.375000,false
TEXTUAL,0.758000,0,3,0,2,0.600000,0.000000,0.000000,0.000000,0.375000,false
TEXTUAL,0.759000,0,3,0,2,0.600000,0.000000,0.000000,0.000000,0.375000,false
TEXTUAL,0.760000,0,3,0,2,0.600000,0.000000,0.000000,0.000000,0.375000,false
TEXTUAL,0.761000,0,3,0,2,0.600000,0.000000,0.000000,0.000000,0.375000,false
TEXTUAL,0.762000,0,3,0,2,0.600000,0.000000,0.000000,0.000000,0.375000,false
TEXTUAL,0.763000,0,3,0,2,0.600000,0.000000,0.000000,0.000000,0.375000,false
TEXTUAL,0.764000,0,3,0,2,0.600000,0.000000,0.000000,0.000000,0.375000,false
TEXTUAL,0.765000,0,3,0,2,0.600000,0.000000,0.000000,0.000000,0.375000,false
TEXTUAL,0.766000,0,3,0,2,0.600000,0.000000,0.000000,0.000000,0.375000,false
TEXTUAL,0.767000,0,3,0,2,0.600000,0.000000,0.000000,0.000000,0.375000,false
TEXTUAL,0.768000,0,3,0,2,0.600000,0.000000,0.000000,0.000000,0.375000,false
TEXTUAL,0.769000,0,3,0,2,0.600000,0.000000,0.000000,0.000000,0.375000,false
TEXTUAL,0.770000,0,3,0,2,0.600000,0.000000,0.000000,0.000000,0.375000,false
TEXTUAL,0.771000,0,3,0,2,0.600000,0.000000,0.000000,0.000000,0.375000,false
TEXTUAL,0.772000,0,3,0,2,0.600000,0.000000,0.000000,0.000000,0.375000,false
TEXTUAL,0.773000,0,3,0,2,0.600000,0.000000,0.000000,0.000000,0.375000,false
TEXTUAL,0.774000,0,3,0,2,0.600000,0.000000,0.000000,0.000000,0.375000,false
TEXTUAL,0.775000,0,3,0,2,0.600000,0.000000,0.000000,0.000000,0.375000,false
TEXTUAL,0.776000,0,3,0,2,0.600000,0.000000,0.000000,0.000000,0.375000,false
TEXTUAL,0.777000,0,3,0,2,0.600000,0.000000,0.000000,0.000000,0.375000,false
TEXTUAL,0.778000,0,3,0,2,0.600000,0.000000,0.000000,0.000000,0.375000,false
TEXTUAL,0.779000,0,3,0,2,0.600000,0.000000,0.000000,0.000000,0.375000,false
TEXTUAL,0.780000,0,3,0,2,0.600000,0.000000,0.000000,0.000000,0.375000,false
TEXTUAL,0.781000,0,3,0,2,0.600000,0.000000,0.000000,0.000000,0.375000,false
TEXTUAL,0.782000,0,3,0,2,0.600000,0.000000,0.000000,0.000000,0.375000,false
TEXTUAL,0.783000,0,3,0,2,0.600000,0.000000,0.000000,0.000000,0.375000,false
TEXTUAL,0.784000,0,3,0,2,0.600000,0.000000,0.000000,0.000000,0.375000,false
TEXTUAL,0.785000,0,3,0,2,0.600000,0.000000,0.000000,0.000000,0.375000,false
TEXTUAL,0.786000,0,3,0,2,0.600000,0.000000,0.000000,0.000000,0.375000,false
TEXTUAL,0.787000,0,3,0,2,0.600000,0.000000,0.000000,0.000000,0.375000,false
TEXTUAL,0.788000,0,3,0,2,0.600000,0.000000,0.000000,0.000000,0.375000,false
TEXTUAL,0.789000,0,3,0,2,0.600000,0.000000,0.000000,0.000000,0.375000,false
TEXTUAL,0.790000,0,3,0,2,0.600000,0.000000,0.000000,0.000000,0.375000,false
TEXTUAL,0.791000,0,3,0,2,0.600000,0.000000,0.000000,0.000000,0.375000,false
TEXTUAL,0.792000,0,3,0,2,0.600000,0.000000,0.000000,0.000000,0.375000,false
TEXTUAL,0.793000,0,3,0,2,0.600000,0.000000,0.000000,0.000000,0.375000,false
TEXTUAL,0.794000,0,3,0,2,0.600000,0.000000,0.000000,0.000000,0.375000,false
TEXTUAL,0.795000,0,3,0,2,0.600000,0.000000,0.000000,0.000000,0.375000,false
TEXTUAL,0.796000,0,3,0,2,0.600000,0.000000,0.000000,0.000000,0.375000,false
TEXTUAL,0.797000,0,3,0,2,0.600000,0.000000,0.000000,0.000000,0.375000,false
TEXTUAL,0.798000,0,3,0,2,0.600000,0.000000,0.000000,0.000000,0.375000,false
TEXTUAL,0.799000,0,3,0,2,0.600000,0.000000,0.000000,0.000000,0.375000,false
TEXTUAL,0.800000,0,3,0,2,0.600000,0.000000,0.000000,0.000000,0.375000,false
TEXTUAL,0.801000,0,3,0,2,0.600000,0.000000,0.000000,0.000000,0.375000,false
TEXTUAL,0.802000,0,3,0,2,0.600000,0.000000,0.000000,0.000000,0.375000,false
TEXTUAL,0.803000,0,3,0,2,0.600000,0.000000,0.000000,0.000000,0.375000,false
TEXTUAL,0.804000,0,3,0,2,0.600000,0.000000,0.000000,0.000000,0.375000,false
TEXTUAL,0.805000,0,3,0,2,0.600000,0.000000,0.000000,0.000000,0.375000,false
TEXTUAL,0.806000,0,3,0,2,0.600000,0.000000,0.000000,0.000000,0.375000,false
TEXTUAL,0.807000,0,3,0,2,0.600000,0.000000,0.000000,0.000000,0.375000,false
TEXTUAL,0.808000,0,3,0,2,0.600000,0.000000,0.000000,0.000000,0.375000,false
TEXTUAL,0.809000,0,3,0,2,0.600000,0.000000,0.000000,0.000000,0.375000,false
TEXTUAL,0.810000,0,3,0,2,0.600000,0.000000,0.000000,0.000000,0.375000,false
TEXTUAL,0.811000,0,3,0,2,0.600000,0.000000,0.000000,0.000000,0.375000,false
TEXTUAL,0.812000,0,3,0,2,0.600000,0.000000,0.000000,0.000000,0.375000,false
TEXTUAL,0.813000,0,3,0,2,0.600000,0.000000,0.000000,0.000000,0.375000,false
TEXTUAL,0.814000,0,3,0,2,0.600000,0.000000,0.000000,0.000000,0.375000,false
TEXTUAL,0.815000,0,3,0,2,0.600000,0.000000,0.000000,0.000000,0.375000,false
TEXTUAL,0.816000,0,3,0,2,0.600000,0.000000,0.000000,0.000000,0.375000,false
TEXTUAL,0.817000,0,3,0,2,0.600000,0.000000,0.000000,0.000000,0.375000,false
TEXTUAL,0.818000,0,3,0,2,0.600000,0.000000,0.000000,0.000000,0.375000,false
TEXTUAL,0.819000,0,3,0,2,0.600000,0.000000,0.000000,0.000000,0.375000,false
TEXTUAL,0.820000,0,3,0,2,0.600000,0.000000,0.000000,0.000000,0.375000,false
TEXTUAL,0.821000,0,3,0,2,0.600000,0.000000,0.000000,0.000000,0.375000,false
TEXTUAL,0.822000,0,3,0,2,0.600000,0.000000,0.000000,0.000000,0.375000,false
TEXTUAL,0.823000,0,3,0,2,0.600000,0.000000,0.000000,0.000000,0.375000,false
TEXTUAL,0.824000,0,3,0,2,0.600000,0.000000,0.000000,0.000000,0.375000,false
TEXTUAL,0.825000,0,3,0,2,0.600000,0.000000,0.000000,0.000000,0.375000,false
TEXTUAL,0.826000,0,3,0,2,0.600000,0.000000,0.000000,0.000000,0.375000,false
TEXTUAL,0.827000,0,3,0,2,0.600000,0.000000,0.000000,0.000000,0.375000,false
TEXTUAL,0.828000,0,3,0,2,0.600000,0.000000,0.000000,0.000000,0.375000,false
TEXTUAL,0.829000,0,3,0,2,0.600000,0.000000,0.000000,0.000000,0.375000,false
TEXTUAL,0.830000,0,3,0,2,0.600000,0.000000,0.000000,0.000000,0.375000,false
TEXTUAL,0.831000,0,3,0,2,0.600000,0.000000,0.000000,0.000000,0.375000,false
TEXTUAL,0.832000,0,3,0,2,0.600000,0.000000,0.000000,0.000000,0.375000,false
TEXTUAL,0.833000,0,3,0,2,0.600000,0.000000,0.000000,0.000000,0.375000,false
TEXTUAL,0.834000,0,3,0,2,0.600000,0.000000,0.000000,0.000000,0.375000,false
TEXTUAL,0.835000,0,3,0,2,0.600000,0.000000,0.000000,0.000000,0.375000,false
TEXTUAL,0.836000,0,3,0,2,0.600000,0.000000,0.000000,0.000000,0.375000,false
TEXTUAL,0.837000,0,3,0,2,0.600000,0.000000,0.000000,0.000000,0.375000,false
TEXTUAL,0.838000,0,3,0,2,0.600000,0.000000,0.000000,0.000000,0.375000,false
TEXTUAL,0.839000,0,3,0,2,0.600000,0.000000,0.000000,0.000000,0.375000,false
TEXTUAL,0.840000,0,3,0,2,0.600000,0.000000,0.000000,0.000000,0.375000,false
TEXTUAL,0.841000,0,3,0,2,0.600000,0.000000,0.000000,0.000000,0.375000,false
TEXTUAL,0.842000,0,3,0,2,0.600000,0.000000,0.000000,0.000000,0.375000,false
TEXTUAL,0.843000,0,3,0,2,0.600000,0.000000,0.000000,0.000000,0.375000,false
TEXTUAL,0.844000,0,3,0,2,0.600000,0.000000,0.000000,0.000000,0.375000,false
TEXTUAL,0.845000,0,3,0,2,0.600000,0.000000,0.000000,0.000000,0.375000,false
TEXTUAL,0.846000,0,3,0,2,0.600000,0.000000,0.000000,0.000000,0.375000,false
TEXTUAL,0.847000,0,3,0,2,0.600000,0.000000,0.000000,0.000000,0.375000,false
TEXTUAL,0.848000,0,3,0,2,0.600000,0.000000,0.000000,0.000000,0.375000,false
TEXTUAL,0.849000,0,3,0,2,0.600000,0.000000,0.000000,0.000000,0.375000,false
TEXTUAL,0.850000,0,3,0,2,0.600000,0.000000,0.000000,0.000000,0.375000,false
TEXTUAL,0.851000,0,3,0,2,0.600000,0.000000,0.000000,0.000000,0.375000,false
TEXTUAL,0.852000,0,3,0,2,0.600000,0.000000,0.000000,0.000000,0.375000,false
TEXTUAL,0.853000,0,3,0,2,0.600000,0.000000,0.000000,0.000000,0.375000,false
TEXTUAL,0.854000,0,3,0,2,0.600000,0.000000,0.000000,0.000000,0.375000,false
TEXTUAL,0.855000,0,3,0,2,0.600000,0.000000,0.000000,0.000000,0.375000,false
TEXTUAL,0.856000,0,3,0,2,0.600000,0.000000,0.000000,0.000000,0.375000,false
TEXTUAL,0.857000,0,3,0,2,0.600000,0.000000,0.000000,0.000000,0.375000,false
TEXTUAL,0.858000,0,3,0,2,0.600000,0.000000,0.000000,0.000000,0.375000,false
TEXTUAL,0.859000,0,3,0,2,0.600000,0.000000,0.000000,0.000000,0.375000,false
TEXTUAL,0.860000,0,3,0,2,0.600000,0.000000,0.000000,0.000000,0.375000,false
TEXTUAL,0.861000,0,3,0,2,0.600000,0.000000,0.000000,0.000000,0.375000,false
TEXTUAL,0.862000,0,3,0,2,0.600000,0.000000,0.000000,0.000000,0.375000,false
TEXTUAL,0.863000,0,3,0,2,0.600000,0.000000,0.000000,0.000000,0.375000,false
TEXTUAL,0.864000,0,3,0,2,0.600000,0.000000,0.000000,0.000000,0.375000,false
TEXTUAL,0.865000,0,3,0,2,0.600000,0.000000,0.000000,0.000000,0.375000,false
TEXTUAL,0.866000,0,3,0,2,0.600000,0.000000,0.000000,0.000000,0.375000,false
TEXTUAL,0.867000,0,3,0,2,0.600000,0.000000,0.000000,0.000000,0.375000,false
TEXTUAL,0.868000,0,3,0,2,0.600000,0.000000,0.000000,0.000000,0.375000,false
TEXTUAL,0.869000,0,3,0,2,0.600000,0.000000,0.000000,0.000000,0.375000,false
TEXTUAL,0.870000,0,3,0,2,0.600000,0.000000,0.000000,0.000000,0.375000,false
TEXTUAL,0.871000,0,3,0,2,0.600000,0.000000,0.000000,0.000000,0.375000,false
TEXTUAL,0.872000,0,3,0,2,0.600000,0.000000,0.000000,0.000000,0.375000,false
TEXTUAL,0.873000,0,3,0,2,0.600000,0.000000,0.000000,0.000000,0.375000,false
TEXTUAL,0.874000,0,3,0,2,0.600000,0.000000,0.000000,0.000000,0.375000,false
TEXTUAL,0.875000,0,3,0,2,0.600000,0.000000,0.000000,0.000000,0.375000,false
TEXTUAL,0.876000,0,3,0,2,0.600000,0.000000,0.000000,0.000000,0.375000,false
TEXTUAL,0.877000,0,3,0,2,0.600000,0.000000,0.000000,0.000000,0.375000,false
TEXTUAL,0.878000,0,3,0,2,0.600000,0.000000,0.000000,0.000000,0.375000,false
TEXTUAL,0.879000,0,3,0,2,0.600000,0.000000,0.000000,0.000000,0.375000,false
TEXTUAL,0.880000,0,3,0,2,0.600000,0.000000,0.000000,0.000000,0.375000,false
TEXTUAL,0.881000,0,3,0,2,0.600000,0.000000,0.000000,0.000000,0.375000,false
TEXTUAL,0.882000,0,3,0,2,0.600000,0.000000,0.000000,0.000000,0.375000,false
TEXTUAL,0.883000,0,3,0,2,0.600000,0.000000,0.000000,0.000000,0.375000,false
TEXTUAL,0.884000,0,3,0,2,0.600000,0.000000,0.000000,0.000000,0.375000,false
TEXTUAL,0.885000,0,3,0,2,0.600000,0.000000,0.000000,0.000000,0.375000,false
TEXTUAL,0.886000,0,3,0,2,0.600000,0.000000,0.000000,0.000000,0.375000,false
TEXTUAL,0.887000,0,3,0,2,0.600000,0.000000,0.000000,0.000000,0.375000,false
TEXTUAL,0.888000,0,3,0,2,0.600000,0.000000,0.000000,0.000000,0.375000,false
TEXTUAL,0.889000,0,3,0,2,0.600000,0.000000,0.000000,0.000000,0.375000,false
TEXTUAL,0.890000,0,3,0,2,0.600000,0.000000,0.000000,0.000000,0.375000,false
TEXTUAL,0.891000,0,3,0,2,0.600000,0.000000,0.000000,0.000000,0.375000,false
TEXTUAL,0.892000,0,3,0,2,0.600000,0.000000,0.000000,0.000000,0.375000,false
TEXTUAL,0.893000,0,3,0,2,0.600000,0.000000,0.000000,0.000000,0.375000,false
TEXTUAL,0.894000,0,3,0,2,0.600000,0.000000,0.000000,0.000000,0.375000,false
TEXTUAL,0.895000,0,3,0,2,0.600000,0.000000,0.000000,0.000000,0.375000,false
TEXTUAL,0.896000,0,3,0,2,0.600000,0.000000,0.000000,0.000000,0.375000,false
TEXTUAL,0.897000,0,3,0,2,0.600000,0.000000,0.000000,0.000000,0.375000,false
TEXTUAL,0.898000,0,3,0,2,0.600000,0.000000,0.000000,0.000000,0.375000,false
TEXTUAL,0.899000,0,3,0,2,0.600000,0.000000,0.000000,0.000000,0.375000,false
TEXTUAL,0.900000,0,3,0,2,0.600000,0.000000,0.000000,0.000000,0.375000,false
TEXTUAL,0.901000,0,3,0,2,0.600000,0.000000,0.000000,0.000000,0.375000,false
TEXTUAL,0.902000,0,3,0,2,0.600000,0.000000,0.000000,0.000000,0.375000,false
TEXTUAL,0.903000,0,3,0,2,0.600000,0.000000,0.000000,0.000000,0.375000,false
TEXTUAL,0.904000,0,3,0,2,0.600000,0.000000,0.000000,0.000000,0.375000,false
TEXTUAL,0.905000,0,3,0,2,0.600000,0.000000,0.000000,0.000000,0.375000,false
TEXTUAL,0.906000,0,3,0,2,0.600000,0.000000,0.000000,0.000000,0.375000,false
TEXTUAL,0.907000,0,3,0,2,0.600000,0.000000,0.000000,0.000000,0.375000,false
TEXTUAL,0.908000,0,3,0,2,0.600000,0.000000,0.000000,0.000000,0.375000,false
TEXTUAL,0.909000,0,3,0,2,0.600000,0.000000,0.000000,0.000000,0.375000,false
TEXTUAL,0.910000,0,3,0,2,0.600000,0.000000,0.000000,0.000000,0.375000,false
TEXTUAL,0.911000,0,3,0,2,0.600000,0.000000,0.000000,0.000000,0.375000,false
TEXTUAL,0.912000,0,3,0,2,0.600000,0.000000,0.000000,0.000000,0.375000,false
TEXTUAL,0.913000,0,3,0,2,0.600000,0.000000,0.000000,0.000000,0.375000,false
TEXTUAL,0.914000,0,3,0,2,0.600000,0.000000,0.000000,0.000000,0.375000,false
TEXTUAL,0.915000,0,3,0,2,0.600000,0.000000,0.000000,0.000000,0.375000,false
TEXTUAL,0.916000,0,3,0,2,0.600000,0.000000,0.000000,0.000000,0.375000,false
TEXTUAL,0.917000,0,3,0,2,0.600000,0.000000,0.000000,0.000000,0.375000,false
TEXTUAL,0.918000,0,3,0,2,0.600000,0.000000,0.000000,0.000000,0.375000,false
TEXTUAL,0.919000,0,3,0,2,0.600000,0.000000,0.000000,0.000000,0.375000,false
TEXTUAL,0.920000,0,3,0,2,0.600000,0.000000,0.000000,0.000000,0.375000,false
TEXTUAL,0.921000,0,3,0,2,0.600000,0.000000,0.000000,0.000000,0.375000,false
TEXTUAL,0.922000,0,3,0,2,0.600000,0.000000,0.000000,0.000000,0.375000,false
TEXTUAL,0.923000,0,3,0,2,0.600000,0.000000,0.000000,0.000000,0.375000,false
TEXTUAL,0.924000,0,3,0,2,0.600000,0.000000,0.000000,0.000000,0.375000,false
TEXTUAL,0.925000,0,3,0,2,0.600000,0.000000,0.000000,0.000000,0.375000,false
TEXTUAL,0.926000,0,3,0,2,0.600000,0.000000,0.000000,0.000000,0.375000,false
TEXTUAL,0.927000,0,3,0,2,0.600000,0.000000,0.000000,0.000000,0.375000,false
TEXTUAL,0.928000,0,3,0,2,0.600000,0.000000,0.000000,0.000000,0.375000,false
TEXTUAL,0.929000,0,3,0,2,0.600000,0.000000,0.000000,0.000000,0.375000,false
TEXTUAL,0.930000,0,3,0,2,0.600000,0.000000,0.000000,0.000000,0.375000,false
TEXTUAL,0.931000,0,3,0,2,0.600000,0.000000,0.000000,0.000000,0.375000,false
TEXTUAL,0.932000,0,3,0,2,0.600000,0.000000,0.000000,0.000000,0.375000,false
TEXTUAL,0.933000,0,3,0,2,0.600000,0.000000,0.000000,0.000000,0.375000,false
TEXTUAL,0.934000,0,3,0,2,0.600000,0.000000,0.000000,0.000000,0.375000,false
TEXTUAL,0.935000,0,3,0,2,0.600000,0.000000,0.000000,0.000000,0.375000,false
TEXTUAL,0.936000,0,3,0,2,0.600000,0.000000,0.000000,0.000000,0.375000,false
TEXTUAL,0.937000,0,3,0,2,0.600000,0.000000,0.000000,0.000000,0.375000,false
TEXTUAL,0.938000,0,3,0,2,0.600000,0.000000,0.000000,0.000000,0.375000,false
TEXTUAL,0.939000,0,3,0,2,0.600000,0.000000,0.000000,0.000000,0.375000,false
TEXTUAL,0.940000,0,3,0,2,0.600000,0.000000,0.000000,0.000000,0.375000,false
TEXTUAL,0.941000,0,3,0,2,0.600000,0.000000,0.000000,0.000000,0.375000,false
TEXTUAL,0.942000,0,3,0,2,0.600000,0.000000,0.000000,0.000000,0.375000,false
TEXTUAL,0.943000,0,3,0,2,0.600000,0.000000,0.000000,0.000000,0.375000,false
TEXTUAL,0.944000,0,3,0,2,0.600000,0.000000,0.000000,0.000000,0.375000,false
TEXTUAL,0.945000,0,3,0,2,0.600000,0.000000,0.000000,0.000000,0.375000,false
TEXTUAL,0.946000,0,3,0,2,0.600000,0.000000,0.000000,0.000000,0.375000,false
TEXTUAL,0.947000,0,3,0,2,0.600000,0.000000,0.000000,0.000000,0.375000,false
TEXTUAL,0.948000,0,3,0,2,0.600000,0.000000,0.000000,0.000000,0.375000,false
TEXTUAL,0.949000,0,3,0,2,0.600000,0.000000,0.000000,0.000000,0.375000,false
TEXTUAL,0.950000,0,3,0,2,0.600000,0.000000,0.000000,0.000000,0.375000,false
TEXTUAL,0.951000,0,3,0,2,0.600000,0.000000,0.000000,0.000000,0.375000,false
TEXTUAL,0.952000,0,3,0,2,0.600000,0.000000,0.000000,0.000000,0.375000,false
TEXTUAL,0.953000,0,3,0,2,0.600000,0.000000,0.000000,0.000000,0.375000,false
TEXTUAL,0.954000,0,3,0,2,0.600000,0.000000,0.000000,0.000000,0.375000,false
TEXTUAL,0.955000,0,3,0,2,0.600000,0.000000,0.000000,0.000000,0.375000,false
TEXTUAL,0.956000,0,3,0,2,0.600000,0.000000,0.000000,0.000000,0.375000,false
TEXTUAL,0.957000,0,3,0,2,0.600000,0.000000,0.000000,0.000000,0.375000,false
TEXTUAL,0.958000,0,3,0,2,0.600000,0.000000,0.000000,0.000000,0.375000,false
TEXTUAL,0.959000,0,3,0,2,0.600000,0.000000,0.000000,0.000000,0.375000,false
TEXTUAL,0.960000,0,3,0,2,0.600000,0.000000,0.000000,0.000000,0.375000,false
TEXTUAL,0.961000,0,3,0,2,0.600000,0.000000,0.000000,0.000000,0.375000,false
TEXTUAL,0.962000,0,3,0,2,0.600000,0.000000,0.000000,0.000000,0.375000,false
TEXTUAL,0.963000,0,3,0,2,0.600000,0.000000,0.000000,0.000000,0.375000,false
TEXTUAL,0.964000,0,3,0,2,0.600000,0.000000,0.000000,0.000000,0.375000,false
TEXTUAL,0.965000,0,3,0,2,0.600000,0.000000,0.000000,0.000000,0.375000,false
TEXTUAL,0.966000,0,3,0,2,0.600000,0.000000,0.000000,0.000000,0.375000,false
TEXTUAL,0.967000,0,3,0,2,0.600000,0.000000,0.000000,0.000000,0.375000,false
TEXTUAL,0.968000,0,3,0,2,0.600000,0.000000,0.000000,0.000000,0.375000,false
TEXTUAL,0.969000,0,3,0,2,0.600000,0.000000,0.000000,0.000000,0.375000,false
TEXTUAL,0.970000,0,3,0,2,0.600000,0.000000,0.000000,0.000000,0.375000,false
TEXTUAL,0.971000,0,3,0,2,0.600000,0.000000,0.000000,0.000000,0.375000,false
TEXTUAL,0.972000,0,3,0,2,0.600000,0.000000,0.000000,0.000000,0.375000,false
TEXTUAL,0.973000,0,3,0,2,0.600000,0.000000,0.000000,0.000000,0.375000,false
TEXTUAL,0.974000,0,3,0,2,0.600000,0.000000,0.000000,0.000000,0.375000,false
TEXTUAL,0.975000,0,3,0,2,0.600000,0.000000,0.000000,0.000000,0.375000,false
TEXTUAL,0.976000,0,3,0,2,0.600000,0.000000,0.000000,0.000000,0.375000,false
TEXTUAL,0.977000,0,3,0,2,0.600000,0.000000,0.000000,0.000000,0.375000,false
TEXTUAL,0.978000,0,3,0,2,0.600000,0.000000,0.000000,0.000000,0.375000,false
TEXTUAL,0.979000,0,3,0,2,0.600000,0.000000,0.000000,0.000000,0.375000,false
TEXTUAL,0.980000,0,3,0,2,0.600000,0.000000,0.000000,0.000000,0.375000,false
TEXTUAL,0.981000,0,3,0,2,0.600000,0.000000,0.000000,0.000000,0.375000,false
TEXTUAL,0.982000,0,3,0,2,0.600000,0.000000,0.000000,0.000000,0.375000,false
TEXTUAL,0.983000,0,3,0,2,0.600000,0.000000,0.000000,0.000000,0.375000,false
TEXTUAL,0.984000,0,3,0,2,0.600000,0.000000,0.000000,0.000000,0.375000,false
TEXTUAL,0.985000,0,3,0,2,0.600000,0.000000,0.000000,0.000000,0.375000,false
TEXTUAL,0.986000,0,3,0,2,0.600000,0.000000,0.000000,0.000000,0.375000,false
TEXTUAL,0.987000,0,3,0,2,0.600000,0.000000,0.000000,0.000000,0.375000,false
TEXTUAL,0.988000,0,3,0,2,0.600000,0.000000,0.000000,0.000000,0.375000,false
TEXTUAL,0.989000,0,3,0,2,0.600000,0.000000,0.000000,0.000000,0.375000,false
TEXTUAL,0.990000,0,3,0,2,0.600000,0.000000,0.000000,0.000000,0.375000,false
TEXTUAL,0.991000,0,3,0,2,0.600000,0.000000,0.000000,0.000000,0.375000,false
TEXTUAL,0.992000,0,3,0,2,0.600000,0.000000,0.000000,0.000000,0.375000,false
TEXTUAL,0.993000,0,3,0,2,0.600000,0.000000,0.000000,0.000000,0.375000,false
TEXTUAL,0.994000,0,3,0,2,0.600000,0.000000,0.000000,0.000000,0.375000,false
TEXTUAL,0.995000,0,3,0,2,0.600000,0.000000,0.000000,0.000000,0.375000,false
TEXTUAL,0.996000,0,3,0,2,0.600000,0.000000,0.000000,0.000000,0.375000,false
TEXTUAL,0.997000,0,3,0,2,0.600000,0.000000,0.000000,0.000000,0.375000,false
TEXTUAL,0.998000,0,3,0,2,0.600000,0.000000,0.000000,0.000000,0.375000,false
TEXTUAL,0.999000,0,3,0,2,0.600000,0.000000,0.000000,0.000000,0.375000,false
TEXTUAL,1.000000,0,3,0,2,0.600000,0.000000,0.000000,0.000000,0.375000,false
