ShaA,ShaB,Reason
02481C9D2568B71F8E7C312C9750A2574BBC113DA725E94DF93185829AC84A79,021D03676E4829AEEEA847D3BCB185AA2D16C5CBCA32B330075F575854B360A1,HEADER_CUIT:30682335706
038C8E13A29FF718AF15161F5E1623E16F4735509EBC827CBF80A30555FC05DB,02304E5FCF9E9935C4B1CCBC0F4D759FDB9A45B27246309A1B9E5FB698A31BCA,HEADER_CUIT:30500006613
0694B850140E5FB7BFAECB0AE25445A17058A3081747D666726EF30BF5AA1CB8,02304E5FCF9E9935C4B1CCBC0F4D759FDB9A45B27246309A1B9E5FB698A31BCA,HEADER_CUIT:30500006613
077E1AB84DF868E538FAC3C97AD3D0C980891100169289B57CD81AB74155EC27,0393CB3ABBE474C6B489BC46868FD98792B23A13B723C0F5196587EC98CCF160,HEADER_CUIT:30707889434
087EA4366E3106496DA6B0BC81253540CE32BCC41D32F4556B269A17734EA995,02304E5FCF9E9935C4B1CCBC0F4D759FDB9A45B27246309A1B9E5FB698A31BCA,HEADER_CUIT:30500006613
099CD04D4D313E7B125EE36BE7A592FAE24935F39860457A2663B17850A7A024,02304E5FCF9E9935C4B1CCBC0F4D759FDB9A45B27246309A1B9E5FB698A31BCA,HEADER_CUIT:30500006613
0AF4ABC9633AC9A8D2E9993F79A926DB3E8D1D479CD3E3091B3F0AF3D2C2E7E6,072B001D7FDCB00B166EE67FDDEE8BE382F3BA7FB76113DE6F258CAC2DEDFF3E,HEADER_CUIT:30669701639
0C88429B88056936267C06652EED9EF20AE1A701A550F3E3992DD9DDEC6C7B5D,02304E5FCF9E9935C4B1CCBC0F4D759FDB9A45B27246309A1B9E5FB698A31BCA,HEADER_CUIT:30500006613
0CA3EE8277873990549A7D686F9CA4F4752B23AD75867D299B8CC9F9ECE7AD9B,02304E5FCF9E9935C4B1CCBC0F4D759FDB9A45B27246309A1B9E5FB698A31BCA,HEADER_CUIT:30500006613
0D83342C279D8651BF63D1015F3EEAAE55883A8F1CE8C051D923B3B1B1920312,021D03676E4829AEEEA847D3BCB185AA2D16C5CBCA32B330075F575854B360A1,HEADER_CUIT:30682335706
11F3EAC90134B12551950394AA754634A73F52156C58047F001C53FC2A8E2B6A,02304E5FCF9E9935C4B1CCBC0F4D759FDB9A45B27246309A1B9E5FB698A31BCA,HEADER_CUIT:30500006613
1303FFF3152A9BCA27886296FE5721AD7F803BA0CFC37D6296DE2FC83912AC0F,02304E5FCF9E9935C4B1CCBC0F4D759FDB9A45B27246309A1B9E5FB698A31BCA,HEADER_CUIT:30500006613
15969BD380B8D2DC22294AFDC4928DC42B0917483959608C7594E31E510491F3,106447D8042022E7A7E537E2F456DA614B64B7F191C70E08B6E6C5335ED5C164,HEADER_CUIT:30546969874
16945BA3A0FB38E9BC5A16E5A5985D0D639AEB3DBAE2B4FB57E018F9F01DC7F6,05C97349F397582E8A6249A2D5709AD4923C3B38A7E21B050DE3374402BA58A1,HEADER_CUIT:33699685459
16C599BB507BA2B2F3C2269E6A2C5D1AECB01E18F4CC72BEBE25B5003074BB39,02304E5FCF9E9935C4B1CCBC0F4D759FDB9A45B27246309A1B9E5FB698A31BCA,HEADER_CUIT:30500006613
16D63A67B2329B876A7EB150497C22D00A7FC6CA3C3D9F3D21BDEACB8FC493A8,02304E5FCF9E9935C4B1CCBC0F4D759FDB9A45B27246309A1B9E5FB698A31BCA,HEADER_CUIT:30500006613
16E375C7BFC7DEA12A79C7383665C85A3E059F7F5A69AF0C52D3D4ACC27A9341,02304E5FCF9E9935C4B1CCBC0F4D759FDB9A45B27246309A1B9E5FB698A31BCA,HEADER_CUIT:30500006613
1774A5264220F2FF45E5BC66ABA462BACACE62D7E6CC8D8B4C325FF2953FA33C,02304E5FCF9E9935C4B1CCBC0F4D759FDB9A45B27246309A1B9E5FB698A31BCA,HEADER_CUIT:30500006613
183FAE302DC2004BF0E2C13EDF85A8E9D75E168D01D7313E31DA45794CE0428D,123AAD179BE2ED44C1896B2F0972BA3A001D1258B084B8A1FE069BC1ACB1FF14,HEADER_CUIT:30708593512
18A2915116E554779056513F6E5C546608D7AE4ABBD5651F3A29EB14355EF1F7,02304E5FCF9E9935C4B1CCBC0F4D759FDB9A45B27246309A1B9E5FB698A31BCA,HEADER_CUIT:30500006613
18E7CA0C5FA2A263B81C0E6331BD60EE7C3FE5F34B9607844B4F68CB65659CF1,04959C36E447DCC51D86DB7A3E13AA2F054F7A5405E116EDD2D0685F84DDF048,HEADER_CUIT:30612251904
19F6641B6B3AA29365169F3EAE0968960FCA636ECEE571730C1EA3B84723A6C5,02304E5FCF9E9935C4B1CCBC0F4D759FDB9A45B27246309A1B9E5FB698A31BCA,HEADER_CUIT:30500006613
1A0A36E455982173F5BF5C96D830E13327B71722D30631BC3F0CC3CC9FAF0540,08C09F38F83BB6EDBE8BBF01403018FA201860CC12D064BAD8345B8B7D1EAC59,HEADER_CUIT:30688324498
1A336FF617D5A0C3A526B99A96FBAFD04444DB1284DF057F7A0963EF0F477489,02304E5FCF9E9935C4B1CCBC0F4D759FDB9A45B27246309A1B9E5FB698A31BCA,HEADER_CUIT:30500006613
1C2730D7EA45CB80447C59154F701641B68B2CE8C31909BCBDA0D31555D6AF2D,106447D8042022E7A7E537E2F456DA614B64B7F191C70E08B6E6C5335ED5C164,HEADER_CUIT:30546969874
1ED366B383A3896CFEB2405CE4CAC87D9D060DC3080F784F47BED59A1054A232,02304E5FCF9E9935C4B1CCBC0F4D759FDB9A45B27246309A1B9E5FB698A31BCA,HEADER_CUIT:30500006613
2154FD617AF13243DB7B586CCBA7EF469689877C9BAA53B0F84ED403E793BC99,02304E5FCF9E9935C4B1CCBC0F4D759FDB9A45B27246309A1B9E5FB698A31BCA,HEADER_CUIT:30500006613
2359686156391AC697F0FACF0BC28C4A3B58BF780D9DF464022B6629A5418D41,02304E5FCF9E9935C4B1CCBC0F4D759FDB9A45B27246309A1B9E5FB698A31BCA,HEADER_CUIT:30500006613
238450449FF81A482559F1E03EE384FAD00D8AF468625EFC43ED56456068CAD0,2177FA907AE027A8214549A497D8B20FAC11F03378434E82243735B41CDCCF90,HEADER_CUIT:30707503307
2476686913A22085E08C9FB772282309D0E57FD54559BC40585D6AF7A80CC8C8,05C97349F397582E8A6249A2D5709AD4923C3B38A7E21B050DE3374402BA58A1,HEADER_CUIT:33699685459
2605B5CBE1D16F569A4744664A6098F9F1A9ADF3328747D2D99F36E44E6407EE,106447D8042022E7A7E537E2F456DA614B64B7F191C70E08B6E6C5335ED5C164,HEADER_CUIT:30546969874
26EA4A2318A2CA163F0725B8551C9F4CFE6E45EA6578CACC90BC64C6575AF63B,02304E5FCF9E9935C4B1CCBC0F4D759FDB9A45B27246309A1B9E5FB698A31BCA,HEADER_CUIT:30500006613
2754D3559341F815081980BDD192EED779630BB6B233314D17B4863113891EF0,02304E5FCF9E9935C4B1CCBC0F4D759FDB9A45B27246309A1B9E5FB698A31BCA,HEADER_CUIT:30500006613
27FF656A5A70E8C1A2AF544748A8FEEB1F9D764E38EE1B20DEFCF5A88675DBB2,021D03676E4829AEEEA847D3BCB185AA2D16C5CBCA32B330075F575854B360A1,HEADER_CUIT:30682335706
28E051A5FFC30CD108C62532DB3BB625AE2F92006A000BC861F3BB2C56D67E99,1F9DD0B2BF3B5C5D6D46D3091174ECB7FD8813A730E6E775358AF0ABAC13456B,HEADER_CUIT:30711958033
28F92D6F8C69A983FC3129BC8443C5E475F94DFB173AF74A3BF5F08D957F5B0D,2177FA907AE027A8214549A497D8B20FAC11F03378434E82243735B41CDCCF90,HEADER_CUIT:30707503307
2A31131A45E5376D4DFD42FF9877AC6093EBD62ABF0B6791591EDD8AB1658A7D,106447D8042022E7A7E537E2F456DA614B64B7F191C70E08B6E6C5335ED5C164,HEADER_CUIT:30546969874
2A7AB31F4AD69F64910E3CEEE8C65743B22D669A790ABFCAF491E8BAAAE9C4B7,0C119B261945873CEB350567C4B9047A452E5075ADB4DC72F247453378F3D6C2,HEADER_CUIT:30608298815
2CA14FED2FAD395EFD4983F8070DF27AF17788C817D750BBE547E27F9DB493B7,02304E5FCF9E9935C4B1CCBC0F4D759FDB9A45B27246309A1B9E5FB698A31BCA,HEADER_CUIT:30500006613
2DF94A5C2384FC7A97229E0EE33C8F5F95234472102492A6EE49DCB9C7277EFF,02304E5FCF9E9935C4B1CCBC0F4D759FDB9A45B27246309A1B9E5FB698A31BCA,HEADER_CUIT:30500006613
2E23F651392097BF6177E1CBC5D2B43D4B848A229CDD80E9B8413254E95D51D8,02304E5FCF9E9935C4B1CCBC0F4D759FDB9A45B27246309A1B9E5FB698A31BCA,HEADER_CUIT:30500006613
2E2889EBA992FF88C5260B76B01933BFBA0AA678BD94B8970181748B220ED2C5,02304E5FCF9E9935C4B1CCBC0F4D759FDB9A45B27246309A1B9E5FB698A31BCA,HEADER_CUIT:30500006613
2F1E945B42EFC9DC4B0237EC0B8D8458B94BC0DE5AC9FBBEF393B78058EFB654,05C97349F397582E8A6249A2D5709AD4923C3B38A7E21B050DE3374402BA58A1,HEADER_CUIT:33699685459
3031035EFEF15605525E170DDD8F26344AE93413637DB2E3C70563167DA90FE0,0EA83AC8EB655DEA62FEAFEB9AA0E382503A8BAE3EE20782767D39071CB570D8,HEADER_CUIT:30693821653
35036B91118820402A43C5A7AF8FEDD19F3EE0B4F5CD092F6045A38564329AA7,1630D16F8FDB2A7721ACEF572A7F8E2CB269845113E8B30AB282FF65B3372AA2,HEADER_CUIT:33692134309
354C3F7045F79A2B3CDB2ADFC8EEA10521BBDFA984CFFDF6CE061D5EB8D6FFB4,05C97349F397582E8A6249A2D5709AD4923C3B38A7E21B050DE3374402BA58A1,HEADER_CUIT:33699685459
36429CA5B94D3DBDBD0C7003516E55976683623709FAB71AD14FDC8C09F0D0F4,02304E5FCF9E9935C4B1CCBC0F4D759FDB9A45B27246309A1B9E5FB698A31BCA,HEADER_CUIT:30500006613
372A1456ECBF9BE8FC3E552C09E78AE5217E9A0082972A7743403C6619C5A16C,11AA4176F3F4A2CC86037046B472339888DABD214272917A6929C087593E9D8E,HEADER_CUIT:30708979062
37B68E63F23B331B7585BD74DD85DD8ABF5122A348AA2F7F0EF539B332FFC54F,31DE1A416B6D580B5D1165E5D6C5C466715632F4D72D78BC2E8810AB73DE5B28,HEADER_CUIT:30598910045
39882040989893FF1C7A809346D4085D7C4150C416ED632837EFB63E8EF1280C,02304E5FCF9E9935C4B1CCBC0F4D759FDB9A45B27246309A1B9E5FB698A31BCA,HEADER_CUIT:30500006613
3AE8EB7E4E38B0F90B57C05F0AC49109AFC0A9471F9277A696892D4BD491E2EF,2561CB08DF5796D2821965653E2B99FDC224AA0A34497D57DB56B176A047078E,HEADER_CUIT:33628189159
3B82523C9A34012625F167EC918A7783E68F2BB4FA49BBDEED22E45066038496,31DE1A416B6D580B5D1165E5D6C5C466715632F4D72D78BC2E8810AB73DE5B28,HEADER_CUIT:30598910045
3CE2C0673FDD58DAC9A355EC5956718B440A5C9DA8B42AD5991DA2C234D43803,05C97349F397582E8A6249A2D5709AD4923C3B38A7E21B050DE3374402BA58A1,HEADER_CUIT:33699685459
3FD55DD2C1024C71DDF80F06B48AF4EB5A2F8FE059469E32B9EEC13C2C96E7B1,0393CB3ABBE474C6B489BC46868FD98792B23A13B723C0F5196587EC98CCF160,HEADER_CUIT:30707889434
406AE65863FEC4A143382804B7C8C481DE608DB940FC7E9F7AB2621871E20521,02304E5FCF9E9935C4B1CCBC0F4D759FDB9A45B27246309A1B9E5FB698A31BCA,HEADER_CUIT:30500006613
41243EBAAC992E0FFDE0B76B2E7CEBF9A2E1C96BFC84AEF0F888498524C237D8,072B001D7FDCB00B166EE67FDDEE8BE382F3BA7FB76113DE6F258CAC2DEDFF3E,HEADER_CUIT:30669701639
41EE1283CB1D4D029BC3E99EB43EF53E2CB045CF0457F2AEEBE981C7662BC3DB,02304E5FCF9E9935C4B1CCBC0F4D759FDB9A45B27246309A1B9E5FB698A31BCA,HEADER_CUIT:30500006613
458790FF2AD5DB4FEB83228733FDC09CF5F18C6E641625E9563E807DAA6F1DF0,2177FA907AE027A8214549A497D8B20FAC11F03378434E82243735B41CDCCF90,HEADER_CUIT:30707503307
47202F7EA9AE6CCBE1449B55CA382D690A7F3BF48D0AF7E829BCD0D8522F4004,14A75A878D1C46176EA9AB48865A6D723CE20D76A39D0BAAD77767EAD1EC2DD1,HEADER_CUIT:30516384618
4793C4C1D323D492BC51D24B98BE11957EC75F6632E815BE6FA49D5F5DE9D204,186ECE220815305724D8DA06F9EACF61CFB5C4D8E64DBA98AB1342E0710C0AF1,HEADER_CUIT:30708188472
4977BD9321274C56C37FA622DDBBAD186D692453E6A09EE22B0546A90912BEFD,02304E5FCF9E9935C4B1CCBC0F4D759FDB9A45B27246309A1B9E5FB698A31BCA,HEADER_CUIT:30500006613
4A3B294959E6152FF45800C9910DB03748710E94CD8710F805237F7532194422,481956117B7BF5D84F3D09FF85452B875AA1D3150C90D00A6636B6433A2AEDC0,HEADER_CUIT:30718629612
4A5384DEF4B19CB130CAE73EA2EEAB8F4AC68E5D1E82DA366E613C6883BD6012,02304E5FCF9E9935C4B1CCBC0F4D759FDB9A45B27246309A1B9E5FB698A31BCA,HEADER_CUIT:30500006613
4CBE0DFB852CA508AE1D36F4C7770C1EBBB95E3769DA3A769885C04C4300AEC6,214391B212DE575A749E2CE564AB831866F3B4E810B804B112AFFECC4A0DC0C5,HEADER_CUIT:30657863676
4E2C816FFF574B805516CE36CB360CBF81812915C3BC2B598B3032866342A4D0,239BC30DB9260C6A5A365B595D11D3D601BD2A7FDDBFBBC6942F5C5B8DD2C39D,HEADER_CUIT:30717024393
4F39462F761C9986054107B13330318BA14C99276BBFE1C27A5CC4443B4992C8,2177FA907AE027A8214549A497D8B20FAC11F03378434E82243735B41CDCCF90,HEADER_CUIT:30707503307
4FD4F771DFD962D25875FC30C0CD4A0081D17E27D089764ABC773716833D76DF,481956117B7BF5D84F3D09FF85452B875AA1D3150C90D00A6636B6433A2AEDC0,HEADER_CUIT:30718629612
50566E41BEA66843426E938E48CA28589AAC5B91B9CD44A9CB684AED8E8609DA,05C97349F397582E8A6249A2D5709AD4923C3B38A7E21B050DE3374402BA58A1,HEADER_CUIT:33699685459
5122AC18B80B16BF1AA4E66053CA9397F1B2C4BB1D2C36058926E367B46698D9,225886580C85D6E9291E33F31E663C265C372BE9B6DFF5D4C18D41160FBBE122,HEADER_CUIT:30696850972
5176E5C03A0FE88311E155B40D3A64F18D832AD1C34B7BFA168B0BA443EAA0EF,02304E5FCF9E9935C4B1CCBC0F4D759FDB9A45B27246309A1B9E5FB698A31BCA,HEADER_CUIT:30500006613
518E2B853B3744B09B40C32A3A6AE7798F137319687D60A64B2D7BEF04F51141,05C97349F397582E8A6249A2D5709AD4923C3B38A7E21B050DE3374402BA58A1,HEADER_CUIT:33699685459
522D785B8861AC8B6E0B665918509ABFC61F4A5A7AD344D29581F3820D969F29,1A4F808049D1A37F4E6AB760DD7135F61503613DEB13BADD69E536FEA2FC6B9F,HEADER_CUIT:30541682372
527504906574AF26885EE635E0F36AA979D7FF61B1D8507694DE2CE5B73225F4,02304E5FCF9E9935C4B1CCBC0F4D759FDB9A45B27246309A1B9E5FB698A31BCA,HEADER_CUIT:30500006613
52FE664876FA2826D1C28609B50E875F103D17E5B811AF9120F7711D1415984D,18F037E71275BAC8EB6B9907A801BB8596276D931C4A89D42AD4A1DDB99C44C7,HEADER_CUIT:30711969426
53531D26119A3A91D8160D16D8081238C94A83B00EADEEECB6BED96F35C0D21F,030126CE7D614353FF03F90C126B6D2C3746D913B36523810DF4F1B51326D882,EXISTING_GROUP:factura-familia-arca-fce-standard
53D64513ED31729F52AED36DB909462F972FF5BA06D6C491179067D362C9C7B8,072B001D7FDCB00B166EE67FDDEE8BE382F3BA7FB76113DE6F258CAC2DEDFF3E,HEADER_CUIT:30669701639
54335DE1C0415D17F21265B12222E081CEFA539B242465CBBCFC590F12C0C334,02304E5FCF9E9935C4B1CCBC0F4D759FDB9A45B27246309A1B9E5FB698A31BCA,HEADER_CUIT:30500006613
576B8F132C0E88EBDAE42BE903FF9786177F4D737C93B63D8869C4627462B461,04622502B384DAAEF8528EC21E2AB0A275228BE920F7620586EB7594F8385E50,HEADER_CUIT:30685843400
59E5149E5884455CB217A6C65C53D4E5A3D6A97340789DD88058604355792DD1,09BA9B13C67BBB69B0C9194C5E68E80D92DE3F0D572EEB90223E1DFDA26B67E7,HEADER_CUIT:30516385460
5A3DE1739FB496DBB9FA08B6272476E8A2B4A735630CC6FA721347F5714A201F,04622502B384DAAEF8528EC21E2AB0A275228BE920F7620586EB7594F8385E50,HEADER_CUIT:30685843400
5BA5E74FDC3E744FE001D25F2A83DBD4D510A328CD464D0F651515449B5F179C,2177FA907AE027A8214549A497D8B20FAC11F03378434E82243735B41CDCCF90,HEADER_CUIT:30707503307
5BDCA8EC7A304793C5EE8E9427ED3E6CC403E6106B48E9E4D2CC2A1C0617FFFA,11AA4176F3F4A2CC86037046B472339888DABD214272917A6929C087593E9D8E,HEADER_CUIT:30708979062
5DBA7CBB3EB49D3C74FBFEEAAEB4577AE3A1E6A301084ABB8BF3A43AEF78660A,05C97349F397582E8A6249A2D5709AD4923C3B38A7E21B050DE3374402BA58A1,HEADER_CUIT:33699685459
5DC072AF4EDB6D207C475E7566C3FEC38142A3E338A651C14B89891BCDA79222,0EA83AC8EB655DEA62FEAFEB9AA0E382503A8BAE3EE20782767D39071CB570D8,HEADER_CUIT:30693821653
6027795BAF41946DBA91302987071F720437F3DBCD24AFC81386AF1BF488F28B,02304E5FCF9E9935C4B1CCBC0F4D759FDB9A45B27246309A1B9E5FB698A31BCA,HEADER_CUIT:30500006613
616794539B7C4B5DF3CE240204FCE2CEBB67CC60FAB8BE37DCBFCD190B3A0BF4,04622502B384DAAEF8528EC21E2AB0A275228BE920F7620586EB7594F8385E50,HEADER_CUIT:30685843400
618FA8EF90B2BC09442461DF6A1950F3B56DE7D9217334E5658065B15A2D1C7D,481956117B7BF5D84F3D09FF85452B875AA1D3150C90D00A6636B6433A2AEDC0,HEADER_CUIT:30718629612
6397751726250ADCAFF9223A5165FCDBEC678962C80710A66E088BD74EE2B98F,1E3A54E29CDFD98200A8968E8ED2B1DDDE4DDCC94F9FA7FA24A7FF973C6256A2,HEADER_CUIT:30709236489
63D1DB74D405C58FC6B148A98498E2351418A24343D9326C5EB42A6CCEC42A4A,11AA4176F3F4A2CC86037046B472339888DABD214272917A6929C087593E9D8E,HEADER_CUIT:30708979062
6403F4BAEA29F0572CD01DCF95BF5F3B217C9101108E749C6E1A598D5D2BAC36,271BB1B094E0EB4AEA101752E7C07265ABB906ADD707394EB6D66A12B8173D8B,HEADER_CUIT:33610006189
653916FEE25C919AB6EB8CD62ACDB2EFB4ED9246ABE1E345CCEFD62AD0B1EEEF,02304E5FCF9E9935C4B1CCBC0F4D759FDB9A45B27246309A1B9E5FB698A31BCA,HEADER_CUIT:30500006613
656386FE1A238BEC6044ED0DE22EEF339619F7FB71C6B39E0C0AAAF4854803CF,0393CB3ABBE474C6B489BC46868FD98792B23A13B723C0F5196587EC98CCF160,HEADER_CUIT:30707889434
657D014F547F5C67D9C3C97F905729BE00F4498F2CB5E01528AAFF4F0E177E5B,106447D8042022E7A7E537E2F456DA614B64B7F191C70E08B6E6C5335ED5C164,HEADER_CUIT:30546969874
6628B77297FB0AF7072963D7CFE54056E7303FF0D0C639C77083714E0007556F,02304E5FCF9E9935C4B1CCBC0F4D759FDB9A45B27246309A1B9E5FB698A31BCA,HEADER_CUIT:30500006613
669DD6476BE5C0CDB4380E38C32AC0191B79E55B8091C27E06765012EB20DDF2,2177FA907AE027A8214549A497D8B20FAC11F03378434E82243735B41CDCCF90,HEADER_CUIT:30707503307
691BF365684F97697A067502250D2340172FFABC2AF02D9E3B21DA04BCB2E53D,02304E5FCF9E9935C4B1CCBC0F4D759FDB9A45B27246309A1B9E5FB698A31BCA,HEADER_CUIT:30500006613
692C0777313BAABD423DE1E30355C51C4FD8A27764C160F0B8DDE61F8F138CF5,194F2DA87B4471D4F618FDAFBE7C074F5DB1BC27D67350BC9E865BDBEDECF437,HEADER_CUIT:33712026559
6951FCD388A8D53F50AEC19CB24E961F550D8DFDD9B70D9D3EBBEE53AB0530DF,021D03676E4829AEEEA847D3BCB185AA2D16C5CBCA32B330075F575854B360A1,HEADER_CUIT:30682335706
69A41A9336BD087CD1DE05A3481CFD378C3896D06C317E3C65E8BFA17FF9C38B,2177FA907AE027A8214549A497D8B20FAC11F03378434E82243735B41CDCCF90,HEADER_CUIT:30707503307
69EB61B831F098BE9D870A069C9732F9082C6DE31B5E89576F973046AA3D0537,05C97349F397582E8A6249A2D5709AD4923C3B38A7E21B050DE3374402BA58A1,HEADER_CUIT:33699685459
69F92D3D10F2BE9527CE3AA19F22635B987762F8663A4A61550B7791C9813E44,11AA4176F3F4A2CC86037046B472339888DABD214272917A6929C087593E9D8E,HEADER_CUIT:30708979062
6A9BDCA349F3FAD5AF9C83D9C275D6030CE77BF8CEFB45B0E6BBE7F105DD0790,23A963A9C0C71A93525846B4B4493D7A791A1657AC0334B2893A1CCF8B7F3E95,HEADER_CUIT:30708856254
6BC211BC3F456C4F62C7F39BE39CE115108F377BC270C8D0CBD9CB0A400092D5,02304E5FCF9E9935C4B1CCBC0F4D759FDB9A45B27246309A1B9E5FB698A31BCA,HEADER_CUIT:30500006613
6BFDFBC8F84DCCC678A6F5118976176B5B84582CBABD37F00BD6C91D76A40808,02304E5FCF9E9935C4B1CCBC0F4D759FDB9A45B27246309A1B9E5FB698A31BCA,HEADER_CUIT:30500006613
6C0C0168466808E4AC06DB82A0B76C9CD174B885CA55AE69BC62B8E933F7EC08,45F5B247A5364DD64478D657C6C312B930AFC35DA0F4A3692FCA89ABFF12D923,HEADER_CUIT:30708776609
6C60860296C94E2ACB69838ECB62B7DEE7CD4A9C0357E689FC6DF7E2F4D840B5,072B001D7FDCB00B166EE67FDDEE8BE382F3BA7FB76113DE6F258CAC2DEDFF3E,HEADER_CUIT:30669701639
6C79E0E2058FEF7C79319CFEA9E7EE71EB6749E51F4FDF2973C31908BEF981F5,186ECE220815305724D8DA06F9EACF61CFB5C4D8E64DBA98AB1342E0710C0AF1,HEADER_CUIT:30708188472
6EEA7E897C4E25A920F0C41390989C0343BF831207E63B4FDB49DC94EE11687A,02304E5FCF9E9935C4B1CCBC0F4D759FDB9A45B27246309A1B9E5FB698A31BCA,HEADER_CUIT:30500006613
6F131DD0EAF52BBEA47DE4FD62FBEBA9C8D82B1DE26FE5B258A15717FE214DB4,225886580C85D6E9291E33F31E663C265C372BE9B6DFF5D4C18D41160FBBE122,HEADER_CUIT:30696850972
701E96AB1D777313D11116902E69CDB65C6D1B7CCC90CE2D7A2F83A22AB166A9,02304E5FCF9E9935C4B1CCBC0F4D759FDB9A45B27246309A1B9E5FB698A31BCA,HEADER_CUIT:30500006613
70B4CD9A1264D42D8290410E17519C058F7DF514C05BF5725C9F7441BB00E27D,604E2F0DE59B3E53C81E10C19EF41919C706C5162FDA1CA3D8C91427244E5B7D,HEADER_CUIT:30717404811
70D93374DC5BE743CA638BB0B09EB9765F8BAF882B539E0C8B1882F69EA2D180,194F2DA87B4471D4F618FDAFBE7C074F5DB1BC27D67350BC9E865BDBEDECF437,HEADER_CUIT:33712026559
7283909A30C86B8131301F460285F46B33BBAAC2D3CB556104D366BE677DE138,04622502B384DAAEF8528EC21E2AB0A275228BE920F7620586EB7594F8385E50,HEADER_CUIT:30685843400
729A1203860525891D21A701B07FC575EBA4638867490110DF195EBDD3E24834,02304E5FCF9E9935C4B1CCBC0F4D759FDB9A45B27246309A1B9E5FB698A31BCA,HEADER_CUIT:30500006613
72D4B9B1041555B196030613602AB200641E03F669E2F7A68004A6F30A0026C9,072B001D7FDCB00B166EE67FDDEE8BE382F3BA7FB76113DE6F258CAC2DEDFF3E,HEADER_CUIT:30669701639
7450CD3EC72F3F9A0F1009EF270B10F283D7B56BE50BAAC01800EA9CF2C9E36B,106447D8042022E7A7E537E2F456DA614B64B7F191C70E08B6E6C5335ED5C164,HEADER_CUIT:30546969874
750B2F485A400D74B7BD2A709DFDAF8C1C8B3A9108B1402DE0CBB48E40BEEB96,05C97349F397582E8A6249A2D5709AD4923C3B38A7E21B050DE3374402BA58A1,HEADER_CUIT:33699685459
75311A6D3AB7F6E86672C3EC7334673FFC77C9D949ECE67E55E38DFE7685242D,02304E5FCF9E9935C4B1CCBC0F4D759FDB9A45B27246309A1B9E5FB698A31BCA,HEADER_CUIT:30500006613
754EE6E12E8F8F2901DAE135E15FF3D5ABF245CA5D195BB6F95149FE4EA034C8,02304E5FCF9E9935C4B1CCBC0F4D759FDB9A45B27246309A1B9E5FB698A31BCA,HEADER_CUIT:30500006613
7665E4053FAEAC461DD7C5DD5BCF9F87E0FD310718AD6F36BCD084A7244397EC,49877C939058E0CCF767C71D8946B7FCC3FB9479A1D831926B45806AA43E9F4B,HEADER_CUIT:30502648302
7765957EC5D2FAD2C870AA576B360E8C599D1A09C2161E5A60675B0C299E82FF,194F2DA87B4471D4F618FDAFBE7C074F5DB1BC27D67350BC9E865BDBEDECF437,HEADER_CUIT:33712026559
784F9D9BD68F96A9846EBDC73B1696064770C69B575188710425213F05201DC0,05C97349F397582E8A6249A2D5709AD4923C3B38A7E21B050DE3374402BA58A1,HEADER_CUIT:33699685459
79ADF4E464CD5BF264A498AF625E2970E5CC8C04C0328A0860C11350DB57FBE3,31DE1A416B6D580B5D1165E5D6C5C466715632F4D72D78BC2E8810AB73DE5B28,HEADER_CUIT:30598910045
79D72B16CC2B5501799E933CF4EE6BC2E55AA6B0FA2908E8EA10127B43C3F3E7,05C97349F397582E8A6249A2D5709AD4923C3B38A7E21B050DE3374402BA58A1,HEADER_CUIT:33699685459
7A6B56B879EB82E96964292110FC30DAF7A117007D35FA16FC9BDF39CCF431A4,34EA03414CBB06206D7244C5291C0498F00B9631B15ED002F203E973BDFD8A2C,HEADER_CUIT:30610298601
7AB8D2AB7B5229FA6F6AFB5F7329F783BD003B13322FB478B6176610993FCC87,02304E5FCF9E9935C4B1CCBC0F4D759FDB9A45B27246309A1B9E5FB698A31BCA,HEADER_CUIT:30500006613
7AC1C9AC52EB6F71A1818DD3EFD8652BD707373F5044E68001CB9D34E4DBCD61,2177FA907AE027A8214549A497D8B20FAC11F03378434E82243735B41CDCCF90,HEADER_CUIT:30707503307
7B719EB0767D781E74AAB6EFB62BA480BFEF3682904B68947E5F6415AFE1EE44,123AAD179BE2ED44C1896B2F0972BA3A001D1258B084B8A1FE069BC1ACB1FF14,HEADER_CUIT:30708593512
7C9BBDA23EDEB3A0E8084A1817DC926D7DBC841380E79E281F299282806E530C,02304E5FCF9E9935C4B1CCBC0F4D759FDB9A45B27246309A1B9E5FB698A31BCA,HEADER_CUIT:30500006613
7D71C224D23E5E0E8FD05C6303A4B986D06341EE722D4E62939389806BBE3471,09BA9B13C67BBB69B0C9194C5E68E80D92DE3F0D572EEB90223E1DFDA26B67E7,HEADER_CUIT:30516385460
7D7462CE30AA30D68CF67E839C4773AF8CBE77EFB76BAC999469CA458FB25597,332FFB1D90DB17A2646977121AD6D87B112993E79461108025126C4935CE72B7,HEADER_CUIT:30708286431
7DB28C1CAEF678FB79B4D943F74C412E0324E467A85C015D65AD2D45783D057A,19CA2317F157D7F77CBA71C4C7DADA16BA98EB297488E5B8E29356E5C706F58E,HEADER_CUIT:30678814357
7E53EAEC3C1D84F7366B87F6375927162044A78723C19B68ED1C7E7FDE4185B3,05C97349F397582E8A6249A2D5709AD4923C3B38A7E21B050DE3374402BA58A1,HEADER_CUIT:33699685459
7E5442F653047ED7FDC7F3F5E3FB0941703D5508A6DD880D65AEDF9336446D94,11AA4176F3F4A2CC86037046B472339888DABD214272917A6929C087593E9D8E,HEADER_CUIT:30708979062
804CDD532AB841FFEB1AD54F73379984FF6D48BEA5D7D4C710BDFB9B1CCA822E,02304E5FCF9E9935C4B1CCBC0F4D759FDB9A45B27246309A1B9E5FB698A31BCA,HEADER_CUIT:30500006613
8055F436B8FD147B8B86E15A1DEDE16DC1E38F36E766AE84819837AA97A246FA,05C97349F397582E8A6249A2D5709AD4923C3B38A7E21B050DE3374402BA58A1,HEADER_CUIT:33699685459
80EA8AC4D75DCB8E1A8079A5C2BA9A0C929CA2C2D93DEDAF3D9A9EAE85A47D52,239BC30DB9260C6A5A365B595D11D3D601BD2A7FDDBFBBC6942F5C5B8DD2C39D,HEADER_CUIT:30717024393
80F8293DA32D79D925FA851C066FB4DF6378233EA2B89DDF5B3E47510D5C7F70,2177FA907AE027A8214549A497D8B20FAC11F03378434E82243735B41CDCCF90,HEADER_CUIT:30707503307
817AEA31523ADF117C9475551788C73D2777CC744CB01A2044FF86D6CF7511A0,02304E5FCF9E9935C4B1CCBC0F4D759FDB9A45B27246309A1B9E5FB698A31BCA,HEADER_CUIT:30500006613
8193A4E9A6585242D05EB8ACF18447F4336689F1967F687D954668A223E10FEF,02304E5FCF9E9935C4B1CCBC0F4D759FDB9A45B27246309A1B9E5FB698A31BCA,HEADER_CUIT:30500006613
82876378F7B9F89F134D15F817A4672D52B26BB9F047FDA734201116486A0AF7,31DE1A416B6D580B5D1165E5D6C5C466715632F4D72D78BC2E8810AB73DE5B28,HEADER_CUIT:30598910045
82F699C0366E2AB9ABE9671D5905CD7178E2B1233EE193DAB4FE55EE4C5CCA86,2177FA907AE027A8214549A497D8B20FAC11F03378434E82243735B41CDCCF90,HEADER_CUIT:30707503307
83D3787D3C1C67BDE0CF0859A1C1CFBAFD12CB2A08DCEACFED823A939AB86448,1F9DD0B2BF3B5C5D6D46D3091174ECB7FD8813A730E6E775358AF0ABAC13456B,HEADER_CUIT:30711958033
83E0306FF5707DBDEBFC9AD88A3634DF1D24B33FAA5A733B74A629090F74A53D,34E7190B10DE1060A821BA5B262D16CF469116C53FAA10A487AE71EDA02DE220,EXISTING_GROUP:factura-familia-aquavita
83FF610427EDDFDCACCC0701011861D95A017E8EFFEDC212097521687AEA30A5,0EB8DBCEF6C1E861455CAB45F0D946F37D5FE111851DE63421E53868D0344CED,HEADER_CUIT:30679636037
849C6ED1AD7AF7C311AB235C076CE496C3E2C6EDDC49C89E71131948C2006E88,09CB14F715B5C41BB9EF57C4DB54A53397E380B9647D9DF3125089BF05529B3D,HEADER_CUIT:30709391379
85D52AFF44CBF04ED95630DCC02108C8ABACF6CA5F68BDB19D81EA8EA045AB8C,31DE1A416B6D580B5D1165E5D6C5C466715632F4D72D78BC2E8810AB73DE5B28,HEADER_CUIT:30598910045
85E85EF47B9912751729A2A2423C70CF214EEEBA2C81376F2AB82802F5F6AC0B,02304E5FCF9E9935C4B1CCBC0F4D759FDB9A45B27246309A1B9E5FB698A31BCA,HEADER_CUIT:30500006613
867FDA07834A5F9E1870FD6A838747905508E8320AB565641967C1A12771787D,7A42AB7B07D6B1456B076BCFEC0970063A3F2BC7E8A66A4839868AEF84D71108,HEADER_CUIT:30638203797
86C678C7F385714269F42E69A8DBB7CF3E1DD7DC25C93C12606893609B093A14,1A4F808049D1A37F4E6AB760DD7135F61503613DEB13BADD69E536FEA2FC6B9F,HEADER_CUIT:30541682372
872FB7DA763A4201C73317F430045C9C678991CFBA2936CCA0C6AF6F3E507B02,05C97349F397582E8A6249A2D5709AD4923C3B38A7E21B050DE3374402BA58A1,HEADER_CUIT:33699685459
87AF9B6C07186BDDB815D96BE317D66144F33FF28A3E4C7CB8D3B2D0DBACB3A6,214391B212DE575A749E2CE564AB831866F3B4E810B804B112AFFECC4A0DC0C5,HEADER_CUIT:30657863676
87B98EFA5585D960ED2FDD4D68C403CDC07905085C906C38415492B984527BA2,02304E5FCF9E9935C4B1CCBC0F4D759FDB9A45B27246309A1B9E5FB698A31BCA,HEADER_CUIT:30500006613
8917BAA13BA61484647B999B3C2D3D200AAFA5D1966DAB78A37658F450646190,072B001D7FDCB00B166EE67FDDEE8BE382F3BA7FB76113DE6F258CAC2DEDFF3E,HEADER_CUIT:30669701639
8948EFE038972CDAA69FBA12222372A32FAB25660E9FE688F303C0843F57B065,239BC30DB9260C6A5A365B595D11D3D601BD2A7FDDBFBBC6942F5C5B8DD2C39D,HEADER_CUIT:30717024393
89CD8A66DBF9038B0A5FB43B087E7D847FFD18F69247614B77516C71D08316A9,49877C939058E0CCF767C71D8946B7FCC3FB9479A1D831926B45806AA43E9F4B,HEADER_CUIT:30502648302
8A98B36B86D14525DBB239EC247A4C69EC070884F059CEACB00B551F187AEDA1,072B001D7FDCB00B166EE67FDDEE8BE382F3BA7FB76113DE6F258CAC2DEDFF3E,HEADER_CUIT:30669701639
8AB10F657AC45624CBA60319A6D6E3903B0796C20680B4F0128F2E29EC6814B9,02304E5FCF9E9935C4B1CCBC0F4D759FDB9A45B27246309A1B9E5FB698A31BCA,HEADER_CUIT:30500006613
8B5CA18A91177CF5FEE4C93A727A39D67FC6CC06FECC508B41ECCD19AEB5EA5F,2177FA907AE027A8214549A497D8B20FAC11F03378434E82243735B41CDCCF90,HEADER_CUIT:30707503307
8BB9D2636F55F41E4CB1CD002B4DBEBD24F0787A984AEF0D6EDDA69E4FA31FB3,0EA83AC8EB655DEA62FEAFEB9AA0E382503A8BAE3EE20782767D39071CB570D8,HEADER_CUIT:30693821653
8C2046C4378D46D95FED8002878E4BD3B02155EC99FB9A2675BE2CAE794ACF94,02304E5FCF9E9935C4B1CCBC0F4D759FDB9A45B27246309A1B9E5FB698A31BCA,HEADER_CUIT:30500006613
8CAAFE798C6ACB7B58901EB74CAB329FA4B7ABA8669B73976F3978ED6F448F62,106447D8042022E7A7E537E2F456DA614B64B7F191C70E08B6E6C5335ED5C164,HEADER_CUIT:30546969874
8DF2E61CB78D3570A650346617661BA99AE20F5CA8F318BAE9757A5E35C21583,02304E5FCF9E9935C4B1CCBC0F4D759FDB9A45B27246309A1B9E5FB698A31BCA,HEADER_CUIT:30500006613
8E4314A5E5DC08A45F4D222B5F89D64EAB6BE0A4C07D4833F629D06A1D75BFB8,604E2F0DE59B3E53C81E10C19EF41919C706C5162FDA1CA3D8C91427244E5B7D,HEADER_CUIT:30717404811
9135FD3D4AA827A2D80A1AE09E0FA9DFA0FFCC62DC88FF54E7754CFB2894C77C,593ABDF0EE3E91506269EFD5CCA99B3AF04A888A7A0AE4D24D96583F8DC9E8BA,HEADER_CUIT:30646743199
922029A70D288AB1837BE93B8FBE4EE53EDEC6A4F68E7135A308E99B69D04321,0393CB3ABBE474C6B489BC46868FD98792B23A13B723C0F5196587EC98CCF160,HEADER_CUIT:30707889434
92914214759A1969F8F6DA6FC3EAF436EEC02704E5B3141C282C9D183B15D2BC,030126CE7D614353FF03F90C126B6D2C3746D913B36523810DF4F1B51326D882,EXISTING_GROUP:factura-familia-arca-fce-standard
92B614E47B9608F67B6EC997AE08D635D414797CBDC49247FE6DBCEB5B82FDB1,05C97349F397582E8A6249A2D5709AD4923C3B38A7E21B050DE3374402BA58A1,HEADER_CUIT:33699685459
92D639C30E3FAC88364D4F2E29B816EB25CD4A72864407601A824CC9A06A7039,05C97349F397582E8A6249A2D5709AD4923C3B38A7E21B050DE3374402BA58A1,HEADER_CUIT:33699685459
93ED3048D26C9F4020F5417C660C4EB42975A4594C363AD06DD43CB34564B176,04622502B384DAAEF8528EC21E2AB0A275228BE920F7620586EB7594F8385E50,HEADER_CUIT:30685843400
94D9135E1417E8510FB69278BAF7DD9FEDE9C2B0BAB17D52060FAE0B7AF4009D,1630D16F8FDB2A7721ACEF572A7F8E2CB269845113E8B30AB282FF65B3372AA2,HEADER_CUIT:33692134309
95AF2B3D9E304F20830DD6D2986A230CE395D8B5FDA0B8BBC25E9B9E712B11AE,14A75A878D1C46176EA9AB48865A6D723CE20D76A39D0BAAD77767EAD1EC2DD1,HEADER_CUIT:30516384618
963E9941D8D3A90BDACCFDDA949B7EEDD535A2ED456FA063B67893EC4D759786,030126CE7D614353FF03F90C126B6D2C3746D913B36523810DF4F1B51326D882,EXISTING_GROUP:factura-familia-arca-fce-standard
99FA880F2D49DFE12B9ABE055A03BC9E9CBF2C7F90B7D6DBCBCB180E5161955C,05C97349F397582E8A6249A2D5709AD4923C3B38A7E21B050DE3374402BA58A1,HEADER_CUIT:33699685459
9A63DF60A2B989883B62B7EEFF890A651A0823FF651B548C7110C9841D9FEAE6,239BC30DB9260C6A5A365B595D11D3D601BD2A7FDDBFBBC6942F5C5B8DD2C39D,HEADER_CUIT:30717024393
9B84CC3980E75FFDADA63A4445C66561B2DA457969B183C72D13ABA914AC9F92,1A4F808049D1A37F4E6AB760DD7135F61503613DEB13BADD69E536FEA2FC6B9F,HEADER_CUIT:30541682372
9D89F0FF0433FB4667E9F658F85408E09DB8586C1753019CD4818FCF59108DD4,1A4F808049D1A37F4E6AB760DD7135F61503613DEB13BADD69E536FEA2FC6B9F,HEADER_CUIT:30541682372
9F3EE50DB8332F50B686622FE67CF9DA5389B73AF85744453A7B53B450F624E6,1070D74119877C31496D76A77F5B15F0608CB4054729C553008B3AC97A34E774,HEADER_CUIT:33709665559
9F53B7B116A3A51215A962D081E818A335EE37123DC694D717E93A4986D8F2BD,0EA83AC8EB655DEA62FEAFEB9AA0E382503A8BAE3EE20782767D39071CB570D8,HEADER_CUIT:30693821653
9FD5F8D949B31CA77F5739AA8A21CD75F381E1A6BA5DDAB30CF452EF87A54219,05C97349F397582E8A6249A2D5709AD4923C3B38A7E21B050DE3374402BA58A1,HEADER_CUIT:33699685459
A0C0B2292DF6F4D62380D4BC1C7AE4868469167C17D7B00295326D1D8E0B4E7D,239BC30DB9260C6A5A365B595D11D3D601BD2A7FDDBFBBC6942F5C5B8DD2C39D,HEADER_CUIT:30717024393
A1D50F46C5C96EF705178501DD55652D1069DE6B361A845D599F13098446FE80,072B001D7FDCB00B166EE67FDDEE8BE382F3BA7FB76113DE6F258CAC2DEDFF3E,HEADER_CUIT:30669701639
A2EA23940C35D7E63B9C3509DA8730B68CB48C9F9F69CDD174FD74CD27DE82FD,0393CB3ABBE474C6B489BC46868FD98792B23A13B723C0F5196587EC98CCF160,HEADER_CUIT:30707889434
A33EA9E8D636C9EC2984B0439A944F4E90BDC95C4DA175B598A46CD411C0D550,04959C36E447DCC51D86DB7A3E13AA2F054F7A5405E116EDD2D0685F84DDF048,HEADER_CUIT:30612251904
A480BD7BF2D262AB240B04C4F67E20BB6D107695A8DC01D209B965B7DF8F1D22,02304E5FCF9E9935C4B1CCBC0F4D759FDB9A45B27246309A1B9E5FB698A31BCA,HEADER_CUIT:30500006613
A5D596CC95D40058EBAB004E9B7D0CD5CDFC8C026CECA39BD2985DA63EE8C44C,02304E5FCF9E9935C4B1CCBC0F4D759FDB9A45B27246309A1B9E5FB698A31BCA,HEADER_CUIT:30500006613
A72DB0F4550183329E062A5BBE470D8FFA6C455B462AABD94B50E55F8D1F1629,239BC30DB9260C6A5A365B595D11D3D601BD2A7FDDBFBBC6942F5C5B8DD2C39D,HEADER_CUIT:30717024393
A7BADE04443004116FBA8D61734FD935ADA2B9C23ACC045FDB2BD7DE36EDEB9E,09BA9B13C67BBB69B0C9194C5E68E80D92DE3F0D572EEB90223E1DFDA26B67E7,HEADER_CUIT:30516385460
A7EEF61CBC21D206720339275678C25A6C47A3A09E9DEB38D901E03BB5657EAA,49877C939058E0CCF767C71D8946B7FCC3FB9479A1D831926B45806AA43E9F4B,HEADER_CUIT:30502648302
A823C02E8A81B443C25AA8306D55ADDE4F816161F1CF25A68327148A8EB04038,1E3A54E29CDFD98200A8968E8ED2B1DDDE4DDCC94F9FA7FA24A7FF973C6256A2,HEADER_CUIT:30709236489
A8F0331BAF8D9E7B9ED28CD8B900BF486AEFFB7A38F1DF2EE711D3D8E15BD33C,239BC30DB9260C6A5A365B595D11D3D601BD2A7FDDBFBBC6942F5C5B8DD2C39D,HEADER_CUIT:30717024393
A92813FAF3F630A2BD56EE3BFD4698B7F02E73AB258E69060425422B9409202C,02304E5FCF9E9935C4B1CCBC0F4D759FDB9A45B27246309A1B9E5FB698A31BCA,HEADER_CUIT:30500006613
AAACD05AB2F9D7F8E822DC08530454028431294811101A531E80A9C923A5FEE5,0C119B261945873CEB350567C4B9047A452E5075ADB4DC72F247453378F3D6C2,HEADER_CUIT:30608298815
AAF93BE68662AE6CFF480483FCE1E287B6C015A1639FDD0D222FBB2ACE8EF0EA,106447D8042022E7A7E537E2F456DA614B64B7F191C70E08B6E6C5335ED5C164,HEADER_CUIT:30546969874
AB024B93E8B5777C028652601EEB9B237BDF2C8F8FFEF47DED32E4E522CD8A98,0EA83AC8EB655DEA62FEAFEB9AA0E382503A8BAE3EE20782767D39071CB570D8,HEADER_CUIT:30693821653
AB0C583E646597C83850FE9C08448F796CBA142A0E028D788A4966911C47F5D4,64FB474B146A0EB177D75CB68476D6BCE12EF039503945B080FCA1CE3484EB2E,HEADER_CUIT:30658562246
AB0D83C3DF9CFBA31A1263817C970E11E1100483FEAEB9FF1B3648423B98EC50,02304E5FCF9E9935C4B1CCBC0F4D759FDB9A45B27246309A1B9E5FB698A31BCA,HEADER_CUIT:30500006613
AB94A237AF2D65D4C357CC6BDB8C537E436906E3A8557631EEB6385ECB3D9092,8B413A28B2078C81F33BFA43153D0505069C9EC5CB4BCFF69F9E3BFD8B2BEB65,HEADER_CUIT:30688013999
AC210970B60755DAE67F8AD826EC33C8D206E8CD176E4360ACF31D68C83F8793,0393CB3ABBE474C6B489BC46868FD98792B23A13B723C0F5196587EC98CCF160,HEADER_CUIT:30707889434
AC42650CDBF054A8D47F42B00BB5D1DC80ED46BF8F1B3CAE8266DB2B168C2931,02304E5FCF9E9935C4B1CCBC0F4D759FDB9A45B27246309A1B9E5FB698A31BCA,HEADER_CUIT:30500006613
AD9F6F5A72D8131D0B85D1003E8B63494A646AE1FBC81D1BC7120048ABA7E675,2561CB08DF5796D2821965653E2B99FDC224AA0A34497D57DB56B176A047078E,HEADER_CUIT:33628189159
ADDB4C168C1550A2B9FE56FC3AED90EE296C7A21C60ADFAA1EA904B4D4A4EF14,05C97349F397582E8A6249A2D5709AD4923C3B38A7E21B050DE3374402BA58A1,HEADER_CUIT:33699685459
AEDC467B81545A573C8CF5C8878CF82047F638848F57F6CCD09D6E39D8261EEC,194F2DA87B4471D4F618FDAFBE7C074F5DB1BC27D67350BC9E865BDBEDECF437,HEADER_CUIT:33712026559
AF5D2B37C4A7BA2FDD20D1628E4F2A743D3DB07A1C79A59923CE70E491A1FD3C,1630D16F8FDB2A7721ACEF572A7F8E2CB269845113E8B30AB282FF65B3372AA2,HEADER_CUIT:33692134309
AFF325F3A733F9A677C3A3E186A0D82D09D54DD9E9F5B308B9BAC208AD45C823,18F037E71275BAC8EB6B9907A801BB8596276D931C4A89D42AD4A1DDB99C44C7,HEADER_CUIT:30711969426
AFF82FA6EF3277DD84FB0590FEFDAA94384C7C16B8DD7E888E0AC3694B287D74,02304E5FCF9E9935C4B1CCBC0F4D759FDB9A45B27246309A1B9E5FB698A31BCA,HEADER_CUIT:30500006613
B183B3C2FBEA842AA2E1271A4F4F99AD84CB291E37911A846655D8B7C3B6F0F7,3076FFDD9F418AFDD5B31CC18B36AE05E9490A0F72498EE2BFBCD31D7E64BFA2,HEADER_CUIT:30687323676
B1B444D5C28E363D53F6B12D8C4C7DF8467BAB97FE461D554C77EFB1CDBB7F49,239BC30DB9260C6A5A365B595D11D3D601BD2A7FDDBFBBC6942F5C5B8DD2C39D,HEADER_CUIT:30717024393
B1F8C68688C815C4B2E622CE629A8FB8E1E167F946A31358C0DEEB2C2EE9067E,23AD11468F884AC31C8DE408789102DEF544877629136636911F54124071DBD5,HEADER_CUIT:33695098419
B341884895A7E88E7AFC455DC3EC66E90DD8C350A46B9E108870D244B79B4659,1630D16F8FDB2A7721ACEF572A7F8E2CB269845113E8B30AB282FF65B3372AA2,HEADER_CUIT:33692134309
B3E8F9A23D84DA4EF6F0BED0132ABEC06DBBCC00BADF676ED7BD7E71E44FDF73,02304E5FCF9E9935C4B1CCBC0F4D759FDB9A45B27246309A1B9E5FB698A31BCA,HEADER_CUIT:30500006613
B57482DDE36878A4671AE5BA62CF9F25F1093F7ADED072390756EA95F182680B,106447D8042022E7A7E537E2F456DA614B64B7F191C70E08B6E6C5335ED5C164,HEADER_CUIT:30546969874
B5FADEA794BC7EF56E6FCA4D6D51AA1D2416BC77A0A4768BD9F139BE4BF0C225,02304E5FCF9E9935C4B1CCBC0F4D759FDB9A45B27246309A1B9E5FB698A31BCA,HEADER_CUIT:30500006613
B659F8BCB146A10D8370F7CBC2A5C9DB45207D9B5EFB86E12A2786DA28051160,02304E5FCF9E9935C4B1CCBC0F4D759FDB9A45B27246309A1B9E5FB698A31BCA,HEADER_CUIT:30500006613
B8AE7CBF2367797B27297B4937F006864D0E40FEE96D9146C308CD0D36DA337B,11AA4176F3F4A2CC86037046B472339888DABD214272917A6929C087593E9D8E,HEADER_CUIT:30708979062
B93070BF6EF1E339140E1191F67AFA8C23ED42CD8CB6919AAABA95F879E06944,7A42AB7B07D6B1456B076BCFEC0970063A3F2BC7E8A66A4839868AEF84D71108,HEADER_CUIT:30638203797
BD7F4BAA498B98BEFACE0028528DCDF91D331EBEC91FDC934BAC440BB06984D5,09BA9B13C67BBB69B0C9194C5E68E80D92DE3F0D572EEB90223E1DFDA26B67E7,HEADER_CUIT:30516385460
BD8E11FCAEC9A44D6A00F4A35DDE7592D803BF3A213F1871A206063466741EDA,3076FFDD9F418AFDD5B31CC18B36AE05E9490A0F72498EE2BFBCD31D7E64BFA2,HEADER_CUIT:30687323676
BF3C8B6E0629580CD73B07E38158B2BAC03A920BD9965548A236F02203849DB0,322C40B36550B0F7D0049DA637513996B1C31F8F06C0B448E9EC872F4E972F4B,HEADER_CUIT:30615570539
BFFD180EBE36EB2FCECE5A43A00B3A494448C26094B5828BFC591E1D2471A8E2,05C97349F397582E8A6249A2D5709AD4923C3B38A7E21B050DE3374402BA58A1,HEADER_CUIT:33699685459
C238EF59EDB9D49A70524D1B4E2258BE7ADB7112A8DB168003703D1107F830DE,05C97349F397582E8A6249A2D5709AD4923C3B38A7E21B050DE3374402BA58A1,HEADER_CUIT:33699685459
C2B9C93B9693A319CF01C0A5D31F3962BF7E02F0006FD13871EDFC50CF7B4121,31DE1A416B6D580B5D1165E5D6C5C466715632F4D72D78BC2E8810AB73DE5B28,HEADER_CUIT:30598910045
C2C93818726DAC52E58536C78525B62A417DEC82F9491E4941E8AEE2CFA42B42,030126CE7D614353FF03F90C126B6D2C3746D913B36523810DF4F1B51326D882,EXISTING_GROUP:factura-familia-arca-fce-standard
C2EB6A13535F3DE855B61491DF1DF64399AFE2B4D93CD63ADCEA3D1ED9D79843,63CB5ECA5C3C698857A7AAC8979CD26F30C6E5E06D6CD2638A83F4412C48A852,HEADER_CUIT:30691590395
C319C6B40800192D8C5C6929BB122A9010982AAE9A0BEF468F446FBC156517F6,45F5B247A5364DD64478D657C6C312B930AFC35DA0F4A3692FCA89ABFF12D923,HEADER_CUIT:30708776609
C4C783AF2B933857EB298955FE50D6C2545FDB9101E0BDD7B25D70FB44DF54BA,05C97349F397582E8A6249A2D5709AD4923C3B38A7E21B050DE3374402BA58A1,HEADER_CUIT:33699685459
C6300AC74E673106078B4FF074BABAF9CEA63E7B19340AB6BC815529561AE286,0C119B261945873CEB350567C4B9047A452E5075ADB4DC72F247453378F3D6C2,HEADER_CUIT:30608298815
C954E8A98EC5F59434BC8FD7AD7063CDACEF485CA4C4172312005AAD894268AF,02304E5FCF9E9935C4B1CCBC0F4D759FDB9A45B27246309A1B9E5FB698A31BCA,HEADER_CUIT:30500006613
C975B3D927FB1E30EEDB65478115A3885467118916194B500FD55F0D0875019E,52A88A4DC787DDDBB8F9B392369383B8754539E3CC700CA09CAB17DC9897D3D7,HEADER_CUIT:30702652975
CA4B144974CDD331E904D3646E7F74FDAE6502B6CCDA4A0B4845C2FA9E2F6DB8,28FCC8808B0DEE25A850B6F4C5063E17FB94B3CB194917E84422E9F2A8C111A5,EXISTING_GROUP:otro-instruccion-transferencia-banco-patagonia
CA5815573EDC66C63A4E1C370F56EBCF13F7E9BC9D43C5822B4203E6DE295773,239BC30DB9260C6A5A365B595D11D3D601BD2A7FDDBFBBC6942F5C5B8DD2C39D,HEADER_CUIT:30717024393
CA769CD199134EC6C73A6A5BEBB8699D52DCBB3777A23F4B6A3B1C43A5AFDD10,A06521A0634D351B2C5C439A3E0724CF379301CCDA7FA4C0D9DEA962A8CC0644,HEADER_CUIT:30663363014
CD3258E1403C53DB4C5EACA945EF96391202785804131074295CCBE93FC71D03,123AAD179BE2ED44C1896B2F0972BA3A001D1258B084B8A1FE069BC1ACB1FF14,HEADER_CUIT:30708593512
CD62EF3902257F9D0D9EDFE7748D730B23A10FF66DAE8C736C7D48243599B816,11AA4176F3F4A2CC86037046B472339888DABD214272917A6929C087593E9D8E,HEADER_CUIT:30708979062
CD9318EA661D2FB16C3D12874E8EAC81E765FA9E0D34C4344277F566B3AF8225,05C97349F397582E8A6249A2D5709AD4923C3B38A7E21B050DE3374402BA58A1,HEADER_CUIT:33699685459
CDA31B4D8EB807890C25AEAC70F69CAE0352427C25F2FFB2206725CFD54D02E0,0EA83AC8EB655DEA62FEAFEB9AA0E382503A8BAE3EE20782767D39071CB570D8,HEADER_CUIT:30693821653
CDB639A0D68885C85F4A138356E228E627A7125AFD55A0013282FF29A7B544CB,02304E5FCF9E9935C4B1CCBC0F4D759FDB9A45B27246309A1B9E5FB698A31BCA,HEADER_CUIT:30500006613
CDBC9CE725ED68D5E561F53FC06928BA56FDBFA18A3AD897C4A45D143D1B1056,593ABDF0EE3E91506269EFD5CCA99B3AF04A888A7A0AE4D24D96583F8DC9E8BA,HEADER_CUIT:30646743199
CDCE4AFFBA4C7A14E62EC97B786AE463F5A06625309D2F3C7EC30632192363E0,14A75A878D1C46176EA9AB48865A6D723CE20D76A39D0BAAD77767EAD1EC2DD1,HEADER_CUIT:30516384618
CE75A76B5BD6AD4A5AA5A8EF5B73EB307AF3B4BB069F8B0B3439236ACA11D5C6,8046CECC2F808FA41C8D708DBCCDFFA069BB9BC26A69B03C857B80F14D8D5F5A,HEADER_CUIT:30692264785
CE8FCBD2CF90A20BBB9D66AB2A30CB610FCE462C7E45B6FDFE9CBD342FEBE461,047C2412F436FC2F8C7B9D8DBFB7073564E01625547D740A09685C4894783331,HEADER_CUIT:30710009275
CF55806E22A60868249F5E11CA3EEB47FDB2D1C6E287F0AF1F485328ABE9F391,05C97349F397582E8A6249A2D5709AD4923C3B38A7E21B050DE3374402BA58A1,HEADER_CUIT:33699685459
D05146FB2060EBDBA287EE9E6BF7E067D3365A74C7D3CBD8AEAE9E14BF6561D2,657E1FF4F3374E8D93CA51BEC8C1C7D4058C9E51797A97E15FCAFCF3A54FC356,HEADER_CUIT:30707436928
D0998159322E7036852951E3B6BB4631E0A5EF21ADFC0DFC39679D4F410C959F,B4C8FA3786E8BA119F3C5F40F1BF5868D7591D0E865FF2AF84F7235674F33C88,EXISTING_GROUP:factura-familia-condominio-pdi
D1C3AB6491904918D61A6BDA015E6A7EE394D45701861404B8118D23A1E5B413,C36EA90CDF92312554964CD3ACB96C75B2E21394D21321A1D5F6D16D7D2BC66B,HEADER_CUIT:30679700703
D24949793794B54566EF791877070947AF6F5BEA0E1AE4D9AD59D0C7311C7730,02304E5FCF9E9935C4B1CCBC0F4D759FDB9A45B27246309A1B9E5FB698A31BCA,HEADER_CUIT:30500006613
D278278F52A696DF386A5CD1DA883A54D42374905A42330A42B48E05DFBCE94F,3076FFDD9F418AFDD5B31CC18B36AE05E9490A0F72498EE2BFBCD31D7E64BFA2,HEADER_CUIT:30687323676
D2A1FEA80404D2D1A4B23C95DE89B524417590D6F0620757E9C5431264D9304B,02304E5FCF9E9935C4B1CCBC0F4D759FDB9A45B27246309A1B9E5FB698A31BCA,HEADER_CUIT:30500006613
D2A8D9364B112EECED6C20725E47D2602AD99DC6C1B68BA512896E809F5BA34C,02304E5FCF9E9935C4B1CCBC0F4D759FDB9A45B27246309A1B9E5FB698A31BCA,HEADER_CUIT:30500006613
D2A9D1946120EC88B3B109FE0E565AF998A3E46A6B1166F1B13DB93D0FA7F3CA,02304E5FCF9E9935C4B1CCBC0F4D759FDB9A45B27246309A1B9E5FB698A31BCA,HEADER_CUIT:30500006613
D2B9E973CC7A455B8CD888FF17D197A17E7EC0E6FB2A58C1496CD4DE23D30D58,4A0590BC6237913F4CED64245105B51A7CF2ABAB94E6753692FD646F3DB276D2,HEADER_CUIT:30611977766
D2C0B9DE3C41E1BFDB53F7DC61A911807A5C9B1B8F9BB3D7E8168813CD6BC613,02304E5FCF9E9935C4B1CCBC0F4D759FDB9A45B27246309A1B9E5FB698A31BCA,HEADER_CUIT:30500006613
D3E36860387BE716D4597FD2C877126526F57829E9098F72195483724D54C5D5,19CA2317F157D7F77CBA71C4C7DADA16BA98EB297488E5B8E29356E5C706F58E,HEADER_CUIT:30678814357
D41718D7740A44FC105BDCA62453EA10635C6857F3FFCD5C6FD6C0E517E74AB0,02304E5FCF9E9935C4B1CCBC0F4D759FDB9A45B27246309A1B9E5FB698A31BCA,HEADER_CUIT:30500006613
D429E736D82B111075BDA9E832F25D555146ABAFCF3885B9B4590A612F337A71,481956117B7BF5D84F3D09FF85452B875AA1D3150C90D00A6636B6433A2AEDC0,HEADER_CUIT:30718629612
D671BDC5F2B3050AB15E59B60046DA4F42DA331E6B20713D9334EE87F9BF0ADF,34EA03414CBB06206D7244C5291C0498F00B9631B15ED002F203E973BDFD8A2C,HEADER_CUIT:30610298601
D72C0946B3BAB976FE0144254A9CB9D0062673308D4DDED3AD7CB5A4033AB853,194F2DA87B4471D4F618FDAFBE7C074F5DB1BC27D67350BC9E865BDBEDECF437,HEADER_CUIT:33712026559
D7462435CD41449C4DDA2E47EC6C3E4E72476EAC6641C372CCD50010C87C158F,02304E5FCF9E9935C4B1CCBC0F4D759FDB9A45B27246309A1B9E5FB698A31BCA,HEADER_CUIT:30500006613
D824E365F415F5D652EE44C5D33E0033736730ABB817D16C48BC965DCF91B3EE,02304E5FCF9E9935C4B1CCBC0F4D759FDB9A45B27246309A1B9E5FB698A31BCA,HEADER_CUIT:30500006613
D857FEB48AD62E7DBEC97D9722B73D44F104600A567A48C8E682082554E1BC24,63CB5ECA5C3C698857A7AAC8979CD26F30C6E5E06D6CD2638A83F4412C48A852,HEADER_CUIT:30691590395
D9EBC7BBC241CD2CA87B4E02C42BDFAF74DC14B30A651D821476276C25EBEB9C,5203F69CB8A4BC26FE82B7B40A71C2EA99B2B09468C75F7F052A4C71100FE233,HEADER_CUIT:33546663669
DA11050BCD5399CFE1C38C68BE43E4EB616BA34DEF9C03A1F2D697BC2FB4CEA6,09CB14F715B5C41BB9EF57C4DB54A53397E380B9647D9DF3125089BF05529B3D,HEADER_CUIT:30709391379
DA130B72BC02828AAC651F9D5D53AF365733702FFF7BB13CDA53332E32148348,1E3A54E29CDFD98200A8968E8ED2B1DDDE4DDCC94F9FA7FA24A7FF973C6256A2,HEADER_CUIT:30709236489
DA3BD00A4AAA630868A559B687F8C3383C0DEFEF30EE31ED863B3F1C29C2236E,2177FA907AE027A8214549A497D8B20FAC11F03378434E82243735B41CDCCF90,HEADER_CUIT:30707503307
DAAD3153B676CE3FCF3DC97460A1F0F5CC77272AA8C84FE44BD32CB3F4546867,02304E5FCF9E9935C4B1CCBC0F4D759FDB9A45B27246309A1B9E5FB698A31BCA,HEADER_CUIT:30500006613
DBAF5884786F464385EA44AF9BBDAE901F2DE08C9D1FC8D185DD2C67C6C8BB04,18F037E71275BAC8EB6B9907A801BB8596276D931C4A89D42AD4A1DDB99C44C7,HEADER_CUIT:30711969426
DC4E1127253424B23D00141782F19C748CC3C450BAE19E0E5D455C60D489BE54,02304E5FCF9E9935C4B1CCBC0F4D759FDB9A45B27246309A1B9E5FB698A31BCA,HEADER_CUIT:30500006613
DC52062FD591409536C3831D6F40713D3B0F5CAA3D6353D72B7E56870825AA29,0393CB3ABBE474C6B489BC46868FD98792B23A13B723C0F5196587EC98CCF160,HEADER_CUIT:30707889434
DDC35E7D6AC3D7DC2B7B9D7CD426188160168404668B566385F806DB0320AE7C,02304E5FCF9E9935C4B1CCBC0F4D759FDB9A45B27246309A1B9E5FB698A31BCA,HEADER_CUIT:30500006613
DF7A3B4C2638053020A877AA88828487B539F33CAFD992DBB4AC0545EFAF6B87,02304E5FCF9E9935C4B1CCBC0F4D759FDB9A45B27246309A1B9E5FB698A31BCA,HEADER_CUIT:30500006613
DFF48C510D245E37107896A84C68B189734A153B5B6020E732475431F6B088CB,11AA4176F3F4A2CC86037046B472339888DABD214272917A6929C087593E9D8E,HEADER_CUIT:30708979062
E13F5A758863FF61032D1246182C35726CC9310DD7822132AD96A4871C14DA3F,106447D8042022E7A7E537E2F456DA614B64B7F191C70E08B6E6C5335ED5C164,HEADER_CUIT:30546969874
E24CD73FADF2105B11F012348D1FB638E3042428BB19A4DD43A96FA38A640157,106447D8042022E7A7E537E2F456DA614B64B7F191C70E08B6E6C5335ED5C164,HEADER_CUIT:30546969874
E3C0BD90C47B248FFE19DB462B228D5ABB4A9F12F7AD69A2D189E772CF58B0E4,05C97349F397582E8A6249A2D5709AD4923C3B38A7E21B050DE3374402BA58A1,HEADER_CUIT:33699685459
E436A92CAE6468042FBF4E911849EFBFED82DB6D40A76E92494DD6308A2D3E8A,05C97349F397582E8A6249A2D5709AD4923C3B38A7E21B050DE3374402BA58A1,HEADER_CUIT:33699685459
E4D931275FE79FAD3F8C371E8E4DA52B707AB7EE6D8FAB6B34077072B75E4AD8,31DE1A416B6D580B5D1165E5D6C5C466715632F4D72D78BC2E8810AB73DE5B28,HEADER_CUIT:30598910045
E5DAAD3D98F5F6111C106517540EA48FEAA3D1A3320E32E42C9C574DE13EB9AD,332FFB1D90DB17A2646977121AD6D87B112993E79461108025126C4935CE72B7,HEADER_CUIT:30708286431
E69F094568C5FB504BF02555E1531ACAEFCF05B95F8E06AE52D73A1CA930A902,14A75A878D1C46176EA9AB48865A6D723CE20D76A39D0BAAD77767EAD1EC2DD1,HEADER_CUIT:30516384618
E6A1CDC107417F27F4C4CD5FDF9A2B801D28892907A1D4A929BD246F6EFC61CE,C36EA90CDF92312554964CD3ACB96C75B2E21394D21321A1D5F6D16D7D2BC66B,HEADER_CUIT:30679700703
E6CFCBD9F91F312A677B23ABD128DFF8031080E4AD83E659A5A39990A2BD554A,02304E5FCF9E9935C4B1CCBC0F4D759FDB9A45B27246309A1B9E5FB698A31BCA,HEADER_CUIT:30500006613
E74DCB56CD5FFCAC5BBF5D0CDB70C2701C5448845EE0ACED3435345867B72447,3076FFDD9F418AFDD5B31CC18B36AE05E9490A0F72498EE2BFBCD31D7E64BFA2,HEADER_CUIT:30687323676
E88C84C17FBF54873E2C5056188F282A3BE7C2BA50CA2710A2A129BBC9BFD35F,02304E5FCF9E9935C4B1CCBC0F4D759FDB9A45B27246309A1B9E5FB698A31BCA,HEADER_CUIT:30500006613
E8FAA2A7C3096561DE0CE371B71A647D301EAE49F822543E0C149049862BB795,09BA9B13C67BBB69B0C9194C5E68E80D92DE3F0D572EEB90223E1DFDA26B67E7,HEADER_CUIT:30516385460
E9BC54FFD41CD0A71E5415486C1BC98C8725F95C9F0E374166EE3821F17AAE74,05C97349F397582E8A6249A2D5709AD4923C3B38A7E21B050DE3374402BA58A1,HEADER_CUIT:33699685459
E9C4C9A1A3F634072BFA4759AF8CCC4BBE576AEAB6884AA733BEF5B6B2953EDD,18F037E71275BAC8EB6B9907A801BB8596276D931C4A89D42AD4A1DDB99C44C7,HEADER_CUIT:30711969426
EA68A6AC708E6C504AD4D17C1F97E04197665708B9564FD529BC468F57A444B3,593ABDF0EE3E91506269EFD5CCA99B3AF04A888A7A0AE4D24D96583F8DC9E8BA,HEADER_CUIT:30646743199
EACECB02AB0B558853EC20E4A12CB99B7D8DCE528838F603A777CC80DEDF9A82,2177FA907AE027A8214549A497D8B20FAC11F03378434E82243735B41CDCCF90,HEADER_CUIT:30707503307
EDD1C021AA071E09A25B30EB5F1A9B904DCC81136B5104EC986203E606939E1D,593ABDF0EE3E91506269EFD5CCA99B3AF04A888A7A0AE4D24D96583F8DC9E8BA,HEADER_CUIT:30646743199
EE17F17B2E3BA04ED99337FE93B2F9107CF18A58C93502F0BF6938D7EBBC0185,305D8D5FCDD8153B4D7860ABD3DA30A0DEEB2A5FE84A9E26D4CD34F6D700C59D,HEADER_CUIT:20368412326
EE6BD53E28831728DFCEDE1210988F85D796963A6646594D058AEFE52F468C5F,02304E5FCF9E9935C4B1CCBC0F4D759FDB9A45B27246309A1B9E5FB698A31BCA,HEADER_CUIT:30500006613
EF2CE87564C6FF7F341FAEBA484FF57392877D0389834D5050001D4C9BD2D3B7,214391B212DE575A749E2CE564AB831866F3B4E810B804B112AFFECC4A0DC0C5,HEADER_CUIT:30657863676
F2E2ACB288121ABF71566E4ECBBE6E555E9F923046C80C06C706DB1692D20EC6,186ECE220815305724D8DA06F9EACF61CFB5C4D8E64DBA98AB1342E0710C0AF1,HEADER_CUIT:30708188472
F2F227C1560123224826962437E9D3F2ED451F31A71FA802071E98B066CD9D73,5203F69CB8A4BC26FE82B7B40A71C2EA99B2B09468C75F7F052A4C71100FE233,HEADER_CUIT:33546663669
F5019505DEE4B97949AF2E71B3420E3BE419C11A4BB446365BFC477970DE2BA9,02304E5FCF9E9935C4B1CCBC0F4D759FDB9A45B27246309A1B9E5FB698A31BCA,HEADER_CUIT:30500006613
F525BDB8259383F6F6A861EE1E29AFC6639E2609A756C8A3D4A38A205DF90867,02304E5FCF9E9935C4B1CCBC0F4D759FDB9A45B27246309A1B9E5FB698A31BCA,HEADER_CUIT:30500006613
F5E3F2CB89A7829ADD137A5CD69F51BA5334263B7A0E5234D3E28FE6AB0EE9E1,02304E5FCF9E9935C4B1CCBC0F4D759FDB9A45B27246309A1B9E5FB698A31BCA,HEADER_CUIT:30500006613
F61C02CEE3AA92440BD42E11C67AA26A3C2C9D34AB7AD8B0E95D7FF7C6FA3D53,3076FFDD9F418AFDD5B31CC18B36AE05E9490A0F72498EE2BFBCD31D7E64BFA2,HEADER_CUIT:30687323676
F6FE5E4E7DBEFC3BD76AA8082F39320D6E47DF09DFED6C259F5830908418EB7F,1A4F808049D1A37F4E6AB760DD7135F61503613DEB13BADD69E536FEA2FC6B9F,HEADER_CUIT:30541682372
F77E3E296A654ADC3AD8647D1D43D395A6D523520BA08AD5D5634D3B4D28BDB1,1C4DB25AAC0A169B26D121DF0992AB546E8D487A74FD1E45FDEF3490F3708601,HEADER_CUIT:30540103301
F7C9E186997998C8903EBB0761B5A5B6B2899BFC25A8AB3103635E0B5FA6D2FA,02304E5FCF9E9935C4B1CCBC0F4D759FDB9A45B27246309A1B9E5FB698A31BCA,HEADER_CUIT:30500006613
F7D4315B0BD34CA0C1F7F00511F6C2555B14BF1E08B0AFBD5C97CBBF1770A623,072B001D7FDCB00B166EE67FDDEE8BE382F3BA7FB76113DE6F258CAC2DEDFF3E,HEADER_CUIT:30669701639
F7DE50AC4859C1771E500A39D75EF2DD53DDFD9845717BF3EE60FFEA2120D5BF,8B413A28B2078C81F33BFA43153D0505069C9EC5CB4BCFF69F9E3BFD8B2BEB65,HEADER_CUIT:30688013999
F884D62F9B896608CB34181AD0D9656F8382FFC7F698E1790E1BCFC605842E31,05C97349F397582E8A6249A2D5709AD4923C3B38A7E21B050DE3374402BA58A1,HEADER_CUIT:33699685459
FA1330351E7A10794C76EF98917D3E3BCBD4D9A057B9FED5BAA2CF512643BDAC,02304E5FCF9E9935C4B1CCBC0F4D759FDB9A45B27246309A1B9E5FB698A31BCA,HEADER_CUIT:30500006613
FA32B612158C9DD82E1EABC88907F365CE5D9332CB10A5F459DAE9FD2EEF9475,02304E5FCF9E9935C4B1CCBC0F4D759FDB9A45B27246309A1B9E5FB698A31BCA,HEADER_CUIT:30500006613
FAAA10795DFC3ED7953CF7632514C2517B7251C84DE9CAB5E9D400E49971752F,02304E5FCF9E9935C4B1CCBC0F4D759FDB9A45B27246309A1B9E5FB698A31BCA,HEADER_CUIT:30500006613
FC4C02B0A8101C0C0E56F4C2C960C8CB343CA8840AEBF54315EF8E546816823A,2177FA907AE027A8214549A497D8B20FAC11F03378434E82243735B41CDCCF90,HEADER_CUIT:30707503307
FCADB9AA8BCE7BBC42C43C6A7515368F701DE89808DDC35808AB2C6453803777,0EB8DBCEF6C1E861455CAB45F0D946F37D5FE111851DE63421E53868D0344CED,HEADER_CUIT:30679636037
FDE622A3433BE4D10FEA9E811DD12C8E4558F08219F6CF1BF974F698D2735C69,194F2DA87B4471D4F618FDAFBE7C074F5DB1BC27D67350BC9E865BDBEDECF437,HEADER_CUIT:33712026559
FE760F61466D4D28B18BD2EC428D31724844F3067A77DAE026BB02D90752B545,18F037E71275BAC8EB6B9907A801BB8596276D931C4A89D42AD4A1DDB99C44C7,HEADER_CUIT:30711969426
FF433460A3FF33124AFFA05BE3FBC9A9141EAEAC0670DB972697575FE72FC935,5203F69CB8A4BC26FE82B7B40A71C2EA99B2B09468C75F7F052A4C71100FE233,HEADER_CUIT:33546663669
FF8A0539D9B1410CF169E263973F187525B9B6918594943D2AA56275F3E2A8F0,02304E5FCF9E9935C4B1CCBC0F4D759FDB9A45B27246309A1B9E5FB698A31BCA,HEADER_CUIT:30500006613
030110C4EECAD8AD99A6AD1A53873B11A63BAD1F04245E5725E05682FCC5D4AA,00A887F58DB25495DFDE02D1BD1530CE321427ECC08F8EF1E62853BF1C219A6C,TEMPLATE_DHASH_HEADER_LE4_FULL_LE8_ASPECT_DELTA_LT004
030110C4EECAD8AD99A6AD1A53873B11A63BAD1F04245E5725E05682FCC5D4AA,029212DC679C033902FE2CC264F3CAB6C223BB8366CB0FE8E61BF5329E85FACE,TEMPLATE_DHASH_HEADER_LE4_FULL_LE8_ASPECT_DELTA_LT004
037701D5FED89A093E0504409BF6AE6060A2E1FB5E3360732F402A402E8F2E8E,01EEBBC0B1CF90274F09A18C563F892FF0D54A246C447FCBFA3AF69E361C94D3,TEMPLATE_DHASH_HEADER_LE4_FULL_LE8_ASPECT_DELTA_LT004
03CFBE47B1C87BEFC324BB99462C1A6722B7E29C5EB61D17AE8AB0C4A60F5AF3,00A887F58DB25495DFDE02D1BD1530CE321427ECC08F8EF1E62853BF1C219A6C,TEMPLATE_DHASH_HEADER_LE4_FULL_LE8_ASPECT_DELTA_LT004
0405379635CC5D80EAFD03FE53704B24D220C6EFBD7EB0C7A1B8908D312819DF,00A887F58DB25495DFDE02D1BD1530CE321427ECC08F8EF1E62853BF1C219A6C,TEMPLATE_DHASH_HEADER_LE4_FULL_LE8_ASPECT_DELTA_LT004
042267BB5BA6B2EF3DEB81E10F9D0DF556DA96E723BEE7A42CA1F5AB41E0B13E,029212DC679C033902FE2CC264F3CAB6C223BB8366CB0FE8E61BF5329E85FACE,TEMPLATE_DHASH_HEADER_LE4_FULL_LE8_ASPECT_DELTA_LT004
0433389975EC3550CE85ABFB0C93FCD6D66B39F406A635F2A1B7ECFDAD2ACEE3,010343D4BCC6C1DB12C1129F149212B97C69C10242840BC5A303CC7B4AA87BAF,TEMPLATE_DHASH_HEADER_LE4_FULL_LE8_ASPECT_DELTA_LT004
056F2DBFB04063C3907953A9FA896F379670BFB843A6C1C8D08A4A79E784AF5C,00A887F58DB25495DFDE02D1BD1530CE321427ECC08F8EF1E62853BF1C219A6C,TEMPLATE_DHASH_HEADER_LE4_FULL_LE8_ASPECT_DELTA_LT004
062D404B15F77BA8C0EABD59CB6BF2C7D319E561D80F744178F01EB08514EDCC,010343D4BCC6C1DB12C1129F149212B97C69C10242840BC5A303CC7B4AA87BAF,TEMPLATE_DHASH_HEADER_LE4_FULL_LE8_ASPECT_DELTA_LT004
06A4E618722CC20B0791DAAF476CDE38E7C997F9619E99E853204E29184B3E6B,00A887F58DB25495DFDE02D1BD1530CE321427ECC08F8EF1E62853BF1C219A6C,TEMPLATE_DHASH_HEADER_LE4_FULL_LE8_ASPECT_DELTA_LT004
06F44D4A2E6F166F80269454C61462854CB02A1D7D136FAA54492E0630A88ABA,00A887F58DB25495DFDE02D1BD1530CE321427ECC08F8EF1E62853BF1C219A6C,TEMPLATE_DHASH_HEADER_LE4_FULL_LE8_ASPECT_DELTA_LT004
0846CFEBEEDC318DCF892BDB073260F2B9D11DE1DBAD19523CC213629641A43C,00A887F58DB25495DFDE02D1BD1530CE321427ECC08F8EF1E62853BF1C219A6C,TEMPLATE_DHASH_HEADER_LE4_FULL_LE8_ASPECT_DELTA_LT004
086C3868153984B80A9CF8E533AE3DD3D9A1E3AA0CC74EECF32A469E89112AFD,0405379635CC5D80EAFD03FE53704B24D220C6EFBD7EB0C7A1B8908D312819DF,TEMPLATE_DHASH_HEADER_LE4_FULL_LE8_ASPECT_DELTA_LT004
08D4415DD3DD5F35A1D0E2243FE7197C8894DC3F408F5C6241D2C12EA5EF3144,02656E7BEACD36FF1D29B09DB3B935C87A2031DBB0AC01CB7FB6EF3190A013A9,TEMPLATE_DHASH_HEADER_LE4_FULL_LE8_ASPECT_DELTA_LT004
092FC946D76F08809B4F70D8392FAD226E023A06ADE2E2D83DB28C2843BED2F2,010343D4BCC6C1DB12C1129F149212B97C69C10242840BC5A303CC7B4AA87BAF,TEMPLATE_DHASH_HEADER_LE4_FULL_LE8_ASPECT_DELTA_LT004
099CD04D4D313E7B125EE36BE7A592FAE24935F39860457A2663B17850A7A024,08D4415DD3DD5F35A1D0E2243FE7197C8894DC3F408F5C6241D2C12EA5EF3144,TEMPLATE_DHASH_HEADER_LE4_FULL_LE8_ASPECT_DELTA_LT004
09EA12AF37DBD01DE88FE904C33AE8D4A1774A3846F51D7C6A5F8C4B38EEC563,00A887F58DB25495DFDE02D1BD1530CE321427ECC08F8EF1E62853BF1C219A6C,TEMPLATE_DHASH_HEADER_LE4_FULL_LE8_ASPECT_DELTA_LT004
09F5F33D7AF68E713FCEBDED31CFDA8867C3B5839C983013AC4F4A3B4C64EADA,010343D4BCC6C1DB12C1129F149212B97C69C10242840BC5A303CC7B4AA87BAF,TEMPLATE_DHASH_HEADER_LE4_FULL_LE8_ASPECT_DELTA_LT004
0A0BE06602247C93290462DF94D533A35AAAF17CD8935188A9804FC6F3805C73,08EEB31E5FEA01CB1869C83A1C0AC14004D08320B9D98369B045EAFB33798242,TEMPLATE_DHASH_HEADER_LE4_FULL_LE8_ASPECT_DELTA_LT004
0A5F6FAB0981F8D8C0879EA76AAEBD4B446107AB6A6FD15FF23DA0C86EB33B90,01EEBBC0B1CF90274F09A18C563F892FF0D54A246C447FCBFA3AF69E361C94D3,TEMPLATE_DHASH_HEADER_LE4_FULL_LE8_ASPECT_DELTA_LT004
0A637333314B760AD17FC75D86A32FE397D8DF90EEC6F73D5864CA3746C73DB3,00666E481475A66BFB08CB4FB0F53BBCFB65BF7046310458AF1948A59829CBB3,TEMPLATE_DHASH_HEADER_LE4_FULL_LE8_ASPECT_DELTA_LT004
0AB443B8A71B5F8C9B777E07D78DD56EC3BBE75E0256202DD5FADA760E576D9E,04644AFCA0FD83E0BA9F4699895C76D10FBDBA2FE57B9695DC20E8D7B05F23B9,TEMPLATE_DHASH_HEADER_LE4_FULL_LE8_ASPECT_DELTA_LT004
0AFAE9C55C04A213F0388C634CABAEEA4C9A02686A7B1F8D6CAEF6585DCD3498,0431F3F0FA33A87F05475A197FA40165963F462ADD5E0D0F14743141B23F8ECF,TEMPLATE_DHASH_HEADER_LE4_FULL_LE8_ASPECT_DELTA_LT004
0AFAE9C55C04A213F0388C634CABAEEA4C9A02686A7B1F8D6CAEF6585DCD3498,0AB443B8A71B5F8C9B777E07D78DD56EC3BBE75E0256202DD5FADA760E576D9E,TEMPLATE_DHASH_HEADER_LE4_FULL_LE8_ASPECT_DELTA_LT004
0B59A855C174A39555825291E09AD670E0177F85A302A347D979479ACC37CB5E,01EEBBC0B1CF90274F09A18C563F892FF0D54A246C447FCBFA3AF69E361C94D3,TEMPLATE_DHASH_HEADER_LE4_FULL_LE8_ASPECT_DELTA_LT004
0B97AB3E0E13E9EDBBE286D38A67D292C41A2CF86A62B5B2E6553DA0CF55ED9E,01EEBBC0B1CF90274F09A18C563F892FF0D54A246C447FCBFA3AF69E361C94D3,TEMPLATE_DHASH_HEADER_LE4_FULL_LE8_ASPECT_DELTA_LT004
0BCB4FA93CF649F724DA354451FE75CADFBA4E2BE6B7A32C41D4D5A40B6500B0,08D4415DD3DD5F35A1D0E2243FE7197C8894DC3F408F5C6241D2C12EA5EF3144,TEMPLATE_DHASH_HEADER_LE4_FULL_LE8_ASPECT_DELTA_LT004
0BE39898903E624AD3D7957D864B44D6D84B895CE4C0B29042FB99AD5B6A2CFA,0AFAE9C55C04A213F0388C634CABAEEA4C9A02686A7B1F8D6CAEF6585DCD3498,TEMPLATE_DHASH_HEADER_LE4_FULL_LE8_ASPECT_DELTA_LT004
0CE6D0F6DC7AAFEDCF0F29B1A52C095693F8F5768365885536EBB5EE4EE9AA8F,01B4C3B905B65F5026EE091453D00254A2A5D4EC46E657D0CF0B43DCB3585899,TEMPLATE_DHASH_HEADER_LE4_FULL_LE8_ASPECT_DELTA_LT004
0D03C0C9105F3C3452B28F233E73D2389FECD8D0774EF2113973DCBAD9E3FA31,010343D4BCC6C1DB12C1129F149212B97C69C10242840BC5A303CC7B4AA87BAF,TEMPLATE_DHASH_HEADER_LE4_FULL_LE8_ASPECT_DELTA_LT004
0D03C0C9105F3C3452B28F233E73D2389FECD8D0774EF2113973DCBAD9E3FA31,0A0BE06602247C93290462DF94D533A35AAAF17CD8935188A9804FC6F3805C73,TEMPLATE_DHASH_HEADER_LE4_FULL_LE8_ASPECT_DELTA_LT004
0D70848C8EA89E4E7A023B53FAAC0A2C6BE60CA305D26DB1FB3C56B832D88199,010343D4BCC6C1DB12C1129F149212B97C69C10242840BC5A303CC7B4AA87BAF,TEMPLATE_DHASH_HEADER_LE4_FULL_LE8_ASPECT_DELTA_LT004
0D70848C8EA89E4E7A023B53FAAC0A2C6BE60CA305D26DB1FB3C56B832D88199,030126CE7D614353FF03F90C126B6D2C3746D913B36523810DF4F1B51326D882,TEMPLATE_DHASH_HEADER_LE4_FULL_LE8_ASPECT_DELTA_LT004
0DB5D3275144FC50576194C8BE14F91BC04EF15CB58334D123857D8A15200121,0433389975EC3550CE85ABFB0C93FCD6D66B39F406A635F2A1B7ECFDAD2ACEE3,TEMPLATE_DHASH_HEADER_LE4_FULL_LE8_ASPECT_DELTA_LT004
0DDD4740926665B1F2CA1C85C2F251ECBDC8D72EA9155909898B72928455C029,002865257C71829F722158FBCEDB282C220108C3B1CE07E08876E80BAEEA8EB2,TEMPLATE_DHASH_HEADER_LE4_FULL_LE8_ASPECT_DELTA_LT004
0DF43C24EE1C884E4D39EA52799AF8AC28734D207C295A02C543F7E84C2C5546,010343D4BCC6C1DB12C1129F149212B97C69C10242840BC5A303CC7B4AA87BAF,TEMPLATE_DHASH_HEADER_LE4_FULL_LE8_ASPECT_DELTA_LT004
0EC7A08B7BBAC6CA90E6285FD8B309A999A6B529D7F2E7589C6DF6C18360817D,00A887F58DB25495DFDE02D1BD1530CE321427ECC08F8EF1E62853BF1C219A6C,TEMPLATE_DHASH_HEADER_LE4_FULL_LE8_ASPECT_DELTA_LT004
0F17FC399AEC8157D02B8E78678720A018C8ABE168EF482D47520D265F142E71,00A887F58DB25495DFDE02D1BD1530CE321427ECC08F8EF1E62853BF1C219A6C,TEMPLATE_DHASH_HEADER_LE4_FULL_LE8_ASPECT_DELTA_LT004
1015512E6F7CD4C5A4FC33C2AF6C359994ED5197589848BA4C7E5CD9F1F956B6,010343D4BCC6C1DB12C1129F149212B97C69C10242840BC5A303CC7B4AA87BAF,TEMPLATE_DHASH_HEADER_LE4_FULL_LE8_ASPECT_DELTA_LT004
10191891313269319E0D3C05BAFEE13282C40FD6B8BE77F890B623E757032F66,02656E7BEACD36FF1D29B09DB3B935C87A2031DBB0AC01CB7FB6EF3190A013A9,TEMPLATE_DHASH_HEADER_LE4_FULL_LE8_ASPECT_DELTA_LT004
103D4B7D4FC3E90843B65EF81BC37F7579A84BC7B89FF656AC00130A79D1E0A3,01EEBBC0B1CF90274F09A18C563F892FF0D54A246C447FCBFA3AF69E361C94D3,TEMPLATE_DHASH_HEADER_LE4_FULL_LE8_ASPECT_DELTA_LT004
10E67A94D76020372663F84AB23B4EF053A69FEF47465E0EB3C8E0DDCAABACF9,00A887F58DB25495DFDE02D1BD1530CE321427ECC08F8EF1E62853BF1C219A6C,TEMPLATE_DHASH_HEADER_LE4_FULL_LE8_ASPECT_DELTA_LT004
10E67A94D76020372663F84AB23B4EF053A69FEF47465E0EB3C8E0DDCAABACF9,04D2A6C50B9B35D2F7E917B6E3A9B8329EE86DAD2FB2D5042D6BB4040B213ABA,TEMPLATE_DHASH_HEADER_LE4_FULL_LE8_ASPECT_DELTA_LT004
10E67A94D76020372663F84AB23B4EF053A69FEF47465E0EB3C8E0DDCAABACF9,05C329DF72080120239DE88AA85E91D6F089D1DAA1A7F59B8E53C60752CF1D47,TEMPLATE_DHASH_HEADER_LE4_FULL_LE8_ASPECT_DELTA_LT004
1145C2EBBA8BCA114C2D4FC9C75D25C49023A274E91AA55BA25D3C6C9FF20DF8,00A887F58DB25495DFDE02D1BD1530CE321427ECC08F8EF1E62853BF1C219A6C,TEMPLATE_DHASH_HEADER_LE4_FULL_LE8_ASPECT_DELTA_LT004
1159CA6B7C557BD08C99E82E1CD56A2CC1FE32763083DA0FF63B4B9B8FC13188,0405379635CC5D80EAFD03FE53704B24D220C6EFBD7EB0C7A1B8908D312819DF,TEMPLATE_DHASH_HEADER_LE4_FULL_LE8_ASPECT_DELTA_LT004
11E13B5C2625E4A99DF02BA77E51E0FF80A412F0891560027A439C52B2E2F1DB,010343D4BCC6C1DB12C1129F149212B97C69C10242840BC5A303CC7B4AA87BAF,TEMPLATE_DHASH_HEADER_LE4_FULL_LE8_ASPECT_DELTA_LT004
123DEAB253005D37733D22992D564C0DD27E284E2FE7447FBFB662F5CABB4F78,00A887F58DB25495DFDE02D1BD1530CE321427ECC08F8EF1E62853BF1C219A6C,TEMPLATE_DHASH_HEADER_LE4_FULL_LE8_ASPECT_DELTA_LT004
14381C127DC5AC3853B4712213EAB4470DD2A21AEFD09D12626E70E430315305,010343D4BCC6C1DB12C1129F149212B97C69C10242840BC5A303CC7B4AA87BAF,TEMPLATE_DHASH_HEADER_LE4_FULL_LE8_ASPECT_DELTA_LT004
14888ABF52C795CD9248EFA6B5AD5883B0C2EDEE3B11EDC68A2B534DF582EA6C,010343D4BCC6C1DB12C1129F149212B97C69C10242840BC5A303CC7B4AA87BAF,TEMPLATE_DHASH_HEADER_LE4_FULL_LE8_ASPECT_DELTA_LT004
15017A95CAE592FF03AC85B9E98A3F558AC8C2B2382DE89708D086F963B8F662,002865257C71829F722158FBCEDB282C220108C3B1CE07E08876E80BAEEA8EB2,TEMPLATE_DHASH_HEADER_LE4_FULL_LE8_ASPECT_DELTA_LT004
15017A95CAE592FF03AC85B9E98A3F558AC8C2B2382DE89708D086F963B8F662,0433389975EC3550CE85ABFB0C93FCD6D66B39F406A635F2A1B7ECFDAD2ACEE3,TEMPLATE_DHASH_HEADER_LE4_FULL_LE8_ASPECT_DELTA_LT004
1559EC92CBDBE55D735EE7ACA8E52AEAD71C1C47C221CF45B68B936B4345C2A2,00A887F58DB25495DFDE02D1BD1530CE321427ECC08F8EF1E62853BF1C219A6C,TEMPLATE_DHASH_HEADER_LE4_FULL_LE8_ASPECT_DELTA_LT004
158A0B2372339DB5F964827887050C77E088ED0C654782778E7E3DF739CCF278,00A887F58DB25495DFDE02D1BD1530CE321427ECC08F8EF1E62853BF1C219A6C,TEMPLATE_DHASH_HEADER_LE4_FULL_LE8_ASPECT_DELTA_LT004
15926288C19E4044088E6417ACB087ECBBE63143BD28306C232EE3218D138E82,010343D4BCC6C1DB12C1129F149212B97C69C10242840BC5A303CC7B4AA87BAF,TEMPLATE_DHASH_HEADER_LE4_FULL_LE8_ASPECT_DELTA_LT004
15B140C52F151CE8CECA898F343965567AA73E7CFA89957E4B110094B6DCFB67,01EEBBC0B1CF90274F09A18C563F892FF0D54A246C447FCBFA3AF69E361C94D3,TEMPLATE_DHASH_HEADER_LE4_FULL_LE8_ASPECT_DELTA_LT004
15EE89386351047AD1C2D3173F2DF4FBDA0DE0D47542662362CCF47AEB41B838,00A887F58DB25495DFDE02D1BD1530CE321427ECC08F8EF1E62853BF1C219A6C,TEMPLATE_DHASH_HEADER_LE4_FULL_LE8_ASPECT_DELTA_LT004
160507D36E36A41452843EB5116EBE6860289D267FB2CEE2F49609A29C7BB91E,010343D4BCC6C1DB12C1129F149212B97C69C10242840BC5A303CC7B4AA87BAF,TEMPLATE_DHASH_HEADER_LE4_FULL_LE8_ASPECT_DELTA_LT004
166589FEDAA33D952D81A337E8B61F2BA518F0302A237C96E8E96DDD61F7A5B1,03CFBE47B1C87BEFC324BB99462C1A6722B7E29C5EB61D17AE8AB0C4A60F5AF3,TEMPLATE_DHASH_HEADER_LE4_FULL_LE8_ASPECT_DELTA_LT004
16774F7F1BF693AAAF6595FD95FE826967AD240AE8DCDCF1D0DA1FDFA5B8B47F,0EB724F472D0867E4028A0EA1819E88AA8B647706DDD3EBF0DF561D3D09B544F,TEMPLATE_DHASH_HEADER_LE4_FULL_LE8_ASPECT_DELTA_LT004
167929F9016E97C2CCFE59A2730534C5CD51282608A17A4EF1F23FA5F94104D9,02656E7BEACD36FF1D29B09DB3B935C87A2031DBB0AC01CB7FB6EF3190A013A9,TEMPLATE_DHASH_HEADER_LE4_FULL_LE8_ASPECT_DELTA_LT004
167AC28EE4C9F156D7A730F3269118C5AD78B7F582E3FFC178BCB3FDB0A11DF7,05C329DF72080120239DE88AA85E91D6F089D1DAA1A7F59B8E53C60752CF1D47,TEMPLATE_DHASH_HEADER_LE4_FULL_LE8_ASPECT_DELTA_LT004
167AC28EE4C9F156D7A730F3269118C5AD78B7F582E3FFC178BCB3FDB0A11DF7,11D14380F5AB72DEA8A5310BFDF5802785E3B72846717188B71C33839F1F7946,TEMPLATE_DHASH_HEADER_LE4_FULL_LE8_ASPECT_DELTA_LT004
168F8794C73214044C9A1C4597C96BD6D0C4199CC641416C3C64F8BF37098C0F,0990D2942702442C2BAFC4B137B74346C4F7BEC3364E39EE95DACE83104DDD74,TEMPLATE_DHASH_HEADER_LE4_FULL_LE8_ASPECT_DELTA_LT004
169353E3142E56941120B753DAE9B0E5A3527AE78A7B064582040B1D7E98FB61,0BE39898903E624AD3D7957D864B44D6D84B895CE4C0B29042FB99AD5B6A2CFA,TEMPLATE_DHASH_HEADER_LE4_FULL_LE8_ASPECT_DELTA_LT004
1755304EBD124B8B4E1309831FBEB3F6EE40934A39AC4CCF8C158A506F931EF1,0BE39898903E624AD3D7957D864B44D6D84B895CE4C0B29042FB99AD5B6A2CFA,TEMPLATE_DHASH_HEADER_LE4_FULL_LE8_ASPECT_DELTA_LT004
17645D40FA69A6828FBC913F3B3EAD8309B9DE2BA50E47598747209A0F923A62,010343D4BCC6C1DB12C1129F149212B97C69C10242840BC5A303CC7B4AA87BAF,TEMPLATE_DHASH_HEADER_LE4_FULL_LE8_ASPECT_DELTA_LT004
17E9AF6EB6B495BA29E56681857C9970D33D990CDB10C0387FE85C781AC7E0E2,0990D2942702442C2BAFC4B137B74346C4F7BEC3364E39EE95DACE83104DDD74,TEMPLATE_DHASH_HEADER_LE4_FULL_LE8_ASPECT_DELTA_LT004
17F70ACA0C08EBBB8F9BDC9AB4A180DF161AB6F073AA8057FC19989E0080C69F,0BE39898903E624AD3D7957D864B44D6D84B895CE4C0B29042FB99AD5B6A2CFA,TEMPLATE_DHASH_HEADER_LE4_FULL_LE8_ASPECT_DELTA_LT004
180A072CF185D173A359A133EF852156206CE288B38F895772950BE3A2822433,029212DC679C033902FE2CC264F3CAB6C223BB8366CB0FE8E61BF5329E85FACE,TEMPLATE_DHASH_HEADER_LE4_FULL_LE8_ASPECT_DELTA_LT004
1820FA6D0B1A53B7BC306CA2011505E75CD8FE8D39AEA06A5730CCE9E46FFB2A,0990D2942702442C2BAFC4B137B74346C4F7BEC3364E39EE95DACE83104DDD74,TEMPLATE_DHASH_HEADER_LE4_FULL_LE8_ASPECT_DELTA_LT004
1838C5E4581C360065CA938F288AFE4710F33C0DFF2B9D832801704DAD65E410,062D404B15F77BA8C0EABD59CB6BF2C7D319E561D80F744178F01EB08514EDCC,TEMPLATE_DHASH_HEADER_LE4_FULL_LE8_ASPECT_DELTA_LT004
1879A4B5E7DA36E01B0F9CAF23754C27B06EA092E21F7A347CF60B15776875ED,010343D4BCC6C1DB12C1129F149212B97C69C10242840BC5A303CC7B4AA87BAF,TEMPLATE_DHASH_HEADER_LE4_FULL_LE8_ASPECT_DELTA_LT004
18F720B96A147A5AB163A7A9CF2973DD63B5BF1945AE004DF51831A085DBD07A,02656E7BEACD36FF1D29B09DB3B935C87A2031DBB0AC01CB7FB6EF3190A013A9,TEMPLATE_DHASH_HEADER_LE4_FULL_LE8_ASPECT_DELTA_LT004
18FEACDE4C4BC3186A35471632ADCC16CE8B5003E33AB4DD3E2B5F753C965052,0C7925D145798B93A239B694B566BDABF9C25A810391C7A3C1A06180F8BD0624,TEMPLATE_DHASH_HEADER_LE4_FULL_LE8_ASPECT_DELTA_LT004
1A0286054805EE1B889C2AEC853E4C1820A7963FA5B8513AAD2AB306B1D5FCB0,11D14380F5AB72DEA8A5310BFDF5802785E3B72846717188B71C33839F1F7946,TEMPLATE_DHASH_HEADER_LE4_FULL_LE8_ASPECT_DELTA_LT004
1BAC08C96C2B7DF33CB003BD97FE4CEAD87E53DE3314421FFE719FB320CF8F1B,000441157BAD395A94250C60F40EB1F8926789D876B4B05AD40F95BE1EAA936F,TEMPLATE_DHASH_HEADER_LE4_FULL_LE8_ASPECT_DELTA_LT004
1C046CF254BA1E8E323C11493B60FE53712CC1B84EFF61DE83864A7D0C4355D1,00A887F58DB25495DFDE02D1BD1530CE321427ECC08F8EF1E62853BF1C219A6C,TEMPLATE_DHASH_HEADER_LE4_FULL_LE8_ASPECT_DELTA_LT004
1C8A8808678EDA0EE2B05BB8A61144E4290EE9E18251346BBD2683F09C7D888B,010343D4BCC6C1DB12C1129F149212B97C69C10242840BC5A303CC7B4AA87BAF,TEMPLATE_DHASH_HEADER_LE4_FULL_LE8_ASPECT_DELTA_LT004
1CDBBA2E0D0087C3CB21CD350611DDCB701EC633C668DAE9376C36FD6E95CB2D,01EEBBC0B1CF90274F09A18C563F892FF0D54A246C447FCBFA3AF69E361C94D3,TEMPLATE_DHASH_HEADER_LE4_FULL_LE8_ASPECT_DELTA_LT004
1D690E9263C4C758D742F763DF1CBAFAEC61E32C010E5AF12578698CB2DA4C2D,01B4C3B905B65F5026EE091453D00254A2A5D4EC46E657D0CF0B43DCB3585899,TEMPLATE_DHASH_HEADER_LE4_FULL_LE8_ASPECT_DELTA_LT004
1DA9864804DCE41CA146730F9EB0523D3ADD3030E9014CAA057097A2EA07C711,00A887F58DB25495DFDE02D1BD1530CE321427ECC08F8EF1E62853BF1C219A6C,TEMPLATE_DHASH_HEADER_LE4_FULL_LE8_ASPECT_DELTA_LT004
1DBAC85FD76DFB51E641F429E17BBA22563A0F38D8362D27B66EB5322644AAE6,00A887F58DB25495DFDE02D1BD1530CE321427ECC08F8EF1E62853BF1C219A6C,TEMPLATE_DHASH_HEADER_LE4_FULL_LE8_ASPECT_DELTA_LT004
1DC499A08B5A4C8EB40237A78633ACD98DF16FB8437876D106B4265CC4451588,010343D4BCC6C1DB12C1129F149212B97C69C10242840BC5A303CC7B4AA87BAF,TEMPLATE_DHASH_HEADER_LE4_FULL_LE8_ASPECT_DELTA_LT004
1DE3D57C29CD74BE3B52809E07F5687161ED4F785B56045F8B4F677FDFD93DDA,00A887F58DB25495DFDE02D1BD1530CE321427ECC08F8EF1E62853BF1C219A6C,TEMPLATE_DHASH_HEADER_LE4_FULL_LE8_ASPECT_DELTA_LT004
1E017419E073DE02B948D0FF0A3422759D77C393D6A5BC26E76BD8404C0104B5,00A887F58DB25495DFDE02D1BD1530CE321427ECC08F8EF1E62853BF1C219A6C,TEMPLATE_DHASH_HEADER_LE4_FULL_LE8_ASPECT_DELTA_LT004
1E4FC830876DF4A2D7E323D059FC3B5F03968B0A7BF7E8067947BF00B1508969,000441157BAD395A94250C60F40EB1F8926789D876B4B05AD40F95BE1EAA936F,TEMPLATE_DHASH_HEADER_LE4_FULL_LE8_ASPECT_DELTA_LT004
1E95240B8DAE9B332E37B5A09D960394116AECFA6901351416B661C6B96220F8,0BABB116472EB0B8842D82C416C5828FCE82EBA4425A6F4273AFCCD58C9574F3,TEMPLATE_DHASH_HEADER_LE4_FULL_LE8_ASPECT_DELTA_LT004
1E9F93E9439263AB091E1FCFA2C61AE17A3F0F1AA79A93DF4A5306624A24BEBC,010343D4BCC6C1DB12C1129F149212B97C69C10242840BC5A303CC7B4AA87BAF,TEMPLATE_DHASH_HEADER_LE4_FULL_LE8_ASPECT_DELTA_LT004
1EFEC494A72D347AD1840B5869281F259425F030DD79621BD5DB09028C336295,1A94D10FAD4A3B2AAAA3E3A02F2F963B295A6BFFFD9A535B339D7390DEAFC82B,TEMPLATE_DHASH_HEADER_LE4_FULL_LE8_ASPECT_DELTA_LT004
1F174E86620ADDAB1691ADA0E9A283270D292E6AED4C4B923DDAFE19769D07EB,00A887F58DB25495DFDE02D1BD1530CE321427ECC08F8EF1E62853BF1C219A6C,TEMPLATE_DHASH_HEADER_LE4_FULL_LE8_ASPECT_DELTA_LT004
1F74158A70E303CD4219E3F0A4C0F0EE744292D6CD4C7585ECB69924A9CF7E6A,010343D4BCC6C1DB12C1129F149212B97C69C10242840BC5A303CC7B4AA87BAF,TEMPLATE_DHASH_HEADER_LE4_FULL_LE8_ASPECT_DELTA_LT004
1F8ED7AFA5B9414E174104C2C5ADF13AF964A27329A26B561987EB073FC3BC7C,00A887F58DB25495DFDE02D1BD1530CE321427ECC08F8EF1E62853BF1C219A6C,TEMPLATE_DHASH_HEADER_LE4_FULL_LE8_ASPECT_DELTA_LT004
1FA268A606D2E0D0B5DB2C3EB7C264ABB81A4FF68EA607482BCE2826A3488D9F,0990D2942702442C2BAFC4B137B74346C4F7BEC3364E39EE95DACE83104DDD74,TEMPLATE_DHASH_HEADER_LE4_FULL_LE8_ASPECT_DELTA_LT004
1FE5EE8327E145829C17BEDC6ED8E4BE89C6EF299984C6A454FC15B2245B7981,010343D4BCC6C1DB12C1129F149212B97C69C10242840BC5A303CC7B4AA87BAF,TEMPLATE_DHASH_HEADER_LE4_FULL_LE8_ASPECT_DELTA_LT004
201C2EF248B3E04F47F214E95A8360183B42A01E5B635FEAA9E07529A8C328CD,05C329DF72080120239DE88AA85E91D6F089D1DAA1A7F59B8E53C60752CF1D47,TEMPLATE_DHASH_HEADER_LE4_FULL_LE8_ASPECT_DELTA_LT004
20A30651DE2F4DB805033069978229C44DC690978FE944BD98DF3407060581A7,16485E589D8E09631257F3365C7E3DF0F296AB7B989EDC8A91F862F43F85561F,TEMPLATE_DHASH_HEADER_LE4_FULL_LE8_ASPECT_DELTA_LT004
20B544DC3592067EB9B4670C527A8CDE245286CCF376D0F414A46958E219053D,0C7925D145798B93A239B694B566BDABF9C25A810391C7A3C1A06180F8BD0624,TEMPLATE_DHASH_HEADER_LE4_FULL_LE8_ASPECT_DELTA_LT004
21260D1DEB9F5FC490513022E1FD91F7B583EE94863480B42371917D5BADB457,010343D4BCC6C1DB12C1129F149212B97C69C10242840BC5A303CC7B4AA87BAF,TEMPLATE_DHASH_HEADER_LE4_FULL_LE8_ASPECT_DELTA_LT004
21424818179A111E4F71916FCD9A48976FE5ED7F1432854A6F2347653C38D8BE,0990D2942702442C2BAFC4B137B74346C4F7BEC3364E39EE95DACE83104DDD74,TEMPLATE_DHASH_HEADER_LE4_FULL_LE8_ASPECT_DELTA_LT004
21438B9765F499855432F21148F956C714AAA9C79EDA7413564EEE9455850671,0AFAE9C55C04A213F0388C634CABAEEA4C9A02686A7B1F8D6CAEF6585DCD3498,TEMPLATE_DHASH_HEADER_LE4_FULL_LE8_ASPECT_DELTA_LT004
21FA95E0441B94EC1CA8C6B2756C6170EA9D9D18C5A192D2619FDAD6992514CB,045C94F468347D76A752B35C9E1104694E4AD501AE20C72D76DEF8E399357D50,TEMPLATE_DHASH_HEADER_LE4_FULL_LE8_ASPECT_DELTA_LT004
22A220E82D281BC035328305906BE657A8888917D0B30AA6CC8D5267677D4064,00666E481475A66BFB08CB4FB0F53BBCFB65BF7046310458AF1948A59829CBB3,TEMPLATE_DHASH_HEADER_LE4_FULL_LE8_ASPECT_DELTA_LT004
22BDA28CF2C047DBAE010FAB2E10BBC62B4BA1C773808E613AAD19FF658A2C8B,06B8C6B9CDBE4F5D96E1F8AD8DC1C1A92424866ECB4433DEB28C9887154EFF76,TEMPLATE_DHASH_HEADER_LE4_FULL_LE8_ASPECT_DELTA_LT004
22CB6FF71816972CE79D5B68D3DC2942FDBF27DB62CE09AC084F2A738A184F21,01ED02257A77AEFC1104AC4A1B19B452BE5C85A8BA6756441FB9C4C6ADEF52BF,TEMPLATE_DHASH_HEADER_LE4_FULL_LE8_ASPECT_DELTA_LT004
22E69D2F00D6232ED552D42A07BCBA93D825967D3875DEEF8648F80EBE48E36E,04D2A6C50B9B35D2F7E917B6E3A9B8329EE86DAD2FB2D5042D6BB4040B213ABA,TEMPLATE_DHASH_HEADER_LE4_FULL_LE8_ASPECT_DELTA_LT004
239BC30DB9260C6A5A365B595D11D3D601BD2A7FDDBFBBC6942F5C5B8DD2C39D,1F6BE1B36C93128E6A23A08F969662219FCDD157D6A9C688764E6E854930C6F1,TEMPLATE_DHASH_HEADER_LE4_FULL_LE8_ASPECT_DELTA_LT004
23C9C77B0E5477DA17B6CF375F987D09E78D2CF57E6ABB047523AD339F006381,1DF754038CF62791F78205C162ECEEA88ACDA591250FC94F39B1C9B1352650BB,TEMPLATE_DHASH_HEADER_LE4_FULL_LE8_ASPECT_DELTA_LT004
24508D57D9D2FE1CF19E71BF862D1C297C3B233C58E91B1FBCA2A8AB5AA2867E,010343D4BCC6C1DB12C1129F149212B97C69C10242840BC5A303CC7B4AA87BAF,TEMPLATE_DHASH_HEADER_LE4_FULL_LE8_ASPECT_DELTA_LT004
24B614F76779C4A03DA9946CB4E8F4441AB7725A1EC6F55EB084F63D939D16B9,08AF3D73E0302637248E1C6068C4735A590AEA0478B805176319D610E66B89DA,TEMPLATE_DHASH_HEADER_LE4_FULL_LE8_ASPECT_DELTA_LT004
250783E7B15BD80101AE6C9F5F499FCEB36B13995BB35C483708DC3695A38473,1C0D51D6F3C6284AC33F646437A23D1C8C0413DD8507BC1EF61CE9709A6202CB,TEMPLATE_DHASH_HEADER_LE4_FULL_LE8_ASPECT_DELTA_LT004
2537FDF817D544D0E6993F9039C282B601828BF4030072FE60AA952C6CEBC923,010343D4BCC6C1DB12C1129F149212B97C69C10242840BC5A303CC7B4AA87BAF,TEMPLATE_DHASH_HEADER_LE4_FULL_LE8_ASPECT_DELTA_LT004
253B922E743ED3799598D68A259FB420DFA7F0351B17785DDCF693005E0B9D55,01ED02257A77AEFC1104AC4A1B19B452BE5C85A8BA6756441FB9C4C6ADEF52BF,TEMPLATE_DHASH_HEADER_LE4_FULL_LE8_ASPECT_DELTA_LT004
263D415F6C5CCB5E35FCFF9F2EF41B20D3D9D37D6BB52D156229BC10E818CD63,00A887F58DB25495DFDE02D1BD1530CE321427ECC08F8EF1E62853BF1C219A6C,TEMPLATE_DHASH_HEADER_LE4_FULL_LE8_ASPECT_DELTA_LT004
263DEF4CEBFD41025BF8C60D814D6D9533131D244D35E3D23C08BBE8917C9BD9,08D4415DD3DD5F35A1D0E2243FE7197C8894DC3F408F5C6241D2C12EA5EF3144,TEMPLATE_DHASH_HEADER_LE4_FULL_LE8_ASPECT_DELTA_LT004
268E9CF0A794A2450E7EFF249D3AD2594B21A19EC5462DA31C99A736388B63C2,00A887F58DB25495DFDE02D1BD1530CE321427ECC08F8EF1E62853BF1C219A6C,TEMPLATE_DHASH_HEADER_LE4_FULL_LE8_ASPECT_DELTA_LT004
2787E009D455BB9349B6DAE6AD30482AE9F045E858EA0D1A1CC922A6E5144B79,1F6BE1B36C93128E6A23A08F969662219FCDD157D6A9C688764E6E854930C6F1,TEMPLATE_DHASH_HEADER_LE4_FULL_LE8_ASPECT_DELTA_LT004
27BC4B18F491209F599B195B0ABC49F006BFC50896F0790871B4164089202C88,029212DC679C033902FE2CC264F3CAB6C223BB8366CB0FE8E61BF5329E85FACE,TEMPLATE_DHASH_HEADER_LE4_FULL_LE8_ASPECT_DELTA_LT004
283DD750150A80FD78B56DFD05BD0CF320ED7EE5AFE628DC3A273F00642CECD5,08D4415DD3DD5F35A1D0E2243FE7197C8894DC3F408F5C6241D2C12EA5EF3144,TEMPLATE_DHASH_HEADER_LE4_FULL_LE8_ASPECT_DELTA_LT004
28BA3F371A86FDED8763BF4E936F400EC37718092458DDE04349F730074A8041,166F800D9EDF270B19C23DD114D9663F92A11A943FD9C0C549CABE6281F724A3,TEMPLATE_DHASH_HEADER_LE4_FULL_LE8_ASPECT_DELTA_LT004
28E57B85A23B5F3B189376E78081BE8CE4406AE462E2B485E933D79370388A59,01B4C3B905B65F5026EE091453D00254A2A5D4EC46E657D0CF0B43DCB3585899,TEMPLATE_DHASH_HEADER_LE4_FULL_LE8_ASPECT_DELTA_LT004
299F8923F29027FBA851E54F1DFD39185F0BAB9650CE0FD8382F85428314E810,1A94D10FAD4A3B2AAAA3E3A02F2F963B295A6BFFFD9A535B339D7390DEAFC82B,TEMPLATE_DHASH_HEADER_LE4_FULL_LE8_ASPECT_DELTA_LT004
29C2F82AE52AB4771D5C4F02A6C04F9336214832AD7F90907EEA3FC074BA9648,010343D4BCC6C1DB12C1129F149212B97C69C10242840BC5A303CC7B4AA87BAF,TEMPLATE_DHASH_HEADER_LE4_FULL_LE8_ASPECT_DELTA_LT004
2A6375B320A9C38DCD845B42991BE997C5564DA8CE362D2050A0204D00CC609F,166F800D9EDF270B19C23DD114D9663F92A11A943FD9C0C549CABE6281F724A3,TEMPLATE_DHASH_HEADER_LE4_FULL_LE8_ASPECT_DELTA_LT004
2AB39536303132A97CD1C0CC132118D01E08A560594A6E39D2FBAD019CCA88B8,010343D4BCC6C1DB12C1129F149212B97C69C10242840BC5A303CC7B4AA87BAF,TEMPLATE_DHASH_HEADER_LE4_FULL_LE8_ASPECT_DELTA_LT004
2AD909C6F5BC9106E0C189FB9B3FBD110F046A61DAD56FF8DB8A50C7655E2F78,00A887F58DB25495DFDE02D1BD1530CE321427ECC08F8EF1E62853BF1C219A6C,TEMPLATE_DHASH_HEADER_LE4_FULL_LE8_ASPECT_DELTA_LT004
2B7B4A103183D9CE12C1E4633A50995F03B0E8565D49ED8EFAB97C764BC69FD2,00A887F58DB25495DFDE02D1BD1530CE321427ECC08F8EF1E62853BF1C219A6C,TEMPLATE_DHASH_HEADER_LE4_FULL_LE8_ASPECT_DELTA_LT004
2CA999327575D864D33380273D2641121C3430B06EBEB1396C57028AD278AEC0,0BE39898903E624AD3D7957D864B44D6D84B895CE4C0B29042FB99AD5B6A2CFA,TEMPLATE_DHASH_HEADER_LE4_FULL_LE8_ASPECT_DELTA_LT004
2D2A5FAA85CA3ED0E930858626211A8596B2126AFB0B4A0708C7385B151ACC00,01EEBBC0B1CF90274F09A18C563F892FF0D54A246C447FCBFA3AF69E361C94D3,TEMPLATE_DHASH_HEADER_LE4_FULL_LE8_ASPECT_DELTA_LT004
2D3CA66653E428CB7712750CDEB2634051699DBE2C42DF4A7C287D7ABAEB934B,19CA2317F157D7F77CBA71C4C7DADA16BA98EB297488E5B8E29356E5C706F58E,TEMPLATE_DHASH_HEADER_LE4_FULL_LE8_ASPECT_DELTA_LT004
2D886F97E47F3D46B5F78908DA6312D6F039B9D84FB16E6480C0D36CD9FAA7AE,06B8C6B9CDBE4F5D96E1F8AD8DC1C1A92424866ECB4433DEB28C9887154EFF76,TEMPLATE_DHASH_HEADER_LE4_FULL_LE8_ASPECT_DELTA_LT004
2DA1E505AF015145856EA6546519A252A9DF63F88A31E7C1476053E2A7B0642B,01EEBBC0B1CF90274F09A18C563F892FF0D54A246C447FCBFA3AF69E361C94D3,TEMPLATE_DHASH_HEADER_LE4_FULL_LE8_ASPECT_DELTA_LT004
2DE59A9D326B610580C5CD2FD4DB06C2676F42330654893AE8C8450A6D4D4A34,010343D4BCC6C1DB12C1129F149212B97C69C10242840BC5A303CC7B4AA87BAF,TEMPLATE_DHASH_HEADER_LE4_FULL_LE8_ASPECT_DELTA_LT004
2E81DF80CEEBF07F54D70CA7DD706A79558744B1AE9141BC3746DB971A9E002C,01EEBBC0B1CF90274F09A18C563F892FF0D54A246C447FCBFA3AF69E361C94D3,TEMPLATE_DHASH_HEADER_LE4_FULL_LE8_ASPECT_DELTA_LT004
2F1D5E06F79A2F76079B037BAE6E3568CA2A2D1D4067A73E128B063D1695C71F,062D404B15F77BA8C0EABD59CB6BF2C7D319E561D80F744178F01EB08514EDCC,TEMPLATE_DHASH_HEADER_LE4_FULL_LE8_ASPECT_DELTA_LT004
2F70A9005F76072CD8540C75A1E3F9FC5D58D245CAFE99AF4D33F7080F5CCE60,01B4C3B905B65F5026EE091453D00254A2A5D4EC46E657D0CF0B43DCB3585899,TEMPLATE_DHASH_HEADER_LE4_FULL_LE8_ASPECT_DELTA_LT004
2FCC1BD1A06E86082D591E36E506D1FA40D760EFC1B21FE4C217B4E322C6C14A,010343D4BCC6C1DB12C1129F149212B97C69C10242840BC5A303CC7B4AA87BAF,TEMPLATE_DHASH_HEADER_LE4_FULL_LE8_ASPECT_DELTA_LT004
305701EAFC1ABE518E8AC8F499B310B2F0C4795D3071FFFF8BBA29C6C0B7266E,00666E481475A66BFB08CB4FB0F53BBCFB65BF7046310458AF1948A59829CBB3,TEMPLATE_DHASH_HEADER_LE4_FULL_LE8_ASPECT_DELTA_LT004
3092DDF93D9023B2543787913A5DDCC17FC96A0ED1BF136611598370CF62B700,0431F3F0FA33A87F05475A197FA40165963F462ADD5E0D0F14743141B23F8ECF,TEMPLATE_DHASH_HEADER_LE4_FULL_LE8_ASPECT_DELTA_LT004
30D2CCEC7717BB6C118C173F0CE11BE7DE2CBB369AC5EE047190A9C100F70BDE,11D14380F5AB72DEA8A5310BFDF5802785E3B72846717188B71C33839F1F7946,TEMPLATE_DHASH_HEADER_LE4_FULL_LE8_ASPECT_DELTA_LT004
322C40B36550B0F7D0049DA637513996B1C31F8F06C0B448E9EC872F4E972F4B,305D8D5FCDD8153B4D7860ABD3DA30A0DEEB2A5FE84A9E26D4CD34F6D700C59D,TEMPLATE_DHASH_HEADER_LE4_FULL_LE8_ASPECT_DELTA_LT004
333380C9957CC6E9E6EFC42F22BF224DEA5755070076AA639597896B6E673B17,00A887F58DB25495DFDE02D1BD1530CE321427ECC08F8EF1E62853BF1C219A6C,TEMPLATE_DHASH_HEADER_LE4_FULL_LE8_ASPECT_DELTA_LT004
338E5A66A292959A04447C0ECAC2E67A3C559D26B091E83BA091B09EB0A9A5DD,166F800D9EDF270B19C23DD114D9663F92A11A943FD9C0C549CABE6281F724A3,TEMPLATE_DHASH_HEADER_LE4_FULL_LE8_ASPECT_DELTA_LT004
33B95FDA5CDFC4BE5204888C87AB45239DEC0AC1ACB2370964305CE0F768245E,25906BA449000FDC416BE77ADE177F67876EE90F96C8DA7EAF7532B3DE978549,TEMPLATE_DHASH_HEADER_LE4_FULL_LE8_ASPECT_DELTA_LT004
33D3388971240E38AD8A89602AF4B8B11EBBC2272E6FDAAE1E437F7FE7260AAE,00A887F58DB25495DFDE02D1BD1530CE321427ECC08F8EF1E62853BF1C219A6C,TEMPLATE_DHASH_HEADER_LE4_FULL_LE8_ASPECT_DELTA_LT004
3494E27BFA6FF4EC7A1E28005D4F49419F2BA970B9D285C76FAD740EA341BF38,01EEBBC0B1CF90274F09A18C563F892FF0D54A246C447FCBFA3AF69E361C94D3,TEMPLATE_DHASH_HEADER_LE4_FULL_LE8_ASPECT_DELTA_LT004
34FD397015B7DCB9CE1111F8F24E1C76439E879CD7631F90AEB8F94B17559EB0,3232DDF4B4915E9F40D395AC61F63126227AC9225AA9518E6A476E614D19884E,TEMPLATE_DHASH_HEADER_LE4_FULL_LE8_ASPECT_DELTA_LT004
35036B91118820402A43C5A7AF8FEDD19F3EE0B4F5CD092F6045A38564329AA7,1F9DD0B2BF3B5C5D6D46D3091174ECB7FD8813A730E6E775358AF0ABAC13456B,TEMPLATE_DHASH_HEADER_LE4_FULL_LE8_ASPECT_DELTA_LT004
350F46F213C2653AB83900D15401209105B5455FBAB65315DC8B591F08CE62F2,1F26D49FBA99019EB261823E6F5BD97006F5CBD3D0514AC5C4FF96E5829586B7,TEMPLATE_DHASH_HEADER_LE4_FULL_LE8_ASPECT_DELTA_LT004
352F66BC7CF9951C2F9DE69F925334DF9B874980F691D7F45A7C24936BFE7846,00A887F58DB25495DFDE02D1BD1530CE321427ECC08F8EF1E62853BF1C219A6C,TEMPLATE_DHASH_HEADER_LE4_FULL_LE8_ASPECT_DELTA_LT004
35791498E9F8BC8414C7D451BEA7468B07D5413301CD1A31AE2C5382DE9A18FE,11D14380F5AB72DEA8A5310BFDF5802785E3B72846717188B71C33839F1F7946,TEMPLATE_DHASH_HEADER_LE4_FULL_LE8_ASPECT_DELTA_LT004
3587E6AB03170DE4C4D020438261A603650DFBE85C168F60E09D5A73ECF0F860,010343D4BCC6C1DB12C1129F149212B97C69C10242840BC5A303CC7B4AA87BAF,TEMPLATE_DHASH_HEADER_LE4_FULL_LE8_ASPECT_DELTA_LT004
365F308C8134893FC72DF386F207A96FDD371F37EC3055A5CF23B5198C24A70B,00A887F58DB25495DFDE02D1BD1530CE321427ECC08F8EF1E62853BF1C219A6C,TEMPLATE_DHASH_HEADER_LE4_FULL_LE8_ASPECT_DELTA_LT004
36FC5A7B06DEF71BCE1C253544E436268CDF471309A124CAAFA87525DC567967,010343D4BCC6C1DB12C1129F149212B97C69C10242840BC5A303CC7B4AA87BAF,TEMPLATE_DHASH_HEADER_LE4_FULL_LE8_ASPECT_DELTA_LT004
37346AA5BE6C72C4AC91E827A627194B4DE69914C851502B5823969191488907,010343D4BCC6C1DB12C1129F149212B97C69C10242840BC5A303CC7B4AA87BAF,TEMPLATE_DHASH_HEADER_LE4_FULL_LE8_ASPECT_DELTA_LT004
3765EF04A08EF343D7BA682872B73AB2DCF411C869827A9BD7424C24F97843AD,04644AFCA0FD83E0BA9F4699895C76D10FBDBA2FE57B9695DC20E8D7B05F23B9,TEMPLATE_DHASH_HEADER_LE4_FULL_LE8_ASPECT_DELTA_LT004
37A6D0A94246F3409B849117E8EBB1FB5C8C646076FAB878C3986C916D78CA50,010343D4BCC6C1DB12C1129F149212B97C69C10242840BC5A303CC7B4AA87BAF,TEMPLATE_DHASH_HEADER_LE4_FULL_LE8_ASPECT_DELTA_LT004
3824396E5D8165E597CA9EE48CA3FEA3B3B4C431CAC43BF725CB3BCFD5F5CFAF,18328B3DA1884B52C6326DF5F1BC3410181A90AC55A53F56FD8C6784C1210128,TEMPLATE_DHASH_HEADER_LE4_FULL_LE8_ASPECT_DELTA_LT004
3834409B59C9A290C26E9267C39A01D27D92856349DB019AB59C7BCAFDA3B75C,00A887F58DB25495DFDE02D1BD1530CE321427ECC08F8EF1E62853BF1C219A6C,TEMPLATE_DHASH_HEADER_LE4_FULL_LE8_ASPECT_DELTA_LT004
383DE8754A9EBB07BD9EB72DB9800FFB5803C8E11BFB3BC0AAEB9C79AE193FD8,02656E7BEACD36FF1D29B09DB3B935C87A2031DBB0AC01CB7FB6EF3190A013A9,TEMPLATE_DHASH_HEADER_LE4_FULL_LE8_ASPECT_DELTA_LT004
3959DC8DDC555027B604CAB5E54E1D05BE4D0005114FC1D9D1A12DF5024BE8FA,010343D4BCC6C1DB12C1129F149212B97C69C10242840BC5A303CC7B4AA87BAF,TEMPLATE_DHASH_HEADER_LE4_FULL_LE8_ASPECT_DELTA_LT004
39923AD2ED799B35E3F8AA1399A3B752C18AD1665B48AE30286BF2435BE28587,00666E481475A66BFB08CB4FB0F53BBCFB65BF7046310458AF1948A59829CBB3,TEMPLATE_DHASH_HEADER_LE4_FULL_LE8_ASPECT_DELTA_LT004
39ACAC8085438EB269E25425B0C11230A2ECAF466A4A2D16FF1143DCB1CB8207,2B7ED7004CB4A5A4A65923E06D0D449A472E6A175B3B37DB857A5CD2766924EC,TEMPLATE_DHASH_HEADER_LE4_FULL_LE8_ASPECT_DELTA_LT004
3A35BCF0925F1C86CC9EB96CBFEE45AA41D851EF05409D6911769B904C4687EA,0BE39898903E624AD3D7957D864B44D6D84B895CE4C0B29042FB99AD5B6A2CFA,TEMPLATE_DHASH_HEADER_LE4_FULL_LE8_ASPECT_DELTA_LT004
3A5D7B9BDFF059269E267778DD09F8B1D4B32743E551758513DE4D39E3B73265,01EEBBC0B1CF90274F09A18C563F892FF0D54A246C447FCBFA3AF69E361C94D3,TEMPLATE_DHASH_HEADER_LE4_FULL_LE8_ASPECT_DELTA_LT004
3AF3921E63B0A2C3534F37D086A256E0DB234544239E4CC0DBC187D6032CB85A,01EEBBC0B1CF90274F09A18C563F892FF0D54A246C447FCBFA3AF69E361C94D3,TEMPLATE_DHASH_HEADER_LE4_FULL_LE8_ASPECT_DELTA_LT004
3AFB2CE63233BD208F616BCA0151C49963AEBE6E6790383E5EDDE99C80320D70,0AFAE9C55C04A213F0388C634CABAEEA4C9A02686A7B1F8D6CAEF6585DCD3498,TEMPLATE_DHASH_HEADER_LE4_FULL_LE8_ASPECT_DELTA_LT004
3B09513F4698AB526157E3D33D6A791550FE255BF5C0DF6E5571073411B71FEA,0BE39898903E624AD3D7957D864B44D6D84B895CE4C0B29042FB99AD5B6A2CFA,TEMPLATE_DHASH_HEADER_LE4_FULL_LE8_ASPECT_DELTA_LT004
3B3B2B7D2CD031EE37963465FA692B212B53D70F89D1BF8E20ACA17B0730AC3C,010343D4BCC6C1DB12C1129F149212B97C69C10242840BC5A303CC7B4AA87BAF,TEMPLATE_DHASH_HEADER_LE4_FULL_LE8_ASPECT_DELTA_LT004
3B58AAEBE704B77164E221693C2D296A4476F9D75BE9585F0A2643A003D476A6,1D13477161B6EB6F50A6EBAFE735A74D351D55222F26B460197C1D95EE5798A5,TEMPLATE_DHASH_HEADER_LE4_FULL_LE8_ASPECT_DELTA_LT004
3B65E6820366B3DBEB321D2413EE1065ED029B71CE30AB20093BAA8A2659EF02,062D404B15F77BA8C0EABD59CB6BF2C7D319E561D80F744178F01EB08514EDCC,TEMPLATE_DHASH_HEADER_LE4_FULL_LE8_ASPECT_DELTA_LT004
3B860B6593D1AEBC8F03506526A6AE696D13B315A1D192D7A0F847BFA42B4968,00A887F58DB25495DFDE02D1BD1530CE321427ECC08F8EF1E62853BF1C219A6C,TEMPLATE_DHASH_HEADER_LE4_FULL_LE8_ASPECT_DELTA_LT004
3BA58BA10753F4E30A6CAF83DFE35249D2FBB5E80A9693D275BD1432780CE2C6,08D4415DD3DD5F35A1D0E2243FE7197C8894DC3F408F5C6241D2C12EA5EF3144,TEMPLATE_DHASH_HEADER_LE4_FULL_LE8_ASPECT_DELTA_LT004
3BDB07DE2B4E3291CF884D0419933E905F79C6308B832D1062A765F933BE2EA4,010343D4BCC6C1DB12C1129F149212B97C69C10242840BC5A303CC7B4AA87BAF,TEMPLATE_DHASH_HEADER_LE4_FULL_LE8_ASPECT_DELTA_LT004
3C07D634D9BF89F4C150A24582F2B4DCD64DD5167C90EEC00F74F9C1FEB0C46E,092FC946D76F08809B4F70D8392FAD226E023A06ADE2E2D83DB28C2843BED2F2,TEMPLATE_DHASH_HEADER_LE4_FULL_LE8_ASPECT_DELTA_LT004
3C08823B6BEB2AC058AE85C93E20880C1789256E78F5819F739BEFBEF32C12B1,010343D4BCC6C1DB12C1129F149212B97C69C10242840BC5A303CC7B4AA87BAF,TEMPLATE_DHASH_HEADER_LE4_FULL_LE8_ASPECT_DELTA_LT004
3C35B4CCA59C5BC90D41F89C5C8464342B8B3192AD97B1FC02C931F095D37EFD,02656E7BEACD36FF1D29B09DB3B935C87A2031DBB0AC01CB7FB6EF3190A013A9,TEMPLATE_DHASH_HEADER_LE4_FULL_LE8_ASPECT_DELTA_LT004
3CB56665C03B7DBEE10612C491C06940310FA1CAA12F5E60EB11EC8FDBFB658C,010343D4BCC6C1DB12C1129F149212B97C69C10242840BC5A303CC7B4AA87BAF,TEMPLATE_DHASH_HEADER_LE4_FULL_LE8_ASPECT_DELTA_LT004
3DA116906DC6BF9DEEA58E0EF033210A4FB68DE535200F99EADFA702389249A7,00A887F58DB25495DFDE02D1BD1530CE321427ECC08F8EF1E62853BF1C219A6C,TEMPLATE_DHASH_HEADER_LE4_FULL_LE8_ASPECT_DELTA_LT004
3DF571E507FAC34246B4923D4E478BE27704DB6E0C6AB2398DB4715F69FC104F,14A75A878D1C46176EA9AB48865A6D723CE20D76A39D0BAAD77767EAD1EC2DD1,TEMPLATE_DHASH_HEADER_LE4_FULL_LE8_ASPECT_DELTA_LT004
3DF571E507FAC34246B4923D4E478BE27704DB6E0C6AB2398DB4715F69FC104F,305D8D5FCDD8153B4D7860ABD3DA30A0DEEB2A5FE84A9E26D4CD34F6D700C59D,TEMPLATE_DHASH_HEADER_LE4_FULL_LE8_ASPECT_DELTA_LT004
3E26FF29921BE0E949C64C6A91E7FE7891CC8DFC1578115057A26CA96F7EBD0D,0B618A6161AB2BAED66462912C6D26350205C67C99F3F906BBD85B847C4C359C,TEMPLATE_DHASH_HEADER_LE4_FULL_LE8_ASPECT_DELTA_LT004
3E45522CFD9F62F767CE2150A4069F6390FBC22546B2B001FED1E107889FA8CB,010343D4BCC6C1DB12C1129F149212B97C69C10242840BC5A303CC7B4AA87BAF,TEMPLATE_DHASH_HEADER_LE4_FULL_LE8_ASPECT_DELTA_LT004
3EA186C4B49837C7FB05EAE4437DC86DC30D1BE2F504C0427A8587CEB8991904,010343D4BCC6C1DB12C1129F149212B97C69C10242840BC5A303CC7B4AA87BAF,TEMPLATE_DHASH_HEADER_LE4_FULL_LE8_ASPECT_DELTA_LT004
3EDF480C2549EFD6E0CBDB20BB4FC494A704DF9543460AAB84AB099C33CA0448,010343D4BCC6C1DB12C1129F149212B97C69C10242840BC5A303CC7B4AA87BAF,TEMPLATE_DHASH_HEADER_LE4_FULL_LE8_ASPECT_DELTA_LT004
3F5F5DBC90453C5A84803CDEAB6B560255B52986DB837EF17718BF92FC61B994,01EEBBC0B1CF90274F09A18C563F892FF0D54A246C447FCBFA3AF69E361C94D3,TEMPLATE_DHASH_HEADER_LE4_FULL_LE8_ASPECT_DELTA_LT004
3F9FB559E8BC9E77AAB8CF090FBF8AC35299259BD3975DA5622A81A7D7363730,00A887F58DB25495DFDE02D1BD1530CE321427ECC08F8EF1E62853BF1C219A6C,TEMPLATE_DHASH_HEADER_LE4_FULL_LE8_ASPECT_DELTA_LT004
40782E90EF062F83204C5F8DCD8019913D1EC2F33C93E0ADD4045BF47433CA0B,0BE39898903E624AD3D7957D864B44D6D84B895CE4C0B29042FB99AD5B6A2CFA,TEMPLATE_DHASH_HEADER_LE4_FULL_LE8_ASPECT_DELTA_LT004
40F8B0E88097C8C50C413B854686104427E1642BBC1D4063A25647E0B86ABC97,06D133DEC7E848E3CE560BBE8A8F305EB2CFA072344435DECFBC4AABF2C89A47,TEMPLATE_DHASH_HEADER_LE4_FULL_LE8_ASPECT_DELTA_LT004
4163E743E2FA7C2CD9859CCDD46B04043AFBB1E94B572FD1C70445335FD25920,0BE39898903E624AD3D7957D864B44D6D84B895CE4C0B29042FB99AD5B6A2CFA,TEMPLATE_DHASH_HEADER_LE4_FULL_LE8_ASPECT_DELTA_LT004
41AEB96DBA1C14EFF3D08816B26277FCEC0EB92C66D95059DD65470E88A0A4D1,1A94D10FAD4A3B2AAAA3E3A02F2F963B295A6BFFFD9A535B339D7390DEAFC82B,TEMPLATE_DHASH_HEADER_LE4_FULL_LE8_ASPECT_DELTA_LT004
41E235FFF0768A0E226B7442B231B9E3EDF721785B5DCBD3E02D90CE677EE006,010343D4BCC6C1DB12C1129F149212B97C69C10242840BC5A303CC7B4AA87BAF,TEMPLATE_DHASH_HEADER_LE4_FULL_LE8_ASPECT_DELTA_LT004
41FA873A1F07397324194D528955075ABA1D624A6B9FC0141D8DF96C9FDC382B,00A887F58DB25495DFDE02D1BD1530CE321427ECC08F8EF1E62853BF1C219A6C,TEMPLATE_DHASH_HEADER_LE4_FULL_LE8_ASPECT_DELTA_LT004
4224FC815F99DF93C9DE4D1D80F2E73762C61D7381BE75757A97E6F123EBA25F,0990D2942702442C2BAFC4B137B74346C4F7BEC3364E39EE95DACE83104DDD74,TEMPLATE_DHASH_HEADER_LE4_FULL_LE8_ASPECT_DELTA_LT004
422D3FAB3F85F96C2E7A80FE31CFC85F8877D9E4AE6EACF7CF0AB95390D04131,010343D4BCC6C1DB12C1129F149212B97C69C10242840BC5A303CC7B4AA87BAF,TEMPLATE_DHASH_HEADER_LE4_FULL_LE8_ASPECT_DELTA_LT004
426CABFB27B1E9DC7B0AAF9A744E25706C9B8777EBED5BD036FD1595F45510A4,00A887F58DB25495DFDE02D1BD1530CE321427ECC08F8EF1E62853BF1C219A6C,TEMPLATE_DHASH_HEADER_LE4_FULL_LE8_ASPECT_DELTA_LT004
429ED2A776386C5D8E87C33F6A624FBF60404AAAA4CC2FC712CF9E7EA4A8C2C2,3824396E5D8165E597CA9EE48CA3FEA3B3B4C431CAC43BF725CB3BCFD5F5CFAF,TEMPLATE_DHASH_HEADER_LE4_FULL_LE8_ASPECT_DELTA_LT004
431F56F328D7ACC22FCD92975A61219F35A2F545F85FC5B895F1039D6429E614,010343D4BCC6C1DB12C1129F149212B97C69C10242840BC5A303CC7B4AA87BAF,TEMPLATE_DHASH_HEADER_LE4_FULL_LE8_ASPECT_DELTA_LT004
43793A2A180FDCA5D268FAC15C65C7B3B8E880217A1116A449C2CD24AFBAC2A6,305D8D5FCDD8153B4D7860ABD3DA30A0DEEB2A5FE84A9E26D4CD34F6D700C59D,TEMPLATE_DHASH_HEADER_LE4_FULL_LE8_ASPECT_DELTA_LT004
439833AEF8D7B0259CAF9B303A64725314A132FE233FCA975B85432811D08B16,00A887F58DB25495DFDE02D1BD1530CE321427ECC08F8EF1E62853BF1C219A6C,TEMPLATE_DHASH_HEADER_LE4_FULL_LE8_ASPECT_DELTA_LT004
439A22F01718067EC1EB41D23A7F8DE0A5E4BC6EA6046C74A2E669B49046FFB8,00A887F58DB25495DFDE02D1BD1530CE321427ECC08F8EF1E62853BF1C219A6C,TEMPLATE_DHASH_HEADER_LE4_FULL_LE8_ASPECT_DELTA_LT004
43B0D7CEC8095B14EFAF767BAE3B13B1B021D4DFCA5B67941729F1646C56B231,0E59ECEE0811775B658ABF3523447BC951EF3274CABA4824DD8F62DCF64917F8,TEMPLATE_DHASH_HEADER_LE4_FULL_LE8_ASPECT_DELTA_LT004
43D5262E76B0F6F8E069233F95062256C5EA6BAF3EF70575CCC77136CB1AFC7E,33B95FDA5CDFC4BE5204888C87AB45239DEC0AC1ACB2370964305CE0F768245E,TEMPLATE_DHASH_HEADER_LE4_FULL_LE8_ASPECT_DELTA_LT004
43D5262E76B0F6F8E069233F95062256C5EA6BAF3EF70575CCC77136CB1AFC7E,3B53A04C13E5943D49C91233DD964AC2F017008C05D24D029268E5512BE9386E,TEMPLATE_DHASH_HEADER_LE4_FULL_LE8_ASPECT_DELTA_LT004
4424511569822AF5CA87C141E0D96E7F6D9B120538996A44895E5460458AA89F,04644AFCA0FD83E0BA9F4699895C76D10FBDBA2FE57B9695DC20E8D7B05F23B9,TEMPLATE_DHASH_HEADER_LE4_FULL_LE8_ASPECT_DELTA_LT004
44336BFC12CA0A5E9F5243129B67CF8CF861EA319E51DBDB1B4CAF0E6F7DACE1,01CD21BA921CF3E5B71026D0B35F0455C59E2D2B5B1FCC67BBF6E18173662A57,TEMPLATE_DHASH_HEADER_LE4_FULL_LE8_ASPECT_DELTA_LT004
44420C26D2C5A84C4691FE97D9DA110124E0E7BECA630F9B61F70AB46855DD8C,01B4C3B905B65F5026EE091453D00254A2A5D4EC46E657D0CF0B43DCB3585899,TEMPLATE_DHASH_HEADER_LE4_FULL_LE8_ASPECT_DELTA_LT004
445F236D5DF1DB523BE024A9361FA86082D6C7786733EF929A486998AF69D014,06A69148F4DA1D7AED723E4EFD8016E4BF83803969862E721D1E7269E9FB7641,TEMPLATE_DHASH_HEADER_LE4_FULL_LE8_ASPECT_DELTA_LT004
446E0501DAAA8C0D2C03D8A2264B06451F4B3EFA0B5D3E22D20EB5C0FA84A76F,05C329DF72080120239DE88AA85E91D6F089D1DAA1A7F59B8E53C60752CF1D47,TEMPLATE_DHASH_HEADER_LE4_FULL_LE8_ASPECT_DELTA_LT004
4495EDC17CFD460834C0F842FC7760393B774EEC257B27E818B723920946EEEC,010343D4BCC6C1DB12C1129F149212B97C69C10242840BC5A303CC7B4AA87BAF,TEMPLATE_DHASH_HEADER_LE4_FULL_LE8_ASPECT_DELTA_LT004
44D17B670732D2F7908D719E8A43E71C8BC82036A0AD5F5FD8D8E31BF74A3FC7,00A887F58DB25495DFDE02D1BD1530CE321427ECC08F8EF1E62853BF1C219A6C,TEMPLATE_DHASH_HEADER_LE4_FULL_LE8_ASPECT_DELTA_LT004
44D9E78779065F9F9E875CFBAC32B9059FC9EE29860F35DC5F0CCA8E73D4436C,1A94D10FAD4A3B2AAAA3E3A02F2F963B295A6BFFFD9A535B339D7390DEAFC82B,TEMPLATE_DHASH_HEADER_LE4_FULL_LE8_ASPECT_DELTA_LT004
44E978F3140D99BF9D6186C62C891C79B97EED06DBC095CFB155D1D22F8457F6,0364B3022336297D63A30D703615CB3CC76DF8649C864FC2E6DC9CC55D955996,TEMPLATE_DHASH_HEADER_LE4_FULL_LE8_ASPECT_DELTA_LT004
458E7FC3ABCF1C43FC4069A9F45E36DB1ED09317C6648F4C58F29BEB4B6DAFEC,01EEBBC0B1CF90274F09A18C563F892FF0D54A246C447FCBFA3AF69E361C94D3,TEMPLATE_DHASH_HEADER_LE4_FULL_LE8_ASPECT_DELTA_LT004
45E4B1C971479A31B8A3E5151E675BCD49996D24091AFA0D6D903D28AE654029,030110C4EECAD8AD99A6AD1A53873B11A63BAD1F04245E5725E05682FCC5D4AA,TEMPLATE_DHASH_HEADER_LE4_FULL_LE8_ASPECT_DELTA_LT004
46412C582EC68E60285EC0E79A140A0A20C9BCB1CEDB73F930B2F903E19A12CA,01EEBBC0B1CF90274F09A18C563F892FF0D54A246C447FCBFA3AF69E361C94D3,TEMPLATE_DHASH_HEADER_LE4_FULL_LE8_ASPECT_DELTA_LT004
46513DC8EF40B3D70818DC5BDF3F2718F2639EF4146157CD7372B6C941840A70,14C5AE52A8EEAFEEFC07064F3CA220CF3FF2275CC59888BA114642668962F978,TEMPLATE_DHASH_HEADER_LE4_FULL_LE8_ASPECT_DELTA_LT004
4748FFCF51EE67AB048FD8858D1D91BD50E1047375DD4FA884E05A31A825D374,00A887F58DB25495DFDE02D1BD1530CE321427ECC08F8EF1E62853BF1C219A6C,TEMPLATE_DHASH_HEADER_LE4_FULL_LE8_ASPECT_DELTA_LT004
47F349058901A6672857945C6D64DA7C5FA306A695E591409BD3F4BB6D2AB493,0C7925D145798B93A239B694B566BDABF9C25A810391C7A3C1A06180F8BD0624,TEMPLATE_DHASH_HEADER_LE4_FULL_LE8_ASPECT_DELTA_LT004
482FE95EC69B26D675ECCC8CAD33E1F65629851E9FE52FAE21311797A3F14305,1F6BE1B36C93128E6A23A08F969662219FCDD157D6A9C688764E6E854930C6F1,TEMPLATE_DHASH_HEADER_LE4_FULL_LE8_ASPECT_DELTA_LT004
487BE95CE2B74C076DB9B750906366F1BA20735F5EBD37547F018951FD75A2F6,030110C4EECAD8AD99A6AD1A53873B11A63BAD1F04245E5725E05682FCC5D4AA,TEMPLATE_DHASH_HEADER_LE4_FULL_LE8_ASPECT_DELTA_LT004
48A15CDA72B11D1EEFEA64DC1FD8E662BE4B281ED8292B1DD2AC9FE31A601F59,029212DC679C033902FE2CC264F3CAB6C223BB8366CB0FE8E61BF5329E85FACE,TEMPLATE_DHASH_HEADER_LE4_FULL_LE8_ASPECT_DELTA_LT004
48AC52028A89D90D654B7FABB780647E0C091747E30BC2414C3E09A5753571A4,1DF754038CF62791F78205C162ECEEA88ACDA591250FC94F39B1C9B1352650BB,TEMPLATE_DHASH_HEADER_LE4_FULL_LE8_ASPECT_DELTA_LT004
48CAE4F75B61624432A182135E7A304CE3D8308B2CA21033E0327368290C07D6,010343D4BCC6C1DB12C1129F149212B97C69C10242840BC5A303CC7B4AA87BAF,TEMPLATE_DHASH_HEADER_LE4_FULL_LE8_ASPECT_DELTA_LT004
4930E9734A794BC4F0752CC3CEAEF60D72C0E1DDEDB23DFDC766CC02FE89712D,00A887F58DB25495DFDE02D1BD1530CE321427ECC08F8EF1E62853BF1C219A6C,TEMPLATE_DHASH_HEADER_LE4_FULL_LE8_ASPECT_DELTA_LT004
4948D0FA0F95989E86BF9A7946E176DB7A1C64E48302AE1125CAAF7C09B9BC44,02656E7BEACD36FF1D29B09DB3B935C87A2031DBB0AC01CB7FB6EF3190A013A9,TEMPLATE_DHASH_HEADER_LE4_FULL_LE8_ASPECT_DELTA_LT004
49AAE2D8D5826364B7C42B76AC987D080A47C6BDA17C7F7B32E6233FF452180F,1F26D49FBA99019EB261823E6F5BD97006F5CBD3D0514AC5C4FF96E5829586B7,TEMPLATE_DHASH_HEADER_LE4_FULL_LE8_ASPECT_DELTA_LT004
49ECAF7C70EC6A54728D8C4A2DC9FFD424F1690EC375E1F99838F91077835313,010343D4BCC6C1DB12C1129F149212B97C69C10242840BC5A303CC7B4AA87BAF,TEMPLATE_DHASH_HEADER_LE4_FULL_LE8_ASPECT_DELTA_LT004
49FDA5198B54793806B0C74BE9E1E67D17DBE8E5D8627FC67439E4122958A15C,169353E3142E56941120B753DAE9B0E5A3527AE78A7B064582040B1D7E98FB61,TEMPLATE_DHASH_HEADER_LE4_FULL_LE8_ASPECT_DELTA_LT004
4A0FDE3116124B33DEE99C856BDE9A889F4BE8AB9833A0DE27F16AD629C34A57,00A887F58DB25495DFDE02D1BD1530CE321427ECC08F8EF1E62853BF1C219A6C,TEMPLATE_DHASH_HEADER_LE4_FULL_LE8_ASPECT_DELTA_LT004
4A5BD76C0378CC13621238F7F2581406BF864B1E74D7AC0119456CCBE7CE5DE1,00A887F58DB25495DFDE02D1BD1530CE321427ECC08F8EF1E62853BF1C219A6C,TEMPLATE_DHASH_HEADER_LE4_FULL_LE8_ASPECT_DELTA_LT004
4ABBCD0BF700A718BFBEF1383B80C543F01B890D7340660A17CCFAF33905641D,239BC30DB9260C6A5A365B595D11D3D601BD2A7FDDBFBBC6942F5C5B8DD2C39D,TEMPLATE_DHASH_HEADER_LE4_FULL_LE8_ASPECT_DELTA_LT004
4AD486E9FF3BB40BAD661248D2947CBC41D0BF02681C772BB88045B83C2DFA65,00A887F58DB25495DFDE02D1BD1530CE321427ECC08F8EF1E62853BF1C219A6C,TEMPLATE_DHASH_HEADER_LE4_FULL_LE8_ASPECT_DELTA_LT004
4AF19DD5F7D4C2E6FC2F1935C54AEE6B5C6F4606CB7FE0F736D1EABF6B7D19A2,029212DC679C033902FE2CC264F3CAB6C223BB8366CB0FE8E61BF5329E85FACE,TEMPLATE_DHASH_HEADER_LE4_FULL_LE8_ASPECT_DELTA_LT004
4B94E6B110CAB58547EB45BF9744C8773EBD6AEFEE79352BA74C4625125534EC,305D8D5FCDD8153B4D7860ABD3DA30A0DEEB2A5FE84A9E26D4CD34F6D700C59D,TEMPLATE_DHASH_HEADER_LE4_FULL_LE8_ASPECT_DELTA_LT004
4C22FB92DF5A4A145CDC9D5019E57BA5ED4E4827FF694366D6B0944C4318F5AF,15926288C19E4044088E6417ACB087ECBBE63143BD28306C232EE3218D138E82,TEMPLATE_DHASH_HEADER_LE4_FULL_LE8_ASPECT_DELTA_LT004
4C321C21F6889F727A0043604487D513727F48B309DAC56F0B8A2256234B049B,12B4F8A879EF86D8F1B1F542753A5C0F1CA0BC63E0BD9E86DE53E1AAB2B75D6F,TEMPLATE_DHASH_HEADER_LE4_FULL_LE8_ASPECT_DELTA_LT004
4C411CF48623280119E0ED769E084B7CEBD8DCAB71779167D6010F853B29C0A7,27BB3486888A0FD9EB49AB34CCAD8DC64D9DBA4526BE1905FC3E4033AB10E4EA,TEMPLATE_DHASH_HEADER_LE4_FULL_LE8_ASPECT_DELTA_LT004
4C411CF48623280119E0ED769E084B7CEBD8DCAB71779167D6010F853B29C0A7,2FF2E066C974DC58D1F1E6778660C08F00D4A488FBF067E0C9C7B7FF7B694FD9,TEMPLATE_DHASH_HEADER_LE4_FULL_LE8_ASPECT_DELTA_LT004
4C6685A365CC99C51CBC8FE312A2F0063C627408D4702A1EAC4CEED67A7C4013,010343D4BCC6C1DB12C1129F149212B97C69C10242840BC5A303CC7B4AA87BAF,TEMPLATE_DHASH_HEADER_LE4_FULL_LE8_ASPECT_DELTA_LT004
4C6BB600F039C52142DBE8128A7FD69A7D65E92612AE30CA9125B97C47207C0E,010343D4BCC6C1DB12C1129F149212B97C69C10242840BC5A303CC7B4AA87BAF,TEMPLATE_DHASH_HEADER_LE4_FULL_LE8_ASPECT_DELTA_LT004
4CBD8565AB9DE2F036EA68E8FF90D5CB3E21EBCEAC9D7267A7F5B8AC9765BE88,045C94F468347D76A752B35C9E1104694E4AD501AE20C72D76DEF8E399357D50,TEMPLATE_DHASH_HEADER_LE4_FULL_LE8_ASPECT_DELTA_LT004
4CDDDFC9A384C484949A48EFFD1B4BA7D55D2CCE62D6324373F64F972C6E007B,0AFAE9C55C04A213F0388C634CABAEEA4C9A02686A7B1F8D6CAEF6585DCD3498,TEMPLATE_DHASH_HEADER_LE4_FULL_LE8_ASPECT_DELTA_LT004
4CF4FCAB242089EAB32F977B4F3B3B28227D177A6D52A8BD5830CF1372B00F7D,00A887F58DB25495DFDE02D1BD1530CE321427ECC08F8EF1E62853BF1C219A6C,TEMPLATE_DHASH_HEADER_LE4_FULL_LE8_ASPECT_DELTA_LT004
4CFD7B823A43598446A87CE6919967010EA3D50D1E3E2E5C3BDE7A49D963BC79,15A026D2938AFB432CF119015772179FEC95B6CFBE1173DF47FCCC7DAD8EC61C,TEMPLATE_DHASH_HEADER_LE4_FULL_LE8_ASPECT_DELTA_LT004
4D1F0EACC2E4513F3BE62918FE60325D100DBE5E2351203A9AF9412468D922EF,010343D4BCC6C1DB12C1129F149212B97C69C10242840BC5A303CC7B4AA87BAF,TEMPLATE_DHASH_HEADER_LE4_FULL_LE8_ASPECT_DELTA_LT004
4DDB265CC5BC70A777E239F345E9DCEB472B0E07A36A97CB747C814966721628,45423B64B6534B7466BB3D12871E57950B3423157843BC88BACA040D2E333D3B,TEMPLATE_DHASH_HEADER_LE4_FULL_LE8_ASPECT_DELTA_LT004
4DE7E2A50CB83BC5CE43B657D5D7F3FF84FD8951D76309BBA21FC3D90B1B93E7,01EEBBC0B1CF90274F09A18C563F892FF0D54A246C447FCBFA3AF69E361C94D3,TEMPLATE_DHASH_HEADER_LE4_FULL_LE8_ASPECT_DELTA_LT004
4E00CF86272C09321C1BB8FE8A44928B3A1ABA1969419EA778A8DBBABD64496B,08D4415DD3DD5F35A1D0E2243FE7197C8894DC3F408F5C6241D2C12EA5EF3144,TEMPLATE_DHASH_HEADER_LE4_FULL_LE8_ASPECT_DELTA_LT004
4E0D8880FA2317B1B33E840BFA6C3266FEA612990B3E8899F353E9E83C8D5A22,1F1946F209640E1E5690363F1F7983E92D582C609A65653B72FCDC3E6D501EC9,TEMPLATE_DHASH_HEADER_LE4_FULL_LE8_ASPECT_DELTA_LT004
4E33D7813CA0F52F9DAE7B205F156726A26623776BB62C8AB3469BD927E0CA7A,22672F8A78F1673F9C86E8AF6C0F74C68CE69F6A47D30B59631ADDF0538252D0,TEMPLATE_DHASH_HEADER_LE4_FULL_LE8_ASPECT_DELTA_LT004
4E33D7813CA0F52F9DAE7B205F156726A26623776BB62C8AB3469BD927E0CA7A,43D5262E76B0F6F8E069233F95062256C5EA6BAF3EF70575CCC77136CB1AFC7E,TEMPLATE_DHASH_HEADER_LE4_FULL_LE8_ASPECT_DELTA_LT004
4E8F4CA3EA141FAB06A975375BF62091FFD9A0454831F126789FA50E5E950074,00A887F58DB25495DFDE02D1BD1530CE321427ECC08F8EF1E62853BF1C219A6C,TEMPLATE_DHASH_HEADER_LE4_FULL_LE8_ASPECT_DELTA_LT004
4E9F15B4C33721C89298B000715112F6B568AC53394F7D5855B7B34947214EBF,0E59ECEE0811775B658ABF3523447BC951EF3274CABA4824DD8F62DCF64917F8,TEMPLATE_DHASH_HEADER_LE4_FULL_LE8_ASPECT_DELTA_LT004
4F5674A155962270E0A47202B86D24C3113450BA84B5B05D77217E9D564EDB26,01EEBBC0B1CF90274F09A18C563F892FF0D54A246C447FCBFA3AF69E361C94D3,TEMPLATE_DHASH_HEADER_LE4_FULL_LE8_ASPECT_DELTA_LT004
4F62E8444D509E2CFE12025568E326EE4E114C92C0D564C1B034873B5CF1EEAE,01ED02257A77AEFC1104AC4A1B19B452BE5C85A8BA6756441FB9C4C6ADEF52BF,TEMPLATE_DHASH_HEADER_LE4_FULL_LE8_ASPECT_DELTA_LT004
4FE91650CFDCB809A2708879FA18B112475B76ADB1D197A93FA447D1B3787739,00666E481475A66BFB08CB4FB0F53BBCFB65BF7046310458AF1948A59829CBB3,TEMPLATE_DHASH_HEADER_LE4_FULL_LE8_ASPECT_DELTA_LT004
509D871731148417556D32403084C3A1F025B39F25D1E3576596145B118275F3,010343D4BCC6C1DB12C1129F149212B97C69C10242840BC5A303CC7B4AA87BAF,TEMPLATE_DHASH_HEADER_LE4_FULL_LE8_ASPECT_DELTA_LT004
50D96378669106B3E5291C540DCC10D3AFA5A05A854B27FC4E0B999DBEC25F8E,0BABB116472EB0B8842D82C416C5828FCE82EBA4425A6F4273AFCCD58C9574F3,TEMPLATE_DHASH_HEADER_LE4_FULL_LE8_ASPECT_DELTA_LT004
50D96378669106B3E5291C540DCC10D3AFA5A05A854B27FC4E0B999DBEC25F8E,20A30651DE2F4DB805033069978229C44DC690978FE944BD98DF3407060581A7,TEMPLATE_DHASH_HEADER_LE4_FULL_LE8_ASPECT_DELTA_LT004
50FF892A28001920806C422056CC39971F50196EE55B1B9143DEBB18CEDE61C2,010343D4BCC6C1DB12C1129F149212B97C69C10242840BC5A303CC7B4AA87BAF,TEMPLATE_DHASH_HEADER_LE4_FULL_LE8_ASPECT_DELTA_LT004
511FE4E1C704287DB9F2E30D584E076198E4B9C85ED275F7724E0FCED6E83331,04644AFCA0FD83E0BA9F4699895C76D10FBDBA2FE57B9695DC20E8D7B05F23B9,TEMPLATE_DHASH_HEADER_LE4_FULL_LE8_ASPECT_DELTA_LT004
513C115499B51E28C587938A3051BD1EB0700DDD11B3418FAEB514A153BD217E,0BE39898903E624AD3D7957D864B44D6D84B895CE4C0B29042FB99AD5B6A2CFA,TEMPLATE_DHASH_HEADER_LE4_FULL_LE8_ASPECT_DELTA_LT004
5176E5C03A0FE88311E155B40D3A64F18D832AD1C34B7BFA168B0BA443EAA0EF,45F5B247A5364DD64478D657C6C312B930AFC35DA0F4A3692FCA89ABFF12D923,TEMPLATE_DHASH_HEADER_LE4_FULL_LE8_ASPECT_DELTA_LT004
51D9CA9CA591270CF71094784E8FB45FB6BB2B3ACC2C64EACDE6BB39C246D4C2,010343D4BCC6C1DB12C1129F149212B97C69C10242840BC5A303CC7B4AA87BAF,TEMPLATE_DHASH_HEADER_LE4_FULL_LE8_ASPECT_DELTA_LT004
5228AFAF75E3D032EEB4BA4FEF716C026473A7151880A8A0186BC53EF71EE423,000441157BAD395A94250C60F40EB1F8926789D876B4B05AD40F95BE1EAA936F,TEMPLATE_DHASH_HEADER_LE4_FULL_LE8_ASPECT_DELTA_LT004
5243027656B07B38EBE681545510F2C1F2554AC2E01FE4CE22A9CB9602D8657F,00A887F58DB25495DFDE02D1BD1530CE321427ECC08F8EF1E62853BF1C219A6C,TEMPLATE_DHASH_HEADER_LE4_FULL_LE8_ASPECT_DELTA_LT004
52872BDC59D9284A7ACD25662EAC1A3A099D7A1403FF43AF4576EEE6443F77F6,0433389975EC3550CE85ABFB0C93FCD6D66B39F406A635F2A1B7ECFDAD2ACEE3,TEMPLATE_DHASH_HEADER_LE4_FULL_LE8_ASPECT_DELTA_LT004
52B6FD2C8B46284ADBC2445204780085D2F07A264912814E6F22687C3A3E9970,02656E7BEACD36FF1D29B09DB3B935C87A2031DBB0AC01CB7FB6EF3190A013A9,TEMPLATE_DHASH_HEADER_LE4_FULL_LE8_ASPECT_DELTA_LT004
52CCD771F1911ECFFC3F1605E0522AB1E869C5B268A9D3CCCF8F3DF6B9CDD5E3,01EEBBC0B1CF90274F09A18C563F892FF0D54A246C447FCBFA3AF69E361C94D3,TEMPLATE_DHASH_HEADER_LE4_FULL_LE8_ASPECT_DELTA_LT004
52E922C058F9D3030136B8C7C0BB684472A3233AB328DB8701C8122B129FE307,00A887F58DB25495DFDE02D1BD1530CE321427ECC08F8EF1E62853BF1C219A6C,TEMPLATE_DHASH_HEADER_LE4_FULL_LE8_ASPECT_DELTA_LT004
53B927FC9DF965E28134461A652CAC7278A89215D38D19A93BE5535A44D0D4FC,01B4C3B905B65F5026EE091453D00254A2A5D4EC46E657D0CF0B43DCB3585899,TEMPLATE_DHASH_HEADER_LE4_FULL_LE8_ASPECT_DELTA_LT004
53CF129FB285C10306585C4D401463DB0CD045CD0DC8A0FF1B487FBBC4A1AFC5,029212DC679C033902FE2CC264F3CAB6C223BB8366CB0FE8E61BF5329E85FACE,TEMPLATE_DHASH_HEADER_LE4_FULL_LE8_ASPECT_DELTA_LT004
541A58F4E8042C3C1CCB76B0F0B14A9F44981E4F37DFBD98972B297BEDA30B66,010343D4BCC6C1DB12C1129F149212B97C69C10242840BC5A303CC7B4AA87BAF,TEMPLATE_DHASH_HEADER_LE4_FULL_LE8_ASPECT_DELTA_LT004
5433BB3791112F1C6C698255943D3E43FBC529FEC610FE1D25FD1D83CD921FC6,0BE39898903E624AD3D7957D864B44D6D84B895CE4C0B29042FB99AD5B6A2CFA,TEMPLATE_DHASH_HEADER_LE4_FULL_LE8_ASPECT_DELTA_LT004
5482B5BC23D9508D14F7970779F8182EBB3A21DA03E7B7C390124852EC1A2884,01CD21BA921CF3E5B71026D0B35F0455C59E2D2B5B1FCC67BBF6E18173662A57,TEMPLATE_DHASH_HEADER_LE4_FULL_LE8_ASPECT_DELTA_LT004
54E3FFE9C69EE3CFF94294F12A02B44CAB3EFD54DBDC8CB473F28E912E985C7D,00A887F58DB25495DFDE02D1BD1530CE321427ECC08F8EF1E62853BF1C219A6C,TEMPLATE_DHASH_HEADER_LE4_FULL_LE8_ASPECT_DELTA_LT004
54FD2072009FAA11BC31C0ECD1055AA552E1765FB3AB10620818DF0B63E48C99,1A94D10FAD4A3B2AAAA3E3A02F2F963B295A6BFFFD9A535B339D7390DEAFC82B,TEMPLATE_DHASH_HEADER_LE4_FULL_LE8_ASPECT_DELTA_LT004
550AC8115D0599DF1B246688659A43EBB82DB908A4C451864D3A422AE1B94790,010343D4BCC6C1DB12C1129F149212B97C69C10242840BC5A303CC7B4AA87BAF,TEMPLATE_DHASH_HEADER_LE4_FULL_LE8_ASPECT_DELTA_LT004
55169D35B57E1980443FA22E94E71390FAF7180DF7A84AC7CDFE4E5EC917C2D2,00A887F58DB25495DFDE02D1BD1530CE321427ECC08F8EF1E62853BF1C219A6C,TEMPLATE_DHASH_HEADER_LE4_FULL_LE8_ASPECT_DELTA_LT004
5534D51615B3263B0C144B1D3CB67CC95E576143FB6C6A10C18F38DBB101B56F,121935DCAF0E74813765F04221A3B2771AC2471A7E501773E5ED762449345F74,TEMPLATE_DHASH_HEADER_LE4_FULL_LE8_ASPECT_DELTA_LT004
553735AC327B5AEBB6523999CF341A27EE0CD319E1E38D7543EDABFD5EF0476A,029212DC679C033902FE2CC264F3CAB6C223BB8366CB0FE8E61BF5329E85FACE,TEMPLATE_DHASH_HEADER_LE4_FULL_LE8_ASPECT_DELTA_LT004
557A3265646934A29349CB572EF71904CF6A1A226E38B80EBD82882136E4A99F,030126CE7D614353FF03F90C126B6D2C3746D913B36523810DF4F1B51326D882,TEMPLATE_DHASH_HEADER_LE4_FULL_LE8_ASPECT_DELTA_LT004
557A3265646934A29349CB572EF71904CF6A1A226E38B80EBD82882136E4A99F,0B37339859B57A9C2AC42C87C0DF2B011049680AE88FE16FF6E3274F8C264E20,TEMPLATE_DHASH_HEADER_LE4_FULL_LE8_ASPECT_DELTA_LT004
55B3C0547934183CDE6EBAF5DC2BF228B8C8C5CA368A1A8864DC3583A93A9C0A,2B7ED7004CB4A5A4A65923E06D0D449A472E6A175B3B37DB857A5CD2766924EC,TEMPLATE_DHASH_HEADER_LE4_FULL_LE8_ASPECT_DELTA_LT004
55D5569A8BE1FDF83DD7C7711B839FA48CCF21B6A44002A592A098ABC4945180,06A69148F4DA1D7AED723E4EFD8016E4BF83803969862E721D1E7269E9FB7641,TEMPLATE_DHASH_HEADER_LE4_FULL_LE8_ASPECT_DELTA_LT004
565020CD171BC587CD09292855DB5A36E5FB93F156787989397E52E115592D4B,0EB724F472D0867E4028A0EA1819E88AA8B647706DDD3EBF0DF561D3D09B544F,TEMPLATE_DHASH_HEADER_LE4_FULL_LE8_ASPECT_DELTA_LT004
567841FFA35B66B4C4196EC5DC0D9A9973BBCA4E79EC13E6D1E5F76BCC94E78A,3571618E89D8244D63E9E65FA5791D0A9573533F30212F6DACF24AF3CC754B5E,TEMPLATE_DHASH_HEADER_LE4_FULL_LE8_ASPECT_DELTA_LT004
56858C64366FB3FFEEF5EA8BA03E748B96127B3D10B9F438CAC2689CAD93F41B,1F6BE1B36C93128E6A23A08F969662219FCDD157D6A9C688764E6E854930C6F1,TEMPLATE_DHASH_HEADER_LE4_FULL_LE8_ASPECT_DELTA_LT004
56D39A5F9D1B9453032F58A2E9AD1E15DD388288CC16A256C948E7C45E676E51,00666E481475A66BFB08CB4FB0F53BBCFB65BF7046310458AF1948A59829CBB3,TEMPLATE_DHASH_HEADER_LE4_FULL_LE8_ASPECT_DELTA_LT004
56E9553295F645ECFC4245CEDC974D37D874EDF5875B2D23438824326E82F99E,0EB724F472D0867E4028A0EA1819E88AA8B647706DDD3EBF0DF561D3D09B544F,TEMPLATE_DHASH_HEADER_LE4_FULL_LE8_ASPECT_DELTA_LT004
570B8BEFF92D86C450B35A0A879B847D9442F48BEB042F9C6AD00BA12E502867,239BC30DB9260C6A5A365B595D11D3D601BD2A7FDDBFBBC6942F5C5B8DD2C39D,TEMPLATE_DHASH_HEADER_LE4_FULL_LE8_ASPECT_DELTA_LT004
57216966143EA43A85549709469528CA0F2387F937AADF26600682E72558CEB0,00A887F58DB25495DFDE02D1BD1530CE321427ECC08F8EF1E62853BF1C219A6C,TEMPLATE_DHASH_HEADER_LE4_FULL_LE8_ASPECT_DELTA_LT004
5735D4ECD8C02AEE2805F44503136E2C27365A75607716CC0391313DCEB6519E,010343D4BCC6C1DB12C1129F149212B97C69C10242840BC5A303CC7B4AA87BAF,TEMPLATE_DHASH_HEADER_LE4_FULL_LE8_ASPECT_DELTA_LT004
5796008F929AE08D607B6A36C5254BC78C3BF3A55DA4807B9FAA69009CD3C0EE,01EEBBC0B1CF90274F09A18C563F892FF0D54A246C447FCBFA3AF69E361C94D3,TEMPLATE_DHASH_HEADER_LE4_FULL_LE8_ASPECT_DELTA_LT004
579F280AE769F90DCD06BA774697482D12AFFC43267A01FB7C4038CC36DC9710,0BABB116472EB0B8842D82C416C5828FCE82EBA4425A6F4273AFCCD58C9574F3,TEMPLATE_DHASH_HEADER_LE4_FULL_LE8_ASPECT_DELTA_LT004
579F280AE769F90DCD06BA774697482D12AFFC43267A01FB7C4038CC36DC9710,2D886F97E47F3D46B5F78908DA6312D6F039B9D84FB16E6480C0D36CD9FAA7AE,TEMPLATE_DHASH_HEADER_LE4_FULL_LE8_ASPECT_DELTA_LT004
57D9343D969BD1264FDEFF0D2A252ED028740EE39736F1A41A1D95C9B625C4AE,00A887F58DB25495DFDE02D1BD1530CE321427ECC08F8EF1E62853BF1C219A6C,TEMPLATE_DHASH_HEADER_LE4_FULL_LE8_ASPECT_DELTA_LT004
58D96A8F7E16CD8E10431AF8C3FE63A36D651B973C435C700D50CF0876EB2D6B,010343D4BCC6C1DB12C1129F149212B97C69C10242840BC5A303CC7B4AA87BAF,TEMPLATE_DHASH_HEADER_LE4_FULL_LE8_ASPECT_DELTA_LT004
58E197A82F3F1F813FF06AB56686D855230F5581C975C33E1CDD744AF7D01857,010343D4BCC6C1DB12C1129F149212B97C69C10242840BC5A303CC7B4AA87BAF,TEMPLATE_DHASH_HEADER_LE4_FULL_LE8_ASPECT_DELTA_LT004
5A11426D1D9F011286075EB4996D5698F9C3A9E2265A14EEA45E1EC9EA7EA8D4,00A887F58DB25495DFDE02D1BD1530CE321427ECC08F8EF1E62853BF1C219A6C,TEMPLATE_DHASH_HEADER_LE4_FULL_LE8_ASPECT_DELTA_LT004
5A80048F71A9AE67E7530419E5A4AA5021FAC7D3DB56701B9C690DB21DBE43D3,08D4415DD3DD5F35A1D0E2243FE7197C8894DC3F408F5C6241D2C12EA5EF3144,TEMPLATE_DHASH_HEADER_LE4_FULL_LE8_ASPECT_DELTA_LT004
5B147EAC2CDDD983CF7E8E27576B856A421C4397BF06F766B74F23C1B3633029,11D14380F5AB72DEA8A5310BFDF5802785E3B72846717188B71C33839F1F7946,TEMPLATE_DHASH_HEADER_LE4_FULL_LE8_ASPECT_DELTA_LT004
5B68A036EC845CF5071E8E39F0357DFA190C5FF99787F831360E05E467B2D36B,17E9AF6EB6B495BA29E56681857C9970D33D990CDB10C0387FE85C781AC7E0E2,TEMPLATE_DHASH_HEADER_LE4_FULL_LE8_ASPECT_DELTA_LT004
5B7916DC843BE2C450F86EA33A9B9F45AD1B2BB4F0890A22185D170367C77CD0,3D2DBD1657682F7701E357F8C218517A65EE1FED40AAE6FE5EC49B2E9E354580,TEMPLATE_DHASH_HEADER_LE4_FULL_LE8_ASPECT_DELTA_LT004
5C0E3592C9A130DFF03ACB34C4B59CB3A208BF70116821761D3431A7693BA96D,02656E7BEACD36FF1D29B09DB3B935C87A2031DBB0AC01CB7FB6EF3190A013A9,TEMPLATE_DHASH_HEADER_LE4_FULL_LE8_ASPECT_DELTA_LT004
5C105434BCE555AF94D7792820813C859CA80B3B8E23A6C81783AF6173447BE4,010343D4BCC6C1DB12C1129F149212B97C69C10242840BC5A303CC7B4AA87BAF,TEMPLATE_DHASH_HEADER_LE4_FULL_LE8_ASPECT_DELTA_LT004
5C989274617C576316FD86055671ECCB3D8B40D4A6D022A08CCB7BEDE037C32A,00A887F58DB25495DFDE02D1BD1530CE321427ECC08F8EF1E62853BF1C219A6C,TEMPLATE_DHASH_HEADER_LE4_FULL_LE8_ASPECT_DELTA_LT004
5D0D7F3FAA4ADAB4AD899FAF93004DDD9B9B1E4AC8856E4E46BE7A592FF909C2,02656E7BEACD36FF1D29B09DB3B935C87A2031DBB0AC01CB7FB6EF3190A013A9,TEMPLATE_DHASH_HEADER_LE4_FULL_LE8_ASPECT_DELTA_LT004
5D224861E913AB275EAC0A0EE1005444D3C0A68007538B2C3C2965DDEDE157C2,010343D4BCC6C1DB12C1129F149212B97C69C10242840BC5A303CC7B4AA87BAF,TEMPLATE_DHASH_HEADER_LE4_FULL_LE8_ASPECT_DELTA_LT004
5D3897E5C4D82DF2441EEE0DFC64EB89F218EBB1079981F940160D1C848F22EB,01ED02257A77AEFC1104AC4A1B19B452BE5C85A8BA6756441FB9C4C6ADEF52BF,TEMPLATE_DHASH_HEADER_LE4_FULL_LE8_ASPECT_DELTA_LT004
5DBF71860ACD1EFE7170B783B09DF90415135A82C8C02BA29E1DDBDE98D4D92C,00A887F58DB25495DFDE02D1BD1530CE321427ECC08F8EF1E62853BF1C219A6C,TEMPLATE_DHASH_HEADER_LE4_FULL_LE8_ASPECT_DELTA_LT004
5DE70F354C118DFBDD5368EDEF221DFE5CF7AE6D16C115B9770EA743743E71F8,22672F8A78F1673F9C86E8AF6C0F74C68CE69F6A47D30B59631ADDF0538252D0,TEMPLATE_DHASH_HEADER_LE4_FULL_LE8_ASPECT_DELTA_LT004
5E37BAFFEE3158DC48F70E790EFAA998E9CE2904FE56058F75BF845F27357702,010343D4BCC6C1DB12C1129F149212B97C69C10242840BC5A303CC7B4AA87BAF,TEMPLATE_DHASH_HEADER_LE4_FULL_LE8_ASPECT_DELTA_LT004
5EADB6DE2AB4B5612CCB893D4D6F822DACA8F537DC34198253A2FA45B77AA3B0,010343D4BCC6C1DB12C1129F149212B97C69C10242840BC5A303CC7B4AA87BAF,TEMPLATE_DHASH_HEADER_LE4_FULL_LE8_ASPECT_DELTA_LT004
5F1C7E2F701520CDB3290752AC7E87FEA8278A7452B488B35E0FE82B539D1D0E,056F2DBFB04063C3907953A9FA896F379670BFB843A6C1C8D08A4A79E784AF5C,TEMPLATE_DHASH_HEADER_LE4_FULL_LE8_ASPECT_DELTA_LT004
5F27D54F0E68E22B94CC0599AA11815F37E12D38D198BAF916699866A5771C7A,3824396E5D8165E597CA9EE48CA3FEA3B3B4C431CAC43BF725CB3BCFD5F5CFAF,TEMPLATE_DHASH_HEADER_LE4_FULL_LE8_ASPECT_DELTA_LT004
5F53885F5A7CCBC8AA0039592621E42F2CD4C654E7B901F968A242975E63F451,14C5AE52A8EEAFEEFC07064F3CA220CF3FF2275CC59888BA114642668962F978,TEMPLATE_DHASH_HEADER_LE4_FULL_LE8_ASPECT_DELTA_LT004
5FB7BD28D27616E8676E0229F610930D8EB1C05062288C9843B6A07025902965,00A887F58DB25495DFDE02D1BD1530CE321427ECC08F8EF1E62853BF1C219A6C,TEMPLATE_DHASH_HEADER_LE4_FULL_LE8_ASPECT_DELTA_LT004
5FF603BFE35FFE846FE61CC7D6E257DAFA04176A27BDDA23DB954E289083BDA7,00A887F58DB25495DFDE02D1BD1530CE321427ECC08F8EF1E62853BF1C219A6C,TEMPLATE_DHASH_HEADER_LE4_FULL_LE8_ASPECT_DELTA_LT004
6041784577391E11DA44CCFDD8F49F2665AB654CECDE68188610184280D0353F,01B4C3B905B65F5026EE091453D00254A2A5D4EC46E657D0CF0B43DCB3585899,TEMPLATE_DHASH_HEADER_LE4_FULL_LE8_ASPECT_DELTA_LT004
604348879CA3168805EED06B88FB193B09B812B4E3915EA9F97BC25B4DCDC462,01EEBBC0B1CF90274F09A18C563F892FF0D54A246C447FCBFA3AF69E361C94D3,TEMPLATE_DHASH_HEADER_LE4_FULL_LE8_ASPECT_DELTA_LT004
604E2F0DE59B3E53C81E10C19EF41919C706C5162FDA1CA3D8C91427244E5B7D,1F9DD0B2BF3B5C5D6D46D3091174ECB7FD8813A730E6E775358AF0ABAC13456B,TEMPLATE_DHASH_HEADER_LE4_FULL_LE8_ASPECT_DELTA_LT004
60558219ECCEAA2E0CC16BEF0AA57528D8111AF668CE04DD850611269578D101,1F6BE1B36C93128E6A23A08F969662219FCDD157D6A9C688764E6E854930C6F1,TEMPLATE_DHASH_HEADER_LE4_FULL_LE8_ASPECT_DELTA_LT004
61028A70518BA892F45603BF90EC226C18A19A5179CFD58A8C6A7038250D18A9,27BB3486888A0FD9EB49AB34CCAD8DC64D9DBA4526BE1905FC3E4033AB10E4EA,TEMPLATE_DHASH_HEADER_LE4_FULL_LE8_ASPECT_DELTA_LT004
613875DAA826084D061538932AF2549945A6B52B6AC8EC68DAB8403564056489,04644AFCA0FD83E0BA9F4699895C76D10FBDBA2FE57B9695DC20E8D7B05F23B9,TEMPLATE_DHASH_HEADER_LE4_FULL_LE8_ASPECT_DELTA_LT004
614C2047A38FFFEC9913CEA1D7C91912147857A130D26CEB45D38AFECE1F3018,092FC946D76F08809B4F70D8392FAD226E023A06ADE2E2D83DB28C2843BED2F2,TEMPLATE_DHASH_HEADER_LE4_FULL_LE8_ASPECT_DELTA_LT004
624E85021D43827AD2B3E8B1DCD80FAE5615F3D494B65E721ED1A8F668BF0989,0EB724F472D0867E4028A0EA1819E88AA8B647706DDD3EBF0DF561D3D09B544F,TEMPLATE_DHASH_HEADER_LE4_FULL_LE8_ASPECT_DELTA_LT004
62ED045064645CFAC1E4ABEAB3BD7871BB1ACA133EB42A02042DFD4116B68747,08D4415DD3DD5F35A1D0E2243FE7197C8894DC3F408F5C6241D2C12EA5EF3144,TEMPLATE_DHASH_HEADER_LE4_FULL_LE8_ASPECT_DELTA_LT004
6306F04EC7699ACD9AA20661D6A0094E0EF6F2D07DB0DCB6E7DCB90754F946FC,010343D4BCC6C1DB12C1129F149212B97C69C10242840BC5A303CC7B4AA87BAF,TEMPLATE_DHASH_HEADER_LE4_FULL_LE8_ASPECT_DELTA_LT004
6358F007E68B39846A6D3A1985B57BA5DB9B44816655F040179A2E54F5D3950B,010343D4BCC6C1DB12C1129F149212B97C69C10242840BC5A303CC7B4AA87BAF,TEMPLATE_DHASH_HEADER_LE4_FULL_LE8_ASPECT_DELTA_LT004
6397751726250ADCAFF9223A5165FCDBEC678962C80710A66E088BD74EE2B98F,35036B91118820402A43C5A7AF8FEDD19F3EE0B4F5CD092F6045A38564329AA7,TEMPLATE_DHASH_HEADER_LE4_FULL_LE8_ASPECT_DELTA_LT004
63F5F3AB045C5B5F66EA108111298A47D3D35401D9F776570A886AC745108D3F,029212DC679C033902FE2CC264F3CAB6C223BB8366CB0FE8E61BF5329E85FACE,TEMPLATE_DHASH_HEADER_LE4_FULL_LE8_ASPECT_DELTA_LT004
6403BB9E343E7ADC6832D9FEF0B238A5C7629934B729B49930D5EB612D45A237,03CFBE47B1C87BEFC324BB99462C1A6722B7E29C5EB61D17AE8AB0C4A60F5AF3,TEMPLATE_DHASH_HEADER_LE4_FULL_LE8_ASPECT_DELTA_LT004
64F93DA0C69F17478CD6052D88B84346BC9392E955468EAEB7F37BB92B647762,01B4C3B905B65F5026EE091453D00254A2A5D4EC46E657D0CF0B43DCB3585899,TEMPLATE_DHASH_HEADER_LE4_FULL_LE8_ASPECT_DELTA_LT004
64FB474B146A0EB177D75CB68476D6BCE12EF039503945B080FCA1CE3484EB2E,10D1AFC979D966B39B92E799719AD44B93945894927B122A3BCE79C3126B9413,TEMPLATE_DHASH_HEADER_LE4_FULL_LE8_ASPECT_DELTA_LT004
65056D9EA1A540DC588945E523AD94B314066341E145D5716A7A605D30F64157,00A887F58DB25495DFDE02D1BD1530CE321427ECC08F8EF1E62853BF1C219A6C,TEMPLATE_DHASH_HEADER_LE4_FULL_LE8_ASPECT_DELTA_LT004
653916FEE25C919AB6EB8CD62ACDB2EFB4ED9246ABE1E345CCEFD62AD0B1EEEF,3D2DBD1657682F7701E357F8C218517A65EE1FED40AAE6FE5EC49B2E9E354580,TEMPLATE_DHASH_HEADER_LE4_FULL_LE8_ASPECT_DELTA_LT004
65D1D32538349C1E4FD033151901890E04026E390D8DBDDB40D8BA7450402C6D,010343D4BCC6C1DB12C1129F149212B97C69C10242840BC5A303CC7B4AA87BAF,TEMPLATE_DHASH_HEADER_LE4_FULL_LE8_ASPECT_DELTA_LT004
660C649E87C0E096D3EA290A7EEB1B41027B0E57F5AC516359697241B2FA0A46,00A887F58DB25495DFDE02D1BD1530CE321427ECC08F8EF1E62853BF1C219A6C,TEMPLATE_DHASH_HEADER_LE4_FULL_LE8_ASPECT_DELTA_LT004
6656F6685D0E364101F05862968CD5DB475D006F6EA292B02FB7F73420C74E6D,01EEBBC0B1CF90274F09A18C563F892FF0D54A246C447FCBFA3AF69E361C94D3,TEMPLATE_DHASH_HEADER_LE4_FULL_LE8_ASPECT_DELTA_LT004
6660D2B3C9AE8230CA9FA0CDC75202436DD32B952F48CE70FC243CF0F142B1CF,01EEBBC0B1CF90274F09A18C563F892FF0D54A246C447FCBFA3AF69E361C94D3,TEMPLATE_DHASH_HEADER_LE4_FULL_LE8_ASPECT_DELTA_LT004
669CEF756F24B3F2936E59DA9B442C8189694D27CDCAA0F56F21B933D8FFF582,00A887F58DB25495DFDE02D1BD1530CE321427ECC08F8EF1E62853BF1C219A6C,TEMPLATE_DHASH_HEADER_LE4_FULL_LE8_ASPECT_DELTA_LT004
671095A2ED870416638D91130E56FEB62CED369C2B40CF13D8A3685EF542C9C2,0431F3F0FA33A87F05475A197FA40165963F462ADD5E0D0F14743141B23F8ECF,TEMPLATE_DHASH_HEADER_LE4_FULL_LE8_ASPECT_DELTA_LT004
674A1F88C6BD5E53FAF757B8EAF603391E1CDAAFF0A5B8A0038B98FCB947852D,45423B64B6534B7466BB3D12871E57950B3423157843BC88BACA040D2E333D3B,TEMPLATE_DHASH_HEADER_LE4_FULL_LE8_ASPECT_DELTA_LT004
67964333228FD5679741CAE810F2B0AB4CE118C6137BDFD1B32ACFE77B911616,00666E481475A66BFB08CB4FB0F53BBCFB65BF7046310458AF1948A59829CBB3,TEMPLATE_DHASH_HEADER_LE4_FULL_LE8_ASPECT_DELTA_LT004
681D494D1EABD2B24BA13F9F99B3AC5F6D565688BB7368714C430C5395C5A868,33B95FDA5CDFC4BE5204888C87AB45239DEC0AC1ACB2370964305CE0F768245E,TEMPLATE_DHASH_HEADER_LE4_FULL_LE8_ASPECT_DELTA_LT004
68384C891F748520511F1AC118FCE49299EBC326BF1FA1B534BBBF80AEB427D4,00A887F58DB25495DFDE02D1BD1530CE321427ECC08F8EF1E62853BF1C219A6C,TEMPLATE_DHASH_HEADER_LE4_FULL_LE8_ASPECT_DELTA_LT004
68847021C832C384F382EB8B663EF6878C4B227562C30B4AE75BACD93F932807,00A887F58DB25495DFDE02D1BD1530CE321427ECC08F8EF1E62853BF1C219A6C,TEMPLATE_DHASH_HEADER_LE4_FULL_LE8_ASPECT_DELTA_LT004
688B857EBA76F3FDD3C84756E0A20DB13FDCC6613A64CC850D0CDA9760FDF897,00A887F58DB25495DFDE02D1BD1530CE321427ECC08F8EF1E62853BF1C219A6C,TEMPLATE_DHASH_HEADER_LE4_FULL_LE8_ASPECT_DELTA_LT004
689B7BBF501134FEE362293BF2BFE282BFAF1D3D456B47AC2C5C1CCAB5FA15C4,05C329DF72080120239DE88AA85E91D6F089D1DAA1A7F59B8E53C60752CF1D47,TEMPLATE_DHASH_HEADER_LE4_FULL_LE8_ASPECT_DELTA_LT004
68B3C6AAFE89838741E71226D9F554CE180B406E66489C6843999F2CB92CEDF1,010343D4BCC6C1DB12C1129F149212B97C69C10242840BC5A303CC7B4AA87BAF,TEMPLATE_DHASH_HEADER_LE4_FULL_LE8_ASPECT_DELTA_LT004
69BD97565D5E8FA5D5CC7FD22FC5672E7AB8B5D16B40DFF18AEA29F0EE46FD94,010343D4BCC6C1DB12C1129F149212B97C69C10242840BC5A303CC7B4AA87BAF,TEMPLATE_DHASH_HEADER_LE4_FULL_LE8_ASPECT_DELTA_LT004
6A44D2562609C71F11C6039FD392E9E681619719A7040D46EA9B6E1E6DB4F295,030110C4EECAD8AD99A6AD1A53873B11A63BAD1F04245E5725E05682FCC5D4AA,TEMPLATE_DHASH_HEADER_LE4_FULL_LE8_ASPECT_DELTA_LT004
6A6F48DC2B73742555E9B7725922EA7EB7B79DA71B4C91385C7E4E897659394C,546E19F42721BEECB1D6B201D53B5FDE2695F2579CB5C095E8DD352C0B8F1917,TEMPLATE_DHASH_HEADER_LE4_FULL_LE8_ASPECT_DELTA_LT004
6AA2642DAF7B52EB364C1F945C3E1E25D291670E295B50405BC27CB969D12DE4,029212DC679C033902FE2CC264F3CAB6C223BB8366CB0FE8E61BF5329E85FACE,TEMPLATE_DHASH_HEADER_LE4_FULL_LE8_ASPECT_DELTA_LT004
6AAA6E56A668CA470CE59A1DA0E3208162A408FD1E83E1DB80551F50B08F7631,14A75A878D1C46176EA9AB48865A6D723CE20D76A39D0BAAD77767EAD1EC2DD1,TEMPLATE_DHASH_HEADER_LE4_FULL_LE8_ASPECT_DELTA_LT004
6AB1420C695AE2A02BBF6C1CF3EA49C7218A2CF1AC0BAE68E045D85D111FC0C0,00A887F58DB25495DFDE02D1BD1530CE321427ECC08F8EF1E62853BF1C219A6C,TEMPLATE_DHASH_HEADER_LE4_FULL_LE8_ASPECT_DELTA_LT004
6ACB04B9B2EB656794F4D236CB7B80FABDE605F40896E47A7D6CC48B34F692B7,01ED02257A77AEFC1104AC4A1B19B452BE5C85A8BA6756441FB9C4C6ADEF52BF,TEMPLATE_DHASH_HEADER_LE4_FULL_LE8_ASPECT_DELTA_LT004
6B0339E36C35108FAF16CA49C1BF3433163F965A1ED14438435253633CBB9F31,00A887F58DB25495DFDE02D1BD1530CE321427ECC08F8EF1E62853BF1C219A6C,TEMPLATE_DHASH_HEADER_LE4_FULL_LE8_ASPECT_DELTA_LT004
6B4A3FF9C231EC839A67CEBFFE430E144F787E7637B5565884FC431C70BB3736,00A887F58DB25495DFDE02D1BD1530CE321427ECC08F8EF1E62853BF1C219A6C,TEMPLATE_DHASH_HEADER_LE4_FULL_LE8_ASPECT_DELTA_LT004
6B5E9590C4800D1DF3407962383CB00B53C9090887157D672A4E2359DFFAA25F,3D2DBD1657682F7701E357F8C218517A65EE1FED40AAE6FE5EC49B2E9E354580,TEMPLATE_DHASH_HEADER_LE4_FULL_LE8_ASPECT_DELTA_LT004
6B7BB9D0EFF24F7DAB919D1049DE297F8C289642CBF813E3C2E85064308F0BC6,00A887F58DB25495DFDE02D1BD1530CE321427ECC08F8EF1E62853BF1C219A6C,TEMPLATE_DHASH_HEADER_LE4_FULL_LE8_ASPECT_DELTA_LT004
6B96BB1E1D807BDFD4A12F5631C2176A155EE44DAA9B974BA349414248CE8938,1F6BE1B36C93128E6A23A08F969662219FCDD157D6A9C688764E6E854930C6F1,TEMPLATE_DHASH_HEADER_LE4_FULL_LE8_ASPECT_DELTA_LT004
6BC87B9F03FDB1B6CA97AF962F30837A6B76F2CBC51CEAC85253E653BB7D3790,00A887F58DB25495DFDE02D1BD1530CE321427ECC08F8EF1E62853BF1C219A6C,TEMPLATE_DHASH_HEADER_LE4_FULL_LE8_ASPECT_DELTA_LT004
6C4F806F57E884A8868D9DDA6F11E9A66107106EC3FE4989B56D5ED6BDBF705C,00A887F58DB25495DFDE02D1BD1530CE321427ECC08F8EF1E62853BF1C219A6C,TEMPLATE_DHASH_HEADER_LE4_FULL_LE8_ASPECT_DELTA_LT004
6C5B4EA91CF5B9B7DCFE271736BED260D3E743DB8E6B20D27414377E4A215229,01EEBBC0B1CF90274F09A18C563F892FF0D54A246C447FCBFA3AF69E361C94D3,TEMPLATE_DHASH_HEADER_LE4_FULL_LE8_ASPECT_DELTA_LT004
6C8B940D1661F64CF6F7EC76B7DBF963C1D054B1355DFD856CA0FB306A750A3D,010343D4BCC6C1DB12C1129F149212B97C69C10242840BC5A303CC7B4AA87BAF,TEMPLATE_DHASH_HEADER_LE4_FULL_LE8_ASPECT_DELTA_LT004
6C94C617C8904CF308B28BE5F23B2E67C8FC9DF6D9AD8F1B0FB3FEA74DBFEEA1,010343D4BCC6C1DB12C1129F149212B97C69C10242840BC5A303CC7B4AA87BAF,TEMPLATE_DHASH_HEADER_LE4_FULL_LE8_ASPECT_DELTA_LT004
6D277C8C03CEA6FBF2354412F087226C065D4D228AA1030A19919572081F20F2,19E19AD1C279BECEB59406F9DEE7DA0FB14F0747F234EF55898B99CAD0866281,TEMPLATE_DHASH_HEADER_LE4_FULL_LE8_ASPECT_DELTA_LT004
6D6E1AA48E6C44FD43EF2352B4C1F3D017BC787D0C043C49EAACDF1BCF531B22,1F6BE1B36C93128E6A23A08F969662219FCDD157D6A9C688764E6E854930C6F1,TEMPLATE_DHASH_HEADER_LE4_FULL_LE8_ASPECT_DELTA_LT004
6DEA7D3BCF2BDC78A4C5B1A0C8A35F62E0D88B265012BA0DBBCB8B6613470373,02656E7BEACD36FF1D29B09DB3B935C87A2031DBB0AC01CB7FB6EF3190A013A9,TEMPLATE_DHASH_HEADER_LE4_FULL_LE8_ASPECT_DELTA_LT004
6E223B3FB776EC499C1079BF9AF95E4CAA33950DD34CBC577C446F8985A308EA,239BC30DB9260C6A5A365B595D11D3D601BD2A7FDDBFBBC6942F5C5B8DD2C39D,TEMPLATE_DHASH_HEADER_LE4_FULL_LE8_ASPECT_DELTA_LT004
6E87835328F15BFEB50D7BE61B069A1C3E18312B37B2AD241FC3B3D5B3669957,0BE39898903E624AD3D7957D864B44D6D84B895CE4C0B29042FB99AD5B6A2CFA,TEMPLATE_DHASH_HEADER_LE4_FULL_LE8_ASPECT_DELTA_LT004
6E88FFA28D6F9CFBAD335AB0A8FEC369B74ADD767B1ADE5FFB250A1EA40BFBDF,1DF754038CF62791F78205C162ECEEA88ACDA591250FC94F39B1C9B1352650BB,TEMPLATE_DHASH_HEADER_LE4_FULL_LE8_ASPECT_DELTA_LT004
6E97AB3E6B7999A22C355A9E033A37ECCD59B3287E144C837EFA247E56FDCD7D,1E91DDC230C4879196FB8A9C6D0F2B571E5781379160AA07760A8B3773DA1EAB,TEMPLATE_DHASH_HEADER_LE4_FULL_LE8_ASPECT_DELTA_LT004
6E9ED9F5310651C047A3FC9B8D480F10A4625DB45DC71EB2F895E3E2993D62A1,1015512E6F7CD4C5A4FC33C2AF6C359994ED5197589848BA4C7E5CD9F1F956B6,TEMPLATE_DHASH_HEADER_LE4_FULL_LE8_ASPECT_DELTA_LT004
6EE583A0329BFFE2CC0604B2DF470F2E9E8A3A491ABED3AE58229C122955C824,05C329DF72080120239DE88AA85E91D6F089D1DAA1A7F59B8E53C60752CF1D47,TEMPLATE_DHASH_HEADER_LE4_FULL_LE8_ASPECT_DELTA_LT004
6F5C17D146C25CC219D5E517EE3C922BE4AC3E675B6F4F64828A7BD51F1F81FA,00666E481475A66BFB08CB4FB0F53BBCFB65BF7046310458AF1948A59829CBB3,TEMPLATE_DHASH_HEADER_LE4_FULL_LE8_ASPECT_DELTA_LT004
70183B71AFCE11898A3EBCFC447FF1DA5F4FCE6AE346AD66A7BFB03C5841D4DF,05C329DF72080120239DE88AA85E91D6F089D1DAA1A7F59B8E53C60752CF1D47,TEMPLATE_DHASH_HEADER_LE4_FULL_LE8_ASPECT_DELTA_LT004
70701EB80254F49040749A4D00344EC36FD7AC369A877580BDB3B12BC941655A,00A887F58DB25495DFDE02D1BD1530CE321427ECC08F8EF1E62853BF1C219A6C,TEMPLATE_DHASH_HEADER_LE4_FULL_LE8_ASPECT_DELTA_LT004
707A0612969061182FCD182790AC956C51265BCC4C3078FEFF93823F1E9F1735,2D43B3648B73EFBB36772933B8ED7CE0CD779C0945E776A136EC6123FA5D5551,TEMPLATE_DHASH_HEADER_LE4_FULL_LE8_ASPECT_DELTA_LT004
70AB86572E06875C396D8221A2F69C9F9D562506F1D227E250F96A0294F8C658,01ED02257A77AEFC1104AC4A1B19B452BE5C85A8BA6756441FB9C4C6ADEF52BF,TEMPLATE_DHASH_HEADER_LE4_FULL_LE8_ASPECT_DELTA_LT004
724463BDFD7CEF809283F23242EFA6D6746540C1B1BED9FA87F7081F3FEAA794,00A887F58DB25495DFDE02D1BD1530CE321427ECC08F8EF1E62853BF1C219A6C,TEMPLATE_DHASH_HEADER_LE4_FULL_LE8_ASPECT_DELTA_LT004
724E671BB3324AC80652938C4FC4669A53A37A8FC7CE84A81EA066E5A2D15246,010343D4BCC6C1DB12C1129F149212B97C69C10242840BC5A303CC7B4AA87BAF,TEMPLATE_DHASH_HEADER_LE4_FULL_LE8_ASPECT_DELTA_LT004
729AF3D6447EC31F5F02AB12E6FB6DD6CAE910EC2C50B43FBEBFECB00678E4B0,239BC30DB9260C6A5A365B595D11D3D601BD2A7FDDBFBBC6942F5C5B8DD2C39D,TEMPLATE_DHASH_HEADER_LE4_FULL_LE8_ASPECT_DELTA_LT004
72B1A25BE1FB975D7E71D41CB49C2F6B0D661C89E9AFC94D92FD23B56BBBB193,174DD634BAA4E1F2C0F29A99FDC68EAD0DC5A7B03E2E3013D0BC3EDC84BBBE6F,TEMPLATE_DHASH_HEADER_LE4_FULL_LE8_ASPECT_DELTA_LT004
72DB0BB791EF4D236D0F5138132C14C14CC2CD9C33CB371EE37DDDD55642FBA8,010343D4BCC6C1DB12C1129F149212B97C69C10242840BC5A303CC7B4AA87BAF,TEMPLATE_DHASH_HEADER_LE4_FULL_LE8_ASPECT_DELTA_LT004
734D420EFE50C1A4EA6741B4B69806B2E5ABF1BE40CF866D3560F903ACE2AF2C,11D14380F5AB72DEA8A5310BFDF5802785E3B72846717188B71C33839F1F7946,TEMPLATE_DHASH_HEADER_LE4_FULL_LE8_ASPECT_DELTA_LT004
734F30506EF447B3DF986696A7B0478A899FB94EB94D9C58897B138972AFE0CB,0431F3F0FA33A87F05475A197FA40165963F462ADD5E0D0F14743141B23F8ECF,TEMPLATE_DHASH_HEADER_LE4_FULL_LE8_ASPECT_DELTA_LT004
7369DF302D07631A98454113785F530B862A7D556083C9BCE2A378E733A259D1,00A887F58DB25495DFDE02D1BD1530CE321427ECC08F8EF1E62853BF1C219A6C,TEMPLATE_DHASH_HEADER_LE4_FULL_LE8_ASPECT_DELTA_LT004
73D84FABB35BD6AB8B9F6D7AE59524102BFE262746A54FDCCD57EA0FCA0DA016,3824396E5D8165E597CA9EE48CA3FEA3B3B4C431CAC43BF725CB3BCFD5F5CFAF,TEMPLATE_DHASH_HEADER_LE4_FULL_LE8_ASPECT_DELTA_LT004
74542EF02D20DD76101D0733ECF11256439DDFD34B08011929E3EAD5E159F285,0AFAE9C55C04A213F0388C634CABAEEA4C9A02686A7B1F8D6CAEF6585DCD3498,TEMPLATE_DHASH_HEADER_LE4_FULL_LE8_ASPECT_DELTA_LT004
745AAFF23345A2A40AC1BC45D5BA745C0EC6611A849A1A32E8738B3227780E38,161EC212E4A6935F8CFAB567C97F912D35EDF5215767FC8E77BD1C22BA9EDCB1,TEMPLATE_DHASH_HEADER_LE4_FULL_LE8_ASPECT_DELTA_LT004
746231C240660A5BAA14A9CA67FC64A423EB229468923A3B171B6A20CCDE68F2,037701D5FED89A093E0504409BF6AE6060A2E1FB5E3360732F402A402E8F2E8E,TEMPLATE_DHASH_HEADER_LE4_FULL_LE8_ASPECT_DELTA_LT004
74A8804E13BCB0916DE52FB4050B48283F6D7C52B6A0CC9E5C66DBC3093FEB48,04644AFCA0FD83E0BA9F4699895C76D10FBDBA2FE57B9695DC20E8D7B05F23B9,TEMPLATE_DHASH_HEADER_LE4_FULL_LE8_ASPECT_DELTA_LT004
74A93147090410909DD49E3D1B75B7C3EA9345128B785139DC2F671880C5FE6E,1F74158A70E303CD4219E3F0A4C0F0EE744292D6CD4C7585ECB69924A9CF7E6A,TEMPLATE_DHASH_HEADER_LE4_FULL_LE8_ASPECT_DELTA_LT004
74E1683A4487F41741E8A66012A82E03967DF0DDF917463FCEF8254BBECACC4A,08D4415DD3DD5F35A1D0E2243FE7197C8894DC3F408F5C6241D2C12EA5EF3144,TEMPLATE_DHASH_HEADER_LE4_FULL_LE8_ASPECT_DELTA_LT004
750B721B9BDFFF78051B518266ACF845200D2C77179A01BD8DBB04C304DBA48F,00A887F58DB25495DFDE02D1BD1530CE321427ECC08F8EF1E62853BF1C219A6C,TEMPLATE_DHASH_HEADER_LE4_FULL_LE8_ASPECT_DELTA_LT004
75920680546C0B19824E520C35362E4321A64E41D50F38FDCA51BFD9B991E533,41DA1916DEF0865B974AF8DA1FC410BF132CF8F2D39C53D21634C67E095437F6,TEMPLATE_DHASH_HEADER_LE4_FULL_LE8_ASPECT_DELTA_LT004
75DF61E9FDA845DC081CFC82F85D18F3ACA95979563AA94854B1AECE0FC6E62C,01B4C3B905B65F5026EE091453D00254A2A5D4EC46E657D0CF0B43DCB3585899,TEMPLATE_DHASH_HEADER_LE4_FULL_LE8_ASPECT_DELTA_LT004
770A8BC869BDA23991E48A3B5B586B63CA3D2B9EBE6F533495495AC3CCDAC92C,0EB724F472D0867E4028A0EA1819E88AA8B647706DDD3EBF0DF561D3D09B544F,TEMPLATE_DHASH_HEADER_LE4_FULL_LE8_ASPECT_DELTA_LT004
77AB12E6E272D3EC7E5B2888D48DDAC76D88FAEE32E50A217EFFF853DCCC0333,01EEBBC0B1CF90274F09A18C563F892FF0D54A246C447FCBFA3AF69E361C94D3,TEMPLATE_DHASH_HEADER_LE4_FULL_LE8_ASPECT_DELTA_LT004
77B60D8DF4FBC86CF6252968C853F56FAEEDA985E717813496E7056B93CA9840,0AFAE9C55C04A213F0388C634CABAEEA4C9A02686A7B1F8D6CAEF6585DCD3498,TEMPLATE_DHASH_HEADER_LE4_FULL_LE8_ASPECT_DELTA_LT004
77BEE0C8120D6B5C3D19B79CC4ABFFE13BCD86AB4AD7BDCFE810BF0F53FA5689,679B276143705D4AC3247557E5B766A0D3B8EF46EF0C7E93E9743E56F4C7C21B,TEMPLATE_DHASH_HEADER_LE4_FULL_LE8_ASPECT_DELTA_LT004
77C8E69B8E42A208123699516A8833425435CEEED3CC26FF90FC0D6B87185263,6F131DD0EAF52BBEA47DE4FD62FBEBA9C8D82B1DE26FE5B258A15717FE214DB4,TEMPLATE_DHASH_HEADER_LE4_FULL_LE8_ASPECT_DELTA_LT004
7856CD25016572D0C1DAD26A3A34140A0970F045A42C83C1D80C10E9F894C9B6,010343D4BCC6C1DB12C1129F149212B97C69C10242840BC5A303CC7B4AA87BAF,TEMPLATE_DHASH_HEADER_LE4_FULL_LE8_ASPECT_DELTA_LT004
786C9DF77DC594A4F4661372FB7550FA2BBE1C9CDC8EEFD007F2E8338559704A,25906BA449000FDC416BE77ADE177F67876EE90F96C8DA7EAF7532B3DE978549,TEMPLATE_DHASH_HEADER_LE4_FULL_LE8_ASPECT_DELTA_LT004
789EA214DA187999DB573C790694ED9C456AD09E79B3423DA4745624AB02984B,00A887F58DB25495DFDE02D1BD1530CE321427ECC08F8EF1E62853BF1C219A6C,TEMPLATE_DHASH_HEADER_LE4_FULL_LE8_ASPECT_DELTA_LT004
78D7C45F35EDDA7F3577410E9127D1B384883360372511081C054BA435B8E0A6,0BE39898903E624AD3D7957D864B44D6D84B895CE4C0B29042FB99AD5B6A2CFA,TEMPLATE_DHASH_HEADER_LE4_FULL_LE8_ASPECT_DELTA_LT004
78F72149A9868B3E46CE41826362BFC1D49ACD0B74BA8B96C49C9F8EB34B8DC3,1E6204E31083CC7D65901CC8CA5C00C90562459A9876FFDB0C909ADA7C2DEB5D,TEMPLATE_DHASH_HEADER_LE4_FULL_LE8_ASPECT_DELTA_LT004
798711A2CD575D42858450215C116F88AAB5045FF2ADB933E2FAFEA46C072DB6,5CD323BE0FA8C7BF7DF56E09EB62B1338AD699ED21F25A09DBA6E646DA452906,TEMPLATE_DHASH_HEADER_LE4_FULL_LE8_ASPECT_DELTA_LT004
7AB8D2AB7B5229FA6F6AFB5F7329F783BD003B13322FB478B6176610993FCC87,70E5AE3F504F2F5AB4AD5B3E512AC716415539ADF79DF6BF02821B5A8D35578A,TEMPLATE_DHASH_HEADER_LE4_FULL_LE8_ASPECT_DELTA_LT004
7AE0DBFAD8AA6A4A31D3D85770137B3AC98891809709CF8E9EC04FAD430D9BFB,010343D4BCC6C1DB12C1129F149212B97C69C10242840BC5A303CC7B4AA87BAF,TEMPLATE_DHASH_HEADER_LE4_FULL_LE8_ASPECT_DELTA_LT004
7B3901E49FF57B75478E861F1A6EEC80C6FA8ED5B6BF3BAB44C8E8FC0989BB5C,00A887F58DB25495DFDE02D1BD1530CE321427ECC08F8EF1E62853BF1C219A6C,TEMPLATE_DHASH_HEADER_LE4_FULL_LE8_ASPECT_DELTA_LT004
7B86358A58D6B220DB2FA71EB2F990126E71791245D63DE2BC6F4893E1112D57,01EEBBC0B1CF90274F09A18C563F892FF0D54A246C447FCBFA3AF69E361C94D3,TEMPLATE_DHASH_HEADER_LE4_FULL_LE8_ASPECT_DELTA_LT004
7B88EB37D9D6D70AF24378E316B65C9A921DFF386F57347F7073D8AB98E0D99F,045C94F468347D76A752B35C9E1104694E4AD501AE20C72D76DEF8E399357D50,TEMPLATE_DHASH_HEADER_LE4_FULL_LE8_ASPECT_DELTA_LT004
7BDE4A6234A63437FD49094A42DF1BCF9206DCD39D993587EBF7AB45B0B73F4B,0431F3F0FA33A87F05475A197FA40165963F462ADD5E0D0F14743141B23F8ECF,TEMPLATE_DHASH_HEADER_LE4_FULL_LE8_ASPECT_DELTA_LT004
7BE95791A9699A99D2073BA31B556C45CFA1A04985002C06CA6A36D57A86525D,00A887F58DB25495DFDE02D1BD1530CE321427ECC08F8EF1E62853BF1C219A6C,TEMPLATE_DHASH_HEADER_LE4_FULL_LE8_ASPECT_DELTA_LT004
7C18DB2B45B457019E9904C1E7295A6F915742075D0CD4164CA1A72B0E7E34A2,160526753107767C39EC95E3ADDCD2CD497AE532CEFFC3DC2F84BB0DC8CE49FE,TEMPLATE_DHASH_HEADER_LE4_FULL_LE8_ASPECT_DELTA_LT004
7C73F1706B08D28FF38296AA93C83247D2B200F3EEF0D166BC1AF40FA14836FF,010343D4BCC6C1DB12C1129F149212B97C69C10242840BC5A303CC7B4AA87BAF,TEMPLATE_DHASH_HEADER_LE4_FULL_LE8_ASPECT_DELTA_LT004
7D1382F1311C92CB388B27CBA3FA90D6ED16941AFC4AF91E2A72DC24D5315A75,0BE39898903E624AD3D7957D864B44D6D84B895CE4C0B29042FB99AD5B6A2CFA,TEMPLATE_DHASH_HEADER_LE4_FULL_LE8_ASPECT_DELTA_LT004
7D43AB520097327C8645B32F08E408BD0715488AC01D3A360839A4652A9AC719,00A887F58DB25495DFDE02D1BD1530CE321427ECC08F8EF1E62853BF1C219A6C,TEMPLATE_DHASH_HEADER_LE4_FULL_LE8_ASPECT_DELTA_LT004
7E0C729D987C511194C9252681C4A1432D6F256F9CF4B75D24DD5A501612ED8D,037701D5FED89A093E0504409BF6AE6060A2E1FB5E3360732F402A402E8F2E8E,TEMPLATE_DHASH_HEADER_LE4_FULL_LE8_ASPECT_DELTA_LT004
7E3C212A4DE3A52AB3D18EEEE790C5BEE9D1117A682938855EF6EFA02DD3C4AC,010343D4BCC6C1DB12C1129F149212B97C69C10242840BC5A303CC7B4AA87BAF,TEMPLATE_DHASH_HEADER_LE4_FULL_LE8_ASPECT_DELTA_LT004
7E7C1A039E6FDE0D4120995D969E25093755D4C47653EAE9E1F5998F2454448B,00A887F58DB25495DFDE02D1BD1530CE321427ECC08F8EF1E62853BF1C219A6C,TEMPLATE_DHASH_HEADER_LE4_FULL_LE8_ASPECT_DELTA_LT004
7F7A01F689D121007DF3C9E807D55E966E785B4D8CAABB94AD8FBA25C27225F4,002865257C71829F722158FBCEDB282C220108C3B1CE07E08876E80BAEEA8EB2,TEMPLATE_DHASH_HEADER_LE4_FULL_LE8_ASPECT_DELTA_LT004
7F89F980F4355D93CED4B57BBB7F5AC404B25E081962D20F5702B8764B4066DB,010343D4BCC6C1DB12C1129F149212B97C69C10242840BC5A303CC7B4AA87BAF,TEMPLATE_DHASH_HEADER_LE4_FULL_LE8_ASPECT_DELTA_LT004
7FA73ECA9F264C3E86DF430ECE8915B619AE5CB4B39D335F700E2A37DA13318C,161EC212E4A6935F8CFAB567C97F912D35EDF5215767FC8E77BD1C22BA9EDCB1,TEMPLATE_DHASH_HEADER_LE4_FULL_LE8_ASPECT_DELTA_LT004
7FCBBC7B3E14E41EFA2F05C0FFC31F73B74BE9AA4754A639AD303E1AB0092CCE,029212DC679C033902FE2CC264F3CAB6C223BB8366CB0FE8E61BF5329E85FACE,TEMPLATE_DHASH_HEADER_LE4_FULL_LE8_ASPECT_DELTA_LT004
80732A4F36964981412868A390392C3815A1B52925CB95D50E3226B76C2D868D,00A887F58DB25495DFDE02D1BD1530CE321427ECC08F8EF1E62853BF1C219A6C,TEMPLATE_DHASH_HEADER_LE4_FULL_LE8_ASPECT_DELTA_LT004
807889899EF0AE2BC479CE4CBA9EAE6C794B3C60373BD877FCA07C69C07B7AE3,0BE39898903E624AD3D7957D864B44D6D84B895CE4C0B29042FB99AD5B6A2CFA,TEMPLATE_DHASH_HEADER_LE4_FULL_LE8_ASPECT_DELTA_LT004
80E25393EE9327554775247F3EEC9A8D538E5B1D9B3EC7E9EB3C225A03820412,06B8C6B9CDBE4F5D96E1F8AD8DC1C1A92424866ECB4433DEB28C9887154EFF76,TEMPLATE_DHASH_HEADER_LE4_FULL_LE8_ASPECT_DELTA_LT004
812B96A5165903BD78FF38B2AEF1A1F19C9B7A918FD69D7C7971BA8AE6D2271D,00A887F58DB25495DFDE02D1BD1530CE321427ECC08F8EF1E62853BF1C219A6C,TEMPLATE_DHASH_HEADER_LE4_FULL_LE8_ASPECT_DELTA_LT004
8173874885C059C33DCA43BD63631C379C8D8408C5FE4DD2A0159D6AE80E554E,00A887F58DB25495DFDE02D1BD1530CE321427ECC08F8EF1E62853BF1C219A6C,TEMPLATE_DHASH_HEADER_LE4_FULL_LE8_ASPECT_DELTA_LT004
81B0F71C6C8208A35D9E7B41F0D01002293F3930C34DDFC0A2FCE923805D488F,00666E481475A66BFB08CB4FB0F53BBCFB65BF7046310458AF1948A59829CBB3,TEMPLATE_DHASH_HEADER_LE4_FULL_LE8_ASPECT_DELTA_LT004
823B928CB06F23FDBB1AE300E298EA833F0F8F0F97330FE12A9934EBE349195E,00A887F58DB25495DFDE02D1BD1530CE321427ECC08F8EF1E62853BF1C219A6C,TEMPLATE_DHASH_HEADER_LE4_FULL_LE8_ASPECT_DELTA_LT004
82DF3F8548CD5894DD8BEA097182919DA8979018C3B51829AE23AC9FA75C0BE7,00A887F58DB25495DFDE02D1BD1530CE321427ECC08F8EF1E62853BF1C219A6C,TEMPLATE_DHASH_HEADER_LE4_FULL_LE8_ASPECT_DELTA_LT004
83814C2B24AE7A9CBB3110CF8C52F97E83B59540DDC596AF8F9A34DF483EAA65,002865257C71829F722158FBCEDB282C220108C3B1CE07E08876E80BAEEA8EB2,TEMPLATE_DHASH_HEADER_LE4_FULL_LE8_ASPECT_DELTA_LT004
83814C2B24AE7A9CBB3110CF8C52F97E83B59540DDC596AF8F9A34DF483EAA65,18662EDEE4B4C711C1906E7CE4BE366A758A1188B97E161AF48336D6A3DBAE48,TEMPLATE_DHASH_HEADER_LE4_FULL_LE8_ASPECT_DELTA_LT004
8403289C618F5FEA6E985FE98C6A3F52D541EE0C6ADDA9901EA9F9CD942A1352,029212DC679C033902FE2CC264F3CAB6C223BB8366CB0FE8E61BF5329E85FACE,TEMPLATE_DHASH_HEADER_LE4_FULL_LE8_ASPECT_DELTA_LT004
8416DF3F84354A93D67A6C6724E223F9B909ED204E38697CD43AAA0A26A452D9,0BABB116472EB0B8842D82C416C5828FCE82EBA4425A6F4273AFCCD58C9574F3,TEMPLATE_DHASH_HEADER_LE4_FULL_LE8_ASPECT_DELTA_LT004
842594336FD1FDF9801D6F0769960B24152213A2368F5E5E330F898639CCCB13,152604FDE489F58F0995B33FDBFBEF849D1187861D9A30592C95908147F52349,TEMPLATE_DHASH_HEADER_LE4_FULL_LE8_ASPECT_DELTA_LT004
842594336FD1FDF9801D6F0769960B24152213A2368F5E5E330F898639CCCB13,305D8D5FCDD8153B4D7860ABD3DA30A0DEEB2A5FE84A9E26D4CD34F6D700C59D,TEMPLATE_DHASH_HEADER_LE4_FULL_LE8_ASPECT_DELTA_LT004
8441B87BFC984C929BA7CAD936B73DC8744FCB5AFCE7621462F69256E436A220,291D53881AC4D3DB4444FEAB3EEA3F5E6E143D9ABC61352ACD5952CE33E4D9A1,TEMPLATE_DHASH_HEADER_LE4_FULL_LE8_ASPECT_DELTA_LT004
8441B87BFC984C929BA7CAD936B73DC8744FCB5AFCE7621462F69256E436A220,3B394E621E927A5D336A282E41A7695E344AC81CD76DC7C6B82C5636FEFA5282,TEMPLATE_DHASH_HEADER_LE4_FULL_LE8_ASPECT_DELTA_LT004
8469C1DC30FA68ACF9AB761890C24E46FFE9EC17A4D94BB19C855CF91D165413,61028A70518BA892F45603BF90EC226C18A19A5179CFD58A8C6A7038250D18A9,TEMPLATE_DHASH_HEADER_LE4_FULL_LE8_ASPECT_DELTA_LT004
84C3696B2F8E391A2EE5E0C40990CFDF6A01BF1DB432F8037606E840030944A6,01EEBBC0B1CF90274F09A18C563F892FF0D54A246C447FCBFA3AF69E361C94D3,TEMPLATE_DHASH_HEADER_LE4_FULL_LE8_ASPECT_DELTA_LT004
851F61E61DFAAF6BC623C446119DBAD3DAF975D0610ED36513CD523A63CD0CAA,33B95FDA5CDFC4BE5204888C87AB45239DEC0AC1ACB2370964305CE0F768245E,TEMPLATE_DHASH_HEADER_LE4_FULL_LE8_ASPECT_DELTA_LT004
856894AA5FE2533859664CB6A42A38E20E75D671519947D7D1CB319D0C15FA12,00A887F58DB25495DFDE02D1BD1530CE321427ECC08F8EF1E62853BF1C219A6C,TEMPLATE_DHASH_HEADER_LE4_FULL_LE8_ASPECT_DELTA_LT004
85D09583CD00F06641312ABE16A8461DECE1C4F6A1772729A662E7DD2583D322,010343D4BCC6C1DB12C1129F149212B97C69C10242840BC5A303CC7B4AA87BAF,TEMPLATE_DHASH_HEADER_LE4_FULL_LE8_ASPECT_DELTA_LT004
863D96C2CB9C9BBE49C71442191E1490BE86EF8924B31349B08B797D4F23CE2A,010343D4BCC6C1DB12C1129F149212B97C69C10242840BC5A303CC7B4AA87BAF,TEMPLATE_DHASH_HEADER_LE4_FULL_LE8_ASPECT_DELTA_LT004
8662F4458951ACE801108DAF219E3855DB8F31FB6AC3684BE32913EE951852DE,1755304EBD124B8B4E1309831FBEB3F6EE40934A39AC4CCF8C158A506F931EF1,TEMPLATE_DHASH_HEADER_LE4_FULL_LE8_ASPECT_DELTA_LT004
86A099DFDEC94FD6B3BE5207E700F8103303ECF1730B079A72D5ECECEA862CBC,01B4C3B905B65F5026EE091453D00254A2A5D4EC46E657D0CF0B43DCB3585899,TEMPLATE_DHASH_HEADER_LE4_FULL_LE8_ASPECT_DELTA_LT004
86CF42382B6E9AD770AEC0D3AE61798DC0A5D85C59C8C47E0C5A267158045370,00A887F58DB25495DFDE02D1BD1530CE321427ECC08F8EF1E62853BF1C219A6C,TEMPLATE_DHASH_HEADER_LE4_FULL_LE8_ASPECT_DELTA_LT004
86F129C9F1A4A0BE0F30584A7B67D699707FA49D79769BBD4338B0601FA55D0F,3FB46C6ADB7A62D868892D84AE172B635524433BB441F572AFDF46B913EBEE42,TEMPLATE_DHASH_HEADER_LE4_FULL_LE8_ASPECT_DELTA_LT004
870954EEF89AD892FD71524CB79D21979BD74318277339C21A2F4E388F06341B,00A887F58DB25495DFDE02D1BD1530CE321427ECC08F8EF1E62853BF1C219A6C,TEMPLATE_DHASH_HEADER_LE4_FULL_LE8_ASPECT_DELTA_LT004
871A27FC662D38A1C559011615D6A48C9E1BA8D3CC32A234BD5503498F2671F0,01EEBBC0B1CF90274F09A18C563F892FF0D54A246C447FCBFA3AF69E361C94D3,TEMPLATE_DHASH_HEADER_LE4_FULL_LE8_ASPECT_DELTA_LT004
87F2AA02637EE62913CB081146FA2CED91CE4FEA16C4B729941E3652EDC7F8AF,00666E481475A66BFB08CB4FB0F53BBCFB65BF7046310458AF1948A59829CBB3,TEMPLATE_DHASH_HEADER_LE4_FULL_LE8_ASPECT_DELTA_LT004
8804BD85592572AD09BC337FBB10D3AF7DAAE81F939A9ADE2BCAE8B43DBCFEC3,0433389975EC3550CE85ABFB0C93FCD6D66B39F406A635F2A1B7ECFDAD2ACEE3,TEMPLATE_DHASH_HEADER_LE4_FULL_LE8_ASPECT_DELTA_LT004
8826A97C92D5F3C316493C87C2DE5C5E4F8EFC96A246003EED5011A5DCE39E90,010343D4BCC6C1DB12C1129F149212B97C69C10242840BC5A303CC7B4AA87BAF,TEMPLATE_DHASH_HEADER_LE4_FULL_LE8_ASPECT_DELTA_LT004
891B855C542CC48F533E16D15BF00298CF02C5AC66F8D05FB5ACEB99035D63DF,010343D4BCC6C1DB12C1129F149212B97C69C10242840BC5A303CC7B4AA87BAF,TEMPLATE_DHASH_HEADER_LE4_FULL_LE8_ASPECT_DELTA_LT004
895412EA332ACCBA41F9B28494B31FAE1EA1AA820FC26815D81C84882DA4176D,52E48E94AE02735B5811D4F43291DFC21DA9074983A85E5BB255BD0A4C6FA77C,TEMPLATE_DHASH_HEADER_LE4_FULL_LE8_ASPECT_DELTA_LT004
89928C1E1B667DF89D8DDE754377437390B3A7A7FE61EC4FF5E54F03662DA5B9,062D404B15F77BA8C0EABD59CB6BF2C7D319E561D80F744178F01EB08514EDCC,TEMPLATE_DHASH_HEADER_LE4_FULL_LE8_ASPECT_DELTA_LT004
89ED291443AE0BB7EC1C6646F2AE9BFB22F77D463839310C80F3463F78F3FEB4,64E82D80FCAA2EF6D3AEF7EE8141DE7DC33FCD4AD2A80B3297E4E003C123047C,TEMPLATE_DHASH_HEADER_LE4_FULL_LE8_ASPECT_DELTA_LT004
8A16B64A261F811B055D7C178CEFC6DE556D9EA6E4F88FAE4906ED7DF4A17D8D,0BE39898903E624AD3D7957D864B44D6D84B895CE4C0B29042FB99AD5B6A2CFA,TEMPLATE_DHASH_HEADER_LE4_FULL_LE8_ASPECT_DELTA_LT004
8A55E59D25578AB42D030998A505AD64E19E983E4D325911A3013DB958E779C0,487D5E4E9B60C4A86E287EB9340E089D0B6158ED340D8E2EF0F26A96A7F18882,TEMPLATE_DHASH_HEADER_LE4_FULL_LE8_ASPECT_DELTA_LT004
8A57624FA0DD67FCE961474222F97F11BF484B659983C5DC45887E7449E274EA,00A887F58DB25495DFDE02D1BD1530CE321427ECC08F8EF1E62853BF1C219A6C,TEMPLATE_DHASH_HEADER_LE4_FULL_LE8_ASPECT_DELTA_LT004
8A57CD9F3C877DF1239DA0B0C738D1B54278710B0EEBFD2C0ACAAC2814D57B99,00A887F58DB25495DFDE02D1BD1530CE321427ECC08F8EF1E62853BF1C219A6C,TEMPLATE_DHASH_HEADER_LE4_FULL_LE8_ASPECT_DELTA_LT004
8A64B41735B3B600608142415E0C217D7F0C612A792192C0B59C69389228BDDD,08AF3D73E0302637248E1C6068C4735A590AEA0478B805176319D610E66B89DA,TEMPLATE_DHASH_HEADER_LE4_FULL_LE8_ASPECT_DELTA_LT004
8A91BE697504E72D00894ED70CB136CFB447C037BEE877608EEE320D6097072C,037701D5FED89A093E0504409BF6AE6060A2E1FB5E3360732F402A402E8F2E8E,TEMPLATE_DHASH_HEADER_LE4_FULL_LE8_ASPECT_DELTA_LT004
8BB2619FAE5554CE04971B56DA87DD320154C038B95EE961DA4A893D8AE8261D,239BC30DB9260C6A5A365B595D11D3D601BD2A7FDDBFBBC6942F5C5B8DD2C39D,TEMPLATE_DHASH_HEADER_LE4_FULL_LE8_ASPECT_DELTA_LT004
8C45A084C0817A7DE45795105801B0C920364BC89F5DEB24DC52FEEF4BC7F17B,010343D4BCC6C1DB12C1129F149212B97C69C10242840BC5A303CC7B4AA87BAF,TEMPLATE_DHASH_HEADER_LE4_FULL_LE8_ASPECT_DELTA_LT004
8C634F1729311C6FB2EAAD3576538AD1DB5FD4A53E696C4CE0CDA7E48A9765D8,04644AFCA0FD83E0BA9F4699895C76D10FBDBA2FE57B9695DC20E8D7B05F23B9,TEMPLATE_DHASH_HEADER_LE4_FULL_LE8_ASPECT_DELTA_LT004
8C634F1729311C6FB2EAAD3576538AD1DB5FD4A53E696C4CE0CDA7E48A9765D8,3448DCF88F6900E8366CA08BF8BAA0692AD6BEF3F82076ADD95F8FE4947A4B0F,TEMPLATE_DHASH_HEADER_LE4_FULL_LE8_ASPECT_DELTA_LT004
8C890D179D935AA3A1AE6E7063C8092384A4776D5709A94D6FDA0BE102F7DF46,002865257C71829F722158FBCEDB282C220108C3B1CE07E08876E80BAEEA8EB2,TEMPLATE_DHASH_HEADER_LE4_FULL_LE8_ASPECT_DELTA_LT004
8CAFBC6765404E297608AB4687884CA06F82332097FF1D3E8B9313AD1ADD5A88,35C4773BC9C8FC1DC8FA1507AFA0AEB06432146BB6BB557477A44D04C123B6E5,TEMPLATE_DHASH_HEADER_LE4_FULL_LE8_ASPECT_DELTA_LT004
8CAFBC6765404E297608AB4687884CA06F82332097FF1D3E8B9313AD1ADD5A88,77B60D8DF4FBC86CF6252968C853F56FAEEDA985E717813496E7056B93CA9840,TEMPLATE_DHASH_HEADER_LE4_FULL_LE8_ASPECT_DELTA_LT004
8D46878EDAE2D7879432B49A9B7CA06617C68A69A712020F769B4F957EBD61DF,5F3A879162836D55EBF4EC8C114B9C7E46E9FC2AE3CCD7F5BB9102A766C7CDD0,TEMPLATE_DHASH_HEADER_LE4_FULL_LE8_ASPECT_DELTA_LT004
8D4BA8C2CAC074E0F38FB7DC6F25F1E69D2F7AD95506AFB37797512AF3CD9B63,010343D4BCC6C1DB12C1129F149212B97C69C10242840BC5A303CC7B4AA87BAF,TEMPLATE_DHASH_HEADER_LE4_FULL_LE8_ASPECT_DELTA_LT004
8DC80D0E3B2567254DCD7C4C92A0B43A2AA240489E7A0F158EF9D659D7DC10DC,01ED02257A77AEFC1104AC4A1B19B452BE5C85A8BA6756441FB9C4C6ADEF52BF,TEMPLATE_DHASH_HEADER_LE4_FULL_LE8_ASPECT_DELTA_LT004
8DFA8CB9798CCF19F9BAF04C59F34058782E3DE9FF9A2EAB2E22F1B12D8AE149,08D4415DD3DD5F35A1D0E2243FE7197C8894DC3F408F5C6241D2C12EA5EF3144,TEMPLATE_DHASH_HEADER_LE4_FULL_LE8_ASPECT_DELTA_LT004
8E13B132B3C35681FD69825FDE333EBCA80C317CA504C213983AAC7C752C5051,291D53881AC4D3DB4444FEAB3EEA3F5E6E143D9ABC61352ACD5952CE33E4D9A1,TEMPLATE_DHASH_HEADER_LE4_FULL_LE8_ASPECT_DELTA_LT004
8E13B132B3C35681FD69825FDE333EBCA80C317CA504C213983AAC7C752C5051,32E8B48195B841B268A109CF781BAB6898A259ED433D0D655D092E1C2B5A8EE9,TEMPLATE_DHASH_HEADER_LE4_FULL_LE8_ASPECT_DELTA_LT004
8E35C151859E5F6C0FE0F2832287604CE4EB800330CF83D4885A59869028FF43,05C329DF72080120239DE88AA85E91D6F089D1DAA1A7F59B8E53C60752CF1D47,TEMPLATE_DHASH_HEADER_LE4_FULL_LE8_ASPECT_DELTA_LT004
8E3ED9CD08D116D97319FA72591D1A71C1BF262414371319A422952749639061,06D133DEC7E848E3CE560BBE8A8F305EB2CFA072344435DECFBC4AABF2C89A47,TEMPLATE_DHASH_HEADER_LE4_FULL_LE8_ASPECT_DELTA_LT004
8EBCEDEDBC1F5C6641CEC59BF43B69D2768EED5FCD4A90E263675F07FA729345,166F800D9EDF270B19C23DD114D9663F92A11A943FD9C0C549CABE6281F724A3,TEMPLATE_DHASH_HEADER_LE4_FULL_LE8_ASPECT_DELTA_LT004
8F110C4D92620DF0FF6B33FB5FE308E4DEB7C4A477D0C93B9A21E85AAED5B672,02656E7BEACD36FF1D29B09DB3B935C87A2031DBB0AC01CB7FB6EF3190A013A9,TEMPLATE_DHASH_HEADER_LE4_FULL_LE8_ASPECT_DELTA_LT004
8F129D3C66E622121981D62EB4000AED739CC876C6DE502C2BE0EF424E12BDE8,00A887F58DB25495DFDE02D1BD1530CE321427ECC08F8EF1E62853BF1C219A6C,TEMPLATE_DHASH_HEADER_LE4_FULL_LE8_ASPECT_DELTA_LT004
8F590A4478A6EA9CF5BB735F5F313617F920C0D2D8BA1E7C00541EE8848BEAE6,160526753107767C39EC95E3ADDCD2CD497AE532CEFFC3DC2F84BB0DC8CE49FE,TEMPLATE_DHASH_HEADER_LE4_FULL_LE8_ASPECT_DELTA_LT004
8F8B0D04F433688E68340F95C3B73FD2482654BD6272297F57F6A3C68D38C764,1D599FB9901C840037490A7813C889834DFF4C7EEA0D469A58A71E6F59B1268C,TEMPLATE_DHASH_HEADER_LE4_FULL_LE8_ASPECT_DELTA_LT004
8F9645E839D86DD3DA6DAD4B15036B8EE5B0918947E0C81D178CB952F2B2BE1C,010343D4BCC6C1DB12C1129F149212B97C69C10242840BC5A303CC7B4AA87BAF,TEMPLATE_DHASH_HEADER_LE4_FULL_LE8_ASPECT_DELTA_LT004
9006D847B75981F85DFE60D4C44636C58924D5EF921B39BB072209A5FEB97702,121935DCAF0E74813765F04221A3B2771AC2471A7E501773E5ED762449345F74,TEMPLATE_DHASH_HEADER_LE4_FULL_LE8_ASPECT_DELTA_LT004
902E6570382C0FCC9D1AADCD56160F3B5E37DBF6EE4E82A32701D131CB87AA73,18328B3DA1884B52C6326DF5F1BC3410181A90AC55A53F56FD8C6784C1210128,TEMPLATE_DHASH_HEADER_LE4_FULL_LE8_ASPECT_DELTA_LT004
90A1BB6EE9300C81CBFEFC314D0981DAD827FCDD8D8E320E600B069A8E91E2CD,010343D4BCC6C1DB12C1129F149212B97C69C10242840BC5A303CC7B4AA87BAF,TEMPLATE_DHASH_HEADER_LE4_FULL_LE8_ASPECT_DELTA_LT004
910FBAEDB8A90071E399EA9EDD55831BA2A6C779D9DAD241867BBACA82768A4A,010343D4BCC6C1DB12C1129F149212B97C69C10242840BC5A303CC7B4AA87BAF,TEMPLATE_DHASH_HEADER_LE4_FULL_LE8_ASPECT_DELTA_LT004
917A02EE1496F0E6D19856E7F97EE8DD8F58D96DF995059690653F6D30B19708,00A887F58DB25495DFDE02D1BD1530CE321427ECC08F8EF1E62853BF1C219A6C,TEMPLATE_DHASH_HEADER_LE4_FULL_LE8_ASPECT_DELTA_LT004
918370F621103ADF69B84A631E8BCEBB4FDFA068BB4289E44E615F647AD48657,291D53881AC4D3DB4444FEAB3EEA3F5E6E143D9ABC61352ACD5952CE33E4D9A1,TEMPLATE_DHASH_HEADER_LE4_FULL_LE8_ASPECT_DELTA_LT004
919E46614EAB8D6AA723378211A27A0271E06E749E4FC49745AF7520CCE6F1C6,11D14380F5AB72DEA8A5310BFDF5802785E3B72846717188B71C33839F1F7946,TEMPLATE_DHASH_HEADER_LE4_FULL_LE8_ASPECT_DELTA_LT004
91EF6960EEF82A58B41B31F3850C800E27EE8460970F884F1236ABB48F0F1FCC,029212DC679C033902FE2CC264F3CAB6C223BB8366CB0FE8E61BF5329E85FACE,TEMPLATE_DHASH_HEADER_LE4_FULL_LE8_ASPECT_DELTA_LT004
920E2C2CFAD19BCFEF234DE870443978D3779498399D7AE818167099775D713A,010343D4BCC6C1DB12C1129F149212B97C69C10242840BC5A303CC7B4AA87BAF,TEMPLATE_DHASH_HEADER_LE4_FULL_LE8_ASPECT_DELTA_LT004
92233BB1C2523E96C1A5F3CC8390A7507D1776004268A5C883287CB5670AEA94,010343D4BCC6C1DB12C1129F149212B97C69C10242840BC5A303CC7B4AA87BAF,TEMPLATE_DHASH_HEADER_LE4_FULL_LE8_ASPECT_DELTA_LT004
92A207627B7BBB6C591EC6967230F6486D1AD13FAE5E5DD797C7EA38FE3A7ECA,3232DDF4B4915E9F40D395AC61F63126227AC9225AA9518E6A476E614D19884E,TEMPLATE_DHASH_HEADER_LE4_FULL_LE8_ASPECT_DELTA_LT004
92BFEC9ECE7286787335775B1094ECFCB2C3109923B99EA70FEF48F100F7824F,010343D4BCC6C1DB12C1129F149212B97C69C10242840BC5A303CC7B4AA87BAF,TEMPLATE_DHASH_HEADER_LE4_FULL_LE8_ASPECT_DELTA_LT004
92EBBA53AD3476EC888E5D47534BFF0E73C340F8D58B63A2718AE92B6F7EAA21,010343D4BCC6C1DB12C1129F149212B97C69C10242840BC5A303CC7B4AA87BAF,TEMPLATE_DHASH_HEADER_LE4_FULL_LE8_ASPECT_DELTA_LT004
9333843B9DBB69A2C5494D92C99720C003D8A7CC226D80A64758BFF00A433279,08D4415DD3DD5F35A1D0E2243FE7197C8894DC3F408F5C6241D2C12EA5EF3144,TEMPLATE_DHASH_HEADER_LE4_FULL_LE8_ASPECT_DELTA_LT004
93AA062D25DF63997A23155F5E7F14BEFDB6D08912A599345AF02B12FB9F12A9,18328B3DA1884B52C6326DF5F1BC3410181A90AC55A53F56FD8C6784C1210128,TEMPLATE_DHASH_HEADER_LE4_FULL_LE8_ASPECT_DELTA_LT004
93D176F4AAA012A05176DA514967D1BD80A9882897F8A869B072554CEBCFF5ED,166F800D9EDF270B19C23DD114D9663F92A11A943FD9C0C549CABE6281F724A3,TEMPLATE_DHASH_HEADER_LE4_FULL_LE8_ASPECT_DELTA_LT004
9438730B56C9399DAD3C48D8DA087875EBFDAB1EC35C99B951393D326C5A99CF,0A637333314B760AD17FC75D86A32FE397D8DF90EEC6F73D5864CA3746C73DB3,TEMPLATE_DHASH_HEADER_LE4_FULL_LE8_ASPECT_DELTA_LT004
94C119398ED5B3AFEA5B60477FD47392E3AC13E10251C94531B1DB8A1E0A6C12,00A887F58DB25495DFDE02D1BD1530CE321427ECC08F8EF1E62853BF1C219A6C,TEMPLATE_DHASH_HEADER_LE4_FULL_LE8_ASPECT_DELTA_LT004
94F26C21757B539524ED76AA64629C18F390F9D0C9D4ABBBF5AF6484C0FC7528,0AFAE9C55C04A213F0388C634CABAEEA4C9A02686A7B1F8D6CAEF6585DCD3498,TEMPLATE_DHASH_HEADER_LE4_FULL_LE8_ASPECT_DELTA_LT004
94F4F2FDE9F8C99A52B3052E8951186B9BAE1B728954D41DE66D2ED7F6106B60,2508167B50A8E8901EF02FDAC3D11A80EB57A7D000A33B38FE2A22B3B0A13425,TEMPLATE_DHASH_HEADER_LE4_FULL_LE8_ASPECT_DELTA_LT004
95163FEC1BD2F3B4D199C764E42F2B6343270AAC8E142CBF8A7CEC976D87FE34,010343D4BCC6C1DB12C1129F149212B97C69C10242840BC5A303CC7B4AA87BAF,TEMPLATE_DHASH_HEADER_LE4_FULL_LE8_ASPECT_DELTA_LT004
952231558F1FCB85A1DAD9B78A8EE6D6BAA4127CD7DEBD08B775DAA171E947E9,14C5AE52A8EEAFEEFC07064F3CA220CF3FF2275CC59888BA114642668962F978,TEMPLATE_DHASH_HEADER_LE4_FULL_LE8_ASPECT_DELTA_LT004
9533C501848D09DBBEEDF536AB13D5AA44346115AE6BF579C504B93F7598FA36,01EEBBC0B1CF90274F09A18C563F892FF0D54A246C447FCBFA3AF69E361C94D3,TEMPLATE_DHASH_HEADER_LE4_FULL_LE8_ASPECT_DELTA_LT004
9535420A65DBBFDCBDB266D34F2F2C37697034E8F50B59F6DBBABA928461F7D8,166F800D9EDF270B19C23DD114D9663F92A11A943FD9C0C549CABE6281F724A3,TEMPLATE_DHASH_HEADER_LE4_FULL_LE8_ASPECT_DELTA_LT004
95506FC26A8105240416CB0915A50736B594090DDC122EDF482039DCEDC947B8,030126CE7D614353FF03F90C126B6D2C3746D913B36523810DF4F1B51326D882,TEMPLATE_DHASH_HEADER_LE4_FULL_LE8_ASPECT_DELTA_LT004
9595171C316BF157FBB05B3B719D36858109C1542BDDD2104E869FAD47411A31,01EEBBC0B1CF90274F09A18C563F892FF0D54A246C447FCBFA3AF69E361C94D3,TEMPLATE_DHASH_HEADER_LE4_FULL_LE8_ASPECT_DELTA_LT004
9596624061FEBDAE035772A32CC975D358B4BAA9C1833EE21ADB485E2B0B06D3,010343D4BCC6C1DB12C1129F149212B97C69C10242840BC5A303CC7B4AA87BAF,TEMPLATE_DHASH_HEADER_LE4_FULL_LE8_ASPECT_DELTA_LT004
95F2C9C4D0C1D6280F1EB19BEFBEBD0BA285843D7F7A512DB9D892EE33ED6304,291D53881AC4D3DB4444FEAB3EEA3F5E6E143D9ABC61352ACD5952CE33E4D9A1,TEMPLATE_DHASH_HEADER_LE4_FULL_LE8_ASPECT_DELTA_LT004
95F2C9C4D0C1D6280F1EB19BEFBEBD0BA285843D7F7A512DB9D892EE33ED6304,895412EA332ACCBA41F9B28494B31FAE1EA1AA820FC26815D81C84882DA4176D,TEMPLATE_DHASH_HEADER_LE4_FULL_LE8_ASPECT_DELTA_LT004
9723AA331B89D1BB3AA42628C6D4FA1453C8ADB972AAC5EF26D433E659A76C2E,04644AFCA0FD83E0BA9F4699895C76D10FBDBA2FE57B9695DC20E8D7B05F23B9,TEMPLATE_DHASH_HEADER_LE4_FULL_LE8_ASPECT_DELTA_LT004
9768F6CDE07116724DC86D4402184228B3963B7212E3287188A4EF9420F3498B,010343D4BCC6C1DB12C1129F149212B97C69C10242840BC5A303CC7B4AA87BAF,TEMPLATE_DHASH_HEADER_LE4_FULL_LE8_ASPECT_DELTA_LT004
97756EDE6104E0DD39BFE46879DE67906CF89FD042106EA5E96B813BFCD79906,037701D5FED89A093E0504409BF6AE6060A2E1FB5E3360732F402A402E8F2E8E,TEMPLATE_DHASH_HEADER_LE4_FULL_LE8_ASPECT_DELTA_LT004
97EF8934F37425A7635624C8A636DD08FAEC908D41213138991513DAB7E1CD95,00A887F58DB25495DFDE02D1BD1530CE321427ECC08F8EF1E62853BF1C219A6C,TEMPLATE_DHASH_HEADER_LE4_FULL_LE8_ASPECT_DELTA_LT004
97F4874BE79DAC5C72D00B028F6DCBA5564049CA077E6301C7AB4AAD37088BC2,062D404B15F77BA8C0EABD59CB6BF2C7D319E561D80F744178F01EB08514EDCC,TEMPLATE_DHASH_HEADER_LE4_FULL_LE8_ASPECT_DELTA_LT004
9801EA3DCCCCE81A20C1A1FCA6BD057BE02056D5F6AF7568416C159F8EA6F42C,05C329DF72080120239DE88AA85E91D6F089D1DAA1A7F59B8E53C60752CF1D47,TEMPLATE_DHASH_HEADER_LE4_FULL_LE8_ASPECT_DELTA_LT004
983D750D5EF18AC380DF1970A9338EF482746FD22CD81031BB2DD981CB738ED0,0BE39898903E624AD3D7957D864B44D6D84B895CE4C0B29042FB99AD5B6A2CFA,TEMPLATE_DHASH_HEADER_LE4_FULL_LE8_ASPECT_DELTA_LT004
9857D4FCBA430BA90EA4E715013F3C02EBAE08FA6C857E1E859CBF2BA9341BAA,614C2047A38FFFEC9913CEA1D7C91912147857A130D26CEB45D38AFECE1F3018,TEMPLATE_DHASH_HEADER_LE4_FULL_LE8_ASPECT_DELTA_LT004
9893646420FB567085B74B4A937F0D07B988E41AE80615EEA9A62DBEED6CDEB1,029212DC679C033902FE2CC264F3CAB6C223BB8366CB0FE8E61BF5329E85FACE,TEMPLATE_DHASH_HEADER_LE4_FULL_LE8_ASPECT_DELTA_LT004
98A548702408FF5D0DB0A54BEE501A1D25F8C84FFE702021E9855B960A54E722,010343D4BCC6C1DB12C1129F149212B97C69C10242840BC5A303CC7B4AA87BAF,TEMPLATE_DHASH_HEADER_LE4_FULL_LE8_ASPECT_DELTA_LT004
9902D6F74091F460C46CDB14FB50554C46DA9B7F4D9679F73CA51FA1C5766EFF,17E9AF6EB6B495BA29E56681857C9970D33D990CDB10C0387FE85C781AC7E0E2,TEMPLATE_DHASH_HEADER_LE4_FULL_LE8_ASPECT_DELTA_LT004
9945BBDC4DD33F425D4878C2F17FD844168E1F483FE51F229EF5A019C7E4AFB6,010343D4BCC6C1DB12C1129F149212B97C69C10242840BC5A303CC7B4AA87BAF,TEMPLATE_DHASH_HEADER_LE4_FULL_LE8_ASPECT_DELTA_LT004
99A2CF7BF327A43FB919148AA5372122ADF57642939511E90CD42EBD43513074,16C599BB507BA2B2F3C2269E6A2C5D1AECB01E18F4CC72BEBE25B5003074BB39,TEMPLATE_DHASH_HEADER_LE4_FULL_LE8_ASPECT_DELTA_LT004
9A2EE5AC1B90DEFA83B03EA44FC25CFD797A3AFD47E60BCFCEFCBCCBB7571407,487D5E4E9B60C4A86E287EB9340E089D0B6158ED340D8E2EF0F26A96A7F18882,TEMPLATE_DHASH_HEADER_LE4_FULL_LE8_ASPECT_DELTA_LT004
9A3FC7437BBDF8BFE19FD65198BFA9BE76A63DE5BC8E0AC1CEFB3E77373FF816,010343D4BCC6C1DB12C1129F149212B97C69C10242840BC5A303CC7B4AA87BAF,TEMPLATE_DHASH_HEADER_LE4_FULL_LE8_ASPECT_DELTA_LT004
9A4E64C46A21F76C881907BBE1648F5700C42A24EFCB8257BA7244BB01A0CBA9,2CA999327575D864D33380273D2641121C3430B06EBEB1396C57028AD278AEC0,TEMPLATE_DHASH_HEADER_LE4_FULL_LE8_ASPECT_DELTA_LT004
9A8AD632A6650939B79837D8ED72A5DFF5ABDA3A88B2BE48E074E7DD6ECE99F8,2E0C576CBF8D0EBF70A3813880AC9DEF66AC12E0889212F086C21B704453886A,TEMPLATE_DHASH_HEADER_LE4_FULL_LE8_ASPECT_DELTA_LT004
9A9BB0F6EBA54E0D0C25731245270AB989933DF8900A72CE130827CA53B2B37C,010343D4BCC6C1DB12C1129F149212B97C69C10242840BC5A303CC7B4AA87BAF,TEMPLATE_DHASH_HEADER_LE4_FULL_LE8_ASPECT_DELTA_LT004
9AABED26F462B478F277F7E592AA3983B2B9DA888D474F4C93B7A6CEC27AC52F,00A887F58DB25495DFDE02D1BD1530CE321427ECC08F8EF1E62853BF1C219A6C,TEMPLATE_DHASH_HEADER_LE4_FULL_LE8_ASPECT_DELTA_LT004
9AAED50A220E4A59ABBF846248504B1D06023155CCF6AE05B285763B532811D2,00A887F58DB25495DFDE02D1BD1530CE321427ECC08F8EF1E62853BF1C219A6C,TEMPLATE_DHASH_HEADER_LE4_FULL_LE8_ASPECT_DELTA_LT004
9B05799CEE418B6AD0B0876E23A97CDFF1A952C1D031EEA3D6672EABE7EE762E,029212DC679C033902FE2CC264F3CAB6C223BB8366CB0FE8E61BF5329E85FACE,TEMPLATE_DHASH_HEADER_LE4_FULL_LE8_ASPECT_DELTA_LT004
9B82B28BDD8F2617C32E1D8C71705EC2AFC2FCAC71747661CA85C65B08D4C6A5,010343D4BCC6C1DB12C1129F149212B97C69C10242840BC5A303CC7B4AA87BAF,TEMPLATE_DHASH_HEADER_LE4_FULL_LE8_ASPECT_DELTA_LT004
9B835F1EE315552D28E9B177838F43143459553205ED605766309135803AC3DB,8BB6A993C31E82AC7CB82A8F7DA256410F5D07F2EAD669F18712B19DAF9D05ED,TEMPLATE_DHASH_HEADER_LE4_FULL_LE8_ASPECT_DELTA_LT004
9BF5CA3F532649C50C157B6AC8C23B5B7D29E958B4CC86488B96F01A4D183D42,14C5AE52A8EEAFEEFC07064F3CA220CF3FF2275CC59888BA114642668962F978,TEMPLATE_DHASH_HEADER_LE4_FULL_LE8_ASPECT_DELTA_LT004
9C18A5DF27D90556C236651C9E32EE1BD4DAD8D191218BBE8F932CF45131DB46,04644AFCA0FD83E0BA9F4699895C76D10FBDBA2FE57B9695DC20E8D7B05F23B9,TEMPLATE_DHASH_HEADER_LE4_FULL_LE8_ASPECT_DELTA_LT004
9CD3EF32AAC9B333AA663DBDB9C3C50A0569492018FB064DE7CC5131F4E5E0CB,72EDC21A6C809D59BF19C16BA004EBEDB2A9EF36E30C4021255587BD85D02DFA,TEMPLATE_DHASH_HEADER_LE4_FULL_LE8_ASPECT_DELTA_LT004
9CE4431E0E551FCD8F64C87303CAF2B92FF90D1B4592A2EE10776DC2D92E19B0,01B4C3B905B65F5026EE091453D00254A2A5D4EC46E657D0CF0B43DCB3585899,TEMPLATE_DHASH_HEADER_LE4_FULL_LE8_ASPECT_DELTA_LT004
9CF0E925961EE4034C97B109F734605A285C4F6805428D16C4AA73439270B528,19CA2317F157D7F77CBA71C4C7DADA16BA98EB297488E5B8E29356E5C706F58E,TEMPLATE_DHASH_HEADER_LE4_FULL_LE8_ASPECT_DELTA_LT004
9D32EB2A7AAE8AF96268B8B27BA2A8BE47FF4ACFC571F07F51753E2CAC4BC474,01EEBBC0B1CF90274F09A18C563F892FF0D54A246C447FCBFA3AF69E361C94D3,TEMPLATE_DHASH_HEADER_LE4_FULL_LE8_ASPECT_DELTA_LT004
9DDDFEA33E7D9998B202D66E6E3A87FD499E8288F62B8673B1F40A66CF8D51C9,00A887F58DB25495DFDE02D1BD1530CE321427ECC08F8EF1E62853BF1C219A6C,TEMPLATE_DHASH_HEADER_LE4_FULL_LE8_ASPECT_DELTA_LT004
9DF67317E84209D40CCA4D2D55047395A7C689394841DA25A86EA70932197DE8,010343D4BCC6C1DB12C1129F149212B97C69C10242840BC5A303CC7B4AA87BAF,TEMPLATE_DHASH_HEADER_LE4_FULL_LE8_ASPECT_DELTA_LT004
9EB38CEA6E16E710A4E5B014188A0DC4835DD1FBAA413A03598D80E848C1387C,0BE39898903E624AD3D7957D864B44D6D84B895CE4C0B29042FB99AD5B6A2CFA,TEMPLATE_DHASH_HEADER_LE4_FULL_LE8_ASPECT_DELTA_LT004
9F19E8127FAFA3A410DA535F6F5C178CDB2AA84B8AA0B657EBDF2A63D8D71A4C,01EEBBC0B1CF90274F09A18C563F892FF0D54A246C447FCBFA3AF69E361C94D3,TEMPLATE_DHASH_HEADER_LE4_FULL_LE8_ASPECT_DELTA_LT004
9F20D5A914501086136BFED9B88E8DC91452B65E0BB36A48060A33152C56A332,00A887F58DB25495DFDE02D1BD1530CE321427ECC08F8EF1E62853BF1C219A6C,TEMPLATE_DHASH_HEADER_LE4_FULL_LE8_ASPECT_DELTA_LT004
9F78FE8E80F379C7E339E5BD0FB8E4DDFF88B93D72D57F1BE6B0ED3DC77C6DCF,00A887F58DB25495DFDE02D1BD1530CE321427ECC08F8EF1E62853BF1C219A6C,TEMPLATE_DHASH_HEADER_LE4_FULL_LE8_ASPECT_DELTA_LT004
A034D9BA8303AFB573D6F5823B1C9E16413A56593500E3A00A732D1BED52F326,029212DC679C033902FE2CC264F3CAB6C223BB8366CB0FE8E61BF5329E85FACE,TEMPLATE_DHASH_HEADER_LE4_FULL_LE8_ASPECT_DELTA_LT004
A0A5960905B6EC78058181CCC8AC0CE5CC894945AB6D97889A599934D2BE636E,029212DC679C033902FE2CC264F3CAB6C223BB8366CB0FE8E61BF5329E85FACE,TEMPLATE_DHASH_HEADER_LE4_FULL_LE8_ASPECT_DELTA_LT004
A0E70952B21704A19FED7D35D964ABE1A3D24F66EE60C24069DB3658A23852AD,010343D4BCC6C1DB12C1129F149212B97C69C10242840BC5A303CC7B4AA87BAF,TEMPLATE_DHASH_HEADER_LE4_FULL_LE8_ASPECT_DELTA_LT004
A0FB56F6B5FE34808095BAEF8886F29081BC4101DF3E01F0C8167841A53BEEEA,0B618A6161AB2BAED66462912C6D26350205C67C99F3F906BBD85B847C4C359C,TEMPLATE_DHASH_HEADER_LE4_FULL_LE8_ASPECT_DELTA_LT004
A0FB56F6B5FE34808095BAEF8886F29081BC4101DF3E01F0C8167841A53BEEEA,8C4FE2376B296AE1A97D7BF5273F83697EF0E7D3FCA14052088D0B7BAE2C45BB,TEMPLATE_DHASH_HEADER_LE4_FULL_LE8_ASPECT_DELTA_LT004
A12C2363915C402DE302B9049B009E954DCBBC1F91A607F7BCC495645CF16CCC,3232DDF4B4915E9F40D395AC61F63126227AC9225AA9518E6A476E614D19884E,TEMPLATE_DHASH_HEADER_LE4_FULL_LE8_ASPECT_DELTA_LT004
A159E0211AD1EF740AABE80F6400A6BFCF63A683B24530D29E04ABA953327251,3232DDF4B4915E9F40D395AC61F63126227AC9225AA9518E6A476E614D19884E,TEMPLATE_DHASH_HEADER_LE4_FULL_LE8_ASPECT_DELTA_LT004
A1F9B06618E591EB2B3C76518F428FB788547CC1AA53E9544A4A11980A206B57,010343D4BCC6C1DB12C1129F149212B97C69C10242840BC5A303CC7B4AA87BAF,TEMPLATE_DHASH_HEADER_LE4_FULL_LE8_ASPECT_DELTA_LT004
A23CD835EFAEDB3FBA5B0DBCC69F01FFE20FA74C641B2699E3DA9074A50D1EBB,030110C4EECAD8AD99A6AD1A53873B11A63BAD1F04245E5725E05682FCC5D4AA,TEMPLATE_DHASH_HEADER_LE4_FULL_LE8_ASPECT_DELTA_LT004
A2590908E0A0F8CD902C54D81652BA2354723E2A5C0056A2E29C7AB3EC3A445C,0990D2942702442C2BAFC4B137B74346C4F7BEC3364E39EE95DACE83104DDD74,TEMPLATE_DHASH_HEADER_LE4_FULL_LE8_ASPECT_DELTA_LT004
A2928B01A4CD36732A28C69D98E877A906A6EB383769402661C8ACE6EAF9A0EC,0AFAE9C55C04A213F0388C634CABAEEA4C9A02686A7B1F8D6CAEF6585DCD3498,TEMPLATE_DHASH_HEADER_LE4_FULL_LE8_ASPECT_DELTA_LT004
A2BF3657EE083148A054B3F7110C884140B3D69930E58683F957FBAAA580D827,5F27D54F0E68E22B94CC0599AA11815F37E12D38D198BAF916699866A5771C7A,TEMPLATE_DHASH_HEADER_LE4_FULL_LE8_ASPECT_DELTA_LT004
A2D1529D28326B4E8B236A002CD8E46D89D846C50E49B31D238067347F7D0223,00A887F58DB25495DFDE02D1BD1530CE321427ECC08F8EF1E62853BF1C219A6C,TEMPLATE_DHASH_HEADER_LE4_FULL_LE8_ASPECT_DELTA_LT004
A2FDAD9EB62F9728D4A1369E94F1ED407FEE978FAA53FE7BA5035339AB1F6052,00A887F58DB25495DFDE02D1BD1530CE321427ECC08F8EF1E62853BF1C219A6C,TEMPLATE_DHASH_HEADER_LE4_FULL_LE8_ASPECT_DELTA_LT004
A414CF8CC30DADDD6094E677E51CB37E21915CFFEA74A688F3BC5D2AC05373EF,1C0D51D6F3C6284AC33F646437A23D1C8C0413DD8507BC1EF61CE9709A6202CB,TEMPLATE_DHASH_HEADER_LE4_FULL_LE8_ASPECT_DELTA_LT004
A47A2D7859BB08A65A7C8003656803C777E38BC94F7F27EEA4AD1CD8FD5B80FA,08D4415DD3DD5F35A1D0E2243FE7197C8894DC3F408F5C6241D2C12EA5EF3144,TEMPLATE_DHASH_HEADER_LE4_FULL_LE8_ASPECT_DELTA_LT004
A480BD7BF2D262AB240B04C4F67E20BB6D107695A8DC01D209B965B7DF8F1D22,01EEBBC0B1CF90274F09A18C563F892FF0D54A246C447FCBFA3AF69E361C94D3,TEMPLATE_DHASH_HEADER_LE4_FULL_LE8_ASPECT_DELTA_LT004
A49F888D274CFE65CF21EB1527C95105513D9AC250238EECF5F46A3791478CBA,00A887F58DB25495DFDE02D1BD1530CE321427ECC08F8EF1E62853BF1C219A6C,TEMPLATE_DHASH_HEADER_LE4_FULL_LE8_ASPECT_DELTA_LT004
A545E9BB46897229592B7E4460C235D68B749F58E268ADED69BEEC775BA2D440,00A887F58DB25495DFDE02D1BD1530CE321427ECC08F8EF1E62853BF1C219A6C,TEMPLATE_DHASH_HEADER_LE4_FULL_LE8_ASPECT_DELTA_LT004
A5E0A23B19304BAD637E744E9B4ED12D8BF3377521ABFE8FE73049F7EFE47335,010343D4BCC6C1DB12C1129F149212B97C69C10242840BC5A303CC7B4AA87BAF,TEMPLATE_DHASH_HEADER_LE4_FULL_LE8_ASPECT_DELTA_LT004
A662CA0C99BF602548B39BF259B01A4AAA2CA1A594534D0DA328D370E6F32C99,3824396E5D8165E597CA9EE48CA3FEA3B3B4C431CAC43BF725CB3BCFD5F5CFAF,TEMPLATE_DHASH_HEADER_LE4_FULL_LE8_ASPECT_DELTA_LT004
A69004CE99B64253517BF67479A39AC4E7E2BD6E61A8B7FADBEB43AC4D98FC7C,010343D4BCC6C1DB12C1129F149212B97C69C10242840BC5A303CC7B4AA87BAF,TEMPLATE_DHASH_HEADER_LE4_FULL_LE8_ASPECT_DELTA_LT004
A6AD364B22617D413C3D16E1E057C22B686A19E8B85F6EF90F69BB3E880031C2,030126CE7D614353FF03F90C126B6D2C3746D913B36523810DF4F1B51326D882,TEMPLATE_DHASH_HEADER_LE4_FULL_LE8_ASPECT_DELTA_LT004
A6B20E13A4B01BF8446FAC67C1DBB5017F36D9AFE81EEAD4DB7A905F007CBA9F,04C27DADDBAB767585D7DBC73A1273A2C7BCDF998DE7CC73E87E8CA6A10B0383,TEMPLATE_DHASH_HEADER_LE4_FULL_LE8_ASPECT_DELTA_LT004
A6D943E86073406D69A2BE4C1751A6C7EB285A3860B94FE6E1A630775C2D1280,291D53881AC4D3DB4444FEAB3EEA3F5E6E143D9ABC61352ACD5952CE33E4D9A1,TEMPLATE_DHASH_HEADER_LE4_FULL_LE8_ASPECT_DELTA_LT004
A6F677AC979547DCA61C3C09F51FEC807ECF0EE10C90B36C0AA6BA18AFCCD40D,01EEBBC0B1CF90274F09A18C563F892FF0D54A246C447FCBFA3AF69E361C94D3,TEMPLATE_DHASH_HEADER_LE4_FULL_LE8_ASPECT_DELTA_LT004
A71FC5B1F8DC5DEC5BCCCF9BC94C8368C2A741F27460799BFC74BBC21B8D9A76,01EEBBC0B1CF90274F09A18C563F892FF0D54A246C447FCBFA3AF69E361C94D3,TEMPLATE_DHASH_HEADER_LE4_FULL_LE8_ASPECT_DELTA_LT004
A75470D62993B9317232B2513554972B0D32D4BBC1238489D9CAACDDA1FC8FF8,00666E481475A66BFB08CB4FB0F53BBCFB65BF7046310458AF1948A59829CBB3,TEMPLATE_DHASH_HEADER_LE4_FULL_LE8_ASPECT_DELTA_LT004
A7622D943E2C55E1267BAB01BE6F0EA30658F64D967AE038F22845EDE38B62B9,01EEBBC0B1CF90274F09A18C563F892FF0D54A246C447FCBFA3AF69E361C94D3,TEMPLATE_DHASH_HEADER_LE4_FULL_LE8_ASPECT_DELTA_LT004
A79E9B562724ACB0A285620DB140ED3B6F52FCDA4E72FF31363A24D15A583A4E,010343D4BCC6C1DB12C1129F149212B97C69C10242840BC5A303CC7B4AA87BAF,TEMPLATE_DHASH_HEADER_LE4_FULL_LE8_ASPECT_DELTA_LT004
A7E2D050AE6A451E8D7031F3B2CD5C0C7D46028B7C0A78F2B615E19B29272657,010343D4BCC6C1DB12C1129F149212B97C69C10242840BC5A303CC7B4AA87BAF,TEMPLATE_DHASH_HEADER_LE4_FULL_LE8_ASPECT_DELTA_LT004
A925841ABDBBBA3C4CE336C59731CF70CB6A8671AF5CEC26DBDF467A5D92B27F,5CD323BE0FA8C7BF7DF56E09EB62B1338AD699ED21F25A09DBA6E646DA452906,TEMPLATE_DHASH_HEADER_LE4_FULL_LE8_ASPECT_DELTA_LT004
A93C55D266256947439C01BB2AD88DF7261C2EFE439A721B8CDCCB1F8926C8F4,161EC212E4A6935F8CFAB567C97F912D35EDF5215767FC8E77BD1C22BA9EDCB1,TEMPLATE_DHASH_HEADER_LE4_FULL_LE8_ASPECT_DELTA_LT004
A95392B9FC96E4A1DB3656FD23468BD6685794BE5D05DCEA26C7B210995A47D2,11D14380F5AB72DEA8A5310BFDF5802785E3B72846717188B71C33839F1F7946,TEMPLATE_DHASH_HEADER_LE4_FULL_LE8_ASPECT_DELTA_LT004
A96DEE1D6A7E23D5E68607C65FF20DCFE740969199AAC8736E42D59AE4730A2B,25906BA449000FDC416BE77ADE177F67876EE90F96C8DA7EAF7532B3DE978549,TEMPLATE_DHASH_HEADER_LE4_FULL_LE8_ASPECT_DELTA_LT004
AA0A55992BCC4CBF075DECB0D3D6264A5C828DFC2E36E69BED6229A67D129606,11D14380F5AB72DEA8A5310BFDF5802785E3B72846717188B71C33839F1F7946,TEMPLATE_DHASH_HEADER_LE4_FULL_LE8_ASPECT_DELTA_LT004
AA6F3AD1D91CC4FCE231018AA45B333C5C0CC84637ABEB3ED46CF7B91F737025,01B4C3B905B65F5026EE091453D00254A2A5D4EC46E657D0CF0B43DCB3585899,TEMPLATE_DHASH_HEADER_LE4_FULL_LE8_ASPECT_DELTA_LT004
AA84C3A4E4924686D838376E09090FD10087194C01C07A5EA950C292EF7C5773,010343D4BCC6C1DB12C1129F149212B97C69C10242840BC5A303CC7B4AA87BAF,TEMPLATE_DHASH_HEADER_LE4_FULL_LE8_ASPECT_DELTA_LT004
AAA58F0519E8973AF3E81F35297B296B0C1596C01E87249708FF250200CB4755,239BC30DB9260C6A5A365B595D11D3D601BD2A7FDDBFBBC6942F5C5B8DD2C39D,TEMPLATE_DHASH_HEADER_LE4_FULL_LE8_ASPECT_DELTA_LT004
AABF7B716F6EFB57A9B2A94209DC35148FE057B9591E0019F999ED73BEC22319,00A887F58DB25495DFDE02D1BD1530CE321427ECC08F8EF1E62853BF1C219A6C,TEMPLATE_DHASH_HEADER_LE4_FULL_LE8_ASPECT_DELTA_LT004
AAD2F5568F6B6EC4AC0B7B93B2311B60AECA4512383F48F0661CB6158D2BF47A,0BABB116472EB0B8842D82C416C5828FCE82EBA4425A6F4273AFCCD58C9574F3,TEMPLATE_DHASH_HEADER_LE4_FULL_LE8_ASPECT_DELTA_LT004
AB884F3366C4525F87C6694CA20947481EF300287DE4867EB133E4C54BBFC69F,00A887F58DB25495DFDE02D1BD1530CE321427ECC08F8EF1E62853BF1C219A6C,TEMPLATE_DHASH_HEADER_LE4_FULL_LE8_ASPECT_DELTA_LT004
ABDDFA8881E4CD0ED1415E127247052AE060CE64BD2FACE5989B2E277F168543,029212DC679C033902FE2CC264F3CAB6C223BB8366CB0FE8E61BF5329E85FACE,TEMPLATE_DHASH_HEADER_LE4_FULL_LE8_ASPECT_DELTA_LT004
ABFB9D15A1ACBC0F43F7AEEF7EABD9ADDE79A98F23FAE10719ACED072B104F99,1E91DDC230C4879196FB8A9C6D0F2B571E5781379160AA07760A8B3773DA1EAB,TEMPLATE_DHASH_HEADER_LE4_FULL_LE8_ASPECT_DELTA_LT004
AC7F51DCC99C3BC48F1274A5EB79215443AF73810C32D0DBB5F765BBCB40E660,0AFAE9C55C04A213F0388C634CABAEEA4C9A02686A7B1F8D6CAEF6585DCD3498,TEMPLATE_DHASH_HEADER_LE4_FULL_LE8_ASPECT_DELTA_LT004
ACC048319775E1E15699EF5BA9B41FE91E15CA3A4B832DBFD4103758E5F65E97,4DDB265CC5BC70A777E239F345E9DCEB472B0E07A36A97CB747C814966721628,TEMPLATE_DHASH_HEADER_LE4_FULL_LE8_ASPECT_DELTA_LT004
AD2799635E27A7E0E1451185C9AC53A3007944660C2909B4A3901B48049DFC74,086C3868153984B80A9CF8E533AE3DD3D9A1E3AA0CC74EECF32A469E89112AFD,TEMPLATE_DHASH_HEADER_LE4_FULL_LE8_ASPECT_DELTA_LT004
AD38ECC329BC2D1D9C7EB6B476156A3E757E51B81A8781D479A9C382D6413B41,00A887F58DB25495DFDE02D1BD1530CE321427ECC08F8EF1E62853BF1C219A6C,TEMPLATE_DHASH_HEADER_LE4_FULL_LE8_ASPECT_DELTA_LT004
AD6AD70C8513829235E6424DF2D2CE64853CF18203EC9A8FF5976279D77231CF,8C4FE2376B296AE1A97D7BF5273F83697EF0E7D3FCA14052088D0B7BAE2C45BB,TEMPLATE_DHASH_HEADER_LE4_FULL_LE8_ASPECT_DELTA_LT004
AD8BAC5E05109AE4603F6EE1D3ACC2AA53BC2F8B530E34A5C4150D0416E44ACD,932E4DE8FB499D585D29ED6B0456350E27406F8B86F78C4BAF3DBAE65A6CEB9B,TEMPLATE_DHASH_HEADER_LE4_FULL_LE8_ASPECT_DELTA_LT004
AD8BFE9C96C26C6BB914E83C6621C9708F3AFF672AF75B6AB01CD9C0EAE75AC0,0AFAE9C55C04A213F0388C634CABAEEA4C9A02686A7B1F8D6CAEF6585DCD3498,TEMPLATE_DHASH_HEADER_LE4_FULL_LE8_ASPECT_DELTA_LT004
ADDFD63B7C42F1260D78911245A68E078B8F253673927689B4CC49220FF7EB57,00A887F58DB25495DFDE02D1BD1530CE321427ECC08F8EF1E62853BF1C219A6C,TEMPLATE_DHASH_HEADER_LE4_FULL_LE8_ASPECT_DELTA_LT004
ADF2DA89D38748AA9C10DF753D455E11F4A6C39815FD1E071DF87AB7A230CAC3,3824396E5D8165E597CA9EE48CA3FEA3B3B4C431CAC43BF725CB3BCFD5F5CFAF,TEMPLATE_DHASH_HEADER_LE4_FULL_LE8_ASPECT_DELTA_LT004
AE48F358ED15E164307B6F3416EA2A65B1ED9601E64C1F0F9578C8454C395CA4,0846CFEBEEDC318DCF892BDB073260F2B9D11DE1DBAD19523CC213629641A43C,TEMPLATE_DHASH_HEADER_LE4_FULL_LE8_ASPECT_DELTA_LT004
AE6555FAEED3F6DA119B234934065DE34014B600D497678D3CA282EC4EE3AFAC,030110C4EECAD8AD99A6AD1A53873B11A63BAD1F04245E5725E05682FCC5D4AA,TEMPLATE_DHASH_HEADER_LE4_FULL_LE8_ASPECT_DELTA_LT004
AE91E3C556FA0456BA47EC97C0EADF80B7682FD588FAEFAB92CE30C32903AB22,18328B3DA1884B52C6326DF5F1BC3410181A90AC55A53F56FD8C6784C1210128,TEMPLATE_DHASH_HEADER_LE4_FULL_LE8_ASPECT_DELTA_LT004
AF045798312AA570496D34E7F9881A914D147F18BA1EFC937620EDC8A83C01CA,08AF3D73E0302637248E1C6068C4735A590AEA0478B805176319D610E66B89DA,TEMPLATE_DHASH_HEADER_LE4_FULL_LE8_ASPECT_DELTA_LT004
AF07531F61EF959807CE40A9BA8B8362F516A5741D0A152906514C1422FC62B6,12B4F8A879EF86D8F1B1F542753A5C0F1CA0BC63E0BD9E86DE53E1AAB2B75D6F,TEMPLATE_DHASH_HEADER_LE4_FULL_LE8_ASPECT_DELTA_LT004
AF8B6445B3070AB2870510DFF2CAD430EBA17F2CDE35338DFBAF13D2E9EDA8A7,00A887F58DB25495DFDE02D1BD1530CE321427ECC08F8EF1E62853BF1C219A6C,TEMPLATE_DHASH_HEADER_LE4_FULL_LE8_ASPECT_DELTA_LT004
AF9E13927BD6123DA16DE0369AA7435A2892D4D71E8A0B3863F85C6A5E30455A,3232DDF4B4915E9F40D395AC61F63126227AC9225AA9518E6A476E614D19884E,TEMPLATE_DHASH_HEADER_LE4_FULL_LE8_ASPECT_DELTA_LT004
AFB2A16FE5967F1096CB2532D6F726831A460843CB1618E3F75A29899EF26F3D,0431F3F0FA33A87F05475A197FA40165963F462ADD5E0D0F14743141B23F8ECF,TEMPLATE_DHASH_HEADER_LE4_FULL_LE8_ASPECT_DELTA_LT004
AFD04E98404202094A303416378E65BFF378DACC29438FCCB31F15E5DA76A62D,1F26D49FBA99019EB261823E6F5BD97006F5CBD3D0514AC5C4FF96E5829586B7,TEMPLATE_DHASH_HEADER_LE4_FULL_LE8_ASPECT_DELTA_LT004
AFD04E98404202094A303416378E65BFF378DACC29438FCCB31F15E5DA76A62D,382662294B57C459DB9F1231FE0503A77176D130F8EA1BFB709132C3115F1A49,TEMPLATE_DHASH_HEADER_LE4_FULL_LE8_ASPECT_DELTA_LT004
AFD94A7738464B799D40D6192E9DD1BEEC6A0D45A535AACFA3EDD16D0B16F057,1755304EBD124B8B4E1309831FBEB3F6EE40934A39AC4CCF8C158A506F931EF1,TEMPLATE_DHASH_HEADER_LE4_FULL_LE8_ASPECT_DELTA_LT004
AFE5C07F754EC3FF5C6ED21342EB7F60B5116385BF2E096B9D6F69631879E471,037701D5FED89A093E0504409BF6AE6060A2E1FB5E3360732F402A402E8F2E8E,TEMPLATE_DHASH_HEADER_LE4_FULL_LE8_ASPECT_DELTA_LT004
AFED52A09304D2AFC91D1F2FC2680CD10AC199AE959EB631A69F2BC9ABABEB8F,1333A90EBB43AD0E599070C8EF90E5A27A029FF12280CA95C2C03798470CBCCD,TEMPLATE_DHASH_HEADER_LE4_FULL_LE8_ASPECT_DELTA_LT004
B037CD5D6C3DBFE242C1D48A41B2E684E3A06C137605AD08407CCABBF0300E9C,00A887F58DB25495DFDE02D1BD1530CE321427ECC08F8EF1E62853BF1C219A6C,TEMPLATE_DHASH_HEADER_LE4_FULL_LE8_ASPECT_DELTA_LT004
B0A4197888EA55EB0525400667380D7303F51FA37116676CBF8C89C3C4576029,00A887F58DB25495DFDE02D1BD1530CE321427ECC08F8EF1E62853BF1C219A6C,TEMPLATE_DHASH_HEADER_LE4_FULL_LE8_ASPECT_DELTA_LT004
B142C4D54C09C54A8ABAFAADE159DA4B7652B609DC8E7156A2D4ED445DF29F02,08AF3D73E0302637248E1C6068C4735A590AEA0478B805176319D610E66B89DA,TEMPLATE_DHASH_HEADER_LE4_FULL_LE8_ASPECT_DELTA_LT004
B155575B3E5AA921C9BE814DB5AE231CE4A154F9464C903FFF45753EDF9BB098,00A887F58DB25495DFDE02D1BD1530CE321427ECC08F8EF1E62853BF1C219A6C,TEMPLATE_DHASH_HEADER_LE4_FULL_LE8_ASPECT_DELTA_LT004
B22A76E1E4FD31EF224C10ACFE0E347C516EF33BA7C3ECF2F5490502A042BFD9,02656E7BEACD36FF1D29B09DB3B935C87A2031DBB0AC01CB7FB6EF3190A013A9,TEMPLATE_DHASH_HEADER_LE4_FULL_LE8_ASPECT_DELTA_LT004
B261F434C6894AF945296D248F09A6B8DFCADCFD119DC890EDE995D62C59E4AB,00A887F58DB25495DFDE02D1BD1530CE321427ECC08F8EF1E62853BF1C219A6C,TEMPLATE_DHASH_HEADER_LE4_FULL_LE8_ASPECT_DELTA_LT004
B2997181C2966B7D939278DE583E1C455291A7919335F007B8E7502E8FF7BED6,04644AFCA0FD83E0BA9F4699895C76D10FBDBA2FE57B9695DC20E8D7B05F23B9,TEMPLATE_DHASH_HEADER_LE4_FULL_LE8_ASPECT_DELTA_LT004
B2A0FCE48A8A078C9FDBA7A34DFCC9B8B282947AF09EF609C4F2A424AA6F13D7,21A743EACDBE34D280CB667E66C018F678D52E114A99BD11D529122144C44BA4,TEMPLATE_DHASH_HEADER_LE4_FULL_LE8_ASPECT_DELTA_LT004
B2C834CFED8E0CEFDFC52915E35EC7F7E4E3C09E73B77FA068A55848357A78DA,04644AFCA0FD83E0BA9F4699895C76D10FBDBA2FE57B9695DC20E8D7B05F23B9,TEMPLATE_DHASH_HEADER_LE4_FULL_LE8_ASPECT_DELTA_LT004
B2EC24389642801888074E7E0AFA7D94B5A444FDA2F8FE74C2AF1D76B6E3BCEC,0AFAE9C55C04A213F0388C634CABAEEA4C9A02686A7B1F8D6CAEF6585DCD3498,TEMPLATE_DHASH_HEADER_LE4_FULL_LE8_ASPECT_DELTA_LT004
B30F44F06B3B610827B41DCAB057CFBD3F73DFD201E509567A97022B58BE754E,04644AFCA0FD83E0BA9F4699895C76D10FBDBA2FE57B9695DC20E8D7B05F23B9,TEMPLATE_DHASH_HEADER_LE4_FULL_LE8_ASPECT_DELTA_LT004
B35E69E2736957B4E82B541D2FA0882FFA8B690FCF400F00D3565518C39F07E7,2D7A4A576822AA27FDA36C58AA8393A5A69BA09584A74A72FAEDD0C9A4EC76CF,TEMPLATE_DHASH_HEADER_LE4_FULL_LE8_ASPECT_DELTA_LT004
B43FBD417EF3A374DBF2C0452FEBBCF37E606C43B32910257C5C61F0D456E116,00A887F58DB25495DFDE02D1BD1530CE321427ECC08F8EF1E62853BF1C219A6C,TEMPLATE_DHASH_HEADER_LE4_FULL_LE8_ASPECT_DELTA_LT004
B44251C89926FF5181BC892C404BAF4F11E48626212A6C970A5D7DDEAEBF3CA6,0AFAE9C55C04A213F0388C634CABAEEA4C9A02686A7B1F8D6CAEF6585DCD3498,TEMPLATE_DHASH_HEADER_LE4_FULL_LE8_ASPECT_DELTA_LT004
B4430B9D1CE090C0C6EBC8ECC4D373545087A303D6846768C96141BD69FD3D68,25906BA449000FDC416BE77ADE177F67876EE90F96C8DA7EAF7532B3DE978549,TEMPLATE_DHASH_HEADER_LE4_FULL_LE8_ASPECT_DELTA_LT004
B46721DBF0CC1963B2C57D5D4C35252EEC8B7C40AA9B65F00B72A5A0AE888BA5,340AB65A0BFC66875EFA6C40EA968ED8EBF7B7E2A131262BAA9E97DFC5959B4D,TEMPLATE_DHASH_HEADER_LE4_FULL_LE8_ASPECT_DELTA_LT004
B49BC0B1FC19AAC79B16DC36E0EE7096B46796D74369F33A1A753F4B1237A7BD,010343D4BCC6C1DB12C1129F149212B97C69C10242840BC5A303CC7B4AA87BAF,TEMPLATE_DHASH_HEADER_LE4_FULL_LE8_ASPECT_DELTA_LT004
B50033761C545171297B9A1ECC24CB16299CC271859962E767F5A43D1A74A813,0C7925D145798B93A239B694B566BDABF9C25A810391C7A3C1A06180F8BD0624,TEMPLATE_DHASH_HEADER_LE4_FULL_LE8_ASPECT_DELTA_LT004
B5ACDD8CF3C659A5ACA521D4D5BDD33A4ABCED7E3B51BCE62232BF6509A7A6B5,010343D4BCC6C1DB12C1129F149212B97C69C10242840BC5A303CC7B4AA87BAF,TEMPLATE_DHASH_HEADER_LE4_FULL_LE8_ASPECT_DELTA_LT004
B5C325DEA3BD4B0A25EA5C3EDE914856F9CC703DC3DAEF00F3443733CDDC020F,0BE39898903E624AD3D7957D864B44D6D84B895CE4C0B29042FB99AD5B6A2CFA,TEMPLATE_DHASH_HEADER_LE4_FULL_LE8_ASPECT_DELTA_LT004
B5DE25694A1E3F151038528A102E8613AAA3E63ED988DE74C8B99134F65C2CE1,010343D4BCC6C1DB12C1129F149212B97C69C10242840BC5A303CC7B4AA87BAF,TEMPLATE_DHASH_HEADER_LE4_FULL_LE8_ASPECT_DELTA_LT004
B6AA48A5CE30F4F6A36F5A79F52B827827D311ACEFD072DA7ADA5E7DF534E53F,0C88429B88056936267C06652EED9EF20AE1A701A550F3E3992DD9DDEC6C7B5D,TEMPLATE_DHASH_HEADER_LE4_FULL_LE8_ASPECT_DELTA_LT004
B6FC91612D0D67AA4FFBCBAD979A4999CDDD79A3AEEDEEC07B92FD925467783E,1C0D51D6F3C6284AC33F646437A23D1C8C0413DD8507BC1EF61CE9709A6202CB,TEMPLATE_DHASH_HEADER_LE4_FULL_LE8_ASPECT_DELTA_LT004
B74F2DCA315F2C0C20BD3F950FE7D0CDD421C9AB08E1DA4D9B39FBF0A428EB87,86843BA2824BF042AC7FB104A213134C86A7CC60C61C2849ECD243AC58702D17,TEMPLATE_DHASH_HEADER_LE4_FULL_LE8_ASPECT_DELTA_LT004
B77D4EBDF02A914E4B6BB74E218EBA5B9F3C84F47E7C63F5DCAE563B8ABE7A72,00A887F58DB25495DFDE02D1BD1530CE321427ECC08F8EF1E62853BF1C219A6C,TEMPLATE_DHASH_HEADER_LE4_FULL_LE8_ASPECT_DELTA_LT004
B80AFDA11B97B8B04E84D9CD740D359D1C596DF8F1D8F5F1FD844D8FEA257681,00A887F58DB25495DFDE02D1BD1530CE321427ECC08F8EF1E62853BF1C219A6C,TEMPLATE_DHASH_HEADER_LE4_FULL_LE8_ASPECT_DELTA_LT004
B84A772378756B6314CFD7C847ED11E8ED0969129EDEC4C4AB968DFC4819F7C8,3AFB2CE63233BD208F616BCA0151C49963AEBE6E6790383E5EDDE99C80320D70,TEMPLATE_DHASH_HEADER_LE4_FULL_LE8_ASPECT_DELTA_LT004
B84B427F6FD18CB0429FFD385661A0D9E127F2E46C5B2ADC755D18414A870739,010343D4BCC6C1DB12C1129F149212B97C69C10242840BC5A303CC7B4AA87BAF,TEMPLATE_DHASH_HEADER_LE4_FULL_LE8_ASPECT_DELTA_LT004
B8992F725C23EFF6C42C9D6177B1284854ECEFAD3E2F85CA1CFB642ED063AB4F,3232DDF4B4915E9F40D395AC61F63126227AC9225AA9518E6A476E614D19884E,TEMPLATE_DHASH_HEADER_LE4_FULL_LE8_ASPECT_DELTA_LT004
B8B9CC93AD5D652C71367F2D4AAAC897EE3CCF26697314E8B918A140B27EAD43,18328B3DA1884B52C6326DF5F1BC3410181A90AC55A53F56FD8C6784C1210128,TEMPLATE_DHASH_HEADER_LE4_FULL_LE8_ASPECT_DELTA_LT004
BA599EC41FE7E359E5A4333D2216B20E2F1B14EEC86D337177BBE86642EFBC1F,00A887F58DB25495DFDE02D1BD1530CE321427ECC08F8EF1E62853BF1C219A6C,TEMPLATE_DHASH_HEADER_LE4_FULL_LE8_ASPECT_DELTA_LT004
BA98CE4928F0A74D663B803FFB02DF2C63C5E0404FC89B630992D31DEF7B9B63,00A887F58DB25495DFDE02D1BD1530CE321427ECC08F8EF1E62853BF1C219A6C,TEMPLATE_DHASH_HEADER_LE4_FULL_LE8_ASPECT_DELTA_LT004
BAAE431824638D35FB35CDA58C3D162F45CF18993CC7DD8696C0ED104C344E01,08D4415DD3DD5F35A1D0E2243FE7197C8894DC3F408F5C6241D2C12EA5EF3144,TEMPLATE_DHASH_HEADER_LE4_FULL_LE8_ASPECT_DELTA_LT004
BAB2FC9AD6FCB9791998B45C2980B39C5B8761CA41A9B31757578BED83609B74,010343D4BCC6C1DB12C1129F149212B97C69C10242840BC5A303CC7B4AA87BAF,TEMPLATE_DHASH_HEADER_LE4_FULL_LE8_ASPECT_DELTA_LT004
BAD58EFDAD38F78981FFC549AF4B2F8E08A05F91717C17C0926AD6E832356563,00A887F58DB25495DFDE02D1BD1530CE321427ECC08F8EF1E62853BF1C219A6C,TEMPLATE_DHASH_HEADER_LE4_FULL_LE8_ASPECT_DELTA_LT004
BBC0964799DAAA2C35AEDB4004A4C6E0323FAD9332B0FA6ED2A1BE5BAF5EFE27,00666E481475A66BFB08CB4FB0F53BBCFB65BF7046310458AF1948A59829CBB3,TEMPLATE_DHASH_HEADER_LE4_FULL_LE8_ASPECT_DELTA_LT004
BBE194D39B1BE0FC4F79746855975E750A39C4A50FF4BFDC2FD0EE6FA1BE1DE2,029212DC679C033902FE2CC264F3CAB6C223BB8366CB0FE8E61BF5329E85FACE,TEMPLATE_DHASH_HEADER_LE4_FULL_LE8_ASPECT_DELTA_LT004
BC4C6F83B2FFBA9A1285782A30CC36A0D4D8114857F98B6B3B27AA8772F00774,01ED02257A77AEFC1104AC4A1B19B452BE5C85A8BA6756441FB9C4C6ADEF52BF,TEMPLATE_DHASH_HEADER_LE4_FULL_LE8_ASPECT_DELTA_LT004
BC50881D0FA286197EF00AE2A783C5F35035D52AB8D8331389563F71777F200E,0AFAE9C55C04A213F0388C634CABAEEA4C9A02686A7B1F8D6CAEF6585DCD3498,TEMPLATE_DHASH_HEADER_LE4_FULL_LE8_ASPECT_DELTA_LT004
BC710CA9DC8374C895F9D2C756448CC35535DBDD7406A1C328C2FCF2E885C555,08AF3D73E0302637248E1C6068C4735A590AEA0478B805176319D610E66B89DA,TEMPLATE_DHASH_HEADER_LE4_FULL_LE8_ASPECT_DELTA_LT004
BCB5824133621FF86C0E30218A27FF35EB80B07C6ED9B0720BC06055DA926DBD,01B4C3B905B65F5026EE091453D00254A2A5D4EC46E657D0CF0B43DCB3585899,TEMPLATE_DHASH_HEADER_LE4_FULL_LE8_ASPECT_DELTA_LT004
BCBBF28C995BCD25F999826AE1848F034C3835F0CFA162AFA733CB7F3317C176,010343D4BCC6C1DB12C1129F149212B97C69C10242840BC5A303CC7B4AA87BAF,TEMPLATE_DHASH_HEADER_LE4_FULL_LE8_ASPECT_DELTA_LT004
BCDB3FA6314A6818D45588D3055054720B71C0FFD5AF1BF073F8B68C9823DB5C,00A887F58DB25495DFDE02D1BD1530CE321427ECC08F8EF1E62853BF1C219A6C,TEMPLATE_DHASH_HEADER_LE4_FULL_LE8_ASPECT_DELTA_LT004
BD24EA94A76C917A05925825C6264475970B3150A5DD24C5C1706E1BCE397335,00A887F58DB25495DFDE02D1BD1530CE321427ECC08F8EF1E62853BF1C219A6C,TEMPLATE_DHASH_HEADER_LE4_FULL_LE8_ASPECT_DELTA_LT004
BDF21F2211E4DBF480EB36032B6D8C0B592CBC12AD96383E89A76D84590D89D7,487D5E4E9B60C4A86E287EB9340E089D0B6158ED340D8E2EF0F26A96A7F18882,TEMPLATE_DHASH_HEADER_LE4_FULL_LE8_ASPECT_DELTA_LT004
BE2EB39793D6974EDFD51E26FA4D97F7E3D9F1D576A56D51849763230F2F8B89,01EEBBC0B1CF90274F09A18C563F892FF0D54A246C447FCBFA3AF69E361C94D3,TEMPLATE_DHASH_HEADER_LE4_FULL_LE8_ASPECT_DELTA_LT004
BE42D5645B6B6FC115CDDAC2DE7D1E6B4155601B7184FD659D4E749B43A7CC4F,02656E7BEACD36FF1D29B09DB3B935C87A2031DBB0AC01CB7FB6EF3190A013A9,TEMPLATE_DHASH_HEADER_LE4_FULL_LE8_ASPECT_DELTA_LT004
BE59DEF803C07A83A9F8B313117820974411A10C344C882E0DAA0E92A9D9CF94,14C5AE52A8EEAFEEFC07064F3CA220CF3FF2275CC59888BA114642668962F978,TEMPLATE_DHASH_HEADER_LE4_FULL_LE8_ASPECT_DELTA_LT004
BE97BCE0EF4E5EE452625BEB1852CEB279DCCA7CB8D9CBBDF3E3AE6674A4627E,16485E589D8E09631257F3365C7E3DF0F296AB7B989EDC8A91F862F43F85561F,TEMPLATE_DHASH_HEADER_LE4_FULL_LE8_ASPECT_DELTA_LT004
BE9A6EC48E0EAF5EB2B9495596B955648F51A7207FCF2BF3757220A49354F8CB,1C0D51D6F3C6284AC33F646437A23D1C8C0413DD8507BC1EF61CE9709A6202CB,TEMPLATE_DHASH_HEADER_LE4_FULL_LE8_ASPECT_DELTA_LT004
BEBEE3FEB2ECE2A58A28A20BC713DBD94D72534F2C5B58650B9A002E753C4FC7,09F5F33D7AF68E713FCEBDED31CFDA8867C3B5839C983013AC4F4A3B4C64EADA,TEMPLATE_DHASH_HEADER_LE4_FULL_LE8_ASPECT_DELTA_LT004
BF29AA335807B8772722D77E8BB1A6FFF97439E4C538B4E8487ABADED18B3E1E,340AB65A0BFC66875EFA6C40EA968ED8EBF7B7E2A131262BAA9E97DFC5959B4D,TEMPLATE_DHASH_HEADER_LE4_FULL_LE8_ASPECT_DELTA_LT004
BF524A65D0708D90E26239C3125D267507482E33819A415BB5539F6D2642C8BE,01ED02257A77AEFC1104AC4A1B19B452BE5C85A8BA6756441FB9C4C6ADEF52BF,TEMPLATE_DHASH_HEADER_LE4_FULL_LE8_ASPECT_DELTA_LT004
BFA345B7F7EFD8A252FFE7A2961BC8491F0CA8088E7FA68D0FFBA8CDDD06C239,0431F3F0FA33A87F05475A197FA40165963F462ADD5E0D0F14743141B23F8ECF,TEMPLATE_DHASH_HEADER_LE4_FULL_LE8_ASPECT_DELTA_LT004
C03307D0E30E87F1DB5F43875D2908DF294EC66AFC045B5F000F4B437912790C,0BE39898903E624AD3D7957D864B44D6D84B895CE4C0B29042FB99AD5B6A2CFA,TEMPLATE_DHASH_HEADER_LE4_FULL_LE8_ASPECT_DELTA_LT004
C03E5C5FE84DB19CAF29F42F864E7A65D4E49194113D53A1159793A9C9A9C987,08AF3D73E0302637248E1C6068C4735A590AEA0478B805176319D610E66B89DA,TEMPLATE_DHASH_HEADER_LE4_FULL_LE8_ASPECT_DELTA_LT004
C087BAC4C98C0267A3ECF1372EED6FDB0CC59D8472D853D196C162EB3536F616,01B4C3B905B65F5026EE091453D00254A2A5D4EC46E657D0CF0B43DCB3585899,TEMPLATE_DHASH_HEADER_LE4_FULL_LE8_ASPECT_DELTA_LT004
C090BC61FD044DD4AB78163652B0F9EC19969395F05A39AA2C9D37D25ED565E4,2508167B50A8E8901EF02FDAC3D11A80EB57A7D000A33B38FE2A22B3B0A13425,TEMPLATE_DHASH_HEADER_LE4_FULL_LE8_ASPECT_DELTA_LT004
C09735500360DFE78129D14EF3A20E0668C0E08CC4FAC87ECD258E0B194D1F19,01B4C3B905B65F5026EE091453D00254A2A5D4EC46E657D0CF0B43DCB3585899,TEMPLATE_DHASH_HEADER_LE4_FULL_LE8_ASPECT_DELTA_LT004
C09C687DD4CA97DF30A9EEA5AC8D3FC4F376766772980E559830B9458C6E9A0F,010343D4BCC6C1DB12C1129F149212B97C69C10242840BC5A303CC7B4AA87BAF,TEMPLATE_DHASH_HEADER_LE4_FULL_LE8_ASPECT_DELTA_LT004
C128DB050D40091655B54E5796821E4B97A21879827F408B1A1562D141649385,010343D4BCC6C1DB12C1129F149212B97C69C10242840BC5A303CC7B4AA87BAF,TEMPLATE_DHASH_HEADER_LE4_FULL_LE8_ASPECT_DELTA_LT004
C1339904E1A25B7C57F4FCD77911D4E12AC16E32615C65591D13F656405BCD61,08D4415DD3DD5F35A1D0E2243FE7197C8894DC3F408F5C6241D2C12EA5EF3144,TEMPLATE_DHASH_HEADER_LE4_FULL_LE8_ASPECT_DELTA_LT004
C2100227A4E19E89166D86B967E5BBDCD57CA5023BA5E65D69389BC8B8BEC3C8,010343D4BCC6C1DB12C1129F149212B97C69C10242840BC5A303CC7B4AA87BAF,TEMPLATE_DHASH_HEADER_LE4_FULL_LE8_ASPECT_DELTA_LT004
C253AB0D7A2231B0EE8ADE2089FF0F31FB3DCD431952756AEF456E8C35F50177,04644AFCA0FD83E0BA9F4699895C76D10FBDBA2FE57B9695DC20E8D7B05F23B9,TEMPLATE_DHASH_HEADER_LE4_FULL_LE8_ASPECT_DELTA_LT004
C286855F489A0EF1D75420C90BA90D7C7F7357631A50F2B6239F2E888FD0198B,04644AFCA0FD83E0BA9F4699895C76D10FBDBA2FE57B9695DC20E8D7B05F23B9,TEMPLATE_DHASH_HEADER_LE4_FULL_LE8_ASPECT_DELTA_LT004
C2AFDB1568B744D697C3CD2B931B30D120DC01DA9CEED3D069EE948FB11956BC,18FEACDE4C4BC3186A35471632ADCC16CE8B5003E33AB4DD3E2B5F753C965052,TEMPLATE_DHASH_HEADER_LE4_FULL_LE8_ASPECT_DELTA_LT004
C32B2E20D7C26374931D1211FDDC75A8B9DC021D4FB1E43E423060A42FCB0F90,33B95FDA5CDFC4BE5204888C87AB45239DEC0AC1ACB2370964305CE0F768245E,TEMPLATE_DHASH_HEADER_LE4_FULL_LE8_ASPECT_DELTA_LT004
C34D90268A5F10333F6EEB206403454ED03AD03DFE2E0F82144D322FCB2BE2FE,010343D4BCC6C1DB12C1129F149212B97C69C10242840BC5A303CC7B4AA87BAF,TEMPLATE_DHASH_HEADER_LE4_FULL_LE8_ASPECT_DELTA_LT004
C3B17A6E5FCF4075138716E7C05C7C2C00B9C6DB35B1F7CF269759EE308A472C,35C4773BC9C8FC1DC8FA1507AFA0AEB06432146BB6BB557477A44D04C123B6E5,TEMPLATE_DHASH_HEADER_LE4_FULL_LE8_ASPECT_DELTA_LT004
C41A80814FFACC787F7A868C35D087DBA54BCA7ADEAED9E57632749D953A0FC3,08AF3D73E0302637248E1C6068C4735A590AEA0478B805176319D610E66B89DA,TEMPLATE_DHASH_HEADER_LE4_FULL_LE8_ASPECT_DELTA_LT004
C434649C3CDB9EBD6CEC3DB16F2C8FA54B197D8A439ED74DE5FC37F2CE561F88,9B835F1EE315552D28E9B177838F43143459553205ED605766309135803AC3DB,TEMPLATE_DHASH_HEADER_LE4_FULL_LE8_ASPECT_DELTA_LT004
C467CA492CC79EDB963E9E4B1D87CB6B9AC232D99505BB4BFF97EA5240921873,00A887F58DB25495DFDE02D1BD1530CE321427ECC08F8EF1E62853BF1C219A6C,TEMPLATE_DHASH_HEADER_LE4_FULL_LE8_ASPECT_DELTA_LT004
C4A374EBE71A704851898A247AD017B8AA0319E7E9EBAFCC8414F67118C22674,01EEBBC0B1CF90274F09A18C563F892FF0D54A246C447FCBFA3AF69E361C94D3,TEMPLATE_DHASH_HEADER_LE4_FULL_LE8_ASPECT_DELTA_LT004
C4F20F86104A25A042C17226A58FE4A2904FF327D27396E512BFB9855A181AB0,239BC30DB9260C6A5A365B595D11D3D601BD2A7FDDBFBBC6942F5C5B8DD2C39D,TEMPLATE_DHASH_HEADER_LE4_FULL_LE8_ASPECT_DELTA_LT004
C4FA660C17826F3719DD1559315A2810F55C5F458EC9FE51CBC1C34E09580929,0AFAE9C55C04A213F0388C634CABAEEA4C9A02686A7B1F8D6CAEF6585DCD3498,TEMPLATE_DHASH_HEADER_LE4_FULL_LE8_ASPECT_DELTA_LT004
C5015F3E9ACE903E1F1A3F021F972B5725DAA7D97CBF494731F3C5FFBD0178AB,010343D4BCC6C1DB12C1129F149212B97C69C10242840BC5A303CC7B4AA87BAF,TEMPLATE_DHASH_HEADER_LE4_FULL_LE8_ASPECT_DELTA_LT004
C502BC6DB8C90164FEB17CE99C86754EF737BB05F6FC67A6AA3FF4DA2DC377C6,1404DB34FC4F98116BC724C50860B093747B8B6958BA341FCD6820A169B30763,TEMPLATE_DHASH_HEADER_LE4_FULL_LE8_ASPECT_DELTA_LT004
C56F123F393BB64598BE69DCB37593BDFC52727C444D22CDD615B952C5124854,01EEBBC0B1CF90274F09A18C563F892FF0D54A246C447FCBFA3AF69E361C94D3,TEMPLATE_DHASH_HEADER_LE4_FULL_LE8_ASPECT_DELTA_LT004
C5AB3289EC750F8FE7A4D0025AEC51B2F9E3031E9A750BFD7152F5635577B831,045C94F468347D76A752B35C9E1104694E4AD501AE20C72D76DEF8E399357D50,TEMPLATE_DHASH_HEADER_LE4_FULL_LE8_ASPECT_DELTA_LT004
C5B9C7D86E2DF068DFE552D3C8E99BF1E49F577236E7D14AAD24F0DD9FCD3E59,22BDA28CF2C047DBAE010FAB2E10BBC62B4BA1C773808E613AAD19FF658A2C8B,TEMPLATE_DHASH_HEADER_LE4_FULL_LE8_ASPECT_DELTA_LT004
C5B9C7D86E2DF068DFE552D3C8E99BF1E49F577236E7D14AAD24F0DD9FCD3E59,8D279181B302E1B789B6B7E2F513F5CF07899402A43319937B9B30870060813B,TEMPLATE_DHASH_HEADER_LE4_FULL_LE8_ASPECT_DELTA_LT004
C6469439E8A7EADDAB74F948CDEB8C758FB7E73195A0FA9FADF994E98857A5FC,08D4415DD3DD5F35A1D0E2243FE7197C8894DC3F408F5C6241D2C12EA5EF3144,TEMPLATE_DHASH_HEADER_LE4_FULL_LE8_ASPECT_DELTA_LT004
C66AE5D0BA9546144237F3ED91AA92D98D806F940E4D3B863AD114692FFD1AFA,48942984669CD296B57DD449BBBF23B3111EC4EFB58470FF24429BA455660E88,TEMPLATE_DHASH_HEADER_LE4_FULL_LE8_ASPECT_DELTA_LT004
C6FA29FFDF0C2B39FE22AA6A5DF8FDC4C215B1DD849C481E4EF56978B614EAE2,0431F3F0FA33A87F05475A197FA40165963F462ADD5E0D0F14743141B23F8ECF,TEMPLATE_DHASH_HEADER_LE4_FULL_LE8_ASPECT_DELTA_LT004
C7698BD8176A1BD0CBA29A9546F838EABE35A2A06DEE0C6D36F563505078AA56,17E9AF6EB6B495BA29E56681857C9970D33D990CDB10C0387FE85C781AC7E0E2,TEMPLATE_DHASH_HEADER_LE4_FULL_LE8_ASPECT_DELTA_LT004
C7DCFC7B887ED14B331FE01DC9255DB7490E7A0124783AFBAF3B6B292AD6D0A6,08D4415DD3DD5F35A1D0E2243FE7197C8894DC3F408F5C6241D2C12EA5EF3144,TEMPLATE_DHASH_HEADER_LE4_FULL_LE8_ASPECT_DELTA_LT004
C7F8952E61FD0C4654219142B22D14B644DF264D6AE6BBC6B2878E4365B4A86B,0BABB116472EB0B8842D82C416C5828FCE82EBA4425A6F4273AFCCD58C9574F3,TEMPLATE_DHASH_HEADER_LE4_FULL_LE8_ASPECT_DELTA_LT004
C92C0422097D51A3D93193E6CF419568C35B45B68AE7BA0E8F044DAA781BDE27,05C329DF72080120239DE88AA85E91D6F089D1DAA1A7F59B8E53C60752CF1D47,TEMPLATE_DHASH_HEADER_LE4_FULL_LE8_ASPECT_DELTA_LT004
C94D2466ABBCA670AEB72345C937ECD41C9AE3519E58A521C3DC5E400F88B6CB,00A887F58DB25495DFDE02D1BD1530CE321427ECC08F8EF1E62853BF1C219A6C,TEMPLATE_DHASH_HEADER_LE4_FULL_LE8_ASPECT_DELTA_LT004
C9E25B0A4129298A70D0938226DC15E47A3489EE06D723D9F8A969C5193FB68D,00A887F58DB25495DFDE02D1BD1530CE321427ECC08F8EF1E62853BF1C219A6C,TEMPLATE_DHASH_HEADER_LE4_FULL_LE8_ASPECT_DELTA_LT004
C9E46A38A0109D9C87D2CF516D39DF2B685B99E66F6EE09830A75CB7A8A11495,1F6BE1B36C93128E6A23A08F969662219FCDD157D6A9C688764E6E854930C6F1,TEMPLATE_DHASH_HEADER_LE4_FULL_LE8_ASPECT_DELTA_LT004
CA02A2902F5BD9190AD57D7FDB96C2EDBE63D4E91C1524B91B5677BDDA01A3BF,08D4415DD3DD5F35A1D0E2243FE7197C8894DC3F408F5C6241D2C12EA5EF3144,TEMPLATE_DHASH_HEADER_LE4_FULL_LE8_ASPECT_DELTA_LT004
CA106104222A9D6DF2CA34E8D58F08DB9F65369DFD4A2465C7836AFB52F4EABD,00A887F58DB25495DFDE02D1BD1530CE321427ECC08F8EF1E62853BF1C219A6C,TEMPLATE_DHASH_HEADER_LE4_FULL_LE8_ASPECT_DELTA_LT004
CA14A4C3BB942C93600EBD048A66925B35F6189FFF084EE4AF994D09603804F3,340AB65A0BFC66875EFA6C40EA968ED8EBF7B7E2A131262BAA9E97DFC5959B4D,TEMPLATE_DHASH_HEADER_LE4_FULL_LE8_ASPECT_DELTA_LT004
CA3E02045B80670FD0DC23716AAB6FD21E1739242806AA1CDB9C6F8659A1DC1C,1C0D51D6F3C6284AC33F646437A23D1C8C0413DD8507BC1EF61CE9709A6202CB,TEMPLATE_DHASH_HEADER_LE4_FULL_LE8_ASPECT_DELTA_LT004
CA3E02045B80670FD0DC23716AAB6FD21E1739242806AA1CDB9C6F8659A1DC1C,3F01BDD57CB2A4718AD7BFAFF3341CC63E7F054E2CCBE470B7B43AC6F3FE1A12,TEMPLATE_DHASH_HEADER_LE4_FULL_LE8_ASPECT_DELTA_LT004
CA75936BB5B3F05DC8FDB2E6D7BA8CD9F1E57E6DD78173F81181FDC1C88D6451,0AFAE9C55C04A213F0388C634CABAEEA4C9A02686A7B1F8D6CAEF6585DCD3498,TEMPLATE_DHASH_HEADER_LE4_FULL_LE8_ASPECT_DELTA_LT004
CA822291BE5FD43423EDDF731B1B9057412CDFB537AE79EED3E51B4F585A4F40,5F3A879162836D55EBF4EC8C114B9C7E46E9FC2AE3CCD7F5BB9102A766C7CDD0,TEMPLATE_DHASH_HEADER_LE4_FULL_LE8_ASPECT_DELTA_LT004
CAB0406F83A35EAD9D42A79ED8E8474E040EE40EEF15EB623E298600B5D436E9,14C5AE52A8EEAFEEFC07064F3CA220CF3FF2275CC59888BA114642668962F978,TEMPLATE_DHASH_HEADER_LE4_FULL_LE8_ASPECT_DELTA_LT004
CABA4F39709ABF33B35E8EA9E62BA643F45F79B5748305017D7B55C18736C042,17E9AF6EB6B495BA29E56681857C9970D33D990CDB10C0387FE85C781AC7E0E2,TEMPLATE_DHASH_HEADER_LE4_FULL_LE8_ASPECT_DELTA_LT004
CACFCD72797B5F3FDBC68225A60AA5A14FBC6A696BDE7B0F8377B5B9A2BC254C,00A887F58DB25495DFDE02D1BD1530CE321427ECC08F8EF1E62853BF1C219A6C,TEMPLATE_DHASH_HEADER_LE4_FULL_LE8_ASPECT_DELTA_LT004
CAF89CAB8325DB5581C9E345EB911386351A9E239344C51034EE27AC9538F359,487D5E4E9B60C4A86E287EB9340E089D0B6158ED340D8E2EF0F26A96A7F18882,TEMPLATE_DHASH_HEADER_LE4_FULL_LE8_ASPECT_DELTA_LT004
CB0281CD4F100C1DC38A7D347A6595C8742B49F9FA79F5D16AEF07D66FAB7039,1C0D51D6F3C6284AC33F646437A23D1C8C0413DD8507BC1EF61CE9709A6202CB,TEMPLATE_DHASH_HEADER_LE4_FULL_LE8_ASPECT_DELTA_LT004
CB3F881168E39D42F2154112BEFFC872F79A0F1E34F6E9C1939842604C61CA62,062D404B15F77BA8C0EABD59CB6BF2C7D319E561D80F744178F01EB08514EDCC,TEMPLATE_DHASH_HEADER_LE4_FULL_LE8_ASPECT_DELTA_LT004
CBCB53C1EE05C28D9B5783AB3A4E24F15B7A4998DAFCC96C866FBB043A2A3995,11D14380F5AB72DEA8A5310BFDF5802785E3B72846717188B71C33839F1F7946,TEMPLATE_DHASH_HEADER_LE4_FULL_LE8_ASPECT_DELTA_LT004
CBF1504F1A2BD20989734BB93F9A6B821D696DC3D9F026A3AE97DB428987BDF8,00A887F58DB25495DFDE02D1BD1530CE321427ECC08F8EF1E62853BF1C219A6C,TEMPLATE_DHASH_HEADER_LE4_FULL_LE8_ASPECT_DELTA_LT004
CBF2C5E3D3358E302151CED6A4FA4397E6E7656E3D8B5A494F458C3DD20F0286,002865257C71829F722158FBCEDB282C220108C3B1CE07E08876E80BAEEA8EB2,TEMPLATE_DHASH_HEADER_LE4_FULL_LE8_ASPECT_DELTA_LT004
CCFC8856B2EE75B258F83A9BD8D590012639F2C3E9281B03568D96D0692E4D9A,05C329DF72080120239DE88AA85E91D6F089D1DAA1A7F59B8E53C60752CF1D47,TEMPLATE_DHASH_HEADER_LE4_FULL_LE8_ASPECT_DELTA_LT004
CD065BA2CB97F0265D93BF71AC29471DA8CFBC531053CDC4510C69DEEBC3C839,166F800D9EDF270B19C23DD114D9663F92A11A943FD9C0C549CABE6281F724A3,TEMPLATE_DHASH_HEADER_LE4_FULL_LE8_ASPECT_DELTA_LT004
CD4CD7560303283D5284D0D6B005BEEDB1CC792033BDCF94FB6BED9C4125C0E2,C0D4042C7735626A538A99C8481F8B0D139A983D3DE8B0FDB50C6B519588B0D0,TEMPLATE_DHASH_HEADER_LE4_FULL_LE8_ASPECT_DELTA_LT004
CDB8FA0468DAFEC847F39B8E159069F2BA2597D1B1058186990AE30AC611790D,0EB724F472D0867E4028A0EA1819E88AA8B647706DDD3EBF0DF561D3D09B544F,TEMPLATE_DHASH_HEADER_LE4_FULL_LE8_ASPECT_DELTA_LT004
CF8EE0C26F214C226A853C81CBE52E96BF760B42197050F3726F7344891B269F,0431F3F0FA33A87F05475A197FA40165963F462ADD5E0D0F14743141B23F8ECF,TEMPLATE_DHASH_HEADER_LE4_FULL_LE8_ASPECT_DELTA_LT004
CFEBAFFA7B16C0A2A9DA4E31369F607C6769560AE4F0AF5DB7EBC7C7A5796942,0990D2942702442C2BAFC4B137B74346C4F7BEC3364E39EE95DACE83104DDD74,TEMPLATE_DHASH_HEADER_LE4_FULL_LE8_ASPECT_DELTA_LT004
D03B12295D7E2C90B4C243C7F0597B491A97CD0E6AD087AA2E702841D8F70BCF,01EEBBC0B1CF90274F09A18C563F892FF0D54A246C447FCBFA3AF69E361C94D3,TEMPLATE_DHASH_HEADER_LE4_FULL_LE8_ASPECT_DELTA_LT004
D03C1B7D2CE5300F2A3C336A8087AE6560C158270F5B6818D0E8E90DA84B5550,00A887F58DB25495DFDE02D1BD1530CE321427ECC08F8EF1E62853BF1C219A6C,TEMPLATE_DHASH_HEADER_LE4_FULL_LE8_ASPECT_DELTA_LT004
D0B235541FF454DD27C268EFAEAD6B7BD9413252680BF968BD1A73DFBAB8FBF2,291D53881AC4D3DB4444FEAB3EEA3F5E6E143D9ABC61352ACD5952CE33E4D9A1,TEMPLATE_DHASH_HEADER_LE4_FULL_LE8_ASPECT_DELTA_LT004
D0B7E38560380EE7EAF6E34B6061E48C5CF2F35B8AA99A8D2F89E7E6B0A3F40B,3824396E5D8165E597CA9EE48CA3FEA3B3B4C431CAC43BF725CB3BCFD5F5CFAF,TEMPLATE_DHASH_HEADER_LE4_FULL_LE8_ASPECT_DELTA_LT004
D0C22929625573AA924B272A3C6BF3564D06BC107975FA72C28BB8CE97123304,51EEB25AD23B828C7DCB0340F3EDDE2D3B4A5FD563053604CB14917A1A26E572,TEMPLATE_DHASH_HEADER_LE4_FULL_LE8_ASPECT_DELTA_LT004
D11EF5EFCB57C92D4BE706C631DEFF9D02684892A02A457AA7DF2790EC054948,35709A9FA1B5566E20EBF278560F71587E0A106C380B5A0F94F2EE91C79F8222,TEMPLATE_DHASH_HEADER_LE4_FULL_LE8_ASPECT_DELTA_LT004
D163D9B8B20036EC5A3CE46A3EA5FC17F7C3019E2243C66920EF6716BF3A65A9,08D4415DD3DD5F35A1D0E2243FE7197C8894DC3F408F5C6241D2C12EA5EF3144,TEMPLATE_DHASH_HEADER_LE4_FULL_LE8_ASPECT_DELTA_LT004
D183235157D76503E27005F2393996607AA052447B62D8B048242B417E9E45B4,35709A9FA1B5566E20EBF278560F71587E0A106C380B5A0F94F2EE91C79F8222,TEMPLATE_DHASH_HEADER_LE4_FULL_LE8_ASPECT_DELTA_LT004
D19AD7052E1DA4CDC234A7E9C645D2FE992C1AEB9092802605F5BE4CC83326EF,00A887F58DB25495DFDE02D1BD1530CE321427ECC08F8EF1E62853BF1C219A6C,TEMPLATE_DHASH_HEADER_LE4_FULL_LE8_ASPECT_DELTA_LT004
D1B8EF56BC2CC9568D9F04C2ED50CEA8C6F4A17561011E419D36CE40F034ABC8,04644AFCA0FD83E0BA9F4699895C76D10FBDBA2FE57B9695DC20E8D7B05F23B9,TEMPLATE_DHASH_HEADER_LE4_FULL_LE8_ASPECT_DELTA_LT004
D1E6F1AF5284A0AD66F07602A7398225612A7F72630FAB3C140919894AB51E8E,02656E7BEACD36FF1D29B09DB3B935C87A2031DBB0AC01CB7FB6EF3190A013A9,TEMPLATE_DHASH_HEADER_LE4_FULL_LE8_ASPECT_DELTA_LT004
D2009CF9F31D7894DB728342C16C23B5D69767488011AB222E69A86185D457AF,010343D4BCC6C1DB12C1129F149212B97C69C10242840BC5A303CC7B4AA87BAF,TEMPLATE_DHASH_HEADER_LE4_FULL_LE8_ASPECT_DELTA_LT004
D22FA4C5DAD47E0503E3A3BFE4B9F69FCF46A197EFD9D5632C40ACD092587E8D,0AFAE9C55C04A213F0388C634CABAEEA4C9A02686A7B1F8D6CAEF6585DCD3498,TEMPLATE_DHASH_HEADER_LE4_FULL_LE8_ASPECT_DELTA_LT004
D231E007B8428912369BD0B27FE0DD1D3AD06BC65B70264D9311BF50134119CC,C76AFC20227BFFA4DE3F148E4AA91F66A3F069C3DDA082037A4751F7236B6387,TEMPLATE_DHASH_HEADER_LE4_FULL_LE8_ASPECT_DELTA_LT004
D2B1869BDD2518AE809CFC34636DC37AACFF0C166EA643382ACE5354EA81F5EC,AF222AF587C2EB549B9F2FDC0943ABF416C279FD35329C54941B78A5AECA545A,TEMPLATE_DHASH_HEADER_LE4_FULL_LE8_ASPECT_DELTA_LT004
D381BF2B9FE9921A149F2EB5C74207B1E5A4B543B3C045A18B09CA2D7F403833,00A887F58DB25495DFDE02D1BD1530CE321427ECC08F8EF1E62853BF1C219A6C,TEMPLATE_DHASH_HEADER_LE4_FULL_LE8_ASPECT_DELTA_LT004
D3D88DB51CFB9E5E88D7A2832377E45BC7E3E3E8DE51AC805B26039051394636,8D279181B302E1B789B6B7E2F513F5CF07899402A43319937B9B30870060813B,TEMPLATE_DHASH_HEADER_LE4_FULL_LE8_ASPECT_DELTA_LT004
D416AF03D7B5D60FE2A59056080795B421B1D9D54E928A1B22289FCC8A0284B9,1C0D51D6F3C6284AC33F646437A23D1C8C0413DD8507BC1EF61CE9709A6202CB,TEMPLATE_DHASH_HEADER_LE4_FULL_LE8_ASPECT_DELTA_LT004
D47F13C4D81C5BCE308D5DCB445BC07C07CC2768BC801833B8C24EDE0B3038E9,0BE39898903E624AD3D7957D864B44D6D84B895CE4C0B29042FB99AD5B6A2CFA,TEMPLATE_DHASH_HEADER_LE4_FULL_LE8_ASPECT_DELTA_LT004
D49E91493367E3924D7AF8AE16CA0B26567C40EC39687EF9043A0731EF840B3D,062D404B15F77BA8C0EABD59CB6BF2C7D319E561D80F744178F01EB08514EDCC,TEMPLATE_DHASH_HEADER_LE4_FULL_LE8_ASPECT_DELTA_LT004
D5957D9DF6DF9855CAA5CE947E569B66D4ADC253C00A000A2FB29FD88DA8B763,1755304EBD124B8B4E1309831FBEB3F6EE40934A39AC4CCF8C158A506F931EF1,TEMPLATE_DHASH_HEADER_LE4_FULL_LE8_ASPECT_DELTA_LT004
D5A928540B4295A42FCF5B310EB45330AD6A407D3A188D3E5C3A05BA49112712,15017A95CAE592FF03AC85B9E98A3F558AC8C2B2382DE89708D086F963B8F662,TEMPLATE_DHASH_HEADER_LE4_FULL_LE8_ASPECT_DELTA_LT004
D6112D2145364EB672F79507F1EBD2800D09F6C0C372A10556E7F4A2F62EFDD7,047C2412F436FC2F8C7B9D8DBFB7073564E01625547D740A09685C4894783331,TEMPLATE_DHASH_HEADER_LE4_FULL_LE8_ASPECT_DELTA_LT004
D63E75967E91D0B192DBD248E1D804951B173B81CF9853489C12D08AC21EACFF,00A887F58DB25495DFDE02D1BD1530CE321427ECC08F8EF1E62853BF1C219A6C,TEMPLATE_DHASH_HEADER_LE4_FULL_LE8_ASPECT_DELTA_LT004
D69C5625C65854258AE9E71A91F752CC7CF79E424FB3FED772131793213E2817,00A887F58DB25495DFDE02D1BD1530CE321427ECC08F8EF1E62853BF1C219A6C,TEMPLATE_DHASH_HEADER_LE4_FULL_LE8_ASPECT_DELTA_LT004
D7F197A9AB144A1AA1A11A794B66EB9EFDB9593D983625A8E89878B8F0B2ACE0,010343D4BCC6C1DB12C1129F149212B97C69C10242840BC5A303CC7B4AA87BAF,TEMPLATE_DHASH_HEADER_LE4_FULL_LE8_ASPECT_DELTA_LT004
D8451310F49BFC83155DD4B1EAA3B50BC11A07754D2EB597B1D99F873B2F1088,010343D4BCC6C1DB12C1129F149212B97C69C10242840BC5A303CC7B4AA87BAF,TEMPLATE_DHASH_HEADER_LE4_FULL_LE8_ASPECT_DELTA_LT004
D9447ECF57748BEF4988A73E44F26A440F700151DE00488453184DFA0B3BF88D,00A887F58DB25495DFDE02D1BD1530CE321427ECC08F8EF1E62853BF1C219A6C,TEMPLATE_DHASH_HEADER_LE4_FULL_LE8_ASPECT_DELTA_LT004
D9687542799906085EC0185235899EE5C290FD8D41320CFA4E51C2C020D32952,00A887F58DB25495DFDE02D1BD1530CE321427ECC08F8EF1E62853BF1C219A6C,TEMPLATE_DHASH_HEADER_LE4_FULL_LE8_ASPECT_DELTA_LT004
D9861CC700E580878AFB757A991F47553D144B376796E385B08231F27027C972,010343D4BCC6C1DB12C1129F149212B97C69C10242840BC5A303CC7B4AA87BAF,TEMPLATE_DHASH_HEADER_LE4_FULL_LE8_ASPECT_DELTA_LT004
D9A662AF6AFE49CD7E0D29C5662AE48141573BFBDD571675FF24B6F4C47BA5B0,00A887F58DB25495DFDE02D1BD1530CE321427ECC08F8EF1E62853BF1C219A6C,TEMPLATE_DHASH_HEADER_LE4_FULL_LE8_ASPECT_DELTA_LT004
D9BA143F0ECCCB29588BDD83672A67B86A0448BFE5F967FE255067BA929A1FDA,3FB46C6ADB7A62D868892D84AE172B635524433BB441F572AFDF46B913EBEE42,TEMPLATE_DHASH_HEADER_LE4_FULL_LE8_ASPECT_DELTA_LT004
DA1D000CCEC08FADA509471CD0E20F6C981AF95C559091A786FE724290F3DCD4,00A887F58DB25495DFDE02D1BD1530CE321427ECC08F8EF1E62853BF1C219A6C,TEMPLATE_DHASH_HEADER_LE4_FULL_LE8_ASPECT_DELTA_LT004
DA26E17D532C04114C812C63E84D2D9A9E533821C5AF289467BD03078CF2B0AA,0B618A6161AB2BAED66462912C6D26350205C67C99F3F906BBD85B847C4C359C,TEMPLATE_DHASH_HEADER_LE4_FULL_LE8_ASPECT_DELTA_LT004
DA74B2F8E4ABFBB5F64F133F2380B3F588F02C6FB2D1D7FADE497E2DC0D53000,5CD323BE0FA8C7BF7DF56E09EB62B1338AD699ED21F25A09DBA6E646DA452906,TEMPLATE_DHASH_HEADER_LE4_FULL_LE8_ASPECT_DELTA_LT004
DA90A93BE580F95FE5F57983444C78F6B0479F8D349B6390E07DCC05D543D713,01CD21BA921CF3E5B71026D0B35F0455C59E2D2B5B1FCC67BBF6E18173662A57,TEMPLATE_DHASH_HEADER_LE4_FULL_LE8_ASPECT_DELTA_LT004
DA9100439F1D9A3B810F57E18F768FE200074871E2AC69D744B3736FEF1D21C4,029212DC679C033902FE2CC264F3CAB6C223BB8366CB0FE8E61BF5329E85FACE,TEMPLATE_DHASH_HEADER_LE4_FULL_LE8_ASPECT_DELTA_LT004
DAF83EEDC3D7764BA6C8D52B5F53F0AF0A298170E0DAA9D2C547D4E168418AF6,00A887F58DB25495DFDE02D1BD1530CE321427ECC08F8EF1E62853BF1C219A6C,TEMPLATE_DHASH_HEADER_LE4_FULL_LE8_ASPECT_DELTA_LT004
DB4D29DFEC242149E7DEB2C674FB7A28625901B96391CC68D2F99F59A56FA6C7,239BC30DB9260C6A5A365B595D11D3D601BD2A7FDDBFBBC6942F5C5B8DD2C39D,TEMPLATE_DHASH_HEADER_LE4_FULL_LE8_ASPECT_DELTA_LT004
DB543A149C7C3A5B0A723421AD7B1629FFD92C34ADB631A7BA21925B3F076B29,010343D4BCC6C1DB12C1129F149212B97C69C10242840BC5A303CC7B4AA87BAF,TEMPLATE_DHASH_HEADER_LE4_FULL_LE8_ASPECT_DELTA_LT004
DB673D2287ED075167C3AD89F1E5FDC18C3E581A75AE0FE0374AD0C4D6B099F8,00A887F58DB25495DFDE02D1BD1530CE321427ECC08F8EF1E62853BF1C219A6C,TEMPLATE_DHASH_HEADER_LE4_FULL_LE8_ASPECT_DELTA_LT004
DBC3948BA0EB9CDF6C4C6C508C1E98B77AA198D16976C2B1E774B3C133213CFF,7EAA51CBF8E8A92C77D95CA0E159B39C77008FEC20436A92368DEF29FDCA9615,TEMPLATE_DHASH_HEADER_LE4_FULL_LE8_ASPECT_DELTA_LT004
DC6BEB8D08A58B12A06B43633D7954F4CCBBDCDB1158A8163B478E251B92DC00,029212DC679C033902FE2CC264F3CAB6C223BB8366CB0FE8E61BF5329E85FACE,TEMPLATE_DHASH_HEADER_LE4_FULL_LE8_ASPECT_DELTA_LT004
DC76A86B9B4E3732696B023C9D019C6DC29B1D74D19F0CDF62FA4EDAD0E8A5EC,0BE39898903E624AD3D7957D864B44D6D84B895CE4C0B29042FB99AD5B6A2CFA,TEMPLATE_DHASH_HEADER_LE4_FULL_LE8_ASPECT_DELTA_LT004
DCBE22953A36AD961A008B180A630C81D0FF772119747EEE54ED8F628A4BC721,87FB307AC4DDE601D5A4AF49775D540AF75DA22DDB8316C3B3391F8A7C8007DF,TEMPLATE_DHASH_HEADER_LE4_FULL_LE8_ASPECT_DELTA_LT004
DCE7D65D2485570411821C53E99AA69569762370F3A8BA9D337328FB78AD391F,02656E7BEACD36FF1D29B09DB3B935C87A2031DBB0AC01CB7FB6EF3190A013A9,TEMPLATE_DHASH_HEADER_LE4_FULL_LE8_ASPECT_DELTA_LT004
DD3E4B778A019A41A2B6F024DD12DE40F76A621D6AB46235261A5E8B23F3D6EA,01EEBBC0B1CF90274F09A18C563F892FF0D54A246C447FCBFA3AF69E361C94D3,TEMPLATE_DHASH_HEADER_LE4_FULL_LE8_ASPECT_DELTA_LT004
DD765A30735DA1DC498F1F68E349846E18F572FBB6B9091D55A682B6A24E68FA,16485E589D8E09631257F3365C7E3DF0F296AB7B989EDC8A91F862F43F85561F,TEMPLATE_DHASH_HEADER_LE4_FULL_LE8_ASPECT_DELTA_LT004
DD92B26B14B428EC9EEF7991C589E6BC5B34177EE48234490439272A187C4227,0C88429B88056936267C06652EED9EF20AE1A701A550F3E3992DD9DDEC6C7B5D,TEMPLATE_DHASH_HEADER_LE4_FULL_LE8_ASPECT_DELTA_LT004
DDBE1DD162D9C24A450E389593D498CD4910C291C70F8B233500F851987A8C59,340AB65A0BFC66875EFA6C40EA968ED8EBF7B7E2A131262BAA9E97DFC5959B4D,TEMPLATE_DHASH_HEADER_LE4_FULL_LE8_ASPECT_DELTA_LT004
DE28C059C8640AE56F7F2C7B9EFA125F6A3E776543E7B0A0475C6C6C550809B5,487D5E4E9B60C4A86E287EB9340E089D0B6158ED340D8E2EF0F26A96A7F18882,TEMPLATE_DHASH_HEADER_LE4_FULL_LE8_ASPECT_DELTA_LT004
DEB3626A2509FB059118B9368962B9050E368188C034BA9B7D7A981AC6DE1F45,01ED02257A77AEFC1104AC4A1B19B452BE5C85A8BA6756441FB9C4C6ADEF52BF,TEMPLATE_DHASH_HEADER_LE4_FULL_LE8_ASPECT_DELTA_LT004
DED867B6C611631BAC6385336A43E86BD2C9EA22D53849C47A19BEBC732F4C6A,06D133DEC7E848E3CE560BBE8A8F305EB2CFA072344435DECFBC4AABF2C89A47,TEMPLATE_DHASH_HEADER_LE4_FULL_LE8_ASPECT_DELTA_LT004
DF756AB6DA1AD4751608DDF38FAD14F8AC3E184CFB5A3D03549A9E9F60DD829D,3232DDF4B4915E9F40D395AC61F63126227AC9225AA9518E6A476E614D19884E,TEMPLATE_DHASH_HEADER_LE4_FULL_LE8_ASPECT_DELTA_LT004
DF98804B89AEF5F3D70700572F75630F33F42F33BACCEF62A0C7456066E94BFD,1755304EBD124B8B4E1309831FBEB3F6EE40934A39AC4CCF8C158A506F931EF1,TEMPLATE_DHASH_HEADER_LE4_FULL_LE8_ASPECT_DELTA_LT004
DF9A5A317396F2EB09F145A8BC30BF1CA3420C9B185FE1F3A7377B9342F66C88,08EEB31E5FEA01CB1869C83A1C0AC14004D08320B9D98369B045EAFB33798242,TEMPLATE_DHASH_HEADER_LE4_FULL_LE8_ASPECT_DELTA_LT004
DFBC2F2DB3574E4AF1A519731FA1E41DB8C6A90A30DE2485B771F7CDD6DBBA4E,33B95FDA5CDFC4BE5204888C87AB45239DEC0AC1ACB2370964305CE0F768245E,TEMPLATE_DHASH_HEADER_LE4_FULL_LE8_ASPECT_DELTA_LT004
DFC54FDC224631BBD64414B5BBC9C3CA5DC139B9CE35F60F89699C634A925331,1755304EBD124B8B4E1309831FBEB3F6EE40934A39AC4CCF8C158A506F931EF1,TEMPLATE_DHASH_HEADER_LE4_FULL_LE8_ASPECT_DELTA_LT004
E03485A545070183E32C8ECD43D5DBF77CDF177D44C2F201A9172C0A753F334E,16485E589D8E09631257F3365C7E3DF0F296AB7B989EDC8A91F862F43F85561F,TEMPLATE_DHASH_HEADER_LE4_FULL_LE8_ASPECT_DELTA_LT004
E06A1E27219A456A167CF1CA1583CC493930116EE7712D3A74BF870317C1A7F2,010343D4BCC6C1DB12C1129F149212B97C69C10242840BC5A303CC7B4AA87BAF,TEMPLATE_DHASH_HEADER_LE4_FULL_LE8_ASPECT_DELTA_LT004
E083A2C0B185265F948CB45F28739A2413BD8710E104EB2A4583817FDAA8010A,0EB724F472D0867E4028A0EA1819E88AA8B647706DDD3EBF0DF561D3D09B544F,TEMPLATE_DHASH_HEADER_LE4_FULL_LE8_ASPECT_DELTA_LT004
E0B64F87458FA906B275EC3715290322CC3DE49C5EEA5C0518D66E2DB93D0A5C,895412EA332ACCBA41F9B28494B31FAE1EA1AA820FC26815D81C84882DA4176D,TEMPLATE_DHASH_HEADER_LE4_FULL_LE8_ASPECT_DELTA_LT004
E1BD8687178653719CC1872F8CC1A422EBFBC862AAC4FE0F106A4B2947E9748E,010343D4BCC6C1DB12C1129F149212B97C69C10242840BC5A303CC7B4AA87BAF,TEMPLATE_DHASH_HEADER_LE4_FULL_LE8_ASPECT_DELTA_LT004
E2361D3E799D3E0EE8352125B044319D4BF6918F1E4488292F8360AA2BF46DEF,047C2412F436FC2F8C7B9D8DBFB7073564E01625547D740A09685C4894783331,TEMPLATE_DHASH_HEADER_LE4_FULL_LE8_ASPECT_DELTA_LT004
E27A2EB0D78D925DB0BFDCB44BC5F8990ECF15AB74B445EE4FC1480A7E895715,062D404B15F77BA8C0EABD59CB6BF2C7D319E561D80F744178F01EB08514EDCC,TEMPLATE_DHASH_HEADER_LE4_FULL_LE8_ASPECT_DELTA_LT004
E3705DD435EB0F9B9C65EFA33D57110D33CBB6E83A3E6A52B2E44FF8BEC70FD7,010343D4BCC6C1DB12C1129F149212B97C69C10242840BC5A303CC7B4AA87BAF,TEMPLATE_DHASH_HEADER_LE4_FULL_LE8_ASPECT_DELTA_LT004
E3907210A2F2D2D49FCEA7E4C99AB668D5AA7BD8771F20EF6057612BCF9F85DB,029212DC679C033902FE2CC264F3CAB6C223BB8366CB0FE8E61BF5329E85FACE,TEMPLATE_DHASH_HEADER_LE4_FULL_LE8_ASPECT_DELTA_LT004
E3E57561958F450655EFE21C39C6A1BD74B778E789835C7B5205A9E99203C24F,00A887F58DB25495DFDE02D1BD1530CE321427ECC08F8EF1E62853BF1C219A6C,TEMPLATE_DHASH_HEADER_LE4_FULL_LE8_ASPECT_DELTA_LT004
E3FFE6BAF7D9B5810F0A7789ECC24EFD30FBEEA0535B2782F1284D50CD87FB07,010343D4BCC6C1DB12C1129F149212B97C69C10242840BC5A303CC7B4AA87BAF,TEMPLATE_DHASH_HEADER_LE4_FULL_LE8_ASPECT_DELTA_LT004
E415A8C5F28A1BB5A8FAC4F146B80A6AA20CB17A4D6449ECC66AAD21C9BBB31B,43D5262E76B0F6F8E069233F95062256C5EA6BAF3EF70575CCC77136CB1AFC7E,TEMPLATE_DHASH_HEADER_LE4_FULL_LE8_ASPECT_DELTA_LT004
E417899D5543E4E7CB2D0AA826FD5695DAB8A3925730A905D316FA3996CE1A7B,00A887F58DB25495DFDE02D1BD1530CE321427ECC08F8EF1E62853BF1C219A6C,TEMPLATE_DHASH_HEADER_LE4_FULL_LE8_ASPECT_DELTA_LT004
E453A507C8E84A499D6A05799B4F33870B4B4A6E751A8D87665CE1D597D11C24,121935DCAF0E74813765F04221A3B2771AC2471A7E501773E5ED762449345F74,TEMPLATE_DHASH_HEADER_LE4_FULL_LE8_ASPECT_DELTA_LT004
E495C09B5EA0D2E1C2CD7C17FB9F2904150E3C5B0F05997C35FC179EFD6A664C,8A61192775C62ED0A6593E8BFA848AF4F6EA3CF0F6C4DEEB19058AB8488CB134,TEMPLATE_DHASH_HEADER_LE4_FULL_LE8_ASPECT_DELTA_LT004
E4C8834C47AF140E5343783F033950248E083A1625265A1C39C19C9BBDFFA5BE,0431F3F0FA33A87F05475A197FA40165963F462ADD5E0D0F14743141B23F8ECF,TEMPLATE_DHASH_HEADER_LE4_FULL_LE8_ASPECT_DELTA_LT004
E4EE7B924E36DAC149A0DE6D3A14BDF33EF1EC5E95B862558B80009E2B4C6E40,305D8D5FCDD8153B4D7860ABD3DA30A0DEEB2A5FE84A9E26D4CD34F6D700C59D,TEMPLATE_DHASH_HEADER_LE4_FULL_LE8_ASPECT_DELTA_LT004
E4F3E90DFCD1CD5DE0C8E004D83C55B25F29591424CD0D32EB9A5E26F1641223,27BB3486888A0FD9EB49AB34CCAD8DC64D9DBA4526BE1905FC3E4033AB10E4EA,TEMPLATE_DHASH_HEADER_LE4_FULL_LE8_ASPECT_DELTA_LT004
E500D92B10AE0FB96FD2FED52CEE26EC016D8EAF457AFF3FBDC4895F85FC3674,180A072CF185D173A359A133EF852156206CE288B38F895772950BE3A2822433,TEMPLATE_DHASH_HEADER_LE4_FULL_LE8_ASPECT_DELTA_LT004
E500D92B10AE0FB96FD2FED52CEE26EC016D8EAF457AFF3FBDC4895F85FC3674,1C0D51D6F3C6284AC33F646437A23D1C8C0413DD8507BC1EF61CE9709A6202CB,TEMPLATE_DHASH_HEADER_LE4_FULL_LE8_ASPECT_DELTA_LT004
E526C99083663455FF9D8A144F42B5D7CAF3BF3374B88E71DBD20C1423685C76,062D404B15F77BA8C0EABD59CB6BF2C7D319E561D80F744178F01EB08514EDCC,TEMPLATE_DHASH_HEADER_LE4_FULL_LE8_ASPECT_DELTA_LT004
E599D9ADBD781E4D3A4F5A6A603485BA0633E20C447A9615538D861C54048306,010343D4BCC6C1DB12C1129F149212B97C69C10242840BC5A303CC7B4AA87BAF,TEMPLATE_DHASH_HEADER_LE4_FULL_LE8_ASPECT_DELTA_LT004
E59B88AE49EE8B9709A84DD8CC1BF15D2DD13EB799DA810B18DFAA9FB7ACD59F,00666E481475A66BFB08CB4FB0F53BBCFB65BF7046310458AF1948A59829CBB3,TEMPLATE_DHASH_HEADER_LE4_FULL_LE8_ASPECT_DELTA_LT004
E5A80D52B6CFE0A932901333CAD5F1540E5B2904D2D7E25F034C49F025279E80,01EEBBC0B1CF90274F09A18C563F892FF0D54A246C447FCBFA3AF69E361C94D3,TEMPLATE_DHASH_HEADER_LE4_FULL_LE8_ASPECT_DELTA_LT004
E5DAF9B7F340994A01C320E83B9D64BF4D91ABC9AB1925DFF36394D86760BC84,00A887F58DB25495DFDE02D1BD1530CE321427ECC08F8EF1E62853BF1C219A6C,TEMPLATE_DHASH_HEADER_LE4_FULL_LE8_ASPECT_DELTA_LT004
E5EA6863561EC0AC05BD8FC2C4486B673FAEB05EF771CC9073B78A9AE63CE293,010343D4BCC6C1DB12C1129F149212B97C69C10242840BC5A303CC7B4AA87BAF,TEMPLATE_DHASH_HEADER_LE4_FULL_LE8_ASPECT_DELTA_LT004
E65B6E3964E2729270E86EAC179D0828B974A168788E3717BBF681DB950B91F4,169353E3142E56941120B753DAE9B0E5A3527AE78A7B064582040B1D7E98FB61,TEMPLATE_DHASH_HEADER_LE4_FULL_LE8_ASPECT_DELTA_LT004
E6894908E97252F617612B361755AE4CADAD7D0D40883B34D66F68B267BAFBD3,010343D4BCC6C1DB12C1129F149212B97C69C10242840BC5A303CC7B4AA87BAF,TEMPLATE_DHASH_HEADER_LE4_FULL_LE8_ASPECT_DELTA_LT004
E690A5A92162A892DEC37AEF4FCE94601F75E6EFBDA30AB919CC53B2B328F5BA,160526753107767C39EC95E3ADDCD2CD497AE532CEFFC3DC2F84BB0DC8CE49FE,TEMPLATE_DHASH_HEADER_LE4_FULL_LE8_ASPECT_DELTA_LT004
E6A29F36E9DE2AA148E023D38437705EE36F41561E0616E8A414ED38E25DA015,0BABB116472EB0B8842D82C416C5828FCE82EBA4425A6F4273AFCCD58C9574F3,TEMPLATE_DHASH_HEADER_LE4_FULL_LE8_ASPECT_DELTA_LT004
E6B62C1D3E0FA12629EC352DE28028E3FFD836F43CD9ECA1407C095AF5275136,00A887F58DB25495DFDE02D1BD1530CE321427ECC08F8EF1E62853BF1C219A6C,TEMPLATE_DHASH_HEADER_LE4_FULL_LE8_ASPECT_DELTA_LT004
E6DEC7B41595AE659C40B9A202C8DBA4FAFA17EFDFA5C56EBE4E4AC33BF085F4,0405379635CC5D80EAFD03FE53704B24D220C6EFBD7EB0C7A1B8908D312819DF,TEMPLATE_DHASH_HEADER_LE4_FULL_LE8_ASPECT_DELTA_LT004
E7519CC493ECAC5574FC7CD08B9C3A5D9B4015E3E2D4697BD3D44B12E29C05C8,2AC91583AA91BB11E323CFA8A1AF79470AA1C8152DC841F2369F0BBC1EBBAF51,TEMPLATE_DHASH_HEADER_LE4_FULL_LE8_ASPECT_DELTA_LT004
E75D70352EC3D9FB25529BCEEB3B74CC002B4F834E2C4811D63AD3E5709B8111,08AF3D73E0302637248E1C6068C4735A590AEA0478B805176319D610E66B89DA,TEMPLATE_DHASH_HEADER_LE4_FULL_LE8_ASPECT_DELTA_LT004
E7758EB36BDDFC3AAD9884FBFC6825783F985A68F054DCD4FCABBE277CE10A2F,17E9AF6EB6B495BA29E56681857C9970D33D990CDB10C0387FE85C781AC7E0E2,TEMPLATE_DHASH_HEADER_LE4_FULL_LE8_ASPECT_DELTA_LT004
E84EE2D8F3FFFC56FD00153CFED67AEC614227120151E973AFFC920D0E796D2C,0C7925D145798B93A239B694B566BDABF9C25A810391C7A3C1A06180F8BD0624,TEMPLATE_DHASH_HEADER_LE4_FULL_LE8_ASPECT_DELTA_LT004
E8C278DBDA744A0F50B779C7A63DD07DF32F4DF3C5E6A278F59FADD4D7D7A128,086C3868153984B80A9CF8E533AE3DD3D9A1E3AA0CC74EECF32A469E89112AFD,TEMPLATE_DHASH_HEADER_LE4_FULL_LE8_ASPECT_DELTA_LT004
E8DFF560940591F04A1A3D7D1A8A0662A8B10A3B4352D1777F260E3C4514ECB1,43D5262E76B0F6F8E069233F95062256C5EA6BAF3EF70575CCC77136CB1AFC7E,TEMPLATE_DHASH_HEADER_LE4_FULL_LE8_ASPECT_DELTA_LT004
E917F07DBC2701ED05A4141FE21FAD8A1A284A98A741B8A0347E1AF3CCEC1197,8BB6A993C31E82AC7CB82A8F7DA256410F5D07F2EAD669F18712B19DAF9D05ED,TEMPLATE_DHASH_HEADER_LE4_FULL_LE8_ASPECT_DELTA_LT004
E92EF2CC8ECEA4FA4AF559E894C9BB04CEBA9413F7356F43DDFF36BEA258F207,010343D4BCC6C1DB12C1129F149212B97C69C10242840BC5A303CC7B4AA87BAF,TEMPLATE_DHASH_HEADER_LE4_FULL_LE8_ASPECT_DELTA_LT004
E98D9C478D365617D3165BC4C9172CA7D69760AE566B4B515FED65F3C5918B03,C0D4042C7735626A538A99C8481F8B0D139A983D3DE8B0FDB50C6B519588B0D0,TEMPLATE_DHASH_HEADER_LE4_FULL_LE8_ASPECT_DELTA_LT004
E9BBA26952C3730263E9120FEC269F1F2D732652F7A2F2FE8677925273A01F02,3232DDF4B4915E9F40D395AC61F63126227AC9225AA9518E6A476E614D19884E,TEMPLATE_DHASH_HEADER_LE4_FULL_LE8_ASPECT_DELTA_LT004
E9BBA26952C3730263E9120FEC269F1F2D732652F7A2F2FE8677925273A01F02,C0A98883504ED896EE65F0BAB17913181343E3B060353F1B69E7616F48A1C3D0,TEMPLATE_DHASH_HEADER_LE4_FULL_LE8_ASPECT_DELTA_LT004
E9EC9350980F5F090AC48F43BF269EA7107CCF279E2BCF7BFDEEFECADC2A016F,056F2DBFB04063C3907953A9FA896F379670BFB843A6C1C8D08A4A79E784AF5C,TEMPLATE_DHASH_HEADER_LE4_FULL_LE8_ASPECT_DELTA_LT004
EA20BABFAC6D778461BFAFA2DE072720F8EA92BE874D3D6B4B1C39E421274D8F,030126CE7D614353FF03F90C126B6D2C3746D913B36523810DF4F1B51326D882,TEMPLATE_DHASH_HEADER_LE4_FULL_LE8_ASPECT_DELTA_LT004
EBA323452EC7F15754E63AB2094D9D81C5BF968B786BEB95C927D4FD0C4ACA97,030110C4EECAD8AD99A6AD1A53873B11A63BAD1F04245E5725E05682FCC5D4AA,TEMPLATE_DHASH_HEADER_LE4_FULL_LE8_ASPECT_DELTA_LT004
EC2D553A5E77BC31BDDE1D8CC4A00159A8D055FA1E0F7BD830AEBEC5B32F44D6,08D4415DD3DD5F35A1D0E2243FE7197C8894DC3F408F5C6241D2C12EA5EF3144,TEMPLATE_DHASH_HEADER_LE4_FULL_LE8_ASPECT_DELTA_LT004
EC83998F355257D58F55AAF5C4AFD007E76B5A5685633187F96D58C8874438A5,11D14380F5AB72DEA8A5310BFDF5802785E3B72846717188B71C33839F1F7946,TEMPLATE_DHASH_HEADER_LE4_FULL_LE8_ASPECT_DELTA_LT004
EC9F542C0D762349330D7C9D5BA35113FE54E325A7794D5D7246158EF14E78C4,25906BA449000FDC416BE77ADE177F67876EE90F96C8DA7EAF7532B3DE978549,TEMPLATE_DHASH_HEADER_LE4_FULL_LE8_ASPECT_DELTA_LT004
ECAB84F2B7ACE6067202550CC1F288749C0D9933D73906EA57EC7E2CE27438EF,04644AFCA0FD83E0BA9F4699895C76D10FBDBA2FE57B9695DC20E8D7B05F23B9,TEMPLATE_DHASH_HEADER_LE4_FULL_LE8_ASPECT_DELTA_LT004
ED19A5F8AEC4AD20435C707E6523CA381B42F4AB56B354CCBBD95F9D549BEFD4,00A887F58DB25495DFDE02D1BD1530CE321427ECC08F8EF1E62853BF1C219A6C,TEMPLATE_DHASH_HEADER_LE4_FULL_LE8_ASPECT_DELTA_LT004
ED6DA19430ED82C9D9215B2498F177CABE7A874E3BC5DAEF4BA7DEB6309A3F32,7EAA51CBF8E8A92C77D95CA0E159B39C77008FEC20436A92368DEF29FDCA9615,TEMPLATE_DHASH_HEADER_LE4_FULL_LE8_ASPECT_DELTA_LT004
ED6DA68BBBAD2D35F398BBBC9B2F280D0285969D325BBD7559D2F60031221717,01EEBBC0B1CF90274F09A18C563F892FF0D54A246C447FCBFA3AF69E361C94D3,TEMPLATE_DHASH_HEADER_LE4_FULL_LE8_ASPECT_DELTA_LT004
ED9DA7E668125AAC48AC5D5CB1649B43B8E8636A4B0446E134B7941C890918D3,010343D4BCC6C1DB12C1129F149212B97C69C10242840BC5A303CC7B4AA87BAF,TEMPLATE_DHASH_HEADER_LE4_FULL_LE8_ASPECT_DELTA_LT004
EDC54B347FB32B128E5218BB92547F4AA440585DF3915ABC4D44D90098E2B18E,00A887F58DB25495DFDE02D1BD1530CE321427ECC08F8EF1E62853BF1C219A6C,TEMPLATE_DHASH_HEADER_LE4_FULL_LE8_ASPECT_DELTA_LT004
EDC98B31AFA7DF61EF661801826D24693949F1D02F83E01A2A44D99732D13B50,2CA999327575D864D33380273D2641121C3430B06EBEB1396C57028AD278AEC0,TEMPLATE_DHASH_HEADER_LE4_FULL_LE8_ASPECT_DELTA_LT004
EE950C6BAF7DA9C86E8E4FDC679E2D5BDF85603D5EF1C8DD6FCFBA2FFE9541B1,010343D4BCC6C1DB12C1129F149212B97C69C10242840BC5A303CC7B4AA87BAF,TEMPLATE_DHASH_HEADER_LE4_FULL_LE8_ASPECT_DELTA_LT004
EEAABE46C4993290A0083DAFDA13EE6121EF807C061364CA9242D401AE006593,01EEBBC0B1CF90274F09A18C563F892FF0D54A246C447FCBFA3AF69E361C94D3,TEMPLATE_DHASH_HEADER_LE4_FULL_LE8_ASPECT_DELTA_LT004
EF66C78DED8518E2D794AE7A624C10A37F92E4457E92B93C4954B67CC013C796,AC37463A396EFEB20601425E5BB45D2D747C5E48603CFE56E247737AAF48D8DE,TEMPLATE_DHASH_HEADER_LE4_FULL_LE8_ASPECT_DELTA_LT004
EF7D8D2B6EB1DA2009EE2C414B127F6EA6B1B2EE8A71CDDE5D494B88BB7021E2,1F26D49FBA99019EB261823E6F5BD97006F5CBD3D0514AC5C4FF96E5829586B7,TEMPLATE_DHASH_HEADER_LE4_FULL_LE8_ASPECT_DELTA_LT004
EF8D085AA0CC522DC505BFA3EE404551CA496928CC603CA9A2E2F72261C64480,0990D2942702442C2BAFC4B137B74346C4F7BEC3364E39EE95DACE83104DDD74,TEMPLATE_DHASH_HEADER_LE4_FULL_LE8_ASPECT_DELTA_LT004
EFA7644399240D4CE98CFC0922C43901B82B82154718FBA1C01D066A528AAE93,93036EEF1A8A5CF4FE20C745C5AAAB528059A8F2492D3A7BDA905B3194023657,TEMPLATE_DHASH_HEADER_LE4_FULL_LE8_ASPECT_DELTA_LT004
F02532D4FE739AE475EF518FE9ABF04523A9FCE2A2AF2966D6A8A65C39F06861,00A887F58DB25495DFDE02D1BD1530CE321427ECC08F8EF1E62853BF1C219A6C,TEMPLATE_DHASH_HEADER_LE4_FULL_LE8_ASPECT_DELTA_LT004
F0890A0F57FAD278E98ECA684AF5AFD773B52999C7296A4372345F0140A9AA3D,61028A70518BA892F45603BF90EC226C18A19A5179CFD58A8C6A7038250D18A9,TEMPLATE_DHASH_HEADER_LE4_FULL_LE8_ASPECT_DELTA_LT004
F09DA5A7B07A5B624E927B55E85566FE5430BA189F57990FC0195433ADAD4EDE,577A9D71CD8966371762425B96EA7F3FE7E06FD5C0203F72E64A6011C17C0F6E,TEMPLATE_DHASH_HEADER_LE4_FULL_LE8_ASPECT_DELTA_LT004
F128AA90E662AD7CDB80CA46AEBFBA2F20A8B122EEC15961781923955AD06E2E,43D5262E76B0F6F8E069233F95062256C5EA6BAF3EF70575CCC77136CB1AFC7E,TEMPLATE_DHASH_HEADER_LE4_FULL_LE8_ASPECT_DELTA_LT004
F1D6DF38C956FF2FBF30C665EB678BEDC73541E868C90BBE1914DC39CFC81B74,00A887F58DB25495DFDE02D1BD1530CE321427ECC08F8EF1E62853BF1C219A6C,TEMPLATE_DHASH_HEADER_LE4_FULL_LE8_ASPECT_DELTA_LT004
F1ED5614878958FA3F8F6FE4EC67586AED7BE453B74BAF85343B51C660276FC5,002865257C71829F722158FBCEDB282C220108C3B1CE07E08876E80BAEEA8EB2,TEMPLATE_DHASH_HEADER_LE4_FULL_LE8_ASPECT_DELTA_LT004
F20FB9FCF93C82B0A97A7A67BFE6F5483C480F94C937353FCAE85095E78B4D30,AFD04E98404202094A303416378E65BFF378DACC29438FCCB31F15E5DA76A62D,TEMPLATE_DHASH_HEADER_LE4_FULL_LE8_ASPECT_DELTA_LT004
F317BB18993C7CED7A45AA3F6FD178FA96A6172E7FABD7108EEF224157CC0671,291D53881AC4D3DB4444FEAB3EEA3F5E6E143D9ABC61352ACD5952CE33E4D9A1,TEMPLATE_DHASH_HEADER_LE4_FULL_LE8_ASPECT_DELTA_LT004
F31E350293C5EBBC824D100FFFB2E4A84115DC163CBFA5B15223DD440A617090,02656E7BEACD36FF1D29B09DB3B935C87A2031DBB0AC01CB7FB6EF3190A013A9,TEMPLATE_DHASH_HEADER_LE4_FULL_LE8_ASPECT_DELTA_LT004
F36DDC207A40D81075D8AC15AFEE80E857697E22529B6126925EF8D73DC72A5A,1F6BE1B36C93128E6A23A08F969662219FCDD157D6A9C688764E6E854930C6F1,TEMPLATE_DHASH_HEADER_LE4_FULL_LE8_ASPECT_DELTA_LT004
F3A3A486DF2712665DE56C52AF6656793D2486EDF2AA215E03C56349237419D6,00A887F58DB25495DFDE02D1BD1530CE321427ECC08F8EF1E62853BF1C219A6C,TEMPLATE_DHASH_HEADER_LE4_FULL_LE8_ASPECT_DELTA_LT004
F443E494D46E40F1F5B004E0BC03FDCF866CA452BA358FAA128DE88FD1A1BFF2,086C3868153984B80A9CF8E533AE3DD3D9A1E3AA0CC74EECF32A469E89112AFD,TEMPLATE_DHASH_HEADER_LE4_FULL_LE8_ASPECT_DELTA_LT004
F48A1CF87F8AE7742A2FE0A5582B1A27A673493A7DA2EDB8A8DADC5D2B77A63D,00A887F58DB25495DFDE02D1BD1530CE321427ECC08F8EF1E62853BF1C219A6C,TEMPLATE_DHASH_HEADER_LE4_FULL_LE8_ASPECT_DELTA_LT004
F59B3025F9B2C83E846D195A3DE81ADFD12FDA013D83B2556DB4B42445B76622,D3D88DB51CFB9E5E88D7A2832377E45BC7E3E3E8DE51AC805B26039051394636,TEMPLATE_DHASH_HEADER_LE4_FULL_LE8_ASPECT_DELTA_LT004
F59C802AC4208228045C36181C016950962BB99A00CD60D30068C9B2118271BC,00A887F58DB25495DFDE02D1BD1530CE321427ECC08F8EF1E62853BF1C219A6C,TEMPLATE_DHASH_HEADER_LE4_FULL_LE8_ASPECT_DELTA_LT004
F63EFF161E10CF1225DD97065B64D1CA18F46DAE2F95D32106C15810281D8BC8,08D4415DD3DD5F35A1D0E2243FE7197C8894DC3F408F5C6241D2C12EA5EF3144,TEMPLATE_DHASH_HEADER_LE4_FULL_LE8_ASPECT_DELTA_LT004
F68FFBB0988D213FEDF95E02671C5249BA98E44CC73C48633A144C420E746CCE,010343D4BCC6C1DB12C1129F149212B97C69C10242840BC5A303CC7B4AA87BAF,TEMPLATE_DHASH_HEADER_LE4_FULL_LE8_ASPECT_DELTA_LT004
F6BD7A6DFD38FA6CC1436A75F1D68C77A0E0921050998B4803E87E4ED14FCD54,00A887F58DB25495DFDE02D1BD1530CE321427ECC08F8EF1E62853BF1C219A6C,TEMPLATE_DHASH_HEADER_LE4_FULL_LE8_ASPECT_DELTA_LT004
F6E6DBE4FEE024C94DDDF78999FDB798300445A5CE72C950DB209353CAF5E7E1,00A887F58DB25495DFDE02D1BD1530CE321427ECC08F8EF1E62853BF1C219A6C,TEMPLATE_DHASH_HEADER_LE4_FULL_LE8_ASPECT_DELTA_LT004
F725B4229EBD565A5BE6A7ADB42AEA4114D1EAB6002088E2EBD038F51BAB05DE,00A887F58DB25495DFDE02D1BD1530CE321427ECC08F8EF1E62853BF1C219A6C,TEMPLATE_DHASH_HEADER_LE4_FULL_LE8_ASPECT_DELTA_LT004
F7410A2B38FC9DE05D2F5D74DD79C5237FE01A8FA1ED3536844DF21777885ED9,0AFAE9C55C04A213F0388C634CABAEEA4C9A02686A7B1F8D6CAEF6585DCD3498,TEMPLATE_DHASH_HEADER_LE4_FULL_LE8_ASPECT_DELTA_LT004
F75C4C0B9CB0F5C9DC73516970C0A96A09EDC1141F2EED9968A8CEF0786DA72B,0DDD4740926665B1F2CA1C85C2F251ECBDC8D72EA9155909898B72928455C029,TEMPLATE_DHASH_HEADER_LE4_FULL_LE8_ASPECT_DELTA_LT004
F75E14D3306E582993E85C486C4085A4238AB020B76AAD0706CF5D2EFBD8711E,0433389975EC3550CE85ABFB0C93FCD6D66B39F406A635F2A1B7ECFDAD2ACEE3,TEMPLATE_DHASH_HEADER_LE4_FULL_LE8_ASPECT_DELTA_LT004
F76A7F8DC2B2DA23464A2823E8ECEDD428A1BC84C2E840760F2825302788EC9A,6A19E35A6ABC9779551A8B03A45A480090726EC526CA32ABE637DAE9DC09E317,TEMPLATE_DHASH_HEADER_LE4_FULL_LE8_ASPECT_DELTA_LT004
F798C037CB547CE8C7B8EA89225A776A4CA6CD1C4FFB08A14EE739A4EAD7ADD5,01EEBBC0B1CF90274F09A18C563F892FF0D54A246C447FCBFA3AF69E361C94D3,TEMPLATE_DHASH_HEADER_LE4_FULL_LE8_ASPECT_DELTA_LT004
F7CDB6C9475CEAE90F1F8A67949A0D408B109C75B83F7F5ECCB0271E34450308,08D4415DD3DD5F35A1D0E2243FE7197C8894DC3F408F5C6241D2C12EA5EF3144,TEMPLATE_DHASH_HEADER_LE4_FULL_LE8_ASPECT_DELTA_LT004
F7CE019C15AA7C975DCFDF582EF7DC4467993E469ACCB5CD34D2CB0119832525,010343D4BCC6C1DB12C1129F149212B97C69C10242840BC5A303CC7B4AA87BAF,TEMPLATE_DHASH_HEADER_LE4_FULL_LE8_ASPECT_DELTA_LT004
F8D4766E8FF381CB54A80D272A79A2EA85C429A48739B1176669898459154BB6,17E9AF6EB6B495BA29E56681857C9970D33D990CDB10C0387FE85C781AC7E0E2,TEMPLATE_DHASH_HEADER_LE4_FULL_LE8_ASPECT_DELTA_LT004
FA4A41A1042A546B9B8F869C63A46C1E2A86E0C8D7BEBEDC1EEAC17B055AB87C,9AB1DAEE7A08DA85619D497748CC9341AB46981FBE3652886F2DDFB9346D70AD,TEMPLATE_DHASH_HEADER_LE4_FULL_LE8_ASPECT_DELTA_LT004
FB6BEE8F1D8BD758963C91213EA224344D076A9890EAE4D598AB4E5EB97F7FDF,0431F3F0FA33A87F05475A197FA40165963F462ADD5E0D0F14743141B23F8ECF,TEMPLATE_DHASH_HEADER_LE4_FULL_LE8_ASPECT_DELTA_LT004
FB9793DC94A8178102D75A97E0840E287BDD71D8EA9F9B07588D1582BB3FBB75,010343D4BCC6C1DB12C1129F149212B97C69C10242840BC5A303CC7B4AA87BAF,TEMPLATE_DHASH_HEADER_LE4_FULL_LE8_ASPECT_DELTA_LT004
FBCDA7565A60AAB32926B68591BF2C7A86F408D46DC228AA9E5F98D76ADD8FD2,029212DC679C033902FE2CC264F3CAB6C223BB8366CB0FE8E61BF5329E85FACE,TEMPLATE_DHASH_HEADER_LE4_FULL_LE8_ASPECT_DELTA_LT004
FC7CAABF0DC37DA0008DAB21CB11879C300FEF215B2B69DCC0BD08081358CCFB,010343D4BCC6C1DB12C1129F149212B97C69C10242840BC5A303CC7B4AA87BAF,TEMPLATE_DHASH_HEADER_LE4_FULL_LE8_ASPECT_DELTA_LT004
FD0BB6E9BCCBF8A365C21D5CE4ED8EC5D46F7C481770B64BB6007F404847129A,0431F3F0FA33A87F05475A197FA40165963F462ADD5E0D0F14743141B23F8ECF,TEMPLATE_DHASH_HEADER_LE4_FULL_LE8_ASPECT_DELTA_LT004
FD0CE6D589C6F7FAA8B52B70D5AAF02E1683DFF17177426C2EF7C573B32B2998,00A887F58DB25495DFDE02D1BD1530CE321427ECC08F8EF1E62853BF1C219A6C,TEMPLATE_DHASH_HEADER_LE4_FULL_LE8_ASPECT_DELTA_LT004
FD102BB007B1EA3F03EA7765BC8008838DD06D1745B09776C93A4EEE82F296B8,00A887F58DB25495DFDE02D1BD1530CE321427ECC08F8EF1E62853BF1C219A6C,TEMPLATE_DHASH_HEADER_LE4_FULL_LE8_ASPECT_DELTA_LT004
FD719D239382ED1035085A73A2D28E113F954055440BA249D36B363204CA6DDC,0431F3F0FA33A87F05475A197FA40165963F462ADD5E0D0F14743141B23F8ECF,TEMPLATE_DHASH_HEADER_LE4_FULL_LE8_ASPECT_DELTA_LT004
FDCDEAAD3737F44D2E52B6D87E7BB584722551A7E913238841FF96D33A7FFE64,0AFAE9C55C04A213F0388C634CABAEEA4C9A02686A7B1F8D6CAEF6585DCD3498,TEMPLATE_DHASH_HEADER_LE4_FULL_LE8_ASPECT_DELTA_LT004
FDE1A18CA6E3D15C240BDE66DDD0ABE57C2F69E300A0AD72B135608E83DFBC49,08D4415DD3DD5F35A1D0E2243FE7197C8894DC3F408F5C6241D2C12EA5EF3144,TEMPLATE_DHASH_HEADER_LE4_FULL_LE8_ASPECT_DELTA_LT004
FDE2B1FCF8B3FCE9029D2A8D67D1D027ECA73F1CE24428A1203C942699F501B4,08D4415DD3DD5F35A1D0E2243FE7197C8894DC3F408F5C6241D2C12EA5EF3144,TEMPLATE_DHASH_HEADER_LE4_FULL_LE8_ASPECT_DELTA_LT004
FDF0C9EACBFA6ADCDD4D8E651C451A9CDD65DBF7E8628426FA9C87F73F978DBD,1F26D49FBA99019EB261823E6F5BD97006F5CBD3D0514AC5C4FF96E5829586B7,TEMPLATE_DHASH_HEADER_LE4_FULL_LE8_ASPECT_DELTA_LT004
FE56C5F0D519D9084CA60878C88E88C121CA77BD55C9A438401793C2D6B46597,DF65D41D1DA0378B8194406289D037E200D86D5DA731F6D9267CD8BADCAA075C,TEMPLATE_DHASH_HEADER_LE4_FULL_LE8_ASPECT_DELTA_LT004
FEE0DCEE07817A24C8E345D3710B243B72CC2A4A160CF256A18804E4FFCE8E83,35709A9FA1B5566E20EBF278560F71587E0A106C380B5A0F94F2EE91C79F8222,TEMPLATE_DHASH_HEADER_LE4_FULL_LE8_ASPECT_DELTA_LT004
FEF50B26E0EABF3B4D805C219F18D4B4952805C3E1426AAC76B536A9EE0B8538,152604FDE489F58F0995B33FDBFBEF849D1187861D9A30592C95908147F52349,TEMPLATE_DHASH_HEADER_LE4_FULL_LE8_ASPECT_DELTA_LT004
FF045409E4708976F60CFA2E5A97D7A99302672D09D4EFB989C13B04774ADCEF,05C329DF72080120239DE88AA85E91D6F089D1DAA1A7F59B8E53C60752CF1D47,TEMPLATE_DHASH_HEADER_LE4_FULL_LE8_ASPECT_DELTA_LT004
FF0B2320E5ACFA3B9F0C6A7C2977B5193E047693B40FABCA123E8CE535FFF56B,239BC30DB9260C6A5A365B595D11D3D601BD2A7FDDBFBBC6942F5C5B8DD2C39D,TEMPLATE_DHASH_HEADER_LE4_FULL_LE8_ASPECT_DELTA_LT004
FF43565801C01262106827D1A3294DC8FABE7E49F326193BB924678EA8833D59,2EBA9E927332389040BDBA4B0A91EC59DA9560B07AF7CB00BC347FBBD287B237,TEMPLATE_DHASH_HEADER_LE4_FULL_LE8_ASPECT_DELTA_LT004
FFBC84F8D220A03D34648EAFC0E9441B5AD9267065AD40A4E0C7CBB48D4F977D,00A887F58DB25495DFDE02D1BD1530CE321427ECC08F8EF1E62853BF1C219A6C,TEMPLATE_DHASH_HEADER_LE4_FULL_LE8_ASPECT_DELTA_LT004
FFC223740A59AAC2F4D9E71E5A2799843D2F7674B96B265B21668F6D9F84A32D,010343D4BCC6C1DB12C1129F149212B97C69C10242840BC5A303CC7B4AA87BAF,TEMPLATE_DHASH_HEADER_LE4_FULL_LE8_ASPECT_DELTA_LT004
