"SourceId","SourceFolder","SourceRelativePath","OriginalPath","Name","Extension","SizeBytes","LastWriteUtc","Sha256","ZipSignature","ReadError"
"1","C:\Users\omard\Desktop\Facturas","Z001023242527.dmf","C:\Users\omard\Desktop\Facturas\Z001023242527.dmf","Z001023242527.dmf",".dmf","226648","2025-01-02T16:25:02.0000000Z","4446B769E24D2E809C982FBD5AC9F2D95DEFEB94A2D007D61FB47C410A4B320D","True",""
"1","C:\Users\omard\Desktop\Facturas","Z001023242554.dmf","C:\Users\omard\Desktop\Facturas\Z001023242554.dmf","Z001023242554.dmf",".dmf","29374","2025-01-02T16:47:52.0000000Z","C5D737BB1CF3D4DEFC0FC72008A1A1E77B06258B5AE4DB39086965E465878344","True",""
"1","C:\Users\omard\Desktop\Facturas","Z001023242558.dmf","C:\Users\omard\Desktop\Facturas\Z001023242558.dmf","Z001023242558.dmf",".dmf","82314","2025-01-02T16:50:22.0000000Z","82DF73DA79431E88E1AF7F8A8C173F37BC5AE4BBABB71E2C8FB06611E78B3721","True",""
"1","C:\Users\omard\Desktop\Facturas","Z001023242559.dmf","C:\Users\omard\Desktop\Facturas\Z001023242559.dmf","Z001023242559.dmf",".dmf","27326","2025-01-02T16:51:16.0000000Z","F0E794CD16CADDF75CE84E5799B66C31E18893093C40E8BBBDF774D5D858982E","True",""
"1","C:\Users\omard\Desktop\Facturas","Z001023242560.dmf","C:\Users\omard\Desktop\Facturas\Z001023242560.dmf","Z001023242560.dmf",".dmf","29105","2025-01-02T16:52:44.0000000Z","E3E83C7A1361FD824143A3E28CB44533E2E6FAEC220B8988268FE458B07EDD28","True",""
"1","C:\Users\omard\Desktop\Facturas","Z001023242608.dmf","C:\Users\omard\Desktop\Facturas\Z001023242608.dmf","Z001023242608.dmf",".dmf","29345","2025-01-02T16:54:30.0000000Z","764D77E5FE2D029F262E0A81613CA3AF3982AE7080DD48002E5A498584E985D8","True",""
"1","C:\Users\omard\Desktop\Facturas","Z001023242611.dmf","C:\Users\omard\Desktop\Facturas\Z001023242611.dmf","Z001023242611.dmf",".dmf","29299","2025-01-02T16:56:36.0000000Z","F02F9D698C18258AA20C76497973267431AF7602FF1C454DA6C19F5D4B0135E4","True",""
"1","C:\Users\omard\Desktop\Facturas","Z001023242796.dmf","C:\Users\omard\Desktop\Facturas\Z001023242796.dmf","Z001023242796.dmf",".dmf","102797","2025-01-02T17:24:36.0000000Z","2639DDD028DE205A14D8254A87E678396B57CE2C65637633E596926BCF6727B8","True",""
"1","C:\Users\omard\Desktop\Facturas","Z001023242797.dmf","C:\Users\omard\Desktop\Facturas\Z001023242797.dmf","Z001023242797.dmf",".dmf","29301","2025-01-02T17:27:00.0000000Z","469B8E5300B531A1863239B4DFE0BC2874047E4B2EF70E0CCD475F465E43D793","True",""
"1","C:\Users\omard\Desktop\Facturas","Z001023242798.dmf","C:\Users\omard\Desktop\Facturas\Z001023242798.dmf","Z001023242798.dmf",".dmf","29421","2025-01-02T17:28:52.0000000Z","357C8A5AEA7FD2DE283D1E87F2B15B8C4BB4FE7F6987CEC3BB91A4D0042B7741","True",""
"1","C:\Users\omard\Desktop\Facturas","Z001023242799.dmf","C:\Users\omard\Desktop\Facturas\Z001023242799.dmf","Z001023242799.dmf",".dmf","29126","2025-01-02T17:29:48.0000000Z","2D058C049889479B529DBFAC1A0A50ADC210A06600CFF6B716527189133E5534","True",""
"1","C:\Users\omard\Desktop\Facturas","Z001023242802.dmf","C:\Users\omard\Desktop\Facturas\Z001023242802.dmf","Z001023242802.dmf",".dmf","29571","2025-01-02T17:30:50.0000000Z","EEAFC35C6C77515459E8A9F5533B07DBD96D63AF94BB804977FB4FBA3556646C","True",""
"1","C:\Users\omard\Desktop\Facturas","Z001023242803.dmf","C:\Users\omard\Desktop\Facturas\Z001023242803.dmf","Z001023242803.dmf",".dmf","29244","2025-01-02T17:32:00.0000000Z","3F8ED4323CEA3EFE55BDBA5636ED6E9D00B32F21D1111042DC29AA5E48FC69A0","True",""
"1","C:\Users\omard\Desktop\Facturas","Z001023242819.dmf","C:\Users\omard\Desktop\Facturas\Z001023242819.dmf","Z001023242819.dmf",".dmf","29520","2025-01-02T17:37:32.0000000Z","4CBE0C4715E9AE0C6ACF9DB35D53E4BCDA087BC3BD972AA77695A5879C8B3151","True",""
"1","C:\Users\omard\Desktop\Facturas","Z001023242821.dmf","C:\Users\omard\Desktop\Facturas\Z001023242821.dmf","Z001023242821.dmf",".dmf","29398","2025-01-02T17:39:46.0000000Z","0609B532EDA11650C14AEE6BAC28E6D0A5B537238F9A362055B22C46E043AC19","True",""
"1","C:\Users\omard\Desktop\Facturas","Z001023242824.dmf","C:\Users\omard\Desktop\Facturas\Z001023242824.dmf","Z001023242824.dmf",".dmf","29432","2025-01-02T17:49:16.0000000Z","FFB81F9126F36744604E8785D336D98A206DBF0DB3CE46180F2CAE7EB9E7DA82","True",""
"1","C:\Users\omard\Desktop\Facturas","Z001023242875.dmf","C:\Users\omard\Desktop\Facturas\Z001023242875.dmf","Z001023242875.dmf",".dmf","29214","2025-01-02T17:50:28.0000000Z","2E6A3E25BA73B8157DE4F4F44799E3BD1B50F57CD55B1188D9582C8FA33BE600","True",""
"1","C:\Users\omard\Desktop\Facturas","Z001023242876.dmf","C:\Users\omard\Desktop\Facturas\Z001023242876.dmf","Z001023242876.dmf",".dmf","29444","2025-01-02T17:51:32.0000000Z","4E65C40A6EDFF40AC3B5E23014D95CB33864F358E67AB7C3856A8AD9CD15D459","True",""
"1","C:\Users\omard\Desktop\Facturas","Z001023242877.dmf","C:\Users\omard\Desktop\Facturas\Z001023242877.dmf","Z001023242877.dmf",".dmf","29266","2025-01-02T17:54:04.0000000Z","7B6C710EEE192BBA3AE25BCC29917341ABA7DB92990ABACDD4AF402BD27566E7","True",""
"1","C:\Users\omard\Desktop\Facturas","Z001023242882.dmf","C:\Users\omard\Desktop\Facturas\Z001023242882.dmf","Z001023242882.dmf",".dmf","1046715","2025-01-02T17:58:38.0000000Z","335CB7BF81E8070E88B83F24413E853B981C635FD5E02BF62E80D9D6BB2601C2","True",""
"1","C:\Users\omard\Desktop\Facturas","Z001023242887.dmf","C:\Users\omard\Desktop\Facturas\Z001023242887.dmf","Z001023242887.dmf",".dmf","29166","2025-01-02T18:09:24.0000000Z","E87931B619A92A524D56A99C5DAA3D72E86374DEE3001BA0C72BF633F0EEEF3F","True",""
"1","C:\Users\omard\Desktop\Facturas","Z001023242889.dmf","C:\Users\omard\Desktop\Facturas\Z001023242889.dmf","Z001023242889.dmf",".dmf","2061070","2025-01-02T18:10:50.0000000Z","8193202D6A7B0B2F9BEDBAFE63BDB1B8D606DC30BDB0F6FEDFA85FD3293DAA01","True",""
"1","C:\Users\omard\Desktop\Facturas","Z001023242890.dmf","C:\Users\omard\Desktop\Facturas\Z001023242890.dmf","Z001023242890.dmf",".dmf","29497","2025-01-02T18:12:10.0000000Z","D9DBE4E811DCEFC319867676387E29B4E6CD8FB2B482C92BD4DB2BD096ED56ED","True",""
"1","C:\Users\omard\Desktop\Facturas","Z001023242895.dmf","C:\Users\omard\Desktop\Facturas\Z001023242895.dmf","Z001023242895.dmf",".dmf","29386","2025-01-02T18:17:22.0000000Z","0E0D88D83517AA51A8B364627A3D3890AFD4EEED304D54E29FAE876726D080BB","True",""
"1","C:\Users\omard\Desktop\Facturas","Z001023242951.dmf","C:\Users\omard\Desktop\Facturas\Z001023242951.dmf","Z001023242951.dmf",".dmf","1371198","2025-01-02T18:18:22.0000000Z","84B4334B2BC3B0B7A93AA1CAD4C49DF3F75BC2937B2423B86D45F054C88623F9","True",""
"1","C:\Users\omard\Desktop\Facturas","Z001023242960.dmf","C:\Users\omard\Desktop\Facturas\Z001023242960.dmf","Z001023242960.dmf",".dmf","29206","2025-01-02T18:22:20.0000000Z","2E3D41FDD398E42B316B718F31D89FE9138298D2037B681ABA74DA7CF361956B","True",""
"1","C:\Users\omard\Desktop\Facturas","Z001023242961.dmf","C:\Users\omard\Desktop\Facturas\Z001023242961.dmf","Z001023242961.dmf",".dmf","26328","2025-01-02T18:23:40.0000000Z","84DF002CDC8463E1160E6EBFCF2C2F2C77B7394A34682654670DFB108EC0965E","True",""
"1","C:\Users\omard\Desktop\Facturas","Z001023242962.dmf","C:\Users\omard\Desktop\Facturas\Z001023242962.dmf","Z001023242962.dmf",".dmf","29530","2025-01-02T18:25:08.0000000Z","ED21183862AB24AA6FC0D9C64D1428BAD66ECA46597AA4ED5C8B4B918A9377AB","True",""
"1","C:\Users\omard\Desktop\Facturas","Z001023242964.dmf","C:\Users\omard\Desktop\Facturas\Z001023242964.dmf","Z001023242964.dmf",".dmf","29452","2025-01-02T18:26:10.0000000Z","918F9F8820468A2C7725849CCBFDA55071494A8FC5AEEC97BB8C358DEA953318","True",""
"1","C:\Users\omard\Desktop\Facturas","Z001023242965.dmf","C:\Users\omard\Desktop\Facturas\Z001023242965.dmf","Z001023242965.dmf",".dmf","29377","2025-01-02T18:26:32.0000000Z","866CF5276436236E69DDE292CBEE7BFFC9B4143FC4263CA04F85E494F14EB7EB","True",""
"1","C:\Users\omard\Desktop\Facturas","Z001023243072.dmf","C:\Users\omard\Desktop\Facturas\Z001023243072.dmf","Z001023243072.dmf",".dmf","29658","2025-01-02T18:34:38.0000000Z","1FC452E3A25737D30D6B27A2C13BC1474CD02D99F342DDFD3F9DA07B08032EE3","True",""
"1","C:\Users\omard\Desktop\Facturas","Z001023243073.dmf","C:\Users\omard\Desktop\Facturas\Z001023243073.dmf","Z001023243073.dmf",".dmf","29363","2025-01-02T18:35:36.0000000Z","85C61815337FE72D2A1C14B68E517F315285948AC011671A941168E19138371E","True",""
"1","C:\Users\omard\Desktop\Facturas","Z001023243074.dmf","C:\Users\omard\Desktop\Facturas\Z001023243074.dmf","Z001023243074.dmf",".dmf","7994","2025-01-02T18:36:58.0000000Z","3A6C0A37E43EB82B0B0E3F7CE4D7AF62673EE0B5BEA43C7F6764A6ACB8C7EE57","True",""
"1","C:\Users\omard\Desktop\Facturas","Z001023243075.dmf","C:\Users\omard\Desktop\Facturas\Z001023243075.dmf","Z001023243075.dmf",".dmf","7230","2025-01-02T18:37:44.0000000Z","1219D0B6CD3A27E5FD38DABACF066736488D46829955EB291D4BD46FE3CDC4BF","True",""
"1","C:\Users\omard\Desktop\Facturas","Z001023243169.dmf","C:\Users\omard\Desktop\Facturas\Z001023243169.dmf","Z001023243169.dmf",".dmf","66287","2025-01-02T19:08:22.0000000Z","E0DE3628779646F52E4DF6FF0E6896D2BECCADDA5613386DB5AFA788B7CE3741","True",""
"1","C:\Users\omard\Desktop\Facturas","Z001023243171.dmf","C:\Users\omard\Desktop\Facturas\Z001023243171.dmf","Z001023243171.dmf",".dmf","74230","2025-01-02T19:13:12.0000000Z","C476F0A3E1293F141A55AD5C42B1D679B44EB7FFB4D4F8BF2FC0B967B9F014DA","True",""
"1","C:\Users\omard\Desktop\Facturas","Z001023243181.dmf","C:\Users\omard\Desktop\Facturas\Z001023243181.dmf","Z001023243181.dmf",".dmf","138795","2025-01-02T19:21:18.0000000Z","C842BD1EA556B49258ED93FF6B243438A1D6D111EC5BF89EB9D8201DEA7E3554","True",""
"1","C:\Users\omard\Desktop\Facturas","Z001023243325.dmf","C:\Users\omard\Desktop\Facturas\Z001023243325.dmf","Z001023243325.dmf",".dmf","503670","2025-01-02T20:02:34.0000000Z","BAF8497BD181884118DA4B791B62E5EB139190F81E2D9F04D436047168C999DE","True",""
"1","C:\Users\omard\Desktop\Facturas","Z001023243326.dmf","C:\Users\omard\Desktop\Facturas\Z001023243326.dmf","Z001023243326.dmf",".dmf","28826","2025-01-02T20:08:40.0000000Z","1B67E51D9A32218E3A127185A276165271479ECFE9A3EBBDA27A52ABD8D47732","True",""
"1","C:\Users\omard\Desktop\Facturas","Z001023243327.dmf","C:\Users\omard\Desktop\Facturas\Z001023243327.dmf","Z001023243327.dmf",".dmf","116351","2025-01-02T20:20:30.0000000Z","8DB9F5551634C44F7E425781989FEE6EFC071DA69297EA05FF36561348D941B8","True",""
"1","C:\Users\omard\Desktop\Facturas","Z001023243328.dmf","C:\Users\omard\Desktop\Facturas\Z001023243328.dmf","Z001023243328.dmf",".dmf","237725","2025-01-02T20:21:42.0000000Z","99C8FDB426CFA07A3FDFF2D7A04B87C768079EFD13C9B16E9AC93156AA34EF0D","True",""
"1","C:\Users\omard\Desktop\Facturas","Z001023243329.dmf","C:\Users\omard\Desktop\Facturas\Z001023243329.dmf","Z001023243329.dmf",".dmf","680982","2025-01-02T20:22:54.0000000Z","353E3E0D779F8463B7EF6044438B586878CB208DC0F80AE7D59A3B5417761AE0","True",""
"1","C:\Users\omard\Desktop\Facturas","Z001023243348.dmf","C:\Users\omard\Desktop\Facturas\Z001023243348.dmf","Z001023243348.dmf",".dmf","198576","2025-01-02T20:25:32.0000000Z","11323E416FAB5D16184378DE1D1CAC5055D0D28C0D6AA791BC655CA177DD8584","True",""
"1","C:\Users\omard\Desktop\Facturas","Z001023243349.dmf","C:\Users\omard\Desktop\Facturas\Z001023243349.dmf","Z001023243349.dmf",".dmf","125400","2025-01-02T20:29:06.0000000Z","7D20CBA676BC3643D4B6F1B40629CFF7016B75787EBD08C854A9FDD30409E1DA","True",""
"1","C:\Users\omard\Desktop\Facturas","Z001023243369.dmf","C:\Users\omard\Desktop\Facturas\Z001023243369.dmf","Z001023243369.dmf",".dmf","41908","2025-01-02T20:31:20.0000000Z","02AD6CC75807046C27162B0AAE49FFCD9F1D1D0683CBDE9DF4D0395D82DFC53C","True",""
"1","C:\Users\omard\Desktop\Facturas","Z001023243370.dmf","C:\Users\omard\Desktop\Facturas\Z001023243370.dmf","Z001023243370.dmf",".dmf","81819","2025-01-02T20:33:28.0000000Z","62852CC586A39E54E1D256F9786721B59DA4734B6BE5E771CDF51F41D7EBEF85","True",""
"1","C:\Users\omard\Desktop\Facturas","Z001023243373.dmf","C:\Users\omard\Desktop\Facturas\Z001023243373.dmf","Z001023243373.dmf",".dmf","89206","2025-01-02T20:36:04.0000000Z","3861BE5C61E2D2B4553D90EF29231AE2417CFD2BF93A75A1EF1E4B582A8B56F1","True",""
"1","C:\Users\omard\Desktop\Facturas","Z001023243375.dmf","C:\Users\omard\Desktop\Facturas\Z001023243375.dmf","Z001023243375.dmf",".dmf","29633","2025-01-02T20:38:22.0000000Z","297988BE4E8FFCB51461A889641083C3B50871843E4ABB8F420875CEC790A506","True",""
"1","C:\Users\omard\Desktop\Facturas","Z001023243376.dmf","C:\Users\omard\Desktop\Facturas\Z001023243376.dmf","Z001023243376.dmf",".dmf","82652","2025-01-02T20:39:46.0000000Z","0D39124E3EFDD1CFF2AD1407159B9D599C682F108C209C5E6F5BB72117ABAFD6","True",""
"1","C:\Users\omard\Desktop\Facturas","Z001023243377.dmf","C:\Users\omard\Desktop\Facturas\Z001023243377.dmf","Z001023243377.dmf",".dmf","55370","2025-01-02T20:41:52.0000000Z","6D5EDCAB66DEE3C0EA7EDD38D93BA639FE947DA9639218B36FB70843960FD783","True",""
"1","C:\Users\omard\Desktop\Facturas","Z001023243378.dmf","C:\Users\omard\Desktop\Facturas\Z001023243378.dmf","Z001023243378.dmf",".dmf","82456","2025-01-02T20:43:22.0000000Z","BB0C8CCBAB5D06FE0595AAEF3BF60D6CB9AA7319C85C48E3AEEE6FA803AE2DBB","True",""
"1","C:\Users\omard\Desktop\Facturas","Z001023243380.dmf","C:\Users\omard\Desktop\Facturas\Z001023243380.dmf","Z001023243380.dmf",".dmf","221114","2025-01-02T20:48:44.0000000Z","357C52E87FBBAD4EFDB828B81E5ABE286FAD01B620B3B22981520541B9224272","True",""
"1","C:\Users\omard\Desktop\Facturas","Z001023243381.dmf","C:\Users\omard\Desktop\Facturas\Z001023243381.dmf","Z001023243381.dmf",".dmf","221317","2025-01-02T20:52:26.0000000Z","C31FB96ECE0FADA3F9A3FBCCDD581653FC2B04F5AD4E8FF933D8281B4B885946","True",""
"1","C:\Users\omard\Desktop\Facturas","Z001023243382.dmf","C:\Users\omard\Desktop\Facturas\Z001023243382.dmf","Z001023243382.dmf",".dmf","81641","2025-01-02T20:53:50.0000000Z","E8E2B70E37C5AFBA52372C3E7E2C439E1F06676F7463AC32DF6876887BB58600","True",""
"1","C:\Users\omard\Desktop\Facturas","Z001023243384.dmf","C:\Users\omard\Desktop\Facturas\Z001023243384.dmf","Z001023243384.dmf",".dmf","50477","2025-01-02T20:55:02.0000000Z","9B38845CEF7805AAFAAE62B5D3F0412C86F47BCEFE63BC01956370ED127102F6","True",""
"1","C:\Users\omard\Desktop\Facturas","Z001023243385.dmf","C:\Users\omard\Desktop\Facturas\Z001023243385.dmf","Z001023243385.dmf",".dmf","29187","2025-01-02T20:55:52.0000000Z","70D32F080A92E761D3627894550F433BDF3FC540E299A1E14C1E5B13D573F2E2","True",""
"1","C:\Users\omard\Desktop\Facturas","Z001023243386.dmf","C:\Users\omard\Desktop\Facturas\Z001023243386.dmf","Z001023243386.dmf",".dmf","81453","2025-01-02T20:56:44.0000000Z","91532AED69A1AFA6D6E94B4496CAD3DD640721DB17437E59A151FC36559D7A0C","True",""
"1","C:\Users\omard\Desktop\Facturas","Z001023243387.dmf","C:\Users\omard\Desktop\Facturas\Z001023243387.dmf","Z001023243387.dmf",".dmf","81801","2025-01-02T20:57:18.0000000Z","1BD5C630F811AB1D6A4294449DD64568DB9F750AB57AB1534BF75B77025BFA48","True",""
"1","C:\Users\omard\Desktop\Facturas","Z001023243393.dmf","C:\Users\omard\Desktop\Facturas\Z001023243393.dmf","Z001023243393.dmf",".dmf","26031","2025-01-02T21:01:34.0000000Z","CF11A4AF36F5E51B9DA00456D5809E919A8B7C23FD738F2221A33A31C4D56784","True",""
"1","C:\Users\omard\Desktop\Facturas","Z001023243394.dmf","C:\Users\omard\Desktop\Facturas\Z001023243394.dmf","Z001023243394.dmf",".dmf","81678","2025-01-02T21:02:32.0000000Z","82E476BF8A4E3FAA5C89872DF88D59C5A75F420FA9A5B9525E9E6212701113A8","True",""
"1","C:\Users\omard\Desktop\Facturas","Z001023243395.dmf","C:\Users\omard\Desktop\Facturas\Z001023243395.dmf","Z001023243395.dmf",".dmf","29110","2025-01-02T21:03:36.0000000Z","8DBC2E396B36F782F4140FADEE774F111B68373F5E881A5A4683CC3693C25145","True",""
"1","C:\Users\omard\Desktop\Facturas","Z001023243396.dmf","C:\Users\omard\Desktop\Facturas\Z001023243396.dmf","Z001023243396.dmf",".dmf","81348","2025-01-02T21:04:30.0000000Z","15D116AE73E1DBE91F958C590CF01A6CEBC2C77F78A974CCA8D8408A0F9A7E6D","True",""
"1","C:\Users\omard\Desktop\Facturas","Z001023243397.dmf","C:\Users\omard\Desktop\Facturas\Z001023243397.dmf","Z001023243397.dmf",".dmf","81398","2025-01-02T21:05:10.0000000Z","DC6CDB40D3705393B609B1CAA63431223D2101AAA72553DA01EEF3D9AF7A9477","True",""
"1","C:\Users\omard\Desktop\Facturas","Z001023243398.dmf","C:\Users\omard\Desktop\Facturas\Z001023243398.dmf","Z001023243398.dmf",".dmf","81636","2025-01-02T21:06:30.0000000Z","129856D83C9A22F0381A1B3AEB7862DE9F47AC631A62FE2990762C556250FAFD","True",""
"1","C:\Users\omard\Desktop\Facturas","Z001023243399.dmf","C:\Users\omard\Desktop\Facturas\Z001023243399.dmf","Z001023243399.dmf",".dmf","28967","2025-01-02T21:07:54.0000000Z","4145C747F369A1AA44AF5C489E8642EE53474014FBDE82D9C88EBE2337D23B5E","True",""
"1","C:\Users\omard\Desktop\Facturas","Z001023243400.dmf","C:\Users\omard\Desktop\Facturas\Z001023243400.dmf","Z001023243400.dmf",".dmf","81906","2025-01-02T21:09:22.0000000Z","B5D3EAD37A36C38B15F59B018B22DB5E078BC2CEDA68BC340FF1C95A6745AD83","True",""
"1","C:\Users\omard\Desktop\Facturas","Z001023243402.dmf","C:\Users\omard\Desktop\Facturas\Z001023243402.dmf","Z001023243402.dmf",".dmf","221524","2025-01-02T21:10:12.0000000Z","DED768D51CADEDF60D501EE9432175D05DB191B25F4177109DA6F179306C90E5","True",""
"1","C:\Users\omard\Desktop\Facturas","Z001023243422.dmf","C:\Users\omard\Desktop\Facturas\Z001023243422.dmf","Z001023243422.dmf",".dmf","221109","2025-01-02T21:11:18.0000000Z","3AB4D62DB3727371395AE0B88DAB0465472B8325D1C013BCFCE85C269CF8249A","True",""
"2","C:\Users\omard\Desktop\Facturas2","Z001023242262.dmf","C:\Users\omard\Desktop\Facturas2\Z001023242262.dmf","Z001023242262.dmf",".dmf","223128","2025-01-02T13:24:54.0000000Z","C8B3851B39D771FB7FB5B40256648A010B35FFF2655F2F3A6B0A510BB87DD60A","True",""
"2","C:\Users\omard\Desktop\Facturas2","Z001023242287.dmf","C:\Users\omard\Desktop\Facturas2\Z001023242287.dmf","Z001023242287.dmf",".dmf","82196","2025-01-02T13:33:54.0000000Z","A900CF736DFE9DDA1EE3EB257B10A4304C7531DFA960CAD54E59C59A489986F3","True",""
"2","C:\Users\omard\Desktop\Facturas2","Z001023242290.dmf","C:\Users\omard\Desktop\Facturas2\Z001023242290.dmf","Z001023242290.dmf",".dmf","222271","2025-01-02T13:36:52.0000000Z","26A7ED0A4E7DD84FA51E5477133FFDE66EB96BA226CEEE110B7860B3394CC8AE","True",""
"2","C:\Users\omard\Desktop\Facturas2","Z001023242291.dmf","C:\Users\omard\Desktop\Facturas2\Z001023242291.dmf","Z001023242291.dmf",".dmf","221817","2025-01-02T13:37:40.0000000Z","9769546B1EC44FBAB7F754F3176E9801AF857AFC91B1A0D78D5040D11E7A3E96","True",""
"2","C:\Users\omard\Desktop\Facturas2","Z001023242292.dmf","C:\Users\omard\Desktop\Facturas2\Z001023242292.dmf","Z001023242292.dmf",".dmf","84077","2025-01-02T13:38:00.0000000Z","CC968C16BFC3F55EB233EB4B1F6F2A94D4BA7B96323B67C76B0C1E7B35936385","True",""
"2","C:\Users\omard\Desktop\Facturas2","Z001023242293.dmf","C:\Users\omard\Desktop\Facturas2\Z001023242293.dmf","Z001023242293.dmf",".dmf","222821","2025-01-02T13:38:52.0000000Z","5593321FFD595B7352B3671A645BBDD6E7D61F79B6864C9CE1246E0ABAFA2A11","True",""
"2","C:\Users\omard\Desktop\Facturas2","Z001023242294.dmf","C:\Users\omard\Desktop\Facturas2\Z001023242294.dmf","Z001023242294.dmf",".dmf","221993","2025-01-02T13:39:50.0000000Z","A2159197FE1484B91FB0BD91B75D90ED85EAB71FC06EC354C29D8BEAD0631067","True",""
"2","C:\Users\omard\Desktop\Facturas2","Z001023242295.dmf","C:\Users\omard\Desktop\Facturas2\Z001023242295.dmf","Z001023242295.dmf",".dmf","82321","2025-01-02T13:41:14.0000000Z","E13323AB20AB2BE30822E800378F6B25C06785508A643B1F8C87FACB3635F747","True",""
"2","C:\Users\omard\Desktop\Facturas2","Z001023242296.dmf","C:\Users\omard\Desktop\Facturas2\Z001023242296.dmf","Z001023242296.dmf",".dmf","82373","2025-01-02T13:41:40.0000000Z","A2A7DED3A0ED2EB4EE7B91B4C854908B1AA8AC166E1753C25C6E61FFDE2AEF9E","True",""
"2","C:\Users\omard\Desktop\Facturas2","Z001023242297.dmf","C:\Users\omard\Desktop\Facturas2\Z001023242297.dmf","Z001023242297.dmf",".dmf","60409","2025-01-02T13:43:58.0000000Z","9BD778A771E8BDEB7DA5F881E4404FC2892AA49102AADB4C399CD64CE8109388","True",""
"2","C:\Users\omard\Desktop\Facturas2","Z001023242299.dmf","C:\Users\omard\Desktop\Facturas2\Z001023242299.dmf","Z001023242299.dmf",".dmf","21298","2025-01-02T13:45:04.0000000Z","80F0B5AB99AF83F7C9F862C6C141EAD2660BADD3AADA805AF86AC9D6A89EDDF9","True",""
"2","C:\Users\omard\Desktop\Facturas2","Z001023242300.dmf","C:\Users\omard\Desktop\Facturas2\Z001023242300.dmf","Z001023242300.dmf",".dmf","335106","2025-01-02T13:46:10.0000000Z","073122A96228CB64E124AFCB6593294FAE16A3D712624228CF652B79890373A8","True",""
"2","C:\Users\omard\Desktop\Facturas2","Z001023242301.dmf","C:\Users\omard\Desktop\Facturas2\Z001023242301.dmf","Z001023242301.dmf",".dmf","81591","2025-01-02T13:48:34.0000000Z","9FBAECEE17EA1B83ECDAC129114DF61DA831AF1B85A82C717183EC944ACE544B","True",""
"2","C:\Users\omard\Desktop\Facturas2","Z001023242302.dmf","C:\Users\omard\Desktop\Facturas2\Z001023242302.dmf","Z001023242302.dmf",".dmf","115614","2025-01-02T13:49:42.0000000Z","EB75D488A6DD42D3B050B6F8FFA96EC54EECD632B98AD7CB314241BDD3C3F7BB","True",""
"2","C:\Users\omard\Desktop\Facturas2","Z001023242306.dmf","C:\Users\omard\Desktop\Facturas2\Z001023242306.dmf","Z001023242306.dmf",".dmf","87662","2025-01-02T13:52:38.0000000Z","2029B1A37420C6EF8C4997DA59F11290427659EBC574C99B7E5DDE4C0915A87A","True",""
"2","C:\Users\omard\Desktop\Facturas2","Z001023242307.dmf","C:\Users\omard\Desktop\Facturas2\Z001023242307.dmf","Z001023242307.dmf",".dmf","81968","2025-01-02T13:53:36.0000000Z","36D991E955D58AA50E42B668203766D8226F4C65BEC21B903A836E2273838F0A","True",""
"2","C:\Users\omard\Desktop\Facturas2","Z001023242312.dmf","C:\Users\omard\Desktop\Facturas2\Z001023242312.dmf","Z001023242312.dmf",".dmf","72768","2025-01-02T13:56:34.0000000Z","CB7F59B96EAB2F6821841A7BC73DFFA03FDABD9E17FF984A177903DDD29589C0","True",""
"2","C:\Users\omard\Desktop\Facturas2","Z001023242314.dmf","C:\Users\omard\Desktop\Facturas2\Z001023242314.dmf","Z001023242314.dmf",".dmf","72610","2025-01-02T14:00:02.0000000Z","146F36C0A0351BF0A4D4924EA8311D684003B298F8F04A6D04DB4DDCB4565BBE","True",""
"2","C:\Users\omard\Desktop\Facturas2","Z001023242329.dmf","C:\Users\omard\Desktop\Facturas2\Z001023242329.dmf","Z001023242329.dmf",".dmf","29143","2025-01-02T14:09:16.0000000Z","F5163F927DA8662817E3B8ED4FC453653C0A49F5C36C382CD31E4789AB988D42","True",""
"2","C:\Users\omard\Desktop\Facturas2","Z001023242330.dmf","C:\Users\omard\Desktop\Facturas2\Z001023242330.dmf","Z001023242330.dmf",".dmf","26494","2025-01-02T14:10:44.0000000Z","6C59AFA22C5E313C2A3005FE51C16CA7AF9582FEF00AA6E067EFFEC1178BE97A","True",""
"2","C:\Users\omard\Desktop\Facturas2","Z001023242331.dmf","C:\Users\omard\Desktop\Facturas2\Z001023242331.dmf","Z001023242331.dmf",".dmf","26453","2025-01-02T14:12:06.0000000Z","F2E5FDA790E48BD1E5A3966255CB280C4F8780C2BA06F07D64A977FF22EEEEB0","True",""
"2","C:\Users\omard\Desktop\Facturas2","Z001023242332.dmf","C:\Users\omard\Desktop\Facturas2\Z001023242332.dmf","Z001023242332.dmf",".dmf","29791","2025-01-02T14:12:56.0000000Z","33BEBF0896B9AFCA2355DE80B3AEBAF2BDDADBBC176FE667EE903AB16B0FDC9B","True",""
"2","C:\Users\omard\Desktop\Facturas2","Z001023242333.dmf","C:\Users\omard\Desktop\Facturas2\Z001023242333.dmf","Z001023242333.dmf",".dmf","45494","2025-01-02T14:14:22.0000000Z","599CCD807EF48DCDB0E2A515315AB02008D0BC709C6F9098FACD26CB4E72437D","True",""
"2","C:\Users\omard\Desktop\Facturas2","Z001023242334.dmf","C:\Users\omard\Desktop\Facturas2\Z001023242334.dmf","Z001023242334.dmf",".dmf","29143","2025-01-02T14:14:42.0000000Z","07FA1F81D4E6A21D94289BDD56CF95F915DEB8FE5152318536209C66210A15F8","True",""
"2","C:\Users\omard\Desktop\Facturas2","Z001023242344.dmf","C:\Users\omard\Desktop\Facturas2\Z001023242344.dmf","Z001023242344.dmf",".dmf","28866","2025-01-02T14:15:40.0000000Z","C94A6FC2A5FA6BB09C1E42F0DE8ECEDAC8EEC7D67159784FA61E71236C3F32F0","True",""
"2","C:\Users\omard\Desktop\Facturas2","Z001023242354.dmf","C:\Users\omard\Desktop\Facturas2\Z001023242354.dmf","Z001023242354.dmf",".dmf","55672","2025-01-02T14:20:16.0000000Z","5125FC9575EA8CBEAA8DACEA02CD443366049A4BB596E7620EEFE6E9D29D4666","True",""
"2","C:\Users\omard\Desktop\Facturas2","Z001023242366.dmf","C:\Users\omard\Desktop\Facturas2\Z001023242366.dmf","Z001023242366.dmf",".dmf","29318","2025-01-02T14:26:16.0000000Z","0B319592F069E077D18F571694E1DC455570C9F8F34739AAB3ABEB2CE1AA164F","True",""
"2","C:\Users\omard\Desktop\Facturas2","Z001023242368.tif","C:\Users\omard\Desktop\Facturas2\Z001023242368.tif","Z001023242368.tif",".tif","48013","2025-01-02T14:27:32.0000000Z","77A0EC1DD124A7512A46495983BEB01CA5EAB0F48B06D7DE74C1D779BA2D5625","",""
"2","C:\Users\omard\Desktop\Facturas2","Z001023242370.dmf","C:\Users\omard\Desktop\Facturas2\Z001023242370.dmf","Z001023242370.dmf",".dmf","29220","2025-01-02T14:31:08.0000000Z","F817C2A72391A51390050607E46EB49D8EDA27CF88CA0DFF332A3A9CD8F93705","True",""
"2","C:\Users\omard\Desktop\Facturas2","Z001023242371.dmf","C:\Users\omard\Desktop\Facturas2\Z001023242371.dmf","Z001023242371.dmf",".dmf","29221","2025-01-02T14:37:44.0000000Z","69D1B57E7FE056EE178FA9E2164F586E1B315489C18C3B4C850D185EC785BCF0","True",""
"2","C:\Users\omard\Desktop\Facturas2","Z001023242373.dmf","C:\Users\omard\Desktop\Facturas2\Z001023242373.dmf","Z001023242373.dmf",".dmf","29327","2025-01-02T14:39:32.0000000Z","E282528C8E22E983144195D37AF14CD0666D5F06EFD02DF8DB757218181E6E48","True",""
"2","C:\Users\omard\Desktop\Facturas2","Z001023242374.dmf","C:\Users\omard\Desktop\Facturas2\Z001023242374.dmf","Z001023242374.dmf",".dmf","29292","2025-01-02T14:40:58.0000000Z","685387CA8A9DC745231B3C6BE08332CFCEB1328265C551D5A12E7496050A8447","True",""
"2","C:\Users\omard\Desktop\Facturas2","Z001023242375.dmf","C:\Users\omard\Desktop\Facturas2\Z001023242375.dmf","Z001023242375.dmf",".dmf","29338","2025-01-02T14:43:16.0000000Z","3842BEAF2B1495442D7AFD1FCC9609C92F28A7D860673DB67DC54CCDD6C864B8","True",""
"2","C:\Users\omard\Desktop\Facturas2","Z001023242378.dmf","C:\Users\omard\Desktop\Facturas2\Z001023242378.dmf","Z001023242378.dmf",".dmf","28673","2025-01-02T14:44:08.0000000Z","B8DAD356A479E97EEDCB9BFE1AABB439B7D004200951FD403DF2469D3F91F9BA","True",""
"2","C:\Users\omard\Desktop\Facturas2","Z001023242381.dmf","C:\Users\omard\Desktop\Facturas2\Z001023242381.dmf","Z001023242381.dmf",".dmf","29381","2025-01-02T14:47:14.0000000Z","12A86FB503BBC12A048F9C20E108BAF0B2601945FE4AC5FF80EBF639F8E087B4","True",""
"2","C:\Users\omard\Desktop\Facturas2","Z001023242391.dmf","C:\Users\omard\Desktop\Facturas2\Z001023242391.dmf","Z001023242391.dmf",".dmf","82002","2025-01-02T14:48:42.0000000Z","4D038F9079DD0AE05E8512303D5A0D6AA043BBF7F80B1EA5F98D49D239CBDD9D","True",""
"2","C:\Users\omard\Desktop\Facturas2","Z001023242400.dmf","C:\Users\omard\Desktop\Facturas2\Z001023242400.dmf","Z001023242400.dmf",".dmf","29302","2025-01-02T14:49:50.0000000Z","59176C7F3D00D754C4C93693697CFA435CFCDBA21FB59C26CA926229A29AF299","True",""
"2","C:\Users\omard\Desktop\Facturas2","Z001023242402.dmf","C:\Users\omard\Desktop\Facturas2\Z001023242402.dmf","Z001023242402.dmf",".dmf","29401","2025-01-02T14:51:26.0000000Z","96631C2F15E1DD62286F0BDD12861D6294B3853295DCE478071D4A074B59C845","True",""
"2","C:\Users\omard\Desktop\Facturas2","Z001023242403.dmf","C:\Users\omard\Desktop\Facturas2\Z001023242403.dmf","Z001023242403.dmf",".dmf","29351","2025-01-02T14:52:08.0000000Z","02341EF41EFC8B0F2569DCACFAF06FA00006C29E188FBCD0BD3E82049D1A70EE","True",""
"2","C:\Users\omard\Desktop\Facturas2","Z001023242406.dmf","C:\Users\omard\Desktop\Facturas2\Z001023242406.dmf","Z001023242406.dmf",".dmf","78406","2025-01-02T14:58:46.0000000Z","996DBE1B9C739C3AF978657CC0B5CE5DE096217CF30C453E944F4B3877809FD5","True",""
"2","C:\Users\omard\Desktop\Facturas2","Z001023242407.dmf","C:\Users\omard\Desktop\Facturas2\Z001023242407.dmf","Z001023242407.dmf",".dmf","78406","2025-01-02T14:59:34.0000000Z","D502CBE580F3961FDA979A4E8EEED648FCCEF06B0E1E32B17E911FBF8ED93392","True",""
"2","C:\Users\omard\Desktop\Facturas2","Z001023242413.dmf","C:\Users\omard\Desktop\Facturas2\Z001023242413.dmf","Z001023242413.dmf",".dmf","63600","2025-01-02T15:00:50.0000000Z","C320630215DA86416FD866BE5F22406F7CFD9F7EB50D808921E5CCBB179BE746","True",""
"2","C:\Users\omard\Desktop\Facturas2","Z001023242450.dmf","C:\Users\omard\Desktop\Facturas2\Z001023242450.dmf","Z001023242450.dmf",".dmf","48489","2025-01-02T15:06:44.0000000Z","B90780F9C72AA944D454723655953294C11D9AA1639CB805DD79F3BDC305BF39","True",""
"2","C:\Users\omard\Desktop\Facturas2","Z001023242451.dmf","C:\Users\omard\Desktop\Facturas2\Z001023242451.dmf","Z001023242451.dmf",".dmf","398773","2025-01-02T15:07:06.0000000Z","79B0D2310D96E9963978315670EE767E459131EDED2AFA979F0820DBDDBC88C1","True",""
"2","C:\Users\omard\Desktop\Facturas2","Z001023242452.dmf","C:\Users\omard\Desktop\Facturas2\Z001023242452.dmf","Z001023242452.dmf",".dmf","353692","2025-01-02T15:09:42.0000000Z","9562AD2C3E74276402D0B9CC4F84357B17B2EAE9D6BF586533B342048FFBD5A8","True",""
"2","C:\Users\omard\Desktop\Facturas2","Z001023242453.dmf","C:\Users\omard\Desktop\Facturas2\Z001023242453.dmf","Z001023242453.dmf",".dmf","357003","2025-01-02T15:11:34.0000000Z","61ED36ECB080F7E0B58DB17374DDF9367709257918B840E166DD106D7A344F73","True",""
"2","C:\Users\omard\Desktop\Facturas2","Z001023242454.dmf","C:\Users\omard\Desktop\Facturas2\Z001023242454.dmf","Z001023242454.dmf",".dmf","359083","2025-01-02T15:12:50.0000000Z","0EF110373A2E38AD52375E2844BE4D48FDE67091F5368584A41636B07F7A7B49","True",""
"2","C:\Users\omard\Desktop\Facturas2","Z001023242455.dmf","C:\Users\omard\Desktop\Facturas2\Z001023242455.dmf","Z001023242455.dmf",".dmf","345764","2025-01-02T15:14:04.0000000Z","32661D13824F5D3A89E3B6F41FCF479E65877350C2276F09C361EEB3887461C3","True",""
"2","C:\Users\omard\Desktop\Facturas2","Z001023242494.dmf","C:\Users\omard\Desktop\Facturas2\Z001023242494.dmf","Z001023242494.dmf",".dmf","70374","2025-01-02T15:48:58.0000000Z","4BDB425691F0D59C7B8D9585BE6ED0C8E190CF8FC8D32B9BC19AF7568D04305C","True",""
"2","C:\Users\omard\Desktop\Facturas2","Z001023242523.dmf","C:\Users\omard\Desktop\Facturas2\Z001023242523.dmf","Z001023242523.dmf",".dmf","287968","2025-01-02T16:15:40.0000000Z","DC6F89035B02BA621D04C6843C3B6213903D701D5C2AA036FD31862013A49B4A","True",""
"2","C:\Users\omard\Desktop\Facturas2","Z001023242524.dmf","C:\Users\omard\Desktop\Facturas2\Z001023242524.dmf","Z001023242524.dmf",".dmf","118504","2025-01-02T16:18:14.0000000Z","84F0F09A4C94EDE36CFFE75158B93CD6E77E50EC1E005142AF16AC1E2964DCBC","True",""
"2","C:\Users\omard\Desktop\Facturas2","Z001023242525.dmf","C:\Users\omard\Desktop\Facturas2\Z001023242525.dmf","Z001023242525.dmf",".dmf","51938","2025-01-02T16:21:10.0000000Z","90D479BCC2DDBAA2D53BC600F8B864AC4A81EED3E17F7E0896985426A970BF2D","True",""
"2","C:\Users\omard\Desktop\Facturas2","Z001023242527.dmf","C:\Users\omard\Desktop\Facturas2\Z001023242527.dmf","Z001023242527.dmf",".dmf","226648","2025-01-02T16:25:02.0000000Z","4446B769E24D2E809C982FBD5AC9F2D95DEFEB94A2D007D61FB47C410A4B320D","True",""
"2","C:\Users\omard\Desktop\Facturas2","Z001023242554.dmf","C:\Users\omard\Desktop\Facturas2\Z001023242554.dmf","Z001023242554.dmf",".dmf","29374","2025-01-02T16:47:52.0000000Z","C5D737BB1CF3D4DEFC0FC72008A1A1E77B06258B5AE4DB39086965E465878344","True",""
"2","C:\Users\omard\Desktop\Facturas2","Z001023242558.dmf","C:\Users\omard\Desktop\Facturas2\Z001023242558.dmf","Z001023242558.dmf",".dmf","82314","2025-01-02T16:50:22.0000000Z","82DF73DA79431E88E1AF7F8A8C173F37BC5AE4BBABB71E2C8FB06611E78B3721","True",""
"2","C:\Users\omard\Desktop\Facturas2","Z001023242559.dmf","C:\Users\omard\Desktop\Facturas2\Z001023242559.dmf","Z001023242559.dmf",".dmf","27326","2025-01-02T16:51:16.0000000Z","F0E794CD16CADDF75CE84E5799B66C31E18893093C40E8BBBDF774D5D858982E","True",""
"2","C:\Users\omard\Desktop\Facturas2","Z001023242560.dmf","C:\Users\omard\Desktop\Facturas2\Z001023242560.dmf","Z001023242560.dmf",".dmf","29105","2025-01-02T16:52:44.0000000Z","E3E83C7A1361FD824143A3E28CB44533E2E6FAEC220B8988268FE458B07EDD28","True",""
"2","C:\Users\omard\Desktop\Facturas2","Z001023242608.dmf","C:\Users\omard\Desktop\Facturas2\Z001023242608.dmf","Z001023242608.dmf",".dmf","29345","2025-01-02T16:54:30.0000000Z","764D77E5FE2D029F262E0A81613CA3AF3982AE7080DD48002E5A498584E985D8","True",""
"2","C:\Users\omard\Desktop\Facturas2","Z001023242611.dmf","C:\Users\omard\Desktop\Facturas2\Z001023242611.dmf","Z001023242611.dmf",".dmf","29299","2025-01-02T16:56:36.0000000Z","F02F9D698C18258AA20C76497973267431AF7602FF1C454DA6C19F5D4B0135E4","True",""
"2","C:\Users\omard\Desktop\Facturas2","Z001023242796.dmf","C:\Users\omard\Desktop\Facturas2\Z001023242796.dmf","Z001023242796.dmf",".dmf","102797","2025-01-02T17:24:36.0000000Z","2639DDD028DE205A14D8254A87E678396B57CE2C65637633E596926BCF6727B8","True",""
"2","C:\Users\omard\Desktop\Facturas2","Z001023242797.dmf","C:\Users\omard\Desktop\Facturas2\Z001023242797.dmf","Z001023242797.dmf",".dmf","29301","2025-01-02T17:27:00.0000000Z","469B8E5300B531A1863239B4DFE0BC2874047E4B2EF70E0CCD475F465E43D793","True",""
"2","C:\Users\omard\Desktop\Facturas2","Z001023242798.dmf","C:\Users\omard\Desktop\Facturas2\Z001023242798.dmf","Z001023242798.dmf",".dmf","29421","2025-01-02T17:28:52.0000000Z","357C8A5AEA7FD2DE283D1E87F2B15B8C4BB4FE7F6987CEC3BB91A4D0042B7741","True",""
"2","C:\Users\omard\Desktop\Facturas2","Z001023242799.dmf","C:\Users\omard\Desktop\Facturas2\Z001023242799.dmf","Z001023242799.dmf",".dmf","29126","2025-01-02T17:29:48.0000000Z","2D058C049889479B529DBFAC1A0A50ADC210A06600CFF6B716527189133E5534","True",""
"2","C:\Users\omard\Desktop\Facturas2","Z001023242802.dmf","C:\Users\omard\Desktop\Facturas2\Z001023242802.dmf","Z001023242802.dmf",".dmf","29571","2025-01-02T17:30:50.0000000Z","EEAFC35C6C77515459E8A9F5533B07DBD96D63AF94BB804977FB4FBA3556646C","True",""
"2","C:\Users\omard\Desktop\Facturas2","Z001023242803.dmf","C:\Users\omard\Desktop\Facturas2\Z001023242803.dmf","Z001023242803.dmf",".dmf","29244","2025-01-02T17:32:00.0000000Z","3F8ED4323CEA3EFE55BDBA5636ED6E9D00B32F21D1111042DC29AA5E48FC69A0","True",""
"2","C:\Users\omard\Desktop\Facturas2","Z001023242819.dmf","C:\Users\omard\Desktop\Facturas2\Z001023242819.dmf","Z001023242819.dmf",".dmf","29520","2025-01-02T17:37:32.0000000Z","4CBE0C4715E9AE0C6ACF9DB35D53E4BCDA087BC3BD972AA77695A5879C8B3151","True",""
"2","C:\Users\omard\Desktop\Facturas2","Z001023242821.dmf","C:\Users\omard\Desktop\Facturas2\Z001023242821.dmf","Z001023242821.dmf",".dmf","29398","2025-01-02T17:39:46.0000000Z","0609B532EDA11650C14AEE6BAC28E6D0A5B537238F9A362055B22C46E043AC19","True",""
"2","C:\Users\omard\Desktop\Facturas2","Z001023242824.dmf","C:\Users\omard\Desktop\Facturas2\Z001023242824.dmf","Z001023242824.dmf",".dmf","29432","2025-01-02T17:49:16.0000000Z","FFB81F9126F36744604E8785D336D98A206DBF0DB3CE46180F2CAE7EB9E7DA82","True",""
"2","C:\Users\omard\Desktop\Facturas2","Z001023242875.dmf","C:\Users\omard\Desktop\Facturas2\Z001023242875.dmf","Z001023242875.dmf",".dmf","29214","2025-01-02T17:50:28.0000000Z","2E6A3E25BA73B8157DE4F4F44799E3BD1B50F57CD55B1188D9582C8FA33BE600","True",""
"2","C:\Users\omard\Desktop\Facturas2","Z001023242876.dmf","C:\Users\omard\Desktop\Facturas2\Z001023242876.dmf","Z001023242876.dmf",".dmf","29444","2025-01-02T17:51:32.0000000Z","4E65C40A6EDFF40AC3B5E23014D95CB33864F358E67AB7C3856A8AD9CD15D459","True",""
"2","C:\Users\omard\Desktop\Facturas2","Z001023242877.dmf","C:\Users\omard\Desktop\Facturas2\Z001023242877.dmf","Z001023242877.dmf",".dmf","29266","2025-01-02T17:54:04.0000000Z","7B6C710EEE192BBA3AE25BCC29917341ABA7DB92990ABACDD4AF402BD27566E7","True",""
"2","C:\Users\omard\Desktop\Facturas2","Z001023242882.dmf","C:\Users\omard\Desktop\Facturas2\Z001023242882.dmf","Z001023242882.dmf",".dmf","1046715","2025-01-02T17:58:38.0000000Z","335CB7BF81E8070E88B83F24413E853B981C635FD5E02BF62E80D9D6BB2601C2","True",""
"2","C:\Users\omard\Desktop\Facturas2","Z001023242887.dmf","C:\Users\omard\Desktop\Facturas2\Z001023242887.dmf","Z001023242887.dmf",".dmf","29166","2025-01-02T18:09:24.0000000Z","E87931B619A92A524D56A99C5DAA3D72E86374DEE3001BA0C72BF633F0EEEF3F","True",""
"2","C:\Users\omard\Desktop\Facturas2","Z001023242889.dmf","C:\Users\omard\Desktop\Facturas2\Z001023242889.dmf","Z001023242889.dmf",".dmf","2061070","2025-01-02T18:10:50.0000000Z","8193202D6A7B0B2F9BEDBAFE63BDB1B8D606DC30BDB0F6FEDFA85FD3293DAA01","True",""
"2","C:\Users\omard\Desktop\Facturas2","Z001023242890.dmf","C:\Users\omard\Desktop\Facturas2\Z001023242890.dmf","Z001023242890.dmf",".dmf","29497","2025-01-02T18:12:10.0000000Z","D9DBE4E811DCEFC319867676387E29B4E6CD8FB2B482C92BD4DB2BD096ED56ED","True",""
"2","C:\Users\omard\Desktop\Facturas2","Z001023242895.dmf","C:\Users\omard\Desktop\Facturas2\Z001023242895.dmf","Z001023242895.dmf",".dmf","29386","2025-01-02T18:17:22.0000000Z","0E0D88D83517AA51A8B364627A3D3890AFD4EEED304D54E29FAE876726D080BB","True",""
"2","C:\Users\omard\Desktop\Facturas2","Z001023242951.dmf","C:\Users\omard\Desktop\Facturas2\Z001023242951.dmf","Z001023242951.dmf",".dmf","1371198","2025-01-02T18:18:22.0000000Z","84B4334B2BC3B0B7A93AA1CAD4C49DF3F75BC2937B2423B86D45F054C88623F9","True",""
"2","C:\Users\omard\Desktop\Facturas2","Z001023242960.dmf","C:\Users\omard\Desktop\Facturas2\Z001023242960.dmf","Z001023242960.dmf",".dmf","29206","2025-01-02T18:22:20.0000000Z","2E3D41FDD398E42B316B718F31D89FE9138298D2037B681ABA74DA7CF361956B","True",""
"2","C:\Users\omard\Desktop\Facturas2","Z001023242961.dmf","C:\Users\omard\Desktop\Facturas2\Z001023242961.dmf","Z001023242961.dmf",".dmf","26328","2025-01-02T18:23:40.0000000Z","84DF002CDC8463E1160E6EBFCF2C2F2C77B7394A34682654670DFB108EC0965E","True",""
"2","C:\Users\omard\Desktop\Facturas2","Z001023242962.dmf","C:\Users\omard\Desktop\Facturas2\Z001023242962.dmf","Z001023242962.dmf",".dmf","29530","2025-01-02T18:25:08.0000000Z","ED21183862AB24AA6FC0D9C64D1428BAD66ECA46597AA4ED5C8B4B918A9377AB","True",""
"2","C:\Users\omard\Desktop\Facturas2","Z001023242964.dmf","C:\Users\omard\Desktop\Facturas2\Z001023242964.dmf","Z001023242964.dmf",".dmf","29452","2025-01-02T18:26:10.0000000Z","918F9F8820468A2C7725849CCBFDA55071494A8FC5AEEC97BB8C358DEA953318","True",""
"2","C:\Users\omard\Desktop\Facturas2","Z001023242965.dmf","C:\Users\omard\Desktop\Facturas2\Z001023242965.dmf","Z001023242965.dmf",".dmf","29377","2025-01-02T18:26:32.0000000Z","866CF5276436236E69DDE292CBEE7BFFC9B4143FC4263CA04F85E494F14EB7EB","True",""
"2","C:\Users\omard\Desktop\Facturas2","Z001023243072.dmf","C:\Users\omard\Desktop\Facturas2\Z001023243072.dmf","Z001023243072.dmf",".dmf","29658","2025-01-02T18:34:38.0000000Z","1FC452E3A25737D30D6B27A2C13BC1474CD02D99F342DDFD3F9DA07B08032EE3","True",""
"2","C:\Users\omard\Desktop\Facturas2","Z001023243073.dmf","C:\Users\omard\Desktop\Facturas2\Z001023243073.dmf","Z001023243073.dmf",".dmf","29363","2025-01-02T18:35:36.0000000Z","85C61815337FE72D2A1C14B68E517F315285948AC011671A941168E19138371E","True",""
"2","C:\Users\omard\Desktop\Facturas2","Z001023243074.dmf","C:\Users\omard\Desktop\Facturas2\Z001023243074.dmf","Z001023243074.dmf",".dmf","7994","2025-01-02T18:36:58.0000000Z","3A6C0A37E43EB82B0B0E3F7CE4D7AF62673EE0B5BEA43C7F6764A6ACB8C7EE57","True",""
"2","C:\Users\omard\Desktop\Facturas2","Z001023243075.dmf","C:\Users\omard\Desktop\Facturas2\Z001023243075.dmf","Z001023243075.dmf",".dmf","7230","2025-01-02T18:37:44.0000000Z","1219D0B6CD3A27E5FD38DABACF066736488D46829955EB291D4BD46FE3CDC4BF","True",""
"2","C:\Users\omard\Desktop\Facturas2","Z001023243169.dmf","C:\Users\omard\Desktop\Facturas2\Z001023243169.dmf","Z001023243169.dmf",".dmf","66287","2025-01-02T19:08:22.0000000Z","E0DE3628779646F52E4DF6FF0E6896D2BECCADDA5613386DB5AFA788B7CE3741","True",""
"2","C:\Users\omard\Desktop\Facturas2","Z001023243171.dmf","C:\Users\omard\Desktop\Facturas2\Z001023243171.dmf","Z001023243171.dmf",".dmf","74230","2025-01-02T19:13:12.0000000Z","C476F0A3E1293F141A55AD5C42B1D679B44EB7FFB4D4F8BF2FC0B967B9F014DA","True",""
"2","C:\Users\omard\Desktop\Facturas2","Z001023243181.dmf","C:\Users\omard\Desktop\Facturas2\Z001023243181.dmf","Z001023243181.dmf",".dmf","138795","2025-01-02T19:21:18.0000000Z","C842BD1EA556B49258ED93FF6B243438A1D6D111EC5BF89EB9D8201DEA7E3554","True",""
"2","C:\Users\omard\Desktop\Facturas2","Z001023243325.dmf","C:\Users\omard\Desktop\Facturas2\Z001023243325.dmf","Z001023243325.dmf",".dmf","503670","2025-01-02T20:02:34.0000000Z","BAF8497BD181884118DA4B791B62E5EB139190F81E2D9F04D436047168C999DE","True",""
"2","C:\Users\omard\Desktop\Facturas2","Z001023243326.dmf","C:\Users\omard\Desktop\Facturas2\Z001023243326.dmf","Z001023243326.dmf",".dmf","28826","2025-01-02T20:08:40.0000000Z","1B67E51D9A32218E3A127185A276165271479ECFE9A3EBBDA27A52ABD8D47732","True",""
"2","C:\Users\omard\Desktop\Facturas2","Z001023243327.dmf","C:\Users\omard\Desktop\Facturas2\Z001023243327.dmf","Z001023243327.dmf",".dmf","116351","2025-01-02T20:20:30.0000000Z","8DB9F5551634C44F7E425781989FEE6EFC071DA69297EA05FF36561348D941B8","True",""
"2","C:\Users\omard\Desktop\Facturas2","Z001023243328.dmf","C:\Users\omard\Desktop\Facturas2\Z001023243328.dmf","Z001023243328.dmf",".dmf","237725","2025-01-02T20:21:42.0000000Z","99C8FDB426CFA07A3FDFF2D7A04B87C768079EFD13C9B16E9AC93156AA34EF0D","True",""
"2","C:\Users\omard\Desktop\Facturas2","Z001023243329.dmf","C:\Users\omard\Desktop\Facturas2\Z001023243329.dmf","Z001023243329.dmf",".dmf","680982","2025-01-02T20:22:54.0000000Z","353E3E0D779F8463B7EF6044438B586878CB208DC0F80AE7D59A3B5417761AE0","True",""
"2","C:\Users\omard\Desktop\Facturas2","Z001023243348.dmf","C:\Users\omard\Desktop\Facturas2\Z001023243348.dmf","Z001023243348.dmf",".dmf","198576","2025-01-02T20:25:32.0000000Z","11323E416FAB5D16184378DE1D1CAC5055D0D28C0D6AA791BC655CA177DD8584","True",""
"2","C:\Users\omard\Desktop\Facturas2","Z001023243349.dmf","C:\Users\omard\Desktop\Facturas2\Z001023243349.dmf","Z001023243349.dmf",".dmf","125400","2025-01-02T20:29:06.0000000Z","7D20CBA676BC3643D4B6F1B40629CFF7016B75787EBD08C854A9FDD30409E1DA","True",""
"2","C:\Users\omard\Desktop\Facturas2","Z001023243369.dmf","C:\Users\omard\Desktop\Facturas2\Z001023243369.dmf","Z001023243369.dmf",".dmf","41908","2025-01-02T20:31:20.0000000Z","02AD6CC75807046C27162B0AAE49FFCD9F1D1D0683CBDE9DF4D0395D82DFC53C","True",""
"2","C:\Users\omard\Desktop\Facturas2","Z001023243370.dmf","C:\Users\omard\Desktop\Facturas2\Z001023243370.dmf","Z001023243370.dmf",".dmf","81819","2025-01-02T20:33:28.0000000Z","62852CC586A39E54E1D256F9786721B59DA4734B6BE5E771CDF51F41D7EBEF85","True",""
"2","C:\Users\omard\Desktop\Facturas2","Z001023243373.dmf","C:\Users\omard\Desktop\Facturas2\Z001023243373.dmf","Z001023243373.dmf",".dmf","89206","2025-01-02T20:36:04.0000000Z","3861BE5C61E2D2B4553D90EF29231AE2417CFD2BF93A75A1EF1E4B582A8B56F1","True",""
"2","C:\Users\omard\Desktop\Facturas2","Z001023243375.dmf","C:\Users\omard\Desktop\Facturas2\Z001023243375.dmf","Z001023243375.dmf",".dmf","29633","2025-01-02T20:38:22.0000000Z","297988BE4E8FFCB51461A889641083C3B50871843E4ABB8F420875CEC790A506","True",""
"2","C:\Users\omard\Desktop\Facturas2","Z001023243376.dmf","C:\Users\omard\Desktop\Facturas2\Z001023243376.dmf","Z001023243376.dmf",".dmf","82652","2025-01-02T20:39:46.0000000Z","0D39124E3EFDD1CFF2AD1407159B9D599C682F108C209C5E6F5BB72117ABAFD6","True",""
"2","C:\Users\omard\Desktop\Facturas2","Z001023243377.dmf","C:\Users\omard\Desktop\Facturas2\Z001023243377.dmf","Z001023243377.dmf",".dmf","55370","2025-01-02T20:41:52.0000000Z","6D5EDCAB66DEE3C0EA7EDD38D93BA639FE947DA9639218B36FB70843960FD783","True",""
"2","C:\Users\omard\Desktop\Facturas2","Z001023243378.dmf","C:\Users\omard\Desktop\Facturas2\Z001023243378.dmf","Z001023243378.dmf",".dmf","82456","2025-01-02T20:43:22.0000000Z","BB0C8CCBAB5D06FE0595AAEF3BF60D6CB9AA7319C85C48E3AEEE6FA803AE2DBB","True",""
"2","C:\Users\omard\Desktop\Facturas2","Z001023243380.dmf","C:\Users\omard\Desktop\Facturas2\Z001023243380.dmf","Z001023243380.dmf",".dmf","221114","2025-01-02T20:48:44.0000000Z","357C52E87FBBAD4EFDB828B81E5ABE286FAD01B620B3B22981520541B9224272","True",""
"2","C:\Users\omard\Desktop\Facturas2","Z001023243381.dmf","C:\Users\omard\Desktop\Facturas2\Z001023243381.dmf","Z001023243381.dmf",".dmf","221317","2025-01-02T20:52:26.0000000Z","C31FB96ECE0FADA3F9A3FBCCDD581653FC2B04F5AD4E8FF933D8281B4B885946","True",""
"2","C:\Users\omard\Desktop\Facturas2","Z001023243382.dmf","C:\Users\omard\Desktop\Facturas2\Z001023243382.dmf","Z001023243382.dmf",".dmf","81641","2025-01-02T20:53:50.0000000Z","E8E2B70E37C5AFBA52372C3E7E2C439E1F06676F7463AC32DF6876887BB58600","True",""
"2","C:\Users\omard\Desktop\Facturas2","Z001023243384.dmf","C:\Users\omard\Desktop\Facturas2\Z001023243384.dmf","Z001023243384.dmf",".dmf","50477","2025-01-02T20:55:02.0000000Z","9B38845CEF7805AAFAAE62B5D3F0412C86F47BCEFE63BC01956370ED127102F6","True",""
"2","C:\Users\omard\Desktop\Facturas2","Z001023243385.dmf","C:\Users\omard\Desktop\Facturas2\Z001023243385.dmf","Z001023243385.dmf",".dmf","29187","2025-01-02T20:55:52.0000000Z","70D32F080A92E761D3627894550F433BDF3FC540E299A1E14C1E5B13D573F2E2","True",""
"2","C:\Users\omard\Desktop\Facturas2","Z001023243386.dmf","C:\Users\omard\Desktop\Facturas2\Z001023243386.dmf","Z001023243386.dmf",".dmf","81453","2025-01-02T20:56:44.0000000Z","91532AED69A1AFA6D6E94B4496CAD3DD640721DB17437E59A151FC36559D7A0C","True",""
"2","C:\Users\omard\Desktop\Facturas2","Z001023243387.dmf","C:\Users\omard\Desktop\Facturas2\Z001023243387.dmf","Z001023243387.dmf",".dmf","81801","2025-01-02T20:57:18.0000000Z","1BD5C630F811AB1D6A4294449DD64568DB9F750AB57AB1534BF75B77025BFA48","True",""
"2","C:\Users\omard\Desktop\Facturas2","Z001023243393.dmf","C:\Users\omard\Desktop\Facturas2\Z001023243393.dmf","Z001023243393.dmf",".dmf","26031","2025-01-02T21:01:34.0000000Z","CF11A4AF36F5E51B9DA00456D5809E919A8B7C23FD738F2221A33A31C4D56784","True",""
"2","C:\Users\omard\Desktop\Facturas2","Z001023243394.dmf","C:\Users\omard\Desktop\Facturas2\Z001023243394.dmf","Z001023243394.dmf",".dmf","81678","2025-01-02T21:02:32.0000000Z","82E476BF8A4E3FAA5C89872DF88D59C5A75F420FA9A5B9525E9E6212701113A8","True",""
"2","C:\Users\omard\Desktop\Facturas2","Z001023243395.dmf","C:\Users\omard\Desktop\Facturas2\Z001023243395.dmf","Z001023243395.dmf",".dmf","29110","2025-01-02T21:03:36.0000000Z","8DBC2E396B36F782F4140FADEE774F111B68373F5E881A5A4683CC3693C25145","True",""
"2","C:\Users\omard\Desktop\Facturas2","Z001023243396.dmf","C:\Users\omard\Desktop\Facturas2\Z001023243396.dmf","Z001023243396.dmf",".dmf","81348","2025-01-02T21:04:30.0000000Z","15D116AE73E1DBE91F958C590CF01A6CEBC2C77F78A974CCA8D8408A0F9A7E6D","True",""
"2","C:\Users\omard\Desktop\Facturas2","Z001023243397.dmf","C:\Users\omard\Desktop\Facturas2\Z001023243397.dmf","Z001023243397.dmf",".dmf","81398","2025-01-02T21:05:10.0000000Z","DC6CDB40D3705393B609B1CAA63431223D2101AAA72553DA01EEF3D9AF7A9477","True",""
"2","C:\Users\omard\Desktop\Facturas2","Z001023243398.dmf","C:\Users\omard\Desktop\Facturas2\Z001023243398.dmf","Z001023243398.dmf",".dmf","81636","2025-01-02T21:06:30.0000000Z","129856D83C9A22F0381A1B3AEB7862DE9F47AC631A62FE2990762C556250FAFD","True",""
"2","C:\Users\omard\Desktop\Facturas2","Z001023243399.dmf","C:\Users\omard\Desktop\Facturas2\Z001023243399.dmf","Z001023243399.dmf",".dmf","28967","2025-01-02T21:07:54.0000000Z","4145C747F369A1AA44AF5C489E8642EE53474014FBDE82D9C88EBE2337D23B5E","True",""
"2","C:\Users\omard\Desktop\Facturas2","Z001023243400.dmf","C:\Users\omard\Desktop\Facturas2\Z001023243400.dmf","Z001023243400.dmf",".dmf","81906","2025-01-02T21:09:22.0000000Z","B5D3EAD37A36C38B15F59B018B22DB5E078BC2CEDA68BC340FF1C95A6745AD83","True",""
"2","C:\Users\omard\Desktop\Facturas2","Z001023243402.dmf","C:\Users\omard\Desktop\Facturas2\Z001023243402.dmf","Z001023243402.dmf",".dmf","221524","2025-01-02T21:10:12.0000000Z","DED768D51CADEDF60D501EE9432175D05DB191B25F4177109DA6F179306C90E5","True",""
"2","C:\Users\omard\Desktop\Facturas2","Z001023243422.dmf","C:\Users\omard\Desktop\Facturas2\Z001023243422.dmf","Z001023243422.dmf",".dmf","221109","2025-01-02T21:11:18.0000000Z","3AB4D62DB3727371395AE0B88DAB0465472B8325D1C013BCFCE85C269CF8249A","True",""
"2","C:\Users\omard\Desktop\Facturas2","Z001023243423.dmf","C:\Users\omard\Desktop\Facturas2\Z001023243423.dmf","Z001023243423.dmf",".dmf","82112","2025-01-02T21:12:40.0000000Z","CE03C00474F4D3792F0C0FC5EF77A3F40BA5CAA5AA0508D6B5D8F37AC8A1A9A3","True",""
"2","C:\Users\omard\Desktop\Facturas2","Z001023243424.dmf","C:\Users\omard\Desktop\Facturas2\Z001023243424.dmf","Z001023243424.dmf",".dmf","28999","2025-01-02T21:13:52.0000000Z","5F031C278BC7CB627A9E7E1AFE3EA0A2B465354D86DA22BEE981DD925E5DD6CE","True",""
"2","C:\Users\omard\Desktop\Facturas2","Z001023243425.dmf","C:\Users\omard\Desktop\Facturas2\Z001023243425.dmf","Z001023243425.dmf",".dmf","29017","2025-01-02T21:14:38.0000000Z","ADEC99E1572DA46EAC6264E7CDE86B4FE0E288F88142080450BC51307592073D","True",""
"2","C:\Users\omard\Desktop\Facturas2","Z001023243442.dmf","C:\Users\omard\Desktop\Facturas2\Z001023243442.dmf","Z001023243442.dmf",".dmf","81716","2025-01-02T21:15:50.0000000Z","3592A1AFAB5826BC17A599D402DBC070972EE266148EC509ED69F3B966045F82","True",""
"2","C:\Users\omard\Desktop\Facturas2","Z001023243448.dmf","C:\Users\omard\Desktop\Facturas2\Z001023243448.dmf","Z001023243448.dmf",".dmf","134289","2025-01-02T21:29:24.0000000Z","5486DBD788FB734E14AB270C68C792D60A10C8A011C1451375798676848CFBA2","True",""
"2","C:\Users\omard\Desktop\Facturas2","Z001023243457.dmf","C:\Users\omard\Desktop\Facturas2\Z001023243457.dmf","Z001023243457.dmf",".dmf","29313","2025-01-02T21:30:26.0000000Z","FF20545E12A0996C97984BDC52382F883BDB8CCF8725345420EE6DD5079B0C18","True",""
"2","C:\Users\omard\Desktop\Facturas2","Z001023243458.dmf","C:\Users\omard\Desktop\Facturas2\Z001023243458.dmf","Z001023243458.dmf",".dmf","901030","2025-01-02T21:32:56.0000000Z","A023FD166063690C17E58A773C21370B90273DE5A316D8AE57AA647EC9305A60","True",""
"2","C:\Users\omard\Desktop\Facturas2","Z001023243459.dmf","C:\Users\omard\Desktop\Facturas2\Z001023243459.dmf","Z001023243459.dmf",".dmf","29279","2025-01-02T21:35:06.0000000Z","18FBA58C98242A53877ED4D9CF84066FE0AC7DED05D6848D8135169343528A45","True",""
"2","C:\Users\omard\Desktop\Facturas2","Z001023243460.dmf","C:\Users\omard\Desktop\Facturas2\Z001023243460.dmf","Z001023243460.dmf",".dmf","1110954","2025-01-02T21:35:38.0000000Z","B34DCA2837AF5A5B69668A033E0A5E2EB58AE36A107FEEC06191A56EEC43F775","True",""
"2","C:\Users\omard\Desktop\Facturas2","Z001023243461.dmf","C:\Users\omard\Desktop\Facturas2\Z001023243461.dmf","Z001023243461.dmf",".dmf","29257","2025-01-02T21:36:36.0000000Z","260E23FE0E15889AE8339C22148D6A9D65DAA6DF4D7211666090EAFDD0F409FA","True",""
"2","C:\Users\omard\Desktop\Facturas2","Z001023243462.dmf","C:\Users\omard\Desktop\Facturas2\Z001023243462.dmf","Z001023243462.dmf",".dmf","83139","2025-01-02T21:38:06.0000000Z","D4EE7377A4647A7FDEBF662955EED821A792D4F6C565CD3EAD98981C567A46A5","True",""
"2","C:\Users\omard\Desktop\Facturas2","Z001023243463.dmf","C:\Users\omard\Desktop\Facturas2\Z001023243463.dmf","Z001023243463.dmf",".dmf","29279","2025-01-02T21:39:02.0000000Z","A0A73947CEBAC7A1F03000DD8AA4438FD503AFD0D7462F97A51285B53E3A0A1A","True",""
"2","C:\Users\omard\Desktop\Facturas2","Z001023243464.dmf","C:\Users\omard\Desktop\Facturas2\Z001023243464.dmf","Z001023243464.dmf",".dmf","935610","2025-01-02T21:41:30.0000000Z","2D701B7C972D0704BD73F7720670ABA30E0359C060D36CDEFDDB6853A801EE57","True",""
"2","C:\Users\omard\Desktop\Facturas2","Z001023243465.dmf","C:\Users\omard\Desktop\Facturas2\Z001023243465.dmf","Z001023243465.dmf",".dmf","940144","2025-01-02T21:43:16.0000000Z","4465D03F88E66059001ED6940D3FB39FB8D82F5C24CBC6C70A388DFAD7F7B3CF","True",""
"2","C:\Users\omard\Desktop\Facturas2","Z001023243466.dmf","C:\Users\omard\Desktop\Facturas2\Z001023243466.dmf","Z001023243466.dmf",".dmf","938900","2025-01-02T21:44:48.0000000Z","D2FCFDD26658BAE227B1844EF919EF6C0CFC2E22F55F1DBA92A2F4FCF4E1E57F","True",""
"2","C:\Users\omard\Desktop\Facturas2","Z001023243468.dmf","C:\Users\omard\Desktop\Facturas2\Z001023243468.dmf","Z001023243468.dmf",".dmf","29445","2025-01-02T21:47:42.0000000Z","D0C62EEAA89E401F948DDD51632F3B807F56874EC169A2221B72EB870A937439","True",""
"2","C:\Users\omard\Desktop\Facturas2","Z001023243733.dmf","C:\Users\omard\Desktop\Facturas2\Z001023243733.dmf","Z001023243733.dmf",".dmf","222850","2025-01-02T22:40:44.0000000Z","EAF4522BF024F192E5BF994DD4CD17DA2037FCAD90070F9384C5FEB0B8A741BF","True",""
"2","C:\Users\omard\Desktop\Facturas2","Z001023243734.dmf","C:\Users\omard\Desktop\Facturas2\Z001023243734.dmf","Z001023243734.dmf",".dmf","75605","2025-01-02T22:42:36.0000000Z","557784DB5EEB4B1F56840194796B8FB3FE025FA98DE3EA75BDE377C355E3A9E2","True",""
"2","C:\Users\omard\Desktop\Facturas2","Z001023243735.dmf","C:\Users\omard\Desktop\Facturas2\Z001023243735.dmf","Z001023243735.dmf",".dmf","75871","2025-01-02T22:43:20.0000000Z","BD569F67612CC730A1ABABE6EB75E7436D2C8C38FA782EB27783387849B431D7","True",""
"2","C:\Users\omard\Desktop\Facturas2","Z001023243736.dmf","C:\Users\omard\Desktop\Facturas2\Z001023243736.dmf","Z001023243736.dmf",".dmf","75242","2025-01-02T22:44:18.0000000Z","FFF46DCB76442E17420567B8D7B09B0F3F37C21168DA8FEB4736C727F7AC7166","True",""
"2","C:\Users\omard\Desktop\Facturas2","Z001023243737.dmf","C:\Users\omard\Desktop\Facturas2\Z001023243737.dmf","Z001023243737.dmf",".dmf","75533","2025-01-02T22:45:10.0000000Z","510D049957A3CE6FA02A5BCFA2EE85EFC19162A2BE3E7DE76A24055603796F81","True",""
"2","C:\Users\omard\Desktop\Facturas2","Z001023243738.dmf","C:\Users\omard\Desktop\Facturas2\Z001023243738.dmf","Z001023243738.dmf",".dmf","261436","2025-01-02T22:46:26.0000000Z","AEEE282571F87719478518F21779E81EEE96A25D56798BF70455F7F01DB3C748","True",""
"2","C:\Users\omard\Desktop\Facturas2","Z001023243739.dmf","C:\Users\omard\Desktop\Facturas2\Z001023243739.dmf","Z001023243739.dmf",".dmf","1049576","2025-01-02T22:48:26.0000000Z","3C524ABE5956C752F58E31B9353609A6CDBCA5B1E3D2D9400D0D016B7DD45805","True",""
"2","C:\Users\omard\Desktop\Facturas2","Z001023243740.dmf","C:\Users\omard\Desktop\Facturas2\Z001023243740.dmf","Z001023243740.dmf",".dmf","29273","2025-01-02T22:50:44.0000000Z","54CD7C0479223C5038022C5B69386942A532D9F7131760E00B32A01329B9DEFE","True",""
"2","C:\Users\omard\Desktop\Facturas2","Z001023243741.dmf","C:\Users\omard\Desktop\Facturas2\Z001023243741.dmf","Z001023243741.dmf",".dmf","121138","2025-01-02T22:54:16.0000000Z","482AE31E26D1A214C191F455BD1E766F01F4E4D1DC2466257FEC5B31309AAEE7","True",""
"2","C:\Users\omard\Desktop\Facturas2","Z001023243742.dmf","C:\Users\omard\Desktop\Facturas2\Z001023243742.dmf","Z001023243742.dmf",".dmf","121138","2025-01-02T22:55:04.0000000Z","B14E07F9B11C77C66B6F9046BB459EC7BADBAAC56FB5C7F88CC6147699D0813D","True",""
"2","C:\Users\omard\Desktop\Facturas2","Z001023243743.dmf","C:\Users\omard\Desktop\Facturas2\Z001023243743.dmf","Z001023243743.dmf",".dmf","75651","2025-01-02T22:57:58.0000000Z","44A0E7CA12E0ABE3E6A5FB6090B0153DB8589667F131EF61800725C3BF3EDA46","True",""
"2","C:\Users\omard\Desktop\Facturas2","Z001023243744.dmf","C:\Users\omard\Desktop\Facturas2\Z001023243744.dmf","Z001023243744.dmf",".dmf","652292","2025-01-02T22:59:34.0000000Z","111842A4A56DE124B11685665FCBF7E8403920297200B92E27E7F15F2B83D856","True",""
"2","C:\Users\omard\Desktop\Facturas2","Z001023243745.dmf","C:\Users\omard\Desktop\Facturas2\Z001023243745.dmf","Z001023243745.dmf",".dmf","75817","2025-01-02T23:00:36.0000000Z","194DF4F31759E21C6FF725381A808A8FAACFCA9F722BB789E01F8C0B1CDA5334","True",""
"2","C:\Users\omard\Desktop\Facturas2","Z001023243746.dmf","C:\Users\omard\Desktop\Facturas2\Z001023243746.dmf","Z001023243746.dmf",".dmf","222107","2025-01-02T23:01:34.0000000Z","811FA82EF62C1BFDE40B67C2AF7819E2DFF012DB342B3692E87C8D56CE3ACB52","True",""
"2","C:\Users\omard\Desktop\Facturas2","Z001023243747.dmf","C:\Users\omard\Desktop\Facturas2\Z001023243747.dmf","Z001023243747.dmf",".dmf","75656","2025-01-02T23:02:36.0000000Z","F4CEC0B07DB4680CA76E332BB34B470525CD009E991ADAD19EAB7B59333CC02B","True",""
"2","C:\Users\omard\Desktop\Facturas2","Z001023243748.dmf","C:\Users\omard\Desktop\Facturas2\Z001023243748.dmf","Z001023243748.dmf",".dmf","75705","2025-01-02T23:03:32.0000000Z","56A257107F07CF928716ECDE9F52CB6BF107AD90C4AF87D25B55CFD7FCF91A56","True",""
"2","C:\Users\omard\Desktop\Facturas2","Z001023243749.dmf","C:\Users\omard\Desktop\Facturas2\Z001023243749.dmf","Z001023243749.dmf",".dmf","75831","2025-01-02T23:05:12.0000000Z","F3AD583B7D0F37C8725CD9FFCB46B7929D003EA0439451C29FDF749CD08E7079","True",""
"2","C:\Users\omard\Desktop\Facturas2","Z001023243750.dmf","C:\Users\omard\Desktop\Facturas2\Z001023243750.dmf","Z001023243750.dmf",".dmf","222183","2025-01-02T23:05:48.0000000Z","FE70CD32735F79D0E2E533D83D9D5F1FE14519075DCF87B686CAD74F0A9DE833","True",""
"2","C:\Users\omard\Desktop\Facturas2","Z001023243751.dmf","C:\Users\omard\Desktop\Facturas2\Z001023243751.dmf","Z001023243751.dmf",".dmf","222602","2025-01-02T23:06:30.0000000Z","78B94F4B1EEE22EE582FB5680AE6FD81877BBEAC075B3B5F05665B54F89D5B14","True",""
"2","C:\Users\omard\Desktop\Facturas2","Z001023243752.dmf","C:\Users\omard\Desktop\Facturas2\Z001023243752.dmf","Z001023243752.dmf",".dmf","82149","2025-01-02T23:16:40.0000000Z","77666EC1E47B18EC77B13026777C130AC75BA9FAE486CF62565A40EDD591E4C1","True",""
"2","C:\Users\omard\Desktop\Facturas2","Z001023243753.dmf","C:\Users\omard\Desktop\Facturas2\Z001023243753.dmf","Z001023243753.dmf",".dmf","52416","2025-01-02T23:17:18.0000000Z","74B99BA5EA2F3D3179977995A55D794789F720563BBCA38B266D6FAF959F277B","True",""
"2","C:\Users\omard\Desktop\Facturas2","Z001023243754.dmf","C:\Users\omard\Desktop\Facturas2\Z001023243754.dmf","Z001023243754.dmf",".dmf","323798","2025-01-02T23:20:10.0000000Z","2170EE20D072E2019F96AE52C1BDA0556D0020239770F08C2C75BC26E7A1D705","True",""
"2","C:\Users\omard\Desktop\Facturas2","Z001023243755.dmf","C:\Users\omard\Desktop\Facturas2\Z001023243755.dmf","Z001023243755.dmf",".dmf","187394","2025-01-02T23:21:16.0000000Z","0991829DC8C1C9108EAB8B93833B31E4F4BFEAC5A744600D4C29B71E30C5CCF2","True",""
"2","C:\Users\omard\Desktop\Facturas2","Z001023243756.dmf","C:\Users\omard\Desktop\Facturas2\Z001023243756.dmf","Z001023243756.dmf",".dmf","71502","2025-01-02T23:22:16.0000000Z","46F832A7DDFD98082022821987A9D09A1E0BC7D2752A5A6937CD1DCF4D395739","True",""
"2","C:\Users\omard\Desktop\Facturas2","Z001023243757.dmf","C:\Users\omard\Desktop\Facturas2\Z001023243757.dmf","Z001023243757.dmf",".dmf","162008","2025-01-02T23:23:06.0000000Z","7B9A3575010213326CC0714A956ABB62E168BFE2324E946E084145A0D78B8850","True",""
"2","C:\Users\omard\Desktop\Facturas2","Z001023243758.dmf","C:\Users\omard\Desktop\Facturas2\Z001023243758.dmf","Z001023243758.dmf",".dmf","93428","2025-01-02T23:24:02.0000000Z","843577EF653E5DE5B0739782B4C9C602A897EED64247BE6A6CBC6207F68ACB38","True",""
"2","C:\Users\omard\Desktop\Facturas2","Z001023243759.dmf","C:\Users\omard\Desktop\Facturas2\Z001023243759.dmf","Z001023243759.dmf",".dmf","265735","2025-01-02T23:25:22.0000000Z","4C3F63AC525AC75BEFECF0C03D4B56B2177F66975D0D4832462AEC464721B822","True",""
"2","C:\Users\omard\Desktop\Facturas2","Z001023243760.dmf","C:\Users\omard\Desktop\Facturas2\Z001023243760.dmf","Z001023243760.dmf",".dmf","265735","2025-01-02T23:25:50.0000000Z","434588777E9FDC19692E244FE7D3473A6FE6EF63E2D1A9DAFC06D0065BB2E9B3","True",""
"2","C:\Users\omard\Desktop\Facturas2","Z001023264729.dmf","C:\Users\omard\Desktop\Facturas2\Z001023264729.dmf","Z001023264729.dmf",".dmf","41593","2025-01-03T09:57:02.0000000Z","060ABE9A9E9235DB551D0EEA6EA511BF0EE00C3A547CDC6CF6B343BCA560EFFE","True",""
"2","C:\Users\omard\Desktop\Facturas2","Z001023265539.dmf","C:\Users\omard\Desktop\Facturas2\Z001023265539.dmf","Z001023265539.dmf",".dmf","82432","2025-01-03T10:03:36.0000000Z","2B16D6AA14DCB7DE26914E3A9B71AD79D3A6FD36F1FCAEF17B9369D1781FDA5E","True",""
"2","C:\Users\omard\Desktop\Facturas2","Z001023265841.dmf","C:\Users\omard\Desktop\Facturas2\Z001023265841.dmf","Z001023265841.dmf",".dmf","29432","2025-01-03T10:04:34.0000000Z","D0D64B6BB564F6BF29759E0CE3839EB3FF940530ED720872589996DB5F46AFAD","True",""
"2","C:\Users\omard\Desktop\Facturas2","Z001023266209.dmf","C:\Users\omard\Desktop\Facturas2\Z001023266209.dmf","Z001023266209.dmf",".dmf","46692","2025-01-03T10:05:46.0000000Z","9623B8427D64C915B1D80CCD23740DC80CDD4ACCA80AF0C185ED90C922287FCF","True",""
"2","C:\Users\omard\Desktop\Facturas2","Z001023266210.dmf","C:\Users\omard\Desktop\Facturas2\Z001023266210.dmf","Z001023266210.dmf",".dmf","30361","2025-01-03T10:06:56.0000000Z","DA260454787C40CA3ADAE4FA8AF5533BC789B6459E55BEAE863CCD313F7D2CC1","True",""
"2","C:\Users\omard\Desktop\Facturas2","Z001023266211.dmf","C:\Users\omard\Desktop\Facturas2\Z001023266211.dmf","Z001023266211.dmf",".dmf","82001","2025-01-03T10:08:14.0000000Z","A5BFBC7E6148A805A8E67954A4D8FB210F5BD027632847B007638BED86ABE539","True",""
"2","C:\Users\omard\Desktop\Facturas2","Z001023266212.dmf","C:\Users\omard\Desktop\Facturas2\Z001023266212.dmf","Z001023266212.dmf",".dmf","82173","2025-01-03T10:10:26.0000000Z","42ED108E2AF94FCE96403490FA6A478BF715A6724D9439FF99A43364CAF51F17","True",""
"2","C:\Users\omard\Desktop\Facturas2","Z001023266213.dmf","C:\Users\omard\Desktop\Facturas2\Z001023266213.dmf","Z001023266213.dmf",".dmf","29367","2025-01-03T10:11:44.0000000Z","40100EFD091AAC0B3B71A234E9208A44D8168D10DFCFDD51DEAC5420AD6EACF5","True",""
"2","C:\Users\omard\Desktop\Facturas2","Z001023266214.dmf","C:\Users\omard\Desktop\Facturas2\Z001023266214.dmf","Z001023266214.dmf",".dmf","39237","2025-01-03T10:12:44.0000000Z","A418213A13F40BF9E2E6DAF86A7C0A7120B474D57F241A6401FA0163A8E8135F","True",""
"2","C:\Users\omard\Desktop\Facturas2","Z001023266215.dmf","C:\Users\omard\Desktop\Facturas2\Z001023266215.dmf","Z001023266215.dmf",".dmf","41834","2025-01-03T10:13:44.0000000Z","96CE2752B8B96FB2DE61FFE109D87B5CBAC9D33C24523216BC86A44258358B4B","True",""
"2","C:\Users\omard\Desktop\Facturas2","Z001023266216.dmf","C:\Users\omard\Desktop\Facturas2\Z001023266216.dmf","Z001023266216.dmf",".dmf","39468","2025-01-03T10:15:02.0000000Z","EB339DAC097E0288454419292FEC63DDB19EEA8E914D0EFB8B9FA6D79CECC884","True",""
"2","C:\Users\omard\Desktop\Facturas2","Z001023266217.dmf","C:\Users\omard\Desktop\Facturas2\Z001023266217.dmf","Z001023266217.dmf",".dmf","39817","2025-01-03T10:15:54.0000000Z","0BBBBFC66A0CE5AAE238C30F68CE9AB6C820FE3647FD2769C6C943B0918C5CE3","True",""
"2","C:\Users\omard\Desktop\Facturas2","Z001023266218.dmf","C:\Users\omard\Desktop\Facturas2\Z001023266218.dmf","Z001023266218.dmf",".dmf","39414","2025-01-03T10:16:50.0000000Z","D6FBC2B9BD6A3A264669A1CCA6D6186BA5517C1F9461DC5CF2F1F405E9340EDD","True",""
"2","C:\Users\omard\Desktop\Facturas2","Z001023266219.dmf","C:\Users\omard\Desktop\Facturas2\Z001023266219.dmf","Z001023266219.dmf",".dmf","38852","2025-01-03T10:17:48.0000000Z","1E7E3B847B6E035BD115D64AAD9C92F75480DFF0785FAB9A18C5A7E3FB92A85F","True",""
"2","C:\Users\omard\Desktop\Facturas2","Z001023266220.dmf","C:\Users\omard\Desktop\Facturas2\Z001023266220.dmf","Z001023266220.dmf",".dmf","39012","2025-01-03T10:18:46.0000000Z","61F5602D7A8132AF0206B560FB0573653FDECD6CCEE7AD732BA05F07CE611EA0","True",""
"2","C:\Users\omard\Desktop\Facturas2","Z001023266221.dmf","C:\Users\omard\Desktop\Facturas2\Z001023266221.dmf","Z001023266221.dmf",".dmf","101221","2025-01-03T10:19:40.0000000Z","0990E69D254E24FA1EBC81A7294C47CC8AE7236496E84D64D0A58961A3DDCC91","True",""
"2","C:\Users\omard\Desktop\Facturas2","Z001023266222.dmf","C:\Users\omard\Desktop\Facturas2\Z001023266222.dmf","Z001023266222.dmf",".dmf","82298","2025-01-03T10:20:40.0000000Z","CC0C14F0F000E23D80B1F133F416947FD8A8C1ED153C3387A39F95C190FDEF67","True",""
"2","C:\Users\omard\Desktop\Facturas2","Z001023266223.dmf","C:\Users\omard\Desktop\Facturas2\Z001023266223.dmf","Z001023266223.dmf",".dmf","29634","2025-01-03T10:21:22.0000000Z","04DB5E68F0DB1B3AF3181141C4541A05EB8E3BCC4F5F0025C73DC786FE87E095","True",""
"2","C:\Users\omard\Desktop\Facturas2","Z001023266224.dmf","C:\Users\omard\Desktop\Facturas2\Z001023266224.dmf","Z001023266224.dmf",".dmf","29855","2025-01-03T10:22:38.0000000Z","D670CBF8F0A5471A44001B4A67FF9EE78F3F5024751CDC397F95CF33134E9667","True",""
"2","C:\Users\omard\Desktop\Facturas2","Z001023266225.dmf","C:\Users\omard\Desktop\Facturas2\Z001023266225.dmf","Z001023266225.dmf",".dmf","47223","2025-01-03T10:23:24.0000000Z","EE7C0145C67EFD6AC5B2DD07F0291DFAE83939B90C8B986D1F7110D2BC3E6F24","True",""
"2","C:\Users\omard\Desktop\Facturas2","Z001023266226.dmf","C:\Users\omard\Desktop\Facturas2\Z001023266226.dmf","Z001023266226.dmf",".dmf","13130","2025-01-03T10:24:16.0000000Z","7DABCA1956C005C59E3BB2DFFADA0CC0B143948B7368ED7268C73D38E6B03959","True",""
"2","C:\Users\omard\Desktop\Facturas2","Z001023266231.dmf","C:\Users\omard\Desktop\Facturas2\Z001023266231.dmf","Z001023266231.dmf",".dmf","155256","2025-01-03T10:30:46.0000000Z","CD34875D16FC2B8F14D263836F1F68A59D7F754808E028FDE62188E875E76C65","True",""
"2","C:\Users\omard\Desktop\Facturas2","Z001023266232.dmf","C:\Users\omard\Desktop\Facturas2\Z001023266232.dmf","Z001023266232.dmf",".dmf","58440","2025-01-03T10:31:58.0000000Z","5BC193F2AAF674C55124EF7ADE0EB8AB530D119929D61311E0CEDE3F9894F5F3","True",""
"2","C:\Users\omard\Desktop\Facturas2","Z001023266233.dmf","C:\Users\omard\Desktop\Facturas2\Z001023266233.dmf","Z001023266233.dmf",".dmf","57861","2025-01-03T10:32:44.0000000Z","F7C6A2027F89D21740F6412FB1FEED24EFC03BF0D3246E27C30B8DE620E1EBAC","True",""
"2","C:\Users\omard\Desktop\Facturas2","Z001023266234.dmf","C:\Users\omard\Desktop\Facturas2\Z001023266234.dmf","Z001023266234.dmf",".dmf","46526","2025-01-03T10:33:42.0000000Z","EAD70C45B1B60093A749AE49D1715935F573EA20EB796050C5ACA49B29359A23","True",""
"2","C:\Users\omard\Desktop\Facturas2","Z001023266235.dmf","C:\Users\omard\Desktop\Facturas2\Z001023266235.dmf","Z001023266235.dmf",".dmf","81470","2025-01-03T10:34:32.0000000Z","49F418D741D31EEE710E4AB686E7C41839CE1197A5F2ADDFFACA8B9D644F58F7","True",""
"2","C:\Users\omard\Desktop\Facturas2","Z001023266236.dmf","C:\Users\omard\Desktop\Facturas2\Z001023266236.dmf","Z001023266236.dmf",".dmf","185517","2025-01-03T10:35:20.0000000Z","45146ECE97A5E72E21D8CF5CF89BB4844D74A7E557032FC4258EA66D894CD375","True",""
"2","C:\Users\omard\Desktop\Facturas2","Z001023266237.dmf","C:\Users\omard\Desktop\Facturas2\Z001023266237.dmf","Z001023266237.dmf",".dmf","123360","2025-01-03T10:38:18.0000000Z","51996699F96716AD8795B111EFC7052271E726F9A120DE540BD3914F0C764EC3","True",""
"2","C:\Users\omard\Desktop\Facturas2","Z001023266238.dmf","C:\Users\omard\Desktop\Facturas2\Z001023266238.dmf","Z001023266238.dmf",".dmf","122356","2025-01-03T10:39:02.0000000Z","3B391EEC38EE89B8A5CA0AFD1B135DE3E3E8424C6FA0D7E779F509BB39D3FC25","True",""
"2","C:\Users\omard\Desktop\Facturas2","Z001023266239.dmf","C:\Users\omard\Desktop\Facturas2\Z001023266239.dmf","Z001023266239.dmf",".dmf","123958","2025-01-03T10:39:34.0000000Z","84A2821814FDD28FCB52160FFB3A86AC904745D6CA06B058E1A4D1CCE2692F9A","True",""
"2","C:\Users\omard\Desktop\Facturas2","Z001023266240.dmf","C:\Users\omard\Desktop\Facturas2\Z001023266240.dmf","Z001023266240.dmf",".dmf","31535","2025-01-03T10:40:14.0000000Z","B0946C78BF71F98E51093E0A9FC4021D52226A52F7D7F68F64E59F26E4D0EE5A","True",""
"2","C:\Users\omard\Desktop\Facturas2","Z001023266241.dmf","C:\Users\omard\Desktop\Facturas2\Z001023266241.dmf","Z001023266241.dmf",".dmf","602518","2025-01-03T10:42:28.0000000Z","B4EA1ED4BD03D34B0DBA4BFC7F313D1AF7C7F71A8F0283F6629FCE3E1B900F21","True",""
"2","C:\Users\omard\Desktop\Facturas2","Z001023266242.dmf","C:\Users\omard\Desktop\Facturas2\Z001023266242.dmf","Z001023266242.dmf",".dmf","82345","2025-01-03T10:43:28.0000000Z","96F8437ADAE8743D4D611D4F584FE3E4B65CFB245F803B69DCE03091DFD4F630","True",""
"2","C:\Users\omard\Desktop\Facturas2","Z001023266243.dmf","C:\Users\omard\Desktop\Facturas2\Z001023266243.dmf","Z001023266243.dmf",".dmf","197169","2025-01-03T10:44:34.0000000Z","C4BC3E0FBDE5CFBE11046B373EE7EB439F8FEEC4CF87C9B112109F614E04E062","True",""
"2","C:\Users\omard\Desktop\Facturas2","Z001023266244.dmf","C:\Users\omard\Desktop\Facturas2\Z001023266244.dmf","Z001023266244.dmf",".dmf","197085","2025-01-03T10:45:24.0000000Z","09660CCA7993E0AF501E5E1131DC9040740B717AB7A38B9D2F117B315BA2355B","True",""
"2","C:\Users\omard\Desktop\Facturas2","Z001023266245.dmf","C:\Users\omard\Desktop\Facturas2\Z001023266245.dmf","Z001023266245.dmf",".dmf","183544","2025-01-03T10:46:10.0000000Z","B6E9A9C0B22E8A88CEB20370CA132821D435B28864EFC98222FF642870C51EB0","True",""
"2","C:\Users\omard\Desktop\Facturas2","Z001023266246.dmf","C:\Users\omard\Desktop\Facturas2\Z001023266246.dmf","Z001023266246.dmf",".dmf","31053","2025-01-03T10:48:18.0000000Z","44BE07329521980FE613A0BAB73E87606F7D6573E0D17CD5118ABDF39F7DF7B8","True",""
"2","C:\Users\omard\Desktop\Facturas2","Z001023266247.dmf","C:\Users\omard\Desktop\Facturas2\Z001023266247.dmf","Z001023266247.dmf",".dmf","379716","2025-01-03T10:49:22.0000000Z","69B5300570E0D2E77AC0B8355465662908FD60188C090BE866ACFF36496EE127","True",""
"2","C:\Users\omard\Desktop\Facturas2","Z001023266248.dmf","C:\Users\omard\Desktop\Facturas2\Z001023266248.dmf","Z001023266248.dmf",".dmf","29337","2025-01-03T10:50:28.0000000Z","0E1631862F27AB5062782057B458177E7528ECCE69B57F81864D2326606DC1AC","True",""
"2","C:\Users\omard\Desktop\Facturas2","Z001023266249.dmf","C:\Users\omard\Desktop\Facturas2\Z001023266249.dmf","Z001023266249.dmf",".dmf","29254","2025-01-03T10:51:38.0000000Z","9C699A2E615C3D6C59F34295B319D6B32702521A443D2D193AAB298A6349D0C9","True",""
"2","C:\Users\omard\Desktop\Facturas2","Z001023266250.dmf","C:\Users\omard\Desktop\Facturas2\Z001023266250.dmf","Z001023266250.dmf",".dmf","1090321","2025-01-03T10:52:04.0000000Z","2230D41CBD972EAEA42C12FCF2C11B33A8EC205924BD8EF3B24FF9ABF1AD4C29","True",""
"2","C:\Users\omard\Desktop\Facturas2","Z001023266251.dmf","C:\Users\omard\Desktop\Facturas2\Z001023266251.dmf","Z001023266251.dmf",".dmf","29163","2025-01-03T10:53:12.0000000Z","CF41189E160E035192DB535AA7E23033A470860E9942ADF070BCB5AFE8E672DA","True",""
"2","C:\Users\omard\Desktop\Facturas2","Z001023266252.dmf","C:\Users\omard\Desktop\Facturas2\Z001023266252.dmf","Z001023266252.dmf",".dmf","29424","2025-01-03T10:54:08.0000000Z","978E29F9BE176BFE2EE69C507425A0650154A09C4A7292743084CF1937AD1139","True",""
"2","C:\Users\omard\Desktop\Facturas2","Z001023266253.dmf","C:\Users\omard\Desktop\Facturas2\Z001023266253.dmf","Z001023266253.dmf",".dmf","29512","2025-01-03T10:55:06.0000000Z","015CA404CDC7F00BD6999B749F1543C4C5EDDD2BC8EEA04DD29B29C6CDD9B46B","True",""
"2","C:\Users\omard\Desktop\Facturas2","Z001023266254.dmf","C:\Users\omard\Desktop\Facturas2\Z001023266254.dmf","Z001023266254.dmf",".dmf","652091","2025-01-03T10:56:10.0000000Z","60EDE1CFEF375A82645DF76FD8798F2BC1211E619F13BDC67DD649EF5BD9AD0D","True",""
"2","C:\Users\omard\Desktop\Facturas2","Z001023266255.png","C:\Users\omard\Desktop\Facturas2\Z001023266255.png","Z001023266255.png",".png","303025","2025-01-03T10:57:48.0000000Z","C77044008A97EBB7AACFDE72FCAF1BEFF735B529516F5239039C1FB3889CD6D3","",""
"2","C:\Users\omard\Desktop\Facturas2","Z001023266256.dmf","C:\Users\omard\Desktop\Facturas2\Z001023266256.dmf","Z001023266256.dmf",".dmf","29262","2025-01-03T10:59:14.0000000Z","BDF176571D67B0E8186B7154C897B1B473503D0F8678B73047A209EE8A977038","True",""
"2","C:\Users\omard\Desktop\Facturas2","Z001023266257.dmf","C:\Users\omard\Desktop\Facturas2\Z001023266257.dmf","Z001023266257.dmf",".dmf","977633","2025-01-03T10:59:44.0000000Z","80110E6FC3F6DEC49FAF5C2E23CE863640740659478277D43D55D3172442EBE9","True",""
"2","C:\Users\omard\Desktop\Facturas2","Z001023266342.dmf","C:\Users\omard\Desktop\Facturas2\Z001023266342.dmf","Z001023266342.dmf",".dmf","29286","2025-01-03T11:00:58.0000000Z","13E12D5FB8F2FD8AFA4C25D60975AF90F8137F33ED7B82508B1F0B57F9C50CD8","True",""
"2","C:\Users\omard\Desktop\Facturas2","Z001023266852.dmf","C:\Users\omard\Desktop\Facturas2\Z001023266852.dmf","Z001023266852.dmf",".dmf","81559","2025-01-03T11:11:28.0000000Z","42BDA2B974B6DE6EED2965D108B8D8BCF29548DD5889FE0A5329356A6A96E359","True",""
"2","C:\Users\omard\Desktop\Facturas2","Z001023266853.dmf","C:\Users\omard\Desktop\Facturas2\Z001023266853.dmf","Z001023266853.dmf",".dmf","81783","2025-01-03T11:12:08.0000000Z","D0F96F1B143BAC1BB8D5BE7488DAD22810DDFF403EB6E3E14752585E799B2E95","True",""
"2","C:\Users\omard\Desktop\Facturas2","Z001023266854.dmf","C:\Users\omard\Desktop\Facturas2\Z001023266854.dmf","Z001023266854.dmf",".dmf","288818","2025-01-03T11:13:02.0000000Z","BCADBF551905655F75DE79A33CAE66C43811A319486FC063BB4F346EC8D0A77D","True",""
"2","C:\Users\omard\Desktop\Facturas2","Z001023266855.dmf","C:\Users\omard\Desktop\Facturas2\Z001023266855.dmf","Z001023266855.dmf",".dmf","81605","2025-01-03T11:13:56.0000000Z","C5E12ACC28C28BDD90CE4A0EE664695B74BCCF98D4ED8A67E5BD654A8892A41F","True",""
"2","C:\Users\omard\Desktop\Facturas2","Z001023266856.dmf","C:\Users\omard\Desktop\Facturas2\Z001023266856.dmf","Z001023266856.dmf",".dmf","29326","2025-01-03T11:15:32.0000000Z","E1F6EF5E872A267FE6F3FB51705C14ACFC452505BD8031F3D118B39E1F838C3C","True",""
"2","C:\Users\omard\Desktop\Facturas2","Z001023266857.dmf","C:\Users\omard\Desktop\Facturas2\Z001023266857.dmf","Z001023266857.dmf",".dmf","29338","2025-01-03T11:16:12.0000000Z","DE24981DA8F3A2F3B60EAE3BCFE7F15E4262C0020F13AAF22AD7298BCB128A34","True",""
"2","C:\Users\omard\Desktop\Facturas2","Z001023266858.dmf","C:\Users\omard\Desktop\Facturas2\Z001023266858.dmf","Z001023266858.dmf",".dmf","29294","2025-01-03T11:16:50.0000000Z","2336FC415439F6C28C8C9335392EF49765D399E61BC28A629998B1757A0DEE20","True",""
"2","C:\Users\omard\Desktop\Facturas2","Z001023266859.dmf","C:\Users\omard\Desktop\Facturas2\Z001023266859.dmf","Z001023266859.dmf",".dmf","243848","2025-01-03T11:17:52.0000000Z","8144F2DFD69EAE47AF0F2674B2C1FF3DD6A915C3E70AE06BF936A6E20C71B20F","True",""
"2","C:\Users\omard\Desktop\Facturas2","Z001023266860.dmf","C:\Users\omard\Desktop\Facturas2\Z001023266860.dmf","Z001023266860.dmf",".dmf","10793","2025-01-03T11:20:44.0000000Z","47A39FF9C3C955369583A24B1D06270E002DE8A2C21F556CF3CCA93528B99E9F","True",""
"2","C:\Users\omard\Desktop\Facturas2","Z001023266861.dmf","C:\Users\omard\Desktop\Facturas2\Z001023266861.dmf","Z001023266861.dmf",".dmf","48848","2025-01-03T11:23:34.0000000Z","F68AFF53E2EE902052BEEE5814B4484CCE9FB5875A1527AC1E561D5F4C9B7FD8","True",""
"2","C:\Users\omard\Desktop\Facturas2","Z001023266862.dmf","C:\Users\omard\Desktop\Facturas2\Z001023266862.dmf","Z001023266862.dmf",".dmf","29308","2025-01-03T11:24:30.0000000Z","0897BC44B2AB66E12AF597412DFE0C65AF9D5B4F4A9B4E13CB6AC32A7D67C38D","True",""
"2","C:\Users\omard\Desktop\Facturas2","Z001023266863.dmf","C:\Users\omard\Desktop\Facturas2\Z001023266863.dmf","Z001023266863.dmf",".dmf","413915","2025-01-03T11:25:16.0000000Z","170B31D82E418CF35A308046BA0B2B21153DE5DC5584DAD8C4923F9788394EF6","True",""
"2","C:\Users\omard\Desktop\Facturas2","Z001023266864.dmf","C:\Users\omard\Desktop\Facturas2\Z001023266864.dmf","Z001023266864.dmf",".dmf","82755","2025-01-03T11:25:56.0000000Z","747C216BF7235033450C68C91E0E8C213E9586E4F958BD8053C155C7BB673403","True",""
"2","C:\Users\omard\Desktop\Facturas2","Z001023266865.dmf","C:\Users\omard\Desktop\Facturas2\Z001023266865.dmf","Z001023266865.dmf",".dmf","29257","2025-01-03T11:26:40.0000000Z","432F1FC1EBE98F3897229C2F8DB7A9B55534575A0CDC2B151154AEB8AF5D5822","True",""
"2","C:\Users\omard\Desktop\Facturas2","Z001023266866.dmf","C:\Users\omard\Desktop\Facturas2\Z001023266866.dmf","Z001023266866.dmf",".dmf","29297","2025-01-03T11:27:32.0000000Z","7539509460099B11F0438D2480E48ECE6576493EC87DFED2FB9B1D7805066CC4","True",""
"2","C:\Users\omard\Desktop\Facturas2","Z001023266867.dmf","C:\Users\omard\Desktop\Facturas2\Z001023266867.dmf","Z001023266867.dmf",".dmf","223247","2025-01-03T11:28:12.0000000Z","2420B4E9D2B838A844273002361F1389DB2BFEFFCBCCEBDFE2CC71B8571C44F8","True",""
"2","C:\Users\omard\Desktop\Facturas2","Z001023266868.dmf","C:\Users\omard\Desktop\Facturas2\Z001023266868.dmf","Z001023266868.dmf",".dmf","214892","2025-01-03T11:28:50.0000000Z","A2D9979965FF0E9A5A7AF438F4BAE496F7F6BFFDC2A57DD3EA54280997CD969A","True",""
"2","C:\Users\omard\Desktop\Facturas2","Z001023266870.dmf","C:\Users\omard\Desktop\Facturas2\Z001023266870.dmf","Z001023266870.dmf",".dmf","83336","2025-01-03T11:32:18.0000000Z","E5B8C3722890164D519368E08B4DBA41204F69DC4396D3A4D01345306E1D7CD4","True",""
"2","C:\Users\omard\Desktop\Facturas2","Z001023266871.dmf","C:\Users\omard\Desktop\Facturas2\Z001023266871.dmf","Z001023266871.dmf",".dmf","124457","2025-01-03T11:34:34.0000000Z","D719472C198CA5C20526E9DDC728C5ECDE11D0B5B2E3F72D720797BCDFE62C23","True",""
"2","C:\Users\omard\Desktop\Facturas2","Z001023266872.dmf","C:\Users\omard\Desktop\Facturas2\Z001023266872.dmf","Z001023266872.dmf",".dmf","124796","2025-01-03T11:35:14.0000000Z","35C97636986A67015E3C04058B6D4762CEAF1A8E6F7B340155D870E16B378B38","True",""
"2","C:\Users\omard\Desktop\Facturas2","Z001023266873.dmf","C:\Users\omard\Desktop\Facturas2\Z001023266873.dmf","Z001023266873.dmf",".dmf","19179","2025-01-03T11:36:44.0000000Z","2E3F113382CE801E9E6B53E00DBE2BB76BCF5B5879B032139C46B92BAE6FC889","True",""
"2","C:\Users\omard\Desktop\Facturas2","Z001023266874.dmf","C:\Users\omard\Desktop\Facturas2\Z001023266874.dmf","Z001023266874.dmf",".dmf","82806","2025-01-03T11:38:00.0000000Z","12795405E124EBE655DFED92924209C084D5836157442735911B4591CD4426B1","True",""
"2","C:\Users\omard\Desktop\Facturas2","Z001023266875.dmf","C:\Users\omard\Desktop\Facturas2\Z001023266875.dmf","Z001023266875.dmf",".dmf","81990","2025-01-03T11:41:04.0000000Z","281B0C11475EA5E8A1296850F63693ED0F91BB604A7650838E07BCDCD832CA77","True",""
"2","C:\Users\omard\Desktop\Facturas2","Z001023266876.dmf","C:\Users\omard\Desktop\Facturas2\Z001023266876.dmf","Z001023266876.dmf",".dmf","75828","2025-01-03T11:43:44.0000000Z","AD5F1311242B2393BB635FC13C60BEA5A63E5C334D3BBCB00BB8F45D0624E0A8","True",""
"2","C:\Users\omard\Desktop\Facturas2","Z001023266877.dmf","C:\Users\omard\Desktop\Facturas2\Z001023266877.dmf","Z001023266877.dmf",".dmf","29168","2025-01-03T11:58:14.0000000Z","906926D798D9F3B1013F13192BDD2D295C16A27530C578F98F2E15DDF08B897B","True",""
"2","C:\Users\omard\Desktop\Facturas2","Z001023266916.dmf","C:\Users\omard\Desktop\Facturas2\Z001023266916.dmf","Z001023266916.dmf",".dmf","289794","2025-01-03T12:06:16.0000000Z","D9EABA07B3D2C980552867CAACCAE128AF44462EE5BB24ABDC94FBED6B58E1A5","True",""
"2","C:\Users\omard\Desktop\Facturas2","Z001023266917.dmf","C:\Users\omard\Desktop\Facturas2\Z001023266917.dmf","Z001023266917.dmf",".dmf","83340","2025-01-03T12:08:50.0000000Z","8FC6853AC1D6AEABFC28D540CAE7A04A7F334AED2E2FB69C2A17D39CF6D6EA59","True",""
"2","C:\Users\omard\Desktop\Facturas2","Z001023266918.dmf","C:\Users\omard\Desktop\Facturas2\Z001023266918.dmf","Z001023266918.dmf",".dmf","83033","2025-01-03T12:09:50.0000000Z","6EDB3EB03DDDA01AC4DB901C6316F799A7A7C77130F10F4D20E099A6020A3F04","True",""
"2","C:\Users\omard\Desktop\Facturas2","Z001023266919.dmf","C:\Users\omard\Desktop\Facturas2\Z001023266919.dmf","Z001023266919.dmf",".dmf","83349","2025-01-03T12:10:42.0000000Z","0E02513F74D7FE0E14AE7AD0715CBA7573CAD986299CB8442F5E4FACBE709C2F","True",""
"2","C:\Users\omard\Desktop\Facturas2","Z001023266920.dmf","C:\Users\omard\Desktop\Facturas2\Z001023266920.dmf","Z001023266920.dmf",".dmf","29648","2025-01-03T12:11:32.0000000Z","1EC6987D8F52936C6AD1FFB059F11087571C798A45970089341BF51BB22039A8","True",""
"2","C:\Users\omard\Desktop\Facturas2","Z001023266921.dmf","C:\Users\omard\Desktop\Facturas2\Z001023266921.dmf","Z001023266921.dmf",".dmf","83265","2025-01-03T12:13:28.0000000Z","44B6ED008DFA3410F39A0C2B3CB6636FB912C1CC153F6436AFD6CAE35641CA83","True",""
"2","C:\Users\omard\Desktop\Facturas2","Z001023266941.dmf","C:\Users\omard\Desktop\Facturas2\Z001023266941.dmf","Z001023266941.dmf",".dmf","82398","2025-01-03T12:38:36.0000000Z","6DB6500EC8E4DEA8D1A9FCC7ADCFC7EFBB988FBB01077D79B86A6DD6757F01E8","True",""
"2","C:\Users\omard\Desktop\Facturas2","Z001023266942.dmf","C:\Users\omard\Desktop\Facturas2\Z001023266942.dmf","Z001023266942.dmf",".dmf","118021","2025-01-03T12:47:44.0000000Z","7FF431F9E60E5798A9F04C757B620F686E2D389EE343298CB9930C843C2FBA1C","True",""
"2","C:\Users\omard\Desktop\Facturas2","Z001023266943.dmf","C:\Users\omard\Desktop\Facturas2\Z001023266943.dmf","Z001023266943.dmf",".dmf","82260","2025-01-03T12:51:58.0000000Z","ABC9DCA8A608C66AE540A1B6507B4786ACD354135251689387DE08D9FE74E7CC","True",""
"2","C:\Users\omard\Desktop\Facturas2","Z001023266958.dmf","C:\Users\omard\Desktop\Facturas2\Z001023266958.dmf","Z001023266958.dmf",".dmf","602611","2025-01-03T12:58:46.0000000Z","728BF075D333EF3919561259465E1DADA5052356FB7C4CF4174BCAADCBD20F4B","True",""
"2","C:\Users\omard\Desktop\Facturas2","Z001023266961.dmf","C:\Users\omard\Desktop\Facturas2\Z001023266961.dmf","Z001023266961.dmf",".dmf","602504","2025-01-03T13:01:32.0000000Z","AD91751E6C42056FD725FE0ACF984B2805E1916AC89B191E68CA82C1BB1AC64A","True",""
"2","C:\Users\omard\Desktop\Facturas2","Z001023266963.dmf","C:\Users\omard\Desktop\Facturas2\Z001023266963.dmf","Z001023266963.dmf",".dmf","112109","2025-01-03T13:02:28.0000000Z","E5DE0279A212BDE9BB56B0F306BAD3EE0DB457F74AC22F2BACB34621B97F480E","True",""
"2","C:\Users\omard\Desktop\Facturas2","Z001023266964.dmf","C:\Users\omard\Desktop\Facturas2\Z001023266964.dmf","Z001023266964.dmf",".dmf","20626","2025-01-03T13:04:04.0000000Z","7D55DAA87F8F2AADB879D05CC96E2CA2AE706D7A2ACB51A65AC7B8B58F074CE2","True",""
"2","C:\Users\omard\Desktop\Facturas2","Z001023266965.dmf","C:\Users\omard\Desktop\Facturas2\Z001023266965.dmf","Z001023266965.dmf",".dmf","130860","2025-01-03T13:06:48.0000000Z","C4516A0000F45D83078F924E5B16EFDF0F13A4ADEED8654D599E998239B8577D","True",""
"2","C:\Users\omard\Desktop\Facturas2","Z001023266966.dmf","C:\Users\omard\Desktop\Facturas2\Z001023266966.dmf","Z001023266966.dmf",".dmf","131330","2025-01-03T13:08:36.0000000Z","2B711D6E6A3EEC3F079089B59B199054C58FB6A54FA63F8710DA52CE12DDDFB7","True",""
"2","C:\Users\omard\Desktop\Facturas2","Z001023266967.dmf","C:\Users\omard\Desktop\Facturas2\Z001023266967.dmf","Z001023266967.dmf",".dmf","132013","2025-01-03T13:09:54.0000000Z","64D3C18DD61CC37FA6D16DEFC0C5A6C9A8A9D14668B2AEE7C5AF6EC1F8C81E57","True",""
"2","C:\Users\omard\Desktop\Facturas2","Z001023266994.dmf","C:\Users\omard\Desktop\Facturas2\Z001023266994.dmf","Z001023266994.dmf",".dmf","135079","2025-01-03T13:11:02.0000000Z","CC8AA1182D3F1AFF1C20B907662F9D4294EBF79B887B1A866F2982907408567F","True",""
"2","C:\Users\omard\Desktop\Facturas2","Z001023266996.dmf","C:\Users\omard\Desktop\Facturas2\Z001023266996.dmf","Z001023266996.dmf",".dmf","16971","2025-01-03T13:13:22.0000000Z","406A5863F01F0C90B28A7C05614BA80A0188584B706CB7E8DA8CEBB8F82E3C86","True",""
"2","C:\Users\omard\Desktop\Facturas2","Z001023266997.dmf","C:\Users\omard\Desktop\Facturas2\Z001023266997.dmf","Z001023266997.dmf",".dmf","295580","2025-01-03T13:14:56.0000000Z","41BAA26BB9A0DFD9E8C173CDAFB08A837EB64D241335B113BCA36392B8F07494","True",""
"2","C:\Users\omard\Desktop\Facturas2","Z001023267012.dmf","C:\Users\omard\Desktop\Facturas2\Z001023267012.dmf","Z001023267012.dmf",".dmf","136753","2025-01-03T13:24:20.0000000Z","AF043F6A84D92915C417CBD61B8DBF233B267AFBED5C127EB76457E99108667D","True",""
"2","C:\Users\omard\Desktop\Facturas2","Z001023267014.dmf","C:\Users\omard\Desktop\Facturas2\Z001023267014.dmf","Z001023267014.dmf",".dmf","134495","2025-01-03T13:27:34.0000000Z","D79496101C5D24F79F190BF043F85DC0851E6E127EA724CCE45CE8091350DAE3","True",""
"2","C:\Users\omard\Desktop\Facturas2","Z001023267015.dmf","C:\Users\omard\Desktop\Facturas2\Z001023267015.dmf","Z001023267015.dmf",".dmf","134359","2025-01-03T13:29:46.0000000Z","471CDD16EF4E1ECE018B2033EBB5D0CBBAB11A34910FA8B8A3E1024FA74EFBD5","True",""
"2","C:\Users\omard\Desktop\Facturas2","Z001023267030.dmf","C:\Users\omard\Desktop\Facturas2\Z001023267030.dmf","Z001023267030.dmf",".dmf","126440","2025-01-03T13:45:58.0000000Z","A6AFC002573E5449710A524D7264E8437C43CA18638BFFF6195AC0D4D8BA3DCF","True",""
"2","C:\Users\omard\Desktop\Facturas2","Z001023267033.dmf","C:\Users\omard\Desktop\Facturas2\Z001023267033.dmf","Z001023267033.dmf",".dmf","126619","2025-01-03T13:48:52.0000000Z","E8201CA857AF3FCF3A3E42FE4B40C21A682154CED4A01F0838E633169128A728","True",""
"2","C:\Users\omard\Desktop\Facturas2","Z001023267034.dmf","C:\Users\omard\Desktop\Facturas2\Z001023267034.dmf","Z001023267034.dmf",".dmf","126199","2025-01-03T13:50:54.0000000Z","35E9645CF4E0DC2E4EEC17ED1F2388A9F22FC1A7D9C56C505472D19FB5040C34","True",""
"2","C:\Users\omard\Desktop\Facturas2","Z001023267044.dmf","C:\Users\omard\Desktop\Facturas2\Z001023267044.dmf","Z001023267044.dmf",".dmf","126378","2025-01-03T13:54:34.0000000Z","6A887DE74D28C4A8D2CC9D4CF610737678E0424AC45CE4784B8F655247924D3A","True",""
"2","C:\Users\omard\Desktop\Facturas2","Z001023267048.dmf","C:\Users\omard\Desktop\Facturas2\Z001023267048.dmf","Z001023267048.dmf",".dmf","126365","2025-01-03T14:03:32.0000000Z","7F12E80E4DD3C168469B328CAEBFFF0A2B04605402C765B717D18B7D86E1F1C6","True",""
"2","C:\Users\omard\Desktop\Facturas2","Z001023267066.dmf","C:\Users\omard\Desktop\Facturas2\Z001023267066.dmf","Z001023267066.dmf",".dmf","125769","2025-01-03T14:11:14.0000000Z","D7A42E13E579921E44FE1EC938DE51395EFC4CB90634EA5F7627B3F9FB2C2C24","True",""
"2","C:\Users\omard\Desktop\Facturas2","Z001023267069.dmf","C:\Users\omard\Desktop\Facturas2\Z001023267069.dmf","Z001023267069.dmf",".dmf","134334","2025-01-03T14:14:14.0000000Z","F8E7910840ED359891321BC1F4756233080CA8C3D63193C73C9A4D9571781DAC","True",""
"2","C:\Users\omard\Desktop\Facturas2","Z001023267085.dmf","C:\Users\omard\Desktop\Facturas2\Z001023267085.dmf","Z001023267085.dmf",".dmf","134284","2025-01-03T14:16:08.0000000Z","F9FB7192A858798F6109EA73E108B04D043A2034593C01572565A7261856B8ED","True",""
"2","C:\Users\omard\Desktop\Facturas2","Z001023267086.dmf","C:\Users\omard\Desktop\Facturas2\Z001023267086.dmf","Z001023267086.dmf",".dmf","126302","2025-01-03T14:18:16.0000000Z","2DB2E5CA73AFBA3990347E41DF4760ADD28DEB361D10CB7AA9D1EFE160EE31AB","True",""
"2","C:\Users\omard\Desktop\Facturas2","Z001023267094.dmf","C:\Users\omard\Desktop\Facturas2\Z001023267094.dmf","Z001023267094.dmf",".dmf","134201","2025-01-03T14:20:48.0000000Z","9281A989924A531AFEC11E67F19B118EB93499CFB75C895B2569D8B66A801C21","True",""
"2","C:\Users\omard\Desktop\Facturas2","Z001023267095.dmf","C:\Users\omard\Desktop\Facturas2\Z001023267095.dmf","Z001023267095.dmf",".dmf","126591","2025-01-03T14:22:48.0000000Z","EE7A42701AC23C37F9EC63F25FEB6D0E2CD35085038997B0D6ECC2578229DB65","True",""
"2","C:\Users\omard\Desktop\Facturas2","Z001023267098.dmf","C:\Users\omard\Desktop\Facturas2\Z001023267098.dmf","Z001023267098.dmf",".dmf","126552","2025-01-03T14:24:56.0000000Z","99F30B78BE054612D4288A250F621CD67393E3D45D6400882053CD741BFE57BC","True",""
"2","C:\Users\omard\Desktop\Facturas2","Z001023267100.dmf","C:\Users\omard\Desktop\Facturas2\Z001023267100.dmf","Z001023267100.dmf",".dmf","134258","2025-01-03T14:26:48.0000000Z","238C9707BBC3E2F4B5C7B57B5AAB24CC725198C212830C2B0AE188FB05DA7A36","True",""
"2","C:\Users\omard\Desktop\Facturas2","Z001023267102.dmf","C:\Users\omard\Desktop\Facturas2\Z001023267102.dmf","Z001023267102.dmf",".dmf","134145","2025-01-03T14:28:38.0000000Z","0B6154F6E851EFC3638957E8DC5AD303AD1BF56C126B03B1F7FD1241D71554C3","True",""
"2","C:\Users\omard\Desktop\Facturas2","Z001023267106.dmf","C:\Users\omard\Desktop\Facturas2\Z001023267106.dmf","Z001023267106.dmf",".dmf","126697","2025-01-03T14:30:30.0000000Z","C72400E39ABCA95EC22AD6CB1953D1E4821CF629B5132DEC7D90C093E71D11FC","True",""
"2","C:\Users\omard\Desktop\Facturas2","Z001023267108.dmf","C:\Users\omard\Desktop\Facturas2\Z001023267108.dmf","Z001023267108.dmf",".dmf","136787","2025-01-03T14:32:36.0000000Z","713EC41AB7E6044C34C50E304087275A4B78CB3CA71333CA3B48131450742984","True",""
"2","C:\Users\omard\Desktop\Facturas2","Z001023267136.dmf","C:\Users\omard\Desktop\Facturas2\Z001023267136.dmf","Z001023267136.dmf",".dmf","85709","2025-01-03T14:46:08.0000000Z","902DEB4592C6C7947A07B86C62BEFBA24CE76741FAFD1D2CA50D51E70D5457CD","True",""
"2","C:\Users\omard\Desktop\Facturas2","Z001023267137.dmf","C:\Users\omard\Desktop\Facturas2\Z001023267137.dmf","Z001023267137.dmf",".dmf","85520","2025-01-03T14:48:00.0000000Z","078C98E98B6E99B413554DF6F91559C24237415A9D159F1845A07FD6A4700DC7","True",""
"2","C:\Users\omard\Desktop\Facturas2","Z001023267138.dmf","C:\Users\omard\Desktop\Facturas2\Z001023267138.dmf","Z001023267138.dmf",".dmf","94679","2025-01-03T14:49:38.0000000Z","74F78C9E7807ED2D524CB01D0676FF5085E235078CA3779AEB69B342E3740F6A","True",""
"2","C:\Users\omard\Desktop\Facturas2","Z001023267140.dmf","C:\Users\omard\Desktop\Facturas2\Z001023267140.dmf","Z001023267140.dmf",".dmf","90030","2025-01-03T14:51:56.0000000Z","B50D08CE8C7A00F3B22126DCC7B0ED4D95C27135000710DCCFDD36C937AEB2AC","True",""
"2","C:\Users\omard\Desktop\Facturas2","Z001023267142.dmf","C:\Users\omard\Desktop\Facturas2\Z001023267142.dmf","Z001023267142.dmf",".dmf","85304","2025-01-03T14:53:48.0000000Z","C762A35281D8BA7FAA30BC82532D1BA357C0464F0BD7DFC78AB8AC4BE38A1D05","True",""
"2","C:\Users\omard\Desktop\Facturas2","Z001023267144.dmf","C:\Users\omard\Desktop\Facturas2\Z001023267144.dmf","Z001023267144.dmf",".dmf","85241","2025-01-03T14:56:10.0000000Z","54D97C82F2A0256A6AD627BD6AD37902EFA28311AF29120E671848D0E66ACB9E","True",""
"2","C:\Users\omard\Desktop\Facturas2","Z001023267145.dmf","C:\Users\omard\Desktop\Facturas2\Z001023267145.dmf","Z001023267145.dmf",".dmf","85641","2025-01-03T14:57:58.0000000Z","153862DBE2F3D59FAD8277861C6099560762CB43FDE05CF9558C1EAED5C9FDA8","True",""
"2","C:\Users\omard\Desktop\Facturas2","Z001023267149.dmf","C:\Users\omard\Desktop\Facturas2\Z001023267149.dmf","Z001023267149.dmf",".dmf","56781","2025-01-03T15:01:18.0000000Z","349884FA806F0023141575EC91ECEC52F2FDBC850EA4FC878767B44EE2FC30EB","True",""
"2","C:\Users\omard\Desktop\Facturas2","Z001023267154.dmf","C:\Users\omard\Desktop\Facturas2\Z001023267154.dmf","Z001023267154.dmf",".dmf","56040","2025-01-03T15:02:10.0000000Z","B0932B99D62E0205E1CBE404E0F33456AD8A85D2D8CA078505F01186CA581406","True",""
"2","C:\Users\omard\Desktop\Facturas2","Z001023267201.dmf","C:\Users\omard\Desktop\Facturas2\Z001023267201.dmf","Z001023267201.dmf",".dmf","85255","2025-01-03T15:02:28.0000000Z","5F3EB3A41438DB1D000490832D03076156CB26E4DDA9AD6F85698AFDC51734ED","True",""
"2","C:\Users\omard\Desktop\Facturas2","Z001023267209.dmf","C:\Users\omard\Desktop\Facturas2\Z001023267209.dmf","Z001023267209.dmf",".dmf","125702","2025-01-03T15:04:32.0000000Z","600E1284266735B0FEB76FBD9FEE98DFAB7C557033FAD87AA04D3AE16847EBB1","True",""
"2","C:\Users\omard\Desktop\Facturas2","Z001023267210.dmf","C:\Users\omard\Desktop\Facturas2\Z001023267210.dmf","Z001023267210.dmf",".dmf","85308","2025-01-03T15:04:52.0000000Z","8A4098F7EDEB0DAB9C5C4FB49B4C8F15812674E568061E2589F4D83B21B24E99","True",""
"2","C:\Users\omard\Desktop\Facturas2","Z001023267211.dmf","C:\Users\omard\Desktop\Facturas2\Z001023267211.dmf","Z001023267211.dmf",".dmf","4736","2025-01-03T15:05:18.0000000Z","D0D89039EEF18A77AB961378825AADB8692CD19B8F88BCB2C9DE1D9A50C57A83","True",""
"2","C:\Users\omard\Desktop\Facturas2","Z001023267213.dmf","C:\Users\omard\Desktop\Facturas2\Z001023267213.dmf","Z001023267213.dmf",".dmf","5388","2025-01-03T15:06:24.0000000Z","181BAC541300C13780512E57AC2EC4B58A5A566A898E25506B8302AAF3B67553","True",""
"2","C:\Users\omard\Desktop\Facturas2","Z001023267214.dmf","C:\Users\omard\Desktop\Facturas2\Z001023267214.dmf","Z001023267214.dmf",".dmf","85219","2025-01-03T15:06:34.0000000Z","CE1BB192CA2063524BC32827D5F048F993C517625173D806D160EA53AEC85BB6","True",""
"2","C:\Users\omard\Desktop\Facturas2","Z001023267215.dmf","C:\Users\omard\Desktop\Facturas2\Z001023267215.dmf","Z001023267215.dmf",".dmf","5373","2025-01-03T15:07:38.0000000Z","C0965E0CCD94DC7870896754C23159280CE05FBEDE133928006C7AD766C25702","True",""
"2","C:\Users\omard\Desktop\Facturas2","Z001023267216.dmf","C:\Users\omard\Desktop\Facturas2\Z001023267216.dmf","Z001023267216.dmf",".dmf","94839","2025-01-03T15:09:06.0000000Z","55723DFAC0F0FFA968F7DC5120D6BC6BAC1304005E815F4B092CFF90DE8F0170","True",""
"2","C:\Users\omard\Desktop\Facturas2","Z001023267217.dmf","C:\Users\omard\Desktop\Facturas2\Z001023267217.dmf","Z001023267217.dmf",".dmf","84955","2025-01-03T15:11:32.0000000Z","07619D6F2E8CA75F5DCABC326E9F5BB8AEED0114F57BAC909525551AA96E6811","True",""
"2","C:\Users\omard\Desktop\Facturas2","Z001023267218.dmf","C:\Users\omard\Desktop\Facturas2\Z001023267218.dmf","Z001023267218.dmf",".dmf","94890","2025-01-03T15:13:24.0000000Z","7D97BF2CEE0960CA08D7504C1CF5D3DBB667CB28101BD11A57F2DCDE084D47EB","True",""
"2","C:\Users\omard\Desktop\Facturas2","Z001023267219.dmf","C:\Users\omard\Desktop\Facturas2\Z001023267219.dmf","Z001023267219.dmf",".dmf","94885","2025-01-03T15:15:08.0000000Z","0B555B0899E4DDCCB522F1C9DBB91613FF6CF747F9A47CD1A8E2C0900A93D264","True",""
"2","C:\Users\omard\Desktop\Facturas2","Z001023267229.dmf","C:\Users\omard\Desktop\Facturas2\Z001023267229.dmf","Z001023267229.dmf",".dmf","29329","2025-01-03T15:15:32.0000000Z","815E3AC7DCC141286A057593A893233ED325883A8A1D212682AFAC2503D08614","True",""
"2","C:\Users\omard\Desktop\Facturas2","Z001023267236.dmf","C:\Users\omard\Desktop\Facturas2\Z001023267236.dmf","Z001023267236.dmf",".dmf","30832","2025-01-03T15:17:48.0000000Z","3CCF4D43B3CC6A209F5D05DD579158E6431445D3D3AA2FE8F5146CB3DD5682C2","True",""
"2","C:\Users\omard\Desktop\Facturas2","Z001023267237.dmf","C:\Users\omard\Desktop\Facturas2\Z001023267237.dmf","Z001023267237.dmf",".dmf","28982","2025-01-03T15:19:00.0000000Z","25410F35F560BBA2140145F305C879C9704DEF1A36CD02E21D9CB199E1A261D8","True",""
"2","C:\Users\omard\Desktop\Facturas2","Z001023267243.dmf","C:\Users\omard\Desktop\Facturas2\Z001023267243.dmf","Z001023267243.dmf",".dmf","83198","2025-01-03T15:28:26.0000000Z","BC0508AA79D23EAD5A1144642AA0B23ED7617DA58C1355864566DB0BD9210C0C","True",""
"2","C:\Users\omard\Desktop\Facturas2","Z001023267244.dmf","C:\Users\omard\Desktop\Facturas2\Z001023267244.dmf","Z001023267244.dmf",".dmf","738543","2025-01-03T15:29:14.0000000Z","9577ED92ABF99453806B72800C63F01822159DD9BD25C2A57980BC5D65332216","True",""
"2","C:\Users\omard\Desktop\Facturas2","Z001023267250.dmf","C:\Users\omard\Desktop\Facturas2\Z001023267250.dmf","Z001023267250.dmf",".dmf","119265","2025-01-03T15:30:44.0000000Z","E1246FA21EF6412724C411A6FA9573FE1BBA0414BC9982BEB1703B7C9DF22407","True",""
"2","C:\Users\omard\Desktop\Facturas2","Z001023267251.dmf","C:\Users\omard\Desktop\Facturas2\Z001023267251.dmf","Z001023267251.dmf",".dmf","92814","2025-01-03T15:31:00.0000000Z","A29C2AE66B5ABF180C47C0FC0B4BE7608228C3892F344ECEFF2E6D65DEB709C7","True",""
"2","C:\Users\omard\Desktop\Facturas2","Z001023267252.dmf","C:\Users\omard\Desktop\Facturas2\Z001023267252.dmf","Z001023267252.dmf",".dmf","71368","2025-01-03T15:40:02.0000000Z","04F3FE82B2A845B04559FBCEB867C82C84FB2B713D0F83E325DC4597DF8DED92","True",""
"2","C:\Users\omard\Desktop\Facturas2","Z001023267253.dmf","C:\Users\omard\Desktop\Facturas2\Z001023267253.dmf","Z001023267253.dmf",".dmf","3396","2025-01-03T15:41:34.0000000Z","C69555943856FAEEA5E02E98937740F9BD87A070F1250D0EFC3A161F4B3858F3","True",""
"2","C:\Users\omard\Desktop\Facturas2","Z001023267254.dmf","C:\Users\omard\Desktop\Facturas2\Z001023267254.dmf","Z001023267254.dmf",".dmf","212883","2025-01-03T15:44:02.0000000Z","A3F4D2BABBD6BBC7185230994A5FF268384833E543DA77916CEF64CB9286CF56","True",""
"2","C:\Users\omard\Desktop\Facturas2","Z001023267261.dmf","C:\Users\omard\Desktop\Facturas2\Z001023267261.dmf","Z001023267261.dmf",".dmf","171285","2025-01-03T15:49:22.0000000Z","658F50041E9D21B47EAB4530342DBB54B8EE7AD5B5B0755D2B8FC9EE6D9742E5","True",""
"2","C:\Users\omard\Desktop\Facturas2","Z001023267262.dmf","C:\Users\omard\Desktop\Facturas2\Z001023267262.dmf","Z001023267262.dmf",".dmf","71934","2025-01-03T15:50:46.0000000Z","E4A7043C9EDF857DF644BBD7FE0306652B4F812EF3ACDC9D7FB613B9A69F8788","True",""
"2","C:\Users\omard\Desktop\Facturas2","Z001023267264.dmf","C:\Users\omard\Desktop\Facturas2\Z001023267264.dmf","Z001023267264.dmf",".dmf","29318","2025-01-03T15:55:02.0000000Z","62049FEA6638F3A2614C79B328DE6EADEBCF18A4F3655B5DFF4B5C0145C3F78B","True",""
"2","C:\Users\omard\Desktop\Facturas2","Z001023267265.dmf","C:\Users\omard\Desktop\Facturas2\Z001023267265.dmf","Z001023267265.dmf",".dmf","108178","2025-01-03T15:57:18.0000000Z","4EB87BA491443E8B0141A32E2BBCA8645E15E1B7CA37F8C559C7D3BFC0C2203B","True",""
"2","C:\Users\omard\Desktop\Facturas2","Z001023267266.dmf","C:\Users\omard\Desktop\Facturas2\Z001023267266.dmf","Z001023267266.dmf",".dmf","63980","2025-01-03T15:58:44.0000000Z","07311F9A0CCD32B9DE2AC4BA31EEBC7AD5987510AEF6449A521CE8FAB8477D4F","True",""
"2","C:\Users\omard\Desktop\Facturas2","Z001023267267.dmf","C:\Users\omard\Desktop\Facturas2\Z001023267267.dmf","Z001023267267.dmf",".dmf","64065","2025-01-03T15:59:50.0000000Z","D39BB20339CAD7CBC2799EEEBA2554AEB54680B4FE79103C635D023CBBFA1A72","True",""
"2","C:\Users\omard\Desktop\Facturas2","Z001023267269.dmf","C:\Users\omard\Desktop\Facturas2\Z001023267269.dmf","Z001023267269.dmf",".dmf","10125","2025-01-03T16:00:08.0000000Z","BA305B2B3823448850E9618FE67B945F97982BF5C78E69A7EB402F76038C9094","True",""
"2","C:\Users\omard\Desktop\Facturas2","Z001023267287.dmf","C:\Users\omard\Desktop\Facturas2\Z001023267287.dmf","Z001023267287.dmf",".dmf","64093","2025-01-03T16:00:46.0000000Z","886E9CAF8C4B7298F65643E74CA95277E770F8027A769663750468C3E742BFD8","True",""
"2","C:\Users\omard\Desktop\Facturas2","Z001023267288.dmf","C:\Users\omard\Desktop\Facturas2\Z001023267288.dmf","Z001023267288.dmf",".dmf","64064","2025-01-03T16:01:34.0000000Z","FEB59EE32094D8CF3245CEE7E42E603DC299DEC46773321C704150269624D24F","True",""
"2","C:\Users\omard\Desktop\Facturas2","Z001023267289.dmf","C:\Users\omard\Desktop\Facturas2\Z001023267289.dmf","Z001023267289.dmf",".dmf","108309","2025-01-03T16:02:50.0000000Z","3E8468AB99517B6366F85367704AF03F847E91B0255D00AF2F58B5F8C48ADF97","True",""
"2","C:\Users\omard\Desktop\Facturas2","Z001023267290.dmf","C:\Users\omard\Desktop\Facturas2\Z001023267290.dmf","Z001023267290.dmf",".dmf","130281","2025-01-03T16:03:40.0000000Z","15B63C6F0B0ACD2157BA61FB21B0CD7CE6E79A984E50AE9628AC49621A0463B4","True",""
"2","C:\Users\omard\Desktop\Facturas2","Z001023267291.dmf","C:\Users\omard\Desktop\Facturas2\Z001023267291.dmf","Z001023267291.dmf",".dmf","29113","2025-01-03T16:06:58.0000000Z","1B26F16220699BBFBE06ACC16F19AFCEDE1323AE1832ABF16DA819F8E9F69CCC","True",""
"2","C:\Users\omard\Desktop\Facturas2","Z001023267296.dmf","C:\Users\omard\Desktop\Facturas2\Z001023267296.dmf","Z001023267296.dmf",".dmf","29075","2025-01-03T16:10:12.0000000Z","5103D83A83ABE8967399770D403B7C0FF24FB445D3E7A534206DAD1AC6AFEB4A","True",""
"2","C:\Users\omard\Desktop\Facturas2","Z001023267297.dmf","C:\Users\omard\Desktop\Facturas2\Z001023267297.dmf","Z001023267297.dmf",".dmf","104032","2025-01-03T16:14:08.0000000Z","8DAFD1D424DD023423C9C973FBFB3E7462433C7A9BCBDC11AB6A73B6FC52C55C","True",""
"2","C:\Users\omard\Desktop\Facturas2","Z001023267332.dmf","C:\Users\omard\Desktop\Facturas2\Z001023267332.dmf","Z001023267332.dmf",".dmf","29408","2025-01-03T16:35:26.0000000Z","52DE5AAB74D54DEEAF34B3B0109E4F883ACEDE8CADDDE1F4F70F7045D898E81A","True",""
"2","C:\Users\omard\Desktop\Facturas2","Z001023267334.dmf","C:\Users\omard\Desktop\Facturas2\Z001023267334.dmf","Z001023267334.dmf",".dmf","29416","2025-01-03T16:36:22.0000000Z","11ABE10C887D114AB7DB2070FAC198051EB2617D7CE6838388B5B1E4874405D9","True",""
"2","C:\Users\omard\Desktop\Facturas2","Z001023267335.dmf","C:\Users\omard\Desktop\Facturas2\Z001023267335.dmf","Z001023267335.dmf",".dmf","29516","2025-01-03T16:37:50.0000000Z","319BE3A35CA959274675D92C37C074898E5E7DE1D47D2602337F0EE9EBBCD820","True",""
"2","C:\Users\omard\Desktop\Facturas2","Z001023267336.dmf","C:\Users\omard\Desktop\Facturas2\Z001023267336.dmf","Z001023267336.dmf",".dmf","29196","2025-01-03T16:39:30.0000000Z","8A484427F9CF20BBC30F221AC459DAA52241D42147AD00B88E57086B0AB21727","True",""
"2","C:\Users\omard\Desktop\Facturas2","Z001023267367.dmf","C:\Users\omard\Desktop\Facturas2\Z001023267367.dmf","Z001023267367.dmf",".dmf","81420","2025-01-03T16:40:30.0000000Z","3E32C308A495396B04C7515E4A105AE9A83A2F058EC060987A1F68CA30816416","True",""
"2","C:\Users\omard\Desktop\Facturas2","Z001023267396.dmf","C:\Users\omard\Desktop\Facturas2\Z001023267396.dmf","Z001023267396.dmf",".dmf","118829","2025-01-03T16:43:14.0000000Z","7C560633B84770FC51DF9BBD88E69AF8F7FA2C0BD4A87C7E155126FE66D186CA","True",""
"2","C:\Users\omard\Desktop\Facturas2","Z001023267402.dmf","C:\Users\omard\Desktop\Facturas2\Z001023267402.dmf","Z001023267402.dmf",".dmf","248481","2025-01-03T16:46:14.0000000Z","CCE89B4F34D815E4C92CCE6045D1189A1BBDD70F72745D0304A2B8CBD3001E85","True",""
"2","C:\Users\omard\Desktop\Facturas2","Z001023267405.dmf","C:\Users\omard\Desktop\Facturas2\Z001023267405.dmf","Z001023267405.dmf",".dmf","29229","2025-01-03T16:48:48.0000000Z","782C3C7264D0B33EE2D5291D11220767E02774772B12D117F966CFB6077956BC","True",""
"2","C:\Users\omard\Desktop\Facturas2","Z001023267406.dmf","C:\Users\omard\Desktop\Facturas2\Z001023267406.dmf","Z001023267406.dmf",".dmf","29440","2025-01-03T16:49:58.0000000Z","3E5F7A085D5ACE99DFCAFFAEDD50C78704FB06CE69A81842B8D2F0E503F06478","True",""
"2","C:\Users\omard\Desktop\Facturas2","Z001023267409.dmf","C:\Users\omard\Desktop\Facturas2\Z001023267409.dmf","Z001023267409.dmf",".dmf","29233","2025-01-03T16:51:00.0000000Z","044957379CC303E6221DE1D343E9384FCE454897F5360D4BCE9D4D54EA4F8AD0","True",""
"2","C:\Users\omard\Desktop\Facturas2","Z001023267411.dmf","C:\Users\omard\Desktop\Facturas2\Z001023267411.dmf","Z001023267411.dmf",".dmf","29417","2025-01-03T16:52:16.0000000Z","8F05ACA38B3C4C79AD2F0AFC22082987D39D615EE545B054456754D4F743248E","True",""
"2","C:\Users\omard\Desktop\Facturas2","Z001023267412.dmf","C:\Users\omard\Desktop\Facturas2\Z001023267412.dmf","Z001023267412.dmf",".dmf","29256","2025-01-03T16:53:46.0000000Z","CEF9FFF3D79C0AD837D32C1EEC1E0FD132D2EA51C7FD5B7236FD5A561725742E","True",""
"2","C:\Users\omard\Desktop\Facturas2","Z001023267458.dmf","C:\Users\omard\Desktop\Facturas2\Z001023267458.dmf","Z001023267458.dmf",".dmf","1117743","2025-01-03T16:54:36.0000000Z","620412CFF7A8CC15A4EDBF2809C6A49197881A7C9E429C6F7AC173266EB203D0","True",""
"2","C:\Users\omard\Desktop\Facturas2","Z001023267462.dmf","C:\Users\omard\Desktop\Facturas2\Z001023267462.dmf","Z001023267462.dmf",".dmf","181994","2025-01-03T17:01:20.0000000Z","59793C7CD3C8BCC093A4332293273C5FFB8D1D2DDBD9ACD243937F016A02797E","True",""
"2","C:\Users\omard\Desktop\Facturas2","Z001023267465.dmf","C:\Users\omard\Desktop\Facturas2\Z001023267465.dmf","Z001023267465.dmf",".dmf","26702","2025-01-03T17:04:06.0000000Z","79DF19FF93700EF9C05DC3B5567E942FEF7601945EF00B5A0EDA2A1306D51FD0","True",""
"2","C:\Users\omard\Desktop\Facturas2","Z001023267466.dmf","C:\Users\omard\Desktop\Facturas2\Z001023267466.dmf","Z001023267466.dmf",".dmf","26534","2025-01-03T17:04:44.0000000Z","21B6AD8605E38B90AC08234A47D5F5FA29B689C3554CED354075460DC2364624","True",""
"2","C:\Users\omard\Desktop\Facturas2","Z001023267467.dmf","C:\Users\omard\Desktop\Facturas2\Z001023267467.dmf","Z001023267467.dmf",".dmf","25997","2025-01-03T17:05:26.0000000Z","71348144176FFEED6935A290E77DE586F58A6457D4AE415EF4C9D51A0B86BB0F","True",""
"2","C:\Users\omard\Desktop\Facturas2","Z001023267509.dmf","C:\Users\omard\Desktop\Facturas2\Z001023267509.dmf","Z001023267509.dmf",".dmf","65995","2025-01-03T17:23:16.0000000Z","D63274FFE007BD92445B3C6CC815D81DA6C9E1F89C7268F8CDE270EC3BDD7995","True",""
"2","C:\Users\omard\Desktop\Facturas2","Z001023267510.dmf","C:\Users\omard\Desktop\Facturas2\Z001023267510.dmf","Z001023267510.dmf",".dmf","1016925","2025-01-03T17:23:30.0000000Z","9973892C7033DF870702C54E25936F1D3B2E5FDD6DE7391AFCF5F2A34CC43F66","True",""
"2","C:\Users\omard\Desktop\Facturas2","Z001023267511.dmf","C:\Users\omard\Desktop\Facturas2\Z001023267511.dmf","Z001023267511.dmf",".dmf","82340","2025-01-03T17:24:18.0000000Z","A276A0137A82ECFFAA6E25B7BFA8FA93933CF20E4FA6DA314523B739E87E66F0","True",""
"2","C:\Users\omard\Desktop\Facturas2","Z001023267519.dmf","C:\Users\omard\Desktop\Facturas2\Z001023267519.dmf","Z001023267519.dmf",".dmf","10300","2025-01-03T17:34:38.0000000Z","1A18630DAD9F3F490C3DDCB2EB8E396C34CAFFD537F0FC056B0AECB29A163487","True",""
"2","C:\Users\omard\Desktop\Facturas2","Z001023267770.dmf","C:\Users\omard\Desktop\Facturas2\Z001023267770.dmf","Z001023267770.dmf",".dmf","107630","2025-01-03T18:07:40.0000000Z","4C009C069A99726E2B83D29612394C0458C01781A9D8D58C9DB1AA77FB86CAED","True",""
"2","C:\Users\omard\Desktop\Facturas2","Z001023267779.dmf","C:\Users\omard\Desktop\Facturas2\Z001023267779.dmf","Z001023267779.dmf",".dmf","223220","2025-01-03T18:12:30.0000000Z","18349ABC6E738430FB51947D9E176C8BCF227E2078F87FA65C386B73B1AFCA50","True",""
"2","C:\Users\omard\Desktop\Facturas2","Z001023267802.dmf","C:\Users\omard\Desktop\Facturas2\Z001023267802.dmf","Z001023267802.dmf",".dmf","222913","2025-01-03T18:15:22.0000000Z","07C4141A872B699452A9DEFD6293AA87CD8E38419E4AD3A287ED7CFEDD5DB78E","True",""
"2","C:\Users\omard\Desktop\Facturas2","Z001023267803.dmf","C:\Users\omard\Desktop\Facturas2\Z001023267803.dmf","Z001023267803.dmf",".dmf","222713","2025-01-03T18:17:32.0000000Z","991E0CCA030137555FDD6D74E3B381AF7C034804F542A1EC36CDCCD99E06AC4F","True",""
"2","C:\Users\omard\Desktop\Facturas2","Z001023267806.dmf","C:\Users\omard\Desktop\Facturas2\Z001023267806.dmf","Z001023267806.dmf",".dmf","222870","2025-01-03T18:19:36.0000000Z","00C0EBD5DEC14B248517BF57B8992D829217868FDABAB27E09AFD5305A6340D4","True",""
"2","C:\Users\omard\Desktop\Facturas2","Z001023267809.dmf","C:\Users\omard\Desktop\Facturas2\Z001023267809.dmf","Z001023267809.dmf",".dmf","223103","2025-01-03T18:22:52.0000000Z","CAE6AF63AA91DF974F1E5FB741A961885DE7B8D9C0EC376944DCA55CDE085DCD","True",""
"2","C:\Users\omard\Desktop\Facturas2","Z001023267812.dmf","C:\Users\omard\Desktop\Facturas2\Z001023267812.dmf","Z001023267812.dmf",".dmf","222740","2025-01-03T18:24:18.0000000Z","BF2FB90F2C6A86FFD053FC3EE9AB66C9B9BD00E8426A4D1C62E51B14ECEBA6B2","True",""
"2","C:\Users\omard\Desktop\Facturas2","Z001023267817.dmf","C:\Users\omard\Desktop\Facturas2\Z001023267817.dmf","Z001023267817.dmf",".dmf","222778","2025-01-03T18:26:36.0000000Z","415EC23620F7124F5138906D6DA849531010E9422CA17B644DC1E1DE5D6A1CEB","True",""
"2","C:\Users\omard\Desktop\Facturas2","Z001023267823.dmf","C:\Users\omard\Desktop\Facturas2\Z001023267823.dmf","Z001023267823.dmf",".dmf","222601","2025-01-03T18:28:56.0000000Z","2E0FCB706FE8404AF4DA82026CD3F32464E40BF3AF180118458DBCC7334822AC","True",""
"2","C:\Users\omard\Desktop\Facturas2","Z001023267829.dmf","C:\Users\omard\Desktop\Facturas2\Z001023267829.dmf","Z001023267829.dmf",".dmf","222934","2025-01-03T18:31:02.0000000Z","A222B5E418FC09317C4B13E8DB82E1891ABCB088D68E7C568DACC3BAA6939FEC","True",""
"2","C:\Users\omard\Desktop\Facturas2","Z001023267867.dmf","C:\Users\omard\Desktop\Facturas2\Z001023267867.dmf","Z001023267867.dmf",".dmf","71776","2025-01-03T18:33:34.0000000Z","3007E2A79407FEA12BAA5F9306DD2021CB3C04CF1545640439396AD16E532411","True",""
"2","C:\Users\omard\Desktop\Facturas2","Z001023267943.dmf","C:\Users\omard\Desktop\Facturas2\Z001023267943.dmf","Z001023267943.dmf",".dmf","72348","2025-01-03T19:09:50.0000000Z","B990C6B51A2A09A6547A8CE75A366C6889C1153039AE0EF286D4ED6585E3A7CF","True",""
"2","C:\Users\omard\Desktop\Facturas2","Z001023267944.dmf","C:\Users\omard\Desktop\Facturas2\Z001023267944.dmf","Z001023267944.dmf",".dmf","52921","2025-01-03T19:12:38.0000000Z","8F671FCEBC87711581BA958F4DE8F4139F6DAAABFC6E528C570E908D5AE9BF57","True",""
"2","C:\Users\omard\Desktop\Facturas2","Z001023267970.dmf","C:\Users\omard\Desktop\Facturas2\Z001023267970.dmf","Z001023267970.dmf",".dmf","70022","2025-01-03T19:15:46.0000000Z","201FFD6FFBB9F1A3114C5E95A64B928822FBF0C4D03C608DE6E2FAF31FE050EC","True",""
"2","C:\Users\omard\Desktop\Facturas2","Z001023267973.dmf","C:\Users\omard\Desktop\Facturas2\Z001023267973.dmf","Z001023267973.dmf",".dmf","191308","2025-01-03T19:20:04.0000000Z","56F376E045F9418FD83D6AEBBF889C92F9D724E929007A3D8BEC8578E7D19808","True",""
"2","C:\Users\omard\Desktop\Facturas2","Z001023267974.dmf","C:\Users\omard\Desktop\Facturas2\Z001023267974.dmf","Z001023267974.dmf",".dmf","187514","2025-01-03T19:21:54.0000000Z","4AFC0ECD56BC8BBEE5FF13303E159BBD9085F1D1156666A093708D0EF1F6DF38","True",""
"2","C:\Users\omard\Desktop\Facturas2","Z001023267976.dmf","C:\Users\omard\Desktop\Facturas2\Z001023267976.dmf","Z001023267976.dmf",".dmf","187684","2025-01-03T19:23:56.0000000Z","AC97DCA0A28856B9A5CB4EE6E1C03E6C8FD6D850546C2A0854824A0D9DDECCFA","True",""
"2","C:\Users\omard\Desktop\Facturas2","Z001023267979.dmf","C:\Users\omard\Desktop\Facturas2\Z001023267979.dmf","Z001023267979.dmf",".dmf","316894","2025-01-03T19:27:10.0000000Z","9BE9496773CECEDD29D257FAE2CFAD7F84617AF43FF4F26F4E8720206AFF1A9F","True",""
"2","C:\Users\omard\Desktop\Facturas2","Z001023267980.dmf","C:\Users\omard\Desktop\Facturas2\Z001023267980.dmf","Z001023267980.dmf",".dmf","186716","2025-01-03T19:27:34.0000000Z","31D0A059A3BDE6DE8E94D5B662A4B8EA367F936BE89E45354636D7BCE7CFE6C3","True",""
"2","C:\Users\omard\Desktop\Facturas2","Z001023267981.dmf","C:\Users\omard\Desktop\Facturas2\Z001023267981.dmf","Z001023267981.dmf",".dmf","314980","2025-01-03T19:27:58.0000000Z","4C36AB824814C7B179A1C9116D86842E9770D1AF61B7F444DE0F69730C2FD7BF","True",""
"2","C:\Users\omard\Desktop\Facturas2","Z001023267983.dmf","C:\Users\omard\Desktop\Facturas2\Z001023267983.dmf","Z001023267983.dmf",".dmf","310962","2025-01-03T19:28:44.0000000Z","D50EB9A836305FAD7B0B356CCAA942AC1A25E27D7CBD4EDE0B3FC280DC33B13D","True",""
"2","C:\Users\omard\Desktop\Facturas2","Z001023267984.dmf","C:\Users\omard\Desktop\Facturas2\Z001023267984.dmf","Z001023267984.dmf",".dmf","309174","2025-01-03T19:29:36.0000000Z","C783654A1B7CCD8F0FACDB161B806B4227AA46E3E31B45C7DA74825F7FA7F70A","True",""
"2","C:\Users\omard\Desktop\Facturas2","Z001023268002.dmf","C:\Users\omard\Desktop\Facturas2\Z001023268002.dmf","Z001023268002.dmf",".dmf","310450","2025-01-03T19:30:22.0000000Z","A4954DF73792DA706FF3251F0C77788ECB5BF77A705E1B24CD772DBCC3849010","True",""
"2","C:\Users\omard\Desktop\Facturas2","Z001023268003.dmf","C:\Users\omard\Desktop\Facturas2\Z001023268003.dmf","Z001023268003.dmf",".dmf","376145","2025-01-03T19:32:00.0000000Z","D54AC9A872419CBC0BDD000F2637939394D1C3D729F4644C77AEA7CB29197A59","True",""
"2","C:\Users\omard\Desktop\Facturas2","Z001023268011.dmf","C:\Users\omard\Desktop\Facturas2\Z001023268011.dmf","Z001023268011.dmf",".dmf","29617","2025-01-03T20:08:04.0000000Z","26C24F1CE796DFA5A81DBFAD11D5F56B9ED86A3BB0F4CCC132FD3068D6661D7D","True",""
"2","C:\Users\omard\Desktop\Facturas2","Z001023268012.dmf","C:\Users\omard\Desktop\Facturas2\Z001023268012.dmf","Z001023268012.dmf",".dmf","29375","2025-01-03T20:08:46.0000000Z","EEA30F7A5009CA29A8A158C15D7D380BCBB7EFF4BA245898D5CF1C28869BDE94","True",""
"2","C:\Users\omard\Desktop\Facturas2","Z001023268013.dmf","C:\Users\omard\Desktop\Facturas2\Z001023268013.dmf","Z001023268013.dmf",".dmf","82594","2025-01-03T20:09:40.0000000Z","3E671F771953F4B62F8EA56194F46D1063FBDDFC554D2F94B941707DC0ED688C","True",""
"2","C:\Users\omard\Desktop\Facturas2","Z001023268014.dmf","C:\Users\omard\Desktop\Facturas2\Z001023268014.dmf","Z001023268014.dmf",".dmf","83098","2025-01-03T20:10:44.0000000Z","8EF63FB4A53E560B5CC2DE8FA8429A36066303D1D06A508BBDD56CAE7735321D","True",""
"2","C:\Users\omard\Desktop\Facturas2","Z001023268015.dmf","C:\Users\omard\Desktop\Facturas2\Z001023268015.dmf","Z001023268015.dmf",".dmf","82633","2025-01-03T20:11:56.0000000Z","0B9FFC9217E3B33BFE3B0D109D83CBC1CCFAC8FB286045998C21F0BA3EE0F181","True",""
"2","C:\Users\omard\Desktop\Facturas2","Z001023268016.dmf","C:\Users\omard\Desktop\Facturas2\Z001023268016.dmf","Z001023268016.dmf",".dmf","60293","2025-01-03T20:13:20.0000000Z","1638D83ABE8E2ED88607238605F6A05A1F5775586B0624357C7C09BC62BBFE29","True",""
"2","C:\Users\omard\Desktop\Facturas2","Z001023268017.dmf","C:\Users\omard\Desktop\Facturas2\Z001023268017.dmf","Z001023268017.dmf",".dmf","60078","2025-01-03T20:14:58.0000000Z","5FA8775E6A02F4CCB9C5DDC6474608947C594996BD839183D4D2D72541DFFFC8","True",""
"2","C:\Users\omard\Desktop\Facturas2","Z001023268018.dmf","C:\Users\omard\Desktop\Facturas2\Z001023268018.dmf","Z001023268018.dmf",".dmf","60352","2025-01-03T20:15:34.0000000Z","4157AB8CA29F4E5768268CC2310FD02868B87D49188627E9BD1B5C3BC5DE861D","True",""
"2","C:\Users\omard\Desktop\Facturas2","Z001023268019.dmf","C:\Users\omard\Desktop\Facturas2\Z001023268019.dmf","Z001023268019.dmf",".dmf","60454","2025-01-03T20:16:12.0000000Z","260FE341D19712EB8DFD4DC6B110AEE096980AAEF14551FE55A28AC09E69E43E","True",""
"2","C:\Users\omard\Desktop\Facturas2","Z001023268020.dmf","C:\Users\omard\Desktop\Facturas2\Z001023268020.dmf","Z001023268020.dmf",".dmf","128176","2025-01-03T20:17:32.0000000Z","0670F27550A58850FE9AC3F50F93CB2F53DFA4A6B06596EB8ED8A07AA28217C3","True",""
"2","C:\Users\omard\Desktop\Facturas2","Z001023268021.dmf","C:\Users\omard\Desktop\Facturas2\Z001023268021.dmf","Z001023268021.dmf",".dmf","153952","2025-01-03T20:18:06.0000000Z","70CC0AB443092C8F295FEFFD24AB6633F2BF81F7676AF1B958DE3C3CE40FB44A","True",""
"2","C:\Users\omard\Desktop\Facturas2","Z001023268022.dmf","C:\Users\omard\Desktop\Facturas2\Z001023268022.dmf","Z001023268022.dmf",".dmf","218451","2025-01-03T20:28:12.0000000Z","47F962DB5909C3E13663D31ED347197E931C3289689973FB9D8D87BDA4B72EED","True",""
"2","C:\Users\omard\Desktop\Facturas2","Z001023268043.dmf","C:\Users\omard\Desktop\Facturas2\Z001023268043.dmf","Z001023268043.dmf",".dmf","221310","2025-01-03T20:41:04.0000000Z","1E165CB07DDD78886A05CFF0E0A68DA92D38C6EB3A1FC521ADBAB4D0A83D933F","True",""
"2","C:\Users\omard\Desktop\Facturas2","Z001023268044.dmf","C:\Users\omard\Desktop\Facturas2\Z001023268044.dmf","Z001023268044.dmf",".dmf","29794","2025-01-03T20:43:14.0000000Z","CC19BD7B79202D20B5E1BEDB4FA1997E28E24921661C5EA88704032BA93FE38A","True",""
"2","C:\Users\omard\Desktop\Facturas2","Z001023268045.dmf","C:\Users\omard\Desktop\Facturas2\Z001023268045.dmf","Z001023268045.dmf",".dmf","26938","2025-01-03T20:44:14.0000000Z","EA607CBB905D5E9F703C2022B206C4312BEDCB58651EDB01BD15368E3B19B7E9","True",""
"2","C:\Users\omard\Desktop\Facturas2","Z001023268085.dmf","C:\Users\omard\Desktop\Facturas2\Z001023268085.dmf","Z001023268085.dmf",".dmf","86133","2025-01-03T20:46:04.0000000Z","13B0981FFF7A90918D07D920F237A35675AE8309430B302DC2AD3373DA9AEE88","True",""
"2","C:\Users\omard\Desktop\Facturas2","Z001023268086.dmf","C:\Users\omard\Desktop\Facturas2\Z001023268086.dmf","Z001023268086.dmf",".dmf","82967","2025-01-03T20:51:02.0000000Z","18057AB4EEEC81C2FAA7F37EA099072DE8EA0352EB509B4D287058745C9EF2E6","True",""
"2","C:\Users\omard\Desktop\Facturas2","Z001023268087.dmf","C:\Users\omard\Desktop\Facturas2\Z001023268087.dmf","Z001023268087.dmf",".dmf","29281","2025-01-03T20:53:12.0000000Z","0FBD2F05EE1671FBC97434BE1CAE280F30EAE3D1F4C9BA274887D1DBCC9A725C","True",""
"2","C:\Users\omard\Desktop\Facturas2","Z001023268088.dmf","C:\Users\omard\Desktop\Facturas2\Z001023268088.dmf","Z001023268088.dmf",".dmf","196483","2025-01-03T20:54:32.0000000Z","388D31F4D88FBC343F40BB83D9CF607B10D713D3AE1946C86E4799D5BEA85DC8","True",""
"2","C:\Users\omard\Desktop\Facturas2","Z001023268089.dmf","C:\Users\omard\Desktop\Facturas2\Z001023268089.dmf","Z001023268089.dmf",".dmf","51714","2025-01-03T20:55:46.0000000Z","FB3F23EBD6456217C4D39CF681AEC76EBB433F51D15F18A9CAA5631CF5F42C4C","True",""
"2","C:\Users\omard\Desktop\Facturas2","Z001023268090.dmf","C:\Users\omard\Desktop\Facturas2\Z001023268090.dmf","Z001023268090.dmf",".dmf","101130","2025-01-03T20:57:10.0000000Z","0F84E65F58447E5DD3800DD547BE8FCB8660799105CFD4C7CF11320319150A00","True",""
"2","C:\Users\omard\Desktop\Facturas2","Z001023268091.dmf","C:\Users\omard\Desktop\Facturas2\Z001023268091.dmf","Z001023268091.dmf",".dmf","101164","2025-01-03T20:58:06.0000000Z","91225729138B92F4BCCB2A806B717C2942F9E7F60D3504CFA3F15A9BE68EA320","True",""
"2","C:\Users\omard\Desktop\Facturas2","Z001023268092.dmf","C:\Users\omard\Desktop\Facturas2\Z001023268092.dmf","Z001023268092.dmf",".dmf","101397","2025-01-03T20:59:12.0000000Z","893A309821847E60F94BB6694ECBCBC25BADD3EB8F5BB41E2C859CF9B8A08840","True",""
"2","C:\Users\omard\Desktop\Facturas2","Z001023268100.dmf","C:\Users\omard\Desktop\Facturas2\Z001023268100.dmf","Z001023268100.dmf",".dmf","83027","2025-01-03T21:05:26.0000000Z","5125C1393AE5E3C1E0236ED5BCF6B6C80126279E8B0733258C946C54ADB99D63","True",""
"2","C:\Users\omard\Desktop\Facturas2","Z001023268101.dmf","C:\Users\omard\Desktop\Facturas2\Z001023268101.dmf","Z001023268101.dmf",".dmf","83093","2025-01-03T21:06:08.0000000Z","7EE11AB1E0D16DDE28B7A5040F5DD4F96840358C0DD5C401E54F7D2ADA074843","True",""
"2","C:\Users\omard\Desktop\Facturas2","Z001023268102.dmf","C:\Users\omard\Desktop\Facturas2\Z001023268102.dmf","Z001023268102.dmf",".dmf","82587","2025-01-03T21:08:54.0000000Z","289B6608AB6CDB0F49E783DA92E5EFDD80BCB5699D58463A2DB0E15449CA3EA2","True",""
"2","C:\Users\omard\Desktop\Facturas2","Z001023268103.dmf","C:\Users\omard\Desktop\Facturas2\Z001023268103.dmf","Z001023268103.dmf",".dmf","29289","2025-01-03T21:09:34.0000000Z","EFDD4406A3E11185EFACB155BD07C90DEE6106D8774DAE870B2B5AAF2D9A940E","True",""
"2","C:\Users\omard\Desktop\Facturas2","Z001023268104.dmf","C:\Users\omard\Desktop\Facturas2\Z001023268104.dmf","Z001023268104.dmf",".dmf","82841","2025-01-03T21:10:08.0000000Z","A2257858D713B1A0E020B5889862C7466760F1326009813183A9DF7F7E092499","True",""
"2","C:\Users\omard\Desktop\Facturas2","Z001023268105.dmf","C:\Users\omard\Desktop\Facturas2\Z001023268105.dmf","Z001023268105.dmf",".dmf","26548","2025-01-03T21:11:18.0000000Z","CF38266C0D3F0C100C250A04A38DCEED3F072D802D3A6CD17BD1AE078799DB9F","True",""
"2","C:\Users\omard\Desktop\Facturas2","Z001023268106.dmf","C:\Users\omard\Desktop\Facturas2\Z001023268106.dmf","Z001023268106.dmf",".dmf","82832","2025-01-03T21:13:38.0000000Z","20876E4C64EBB8A2DDA3682878FD70E7DBF50FFB67D16F0C2F9921EFF45F62C1","True",""
"2","C:\Users\omard\Desktop\Facturas2","Z001023268107.dmf","C:\Users\omard\Desktop\Facturas2\Z001023268107.dmf","Z001023268107.dmf",".dmf","371141","2025-01-03T21:15:06.0000000Z","C52E3415692D1C2A4BF96FEF478B5E5813C53244F06A066E56E28681FF72D4CA","True",""
"2","C:\Users\omard\Desktop\Facturas2","Z001023268120.dmf","C:\Users\omard\Desktop\Facturas2\Z001023268120.dmf","Z001023268120.dmf",".dmf","371091","2025-01-03T21:17:30.0000000Z","09B28DDFCE0C12461B4A04B6E9F5EB65BD168416D6538BC67CE9CB4BBBDC82C7","True",""
"2","C:\Users\omard\Desktop\Facturas2","Z001023268121.dmf","C:\Users\omard\Desktop\Facturas2\Z001023268121.dmf","Z001023268121.dmf",".dmf","371160","2025-01-03T21:18:08.0000000Z","FB79A121C18EF05B056FC573CC0362BDED38029C054A8B172F188DF100D5D09E","True",""
"2","C:\Users\omard\Desktop\Facturas2","Z001023268122.dmf","C:\Users\omard\Desktop\Facturas2\Z001023268122.dmf","Z001023268122.dmf",".dmf","371197","2025-01-03T21:18:52.0000000Z","8F69E2385B23A8F04E2F30EDA7CD9A8951FBFDB1AB5D28AF7ABD3621C7F9A59F","True",""
"2","C:\Users\omard\Desktop\Facturas2","Z001023268123.dmf","C:\Users\omard\Desktop\Facturas2\Z001023268123.dmf","Z001023268123.dmf",".dmf","371085","2025-01-03T21:19:30.0000000Z","1099794E643C9B37AC6CCA7C907A69F1A09FA1150C0AC6C3BAC8334491618266","True",""
"2","C:\Users\omard\Desktop\Facturas2","Z001023268124.dmf","C:\Users\omard\Desktop\Facturas2\Z001023268124.dmf","Z001023268124.dmf",".dmf","371615","2025-01-03T21:20:12.0000000Z","50E22FE3772DBA36E22BE796EE64D3DB18174800CD858EE02F23A3E9D5A3554A","True",""
"2","C:\Users\omard\Desktop\Facturas2","Z001023268125.dmf","C:\Users\omard\Desktop\Facturas2\Z001023268125.dmf","Z001023268125.dmf",".dmf","29782","2025-01-03T21:21:32.0000000Z","4051F8D0D7CDF607CF06C8C11DB6987D8ED6BB8CF42D166CDE70ECEEBAFB4B04","True",""
"2","C:\Users\omard\Desktop\Facturas2","Z001023268126.dmf","C:\Users\omard\Desktop\Facturas2\Z001023268126.dmf","Z001023268126.dmf",".dmf","21113","2025-01-03T21:22:52.0000000Z","D910E9BDF7C7A3DED75DF0481E6A81DC2C5E1CFC4F327CC7B2CF6D7FCC1E25FC","True",""
"2","C:\Users\omard\Desktop\Facturas2","Z001023268127.dmf","C:\Users\omard\Desktop\Facturas2\Z001023268127.dmf","Z001023268127.dmf",".dmf","60689","2025-01-03T21:24:46.0000000Z","4A5D5231ECE47231DA328C31B3470862258FBE360B9A4D3EE5C2F011E49435E2","True",""
"2","C:\Users\omard\Desktop\Facturas2","Z001023268128.dmf","C:\Users\omard\Desktop\Facturas2\Z001023268128.dmf","Z001023268128.dmf",".dmf","58497","2025-01-03T21:25:34.0000000Z","4332A7A2FDE0965C2C89183F2F9A0ECC388A1913C932D47C0C2732A00F6E9ADB","True",""
"2","C:\Users\omard\Desktop\Facturas2","Z001023268129.dmf","C:\Users\omard\Desktop\Facturas2\Z001023268129.dmf","Z001023268129.dmf",".dmf","59605","2025-01-03T21:26:24.0000000Z","91B2C6DE73556B5427FA9FB46483E7E290FBB676FEE6DEE056CD628DE3491938","True",""
"2","C:\Users\omard\Desktop\Facturas2","Z001023268130.dmf","C:\Users\omard\Desktop\Facturas2\Z001023268130.dmf","Z001023268130.dmf",".dmf","56907","2025-01-03T21:28:40.0000000Z","9DA7BF2FCD272BD09B5C07244A84CC79E23CA0CA4273C72A84BEC2BEF4D8BC58","True",""
"2","C:\Users\omard\Desktop\Facturas2","Z001023268158.dmf","C:\Users\omard\Desktop\Facturas2\Z001023268158.dmf","Z001023268158.dmf",".dmf","24511","2025-01-03T21:30:26.0000000Z","A76E2AD03721A1C8A3AC74E4A277E5C97A34253767DACE959AA67E16B333B149","True",""
"2","C:\Users\omard\Desktop\Facturas2","Z001023268164.dmf","C:\Users\omard\Desktop\Facturas2\Z001023268164.dmf","Z001023268164.dmf",".dmf","132152","2025-01-03T21:32:06.0000000Z","B927FE6136B33A2C82AEBE473C337F2D43A497359DD46183F6217BE7A1F9ADF1","True",""
"2","C:\Users\omard\Desktop\Facturas2","Z001023268165.dmf","C:\Users\omard\Desktop\Facturas2\Z001023268165.dmf","Z001023268165.dmf",".dmf","136220","2025-01-03T21:33:28.0000000Z","2ED03C4F33FA022E88E5307E43D8F105EC89A7D2A78A878396335FCABA2F03F2","True",""
"2","C:\Users\omard\Desktop\Facturas2","Z001023268166.dmf","C:\Users\omard\Desktop\Facturas2\Z001023268166.dmf","Z001023268166.dmf",".dmf","735868","2025-01-03T21:35:06.0000000Z","C6677EF408E2DE61B821EB29A38A5F82CB100F4C9F9943FB66BC89BA8DEA0E1C","True",""
"2","C:\Users\omard\Desktop\Facturas2","Z001023268167.dmf","C:\Users\omard\Desktop\Facturas2\Z001023268167.dmf","Z001023268167.dmf",".dmf","735753","2025-01-03T21:36:08.0000000Z","8CEFFDEC649146FAB808CB225A02FAA0C45FC5070C1AB237801EB9E3F36816ED","True",""
"2","C:\Users\omard\Desktop\Facturas2","Z001023268168.dmf","C:\Users\omard\Desktop\Facturas2\Z001023268168.dmf","Z001023268168.dmf",".dmf","736470","2025-01-03T21:37:04.0000000Z","01BD8B34A62F7ABCFF909F8EB5FFF9185799F113D6492C8A41F7603A036126D9","True",""
"2","C:\Users\omard\Desktop\Facturas2","Z001023283689.dmf","C:\Users\omard\Desktop\Facturas2\Z001023283689.dmf","Z001023283689.dmf",".dmf","29347","2025-01-06T11:27:06.0000000Z","6EF6394E72DABED3BF75733B73175D43441F6892BEE8FB25EB7BF6649F86BCE4","True",""
"2","C:\Users\omard\Desktop\Facturas2","Z001023283690.dmf","C:\Users\omard\Desktop\Facturas2\Z001023283690.dmf","Z001023283690.dmf",".dmf","82772","2025-01-06T11:30:08.0000000Z","C5B79122B6137946E637237984CE63E100479F577DDD5224F06C6DDD05C082CE","True",""
"2","C:\Users\omard\Desktop\Facturas2","Z001023283691.dmf","C:\Users\omard\Desktop\Facturas2\Z001023283691.dmf","Z001023283691.dmf",".dmf","57172","2025-01-06T11:31:42.0000000Z","73EC6C263AB6A1760D5501441F1897895EBC63B52239C7839F94FC4132FA51D2","True",""
"2","C:\Users\omard\Desktop\Facturas2","Z001023283692.dmf","C:\Users\omard\Desktop\Facturas2\Z001023283692.dmf","Z001023283692.dmf",".dmf","454587","2025-01-06T11:32:16.0000000Z","4B40B2ABA3A2321BD1E0656688724D6B36E933CCAAA187C530AF3B37C6401B8A","True",""
"2","C:\Users\omard\Desktop\Facturas2","Z001023283693.dmf","C:\Users\omard\Desktop\Facturas2\Z001023283693.dmf","Z001023283693.dmf",".dmf","29373","2025-01-06T11:33:30.0000000Z","C19E204CD090228B60738490D6C9D3322728B5C1DCC30F14F58A053215CFB8F8","True",""
"2","C:\Users\omard\Desktop\Facturas2","Z001023283701.dmf","C:\Users\omard\Desktop\Facturas2\Z001023283701.dmf","Z001023283701.dmf",".dmf","29303","2025-01-06T11:42:18.0000000Z","DB3D1204E7904D5FAA8A0C142E9DAEBAD59EDA00E71A84CE3D7F697455B205C1","True",""
"2","C:\Users\omard\Desktop\Facturas2","Z001023283702.dmf","C:\Users\omard\Desktop\Facturas2\Z001023283702.dmf","Z001023283702.dmf",".dmf","29303","2025-01-06T11:51:48.0000000Z","EE2B2B02663BA44254F62CD683F9EAC09A61524655C55B00E3AD58E02CB2D951","True",""
"2","C:\Users\omard\Desktop\Facturas2","Z001023283703.dmf","C:\Users\omard\Desktop\Facturas2\Z001023283703.dmf","Z001023283703.dmf",".dmf","971232","2025-01-06T11:53:28.0000000Z","E2FDD66EC517CB71BA9744FACF6DA13BCDA429DFC23894294AFCE976CD908235","True",""
"2","C:\Users\omard\Desktop\Facturas2","Z001023283728.dmf","C:\Users\omard\Desktop\Facturas2\Z001023283728.dmf","Z001023283728.dmf",".dmf","41739","2025-01-06T12:11:08.0000000Z","AF2EBC3A813DD30D7B21355A62DCBD7650E1117FAB1EC928E69539CB73A6E105","True",""
"2","C:\Users\omard\Desktop\Facturas2","Z001023283729.dmf","C:\Users\omard\Desktop\Facturas2\Z001023283729.dmf","Z001023283729.dmf",".dmf","82310","2025-01-06T12:11:44.0000000Z","9FCB96ABBB4C59FD4305C051A9A269C8DDBA2BC14F91309EB829F7A46216ADB3","True",""
"2","C:\Users\omard\Desktop\Facturas2","Z001023283732.dmf","C:\Users\omard\Desktop\Facturas2\Z001023283732.dmf","Z001023283732.dmf",".dmf","29327","2025-01-06T12:13:42.0000000Z","F037C16C54CB5F0DFE76A5329A4DCF99EBFB7DA17C03CF14564D51A9D4D4CF4A","True",""
"2","C:\Users\omard\Desktop\Facturas2","Z001023283734.dmf","C:\Users\omard\Desktop\Facturas2\Z001023283734.dmf","Z001023283734.dmf",".dmf","244184","2025-01-06T12:15:04.0000000Z","CCBF153AA559A898B362982556C3A28599B602D4C160712810705060BBEA08A2","True",""
"2","C:\Users\omard\Desktop\Facturas2","Z001023283736.dmf","C:\Users\omard\Desktop\Facturas2\Z001023283736.dmf","Z001023283736.dmf",".dmf","29441","2025-01-06T12:16:58.0000000Z","299054D9330C0E3ABE65F41FB093B55F2D2BC2525F9C31B6AD7208C380D8FC35","True",""
"2","C:\Users\omard\Desktop\Facturas2","Z001023283737.dmf","C:\Users\omard\Desktop\Facturas2\Z001023283737.dmf","Z001023283737.dmf",".dmf","29150","2025-01-06T12:20:06.0000000Z","FB6F004B5710C8ED4030514382E532ED15BFE632ACC919ABAF2ECC0F3BAE65A8","True",""
"2","C:\Users\omard\Desktop\Facturas2","Z001023283738.dmf","C:\Users\omard\Desktop\Facturas2\Z001023283738.dmf","Z001023283738.dmf",".dmf","1016740","2025-01-06T12:21:18.0000000Z","F1DDD6125E0242ED80B7952F20C79A4A45D4157E40E0A82B1590EFC55D65626B","True",""
"2","C:\Users\omard\Desktop\Facturas2","Z001023283741.dmf","C:\Users\omard\Desktop\Facturas2\Z001023283741.dmf","Z001023283741.dmf",".dmf","29285","2025-01-06T12:23:10.0000000Z","7F22E5384F5008405F416497BB7CE2E02E7951567F817CFE716A2F30A8B09BFA","True",""
"2","C:\Users\omard\Desktop\Facturas2","Z001023283742.dmf","C:\Users\omard\Desktop\Facturas2\Z001023283742.dmf","Z001023283742.dmf",".dmf","82306","2025-01-06T12:24:48.0000000Z","0B38333E4ECEC27F5E883FC3EACF94ED247FEF5D16F12565A6DAE5627AD93918","True",""
"2","C:\Users\omard\Desktop\Facturas2","Z001023283743.dmf","C:\Users\omard\Desktop\Facturas2\Z001023283743.dmf","Z001023283743.dmf",".dmf","241840","2025-01-06T12:25:32.0000000Z","7C7D32406BDA147215C3212002FF36E4DCE29D472A79CDE7801566EE0D216F97","True",""
"2","C:\Users\omard\Desktop\Facturas2","Z001023283744.dmf","C:\Users\omard\Desktop\Facturas2\Z001023283744.dmf","Z001023283744.dmf",".dmf","26739","2025-01-06T12:26:46.0000000Z","FD89C04BAB5BFF77A7BD9F11AE3BBCDD358C28D8C48E0A4CB8A4AD0C0206BD4C","True",""
"2","C:\Users\omard\Desktop\Facturas2","Z001023283745.dmf","C:\Users\omard\Desktop\Facturas2\Z001023283745.dmf","Z001023283745.dmf",".dmf","29308","2025-01-06T12:27:44.0000000Z","9C5EEE29AB2CBE3B7D8C71DF20DE00D8815AEDFA6DFAAA54E48E2592B8FD903B","True",""
"2","C:\Users\omard\Desktop\Facturas2","Z001023283746.dmf","C:\Users\omard\Desktop\Facturas2\Z001023283746.dmf","Z001023283746.dmf",".dmf","29208","2025-01-06T12:29:14.0000000Z","F5EDC688C5328AACE5F751E5757BC4B54DD99958FD85DDBB3AD5ADDA5E690168","True",""
"2","C:\Users\omard\Desktop\Facturas2","Z001023283753.dmf","C:\Users\omard\Desktop\Facturas2\Z001023283753.dmf","Z001023283753.dmf",".dmf","81445","2025-01-06T12:33:20.0000000Z","2612B332C168E35AEE4EB9B1B37CB8536245DFCAFAF978F012281F6F213AB8C9","True",""
"2","C:\Users\omard\Desktop\Facturas2","Z001023283755.dmf","C:\Users\omard\Desktop\Facturas2\Z001023283755.dmf","Z001023283755.dmf",".dmf","26374","2025-01-06T12:34:56.0000000Z","E335647E5AF2EB22C557F392AC2CF86E44143D8693B2FF99CC4B27B31E26D2F0","True",""
"2","C:\Users\omard\Desktop\Facturas2","Z001023283759.dmf","C:\Users\omard\Desktop\Facturas2\Z001023283759.dmf","Z001023283759.dmf",".dmf","29133","2025-01-06T12:44:54.0000000Z","8C6F35C531393D4A1CBBE18B4BB24236D54ECA1107A50003340B4A9F7900B193","True",""
"2","C:\Users\omard\Desktop\Facturas2","Z001023283762.dmf","C:\Users\omard\Desktop\Facturas2\Z001023283762.dmf","Z001023283762.dmf",".dmf","44756","2025-01-06T12:48:40.0000000Z","B4CD875B7DAA482C70C091BA6D56371A67D5F0B7C35E06067FF3C179B9A97F98","True",""
"2","C:\Users\omard\Desktop\Facturas2","Z001023283763.dmf","C:\Users\omard\Desktop\Facturas2\Z001023283763.dmf","Z001023283763.dmf",".dmf","82254","2025-01-06T12:49:52.0000000Z","E18C7FDAF49F872B8D82899BB5858E2558A94F64F9A2736F368073E3AE8DF60E","True",""
"2","C:\Users\omard\Desktop\Facturas2","Z001023283764.dmf","C:\Users\omard\Desktop\Facturas2\Z001023283764.dmf","Z001023283764.dmf",".dmf","29050","2025-01-06T12:51:16.0000000Z","B640FCDD6D69BF240AAE0B7C7F0DDEF233D905697C467F6ADC3A5E32AC496C03","True",""
"2","C:\Users\omard\Desktop\Facturas2","Z001023283765.dmf","C:\Users\omard\Desktop\Facturas2\Z001023283765.dmf","Z001023283765.dmf",".dmf","35935","2025-01-06T12:54:26.0000000Z","FFE05618908DE4DF3AD89F2CE144A4CBB654C45982B350ED251C543A4E11A243","True",""
"2","C:\Users\omard\Desktop\Facturas2","Z001023283766.dmf","C:\Users\omard\Desktop\Facturas2\Z001023283766.dmf","Z001023283766.dmf",".dmf","81246","2025-01-06T12:55:34.0000000Z","52311419E940A4248B3C0DE13A5FF036E44A2A5916FB57F7BF617526DF290248","True",""
"2","C:\Users\omard\Desktop\Facturas2","Z001023283767.dmf","C:\Users\omard\Desktop\Facturas2\Z001023283767.dmf","Z001023283767.dmf",".dmf","74863","2025-01-06T12:57:52.0000000Z","09959D8CAD656D72AE5837159E7842D589E2CAF843A9F8D1EA6B519054F8A1B3","True",""
"2","C:\Users\omard\Desktop\Facturas2","Z001023283769.dmf","C:\Users\omard\Desktop\Facturas2\Z001023283769.dmf","Z001023283769.dmf",".dmf","81811","2025-01-06T13:00:12.0000000Z","0E9D28128362E8645FE1CD3DDF6F5963628AE5540C686FA877A733AE00A4A348","True",""
"2","C:\Users\omard\Desktop\Facturas2","Z001023283780.dmf","C:\Users\omard\Desktop\Facturas2\Z001023283780.dmf","Z001023283780.dmf",".dmf","81944","2025-01-06T13:14:16.0000000Z","A56C63BE16CB47A834F6D32C433782306F41BBFEC04EE89C1481E53384489A96","True",""
"2","C:\Users\omard\Desktop\Facturas2","Z001023283786.dmf","C:\Users\omard\Desktop\Facturas2\Z001023283786.dmf","Z001023283786.dmf",".dmf","15293","2025-01-06T13:18:48.0000000Z","5840FBAA9D1FBACF7AAA6FBC0B242B7BE38DBDEA06B60B311CF51197C2B4A122","True",""
"2","C:\Users\omard\Desktop\Facturas2","Z001023283787.dmf","C:\Users\omard\Desktop\Facturas2\Z001023283787.dmf","Z001023283787.dmf",".dmf","83465","2025-01-06T13:19:38.0000000Z","CF80C512A28FA8268DEC4C918FF18BB8BF652241C0B5327AC66851FDA89AF8AB","True",""
"2","C:\Users\omard\Desktop\Facturas2","Z001023283788.dmf","C:\Users\omard\Desktop\Facturas2\Z001023283788.dmf","Z001023283788.dmf",".dmf","83702","2025-01-06T13:21:00.0000000Z","885C0DBB4BA547718C801E410F3CCB332923122A2C2402834E1CDBE7743BAE27","True",""
"2","C:\Users\omard\Desktop\Facturas2","Z001023283789.dmf","C:\Users\omard\Desktop\Facturas2\Z001023283789.dmf","Z001023283789.dmf",".dmf","82703","2025-01-06T13:22:00.0000000Z","EE936F4BD3F62A81BD29BBF933C13D804020EB8272F777D73345C9DE90C968E6","True",""
"2","C:\Users\omard\Desktop\Facturas2","Z001023283803.dmf","C:\Users\omard\Desktop\Facturas2\Z001023283803.dmf","Z001023283803.dmf",".dmf","105719","2025-01-06T13:27:04.0000000Z","E8D2F94B438AD2B858822865D9AA7725BE2CFC170E7A7D705C8B231AECC16DF3","True",""
"2","C:\Users\omard\Desktop\Facturas2","Z001023283806.dmf","C:\Users\omard\Desktop\Facturas2\Z001023283806.dmf","Z001023283806.dmf",".dmf","82300","2025-01-06T13:28:40.0000000Z","35D3015F98BDE9599C621B378441A2B56BE1620C3FA3B9EBB77DDF9970B12727","True",""
"2","C:\Users\omard\Desktop\Facturas2","Z001023283807.dmf","C:\Users\omard\Desktop\Facturas2\Z001023283807.dmf","Z001023283807.dmf",".dmf","81855","2025-01-06T13:29:48.0000000Z","DFC6D6B9F87DA19AED6C183FB5A69D5D6C011290F2481EAF0FD7BC9936F0902C","True",""
"2","C:\Users\omard\Desktop\Facturas2","Z001023283837.dmf","C:\Users\omard\Desktop\Facturas2\Z001023283837.dmf","Z001023283837.dmf",".dmf","28903","2025-01-06T13:32:56.0000000Z","A60AFEFC865E401187C85FD9E153DAC26A3C7CE027C29E52496DA5FE3BEADBC2","True",""
"2","C:\Users\omard\Desktop\Facturas2","Z001023283838.dmf","C:\Users\omard\Desktop\Facturas2\Z001023283838.dmf","Z001023283838.dmf",".dmf","125637","2025-01-06T13:33:00.0000000Z","BF348F9B62C36CD39D23D02281F4530B6A522B5F0BAB9A8895A42C896B4872A4","True",""
"2","C:\Users\omard\Desktop\Facturas2","Z001023283839.dmf","C:\Users\omard\Desktop\Facturas2\Z001023283839.dmf","Z001023283839.dmf",".dmf","29299","2025-01-06T13:35:18.0000000Z","515E6726F10BE009DAD2A5D23481CCAA27ACE09E9DFAFFE7A2915DBC39A9BC9B","True",""
"2","C:\Users\omard\Desktop\Facturas2","Z001023283840.dmf","C:\Users\omard\Desktop\Facturas2\Z001023283840.dmf","Z001023283840.dmf",".dmf","223479","2025-01-06T13:36:00.0000000Z","EC31B8D299C5C1AD3B6B650303D11BE064A16843A783D54922479694A3069C84","True",""
"2","C:\Users\omard\Desktop\Facturas2","Z001023283842.dmf","C:\Users\omard\Desktop\Facturas2\Z001023283842.dmf","Z001023283842.dmf",".dmf","82918","2025-01-06T13:36:46.0000000Z","5714977F3386D8A9E8435663DAE5C6C281DB0BCA850CFADC2FD16C52C27BC0B1","True",""
"2","C:\Users\omard\Desktop\Facturas2","Z001023283864.dmf","C:\Users\omard\Desktop\Facturas2\Z001023283864.dmf","Z001023283864.dmf",".dmf","83498","2025-01-06T13:41:22.0000000Z","82E69C724C70F7130D25F5E1EBEF5C296BA4103B92A5C29C03BAC37959CED869","True",""
"2","C:\Users\omard\Desktop\Facturas2","Z001023283865.dmf","C:\Users\omard\Desktop\Facturas2\Z001023283865.dmf","Z001023283865.dmf",".dmf","29462","2025-01-06T13:43:20.0000000Z","AE7C77C8FBFC6E5156FDA380C5867AA548B57A598A03EF0849DCEE7421C0093A","True",""
"2","C:\Users\omard\Desktop\Facturas2","Z001023283866.dmf","C:\Users\omard\Desktop\Facturas2\Z001023283866.dmf","Z001023283866.dmf",".dmf","39166","2025-01-06T13:43:58.0000000Z","B988351CB975652CCDFD95D871624DE76CDA7882D29E40E7BC78AE9F9619FC6D","True",""
"2","C:\Users\omard\Desktop\Facturas2","Z001023283868.dmf","C:\Users\omard\Desktop\Facturas2\Z001023283868.dmf","Z001023283868.dmf",".dmf","82170","2025-01-06T13:45:00.0000000Z","6870ED73E8A1DDF52656BC0623FD1AB74D41BA7CA386B24F7D8F94D36FAAA10C","True",""
"2","C:\Users\omard\Desktop\Facturas2","Z001023283872.dmf","C:\Users\omard\Desktop\Facturas2\Z001023283872.dmf","Z001023283872.dmf",".dmf","37247","2025-01-06T13:46:28.0000000Z","90C117626EAA18A93B2BDCD8ABA80B9BB0C2262B697E7F32547033BF26D10D2A","True",""
"2","C:\Users\omard\Desktop\Facturas2","Z001023283873.dmf","C:\Users\omard\Desktop\Facturas2\Z001023283873.dmf","Z001023283873.dmf",".dmf","39090","2025-01-06T13:49:54.0000000Z","3864ECF463FB4DB157948782CF3636D32AFDB6A5A88ED32405861F2FD55E10F0","True",""
"2","C:\Users\omard\Desktop\Facturas2","Z001023283874.dmf","C:\Users\omard\Desktop\Facturas2\Z001023283874.dmf","Z001023283874.dmf",".dmf","29356","2025-01-06T13:50:10.0000000Z","917E4D0587F0CACD22D815E0AAE3991F321907FC87C5995DD75C59277B156448","True",""
"2","C:\Users\omard\Desktop\Facturas2","Z001023283875.dmf","C:\Users\omard\Desktop\Facturas2\Z001023283875.dmf","Z001023283875.dmf",".dmf","29042","2025-01-06T13:51:30.0000000Z","A2FAFA237D7803796F4A5278B1909658931998A61E704246D83D4160727D99CF","True",""
"2","C:\Users\omard\Desktop\Facturas2","Z001023283877.dmf","C:\Users\omard\Desktop\Facturas2\Z001023283877.dmf","Z001023283877.dmf",".dmf","29483","2025-01-06T13:52:58.0000000Z","16F8CF61DFA0C9411FF9F4066628EA0CA049FBD2537ABCBB8C76B238F60B0A7C","True",""
"2","C:\Users\omard\Desktop\Facturas2","Z001023283878.dmf","C:\Users\omard\Desktop\Facturas2\Z001023283878.dmf","Z001023283878.dmf",".dmf","39160","2025-01-06T13:53:06.0000000Z","45D2F282C70D7E709A01BBFCDFB9DDEC5590FF7E35F773911BE7E3B32BFF2D64","True",""
"2","C:\Users\omard\Desktop\Facturas2","Z001023283880.dmf","C:\Users\omard\Desktop\Facturas2\Z001023283880.dmf","Z001023283880.dmf",".dmf","29256","2025-01-06T13:55:00.0000000Z","3E432A37379F5AA7E9179A62FCF46757F9F75725C54D749F0295233B10FE8709","True",""
"2","C:\Users\omard\Desktop\Facturas2","Z001023283881.dmf","C:\Users\omard\Desktop\Facturas2\Z001023283881.dmf","Z001023283881.dmf",".dmf","28774","2025-01-06T13:55:52.0000000Z","E63199EE4EF9A88558BB19126BB4A4292FE3AC4A1700F7F5D794F8DA43B778AE","True",""
"2","C:\Users\omard\Desktop\Facturas2","Z001023283882.dmf","C:\Users\omard\Desktop\Facturas2\Z001023283882.dmf","Z001023283882.dmf",".dmf","10305","2025-01-06T13:56:48.0000000Z","2CF2DA6E15DC7D4FF5B167E4A4F7706632387238EC161F80D8F01CCC563FD2A1","True",""
"2","C:\Users\omard\Desktop\Facturas2","Z001023283891.dmf","C:\Users\omard\Desktop\Facturas2\Z001023283891.dmf","Z001023283891.dmf",".dmf","27691","2025-01-06T14:22:18.0000000Z","7A989D627B32FE8154E4614B6F3829C5745B0D2AE79DD844A8879FDD1C448026","True",""
"2","C:\Users\omard\Desktop\Facturas2","Z001023283894.dmf","C:\Users\omard\Desktop\Facturas2\Z001023283894.dmf","Z001023283894.dmf",".dmf","4716","2025-01-06T14:28:22.0000000Z","8339DE22688975DBF97BDB45382A24B93A0D3996DA26BA51A59CBBABDB2F38DE","True",""
"2","C:\Users\omard\Desktop\Facturas2","Z001023283895.dmf","C:\Users\omard\Desktop\Facturas2\Z001023283895.dmf","Z001023283895.dmf",".dmf","8795","2025-01-06T14:29:30.0000000Z","202E1AEF0BE7FD4B11A955229927CDB35F8AA7DA8FE81E4CAEAF105484DBB5F5","True",""
"2","C:\Users\omard\Desktop\Facturas2","Z001023283896.dmf","C:\Users\omard\Desktop\Facturas2\Z001023283896.dmf","Z001023283896.dmf",".dmf","4654","2025-01-06T14:29:52.0000000Z","0080F857A8A42714A8FD4D932080D517488FDE07A4D6EAC124050A373EED54D7","True",""
"2","C:\Users\omard\Desktop\Facturas2","Z001023283898.dmf","C:\Users\omard\Desktop\Facturas2\Z001023283898.dmf","Z001023283898.dmf",".dmf","4625","2025-01-06T14:31:02.0000000Z","97A1177896EC1EDE97628DA50CBA3C2E9F02038F1B1C090DCC8181EF523F257F","True",""
"2","C:\Users\omard\Desktop\Facturas2","Z001023283899.dmf","C:\Users\omard\Desktop\Facturas2\Z001023283899.dmf","Z001023283899.dmf",".dmf","4573","2025-01-06T14:32:16.0000000Z","61B0043C3C17A32F38304B38D1E4334FB0F4BD2C16D90740EFBC60EF9681D3C9","True",""
"2","C:\Users\omard\Desktop\Facturas2","Z001023283900.dmf","C:\Users\omard\Desktop\Facturas2\Z001023283900.dmf","Z001023283900.dmf",".dmf","8761","2025-01-06T14:33:48.0000000Z","DC03F8F4C2AF59273065159584D5F5A234CFBFA2263BCA19D262CCD34FA39799","True",""
"2","C:\Users\omard\Desktop\Facturas2","Z001023284022.dmf","C:\Users\omard\Desktop\Facturas2\Z001023284022.dmf","Z001023284022.dmf",".dmf","8731","2025-01-06T14:36:26.0000000Z","99292156713C3CFDE7F566BBB99F92777CA96B570459E1E925362DAE75554544","True",""
"2","C:\Users\omard\Desktop\Facturas2","Z001023284033.dmf","C:\Users\omard\Desktop\Facturas2\Z001023284033.dmf","Z001023284033.dmf",".dmf","82373","2025-01-06T14:39:54.0000000Z","3985D4DB1C143DDE5D07E1824EF3F8B51AFD0A13B3FB8378B007D90AFD52DA0F","True",""
"2","C:\Users\omard\Desktop\Facturas2","Z001023284041.dmf","C:\Users\omard\Desktop\Facturas2\Z001023284041.dmf","Z001023284041.dmf",".dmf","237587","2025-01-06T14:47:38.0000000Z","60863315C71627D6BF924163A5342FEDE943451A224252CE0018240748E18577","True",""
"2","C:\Users\omard\Desktop\Facturas2","Z001023284042.dmf","C:\Users\omard\Desktop\Facturas2\Z001023284042.dmf","Z001023284042.dmf",".dmf","82568","2025-01-06T14:47:56.0000000Z","72AF218D0A62C48A3AC055BD2FEF760112F84ED47C2890AB0628C645ADBB7AF6","True",""
"2","C:\Users\omard\Desktop\Facturas2","Z001023284118.dmf","C:\Users\omard\Desktop\Facturas2\Z001023284118.dmf","Z001023284118.dmf",".dmf","237815","2025-01-06T14:53:12.0000000Z","A9188DC86348DA64679F4946463DBA569F649E03B5A6944D4FBD1138D4CEF490","True",""
"2","C:\Users\omard\Desktop\Facturas2","Z001023284119.dmf","C:\Users\omard\Desktop\Facturas2\Z001023284119.dmf","Z001023284119.dmf",".dmf","8993","2025-01-06T14:59:18.0000000Z","D08D4479548258C04B044B4CE972E2AEF4022406FD115308F891B283B2F765FD","True",""
"2","C:\Users\omard\Desktop\Facturas2","Z001023284129.dmf","C:\Users\omard\Desktop\Facturas2\Z001023284129.dmf","Z001023284129.dmf",".dmf","309749","2025-01-06T15:12:54.0000000Z","B6B565E17AD6D6C6AE1EB65A41B19F8CC904BB55F893744B239CCD3ABAE77C4A","True",""
"2","C:\Users\omard\Desktop\Facturas2","Z001023284130.dmf","C:\Users\omard\Desktop\Facturas2\Z001023284130.dmf","Z001023284130.dmf",".dmf","309738","2025-01-06T15:13:42.0000000Z","64FC1CDA691D643392DB4106D9F0825799F332A6B210AE889D49BED1E7D64856","True",""
"2","C:\Users\omard\Desktop\Facturas2","Z001023284133.dmf","C:\Users\omard\Desktop\Facturas2\Z001023284133.dmf","Z001023284133.dmf",".dmf","9014","2025-01-06T15:14:32.0000000Z","2ACBC715483DDCBF20A5767BDD73B63D283C6ADD3B97BFEBF92843C9DE203096","True",""
"2","C:\Users\omard\Desktop\Facturas2","Z001023284177.dmf","C:\Users\omard\Desktop\Facturas2\Z001023284177.dmf","Z001023284177.dmf",".dmf","8778","2025-01-06T15:18:02.0000000Z","D2D3F981D1FA2338D05F436713AEB53CF5E048835A10CEE129178D0A9AB628E9","True",""
"2","C:\Users\omard\Desktop\Facturas2","Z001023284188.dmf","C:\Users\omard\Desktop\Facturas2\Z001023284188.dmf","Z001023284188.dmf",".dmf","8966","2025-01-06T15:21:18.0000000Z","E236AA9CD16FC5EDB27EE88DB6637B9A0BAEF3DBF268573D7FDE3BA828A99864","True",""
"2","C:\Users\omard\Desktop\Facturas2","Z001023284195.dmf","C:\Users\omard\Desktop\Facturas2\Z001023284195.dmf","Z001023284195.dmf",".dmf","8760","2025-01-06T15:24:30.0000000Z","719580160709A9BA073EABF28BCFD0EA9A249074FFB19906F1158085C41348A9","True",""
"2","C:\Users\omard\Desktop\Facturas2","Z001023284205.dmf","C:\Users\omard\Desktop\Facturas2\Z001023284205.dmf","Z001023284205.dmf",".dmf","8769","2025-01-06T15:32:02.0000000Z","156F8846732E4694BEFC40CB0C19915D02AEF103C673275D17211CA1E66ACAAC","True",""
"2","C:\Users\omard\Desktop\Facturas2","Z001023284208.dmf","C:\Users\omard\Desktop\Facturas2\Z001023284208.dmf","Z001023284208.dmf",".dmf","96520","2025-01-06T15:32:40.0000000Z","64685EB4B13357F8D752BD6E7138714739A4ABC146DDEF8E68E468592ACA14BE","True",""
"2","C:\Users\omard\Desktop\Facturas2","Z001023284209.dmf","C:\Users\omard\Desktop\Facturas2\Z001023284209.dmf","Z001023284209.dmf",".dmf","8748","2025-01-06T15:36:50.0000000Z","8556CF530ABD383F719B1EAE1017179CE29721DFD7F83F44B25BE6039B097C5F","True",""
"2","C:\Users\omard\Desktop\Facturas2","Z001023284243.dmf","C:\Users\omard\Desktop\Facturas2\Z001023284243.dmf","Z001023284243.dmf",".dmf","25995","2025-01-06T15:46:24.0000000Z","5D2D06E609A674C72E63C4BD58D37665A9FF151202301DB2DF8C83872F5D6474","True",""
"2","C:\Users\omard\Desktop\Facturas2","Z001023284244.dmf","C:\Users\omard\Desktop\Facturas2\Z001023284244.dmf","Z001023284244.dmf",".dmf","179675","2025-01-06T15:52:42.0000000Z","29CE9009899F6E815B054AE73955F98968E3ED84B4F35CF67DBEE479FBF6B721","True",""
"2","C:\Users\omard\Desktop\Facturas2","Z001023284247.dmf","C:\Users\omard\Desktop\Facturas2\Z001023284247.dmf","Z001023284247.dmf",".dmf","450787","2025-01-06T15:54:02.0000000Z","BABFAF0FFCB89316A499BCAB3CFDEFA27E35ABD20A6304A99F2BC38B27B7E448","True",""
"2","C:\Users\omard\Desktop\Facturas2","Z001023284248.dmf","C:\Users\omard\Desktop\Facturas2\Z001023284248.dmf","Z001023284248.dmf",".dmf","136526","2025-01-06T15:54:52.0000000Z","D25DA47A1AD600B7EB215CC206B9E83F1043738B03204D5DDC7D8CFD20C1F61F","True",""
"2","C:\Users\omard\Desktop\Facturas2","Z001023284287.dmf","C:\Users\omard\Desktop\Facturas2\Z001023284287.dmf","Z001023284287.dmf",".dmf","89949","2025-01-06T16:00:46.0000000Z","D40E094BE891E6874B57CB4A7EB83B83E7DB87615DC8AD84F96A4D8C26BC22DF","True",""
"2","C:\Users\omard\Desktop\Facturas2","Z001023284289.dmf","C:\Users\omard\Desktop\Facturas2\Z001023284289.dmf","Z001023284289.dmf",".dmf","86679","2025-01-06T16:04:22.0000000Z","CC21DCB834910AC02C9662301BED30E9BE5A14DFE62449D160AFBAFE504CE97C","True",""
"2","C:\Users\omard\Desktop\Facturas2","Z001023284291.dmf","C:\Users\omard\Desktop\Facturas2\Z001023284291.dmf","Z001023284291.dmf",".dmf","82168","2025-01-06T16:11:28.0000000Z","E04ED5C0AD8C40A0D45457166DEB0BC7E03617C0018FEA0FE2A36C23C77AFFF2","True",""
"2","C:\Users\omard\Desktop\Facturas2","Z001023284293.dmf","C:\Users\omard\Desktop\Facturas2\Z001023284293.dmf","Z001023284293.dmf",".dmf","51139","2025-01-06T16:16:46.0000000Z","3F4637035DDEBFBCE3C028D9F03EFF53FD490AF6540C26E5EDBF853DABDAA873","True",""
"2","C:\Users\omard\Desktop\Facturas2","Z001023284294.dmf","C:\Users\omard\Desktop\Facturas2\Z001023284294.dmf","Z001023284294.dmf",".dmf","17140","2025-01-06T16:20:06.0000000Z","CC13F20BA46EBC490387CC0016475D7BDD61772D4C8667F3AFC8CE7A018CAE2C","True",""
"2","C:\Users\omard\Desktop\Facturas2","Z001023284295.dmf","C:\Users\omard\Desktop\Facturas2\Z001023284295.dmf","Z001023284295.dmf",".dmf","29510","2025-01-06T16:21:32.0000000Z","92391636C296C3C60EE4C6D49D97D2B1833ED0759A794B5097A566FD45EDFA82","True",""
"2","C:\Users\omard\Desktop\Facturas2","Z001023284297.dmf","C:\Users\omard\Desktop\Facturas2\Z001023284297.dmf","Z001023284297.dmf",".dmf","82205","2025-01-06T16:28:24.0000000Z","3DBFEA97188D4A71E3BF7C51FAD855B625072623C5812F744CD90016AA9768FA","True",""
"2","C:\Users\omard\Desktop\Facturas2","Z001023284317.dmf","C:\Users\omard\Desktop\Facturas2\Z001023284317.dmf","Z001023284317.dmf",".dmf","64055","2025-01-06T16:32:22.0000000Z","20D27ABEDE3A4E342B017A303BAD565DAB88A2D3FD1B3C65BA3712D1D3BA5B54","True",""
"2","C:\Users\omard\Desktop\Facturas2","Z001023284318.dmf","C:\Users\omard\Desktop\Facturas2\Z001023284318.dmf","Z001023284318.dmf",".dmf","83081","2025-01-06T16:32:36.0000000Z","0536D36C8D1954E9E3047F14D76BA5983A241768E337725BC04901F4FDF699FD","True",""
"2","C:\Users\omard\Desktop\Facturas2","Z001023284319.dmf","C:\Users\omard\Desktop\Facturas2\Z001023284319.dmf","Z001023284319.dmf",".dmf","60522","2025-01-06T16:33:06.0000000Z","F491A9A2FE1A88739B74951AD8D571B6C5F702B483D7EE548E6100D77D3A848E","True",""
"2","C:\Users\omard\Desktop\Facturas2","Z001023284320.dmf","C:\Users\omard\Desktop\Facturas2\Z001023284320.dmf","Z001023284320.dmf",".dmf","60533","2025-01-06T16:33:48.0000000Z","4114EB104CFEB621D2088781AF1A75FA25E4251D94C7A081EFFF1708CB8E8236","True",""
"2","C:\Users\omard\Desktop\Facturas2","Z001023284321.dmf","C:\Users\omard\Desktop\Facturas2\Z001023284321.dmf","Z001023284321.dmf",".dmf","29174","2025-01-06T16:34:02.0000000Z","F15EAA7CDB29ECEF427A535AA9CE345DC4B0CC39DCA692EFB13245D0D9469456","True",""
"2","C:\Users\omard\Desktop\Facturas2","Z001023284323.dmf","C:\Users\omard\Desktop\Facturas2\Z001023284323.dmf","Z001023284323.dmf",".dmf","260385","2025-01-06T16:34:38.0000000Z","B3C57E94D8413B633AF474C7E42EF5999B9575FB6C7767A6EEEE5A4CAE0E9FD5","True",""
"2","C:\Users\omard\Desktop\Facturas2","Z001023284324.dmf","C:\Users\omard\Desktop\Facturas2\Z001023284324.dmf","Z001023284324.dmf",".dmf","116387","2025-01-06T16:36:00.0000000Z","B292FF5562F998325D9FC2FB605D5AECACB941A4652CCA610F9E58DB4E3B5FCF","True",""
"2","C:\Users\omard\Desktop\Facturas2","Z001023284325.dmf","C:\Users\omard\Desktop\Facturas2\Z001023284325.dmf","Z001023284325.dmf",".dmf","668687","2025-01-06T16:38:14.0000000Z","3A05155D84AA4CC4F3105F71E444366D627933079DE44B323F7535100F0900CC","True",""
"2","C:\Users\omard\Desktop\Facturas2","Z001023284539.dmf","C:\Users\omard\Desktop\Facturas2\Z001023284539.dmf","Z001023284539.dmf",".dmf","4512","2025-01-06T18:01:08.0000000Z","62488C2F38B408C6CFB09C2808D23A5DF34F1444478DAE714A6D7FA947241978","True",""
"2","C:\Users\omard\Desktop\Facturas2","Z001023284545.dmf","C:\Users\omard\Desktop\Facturas2\Z001023284545.dmf","Z001023284545.dmf",".dmf","4517","2025-01-06T18:07:10.0000000Z","FECA98F461CDA5AE5504BD5235792E90CBD198742775C82C35D949C5C81E68E2","True",""
"2","C:\Users\omard\Desktop\Facturas2","Z001023284774.dmf","C:\Users\omard\Desktop\Facturas2\Z001023284774.dmf","Z001023284774.dmf",".dmf","220322","2025-01-06T18:33:24.0000000Z","F332B87DB9A52262247BD8D1B15B7CC9543F5D4D93759CE0A5096C18DDCD2277","True",""
"2","C:\Users\omard\Desktop\Facturas2","Z001023284779.dmf","C:\Users\omard\Desktop\Facturas2\Z001023284779.dmf","Z001023284779.dmf",".dmf","1017567","2025-01-06T18:34:16.0000000Z","F38B4E44E5B7B9CBF9E3685593C10C78A33637E083471E6B2D68B01B39D77D82","True",""
"2","C:\Users\omard\Desktop\Facturas2","Z001023284791.dmf","C:\Users\omard\Desktop\Facturas2\Z001023284791.dmf","Z001023284791.dmf",".dmf","29449","2025-01-06T18:35:54.0000000Z","DB99FA565C8388CA2DB8C8621DD9E973757EB4D9702C8C021F4DDC390D85CC45","True",""
"2","C:\Users\omard\Desktop\Facturas2","Z001023284844.dmf","C:\Users\omard\Desktop\Facturas2\Z001023284844.dmf","Z001023284844.dmf",".dmf","4579","2025-01-06T18:48:52.0000000Z","D11F7B7B43AC188290784EBA552DCE07EE3352358283F0A8FC9468BE7A3E4510","True",""
"2","C:\Users\omard\Desktop\Facturas2","Z001023284845.dmf","C:\Users\omard\Desktop\Facturas2\Z001023284845.dmf","Z001023284845.dmf",".dmf","33406","2025-01-06T18:53:04.0000000Z","615C48C5F43CB07A7D38626A638F8C75221AFF6D9CF7EBBB444986607B6F7EFC","True",""
"2","C:\Users\omard\Desktop\Facturas2","Z001023284900.dmf","C:\Users\omard\Desktop\Facturas2\Z001023284900.dmf","Z001023284900.dmf",".dmf","349231","2025-01-06T19:28:02.0000000Z","42F0744CF1510315D33A1FC056DAEA5023B1B16E8D6564763876B62084A12AC4","True",""
"2","C:\Users\omard\Desktop\Facturas2","Z001023284902.dmf","C:\Users\omard\Desktop\Facturas2\Z001023284902.dmf","Z001023284902.dmf",".dmf","357921","2025-01-06T19:28:50.0000000Z","E33923824B6BE79BB184C303D75E85AC879B35D25F57EC32DC1520BF55E145D8","True",""
"2","C:\Users\omard\Desktop\Facturas2","Z001023284903.dmf","C:\Users\omard\Desktop\Facturas2\Z001023284903.dmf","Z001023284903.dmf",".dmf","221434","2025-01-06T19:29:36.0000000Z","647E7EFB09D2311633B61273B42130257DF1311D0B0F0E111A1797125D52A8D5","True",""
"2","C:\Users\omard\Desktop\Facturas2","Z001023284938.dmf","C:\Users\omard\Desktop\Facturas2\Z001023284938.dmf","Z001023284938.dmf",".dmf","153577","2025-01-06T19:46:30.0000000Z","B1402EE71E8B5284E2922736DF2951552E51358B285CCFC114FBC8FC45C3336F","True",""
"2","C:\Users\omard\Desktop\Facturas2","Z001023285091.dmf","C:\Users\omard\Desktop\Facturas2\Z001023285091.dmf","Z001023285091.dmf",".dmf","82036","2025-01-06T21:11:54.0000000Z","A7DEBA01C291C89D2F75D401F8BF5011A3251C8D6AB8F871679440919220898D","True",""
"2","C:\Users\omard\Desktop\Facturas2","Z001023285092.dmf","C:\Users\omard\Desktop\Facturas2\Z001023285092.dmf","Z001023285092.dmf",".dmf","221728","2025-01-06T21:17:36.0000000Z","256B07C9D82A02293DFE4D31F00A218DCC8C0ED7BF6FEBD10E185F884E51AC01","True",""
"2","C:\Users\omard\Desktop\Facturas2","Z001023285093.dmf","C:\Users\omard\Desktop\Facturas2\Z001023285093.dmf","Z001023285093.dmf",".dmf","221242","2025-01-06T21:18:56.0000000Z","1652F38C12CC771555C04178E5BB953571C1872E40DDC4846035334F53CC9E22","True",""
"2","C:\Users\omard\Desktop\Facturas2","Z001023285094.dmf","C:\Users\omard\Desktop\Facturas2\Z001023285094.dmf","Z001023285094.dmf",".dmf","221879","2025-01-06T21:20:00.0000000Z","18DD7CB7CC79B07992418962A3029ED12B1C9AE27F4E9A6DFCFBA0FD4F618AB7","True",""
"2","C:\Users\omard\Desktop\Facturas2","Z001023305611.dmf","C:\Users\omard\Desktop\Facturas2\Z001023305611.dmf","Z001023305611.dmf",".dmf","211047","2025-01-07T11:34:00.0000000Z","1E3745920D2E1E2C9B0B7AE91529FDD1B76AE112D8E8BE8561FDBE62208880E4","True",""
"2","C:\Users\omard\Desktop\Facturas2","Z001023305612.dmf","C:\Users\omard\Desktop\Facturas2\Z001023305612.dmf","Z001023305612.dmf",".dmf","281840","2025-01-07T11:35:46.0000000Z","BA2BBBD86B47CC38BEA9F3EBC80EC662F30CE5A9BF8495E157A9106823BD2EAE","True",""
"2","C:\Users\omard\Desktop\Facturas2","Z001023305613.dmf","C:\Users\omard\Desktop\Facturas2\Z001023305613.dmf","Z001023305613.dmf",".dmf","75657","2025-01-07T11:39:46.0000000Z","BD2E136421AE427A38260B221DDC3C44C8D0A2D27E13EEAB51D4CDE38B4F81B0","True",""
"2","C:\Users\omard\Desktop\Facturas2","Z001023305617.dmf","C:\Users\omard\Desktop\Facturas2\Z001023305617.dmf","Z001023305617.dmf",".dmf","5331","2025-01-07T11:57:42.0000000Z","40886D041A90D6A9CB1516E587D8F362251518A40B8FD18FAA2BD3F27D4D01C9","True",""
"2","C:\Users\omard\Desktop\Facturas2","Z001023305669.dmf","C:\Users\omard\Desktop\Facturas2\Z001023305669.dmf","Z001023305669.dmf",".dmf","4726","2025-01-07T12:03:32.0000000Z","6CF8F85221934559B8C4C9E4F1D628A7B94C2728183A1513BB900CD8E0A6EB8E","True",""
"2","C:\Users\omard\Desktop\Facturas2","Z001023305670.dmf","C:\Users\omard\Desktop\Facturas2\Z001023305670.dmf","Z001023305670.dmf",".dmf","118873","2025-01-07T12:08:46.0000000Z","167CAE004C0F2DD43EA5C70A278F43B701A5E3D776F2687EA7A3204F9B1243DF","True",""
"2","C:\Users\omard\Desktop\Facturas2","Z001023305671.dmf","C:\Users\omard\Desktop\Facturas2\Z001023305671.dmf","Z001023305671.dmf",".dmf","118295","2025-01-07T12:09:50.0000000Z","4CB99BCA93641284D413907912D6A64197570275C8005AB2257BB5F56AD79628","True",""
"2","C:\Users\omard\Desktop\Facturas2","Z001023305672.dmf","C:\Users\omard\Desktop\Facturas2\Z001023305672.dmf","Z001023305672.dmf",".dmf","81448","2025-01-07T12:21:12.0000000Z","F456AA2B3022B99DEE3DF6A16E4071B33FB3C0717520D440D9E8E39A1032D3DE","True",""
"2","C:\Users\omard\Desktop\Facturas2","Z001023305675.dmf","C:\Users\omard\Desktop\Facturas2\Z001023305675.dmf","Z001023305675.dmf",".dmf","22374","2025-01-07T12:25:08.0000000Z","5A7C5672B96916785E0AC4C8451A4C8AA6910F49C908D016138A5F3049198462","True",""
"2","C:\Users\omard\Desktop\Facturas2","Z001023305676.dmf","C:\Users\omard\Desktop\Facturas2\Z001023305676.dmf","Z001023305676.dmf",".dmf","82538","2025-01-07T12:26:46.0000000Z","2E335B5F2C33B369058EDEC5966CDE0D792C8C8F98BA6E05B33C8AE56BAFCB48","True",""
"2","C:\Users\omard\Desktop\Facturas2","Z001023305677.dmf","C:\Users\omard\Desktop\Facturas2\Z001023305677.dmf","Z001023305677.dmf",".dmf","81899","2025-01-07T12:27:16.0000000Z","84DDAA8F6EE79EB62AF1C176D830A90642D180395D2DD8E43F2AF96A1F9AE5A7","True",""
"2","C:\Users\omard\Desktop\Facturas2","Z001023305687.dmf","C:\Users\omard\Desktop\Facturas2\Z001023305687.dmf","Z001023305687.dmf",".dmf","134459","2025-01-07T12:33:42.0000000Z","EE96096245E0789095662974D41CCAAE8BBD3C0AD2629B8283C58E60097252B9","True",""
"2","C:\Users\omard\Desktop\Facturas2","Z001023305688.dmf","C:\Users\omard\Desktop\Facturas2\Z001023305688.dmf","Z001023305688.dmf",".dmf","29702","2025-01-07T12:34:36.0000000Z","3106582203B5C3385A7304BB52F74251AAFA471BC432122A1868047F32B69A99","True",""
"2","C:\Users\omard\Desktop\Facturas2","Z001023305689.dmf","C:\Users\omard\Desktop\Facturas2\Z001023305689.dmf","Z001023305689.dmf",".dmf","75980","2025-01-07T12:36:06.0000000Z","162392EFC6993D0539B19479C363454213FBBB735A73CEF2FDA9701A138002F5","True",""
"2","C:\Users\omard\Desktop\Facturas2","Z001023305690.dmf","C:\Users\omard\Desktop\Facturas2\Z001023305690.dmf","Z001023305690.dmf",".dmf","29671","2025-01-07T12:37:56.0000000Z","59AE0D8FCA80C4A2350099824FADBD09C2AF49C002D1033100A204D05453FB2C","True",""
"2","C:\Users\omard\Desktop\Facturas2","Z001023305691.dmf","C:\Users\omard\Desktop\Facturas2\Z001023305691.dmf","Z001023305691.dmf",".dmf","82859","2025-01-07T12:38:40.0000000Z","EF5B85582B2FBAA293B8124BF36A7C54CB2965EA5A1BF0509785C92BDA9D867B","True",""
"2","C:\Users\omard\Desktop\Facturas2","Z001023305692.dmf","C:\Users\omard\Desktop\Facturas2\Z001023305692.dmf","Z001023305692.dmf",".dmf","49682","2025-01-07T12:49:36.0000000Z","0D333E24EB012E63904F1161A982D2BFEBE83653B5A6E735B5C723C0EB52C0D2","True",""
"2","C:\Users\omard\Desktop\Facturas2","Z001023305693.dmf","C:\Users\omard\Desktop\Facturas2\Z001023305693.dmf","Z001023305693.dmf",".dmf","49853","2025-01-07T12:50:34.0000000Z","70C14720AEA0D6767ACB59CAE1EF20BED4605CCA749C575FD6C02FA61296794A","True",""
"2","C:\Users\omard\Desktop\Facturas2","Z001023305694.dmf","C:\Users\omard\Desktop\Facturas2\Z001023305694.dmf","Z001023305694.dmf",".dmf","27265","2025-01-07T12:51:18.0000000Z","23A21A57288FEA67725341E5336A5097590C30BA70D30B7E896C7B1DB88F20E0","True",""
"2","C:\Users\omard\Desktop\Facturas2","Z001023305695.dmf","C:\Users\omard\Desktop\Facturas2\Z001023305695.dmf","Z001023305695.dmf",".dmf","29686","2025-01-07T12:52:18.0000000Z","43BE85C15C1A58E0D27471973E8CFEC94082E179F82C1D5A4C5C135C6A18EDB5","True",""
"2","C:\Users\omard\Desktop\Facturas2","Z001023305696.dmf","C:\Users\omard\Desktop\Facturas2\Z001023305696.dmf","Z001023305696.dmf",".dmf","135038","2025-01-07T12:55:36.0000000Z","67AC6DAD15C7D1E8A91BD946BC6671F86D6F49217072569A1580C1A2BDB2264E","True",""
"2","C:\Users\omard\Desktop\Facturas2","Z001023305697.dmf","C:\Users\omard\Desktop\Facturas2\Z001023305697.dmf","Z001023305697.dmf",".dmf","135973","2025-01-07T12:56:12.0000000Z","90BCD464F77A9D4E420EF4FA992A0F84F9EE47BF7311ABF097F16E9F0FF081AC","True",""
"2","C:\Users\omard\Desktop\Facturas2","Z001023305698.dmf","C:\Users\omard\Desktop\Facturas2\Z001023305698.dmf","Z001023305698.dmf",".dmf","82435","2025-01-07T12:57:20.0000000Z","B5A42D8681C3D609BB56C9358599B137EAE44047E57D8C9280D4772B3A2AB2C4","True",""
"2","C:\Users\omard\Desktop\Facturas2","Z001023305699.dmf","C:\Users\omard\Desktop\Facturas2\Z001023305699.dmf","Z001023305699.dmf",".dmf","220987","2025-01-07T12:58:50.0000000Z","78CA2F3A60D073A623B6F9E76B509F233BBF500ED754024CFD5C7D0014ED8067","True",""
"2","C:\Users\omard\Desktop\Facturas2","Z001023305700.dmf","C:\Users\omard\Desktop\Facturas2\Z001023305700.dmf","Z001023305700.dmf",".dmf","220049","2025-01-07T12:59:22.0000000Z","1A249E1B7AE7A3304C2946D30CB13CCAB9DA9A458996E8A12E3348A47EB01D00","True",""
"2","C:\Users\omard\Desktop\Facturas2","Z001023305705.dmf","C:\Users\omard\Desktop\Facturas2\Z001023305705.dmf","Z001023305705.dmf",".dmf","29409","2025-01-07T13:16:38.0000000Z","A36F33A5FB7F9A7F3BB14E68764F6B06A54A9AB782FC262EFB03E56085694BDC","True",""
"2","C:\Users\omard\Desktop\Facturas2","Z001023305706.dmf","C:\Users\omard\Desktop\Facturas2\Z001023305706.dmf","Z001023305706.dmf",".dmf","8755","2025-01-07T13:17:32.0000000Z","4DD5AAF2CF0693860CECB902DCB512028A4C62E903FBE2110848F4CA723C2812","True",""
"2","C:\Users\omard\Desktop\Facturas2","Z001023305707.dmf","C:\Users\omard\Desktop\Facturas2\Z001023305707.dmf","Z001023305707.dmf",".dmf","93390","2025-01-07T13:18:04.0000000Z","BDF91D0B24203445067FF99CFB2A65AFD6F53F0A78D005A2BBA180DDE8C5928A","True",""
"2","C:\Users\omard\Desktop\Facturas2","Z001023305708.dmf","C:\Users\omard\Desktop\Facturas2\Z001023305708.dmf","Z001023305708.dmf",".dmf","8699","2025-01-07T13:19:42.0000000Z","BE0524CFE8CD50958B53140714E4E8D01A5780F8D2DC84B7466208B323E005FE","True",""
"2","C:\Users\omard\Desktop\Facturas2","Z001023305709.dmf","C:\Users\omard\Desktop\Facturas2\Z001023305709.dmf","Z001023305709.dmf",".dmf","4495","2025-01-07T13:20:34.0000000Z","ADA780894327E5A06A49EEDBD24310D3490712A0B0ED9F8E11723D1DF545EB4D","True",""
"2","C:\Users\omard\Desktop\Facturas2","Z001023305710.dmf","C:\Users\omard\Desktop\Facturas2\Z001023305710.dmf","Z001023305710.dmf",".dmf","4682","2025-01-07T13:22:02.0000000Z","AA4C0BB77BA69EA948800B21A6849B7221EFCD087A1E615529A4CDD2C9C245D2","True",""
"2","C:\Users\omard\Desktop\Facturas2","Z001023305711.dmf","C:\Users\omard\Desktop\Facturas2\Z001023305711.dmf","Z001023305711.dmf",".dmf","4666","2025-01-07T13:22:46.0000000Z","815B7904C0BE273AE16FECB993B15E94C4004405763508BE180802B9AD5CFB32","True",""
"2","C:\Users\omard\Desktop\Facturas2","Z001023305712.dmf","C:\Users\omard\Desktop\Facturas2\Z001023305712.dmf","Z001023305712.dmf",".dmf","8744","2025-01-07T13:23:02.0000000Z","66894158DA70B72D7AEB43F2F2922FA8BA5D6C5321B77FE37BB212F1AA0974DC","True",""
"2","C:\Users\omard\Desktop\Facturas2","Z001023305766.dmf","C:\Users\omard\Desktop\Facturas2\Z001023305766.dmf","Z001023305766.dmf",".dmf","29626","2025-01-07T13:26:34.0000000Z","1F8C8E664841E7D362BDEC626BE6CEC194F0D31179FB29328F0530C469648281","True",""
"2","C:\Users\omard\Desktop\Facturas2","Z001023305767.dmf","C:\Users\omard\Desktop\Facturas2\Z001023305767.dmf","Z001023305767.dmf",".dmf","8726","2025-01-07T13:27:36.0000000Z","83BBB18AF7486E211C0BDBE93327C5C1CAB16F64CEDFF39E6306666D6949472C","True",""
"2","C:\Users\omard\Desktop\Facturas2","Z001023305768.dmf","C:\Users\omard\Desktop\Facturas2\Z001023305768.dmf","Z001023305768.dmf",".dmf","29112","2025-01-07T13:29:08.0000000Z","81F41B317A2D095A578D8DA6EFEEE4E1AC5642D784AC17D22950C77C0AFC1A46","True",""
"2","C:\Users\omard\Desktop\Facturas2","Z001023305774.dmf","C:\Users\omard\Desktop\Facturas2\Z001023305774.dmf","Z001023305774.dmf",".dmf","28963","2025-01-07T13:30:20.0000000Z","0ACD49EA0F5A625C4C36928F96441C509669416D5C37192BA6DFBB0801C8358F","True",""
"2","C:\Users\omard\Desktop\Facturas2","Z001023305791.dmf","C:\Users\omard\Desktop\Facturas2\Z001023305791.dmf","Z001023305791.dmf",".dmf","29157","2025-01-07T13:31:52.0000000Z","E4A9431445EA0C65C2B4C02F6DA153DCD62B5D17E4E09C7ACDBC37F0E7F3C517","True",""
"2","C:\Users\omard\Desktop\Facturas2","Z001023305792.dmf","C:\Users\omard\Desktop\Facturas2\Z001023305792.dmf","Z001023305792.dmf",".dmf","235489","2025-01-07T13:32:26.0000000Z","58389905A1C4709501879F06E134DA27E209CE5C044DEDAF532FF65A9C9897E4","True",""
"2","C:\Users\omard\Desktop\Facturas2","Z001023305793.dmf","C:\Users\omard\Desktop\Facturas2\Z001023305793.dmf","Z001023305793.dmf",".dmf","26173","2025-01-07T13:35:04.0000000Z","BAA03E3CFD398ACC6C565952C11900E1557571C7E7046D91FE580E06FFABE281","True",""
"2","C:\Users\omard\Desktop\Facturas2","Z001023305795.dmf","C:\Users\omard\Desktop\Facturas2\Z001023305795.dmf","Z001023305795.dmf",".dmf","29402","2025-01-07T13:38:14.0000000Z","128A456DBEBC06C8FC8CDDAA93D8A4B25648448E542FDEE73D50D897307F6EFB","True",""
"2","C:\Users\omard\Desktop\Facturas2","Z001023305796.dmf","C:\Users\omard\Desktop\Facturas2\Z001023305796.dmf","Z001023305796.dmf",".dmf","85367","2025-01-07T13:38:58.0000000Z","8DA5D7168ADC8B7981B7C78EEC854C30CD2212942DFE7B719B88086F86516285","True",""
"2","C:\Users\omard\Desktop\Facturas2","Z001023305797.dmf","C:\Users\omard\Desktop\Facturas2\Z001023305797.dmf","Z001023305797.dmf",".dmf","29556","2025-01-07T13:39:24.0000000Z","6D17BF67461E25C5EAACBF193CAAAAA6383CAFDE5BDCE2A5F6D73FD223B8A494","True",""
"2","C:\Users\omard\Desktop\Facturas2","Z001023305798.dmf","C:\Users\omard\Desktop\Facturas2\Z001023305798.dmf","Z001023305798.dmf",".dmf","26462","2025-01-07T13:40:38.0000000Z","67DAFE4D86671B977B2AD5086EDC3E30446E9D5E60D8DDD0E29D7B4CAA283729","True",""
"2","C:\Users\omard\Desktop\Facturas2","Z001023305799.dmf","C:\Users\omard\Desktop\Facturas2\Z001023305799.dmf","Z001023305799.dmf",".dmf","94803","2025-01-07T13:42:02.0000000Z","E808E4A03A9FC85C6302A171A378B8A96DAE2C91D2AB8DA378C9360E66552BC8","True",""
"2","C:\Users\omard\Desktop\Facturas2","Z001023305800.dmf","C:\Users\omard\Desktop\Facturas2\Z001023305800.dmf","Z001023305800.dmf",".dmf","29366","2025-01-07T13:42:08.0000000Z","EDE4E52ACBEF4D8729CE3343030A4E5CCF20BFC673F13C8EB96BA1F40ECC64C4","True",""
"2","C:\Users\omard\Desktop\Facturas2","Z001023305801.dmf","C:\Users\omard\Desktop\Facturas2\Z001023305801.dmf","Z001023305801.dmf",".dmf","28780","2025-01-07T13:42:56.0000000Z","C0632C7129A9EF2990CE8BA4C4F4EF67F9DFA7014680DA0BF58D6E303157D112","True",""
"2","C:\Users\omard\Desktop\Facturas2","Z001023305802.dmf","C:\Users\omard\Desktop\Facturas2\Z001023305802.dmf","Z001023305802.dmf",".dmf","28753","2025-01-07T13:43:34.0000000Z","5B9A3259F879F7E551A0ADB33AAEDF4EA7F967D849051F65E16EEDDF29156A63","True",""
"2","C:\Users\omard\Desktop\Facturas2","Z001023305803.dmf","C:\Users\omard\Desktop\Facturas2\Z001023305803.dmf","Z001023305803.dmf",".dmf","29686","2025-01-07T13:44:32.0000000Z","68BD40E8E166BEB6ED8A3FBF3197E9C2A3FB7552E888E5CF1F5A9935EED11BAD","True",""
"2","C:\Users\omard\Desktop\Facturas2","Z001023305804.dmf","C:\Users\omard\Desktop\Facturas2\Z001023305804.dmf","Z001023305804.dmf",".dmf","107631","2025-01-07T13:44:54.0000000Z","F00E5C0E7A06BD569F2A990E5CAD2DCBD4E2923EDAA3FFCCCB1C4C0D2AE9C191","True",""
"2","C:\Users\omard\Desktop\Facturas2","Z001023305805.dmf","C:\Users\omard\Desktop\Facturas2\Z001023305805.dmf","Z001023305805.dmf",".dmf","94809","2025-01-07T13:46:32.0000000Z","89CA03B50B22EC78A6C4D9C646C99A764559276C4196BAF6D1A7A42B72C92127","True",""
"2","C:\Users\omard\Desktop\Facturas2","Z001023305806.dmf","C:\Users\omard\Desktop\Facturas2\Z001023305806.dmf","Z001023305806.dmf",".dmf","29159","2025-01-07T13:46:42.0000000Z","C9B0ADBD933753A3CE65A105C907E3DDF13E45AC7A09A5052781079077BAEDE8","True",""
"2","C:\Users\omard\Desktop\Facturas2","Z001023305807.dmf","C:\Users\omard\Desktop\Facturas2\Z001023305807.dmf","Z001023305807.dmf",".dmf","95305","2025-01-07T13:48:48.0000000Z","7D92259AB748EC6D411C3DE96F7F01460C50FEC8552E159FDAA4EFA0E5B689F3","True",""
"2","C:\Users\omard\Desktop\Facturas2","Z001023305808.dmf","C:\Users\omard\Desktop\Facturas2\Z001023305808.dmf","Z001023305808.dmf",".dmf","26190","2025-01-07T13:49:40.0000000Z","AD6ADB48A9D19788754358BD43B1B123C7C7A30D52FEC11DC7B9E15EB484E230","True",""
"2","C:\Users\omard\Desktop\Facturas2","Z001023305809.dmf","C:\Users\omard\Desktop\Facturas2\Z001023305809.dmf","Z001023305809.dmf",".dmf","35301","2025-01-07T13:50:26.0000000Z","8D38049B91752ACD332AFAF574D4DDE18C5C599AB304A5E01FD2BDDDE1936DCE","True",""
"2","C:\Users\omard\Desktop\Facturas2","Z001023305814.dmf","C:\Users\omard\Desktop\Facturas2\Z001023305814.dmf","Z001023305814.dmf",".dmf","94853","2025-01-07T13:52:16.0000000Z","59B573BB3F0B20ED339BF1123620729050C1BB29E8C32FC69AC6E4B55E3D0B6F","True",""
"2","C:\Users\omard\Desktop\Facturas2","Z001023305815.dmf","C:\Users\omard\Desktop\Facturas2\Z001023305815.dmf","Z001023305815.dmf",".dmf","85207","2025-01-07T13:54:34.0000000Z","F062783C9AA72EB0B560DB6680C764805817E38FA6C8B6DC6B3EBB1E39D72831","True",""
"2","C:\Users\omard\Desktop\Facturas2","Z001023305816.dmf","C:\Users\omard\Desktop\Facturas2\Z001023305816.dmf","Z001023305816.dmf",".dmf","18076","2025-01-07T13:57:30.0000000Z","F58245DF8D94A5E3FB07FFC6D7FFCE6EACABE464154160B98D1906DC18FB7950","True",""
"2","C:\Users\omard\Desktop\Facturas2","Z001023305817.dmf","C:\Users\omard\Desktop\Facturas2\Z001023305817.dmf","Z001023305817.dmf",".dmf","85592","2025-01-07T13:58:46.0000000Z","C372055D973B37CA1E180D3904F334BC1961CDBC0B40E013EBDCB9657B807A82","True",""
"2","C:\Users\omard\Desktop\Facturas2","Z001023305821.dmf","C:\Users\omard\Desktop\Facturas2\Z001023305821.dmf","Z001023305821.dmf",".dmf","5385","2025-01-07T14:00:14.0000000Z","2A3AA80D0AA0364CEFEE75D0E7D4E98E70D0EC0AB4E66055A4B463DFD735C59C","True",""
"2","C:\Users\omard\Desktop\Facturas2","Z001023305831.dmf","C:\Users\omard\Desktop\Facturas2\Z001023305831.dmf","Z001023305831.dmf",".dmf","120625","2025-01-07T14:02:02.0000000Z","A390C127F67ABD32931D6CAFC491E7BE64D28F5EC73E8E0AC540F310E3227841","True",""
"2","C:\Users\omard\Desktop\Facturas2","Z001023305835.dmf","C:\Users\omard\Desktop\Facturas2\Z001023305835.dmf","Z001023305835.dmf",".dmf","107767","2025-01-07T14:04:34.0000000Z","93181B3E4B9E96B87F5BF3740481BA2F80BAA47B6321D5A7368C7EDE9B56D833","True",""
"2","C:\Users\omard\Desktop\Facturas2","Z001023305839.dmf","C:\Users\omard\Desktop\Facturas2\Z001023305839.dmf","Z001023305839.dmf",".dmf","90381","2025-01-07T14:07:20.0000000Z","CE639F10639E97945BEA41B58DF8B47003629284F444830E8037AF67D45EE95E","True",""
"2","C:\Users\omard\Desktop\Facturas2","Z001023305842.dmf","C:\Users\omard\Desktop\Facturas2\Z001023305842.dmf","Z001023305842.dmf",".dmf","18233","2025-01-07T14:08:40.0000000Z","679D5EB06824CEDACECAB49365B87155135DA62ECF935377A2431EC72B3F0C5A","True",""
"2","C:\Users\omard\Desktop\Facturas2","Z001023305843.dmf","C:\Users\omard\Desktop\Facturas2\Z001023305843.dmf","Z001023305843.dmf",".dmf","115155","2025-01-07T14:09:20.0000000Z","97B77DCEBF50E3F6BFC955385F4D884B2BBAAA4E34D3B4D1D2AF4463F6DBEA9F","True",""
"2","C:\Users\omard\Desktop\Facturas2","Z001023305844.dmf","C:\Users\omard\Desktop\Facturas2\Z001023305844.dmf","Z001023305844.dmf",".dmf","103548","2025-01-07T14:12:02.0000000Z","81A69B774FA48AE4C95167DFE7A019102A0766CA44CC7D9985258D2858ED6E26","True",""
"2","C:\Users\omard\Desktop\Facturas2","Z001023305855.dmf","C:\Users\omard\Desktop\Facturas2\Z001023305855.dmf","Z001023305855.dmf",".dmf","81547","2025-01-07T14:25:08.0000000Z","451FF77F0B861E9F1EC2D1798A909FE7B117B46C663371AE597CD173800543B0","True",""
"2","C:\Users\omard\Desktop\Facturas2","Z001023305858.dmf","C:\Users\omard\Desktop\Facturas2\Z001023305858.dmf","Z001023305858.dmf",".dmf","81590","2025-01-07T14:30:10.0000000Z","115B8D4ACF2DB4E83AD2A41D6B15502A913201C44F061458515D387B3FB1F45E","True",""
"2","C:\Users\omard\Desktop\Facturas2","Z001023305869.dmf","C:\Users\omard\Desktop\Facturas2\Z001023305869.dmf","Z001023305869.dmf",".dmf","54532","2025-01-07T14:35:02.0000000Z","189FBCCD523D811E2BC7411908F70170A8BBBCA66746D7BD608AE3B09E847648","True",""
"2","C:\Users\omard\Desktop\Facturas2","Z001023305870.dmf","C:\Users\omard\Desktop\Facturas2\Z001023305870.dmf","Z001023305870.dmf",".dmf","221982","2025-01-07T14:35:06.0000000Z","8CC16F7D17CA87C218FA0AE8E4582C75EA3D1D8D8793CA4B1F8AB5DE63E7DB51","True",""
"2","C:\Users\omard\Desktop\Facturas2","Z001023305871.dmf","C:\Users\omard\Desktop\Facturas2\Z001023305871.dmf","Z001023305871.dmf",".dmf","4545","2025-01-07T14:37:48.0000000Z","100E2ECF8787DC365F678A8CDC9BE94FB7FBADECEB5BB57F5F7F18F5F03F8E38","True",""
"2","C:\Users\omard\Desktop\Facturas2","Z001023305872.dmf","C:\Users\omard\Desktop\Facturas2\Z001023305872.dmf","Z001023305872.dmf",".dmf","82309","2025-01-07T14:40:50.0000000Z","B8AFBA8DAA7F60C71A7600AA00901041EE2D3BF556B152C6DD1C38BF24D662AC","True",""
"2","C:\Users\omard\Desktop\Facturas2","Z001023305873.dmf","C:\Users\omard\Desktop\Facturas2\Z001023305873.dmf","Z001023305873.dmf",".dmf","4556","2025-01-07T14:42:58.0000000Z","DE544606BC4233549DC1846F97FB27B7E61E35A60CFC5B001BF0FA8A5D25F9EB","True",""
"2","C:\Users\omard\Desktop\Facturas2","Z001023305874.dmf","C:\Users\omard\Desktop\Facturas2\Z001023305874.dmf","Z001023305874.dmf",".dmf","4571","2025-01-07T14:45:10.0000000Z","E254B7EA4577E5CFEB81389143C7CBDEF7571E28D5125B6FD8F5268F8276D554","True",""
"2","C:\Users\omard\Desktop\Facturas2","Z001023305875.dmf","C:\Users\omard\Desktop\Facturas2\Z001023305875.dmf","Z001023305875.dmf",".dmf","4546","2025-01-07T14:47:32.0000000Z","C65CFBC345B987FDB51156057D951F2E9A3366982A9BC3AE636F9A3FA59EB394","True",""
"2","C:\Users\omard\Desktop\Facturas2","Z001023306028.dmf","C:\Users\omard\Desktop\Facturas2\Z001023306028.dmf","Z001023306028.dmf",".dmf","23308","2025-01-07T14:49:58.0000000Z","FCA4E9802480ACEE822885CA3A3C99165A7C1CF2C1B5B3522F3AE109CBCCA5A6","True",""
"2","C:\Users\omard\Desktop\Facturas2","Z001023306029.dmf","C:\Users\omard\Desktop\Facturas2\Z001023306029.dmf","Z001023306029.dmf",".dmf","82358","2025-01-07T14:56:40.0000000Z","9DC473C234906634EDBC9AD7B81AD0788AC7E2CAE7074795EE35DDE2B55E1161","True",""
"2","C:\Users\omard\Desktop\Facturas2","Z001023306030.dmf","C:\Users\omard\Desktop\Facturas2\Z001023306030.dmf","Z001023306030.dmf",".dmf","82632","2025-01-07T14:57:02.0000000Z","804CE3BEC420A8B1C93CBB3DEE1D7C943F272A8CE9F66081D6544AE101E8B8DD","True",""
"2","C:\Users\omard\Desktop\Facturas2","Z001023306037.dmf","C:\Users\omard\Desktop\Facturas2\Z001023306037.dmf","Z001023306037.dmf",".dmf","75615","2025-01-07T15:00:30.0000000Z","2C953B4DA4A5BF23611D13B9CA656C2AE690D7F20F54688915A8BC1886ADA2B3","True",""
"2","C:\Users\omard\Desktop\Facturas2","Z001023306038.dmf","C:\Users\omard\Desktop\Facturas2\Z001023306038.dmf","Z001023306038.dmf",".dmf","64057","2025-01-07T15:00:50.0000000Z","66B9103D4FE181A17564AFC383C348E1F72CEEB12A8F8BC1385C40EC427075DE","True",""
"2","C:\Users\omard\Desktop\Facturas2","Z001023306043.dmf","C:\Users\omard\Desktop\Facturas2\Z001023306043.dmf","Z001023306043.dmf",".dmf","36996","2025-01-07T15:02:02.0000000Z","B637BAFD69FC1FBDB334A252B5E9BFB92D106042EC92F064E0E0E75EF6FDCF24","True",""
"2","C:\Users\omard\Desktop\Facturas2","Z001023306104.dmf","C:\Users\omard\Desktop\Facturas2\Z001023306104.dmf","Z001023306104.dmf",".dmf","28562","2025-01-07T15:03:58.0000000Z","79DC802FE64134663B87E6C83CBF599E8CB254B18DA82CD282337E0F0EACDF44","True",""
"2","C:\Users\omard\Desktop\Facturas2","Z001023306105.dmf","C:\Users\omard\Desktop\Facturas2\Z001023306105.dmf","Z001023306105.dmf",".dmf","82275","2025-01-07T15:07:36.0000000Z","2678FDA1EA9C005665ECB8A10A2FA2A2307D23F7A429BBA5B10CC70962AC2C91","True",""
"2","C:\Users\omard\Desktop\Facturas2","Z001023306106.dmf","C:\Users\omard\Desktop\Facturas2\Z001023306106.dmf","Z001023306106.dmf",".dmf","82759","2025-01-07T15:09:04.0000000Z","7D6BF03F3D6B7BDEFDE5A1DBC750A3361F68E773EB445FEF019127357E9BB6E9","True",""
"2","C:\Users\omard\Desktop\Facturas2","Z001023306130.dmf","C:\Users\omard\Desktop\Facturas2\Z001023306130.dmf","Z001023306130.dmf",".dmf","211112","2025-01-07T15:21:18.0000000Z","6E191BE9B537690A72F7565442D4B2A0576189982D0C2E3CB933B8901FE8A48A","True",""
"2","C:\Users\omard\Desktop\Facturas2","Z001023306131.dmf","C:\Users\omard\Desktop\Facturas2\Z001023306131.dmf","Z001023306131.dmf",".dmf","4583","2025-01-07T15:22:36.0000000Z","5AB329F83F26CC98C1B6B8973224DCCE9B40495724EF2A89DBCCF885611ECBFB","True",""
"2","C:\Users\omard\Desktop\Facturas2","Z001023306132.dmf","C:\Users\omard\Desktop\Facturas2\Z001023306132.dmf","Z001023306132.dmf",".dmf","210384","2025-01-07T15:23:28.0000000Z","9B11D7EDB4C0B52506F4CD9BFD2883025952E5D9550A07DC4D62B1EFB52419D2","True",""
"2","C:\Users\omard\Desktop\Facturas2","Z001023306134.dmf","C:\Users\omard\Desktop\Facturas2\Z001023306134.dmf","Z001023306134.dmf",".dmf","4594","2025-01-07T15:25:36.0000000Z","C764360C43D84A23DF3B056A4265BAC773692F76DD24F8BFF972DC87C1E12427","True",""
"2","C:\Users\omard\Desktop\Facturas2","Z001023306136.dmf","C:\Users\omard\Desktop\Facturas2\Z001023306136.dmf","Z001023306136.dmf",".dmf","4637","2025-01-07T15:29:24.0000000Z","5194F436AF48ECA388A4D3636528EDCC0F7BCB02EC0C2F1C58B9B1A0CA11B0D3","True",""
"2","C:\Users\omard\Desktop\Facturas2","Z001023306142.dmf","C:\Users\omard\Desktop\Facturas2\Z001023306142.dmf","Z001023306142.dmf",".dmf","212060","2025-01-07T15:36:26.0000000Z","AE21C02699BC05C014245371021D9BE4A1A5A3D81AB8CB2592A389ED7CE55F69","True",""
"2","C:\Users\omard\Desktop\Facturas2","Z001023306143.dmf","C:\Users\omard\Desktop\Facturas2\Z001023306143.dmf","Z001023306143.dmf",".dmf","82606","2025-01-07T15:36:30.0000000Z","6E07C4C9D92E88129A0E932D79F8D4E5BDD6B4415D7553B34C733777454A13FE","True",""
"2","C:\Users\omard\Desktop\Facturas2","Z001023306147.dmf","C:\Users\omard\Desktop\Facturas2\Z001023306147.dmf","Z001023306147.dmf",".dmf","82532","2025-01-07T15:39:28.0000000Z","4F77DD657CDF6C4264EB7D6CA2C481BD51D9CD1DF5A0E261C7AC806799BB5220","True",""
"2","C:\Users\omard\Desktop\Facturas2","Z001023306181.dmf","C:\Users\omard\Desktop\Facturas2\Z001023306181.dmf","Z001023306181.dmf",".dmf","125924","2025-01-07T15:49:00.0000000Z","7982CF2AB5E9D45C87D0444ADEFE933B7A8100B9B567DCC39F2666CBC071B235","True",""
"2","C:\Users\omard\Desktop\Facturas2","Z001023306183.dmf","C:\Users\omard\Desktop\Facturas2\Z001023306183.dmf","Z001023306183.dmf",".dmf","125881","2025-01-07T15:51:36.0000000Z","9891E0274F2F1A105C304FF28CD9EF6E2719AAB0FCBC23A8853FA505FBB3AE09","True",""
"2","C:\Users\omard\Desktop\Facturas2","Z001023306184.dmf","C:\Users\omard\Desktop\Facturas2\Z001023306184.dmf","Z001023306184.dmf",".dmf","125940","2025-01-07T15:53:48.0000000Z","E3BD0D718879B2C0FE30A9EC1FE765D2829DED82EC3B9E23EA90BE3767F2F631","True",""
"2","C:\Users\omard\Desktop\Facturas2","Z001023306187.dmf","C:\Users\omard\Desktop\Facturas2\Z001023306187.dmf","Z001023306187.dmf",".dmf","126067","2025-01-07T15:56:06.0000000Z","C7599E5228BDA458D303C0D04E9DC635AE0C2ACAB0D74A724EEF9FC20C03A02E","True",""
"2","C:\Users\omard\Desktop\Facturas2","Z001023306220.dmf","C:\Users\omard\Desktop\Facturas2\Z001023306220.dmf","Z001023306220.dmf",".dmf","222749","2025-01-07T16:01:34.0000000Z","D5650ED302AACB04EEC329A0064F104054B57275FDD934E21393800AEBE7FEC4","True",""
"2","C:\Users\omard\Desktop\Facturas2","Z001023306223.dmf","C:\Users\omard\Desktop\Facturas2\Z001023306223.dmf","Z001023306223.dmf",".dmf","134251","2025-01-07T16:03:06.0000000Z","7B26BAB61F4354571F4022BC230937B95DCDB143D155008D6A7F06DBF6F1883A","True",""
"2","C:\Users\omard\Desktop\Facturas2","Z001023306224.dmf","C:\Users\omard\Desktop\Facturas2\Z001023306224.dmf","Z001023306224.dmf",".dmf","29324","2025-01-07T16:03:44.0000000Z","0F20FA777130749ECF1255641F529F83196DBE917FC0D0D92F81CECA786B3BC8","True",""
"2","C:\Users\omard\Desktop\Facturas2","Z001023306225.dmf","C:\Users\omard\Desktop\Facturas2\Z001023306225.dmf","Z001023306225.dmf",".dmf","126158","2025-01-07T16:04:58.0000000Z","08AF80237A102F2681B412CCC81DB4624935E8089C1DDBC076F9BC52370AEADC","True",""
"2","C:\Users\omard\Desktop\Facturas2","Z001023306226.dmf","C:\Users\omard\Desktop\Facturas2\Z001023306226.dmf","Z001023306226.dmf",".dmf","81922","2025-01-07T16:07:14.0000000Z","C8C621E2090108EBC19E3B99EB9CE7A25605FC6E0612099C2D950E4653F8D4C1","True",""
"2","C:\Users\omard\Desktop\Facturas2","Z001023306229.dmf","C:\Users\omard\Desktop\Facturas2\Z001023306229.dmf","Z001023306229.dmf",".dmf","125771","2025-01-07T16:08:48.0000000Z","824EF418C961834E22DAAF6BA1F8DCA95F23AA5EE76467D37CD3079B3563586B","True",""
"2","C:\Users\omard\Desktop\Facturas2","Z001023306230.dmf","C:\Users\omard\Desktop\Facturas2\Z001023306230.dmf","Z001023306230.dmf",".dmf","82687","2025-01-07T16:09:56.0000000Z","5E5B781E310B7D37B3DE31D242AD351EE5321805D2B59E5F97DCB03A5657FDCB","True",""
"2","C:\Users\omard\Desktop\Facturas2","Z001023306231.dmf","C:\Users\omard\Desktop\Facturas2\Z001023306231.dmf","Z001023306231.dmf",".dmf","210716","2025-01-07T16:11:30.0000000Z","9C03BF3A321BF19469380364B80DAF191AFE3BFFD68E537BBE764558FCDF1F72","True",""
"2","C:\Users\omard\Desktop\Facturas2","Z001023306234.dmf","C:\Users\omard\Desktop\Facturas2\Z001023306234.dmf","Z001023306234.dmf",".dmf","72122","2025-01-07T16:12:30.0000000Z","8F426135823726223A708D4AAF0CF717D64A5D1F38AF2EC8AD9886D231B0EC9B","True",""
"2","C:\Users\omard\Desktop\Facturas2","Z001023306235.dmf","C:\Users\omard\Desktop\Facturas2\Z001023306235.dmf","Z001023306235.dmf",".dmf","126356","2025-01-07T16:13:26.0000000Z","CD62E35B836FD8DD6962BE9541A01D49C6DBEA1D7A2ED78691C7A699F78FE3D6","True",""
"2","C:\Users\omard\Desktop\Facturas2","Z001023306236.dmf","C:\Users\omard\Desktop\Facturas2\Z001023306236.dmf","Z001023306236.dmf",".dmf","210540","2025-01-07T16:14:22.0000000Z","34514EEEB0F552F7EE0B6C1DB6A5A22055347218E59BB53AD4AE2EC00C3EBE4C","True",""
"2","C:\Users\omard\Desktop\Facturas2","Z001023306237.dmf","C:\Users\omard\Desktop\Facturas2\Z001023306237.dmf","Z001023306237.dmf",".dmf","29230","2025-01-07T16:15:44.0000000Z","031B9C9308CFE706205FD492E7413E2A7C5788869E45FAAB7962D4737603BDD4","True",""
"2","C:\Users\omard\Desktop\Facturas2","Z001023306238.dmf","C:\Users\omard\Desktop\Facturas2\Z001023306238.dmf","Z001023306238.dmf",".dmf","126235","2025-01-07T16:15:54.0000000Z","A1CECD4AE991ACE4E81CDB630255A64E96FBA6DA510917BB5058595A3916BD50","True",""
"2","C:\Users\omard\Desktop\Facturas2","Z001023306240.dmf","C:\Users\omard\Desktop\Facturas2\Z001023306240.dmf","Z001023306240.dmf",".dmf","211011","2025-01-07T16:16:44.0000000Z","DC1713F74FB91E192C8F9B37E4C331835738D1B669167E87BDC33B3442993F9C","True",""
"2","C:\Users\omard\Desktop\Facturas2","Z001023306241.dmf","C:\Users\omard\Desktop\Facturas2\Z001023306241.dmf","Z001023306241.dmf",".dmf","82183","2025-01-07T16:17:16.0000000Z","EF037EDD28775B0349C0E6641FEA3A57E1AF0CF71E93DE2BE216D6A4D20D885E","True",""
"2","C:\Users\omard\Desktop\Facturas2","Z001023306242.dmf","C:\Users\omard\Desktop\Facturas2\Z001023306242.dmf","Z001023306242.dmf",".dmf","75440","2025-01-07T16:18:04.0000000Z","EC083020EC9E8E7A55E11BD8818B6435848BA64946447C39A31957475FFE4A40","True",""
"2","C:\Users\omard\Desktop\Facturas2","Z001023306243.dmf","C:\Users\omard\Desktop\Facturas2\Z001023306243.dmf","Z001023306243.dmf",".dmf","126026","2025-01-07T16:18:04.0000000Z","853A38975EE843FB82771709DA136896BF383A10960EBD942715BDBDAECB9D82","True",""
"2","C:\Users\omard\Desktop\Facturas2","Z001023306248.dmf","C:\Users\omard\Desktop\Facturas2\Z001023306248.dmf","Z001023306248.dmf",".dmf","210686","2025-01-07T16:24:54.0000000Z","3E23196EB32DFC9D55BF8171BD9B6DE8235F1D5BA86EBE8A859F7043EA250F51","True",""
"2","C:\Users\omard\Desktop\Facturas2","Z001023306249.dmf","C:\Users\omard\Desktop\Facturas2\Z001023306249.dmf","Z001023306249.dmf",".dmf","211668","2025-01-07T16:26:12.0000000Z","930B74CD0EED9F18810388A9B54E84C994077830BAE698DEB52ABC9C85906679","True",""
"2","C:\Users\omard\Desktop\Facturas2","Z001023306250.dmf","C:\Users\omard\Desktop\Facturas2\Z001023306250.dmf","Z001023306250.dmf",".dmf","222531","2025-01-07T16:28:48.0000000Z","3773A7A20E11F79F3657A04A70A66D5D7CD125A363DA9D64F81B09FC776F6482","True",""
"2","C:\Users\omard\Desktop\Facturas2","Z001023306257.dmf","C:\Users\omard\Desktop\Facturas2\Z001023306257.dmf","Z001023306257.dmf",".dmf","239717","2025-01-07T16:37:36.0000000Z","F18E233922C4D01BC7DEF49DC6DACF5AD9484CD3B84BEB4A6E931F5DB0A5170C","True",""
"2","C:\Users\omard\Desktop\Facturas2","Z001023306559.dmf","C:\Users\omard\Desktop\Facturas2\Z001023306559.dmf","Z001023306559.dmf",".dmf","782343","2025-01-07T18:10:56.0000000Z","26DCFFC5B5EEA1989FFEFDF9E65353CD5FBEC8F986B5099527B90BAA78DF627A","True",""
"2","C:\Users\omard\Desktop\Facturas2","Z001023306560.dmf","C:\Users\omard\Desktop\Facturas2\Z001023306560.dmf","Z001023306560.dmf",".dmf","782700","2025-01-07T18:13:36.0000000Z","8A8B8A01E546F7565C7960CE617E7BD5787B55F958CD633C7D3F1F4650FB06CC","True",""
"2","C:\Users\omard\Desktop\Facturas2","Z001023306568.dmf","C:\Users\omard\Desktop\Facturas2\Z001023306568.dmf","Z001023306568.dmf",".dmf","105788","2025-01-07T18:15:28.0000000Z","C1A14BBE6F4C9BDB5538A1D5EBC8D2E8CE2433AAB4C984F2B031C4F46712EE27","True",""
"2","C:\Users\omard\Desktop\Facturas2","Z001023306575.dmf","C:\Users\omard\Desktop\Facturas2\Z001023306575.dmf","Z001023306575.dmf",".dmf","81788","2025-01-07T18:17:58.0000000Z","8536E019ADC3738FDE38FDB0927294CD79C8C6F4CC5B94401996D261021BCC26","True",""
"2","C:\Users\omard\Desktop\Facturas2","Z001023306655.dmf","C:\Users\omard\Desktop\Facturas2\Z001023306655.dmf","Z001023306655.dmf",".dmf","76051","2025-01-07T18:19:32.0000000Z","422E0B1EC2D338F48EB758B9FF748CFBF0AA0181FE2CEF0810CD137D43740B92","True",""
"2","C:\Users\omard\Desktop\Facturas2","Z001023306665.dmf","C:\Users\omard\Desktop\Facturas2\Z001023306665.dmf","Z001023306665.dmf",".dmf","118599","2025-01-07T18:21:22.0000000Z","276FEAAE5088E78506BA0DFDC29FF8D9A4E69A32D14C97E88E637185DBB25459","True",""
"2","C:\Users\omard\Desktop\Facturas2","Z001023306666.dmf","C:\Users\omard\Desktop\Facturas2\Z001023306666.dmf","Z001023306666.dmf",".dmf","29947","2025-01-07T18:23:42.0000000Z","1F424575026730654FB968C140C349D34434F7E2965823C5290797063669B10C","True",""
"2","C:\Users\omard\Desktop\Facturas2","Z001023306667.dmf","C:\Users\omard\Desktop\Facturas2\Z001023306667.dmf","Z001023306667.dmf",".dmf","25440","2025-01-07T18:25:44.0000000Z","701A69F73688511FD0E8C9E8D351E2E25E8BAC3056CDB46DE22E63A0515A5765","True",""
"2","C:\Users\omard\Desktop\Facturas2","Z001023306668.dmf","C:\Users\omard\Desktop\Facturas2\Z001023306668.dmf","Z001023306668.dmf",".dmf","30143","2025-01-07T18:26:08.0000000Z","FC7F9FF642FAF2C1E039BDD45F9C89BB64652962CEC53FE38818C52D1FC8B4EB","True",""
"2","C:\Users\omard\Desktop\Facturas2","Z001023306669.dmf","C:\Users\omard\Desktop\Facturas2\Z001023306669.dmf","Z001023306669.dmf",".dmf","37787","2025-01-07T18:28:20.0000000Z","696A2D08D0DEC1F0FA29758BE645622DFEBCA1A90274A2F24D90A7584F0E9EE7","True",""
"2","C:\Users\omard\Desktop\Facturas2","Z001023306673.dmf","C:\Users\omard\Desktop\Facturas2\Z001023306673.dmf","Z001023306673.dmf",".dmf","9256","2025-01-07T18:30:34.0000000Z","2090C42039331BBF127B99A0E58F053C6CF3A758589719ECE6C088F7C3A43FEB","True",""
"2","C:\Users\omard\Desktop\Facturas2","Z001023306674.dmf","C:\Users\omard\Desktop\Facturas2\Z001023306674.dmf","Z001023306674.dmf",".dmf","194776","2025-01-07T18:31:20.0000000Z","2DB790B8E10B963B58145A00A48B9EF0391D2E9612F855BD3332DD0C75326067","True",""
"2","C:\Users\omard\Desktop\Facturas2","Z001023306726.dmf","C:\Users\omard\Desktop\Facturas2\Z001023306726.dmf","Z001023306726.dmf",".dmf","82531","2025-01-07T18:34:06.0000000Z","18AC370DDFF0AE9BE8B5CF4E801BA70409260C428D7A4A4288E389FB75661E01","True",""
"2","C:\Users\omard\Desktop\Facturas2","Z001023306727.dmf","C:\Users\omard\Desktop\Facturas2\Z001023306727.dmf","Z001023306727.dmf",".dmf","81654","2025-01-07T18:36:18.0000000Z","F2E1C1E11336A130042AF57DD9D33D24533C82941272A27B7B632EE1BF6FB4D8","True",""
"2","C:\Users\omard\Desktop\Facturas2","Z001023306728.dmf","C:\Users\omard\Desktop\Facturas2\Z001023306728.dmf","Z001023306728.dmf",".dmf","82596","2025-01-07T18:39:10.0000000Z","296AF4D23B3143FC0B9EC3564C640487F7E48832DF8B90EA14E9CC0D13D6DB90","True",""
"2","C:\Users\omard\Desktop\Facturas2","Z001023306733.dmf","C:\Users\omard\Desktop\Facturas2\Z001023306733.dmf","Z001023306733.dmf",".dmf","109520","2025-01-07T18:45:58.0000000Z","FD1D53F042D94EC1E30DAB35E86781D82BB34EB735696D48E7A85B4FD078C4B9","True",""
"2","C:\Users\omard\Desktop\Facturas2","Z001023306744.dmf","C:\Users\omard\Desktop\Facturas2\Z001023306744.dmf","Z001023306744.dmf",".dmf","82430","2025-01-07T18:48:18.0000000Z","74A2F9E16D65FF63203A0E4CDC0F0CE32ADA2B9FAE58188B05692D4FD798F5BF","True",""
"2","C:\Users\omard\Desktop\Facturas2","Z001023306745.dmf","C:\Users\omard\Desktop\Facturas2\Z001023306745.dmf","Z001023306745.dmf",".dmf","13699","2025-01-07T18:53:56.0000000Z","B3FBF58D56EA87281A43A104419FAA920BC408DF90BE032B7E7B8ED389D34EA8","True",""
"2","C:\Users\omard\Desktop\Facturas2","Z001023306781.dmf","C:\Users\omard\Desktop\Facturas2\Z001023306781.dmf","Z001023306781.dmf",".dmf","82077","2025-01-07T19:04:14.0000000Z","A0934CCC580B60FDDA26B78FF044F0FB01B652525A5EB1578F48FB212DE5520E","True",""
"2","C:\Users\omard\Desktop\Facturas2","Z001023306786.dmf","C:\Users\omard\Desktop\Facturas2\Z001023306786.dmf","Z001023306786.dmf",".dmf","8650","2025-01-07T19:17:04.0000000Z","EF0129E04CA65FB47ABEA653321B148DB2ECB5C31478D632F2590D3D9382AF5A","True",""
"2","C:\Users\omard\Desktop\Facturas2","Z001023306788.dmf","C:\Users\omard\Desktop\Facturas2\Z001023306788.dmf","Z001023306788.dmf",".dmf","836138","2025-01-07T19:24:14.0000000Z","6F03C6E2681C6D9CBC2D6009BF6982DACD849BA144E7F4C934BC728AB53AE24E","True",""
"2","C:\Users\omard\Desktop\Facturas2","Z001023306790.dmf","C:\Users\omard\Desktop\Facturas2\Z001023306790.dmf","Z001023306790.dmf",".dmf","345616","2025-01-07T19:27:36.0000000Z","32AF8AC56C7A0774AFF39EC6D5E33F0AFAC19A7785B4CFD068709D6AC05DB7AA","True",""
"2","C:\Users\omard\Desktop\Facturas2","Z001023306814.dmf","C:\Users\omard\Desktop\Facturas2\Z001023306814.dmf","Z001023306814.dmf",".dmf","16035","2025-01-07T19:28:34.0000000Z","AC2479A5C0CB589C2876D3F6B037C4C3AFB1FBBEF4591FC39DBECD20D30D6111","True",""
"2","C:\Users\omard\Desktop\Facturas2","Z001023306815.dmf","C:\Users\omard\Desktop\Facturas2\Z001023306815.dmf","Z001023306815.dmf",".dmf","79111","2025-01-07T19:29:20.0000000Z","4D8CD15D571C20B7CA6718FE2F600EA03897F94ECEB4E31C22BBA93C9031C988","True",""
"2","C:\Users\omard\Desktop\Facturas2","Z001023306819.dmf","C:\Users\omard\Desktop\Facturas2\Z001023306819.dmf","Z001023306819.dmf",".dmf","80722","2025-01-07T19:30:08.0000000Z","175E2B9FF63ED46A3CF5A3B5CC30F0D0C4089D098EF8458F1D1317C686510B3D","True",""
"2","C:\Users\omard\Desktop\Facturas2","Z001023306843.dmf","C:\Users\omard\Desktop\Facturas2\Z001023306843.dmf","Z001023306843.dmf",".dmf","73890","2025-01-07T19:30:54.0000000Z","3B9AEA691529C02D11128873099298660450C48DC41B23D6BA8F32DA6514CEBA","True",""
"2","C:\Users\omard\Desktop\Facturas2","Z001023306844.dmf","C:\Users\omard\Desktop\Facturas2\Z001023306844.dmf","Z001023306844.dmf",".dmf","86353","2025-01-07T19:31:40.0000000Z","13669FB7F1F60548C74D698C6834117EB0E08C7E77395ABB5C84C365B7F753CC","True",""
"2","C:\Users\omard\Desktop\Facturas2","Z001023306847.dmf","C:\Users\omard\Desktop\Facturas2\Z001023306847.dmf","Z001023306847.dmf",".dmf","22361","2025-01-07T19:32:26.0000000Z","D086B4514C12618A4DB6360C4A5DE9A94E41F5B5AF3BE2FB670E77A299D77671","True",""
"2","C:\Users\omard\Desktop\Facturas2","Z001023306848.dmf","C:\Users\omard\Desktop\Facturas2\Z001023306848.dmf","Z001023306848.dmf",".dmf","22370","2025-01-07T19:33:32.0000000Z","2A6B5D6957B688C5B2239B639F6CF55E23DBEEBA3A189AAC17556AFBC0A13149","True",""
"2","C:\Users\omard\Desktop\Facturas2","Z001023306862.dmf","C:\Users\omard\Desktop\Facturas2\Z001023306862.dmf","Z001023306862.dmf",".dmf","29829","2025-01-07T19:53:36.0000000Z","C7923DC74EACEE2D8E7909302FDD63CB97C3E3E8213E64E1F70528B6630D5AA9","True",""
"2","C:\Users\omard\Desktop\Facturas2","Z001023306868.dmf","C:\Users\omard\Desktop\Facturas2\Z001023306868.dmf","Z001023306868.dmf",".dmf","43105","2025-01-07T19:59:38.0000000Z","08BFF4AE1116DDCE6A3E287D3C9FFAC9923D4B901853B9FEE74B30E3E9BDBFFD","True",""
"2","C:\Users\omard\Desktop\Facturas2","Z001023306883.dmf","C:\Users\omard\Desktop\Facturas2\Z001023306883.dmf","Z001023306883.dmf",".dmf","43428","2025-01-07T20:04:42.0000000Z","AEA6B328EACBC85B818602607FB3F0F1EF6691073B71AA7F00D8155C8BE6627E","True",""
"2","C:\Users\omard\Desktop\Facturas2","Z001023306887.dmf","C:\Users\omard\Desktop\Facturas2\Z001023306887.dmf","Z001023306887.dmf",".dmf","43824","2025-01-07T20:10:44.0000000Z","944C6DC9E860CE8887C2593C8FDD032F0F86CDCC1541430BB7FFBF9891AF689D","True",""
"2","C:\Users\omard\Desktop\Facturas2","Z001023306888.dmf","C:\Users\omard\Desktop\Facturas2\Z001023306888.dmf","Z001023306888.dmf",".dmf","43637","2025-01-07T20:12:44.0000000Z","C7BA4520C272FC112230DF876788395E8E4257F01C9E9BA8059145410D663633","True",""
"2","C:\Users\omard\Desktop\Facturas2","Z001023306925.dmf","C:\Users\omard\Desktop\Facturas2\Z001023306925.dmf","Z001023306925.dmf",".dmf","43217","2025-01-07T20:49:02.0000000Z","3296A719FBB7161B4A84FFD677E53880925508C5195215EAEE8463A73EEBAF45","True",""
"2","C:\Users\omard\Desktop\Facturas2","Z001023306926.dmf","C:\Users\omard\Desktop\Facturas2\Z001023306926.dmf","Z001023306926.dmf",".dmf","43202","2025-01-07T20:51:26.0000000Z","C68ADF9134429FE660BFEA0958D661841EFC7A6AC5D45F02C2A0F8118F973AC4","True",""
"2","C:\Users\omard\Desktop\Facturas2","Z001023306927.dmf","C:\Users\omard\Desktop\Facturas2\Z001023306927.dmf","Z001023306927.dmf",".dmf","43221","2025-01-07T20:53:04.0000000Z","350CF16F48537DD576EFB77AEDFA2B006DCE1A113E9260BA1D269768BE195457","True",""
"2","C:\Users\omard\Desktop\Facturas2","Z001023306928.dmf","C:\Users\omard\Desktop\Facturas2\Z001023306928.dmf","Z001023306928.dmf",".dmf","43282","2025-01-07T20:54:38.0000000Z","01BA239090F986351EBE8B3D48899D470DADC20568B533F80580F4F0FF6600BE","True",""
"2","C:\Users\omard\Desktop\Facturas2","Z001023306934.dmf","C:\Users\omard\Desktop\Facturas2\Z001023306934.dmf","Z001023306934.dmf",".dmf","43139","2025-01-07T20:56:20.0000000Z","3E5F840156F4AA098472DC140A9D23A730C8C2552250CBDFFA40A5C0AC57E457","True",""
"2","C:\Users\omard\Desktop\Facturas2","Z001023306965.dmf","C:\Users\omard\Desktop\Facturas2\Z001023306965.dmf","Z001023306965.dmf",".dmf","221801","2025-01-07T21:18:34.0000000Z","C3149D49E71679EB6DD8108CEA88DE120821B242B3A472D37C26AD575D12C20B","True",""
"2","C:\Users\omard\Desktop\Facturas2","Z001023306966.dmf","C:\Users\omard\Desktop\Facturas2\Z001023306966.dmf","Z001023306966.dmf",".dmf","50068","2025-01-07T21:22:20.0000000Z","09B6415D9B77E1F8D270C6C02450F1240EC0068CE166FEFB0DE4DED9DCC537D7","True",""
"2","C:\Users\omard\Desktop\Facturas2","Z001023306967.dmf","C:\Users\omard\Desktop\Facturas2\Z001023306967.dmf","Z001023306967.dmf",".dmf","43087","2025-01-07T21:23:26.0000000Z","FDC63EFD7A97C1CE9C58422014A663C1FB43C912D47424697160F946BFF49E2F","True",""
"2","C:\Users\omard\Desktop\Facturas2","Z001023306968.dmf","C:\Users\omard\Desktop\Facturas2\Z001023306968.dmf","Z001023306968.dmf",".dmf","39169","2025-01-07T21:24:36.0000000Z","68EC489F000873782FCD702EE53F912474E550EE59D2CD1E5519FC097A77294A","True",""
"2","C:\Users\omard\Desktop\Facturas2","Z001023306986.dmf","C:\Users\omard\Desktop\Facturas2\Z001023306986.dmf","Z001023306986.dmf",".dmf","43102","2025-01-07T21:27:20.0000000Z","F25109FC28FD9712F9776CBB85D3575CC12426B8C2C619A5FDFAAFD99019AE5D","True",""
"2","C:\Users\omard\Desktop\Facturas2","Z001023307009.dmf","C:\Users\omard\Desktop\Facturas2\Z001023307009.dmf","Z001023307009.dmf",".dmf","198044","2025-01-07T21:33:22.0000000Z","08BB3CC7656BA596556FE8176D880706FDB14618F2B380F123F34769D5B1A643","True",""
"2","C:\Users\omard\Desktop\Facturas2","Z001023307010.dmf","C:\Users\omard\Desktop\Facturas2\Z001023307010.dmf","Z001023307010.dmf",".dmf","104475","2025-01-07T21:35:20.0000000Z","BCE8610FF86D2C60F4803FACAA77F426AA001742FF5D6463AE84D8BCC06D066D","True",""
"2","C:\Users\omard\Desktop\Facturas2","Z001023307011.dmf","C:\Users\omard\Desktop\Facturas2\Z001023307011.dmf","Z001023307011.dmf",".dmf","196739","2025-01-07T21:37:02.0000000Z","B0EB60ECFCB80563A392D50FA28040CA2DF61F7E5D699D2AE35D7DB142E23094","True",""
"2","C:\Users\omard\Desktop\Facturas2","Z001023307012.dmf","C:\Users\omard\Desktop\Facturas2\Z001023307012.dmf","Z001023307012.dmf",".dmf","58253","2025-01-07T21:38:40.0000000Z","1C6E4E8CF3570696B21E4892F911CA47E453BA66392183FC3A53E3DC91AEF82A","True",""
"2","C:\Users\omard\Desktop\Facturas2","Z001023307013.dmf","C:\Users\omard\Desktop\Facturas2\Z001023307013.dmf","Z001023307013.dmf",".dmf","58255","2025-01-07T21:40:02.0000000Z","8A4A72EA8D9337451FE746A65B03859AF65982887241DE493B356D164D3CA233","True",""
"2","C:\Users\omard\Desktop\Facturas2","Z001023307014.dmf","C:\Users\omard\Desktop\Facturas2\Z001023307014.dmf","Z001023307014.dmf",".dmf","58250","2025-01-07T21:41:24.0000000Z","A6FC27A7FEE8E83181B71F5B750C7445FF0C1E369E707695158AE750FD1577FA","True",""
"2","C:\Users\omard\Desktop\Facturas2","Z001023307015.dmf","C:\Users\omard\Desktop\Facturas2\Z001023307015.dmf","Z001023307015.dmf",".dmf","88872","2025-01-07T21:42:52.0000000Z","B0A3C52154C1E66B94389C008D68C0A9C7D943C97725D8430A91068530980F4E","True",""
"2","C:\Users\omard\Desktop\Facturas2","Z001023320477.dmf","C:\Users\omard\Desktop\Facturas2\Z001023320477.dmf","Z001023320477.dmf",".dmf","310733","2025-01-08T04:11:28.0000000Z","D30DB157203EA27322A21F5F3E47E2DEA6F6D0293E159322612C0B8D7C5D2B94","True",""
"2","C:\Users\omard\Desktop\Facturas2","Z001023320981.dmf","C:\Users\omard\Desktop\Facturas2\Z001023320981.dmf","Z001023320981.dmf",".dmf","83659","2025-01-08T11:24:24.0000000Z","4DEE5C8017AAB198CE0BD21604C40E8E4FE3627F05554A6060B8852A64FD101A","True",""
"2","C:\Users\omard\Desktop\Facturas2","Z001023320982.dmf","C:\Users\omard\Desktop\Facturas2\Z001023320982.dmf","Z001023320982.dmf",".dmf","29688","2025-01-08T11:26:58.0000000Z","EECF543FC04119FF4E9E8EFD2F11E393D8DEB4EF84767C010E92A338AC3DDC38","True",""
"2","C:\Users\omard\Desktop\Facturas2","Z001023320983.dmf","C:\Users\omard\Desktop\Facturas2\Z001023320983.dmf","Z001023320983.dmf",".dmf","48088","2025-01-08T11:27:52.0000000Z","DBF92535FC53464A7091603715D15EE05F7AC0B7F12E941010CA83F1B97950C9","True",""
"2","C:\Users\omard\Desktop\Facturas2","Z001023320985.dmf","C:\Users\omard\Desktop\Facturas2\Z001023320985.dmf","Z001023320985.dmf",".dmf","29287","2025-01-08T11:29:34.0000000Z","1BDD7FD19BF6010933DA9B14CFC5D10735A1BCBF420D3FB0D23CEF02A1066173","True",""
"2","C:\Users\omard\Desktop\Facturas2","Z001023320986.dmf","C:\Users\omard\Desktop\Facturas2\Z001023320986.dmf","Z001023320986.dmf",".dmf","19517","2025-01-08T11:30:54.0000000Z","0F28DB8C188F1FE8A2DDE28E55C5FE7F898C54B79EB75DA573378BBF90AF60AE","True",""
"2","C:\Users\omard\Desktop\Facturas2","Z001023320987.dmf","C:\Users\omard\Desktop\Facturas2\Z001023320987.dmf","Z001023320987.dmf",".dmf","19387","2025-01-08T11:33:38.0000000Z","11DAB26FE5A4584D29AD971DE5F0F277D47D9E9FD63CD4B21EDBF6BA00B3CF0F","True",""
"2","C:\Users\omard\Desktop\Facturas2","Z001023320988.dmf","C:\Users\omard\Desktop\Facturas2\Z001023320988.dmf","Z001023320988.dmf",".dmf","19183","2025-01-08T11:34:44.0000000Z","2684DF8856ACAF5EE7F6FEE5DEEF7AB8ECCA2D3CC52A4255285AFFA493A03252","True",""
"2","C:\Users\omard\Desktop\Facturas2","Z001023320989.dmf","C:\Users\omard\Desktop\Facturas2\Z001023320989.dmf","Z001023320989.dmf",".dmf","29736","2025-01-08T11:36:02.0000000Z","31B6A4C7C2EC57AD0B36A79FC267E8C84AE37569BBF7C3D9B462F1757CD26B93","True",""
"2","C:\Users\omard\Desktop\Facturas2","Z001023320990.dmf","C:\Users\omard\Desktop\Facturas2\Z001023320990.dmf","Z001023320990.dmf",".dmf","95419","2025-01-08T11:37:36.0000000Z","ACED26592B6E71371328FC6E5C131FE94DE0EC62032F357CE1A80768DF6EF33C","True",""
"2","C:\Users\omard\Desktop\Facturas2","Z001023320991.dmf","C:\Users\omard\Desktop\Facturas2\Z001023320991.dmf","Z001023320991.dmf",".dmf","32569","2025-01-08T11:39:08.0000000Z","8029C5D921384A9A7AD55A8A1FFD3D17067E9D050378649280006FC14065F894","True",""
"2","C:\Users\omard\Desktop\Facturas2","Z001023320992.dmf","C:\Users\omard\Desktop\Facturas2\Z001023320992.dmf","Z001023320992.dmf",".dmf","51608","2025-01-08T11:42:00.0000000Z","EB661BF1C5C265D2DD8A8F86589EA84E2AD8A5EBFB685570F1E02B607216F51D","True",""
"2","C:\Users\omard\Desktop\Facturas2","Z001023320994.dmf","C:\Users\omard\Desktop\Facturas2\Z001023320994.dmf","Z001023320994.dmf",".dmf","32531","2025-01-08T11:42:56.0000000Z","68D3F8B66FC49A18FF3B5681F79BDBA83E1C8E0F359537937077B65F2B751EBF","True",""
"2","C:\Users\omard\Desktop\Facturas2","Z001023320996.dmf","C:\Users\omard\Desktop\Facturas2\Z001023320996.dmf","Z001023320996.dmf",".dmf","33704","2025-01-08T11:49:08.0000000Z","00E2B18A019EDB536A3C029B236C193A0754C7D76ACBB4C397B4ECA27155F95E","True",""
"2","C:\Users\omard\Desktop\Facturas2","Z001023320997.dmf","C:\Users\omard\Desktop\Facturas2\Z001023320997.dmf","Z001023320997.dmf",".dmf","218025","2025-01-08T11:50:44.0000000Z","13F9196A281D19CA9162E13F519D8908DDEAEA185D533F8993632D083EBB6485","True",""
"2","C:\Users\omard\Desktop\Facturas2","Z001023320998.dmf","C:\Users\omard\Desktop\Facturas2\Z001023320998.dmf","Z001023320998.dmf",".dmf","106508","2025-01-08T11:52:12.0000000Z","388117F3164EABE43EF5E879178C416496118E14320FF3C00DC289237A496BF7","True",""
"2","C:\Users\omard\Desktop\Facturas2","Z001023320999.dmf","C:\Users\omard\Desktop\Facturas2\Z001023320999.dmf","Z001023320999.dmf",".dmf","108038","2025-01-08T11:53:56.0000000Z","E03682EA1F68124C7C1424E50D492BA95B98883C916D568A2487CEF4B49E8F57","True",""
"2","C:\Users\omard\Desktop\Facturas2","Z001023321000.dmf","C:\Users\omard\Desktop\Facturas2\Z001023321000.dmf","Z001023321000.dmf",".dmf","107554","2025-01-08T11:55:26.0000000Z","454A8408625FDA2EFB6E219324DE6A60720DD03AE427F910A0D4EE26A1CBEC92","True",""
"2","C:\Users\omard\Desktop\Facturas2","Z001023321002.dmf","C:\Users\omard\Desktop\Facturas2\Z001023321002.dmf","Z001023321002.dmf",".dmf","437104","2025-01-08T11:59:04.0000000Z","DB399B72F2246B409935E0BBBE9845F8269CA6AD79DBD99EF175E5AADC2F0C3A","True",""
"2","C:\Users\omard\Desktop\Facturas2","Z001023321009.dmf","C:\Users\omard\Desktop\Facturas2\Z001023321009.dmf","Z001023321009.dmf",".dmf","425302","2025-01-08T12:00:24.0000000Z","116B978FE8DF88E64C4D9D7B27C61167622C17C436E7E31F9F7DB9A728879E5E","True",""
"2","C:\Users\omard\Desktop\Facturas2","Z001023321054.dmf","C:\Users\omard\Desktop\Facturas2\Z001023321054.dmf","Z001023321054.dmf",".dmf","31164","2025-01-08T12:01:46.0000000Z","4E401D344A8AEEF4ABF97AA5A5878ECABCDF2DE787EAAE976DA6DB6216D38E81","True",""
"2","C:\Users\omard\Desktop\Facturas2","Z001023321055.dmf","C:\Users\omard\Desktop\Facturas2\Z001023321055.dmf","Z001023321055.dmf",".dmf","75995","2025-01-08T12:02:50.0000000Z","43D796B397DC45820C1BA1872D941B93F6D67543504FC227BCDB9F52526F1DE3","True",""
"2","C:\Users\omard\Desktop\Facturas2","Z001023321056.dmf","C:\Users\omard\Desktop\Facturas2\Z001023321056.dmf","Z001023321056.dmf",".dmf","29383","2025-01-08T12:05:08.0000000Z","7A403C492D71649A769364AE310CE77A956F29AB5A6D7D5511F3990D1993FDB9","True",""
"2","C:\Users\omard\Desktop\Facturas2","Z001023321057.dmf","C:\Users\omard\Desktop\Facturas2\Z001023321057.dmf","Z001023321057.dmf",".dmf","261811","2025-01-08T12:07:18.0000000Z","2372D2DA84F171F7001CC5CBD41E6DCC4C8C1A93B3A283AEEE47528CF6FACE75","True",""
"2","C:\Users\omard\Desktop\Facturas2","Z001023321058.dmf","C:\Users\omard\Desktop\Facturas2\Z001023321058.dmf","Z001023321058.dmf",".dmf","4596","2025-01-08T12:08:26.0000000Z","A9004FC39B28826CA493F49F7B207519A5739BC321156BDC941B29505E396750","True",""
"2","C:\Users\omard\Desktop\Facturas2","Z001023321059.dmf","C:\Users\omard\Desktop\Facturas2\Z001023321059.dmf","Z001023321059.dmf",".dmf","83015","2025-01-08T12:09:52.0000000Z","ABED796A2EBFF3DA324E359837A54A840C192203D7EFF4A9C2D2FBC379E0A347","True",""
"2","C:\Users\omard\Desktop\Facturas2","Z001023321060.dmf","C:\Users\omard\Desktop\Facturas2\Z001023321060.dmf","Z001023321060.dmf",".dmf","82720","2025-01-08T12:10:58.0000000Z","13121019951B3C6FC7DACF43C640B6090E11A613574D0EF5897FD3D687CF0018","True",""
"2","C:\Users\omard\Desktop\Facturas2","Z001023321061.dmf","C:\Users\omard\Desktop\Facturas2\Z001023321061.dmf","Z001023321061.dmf",".dmf","83201","2025-01-08T12:11:54.0000000Z","67D6E5B1E17BC54FE2AE2E90874A2A3DF1F47D6850E9D3EDFA179293A1196EB0","True",""
"2","C:\Users\omard\Desktop\Facturas2","Z001023321062.dmf","C:\Users\omard\Desktop\Facturas2\Z001023321062.dmf","Z001023321062.dmf",".dmf","30361","2025-01-08T12:13:30.0000000Z","D7A766C085854ED1B3D08A0701D0AFDBACAF5AA9DB7016CABD10994A441198CE","True",""
"2","C:\Users\omard\Desktop\Facturas2","Z001023321063.dmf","C:\Users\omard\Desktop\Facturas2\Z001023321063.dmf","Z001023321063.dmf",".dmf","23015","2025-01-08T12:14:44.0000000Z","313E3CBC4A1D800A7D30B4B6B846296E0040158940E22E485C9F7B4BC6EB40F6","True",""
"2","C:\Users\omard\Desktop\Facturas2","Z001023321064.dmf","C:\Users\omard\Desktop\Facturas2\Z001023321064.dmf","Z001023321064.dmf",".dmf","22683","2025-01-08T12:16:20.0000000Z","12EA446D6E3DDF47FE528592A90A08DF412069F1A5A21DA058A591003B35C1A2","True",""
"2","C:\Users\omard\Desktop\Facturas2","Z001023321065.dmf","C:\Users\omard\Desktop\Facturas2\Z001023321065.dmf","Z001023321065.dmf",".dmf","175850","2025-01-08T12:19:10.0000000Z","F49CD552E0933E1EC5188E93F87935676B77A10E42FCD5D2AF977A1ED58C45FD","True",""
"2","C:\Users\omard\Desktop\Facturas2","Z001023321066.dmf","C:\Users\omard\Desktop\Facturas2\Z001023321066.dmf","Z001023321066.dmf",".dmf","16149","2025-01-08T12:21:48.0000000Z","89E47C80091951913CDD1B71EF566B3A9CAE81A7F0434CA883A3FF2FA37BE645","True",""
"2","C:\Users\omard\Desktop\Facturas2","Z001023321067.dmf","C:\Users\omard\Desktop\Facturas2\Z001023321067.dmf","Z001023321067.dmf",".dmf","16011","2025-01-08T12:24:20.0000000Z","64C0F94DEA2334E6418B510E71298BF111EA9EAD1F723ABC2ECCBD423A8A77CA","True",""
"2","C:\Users\omard\Desktop\Facturas2","Z001023321068.dmf","C:\Users\omard\Desktop\Facturas2\Z001023321068.dmf","Z001023321068.dmf",".dmf","81469","2025-01-08T12:33:58.0000000Z","6A4C844ED7EF0A180CB227807AB11ACB3A5A4B1D871F5CF12524FB8E1967FBA0","True",""
"2","C:\Users\omard\Desktop\Facturas2","Z001023321070.dmf","C:\Users\omard\Desktop\Facturas2\Z001023321070.dmf","Z001023321070.dmf",".dmf","83708","2025-01-08T12:37:06.0000000Z","9078B4F0387C620655629EE2638924AE8BF7AFA56AF54FB8B5E7C26959DBDD73","True",""
"2","C:\Users\omard\Desktop\Facturas2","Z001023321071.dmf","C:\Users\omard\Desktop\Facturas2\Z001023321071.dmf","Z001023321071.dmf",".dmf","83412","2025-01-08T12:39:18.0000000Z","781FC844BC4A7726D71B0DC54B48796B00B1B4134A4B8386A788DCF046100069","True",""
"2","C:\Users\omard\Desktop\Facturas2","Z001023321074.dmf","C:\Users\omard\Desktop\Facturas2\Z001023321074.dmf","Z001023321074.dmf",".dmf","82692","2025-01-08T12:43:14.0000000Z","BFF2215073E22E81DCA84277940D3FBF2874CF8DF0EB13299B90E2800611AA0F","True",""
"2","C:\Users\omard\Desktop\Facturas2","Z001023321087.dmf","C:\Users\omard\Desktop\Facturas2\Z001023321087.dmf","Z001023321087.dmf",".dmf","82484","2025-01-08T13:09:14.0000000Z","1C7D3932AF8C320380896A5D04754A324792D2FBDD1C7F55769BC48B74BD2A11","True",""
"2","C:\Users\omard\Desktop\Facturas2","Z001023321106.dmf","C:\Users\omard\Desktop\Facturas2\Z001023321106.dmf","Z001023321106.dmf",".dmf","29291","2025-01-08T13:11:08.0000000Z","4C59682FC23E9C67BF76D6F1DA2034CD7C905521844240A9F85CEC2C4FCD0BAC","True",""
"2","C:\Users\omard\Desktop\Facturas2","Z001023321107.dmf","C:\Users\omard\Desktop\Facturas2\Z001023321107.dmf","Z001023321107.dmf",".dmf","1134935","2025-01-08T13:11:54.0000000Z","E0337C60AD5630BB60DA295465638840A46591259889FC73827E0B70834F91FD","True",""
"2","C:\Users\omard\Desktop\Facturas2","Z001023321108.dmf","C:\Users\omard\Desktop\Facturas2\Z001023321108.dmf","Z001023321108.dmf",".dmf","82743","2025-01-08T13:13:34.0000000Z","3D1633194BAE695FFFBA73DC43D5049E14FEED6C2BDE9D513E0525403ABFF4D0","True",""
"2","C:\Users\omard\Desktop\Facturas2","Z001023321110.dmf","C:\Users\omard\Desktop\Facturas2\Z001023321110.dmf","Z001023321110.dmf",".dmf","29591","2025-01-08T13:14:46.0000000Z","FB5D91E7454845003877F2F5A56B7A602C47A2F413E25E5CD0881E19721253CB","True",""
"2","C:\Users\omard\Desktop\Facturas2","Z001023321111.dmf","C:\Users\omard\Desktop\Facturas2\Z001023321111.dmf","Z001023321111.dmf",".dmf","82348","2025-01-08T13:14:50.0000000Z","DACF79F8086E435D6E9FBE097701C88283A00000FD3C6AFC685142BA8AC3A5CC","True",""
"2","C:\Users\omard\Desktop\Facturas2","Z001023321112.dmf","C:\Users\omard\Desktop\Facturas2\Z001023321112.dmf","Z001023321112.dmf",".dmf","29313","2025-01-08T13:18:48.0000000Z","8C4A4E40B4EEFA89E16EAAFD658B820A3D347630196A45FC514D43CE14655691","True",""
"2","C:\Users\omard\Desktop\Facturas2","Z001023321113.dmf","C:\Users\omard\Desktop\Facturas2\Z001023321113.dmf","Z001023321113.dmf",".dmf","222269","2025-01-08T13:19:44.0000000Z","5889F4B78AD3F569667CC97ADB910E63E64EBCF02A09CC28B821AB8187F428E2","True",""
"2","C:\Users\omard\Desktop\Facturas2","Z001023321128.dmf","C:\Users\omard\Desktop\Facturas2\Z001023321128.dmf","Z001023321128.dmf",".dmf","39967","2025-01-08T13:24:34.0000000Z","D667232B3BBB9865EB999B8CAD1DB5D1DE4652795AA140B4EAF010404DA69590","True",""
"2","C:\Users\omard\Desktop\Facturas2","Z001023321131.dmf","C:\Users\omard\Desktop\Facturas2\Z001023321131.dmf","Z001023321131.dmf",".dmf","34558","2025-01-08T13:27:04.0000000Z","707949E243E1CE3CB54F0DDD3AED1F66C21173715578D34CB5044664C7394380","True",""
"2","C:\Users\omard\Desktop\Facturas2","Z001023321157.dmf","C:\Users\omard\Desktop\Facturas2\Z001023321157.dmf","Z001023321157.dmf",".dmf","5486","2025-01-08T13:31:34.0000000Z","4FFE4E7F6145154138684219767D2CB5816711208142EA8F3A89E1951AD0A489","True",""
"2","C:\Users\omard\Desktop\Facturas2","Z001023321158.dmf","C:\Users\omard\Desktop\Facturas2\Z001023321158.dmf","Z001023321158.dmf",".dmf","5471","2025-01-08T13:32:04.0000000Z","F92177D982D315AF9724F950FF0B8EB85F430B33A385C52206BD9436B8AD8503","True",""
"2","C:\Users\omard\Desktop\Facturas2","Z001023321159.dmf","C:\Users\omard\Desktop\Facturas2\Z001023321159.dmf","Z001023321159.dmf",".dmf","29395","2025-01-08T13:32:58.0000000Z","B6DA84A8BE8B97DDB7BB10FA77EFF84F5D3ACAA7161D35ACC900A45DC16DEEDB","True",""
"2","C:\Users\omard\Desktop\Facturas2","Z001023321160.dmf","C:\Users\omard\Desktop\Facturas2\Z001023321160.dmf","Z001023321160.dmf",".dmf","475722","2025-01-08T13:37:20.0000000Z","54D37B262B3AC72EB9694EEA05D62266458BD55D938A71456A7241250E555DF5","True",""
"2","C:\Users\omard\Desktop\Facturas2","Z001023321169.dmf","C:\Users\omard\Desktop\Facturas2\Z001023321169.dmf","Z001023321169.dmf",".dmf","66763","2025-01-08T13:40:42.0000000Z","EC6D3FDB23F257F87EEFA3927CE625D6F79C41E965E6E82B0A9F24150BE052E2","True",""
"2","C:\Users\omard\Desktop\Facturas2","Z001023321175.dmf","C:\Users\omard\Desktop\Facturas2\Z001023321175.dmf","Z001023321175.dmf",".dmf","14780","2025-01-08T13:47:12.0000000Z","ABA1E575F6C4D21D7A4478D0D9BD81374C89B0179A65CDCFEDFF1142FFA0A5ED","True",""
"2","C:\Users\omard\Desktop\Facturas2","Z001023321179.dmf","C:\Users\omard\Desktop\Facturas2\Z001023321179.dmf","Z001023321179.dmf",".dmf","71496","2025-01-08T13:56:24.0000000Z","9D1227AAD375BE5AC35A73A7D66137F34F4D70D50518347F6771B00DBEC322E5","True",""
"2","C:\Users\omard\Desktop\Facturas2","Z001023321182.dmf","C:\Users\omard\Desktop\Facturas2\Z001023321182.dmf","Z001023321182.dmf",".dmf","61704","2025-01-08T14:01:02.0000000Z","EAC5BC4B932CB768753C6CFF9B3202D1A4F306AE629431AA0557C19BD12E2FAA","True",""
"2","C:\Users\omard\Desktop\Facturas2","Z001023321183.dmf","C:\Users\omard\Desktop\Facturas2\Z001023321183.dmf","Z001023321183.dmf",".dmf","184352","2025-01-08T14:01:18.0000000Z","C76B3728AEA90A0E422FDFE21FC21434D209489B6808E3A8BDC65195DEF81930","True",""
"2","C:\Users\omard\Desktop\Facturas2","Z001023321184.dmf","C:\Users\omard\Desktop\Facturas2\Z001023321184.dmf","Z001023321184.dmf",".dmf","128093","2025-01-08T14:02:16.0000000Z","A5663E6B03D6346C68069DAB9A693F88506F56D8577C944DF81E5E193B88B0AA","True",""
"2","C:\Users\omard\Desktop\Facturas2","Z001023321186.dmf","C:\Users\omard\Desktop\Facturas2\Z001023321186.dmf","Z001023321186.dmf",".dmf","4699","2025-01-08T14:07:34.0000000Z","5D6E3FC30D31B22F6E02B0DA807C7D5EEE1061C655C6968E29E77926A9AD229A","True",""
"2","C:\Users\omard\Desktop\Facturas2","Z001023321188.dmf","C:\Users\omard\Desktop\Facturas2\Z001023321188.dmf","Z001023321188.dmf",".dmf","126768","2025-01-08T14:09:20.0000000Z","BB9BFA4FDA9F87C0B76CF22A8742C572BD18E4FF1C3B0903F57922C8C0743AF8","True",""
"2","C:\Users\omard\Desktop\Facturas2","Z001023321189.dmf","C:\Users\omard\Desktop\Facturas2\Z001023321189.dmf","Z001023321189.dmf",".dmf","126768","2025-01-08T14:09:56.0000000Z","79C6F599E2763A59DFA6AD21012511C685E1B59B9387C4DC5435E3912A91A056","True",""
"2","C:\Users\omard\Desktop\Facturas2","Z001023321191.dmf","C:\Users\omard\Desktop\Facturas2\Z001023321191.dmf","Z001023321191.dmf",".dmf","242615","2025-01-08T14:11:36.0000000Z","C2BA1035E0B6C3FB2E8BFD2D34191A8A4C6A3C07C13F8598A638BA4FDC0BB06D","True",""
"2","C:\Users\omard\Desktop\Facturas2","Z001023321195.dmf","C:\Users\omard\Desktop\Facturas2\Z001023321195.dmf","Z001023321195.dmf",".dmf","27370","2025-01-08T14:15:16.0000000Z","C15FE217B42DB7A7CC6A1900A84EF8D835DCEF9245A7C8C2F2F28F8268F46A7D","True",""
"2","C:\Users\omard\Desktop\Facturas2","Z001023321198.dmf","C:\Users\omard\Desktop\Facturas2\Z001023321198.dmf","Z001023321198.dmf",".dmf","26649","2025-01-08T14:16:20.0000000Z","0647B11D7A171F7F81C91855736F8C11EFB33BFF699D6298770625EEE20C4DD1","True",""
"2","C:\Users\omard\Desktop\Facturas2","Z001023321299.dmf","C:\Users\omard\Desktop\Facturas2\Z001023321299.dmf","Z001023321299.dmf",".dmf","259729","2025-01-08T14:50:18.0000000Z","EE025F355675EB0E306A4D286C538C43FA4AB8955327A3B9C23C6F1290B671BE","True",""
"2","C:\Users\omard\Desktop\Facturas2","Z001023321300.dmf","C:\Users\omard\Desktop\Facturas2\Z001023321300.dmf","Z001023321300.dmf",".dmf","259714","2025-01-08T14:52:20.0000000Z","C315121F45B31F6C5A237C5D611A8BC657366B38AD2DD74A74D7A2FD12639A67","True",""
"2","C:\Users\omard\Desktop\Facturas2","Z001023321301.dmf","C:\Users\omard\Desktop\Facturas2\Z001023321301.dmf","Z001023321301.dmf",".dmf","259709","2025-01-08T14:54:26.0000000Z","F3D844BBA8FC8022A0430B7D8204CE1FE5AFE15CFD31316B87EF6555909FF493","True",""
"2","C:\Users\omard\Desktop\Facturas2","Z001023321302.dmf","C:\Users\omard\Desktop\Facturas2\Z001023321302.dmf","Z001023321302.dmf",".dmf","29541","2025-01-08T14:59:00.0000000Z","46CDEA9797689BF13810E12B71D886FB5CDB788CD8BACB69BE8717B1B54D003D","True",""
"2","C:\Users\omard\Desktop\Facturas2","Z001023321312.dmf","C:\Users\omard\Desktop\Facturas2\Z001023321312.dmf","Z001023321312.dmf",".dmf","259270","2025-01-08T15:02:02.0000000Z","D6A6CAE50CD859708A032323B98F5C092012114D34FE7CE12E2EFBEC126DA106","True",""
"2","C:\Users\omard\Desktop\Facturas2","Z001023321350.dmf","C:\Users\omard\Desktop\Facturas2\Z001023321350.dmf","Z001023321350.dmf",".dmf","259235","2025-01-08T15:04:08.0000000Z","4306360579E0C0E7EBC6CC91C32F29E8D94FBCEFCC84D5A595639553896FA12F","True",""
"2","C:\Users\omard\Desktop\Facturas2","Z001023321351.dmf","C:\Users\omard\Desktop\Facturas2\Z001023321351.dmf","Z001023321351.dmf",".dmf","259332","2025-01-08T15:05:52.0000000Z","000E85DBC7E14A026E2BB647687B5A1C905134D69BD15C8BB836DAF2ABF3DC55","True",""
"2","C:\Users\omard\Desktop\Facturas2","Z001023321353.dmf","C:\Users\omard\Desktop\Facturas2\Z001023321353.dmf","Z001023321353.dmf",".dmf","32201","2025-01-08T15:10:02.0000000Z","6A8E5F3B090D352FA18E4011504C6EB70FA703AD5E13593A1D40C61DCE271238","True",""
"2","C:\Users\omard\Desktop\Facturas2","Z001023321355.dmf","C:\Users\omard\Desktop\Facturas2\Z001023321355.dmf","Z001023321355.dmf",".dmf","57341","2025-01-08T15:14:14.0000000Z","80E717A982CCA15640A81C6893D6E3A8AB02F37E78A3EE1F789DE10FE3F0F5CA","True",""
"2","C:\Users\omard\Desktop\Facturas2","Z001023321358.dmf","C:\Users\omard\Desktop\Facturas2\Z001023321358.dmf","Z001023321358.dmf",".dmf","57198","2025-01-08T15:15:18.0000000Z","2A0B898166C001AB438D395A7ADE37E589B4891DA5046423EA949B7466515B1B","True",""
"2","C:\Users\omard\Desktop\Facturas2","Z001023321384.dmf","C:\Users\omard\Desktop\Facturas2\Z001023321384.dmf","Z001023321384.dmf",".dmf","357847","2025-01-08T15:16:48.0000000Z","4A7BAA3D123FA4F365BBA8E5C43BC826CFD28DB290C04D84D6555E28205CD2DD","True",""
"2","C:\Users\omard\Desktop\Facturas2","Z001023321385.dmf","C:\Users\omard\Desktop\Facturas2\Z001023321385.dmf","Z001023321385.dmf",".dmf","57765","2025-01-08T15:17:42.0000000Z","F7F778FD946057E3BB143CF487432F432CCFF52D043C39BEBCBBE7A8D26E9B22","True",""
"2","C:\Users\omard\Desktop\Facturas2","Z001023321386.dmf","C:\Users\omard\Desktop\Facturas2\Z001023321386.dmf","Z001023321386.dmf",".dmf","65681","2025-01-08T15:20:18.0000000Z","7305D6FA25A290E6A1A08F58967E5289DB7DD5027FA9D6DEEEC7A332472464AF","True",""
"2","C:\Users\omard\Desktop\Facturas2","Z001023321388.dmf","C:\Users\omard\Desktop\Facturas2\Z001023321388.dmf","Z001023321388.dmf",".dmf","490297","2025-01-08T15:21:54.0000000Z","301A2C8F956A5B42A095145B0A64EEC4F5C28049C40C03244CE5E4147692463D","True",""
"2","C:\Users\omard\Desktop\Facturas2","Z001023321390.dmf","C:\Users\omard\Desktop\Facturas2\Z001023321390.dmf","Z001023321390.dmf",".dmf","80269","2025-01-08T15:24:40.0000000Z","C058D46F34A70CEB625ABB682BBC150048A5D9CAF5A38EC712D4FED0C3E30212","True",""
"2","C:\Users\omard\Desktop\Facturas2","Z001023321399.dmf","C:\Users\omard\Desktop\Facturas2\Z001023321399.dmf","Z001023321399.dmf",".dmf","24071","2025-01-08T15:58:18.0000000Z","627479C7259965708D8638854B2465B0B80087DBB308F1DB6253B61E57CAE802","True",""
"2","C:\Users\omard\Desktop\Facturas2","Z001023321403.dmf","C:\Users\omard\Desktop\Facturas2\Z001023321403.dmf","Z001023321403.dmf",".dmf","942056","2025-01-08T16:01:52.0000000Z","7CD02B2EB22E9C2140264B96633DBDE0F0A0A875DBF8FE5023A353BDF6F20FE3","True",""
"2","C:\Users\omard\Desktop\Facturas2","Z001023321405.dmf","C:\Users\omard\Desktop\Facturas2\Z001023321405.dmf","Z001023321405.dmf",".dmf","83088","2025-01-08T16:03:46.0000000Z","2BD0C76E2F8BD7BB1E0F68F1A054AABD1D333FE92BC86BFD21FF60D5A089F7C7","True",""
"2","C:\Users\omard\Desktop\Facturas2","Z001023321407.dmf","C:\Users\omard\Desktop\Facturas2\Z001023321407.dmf","Z001023321407.dmf",".dmf","13344","2025-01-08T16:04:52.0000000Z","88180A919B4EDC6E2C706E610D4EE80A90BD7C41D7D614A3BF30F52DA0F4C8A0","True",""
"2","C:\Users\omard\Desktop\Facturas2","Z001023321408.dmf","C:\Users\omard\Desktop\Facturas2\Z001023321408.dmf","Z001023321408.dmf",".dmf","112998","2025-01-08T16:12:04.0000000Z","89EF747A44E7300FD706C520A68A39B5193012A21308BBB38E08925D34C64CBA","True",""
"2","C:\Users\omard\Desktop\Facturas2","Z001023321412.dmf","C:\Users\omard\Desktop\Facturas2\Z001023321412.dmf","Z001023321412.dmf",".dmf","112626","2025-01-08T16:14:12.0000000Z","EEA0241044504E85D0EAE2380B1998C3E5FA453283FEA3EEC8A8DA4FC3BEB84D","True",""
"2","C:\Users\omard\Desktop\Facturas2","Z001023321587.dmf","C:\Users\omard\Desktop\Facturas2\Z001023321587.dmf","Z001023321587.dmf",".dmf","29087","2025-01-08T17:27:00.0000000Z","96148A845E5AD0EDFFEA42A87DF6CF495D5F939A2538441EC0316A59FBCE3CFD","True",""
"2","C:\Users\omard\Desktop\Facturas2","Z001023321589.dmf","C:\Users\omard\Desktop\Facturas2\Z001023321589.dmf","Z001023321589.dmf",".dmf","79064","2025-01-08T17:29:44.0000000Z","07EB978BFEE8A3D450A2A02EA2A7C3A7ACA1A9EB5BCEB526AA03E100D5923D68","True",""
"2","C:\Users\omard\Desktop\Facturas2","Z001023321593.dmf","C:\Users\omard\Desktop\Facturas2\Z001023321593.dmf","Z001023321593.dmf",".dmf","29588","2025-01-08T17:32:22.0000000Z","DB6EC47BD17DD9F5BC66AF8B2C91C67F4B6DC8CAC68264BD606C03313163ED7D","True",""
"2","C:\Users\omard\Desktop\Facturas2","Z001023321595.dmf","C:\Users\omard\Desktop\Facturas2\Z001023321595.dmf","Z001023321595.dmf",".dmf","82198","2025-01-08T17:34:10.0000000Z","0993E0F0E4768ABA607BBDA3ADFA8F0F5C502E293C8BC9233E8DDBB4297D68BE","True",""
"2","C:\Users\omard\Desktop\Facturas2","Z001023321623.dmf","C:\Users\omard\Desktop\Facturas2\Z001023321623.dmf","Z001023321623.dmf",".dmf","31540","2025-01-08T17:58:20.0000000Z","7488812907215449A5CAD92AE5296FE19E0AEA2EA514EFABA2B4CCAF76590EDD","True",""
"2","C:\Users\omard\Desktop\Facturas2","Z001023321628.dmf","C:\Users\omard\Desktop\Facturas2\Z001023321628.dmf","Z001023321628.dmf",".dmf","259761","2025-01-08T18:01:18.0000000Z","DE965D4201038030B0CA96DF4E2B976350153DA2428A3C168A46A0C51EFA0B12","True",""
"2","C:\Users\omard\Desktop\Facturas2","Z001023321635.dmf","C:\Users\omard\Desktop\Facturas2\Z001023321635.dmf","Z001023321635.dmf",".dmf","25981","2025-01-08T18:04:08.0000000Z","033A5519F6A5DA0543BC7CDF52CC48F792E85EBC59BFF593B8B4D5E31EDFC177","True",""
"2","C:\Users\omard\Desktop\Facturas2","Z001023321692.dmf","C:\Users\omard\Desktop\Facturas2\Z001023321692.dmf","Z001023321692.dmf",".dmf","82550","2025-01-08T18:09:22.0000000Z","7C3F921A2C2E6921F4C26A669CFA7DED0F69E434B41210D17559366B80943BF1","True",""
"2","C:\Users\omard\Desktop\Facturas2","Z001023321693.dmf","C:\Users\omard\Desktop\Facturas2\Z001023321693.dmf","Z001023321693.dmf",".dmf","82774","2025-01-08T18:11:18.0000000Z","DEB3932A897549AD06C1B16AA9F9B2CF49157007129C56A82F8914670A2D83B4","True",""
"2","C:\Users\omard\Desktop\Facturas2","Z001023321695.dmf","C:\Users\omard\Desktop\Facturas2\Z001023321695.dmf","Z001023321695.dmf",".dmf","82261","2025-01-08T18:13:58.0000000Z","C3C7E391FEEF7B2A8058B1929B1F99954488CEC3BDBE10236F3D0CEBA3F7304F","True",""
"2","C:\Users\omard\Desktop\Facturas2","Z001023321724.dmf","C:\Users\omard\Desktop\Facturas2\Z001023321724.dmf","Z001023321724.dmf",".dmf","24480","2025-01-08T18:23:10.0000000Z","B6C55A6DB1E20558E32CCAD99E5643E6EAC30EE7FD52C5B00D2180A0BDE38FF3","True",""
"2","C:\Users\omard\Desktop\Facturas2","Z001023321725.dmf","C:\Users\omard\Desktop\Facturas2\Z001023321725.dmf","Z001023321725.dmf",".dmf","18336","2025-01-08T18:24:08.0000000Z","A264E48EF8983F80936BE2818447E1F8D9CBF70D15F31AE9DF723319ED1A362F","True",""
"2","C:\Users\omard\Desktop\Facturas2","Z001023321727.dmf","C:\Users\omard\Desktop\Facturas2\Z001023321727.dmf","Z001023321727.dmf",".dmf","18328","2025-01-08T18:26:58.0000000Z","DD72DEB8C6F34F585C798DDC6B6F4AA8A0192DB5CBE57D45AEA28FA8C379F403","True",""
"2","C:\Users\omard\Desktop\Facturas2","Z001023321843.dmf","C:\Users\omard\Desktop\Facturas2\Z001023321843.dmf","Z001023321843.dmf",".dmf","4708","2025-01-08T18:44:34.0000000Z","8A2D3B22A3E215679B7A1839F9F3B5372AF4E696C43C8CF6682837C468AD050F","True",""
"2","C:\Users\omard\Desktop\Facturas2","Z001023321892.dmf","C:\Users\omard\Desktop\Facturas2\Z001023321892.dmf","Z001023321892.dmf",".dmf","4710","2025-01-08T18:46:44.0000000Z","7672A3A076AACD18F4CE15ADCC902D0EA7EA93EDB75A8A7C643ABF98688F09A0","True",""
"2","C:\Users\omard\Desktop\Facturas2","Z001023321893.dmf","C:\Users\omard\Desktop\Facturas2\Z001023321893.dmf","Z001023321893.dmf",".dmf","85196","2025-01-08T18:48:24.0000000Z","B1D1C177CBE968126AEEA81EC02D9D4A53C86A3A570A99ED15CB4B5D9392ED7D","True",""
"2","C:\Users\omard\Desktop\Facturas2","Z001023321894.dmf","C:\Users\omard\Desktop\Facturas2\Z001023321894.dmf","Z001023321894.dmf",".dmf","85196","2025-01-08T18:49:16.0000000Z","C882C9784BF597D0B6103D0671ACE87C705A15BFBF188F7C1238F83D5F180C7F","True",""
"2","C:\Users\omard\Desktop\Facturas2","Z001023321895.dmf","C:\Users\omard\Desktop\Facturas2\Z001023321895.dmf","Z001023321895.dmf",".dmf","85771","2025-01-08T18:50:44.0000000Z","AD3976DD27B8AF002D9C1474C963DF06A62F4B18BA0C87632A5D835E295C968E","True",""
"2","C:\Users\omard\Desktop\Facturas2","Z001023321896.dmf","C:\Users\omard\Desktop\Facturas2\Z001023321896.dmf","Z001023321896.dmf",".dmf","89546","2025-01-08T18:52:38.0000000Z","D2C60E4F0A37A22B7FA42B8EE36DFFF8205DA9B4F6082C1A62BC7D8FF8578368","True",""
"2","C:\Users\omard\Desktop\Facturas2","Z001023321897.dmf","C:\Users\omard\Desktop\Facturas2\Z001023321897.dmf","Z001023321897.dmf",".dmf","75640","2025-01-08T18:54:48.0000000Z","7F72CB4CB5A1235D2D23C9842C522E0C1B5D7D5B1CE9B46F02C17C38979D3928","True",""
"2","C:\Users\omard\Desktop\Facturas2","Z001023321898.dmf","C:\Users\omard\Desktop\Facturas2\Z001023321898.dmf","Z001023321898.dmf",".dmf","29257","2025-01-08T18:56:20.0000000Z","EC63DBEE70DF61F90B728978BE9FF490AFA01B11D8C6148F06F2259F1BDF83BE","True",""
"2","C:\Users\omard\Desktop\Facturas2","Z001023321925.dmf","C:\Users\omard\Desktop\Facturas2\Z001023321925.dmf","Z001023321925.dmf",".dmf","18328","2025-01-08T19:00:12.0000000Z","D58CDDA28A0F56380BF0E4F0E6521D45EB7C036ACFE9A7B7BE60D6A8F6BB8ED5","True",""
"2","C:\Users\omard\Desktop\Facturas2","Z001023321981.dmf","C:\Users\omard\Desktop\Facturas2\Z001023321981.dmf","Z001023321981.dmf",".dmf","18329","2025-01-08T19:02:18.0000000Z","5EBC9EAB1393C71FDD4EFC09E9F2D0B9C3F4A1C9DD4956CD5D1BDBFE39F02922","True",""
"2","C:\Users\omard\Desktop\Facturas2","Z001023321985.dmf","C:\Users\omard\Desktop\Facturas2\Z001023321985.dmf","Z001023321985.dmf",".dmf","103107","2025-01-08T19:11:28.0000000Z","2783CECA1BF2E57752E17682B36B15B7169D8DA96146B0E428049B83C0B85CC1","True",""
"2","C:\Users\omard\Desktop\Facturas2","Z001023322035.dmf","C:\Users\omard\Desktop\Facturas2\Z001023322035.dmf","Z001023322035.dmf",".dmf","82863","2025-01-08T19:15:10.0000000Z","F13C10043F40DF6796D8A6336FE66213960586F47E7E973D83F00F63EBF34B5E","True",""
"2","C:\Users\omard\Desktop\Facturas2","Z001023322089.dmf","C:\Users\omard\Desktop\Facturas2\Z001023322089.dmf","Z001023322089.dmf",".dmf","219341","2025-01-08T19:34:52.0000000Z","80EDC539F6431D981112EAC9863FD911D5BF4E038D7C373774ADF1967C1B243F","True",""
"2","C:\Users\omard\Desktop\Facturas2","Z001023322090.dmf","C:\Users\omard\Desktop\Facturas2\Z001023322090.dmf","Z001023322090.dmf",".dmf","344376","2025-01-08T19:36:14.0000000Z","3A32A9500B5730A26AE3EBAEE82E7076F77CA4897D2DDC2A42F589452E3146FA","True",""
"2","C:\Users\omard\Desktop\Facturas2","Z001023322190.dmf","C:\Users\omard\Desktop\Facturas2\Z001023322190.dmf","Z001023322190.dmf",".dmf","185280","2025-01-08T21:05:44.0000000Z","F2B97C545E7AD8734C28E0F0AA2618577F3788EB79538582DF00F580223CF8B1","True",""
"2","C:\Users\omard\Desktop\Facturas2","Z001023322191.dmf","C:\Users\omard\Desktop\Facturas2\Z001023322191.dmf","Z001023322191.dmf",".dmf","185280","2025-01-08T21:08:54.0000000Z","B06365CD8F6ED75A1B960B0F6E9A43690EB4476C9B624655A09CF47D099247E7","True",""
"2","C:\Users\omard\Desktop\Facturas2","Z001023322237.dmf","C:\Users\omard\Desktop\Facturas2\Z001023322237.dmf","Z001023322237.dmf",".dmf","43580","2025-01-08T21:30:12.0000000Z","D8D1D0AF9CA25EF7FCCED9186728CAE2F734524753B9120BD0C779E46BDDD1A7","True",""
"2","C:\Users\omard\Desktop\Facturas2","Z001023322241.dmf","C:\Users\omard\Desktop\Facturas2\Z001023322241.dmf","Z001023322241.dmf",".dmf","43497","2025-01-08T21:32:44.0000000Z","730C79837EE749B8ADECCBCA5062B00264279E5C146384491E742F06075A7004","True",""
"2","C:\Users\omard\Desktop\Facturas2","Z001023322242.dmf","C:\Users\omard\Desktop\Facturas2\Z001023322242.dmf","Z001023322242.dmf",".dmf","43133","2025-01-08T21:34:08.0000000Z","8AE1217121FE48C63DD0E1569FA90A53ABA04CDD61E18FCD0CA149487580513D","True",""
"2","C:\Users\omard\Desktop\Facturas2","Z001023322243.dmf","C:\Users\omard\Desktop\Facturas2\Z001023322243.dmf","Z001023322243.dmf",".dmf","43860","2025-01-08T21:35:42.0000000Z","1ED69AAAE3E4642FAD463CE451185FE22521D6E2295F5596C08A1C3FC1F333BE","True",""
"2","C:\Users\omard\Desktop\Facturas2","Z001023322244.dmf","C:\Users\omard\Desktop\Facturas2\Z001023322244.dmf","Z001023322244.dmf",".dmf","43497","2025-01-08T21:36:58.0000000Z","2E6CFD12E722FEBC018C7F3682014C210E76EB8B541569E03E22A2FC237A4BB7","True",""
"2","C:\Users\omard\Desktop\Facturas2","Z001023322245.dmf","C:\Users\omard\Desktop\Facturas2\Z001023322245.dmf","Z001023322245.dmf",".dmf","43088","2025-01-08T21:38:20.0000000Z","6BEBF2E10A0D04DFDB22C5FA30F71AF6BA520BFDB476490CDB51E12DD002731B","True",""
"2","C:\Users\omard\Desktop\Facturas2","Z001023322246.dmf","C:\Users\omard\Desktop\Facturas2\Z001023322246.dmf","Z001023322246.dmf",".dmf","43789","2025-01-08T21:42:58.0000000Z","B3A3350031009E174B2F1ECFFEB5F7DF35F1C9A72C97CB318103D877A8272624","True",""
"2","C:\Users\omard\Desktop\Facturas2","Z001023322781.dmf","C:\Users\omard\Desktop\Facturas2\Z001023322781.dmf","Z001023322781.dmf",".dmf","80638","2025-01-08T22:51:04.0000000Z","255CD6B357612CBE1CF5BD353CF688AD225EDCADDE7F0F592FD7A356C1F4FC6D","True",""
"2","C:\Users\omard\Desktop\Facturas2","Z001023336097.dmf","C:\Users\omard\Desktop\Facturas2\Z001023336097.dmf","Z001023336097.dmf",".dmf","13269","2025-01-09T11:41:52.0000000Z","E60D38B5DFEBE0900A01DFA67973A6A527007E0116FCC64D856F61269EAF752A","True",""
"2","C:\Users\omard\Desktop\Facturas2","Z001023336098.dmf","C:\Users\omard\Desktop\Facturas2\Z001023336098.dmf","Z001023336098.dmf",".dmf","13252","2025-01-09T11:42:52.0000000Z","C16FC768A53AF6B869ADA5316DC8EF2845A854E972A4B3B0305B4B4D8A0046F7","True",""
"2","C:\Users\omard\Desktop\Facturas2","Z001023336228.dmf","C:\Users\omard\Desktop\Facturas2\Z001023336228.dmf","Z001023336228.dmf",".dmf","36911","2025-01-09T13:38:36.0000000Z","6886EB3FD3736D618001C2E8AAAA0DE1BC7C2756D2628466A603875CFBFD3A2E","True",""
"2","C:\Users\omard\Desktop\Facturas2","Z001023336229.dmf","C:\Users\omard\Desktop\Facturas2\Z001023336229.dmf","Z001023336229.dmf",".dmf","34299","2025-01-09T13:40:54.0000000Z","0D7DA2F2620D5A728B8437C28A170B192FF82623EDE25C5E5EDE1004952F60E2","True",""
"2","C:\Users\omard\Desktop\Facturas2","Z001023336270.dmf","C:\Users\omard\Desktop\Facturas2\Z001023336270.dmf","Z001023336270.dmf",".dmf","61315","2025-01-09T13:58:14.0000000Z","CE4044E3C7AC13E7A1AC4F5D78C2183B7731B5EF51AA27D9A02A14DA94AE2A3A","True",""
"2","C:\Users\omard\Desktop\Facturas2","Z001023336275.dmf","C:\Users\omard\Desktop\Facturas2\Z001023336275.dmf","Z001023336275.dmf",".dmf","62176","2025-01-09T14:04:06.0000000Z","CCC2F3E6F873A9CA3C815A00FD7467F2DA62921902F7FB338BF825DA842ED2BF","True",""
"2","C:\Users\omard\Desktop\Facturas2","Z001023336277.dmf","C:\Users\omard\Desktop\Facturas2\Z001023336277.dmf","Z001023336277.dmf",".dmf","83513","2025-01-09T14:04:10.0000000Z","FCA4DBCA82CA334CBF3AD3B5FF5CE64314DC9D1199A53022F66F94FEC5E3DDAD","True",""
"2","C:\Users\omard\Desktop\Facturas2","Z001023336292.dmf","C:\Users\omard\Desktop\Facturas2\Z001023336292.dmf","Z001023336292.dmf",".dmf","41401","2025-01-09T14:08:16.0000000Z","2E09F37CD5AC04971D71617E636FF87C5334140A436870F690DA061856391717","True",""
"2","C:\Users\omard\Desktop\Facturas2","Z001023336294.dmf","C:\Users\omard\Desktop\Facturas2\Z001023336294.dmf","Z001023336294.dmf",".dmf","31341","2025-01-09T14:11:36.0000000Z","6F34CA4125262B2921421329ECBC7C9B9B6E4B7133A018868DCD831A3E64AB61","True",""
"2","C:\Users\omard\Desktop\Facturas2","Z001023336303.dmf","C:\Users\omard\Desktop\Facturas2\Z001023336303.dmf","Z001023336303.dmf",".dmf","67098","2025-01-09T14:15:22.0000000Z","5D4C88FE54DE7434A8C37F18A41B839C5AFFC01E7610D3853F92CB2BD0126593","True",""
"2","C:\Users\omard\Desktop\Facturas2","Z001023336305.dmf","C:\Users\omard\Desktop\Facturas2\Z001023336305.dmf","Z001023336305.dmf",".dmf","5389","2025-01-09T14:16:30.0000000Z","A1194E1CE2C09FCB0C7C932A1D11FD3B920FC324E725D2FA9DE49193559B74A8","True",""
"2","C:\Users\omard\Desktop\Facturas2","Z001023336306.dmf","C:\Users\omard\Desktop\Facturas2\Z001023336306.dmf","Z001023336306.dmf",".dmf","30813","2025-01-09T14:17:44.0000000Z","AB9FC13DEDAFB82475D44F790DD1614E11F43553AF39C515ACB5983E34AA4D64","True",""
"2","C:\Users\omard\Desktop\Facturas2","Z001023336318.dmf","C:\Users\omard\Desktop\Facturas2\Z001023336318.dmf","Z001023336318.dmf",".dmf","119651","2025-01-09T14:25:08.0000000Z","47F3E50257F1B2F792166F06BEF715F753820EFAFF8E9CC8D9F1CBDBF0A5CA29","True",""
"2","C:\Users\omard\Desktop\Facturas2","Z001023336320.dmf","C:\Users\omard\Desktop\Facturas2\Z001023336320.dmf","Z001023336320.dmf",".dmf","67434","2025-01-09T14:26:38.0000000Z","5E71BFBEE5796F1BFCFBB960CDFDA097F2A845D04418A58947E7210AA24C824D","True",""
"2","C:\Users\omard\Desktop\Facturas2","Z001023336321.dmf","C:\Users\omard\Desktop\Facturas2\Z001023336321.dmf","Z001023336321.dmf",".dmf","482239","2025-01-09T14:27:52.0000000Z","67A0F3C753DA065798E9C0697D96BD1E01E759F269B30DD0091B64E83ABDE847","True",""
"2","C:\Users\omard\Desktop\Facturas2","Z001023336322.dmf","C:\Users\omard\Desktop\Facturas2\Z001023336322.dmf","Z001023336322.dmf",".dmf","64041","2025-01-09T14:27:58.0000000Z","6BEC91DE9B79A80D365E5C17747632219C3F0423D90AE9A6326888FF0DEA2AC4","True",""
"2","C:\Users\omard\Desktop\Facturas2","Z001023336323.dmf","C:\Users\omard\Desktop\Facturas2\Z001023336323.dmf","Z001023336323.dmf",".dmf","6429","2025-01-09T14:29:02.0000000Z","D25009D5152326C8D08D1257FE7E1292256618D7980BE1D13CB4C620889DE18A","True",""
"2","C:\Users\omard\Desktop\Facturas2","Z001023336324.dmf","C:\Users\omard\Desktop\Facturas2\Z001023336324.dmf","Z001023336324.dmf",".dmf","612984","2025-01-09T14:29:42.0000000Z","FA143A0F0303552E66030FE015915A2F50164BBEE7FFA8A43B1044CD3CB200D1","True",""
"2","C:\Users\omard\Desktop\Facturas2","Z001023336345.dmf","C:\Users\omard\Desktop\Facturas2\Z001023336345.dmf","Z001023336345.dmf",".dmf","612984","2025-01-09T14:31:26.0000000Z","8BAE0BC0346BF8BDB8EA6138272F0C4FD92BE991956A62054EFB97CB07AD7B18","True",""
"2","C:\Users\omard\Desktop\Facturas2","Z001023336346.dmf","C:\Users\omard\Desktop\Facturas2\Z001023336346.dmf","Z001023336346.dmf",".dmf","71720","2025-01-09T14:31:36.0000000Z","4206521777E6C616CBD2CC9D3067130BAAE5A4BD7061B82867C935D18903D764","True",""
"2","C:\Users\omard\Desktop\Facturas2","Z001023336347.dmf","C:\Users\omard\Desktop\Facturas2\Z001023336347.dmf","Z001023336347.dmf",".dmf","82666","2025-01-09T14:32:04.0000000Z","FAD800190E379D951C11700D865548EE76CDC5D72843DC372CEB4943C0103975","True",""
"2","C:\Users\omard\Desktop\Facturas2","Z001023336348.dmf","C:\Users\omard\Desktop\Facturas2\Z001023336348.dmf","Z001023336348.dmf",".dmf","4532","2025-01-09T14:33:22.0000000Z","0E47E2622E0BEEA3950308417B8C1897C02B654CF455FEBFB3E66DBA0307A4C3","True",""
"2","C:\Users\omard\Desktop\Facturas2","Z001023336373.dmf","C:\Users\omard\Desktop\Facturas2\Z001023336373.dmf","Z001023336373.dmf",".dmf","78113","2025-01-09T14:34:26.0000000Z","CEB55FE347F095C7CC768D7317AD7A09DE2078AA29B5AE0BA21139B46524975B","True",""
"2","C:\Users\omard\Desktop\Facturas2","Z001023336383.dmf","C:\Users\omard\Desktop\Facturas2\Z001023336383.dmf","Z001023336383.dmf",".dmf","30052","2025-01-09T14:36:38.0000000Z","AFC8EF289FEA39C34A00B2C83626132C51E38FEEE1AD5B51E531A00DD9EEEFC3","True",""
"2","C:\Users\omard\Desktop\Facturas2","Z001023336432.dmf","C:\Users\omard\Desktop\Facturas2\Z001023336432.dmf","Z001023336432.dmf",".dmf","29352","2025-01-09T14:54:04.0000000Z","FAD1DE8E338E5D2E5E25BA0089684C30F6E951EEFF3B816FFBB24C2F36A56F92","True",""
"2","C:\Users\omard\Desktop\Facturas2","Z001023336433.dmf","C:\Users\omard\Desktop\Facturas2\Z001023336433.dmf","Z001023336433.dmf",".dmf","17300","2025-01-09T14:55:12.0000000Z","303A8BE9BB0683B4B2B27B4E308BDEA65F82FFBA70AD51565058709AD07AE60A","True",""
"2","C:\Users\omard\Desktop\Facturas2","Z001023336437.dmf","C:\Users\omard\Desktop\Facturas2\Z001023336437.dmf","Z001023336437.dmf",".dmf","29456","2025-01-09T14:56:56.0000000Z","344D177332A8AA788F996CA829D4E62270E21628095B6C1142E18D35C764DBF5","True",""
"2","C:\Users\omard\Desktop\Facturas2","Z001023336576.dmf","C:\Users\omard\Desktop\Facturas2\Z001023336576.dmf","Z001023336576.dmf",".dmf","82240","2025-01-09T15:16:06.0000000Z","7E8AA3146720BC266AEA11455C5947D83E396B8C2D2521EFDC64FE412C83E9EC","True",""
"2","C:\Users\omard\Desktop\Facturas2","Z001023336604.dmf","C:\Users\omard\Desktop\Facturas2\Z001023336604.dmf","Z001023336604.dmf",".dmf","21276","2025-01-09T15:27:02.0000000Z","120B5054544F81211E92BC2CC1B9B953A9000386652E22E4EC39D17D51A5C764","True",""
"2","C:\Users\omard\Desktop\Facturas2","Z001023336648.dmf","C:\Users\omard\Desktop\Facturas2\Z001023336648.dmf","Z001023336648.dmf",".dmf","69594","2025-01-09T15:31:48.0000000Z","7F5A483E8F256E5332FEA45BC196A080A97678F3D45C3B5A810B852372776E38","True",""
"2","C:\Users\omard\Desktop\Facturas2","Z001023336650.dmf","C:\Users\omard\Desktop\Facturas2\Z001023336650.dmf","Z001023336650.dmf",".dmf","45395","2025-01-09T15:33:34.0000000Z","89236BD8E8E3A019538FF7A4A18912421B0D5CF370757D16626983092DB3F67A","True",""
"2","C:\Users\omard\Desktop\Facturas2","Z001023336653.dmf","C:\Users\omard\Desktop\Facturas2\Z001023336653.dmf","Z001023336653.dmf",".dmf","616363","2025-01-09T15:37:06.0000000Z","21C4835AE93C433000AB46BB1B6662B1284F4F26D7146EF120D39BAA6ABC1374","True",""
"2","C:\Users\omard\Desktop\Facturas2","Z001023336654.dmf","C:\Users\omard\Desktop\Facturas2\Z001023336654.dmf","Z001023336654.dmf",".dmf","616407","2025-01-09T15:38:52.0000000Z","41272C5167B790D72DE07C9707E875D4CBFFFB0136E95AB84FB93536027FCBF5","True",""
"2","C:\Users\omard\Desktop\Facturas2","Z001023336656.dmf","C:\Users\omard\Desktop\Facturas2\Z001023336656.dmf","Z001023336656.dmf",".dmf","616369","2025-01-09T15:42:52.0000000Z","3EFF9D3A99700FE33EA162383BA5E04DCB53129CA9A07AF2270C9EB59FBF8E6D","True",""
"2","C:\Users\omard\Desktop\Facturas2","Z001023336658.dmf","C:\Users\omard\Desktop\Facturas2\Z001023336658.dmf","Z001023336658.dmf",".dmf","616417","2025-01-09T15:44:44.0000000Z","F3E1F61CF6E82312B5C56ED1E13D1AB86A17C0FEBA4905C59C91C97576B3769E","True",""
"2","C:\Users\omard\Desktop\Facturas2","Z001023336682.dmf","C:\Users\omard\Desktop\Facturas2\Z001023336682.dmf","Z001023336682.dmf",".dmf","616354","2025-01-09T15:47:20.0000000Z","DBEAEF091AE0498E4DEC7BF394353DFD12973F58C8AADD7D0541154EAB8C7A84","True",""
"2","C:\Users\omard\Desktop\Facturas2","Z001023336683.dmf","C:\Users\omard\Desktop\Facturas2\Z001023336683.dmf","Z001023336683.dmf",".dmf","616394","2025-01-09T15:49:10.0000000Z","573C2DDD7748A92A5D002A74A3B787168EBFED861C290A836D198335EF9A81F4","True",""
"2","C:\Users\omard\Desktop\Facturas2","Z001023336684.dmf","C:\Users\omard\Desktop\Facturas2\Z001023336684.dmf","Z001023336684.dmf",".dmf","82533","2025-01-09T15:51:10.0000000Z","D577CA4887013FF42A16BF02A24F8671DB9A28739669D9728F9417AF97835BA7","True",""
"2","C:\Users\omard\Desktop\Facturas2","Z001023336685.dmf","C:\Users\omard\Desktop\Facturas2\Z001023336685.dmf","Z001023336685.dmf",".dmf","503518","2025-01-09T15:54:14.0000000Z","292A890FDED6396F65FF50946F9BB4ED39760B7DFB1DA93531B2CDE5700E2D32","True",""
"2","C:\Users\omard\Desktop\Facturas2","Z001023336738.dmf","C:\Users\omard\Desktop\Facturas2\Z001023336738.dmf","Z001023336738.dmf",".dmf","7468","2025-01-09T16:36:04.0000000Z","AF7C19338E992DB808067D04311A62A6554FECE0C2918EBB1C17D841C1BF8F7C","True",""
"2","C:\Users\omard\Desktop\Facturas2","Z001023336745.dmf","C:\Users\omard\Desktop\Facturas2\Z001023336745.dmf","Z001023336745.dmf",".dmf","140909","2025-01-09T16:41:58.0000000Z","0503EEB2E101759DDD03F7D6718EBC0FDE95A515E38BFDA621EFA606F3904ED0","True",""
"2","C:\Users\omard\Desktop\Facturas2","Z001023336748.dmf","C:\Users\omard\Desktop\Facturas2\Z001023336748.dmf","Z001023336748.dmf",".dmf","64143","2025-01-09T16:48:44.0000000Z","5293993075DC994321C124A3E32FEAAD1485FF8DCD4B05D9E3877D64DB8518B7","True",""
"2","C:\Users\omard\Desktop\Facturas2","Z001023336934.dmf","C:\Users\omard\Desktop\Facturas2\Z001023336934.dmf","Z001023336934.dmf",".dmf","64032","2025-01-09T17:36:40.0000000Z","87F2D374A369D14AC5693095D5886FCCA4B572DA58447E4ABFF0358F9F6531C6","True",""
"2","C:\Users\omard\Desktop\Facturas2","Z001023337178.dmf","C:\Users\omard\Desktop\Facturas2\Z001023337178.dmf","Z001023337178.dmf",".dmf","48728","2025-01-09T18:07:36.0000000Z","8F924C459431C2DEFFB459AFA278D46542FB9801670739F6B759034F92E10A00","True",""
"2","C:\Users\omard\Desktop\Facturas2","Z001023337180.dmf","C:\Users\omard\Desktop\Facturas2\Z001023337180.dmf","Z001023337180.dmf",".dmf","189889","2025-01-09T18:11:58.0000000Z","9EDAC473B45EDE601837144EDDD2D1A12084CBB0DCA0D8E5054708AD48F4F82E","True",""
"2","C:\Users\omard\Desktop\Facturas2","Z001023337181.dmf","C:\Users\omard\Desktop\Facturas2\Z001023337181.dmf","Z001023337181.dmf",".dmf","5394","2025-01-09T18:12:08.0000000Z","E3B6A44A6F09DC9EB73EB7618D6867630254CB00AB06ABF56DDB99B8D13A06D5","True",""
"2","C:\Users\omard\Desktop\Facturas2","Z001023337303.dmf","C:\Users\omard\Desktop\Facturas2\Z001023337303.dmf","Z001023337303.dmf",".dmf","82588","2025-01-09T18:22:26.0000000Z","FD25086F8CE5C6793B4423E11D1F169F36167EE9B00057F760B33024A60B5402","True",""
"2","C:\Users\omard\Desktop\Facturas2","Z001023337304.dmf","C:\Users\omard\Desktop\Facturas2\Z001023337304.dmf","Z001023337304.dmf",".dmf","19999","2025-01-09T18:25:44.0000000Z","CAE194EB44CC5BB00445B93858B14AFEC199B56179A7E413713C4526E776A4D7","True",""
"2","C:\Users\omard\Desktop\Facturas2","Z001023337405.dmf","C:\Users\omard\Desktop\Facturas2\Z001023337405.dmf","Z001023337405.dmf",".dmf","83030","2025-01-09T18:49:46.0000000Z","784D7216C13492AB719709E9AFDAAB96DC0872C78A5B2B00B5E3602EB6B2A368","True",""
"2","C:\Users\omard\Desktop\Facturas2","Z001023337406.dmf","C:\Users\omard\Desktop\Facturas2\Z001023337406.dmf","Z001023337406.dmf",".dmf","41528","2025-01-09T18:51:08.0000000Z","246561C8D7ED9EF538949097DD273424B4BC11CC1B8386F2B6B15B59B77F1137","True",""
"2","C:\Users\omard\Desktop\Facturas2","Z001023337430.dmf","C:\Users\omard\Desktop\Facturas2\Z001023337430.dmf","Z001023337430.dmf",".dmf","103679","2025-01-09T19:08:40.0000000Z","B54B664CC32B3C0902E49B5F7D9BA977FD6E5AAB7EE3858ED3BF3B49CB699E78","True",""
"2","C:\Users\omard\Desktop\Facturas2","Z001023337446.dmf","C:\Users\omard\Desktop\Facturas2\Z001023337446.dmf","Z001023337446.dmf",".dmf","115969","2025-01-09T19:27:50.0000000Z","44855711B284DAD088D6B973813656B9A1F1306C657E200F70CDA716991E80B9","True",""
"2","C:\Users\omard\Desktop\Facturas2","Z001023337600.dmf","C:\Users\omard\Desktop\Facturas2\Z001023337600.dmf","Z001023337600.dmf",".dmf","82789","2025-01-09T20:02:00.0000000Z","3F91ED472AF47F5D05192673B29D5806C7BD3EA040C2FBDE92BB763F7BE87812","True",""
"2","C:\Users\omard\Desktop\Facturas2","Z001023337601.dmf","C:\Users\omard\Desktop\Facturas2\Z001023337601.dmf","Z001023337601.dmf",".dmf","82853","2025-01-09T20:05:44.0000000Z","AEAD5FA1A950313AD3B53E2F2A394D3B7E1F1BA19E1EAF5E82C78CA7B9107D33","True",""
"2","C:\Users\omard\Desktop\Facturas2","Z001023337673.dmf","C:\Users\omard\Desktop\Facturas2\Z001023337673.dmf","Z001023337673.dmf",".dmf","210719","2025-01-09T20:42:46.0000000Z","3EC09C207CE1164A3740C64D8A832A29B56589CD017BD30A77890A93E5E8477F","True",""
"2","C:\Users\omard\Desktop\Facturas2","Z001023337681.dmf","C:\Users\omard\Desktop\Facturas2\Z001023337681.dmf","Z001023337681.dmf",".dmf","211008","2025-01-09T20:46:00.0000000Z","D2C803C16B357993E12D0A80480439FD58472F2E5468E061B7C729C995E47704","True",""
"2","C:\Users\omard\Desktop\Facturas2","Z001023337682.dmf","C:\Users\omard\Desktop\Facturas2\Z001023337682.dmf","Z001023337682.dmf",".dmf","147948","2025-01-09T20:49:38.0000000Z","0DBEA3BF7E7A5147E283C427B525A70219360496D279AB919E2AAD454B3816DF","True",""
"2","C:\Users\omard\Desktop\Facturas2","Z001023337683.dmf","C:\Users\omard\Desktop\Facturas2\Z001023337683.dmf","Z001023337683.dmf",".dmf","147948","2025-01-09T20:51:44.0000000Z","5397F009E6573055013448D1A330E5849E3A9A9F5564A18695F07E9E4F75E050","True",""
"2","C:\Users\omard\Desktop\Facturas2","Z001023337691.dmf","C:\Users\omard\Desktop\Facturas2\Z001023337691.dmf","Z001023337691.dmf",".dmf","75548","2025-01-09T21:03:02.0000000Z","319D70212D6A8FC402DBB4A76B8CE93F67F08BBA7C7A440F917EC0D5DAAC47AF","True",""
"2","C:\Users\omard\Desktop\Facturas2","Z001023338053.dmf","C:\Users\omard\Desktop\Facturas2\Z001023338053.dmf","Z001023338053.dmf",".dmf","1042735","2025-01-09T22:10:18.0000000Z","36A1F579C76674DAE387D839A950C8F709D39F39B02D0F1A6890E36F8300943A","True",""
"2","C:\Users\omard\Desktop\Facturas2","Z001023338054.dmf","C:\Users\omard\Desktop\Facturas2\Z001023338054.dmf","Z001023338054.dmf",".dmf","1042757","2025-01-09T22:11:16.0000000Z","AB66721E9446FE3AD5F61B3CB487907A9D35809A2FADA78572A916D7B89F19F9","True",""
"2","C:\Users\omard\Desktop\Facturas2","Z001023338055.dmf","C:\Users\omard\Desktop\Facturas2\Z001023338055.dmf","Z001023338055.dmf",".dmf","1042746","2025-01-09T22:12:00.0000000Z","7E17B130D39B44580289081A7A4C2F4545692D351C2EFBE8D070A016C2C87C27","True",""
"2","C:\Users\omard\Desktop\Facturas2","Z001023338056.dmf","C:\Users\omard\Desktop\Facturas2\Z001023338056.dmf","Z001023338056.dmf",".dmf","38256","2025-01-09T22:12:50.0000000Z","E676AEE0228AC8470D2EB2683CDB9BAA23F7D4EBEDFEC99B27A95E855011EEE7","True",""
"2","C:\Users\omard\Desktop\Facturas2","Z001023338057.dmf","C:\Users\omard\Desktop\Facturas2\Z001023338057.dmf","Z001023338057.dmf",".dmf","38277","2025-01-09T22:13:44.0000000Z","6421E721A2244649F9BC0880D1262AEB278897BBA108D108FF3A022EB5BC9BEA","True",""
"2","C:\Users\omard\Desktop\Facturas2","Z001023338058.dmf","C:\Users\omard\Desktop\Facturas2\Z001023338058.dmf","Z001023338058.dmf",".dmf","38327","2025-01-09T22:20:14.0000000Z","7C8A562D02048AF378A38E6A22B4C40AF483297380C9D243231BFF9FC4F8AE3D","True",""
"2","C:\Users\omard\Desktop\Facturas2","Z001023338059.dmf","C:\Users\omard\Desktop\Facturas2\Z001023338059.dmf","Z001023338059.dmf",".dmf","38298","2025-01-09T22:20:58.0000000Z","988A8A99ED62C5B211A28009CEC882FC192D9F24C12049B0AD0B7B8361B077E7","True",""
"2","C:\Users\omard\Desktop\Facturas2","Z001023338060.dmf","C:\Users\omard\Desktop\Facturas2\Z001023338060.dmf","Z001023338060.dmf",".dmf","82993","2025-01-09T22:22:52.0000000Z","49BA4917826DEB87B4E847F6248A71A2942B69783A68D564C8E17C8AC52D2EA7","True",""
"2","C:\Users\omard\Desktop\Facturas2","Z001023338061.dmf","C:\Users\omard\Desktop\Facturas2\Z001023338061.dmf","Z001023338061.dmf",".dmf","91098","2025-01-09T22:25:06.0000000Z","4C98ABF3EA06A80F681C0BD5D1133743FC298B110376C077217E6A5F4AAC7C26","True",""
"2","C:\Users\omard\Desktop\Facturas2","Z001023338062.dmf","C:\Users\omard\Desktop\Facturas2\Z001023338062.dmf","Z001023338062.dmf",".dmf","168392","2025-01-09T22:26:28.0000000Z","B0AD8AC01202D0E50D0433BAF77606C3CDC472D1231D552361A9FA567EDE0634","True",""
"2","C:\Users\omard\Desktop\Facturas2","Z001023338063.dmf","C:\Users\omard\Desktop\Facturas2\Z001023338063.dmf","Z001023338063.dmf",".dmf","102964","2025-01-09T22:30:42.0000000Z","89C3F74187E4418E5470D761DD49312269667D1EE87216BDE6A4B4675FCFAA01","True",""
"2","C:\Users\omard\Desktop\Facturas2","Z001023338064.dmf","C:\Users\omard\Desktop\Facturas2\Z001023338064.dmf","Z001023338064.dmf",".dmf","102163","2025-01-09T22:31:44.0000000Z","F1747AE7B6EF55161482E9A80977470C6DEF2D1D018FD0E756ED8A908C79F5C0","True",""
"2","C:\Users\omard\Desktop\Facturas2","Z001023338065.dmf","C:\Users\omard\Desktop\Facturas2\Z001023338065.dmf","Z001023338065.dmf",".dmf","101846","2025-01-09T22:33:04.0000000Z","97C0E5B2A4DDD61585F1CBB2B8B75AE2BDE5A074C66DC42C0D2237D154881679","True",""
"2","C:\Users\omard\Desktop\Facturas2","Z001023338066.dmf","C:\Users\omard\Desktop\Facturas2\Z001023338066.dmf","Z001023338066.dmf",".dmf","102046","2025-01-09T22:34:14.0000000Z","50DF8797B67E5B0FAFCBB3DAA3C96519455D7535B30FB8528FEBEEF15B83D97E","True",""
"2","C:\Users\omard\Desktop\Facturas2","Z001023338067.dmf","C:\Users\omard\Desktop\Facturas2\Z001023338067.dmf","Z001023338067.dmf",".dmf","101804","2025-01-09T22:35:36.0000000Z","71CA2F7EDB7B88901986B1CDA08F7251EDDAB3BB4933BAA9E53117BD5DEC65F7","True",""
"2","C:\Users\omard\Desktop\Facturas2","Z001023338068.dmf","C:\Users\omard\Desktop\Facturas2\Z001023338068.dmf","Z001023338068.dmf",".dmf","81876","2025-01-09T22:38:48.0000000Z","EF33A1FBB2400D18D26F45CDA5C77854B778204316AC5DAB0C26C99034EC7488","True",""
"2","C:\Users\omard\Desktop\Facturas2","Z001023338072.dmf","C:\Users\omard\Desktop\Facturas2\Z001023338072.dmf","Z001023338072.dmf",".dmf","29532","2025-01-09T22:40:24.0000000Z","B5187ADF4C7BE8E091F3B197E341F1004AF5C5A9BE3CC1015954F0753047D4E6","True",""
"2","C:\Users\omard\Desktop\Facturas2","Z001023338073.dmf","C:\Users\omard\Desktop\Facturas2\Z001023338073.dmf","Z001023338073.dmf",".dmf","82759","2025-01-09T22:42:20.0000000Z","F8B76D3C45079424B42757A7E1ED2D18A46E7157B9267994FE22F9421BADC70B","True",""
"2","C:\Users\omard\Desktop\Facturas2","Z001023338074.dmf","C:\Users\omard\Desktop\Facturas2\Z001023338074.dmf","Z001023338074.dmf",".dmf","82898","2025-01-09T22:46:02.0000000Z","9C151B330DDBAD2E30039B6D2C4935EC91B8B1F99227CC705BFC7E8A2FE06021","True",""
"2","C:\Users\omard\Desktop\Facturas2","Z001023338075.dmf","C:\Users\omard\Desktop\Facturas2\Z001023338075.dmf","Z001023338075.dmf",".dmf","83554","2025-01-09T22:47:48.0000000Z","347198547C68F28DBCA9E83D5653852D106859219D2C471D9261345437F031FE","True",""
"2","C:\Users\omard\Desktop\Facturas2","Z001023338076.dmf","C:\Users\omard\Desktop\Facturas2\Z001023338076.dmf","Z001023338076.dmf",".dmf","83417","2025-01-09T22:49:14.0000000Z","59A2C5E846C76C0243D1F1944A17E84708A6850A0DE9B05ABB92B5B5325BA499","True",""
"2","C:\Users\omard\Desktop\Facturas2","Z001023338077.dmf","C:\Users\omard\Desktop\Facturas2\Z001023338077.dmf","Z001023338077.dmf",".dmf","83133","2025-01-09T22:53:22.0000000Z","D5AC2DF3791511D6B2B9B786F4C481923BA50207B47A125A20C65FDF05FC28D1","True",""
"2","C:\Users\omard\Desktop\Facturas2","Z001023338078.dmf","C:\Users\omard\Desktop\Facturas2\Z001023338078.dmf","Z001023338078.dmf",".dmf","205356","2025-01-09T22:55:32.0000000Z","4598FAF4FCEA04ECEDB6A15D2725EDF98A87097FDC9D8EDD440483166288D70F","True",""
"2","C:\Users\omard\Desktop\Facturas2","Z001023338079.dmf","C:\Users\omard\Desktop\Facturas2\Z001023338079.dmf","Z001023338079.dmf",".dmf","82641","2025-01-09T23:00:02.0000000Z","E53A08454F10B0588384634F94B7B937ABB081A281833BED0B137D041E094A29","True",""
"2","C:\Users\omard\Desktop\Facturas2","Z001023338080.dmf","C:\Users\omard\Desktop\Facturas2\Z001023338080.dmf","Z001023338080.dmf",".dmf","75335","2025-01-09T23:02:32.0000000Z","048DD34EDCA1E7FA224B22C7F460A3DBE9C69A3AC95308A410D30DC53A268440","True",""
"2","C:\Users\omard\Desktop\Facturas2","Z001023338081.dmf","C:\Users\omard\Desktop\Facturas2\Z001023338081.dmf","Z001023338081.dmf",".dmf","75473","2025-01-09T23:03:06.0000000Z","8F838391C40822998C691CDFC96C8DA46D904D2282E85D427A90034B54AE06CC","True",""
"2","C:\Users\omard\Desktop\Facturas2","Z001023338082.dmf","C:\Users\omard\Desktop\Facturas2\Z001023338082.dmf","Z001023338082.dmf",".dmf","74857","2025-01-09T23:03:48.0000000Z","27BB83A66CF12C37908133395EB4F20635FFB39B14B46237289F3614382C6FB7","True",""
"2","C:\Users\omard\Desktop\Facturas2","Z001023338083.dmf","C:\Users\omard\Desktop\Facturas2\Z001023338083.dmf","Z001023338083.dmf",".dmf","29317","2025-01-09T23:06:34.0000000Z","D04477BCD1D80CE4BFEB332CA1A0DF0572EAE324EA10EF90919E882D2C6FA810","True",""
"2","C:\Users\omard\Desktop\Facturas2","Z001023338084.dmf","C:\Users\omard\Desktop\Facturas2\Z001023338084.dmf","Z001023338084.dmf",".dmf","21334","2025-01-09T23:07:42.0000000Z","DFA19F26D3B442F1FABDFF3B7F878AFD1CB3505B3CF3E0DA8BFFFD337F95BE95","True",""
"2","C:\Users\omard\Desktop\Facturas2","Z001023338085.dmf","C:\Users\omard\Desktop\Facturas2\Z001023338085.dmf","Z001023338085.dmf",".dmf","81714","2025-01-09T23:10:50.0000000Z","3AA01AE768E7D79D53B4ED8792F28340B21EADFC5ED653DBE042D34901F26883","True",""
"2","C:\Users\omard\Desktop\Facturas2","Z001023338086.dmf","C:\Users\omard\Desktop\Facturas2\Z001023338086.dmf","Z001023338086.dmf",".dmf","26070","2025-01-09T23:18:10.0000000Z","25250FA3EB618D8791FE35058E397C7A2E16752E6657C3DF4BEC95D26F905B9D","True",""
"2","C:\Users\omard\Desktop\Facturas2","Z001023338087.dmf","C:\Users\omard\Desktop\Facturas2\Z001023338087.dmf","Z001023338087.dmf",".dmf","24949","2025-01-09T23:18:58.0000000Z","BABA62503AD307CA9B805F5807625FF3DEBE59240C8FCC67F59E4C97FD698833","True",""
"2","C:\Users\omard\Desktop\Facturas2","Z001023338088.dmf","C:\Users\omard\Desktop\Facturas2\Z001023338088.dmf","Z001023338088.dmf",".dmf","100464","2025-01-09T23:21:36.0000000Z","982AC21827A863088487CC87586978C2B2923DB54765493BDA2E36BCD9EEFFB2","True",""
"2","C:\Users\omard\Desktop\Facturas2","Z001023338089.dmf","C:\Users\omard\Desktop\Facturas2\Z001023338089.dmf","Z001023338089.dmf",".dmf","308055","2025-01-09T23:23:00.0000000Z","5A6EED9CE7AB77DDF2E53C384405E5E9B4086A28FBFAFA8C3EB0ADF8D12D08BB","True",""
"2","C:\Users\omard\Desktop\Facturas2","Z001023338090.dmf","C:\Users\omard\Desktop\Facturas2\Z001023338090.dmf","Z001023338090.dmf",".dmf","211795","2025-01-09T23:25:16.0000000Z","25785BD488C577A34DAF63A8CA2B30CE9F0EAA326EAC84FB53CC6E9ADFD94DB2","True",""
"2","C:\Users\omard\Desktop\Facturas2","Z001023349831.dmf","C:\Users\omard\Desktop\Facturas2\Z001023349831.dmf","Z001023349831.dmf",".dmf","43075","2025-01-10T10:39:58.0000000Z","39E8EB95C14AC46665EC552F017194089F260245513CF8A527D10D1D38098513","True",""
"2","C:\Users\omard\Desktop\Facturas2","Z001023349832.dmf","C:\Users\omard\Desktop\Facturas2\Z001023349832.dmf","Z001023349832.dmf",".dmf","42993","2025-01-10T10:42:50.0000000Z","7C157C83DA0FA7BB4BA6A13FC80E672C0F040B8BBD8B8FE1317F20C07B7D849A","True",""
"2","C:\Users\omard\Desktop\Facturas2","Z001023349833.dmf","C:\Users\omard\Desktop\Facturas2\Z001023349833.dmf","Z001023349833.dmf",".dmf","43354","2025-01-10T10:43:32.0000000Z","58EDCA33678AE5975CDC57CFE2272CC5363A6C845840704314D68962439931E0","True",""
"2","C:\Users\omard\Desktop\Facturas2","Z001023349834.dmf","C:\Users\omard\Desktop\Facturas2\Z001023349834.dmf","Z001023349834.dmf",".dmf","42886","2025-01-10T10:44:30.0000000Z","AD2BDC4678ED2A5F90F1600CC235F8F7ED26A05E9906D6056AB1CF399916D2B5","True",""
"2","C:\Users\omard\Desktop\Facturas2","Z001023349852.dmf","C:\Users\omard\Desktop\Facturas2\Z001023349852.dmf","Z001023349852.dmf",".dmf","42963","2025-01-10T10:45:10.0000000Z","1146FB807B4DF6C523B44006DB91D9491C34261036B7C376F00411C1868992D4","True",""
"2","C:\Users\omard\Desktop\Facturas2","Z001023349853.dmf","C:\Users\omard\Desktop\Facturas2\Z001023349853.dmf","Z001023349853.dmf",".dmf","123122","2025-01-10T10:47:22.0000000Z","F5C3FD8F4115B340DF7683212857A6487629A270365FC3BD73EB94CB7BAEE9F3","True",""
"2","C:\Users\omard\Desktop\Facturas2","Z001023349855.dmf","C:\Users\omard\Desktop\Facturas2\Z001023349855.dmf","Z001023349855.dmf",".dmf","65470","2025-01-10T10:52:42.0000000Z","044D8130AA006C2B8DE056F4825A518E85EF05046A67F13D0A6A41A032E0A1C4","True",""
"2","C:\Users\omard\Desktop\Facturas2","Z001023349970.dmf","C:\Users\omard\Desktop\Facturas2\Z001023349970.dmf","Z001023349970.dmf",".dmf","71740","2025-01-10T11:06:08.0000000Z","338BF82733E775BEA8686934AE95CC17230F70BB0F8AAF1FE1939DDC420D75AE","True",""
"2","C:\Users\omard\Desktop\Facturas2","Z001023349971.dmf","C:\Users\omard\Desktop\Facturas2\Z001023349971.dmf","Z001023349971.dmf",".dmf","28253","2025-01-10T11:10:34.0000000Z","8941AB16E3B6D7A1FEA613D0FC7C28544D30B994893E06179BE4617B16EB37D4","True",""
"2","C:\Users\omard\Desktop\Facturas2","Z001023349972.dmf","C:\Users\omard\Desktop\Facturas2\Z001023349972.dmf","Z001023349972.dmf",".dmf","28374","2025-01-10T11:11:36.0000000Z","A636D8B2AE4E66BEDEF40F705167A03DD4DC5A3292B0386283412294AC7D284A","True",""
"2","C:\Users\omard\Desktop\Facturas2","Z001023349975.dmf","C:\Users\omard\Desktop\Facturas2\Z001023349975.dmf","Z001023349975.dmf",".dmf","81266","2025-01-10T11:45:18.0000000Z","C9050ABA8DBC60E6906882BF77EE756799CEF3F02815BF7017E1A1B3A1750568","True",""
"2","C:\Users\omard\Desktop\Facturas2","Z001023349976.dmf","C:\Users\omard\Desktop\Facturas2\Z001023349976.dmf","Z001023349976.dmf",".dmf","25974","2025-01-10T11:50:06.0000000Z","81E13A299A684827054D16FED370E630FBD3A59FD8676CEA2FF6A1EDA6481283","True",""
"2","C:\Users\omard\Desktop\Facturas2","Z001023349977.dmf","C:\Users\omard\Desktop\Facturas2\Z001023349977.dmf","Z001023349977.dmf",".dmf","82732","2025-01-10T11:50:50.0000000Z","57D636D33CFF3C3233B4BEDDD777D5C58D36F09E917FA6A04012AF96075F58CA","True",""
"2","C:\Users\omard\Desktop\Facturas2","Z001023349978.jpg","C:\Users\omard\Desktop\Facturas2\Z001023349978.jpg","Z001023349978.jpg",".jpg","3630280","2025-01-10T11:53:02.0000000Z","E1393A74814533C9CB4BBB1CFA8322D6327E92B91CA096B775CDC735B74D8831","",""
"2","C:\Users\omard\Desktop\Facturas2","Z001023349979.jpg","C:\Users\omard\Desktop\Facturas2\Z001023349979.jpg","Z001023349979.jpg",".jpg","3449387","2025-01-10T11:53:42.0000000Z","CE7160133672FD9F3450176876854198FBF15716625BC1FDFAD793838A440CE2","",""
"2","C:\Users\omard\Desktop\Facturas2","Z001023349980.jpg","C:\Users\omard\Desktop\Facturas2\Z001023349980.jpg","Z001023349980.jpg",".jpg","3943990","2025-01-10T11:54:50.0000000Z","35F2897AC3C00021506195C4264DAB3B4C81A4A8133253F774EE00E5F34ADDD3","",""
"2","C:\Users\omard\Desktop\Facturas2","Z001023350018.dmf","C:\Users\omard\Desktop\Facturas2\Z001023350018.dmf","Z001023350018.dmf",".dmf","20429","2025-01-10T12:06:14.0000000Z","64615E59EB97E2E3989CC4833F62D29F053CD2749E925F17A9F90AF33A1624F9","True",""
"2","C:\Users\omard\Desktop\Facturas2","Z001023350020.dmf","C:\Users\omard\Desktop\Facturas2\Z001023350020.dmf","Z001023350020.dmf",".dmf","90433","2025-01-10T12:33:16.0000000Z","02ADB4CA929BB19E4C35744AF983197C302FE539D2668EC83A8850069BDED015","True",""
"2","C:\Users\omard\Desktop\Facturas2","Z001023350021.dmf","C:\Users\omard\Desktop\Facturas2\Z001023350021.dmf","Z001023350021.dmf",".dmf","73291","2025-01-10T12:46:12.0000000Z","9C751C03B7A97301BBB98BBFCB7FF3EF7398F91E6AEA21885B100B23AF2C6ECE","True",""
"2","C:\Users\omard\Desktop\Facturas2","Z001023350130.dmf","C:\Users\omard\Desktop\Facturas2\Z001023350130.dmf","Z001023350130.dmf",".dmf","82493","2025-01-10T14:13:10.0000000Z","9FB17667400A96670F91C8ABB00BF1DF2E6908348E01E157BCAAA0449A509505","True",""
"2","C:\Users\omard\Desktop\Facturas2","Z001023350185.dmf","C:\Users\omard\Desktop\Facturas2\Z001023350185.dmf","Z001023350185.dmf",".dmf","180062","2025-01-10T14:21:02.0000000Z","32F5A866874E860292C3B3F8170C19496D00D5273FC20AA9F86371BB8835EC53","True",""
"2","C:\Users\omard\Desktop\Facturas2","Z001023350192.dmf","C:\Users\omard\Desktop\Facturas2\Z001023350192.dmf","Z001023350192.dmf",".dmf","9946","2025-01-10T14:23:56.0000000Z","A0AA4FB4E3BC51382FE8D4417BD34968BC80E155537FADB5ADF51F03ABDC8E35","True",""
"2","C:\Users\omard\Desktop\Facturas2","Z001023350215.dmf","C:\Users\omard\Desktop\Facturas2\Z001023350215.dmf","Z001023350215.dmf",".dmf","10041","2025-01-10T14:34:26.0000000Z","1B24C7C2AB38FD3030723A145CB5A8289CACA735B628AD9FB757ED5B8976DB15","True",""
"2","C:\Users\omard\Desktop\Facturas2","Z001023350216.dmf","C:\Users\omard\Desktop\Facturas2\Z001023350216.dmf","Z001023350216.dmf",".dmf","120010","2025-01-10T14:36:58.0000000Z","87DF6AACB9BCE760460877286154C8D90EADBBC04A8A0AB7808333667268CC5D","True",""
"2","C:\Users\omard\Desktop\Facturas2","Z001023350217.dmf","C:\Users\omard\Desktop\Facturas2\Z001023350217.dmf","Z001023350217.dmf",".dmf","10030","2025-01-10T14:37:34.0000000Z","88A12021F30C9DC5BBCBA3D662E08F98E09EECA70CE28C91CF5EE20B18E8D4C4","True",""
"2","C:\Users\omard\Desktop\Facturas2","Z001023350219.dmf","C:\Users\omard\Desktop\Facturas2\Z001023350219.dmf","Z001023350219.dmf",".dmf","10036","2025-01-10T14:42:26.0000000Z","EF0CAB948D19CA42C0FFC446C3DA169EDCFDB0E66717472D38C8666B7C529913","True",""
"2","C:\Users\omard\Desktop\Facturas2","Z001023350226.dmf","C:\Users\omard\Desktop\Facturas2\Z001023350226.dmf","Z001023350226.dmf",".dmf","10027","2025-01-10T14:45:54.0000000Z","D18F084EFD2AE33581081F82090B0B368C87EFFB6377BDD811D055883761A504","True",""
"2","C:\Users\omard\Desktop\Facturas2","Z001023350318.dmf","C:\Users\omard\Desktop\Facturas2\Z001023350318.dmf","Z001023350318.dmf",".dmf","10034","2025-01-10T14:49:00.0000000Z","C34561D19607E9B2D119BD6655CE768F5E08E4A4CFAAD29D11F9EA02758AAF2B","True",""
"2","C:\Users\omard\Desktop\Facturas2","Z001023350339.dmf","C:\Users\omard\Desktop\Facturas2\Z001023350339.dmf","Z001023350339.dmf",".dmf","10033","2025-01-10T14:51:36.0000000Z","48462509D05D01A9AD4B2732E667D9EA74D5032E581DF63AC5AC2C326F6714F9","True",""
"2","C:\Users\omard\Desktop\Facturas2","Z001023350340.dmf","C:\Users\omard\Desktop\Facturas2\Z001023350340.dmf","Z001023350340.dmf",".dmf","10053","2025-01-10T14:53:58.0000000Z","98FD4C56FD8329C3960DE3D827A4C52FC79B874D719DEE4B2C737D52A8921806","True",""
"2","C:\Users\omard\Desktop\Facturas2","Z001023350341.dmf","C:\Users\omard\Desktop\Facturas2\Z001023350341.dmf","Z001023350341.dmf",".dmf","418166","2025-01-10T14:55:26.0000000Z","6700ADC79388F66E0AF3AE888E87E7E7767E92B0F309CC7F33F76D39B30C4EA1","True",""
"2","C:\Users\omard\Desktop\Facturas2","Z001023350375.dmf","C:\Users\omard\Desktop\Facturas2\Z001023350375.dmf","Z001023350375.dmf",".dmf","10140","2025-01-10T15:08:16.0000000Z","A4C685E439AEC9FB41836B8C35108A9F38C169DB3BBC255EC54D7ED26D19A7D4","True",""
"2","C:\Users\omard\Desktop\Facturas2","Z001023350376.dmf","C:\Users\omard\Desktop\Facturas2\Z001023350376.dmf","Z001023350376.dmf",".dmf","9726","2025-01-10T15:11:12.0000000Z","03F087D2B05385032A925EE83D178C8D09B27A2F42D20E11EC56CEDEB70A34F8","True",""
"2","C:\Users\omard\Desktop\Facturas2","Z001023350415.dmf","C:\Users\omard\Desktop\Facturas2\Z001023350415.dmf","Z001023350415.dmf",".dmf","10175","2025-01-10T15:20:38.0000000Z","9C0C4F2C9D03A092DE81B8AE95E1E503901DF1AA2AD02F9584A38C55E54982CB","True",""
"2","C:\Users\omard\Desktop\Facturas2","Z001023350416.dmf","C:\Users\omard\Desktop\Facturas2\Z001023350416.dmf","Z001023350416.dmf",".dmf","10232","2025-01-10T15:23:34.0000000Z","54DC5D76F0B90585778AC5CED7365F78EBC94E1D7142359EBD6570EE65689FFB","True",""
"2","C:\Users\omard\Desktop\Facturas2","Z001023350418.dmf","C:\Users\omard\Desktop\Facturas2\Z001023350418.dmf","Z001023350418.dmf",".dmf","30666","2025-01-10T15:27:10.0000000Z","9418F19B2413A565532EFCAA0892FA5236C122F1E14B06E7D14F97CD1864DC3C","True",""
"2","C:\Users\omard\Desktop\Facturas2","Z001023350419.dmf","C:\Users\omard\Desktop\Facturas2\Z001023350419.dmf","Z001023350419.dmf",".dmf","70831","2025-01-10T15:29:40.0000000Z","D5173244001739E2F71F90CD68F44235B2ED3345B297D71D44273DF0BFF39C1E","True",""
"2","C:\Users\omard\Desktop\Facturas2","Z001023350872.dmf","C:\Users\omard\Desktop\Facturas2\Z001023350872.dmf","Z001023350872.dmf",".dmf","116150","2025-01-10T17:36:14.0000000Z","120A27ACB152F4B1E9D583016A476DC9311310B2302965FD518216E82AD8E406","True",""
"2","C:\Users\omard\Desktop\Facturas2","Z001023350940.dmf","C:\Users\omard\Desktop\Facturas2\Z001023350940.dmf","Z001023350940.dmf",".dmf","116116","2025-01-10T17:37:56.0000000Z","799CB5E9DEEB6037521DAD9E1C4A52AB3CC5DF54AED4443B4E0F97B9817BED44","True",""
"2","C:\Users\omard\Desktop\Facturas2","Z001023350943.dmf","C:\Users\omard\Desktop\Facturas2\Z001023350943.dmf","Z001023350943.dmf",".dmf","116234","2025-01-10T17:39:32.0000000Z","337224BF8A1D4A713C28CC4B14326A071AA3108092CEC395CE1BCB479F77985B","True",""
"2","C:\Users\omard\Desktop\Facturas2","Z001023350944.dmf","C:\Users\omard\Desktop\Facturas2\Z001023350944.dmf","Z001023350944.dmf",".dmf","116309","2025-01-10T17:41:26.0000000Z","85D5805FFB555A79637ACD2FFC178C465FDE9A7CBF5C6BB777FF18F341182820","True",""
"2","C:\Users\omard\Desktop\Facturas2","Z001023350945.dmf","C:\Users\omard\Desktop\Facturas2\Z001023350945.dmf","Z001023350945.dmf",".dmf","116297","2025-01-10T17:44:00.0000000Z","91E841CB1A72378297E378E511B552F2634BAD2FA35BEA4C2ADE5BD547FD54D2","True",""
"2","C:\Users\omard\Desktop\Facturas2","Z001023351166.dmf","C:\Users\omard\Desktop\Facturas2\Z001023351166.dmf","Z001023351166.dmf",".dmf","65221","2025-01-10T18:25:22.0000000Z","E39B23CA497C043B277AC8AA6D4B1E4F095C52C91175397DACDC793D64794576","True",""
"2","C:\Users\omard\Desktop\Facturas2","Z001023351247.dmf","C:\Users\omard\Desktop\Facturas2\Z001023351247.dmf","Z001023351247.dmf",".dmf","84749","2025-01-10T18:48:46.0000000Z","2FA6B691AF6DE44DD41736CFE77FC29CC8731EC99AA2E3B5CA0CC3B48A65CEF0","True",""
"2","C:\Users\omard\Desktop\Facturas2","Z001023351248.dmf","C:\Users\omard\Desktop\Facturas2\Z001023351248.dmf","Z001023351248.dmf",".dmf","18086","2025-01-10T18:51:28.0000000Z","BA1BB95F85F5BFADECBCD77B7D1320C9A36CE16C6C1A39FA0FCAF9808171E48E","True",""
"2","C:\Users\omard\Desktop\Facturas2","Z001023351250.dmf","C:\Users\omard\Desktop\Facturas2\Z001023351250.dmf","Z001023351250.dmf",".dmf","795149","2025-01-10T18:54:40.0000000Z","7A2F36FD233E5E4BB7AA1CE2BAE0C08D2E1AE5A1ECF064F6510D8B53ABE45506","True",""
"2","C:\Users\omard\Desktop\Facturas2","Z001023351253.dmf","C:\Users\omard\Desktop\Facturas2\Z001023351253.dmf","Z001023351253.dmf",".dmf","81752","2025-01-10T19:08:16.0000000Z","6A4FE71C8457B4506A5B2842A5AA1CFD24876CF14AABB5A6211D972107A04536","True",""
"2","C:\Users\omard\Desktop\Facturas2","Z001023351256.dmf","C:\Users\omard\Desktop\Facturas2\Z001023351256.dmf","Z001023351256.dmf",".dmf","68509","2025-01-10T19:10:36.0000000Z","E380A9C33814DC826C0590EBED3CE9A707BB94A2D50FEF032DE81B43E7177FC5","True",""
"2","C:\Users\omard\Desktop\Facturas2","Z001023351257.dmf","C:\Users\omard\Desktop\Facturas2\Z001023351257.dmf","Z001023351257.dmf",".dmf","69099","2025-01-10T19:12:02.0000000Z","1AD37F2E76E53C1A17DA586A5FD18AD064DD9270761CB22E51043E35C69ED24B","True",""
"2","C:\Users\omard\Desktop\Facturas2","Z001023351267.dmf","C:\Users\omard\Desktop\Facturas2\Z001023351267.dmf","Z001023351267.dmf",".dmf","53105","2025-01-10T19:15:32.0000000Z","3C46D671237B33EB089E56446B8BE18B8E9F4FBFC5483033A88765D2701AC4C8","True",""
"2","C:\Users\omard\Desktop\Facturas2","Z001023351276.dmf","C:\Users\omard\Desktop\Facturas2\Z001023351276.dmf","Z001023351276.dmf",".dmf","29184","2025-01-10T19:17:30.0000000Z","A33CF3085C70EFB0CE01EDA44906CBB76817FAB371606CAD912C993A024F6721","True",""
"2","C:\Users\omard\Desktop\Facturas2","Z001023351277.dmf","C:\Users\omard\Desktop\Facturas2\Z001023351277.dmf","Z001023351277.dmf",".dmf","116660","2025-01-10T19:21:28.0000000Z","A06CBFDD05C4B7592479761700E7D248970D7269620281554E0D62B3AA38C447","True",""
"2","C:\Users\omard\Desktop\Facturas2","Z001023351278.dmf","C:\Users\omard\Desktop\Facturas2\Z001023351278.dmf","Z001023351278.dmf",".dmf","81123","2025-01-10T19:21:50.0000000Z","BA4376F1698DD6BB9A0ABFEA786D2C92B8DA3F20FE99757076D087AC02AB8B57","True",""
"2","C:\Users\omard\Desktop\Facturas2","Z001023351282.dmf","C:\Users\omard\Desktop\Facturas2\Z001023351282.dmf","Z001023351282.dmf",".dmf","15309","2025-01-10T19:27:46.0000000Z","CDD4E9D6D53964000FCB8FB4DC79ABCEA6977543862171312D0CEC51DAB251C2","True",""
"2","C:\Users\omard\Desktop\Facturas2","Z001023351295.dmf","C:\Users\omard\Desktop\Facturas2\Z001023351295.dmf","Z001023351295.dmf",".dmf","15248","2025-01-10T19:28:32.0000000Z","07EB3483B6C465E42B8BE27DC95AAB48CDA0246FDD7CCBE8A76531CF2565ED6D","True",""
"2","C:\Users\omard\Desktop\Facturas2","Z001023351308.dmf","C:\Users\omard\Desktop\Facturas2\Z001023351308.dmf","Z001023351308.dmf",".dmf","15356","2025-01-10T19:29:22.0000000Z","65D8AD0E38E860FBD93334E4AA4A179F1E0BB5ACFE25A97FF26179321373F782","True",""
"2","C:\Users\omard\Desktop\Facturas2","Z001023351310.dmf","C:\Users\omard\Desktop\Facturas2\Z001023351310.dmf","Z001023351310.dmf",".dmf","285364","2025-01-10T19:30:06.0000000Z","D4C3413D26ECD280A41CAD01226453281BDDAB60EA76C24CB1CA88EB5886CAA9","True",""
"2","C:\Users\omard\Desktop\Facturas2","Z001023351330.dmf","C:\Users\omard\Desktop\Facturas2\Z001023351330.dmf","Z001023351330.dmf",".dmf","5380","2025-01-10T19:31:46.0000000Z","6601C749DD016C5C776D335D83195783A945E5B75DB8A1334BD6EF617BE3398A","True",""
"2","C:\Users\omard\Desktop\Facturas2","Z001023351362.dmf","C:\Users\omard\Desktop\Facturas2\Z001023351362.dmf","Z001023351362.dmf",".dmf","51217","2025-01-10T19:49:04.0000000Z","1D63B0B0000E8DD781911F15FBA16A90EF89BC268358BC94E9D6C1C11FE67F5C","True",""
"2","C:\Users\omard\Desktop\Facturas2","Z001023351390.dmf","C:\Users\omard\Desktop\Facturas2\Z001023351390.dmf","Z001023351390.dmf",".dmf","81661","2025-01-10T20:09:52.0000000Z","39FE32E62B95DA68E1FC2FFBF8ACFCC99EDFB8D174B4550797961BE7C61879A5","True",""
"2","C:\Users\omard\Desktop\Facturas2","Z001023365826.dmf","C:\Users\omard\Desktop\Facturas2\Z001023365826.dmf","Z001023365826.dmf",".dmf","345077","2025-01-13T04:11:42.0000000Z","AACDB329A2D0B638EBF397EC4F0352B311798AF4BDA365AFCCFC69A889ECD46D","True",""
"2","C:\Users\omard\Desktop\Facturas2","Z001023365827.dmf","C:\Users\omard\Desktop\Facturas2\Z001023365827.dmf","Z001023365827.dmf",".dmf","362105","2025-01-13T04:12:28.0000000Z","D2F10CCC9E07AE4890BEA04340D487B06844A9989D90621DD7D0F84680953492","True",""
"2","C:\Users\omard\Desktop\Facturas2","Z001023365828.dmf","C:\Users\omard\Desktop\Facturas2\Z001023365828.dmf","Z001023365828.dmf",".dmf","315626","2025-01-13T04:13:12.0000000Z","465EAC51E2273C63593812DAD9BB4BF1C96ADCB02939213FD94BF7FD3CAFC318","True",""
"2","C:\Users\omard\Desktop\Facturas2","Z001023365829.dmf","C:\Users\omard\Desktop\Facturas2\Z001023365829.dmf","Z001023365829.dmf",".dmf","319622","2025-01-13T04:13:56.0000000Z","196C7826632443F73C8F9441CD737A4DDF4936B57D3F8A5B7D3542DC988B9D84","True",""
"2","C:\Users\omard\Desktop\Facturas2","Z001023365830.dmf","C:\Users\omard\Desktop\Facturas2\Z001023365830.dmf","Z001023365830.dmf",".dmf","320969","2025-01-13T04:14:40.0000000Z","D4764069AFD66D66ACCD85F33A93F239B8FB7F280DA66F2497459F366D5B651E","True",""
"2","C:\Users\omard\Desktop\Facturas2","Z001023365831.dmf","C:\Users\omard\Desktop\Facturas2\Z001023365831.dmf","Z001023365831.dmf",".dmf","322017","2025-01-13T04:15:24.0000000Z","EC8B850A03731618E9737AF573D2F87F0E213BA4EE79A773F62F672A8DE5B633","True",""
"2","C:\Users\omard\Desktop\Facturas2","Z001023365832.dmf","C:\Users\omard\Desktop\Facturas2\Z001023365832.dmf","Z001023365832.dmf",".dmf","325083","2025-01-13T04:16:08.0000000Z","21ACC40A96CB383548E062F84B00050049943309906C38CCCC28C06D2274DC5B","True",""
"2","C:\Users\omard\Desktop\Facturas2","Z001023365874.dmf","C:\Users\omard\Desktop\Facturas2\Z001023365874.dmf","Z001023365874.dmf",".dmf","147950","2025-01-13T12:35:42.0000000Z","0ECFFBC39E0D5D8590455E241062190EBC2A5417FA14CF22B148D4F613B0B2F1","True",""
"2","C:\Users\omard\Desktop\Facturas2","Z001023365877.dmf","C:\Users\omard\Desktop\Facturas2\Z001023365877.dmf","Z001023365877.dmf",".dmf","82894","2025-01-13T12:54:52.0000000Z","3AAA19D56B616FEEC8D54F3078B7E7A5DEEFDDDA0D1AE51F26C85E9FD344D842","True",""
"2","C:\Users\omard\Desktop\Facturas2","Z001023365895.dmf","C:\Users\omard\Desktop\Facturas2\Z001023365895.dmf","Z001023365895.dmf",".dmf","82476","2025-01-13T13:14:46.0000000Z","1DFCF2B8D3B9C39EFD0B7BC411A51721FC0F8F488F5B095A222AC54CE8AAECB8","True",""
"2","C:\Users\omard\Desktop\Facturas2","Z001023365934.dmf","C:\Users\omard\Desktop\Facturas2\Z001023365934.dmf","Z001023365934.dmf",".dmf","29460","2025-01-13T13:27:04.0000000Z","198B3352CDC00395BBA51D88B797CE68C37501E13085B50CDA1EA3B82E20317B","True",""
"2","C:\Users\omard\Desktop\Facturas2","Z001023366004.dmf","C:\Users\omard\Desktop\Facturas2\Z001023366004.dmf","Z001023366004.dmf",".dmf","35298","2025-01-13T13:53:04.0000000Z","329D0D29899F83C617C0192C8DEF20A49D07BBBB3CD0023234B89BCF335325C9","True",""
"2","C:\Users\omard\Desktop\Facturas2","Z001023366007.dmf","C:\Users\omard\Desktop\Facturas2\Z001023366007.dmf","Z001023366007.dmf",".dmf","35370","2025-01-13T13:55:12.0000000Z","C6C48D28CB8964B3A3671170FE0DA27B91EB6C820D5FA347B559A743298DC820","True",""
"2","C:\Users\omard\Desktop\Facturas2","Z001023366008.dmf","C:\Users\omard\Desktop\Facturas2\Z001023366008.dmf","Z001023366008.dmf",".dmf","35316","2025-01-13T13:57:10.0000000Z","783B1E4D349DCF1476F042D97E5A3CF9DE22CB2C49B30ABF9FF15515C5044EB6","True",""
"2","C:\Users\omard\Desktop\Facturas2","Z001023366009.dmf","C:\Users\omard\Desktop\Facturas2\Z001023366009.dmf","Z001023366009.dmf",".dmf","27146","2025-01-13T13:59:24.0000000Z","8E9F811A8D43F40F23F03859553CA1C9AADBA18132A76355A7019BB279D4A5ED","True",""
"2","C:\Users\omard\Desktop\Facturas2","Z001023366011.dmf","C:\Users\omard\Desktop\Facturas2\Z001023366011.dmf","Z001023366011.dmf",".dmf","37925","2025-01-13T14:01:32.0000000Z","113536BFFF5DE3118FA853AE5549AD1D299C637B46BD3B01DE9F5AA2026F783B","True",""
"2","C:\Users\omard\Desktop\Facturas2","Z001023366013.dmf","C:\Users\omard\Desktop\Facturas2\Z001023366013.dmf","Z001023366013.dmf",".dmf","40532","2025-01-13T14:07:38.0000000Z","256C2D0A37AED63FED6FF4D8A343B54020F3779C177ECC123B7B0A9A518C6550","True",""
"2","C:\Users\omard\Desktop\Facturas2","Z001023366014.dmf","C:\Users\omard\Desktop\Facturas2\Z001023366014.dmf","Z001023366014.dmf",".dmf","35310","2025-01-13T14:10:18.0000000Z","5EAB781DE18B9C640FE594C1D0030DDACCCD0E5B85C4F3FA781A2695C9D2F4BD","True",""
"2","C:\Users\omard\Desktop\Facturas2","Z001023366016.dmf","C:\Users\omard\Desktop\Facturas2\Z001023366016.dmf","Z001023366016.dmf",".dmf","35190","2025-01-13T14:12:20.0000000Z","70784AE0651370D8AE781AA8B9C8A2D4485CAEAAC70A41C898988A1991DCFA0F","True",""
"2","C:\Users\omard\Desktop\Facturas2","Z001023366034.dmf","C:\Users\omard\Desktop\Facturas2\Z001023366034.dmf","Z001023366034.dmf",".dmf","35221","2025-01-13T14:17:34.0000000Z","54C990C4D6023E5474ADDF96B0983801E63892D2237D03774625A58448DC2DF9","True",""
"2","C:\Users\omard\Desktop\Facturas2","Z001023366070.dmf","C:\Users\omard\Desktop\Facturas2\Z001023366070.dmf","Z001023366070.dmf",".dmf","35241","2025-01-13T14:23:50.0000000Z","A99D7DBAF7FB2994337D5904B6C68615E8740867387B14C4EAD6F45B284E24E5","True",""
"2","C:\Users\omard\Desktop\Facturas2","Z001023366072.dmf","C:\Users\omard\Desktop\Facturas2\Z001023366072.dmf","Z001023366072.dmf",".dmf","35361","2025-01-13T14:26:02.0000000Z","76A2851CD658C8A5E9DEC09FB2D67AB92761DAC9C75AD91B47F8F58B72D75C68","True",""
"2","C:\Users\omard\Desktop\Facturas2","Z001023366073.dmf","C:\Users\omard\Desktop\Facturas2\Z001023366073.dmf","Z001023366073.dmf",".dmf","37980","2025-01-13T14:28:28.0000000Z","7B7D263F950815085BB9AEF66E3099CCA27625557F0B8B7BB891F09B93726739","True",""
"2","C:\Users\omard\Desktop\Facturas2","Z001023366076.dmf","C:\Users\omard\Desktop\Facturas2\Z001023366076.dmf","Z001023366076.dmf",".dmf","42838","2025-01-13T14:30:44.0000000Z","F6FE197AA959A10C6E9CE07BBF5520ED6CBAB9333D131943624F7C8D6E61AF7E","True",""
"2","C:\Users\omard\Desktop\Facturas2","Z001023366112.dmf","C:\Users\omard\Desktop\Facturas2\Z001023366112.dmf","Z001023366112.dmf",".dmf","35393","2025-01-13T14:37:30.0000000Z","B3B4452789391F98803426AD2A9678D19571D39E15FD6A29117F3A829FA8A200","True",""
"2","C:\Users\omard\Desktop\Facturas2","Z001023366189.dmf","C:\Users\omard\Desktop\Facturas2\Z001023366189.dmf","Z001023366189.dmf",".dmf","91909","2025-01-13T14:51:36.0000000Z","7E96505EE140DC5BB0DFCEFD62E647E4DDAFFF81C37D2ED6C291ED8E18ED0718","True",""
"2","C:\Users\omard\Desktop\Facturas2","Z001023366192.dmf","C:\Users\omard\Desktop\Facturas2\Z001023366192.dmf","Z001023366192.dmf",".dmf","91909","2025-01-13T14:56:06.0000000Z","B42A6F6D7445115BBFEAF3A82705E19F77C363F5A79F2B6EB59789CCD4A2BA28","True",""
"2","C:\Users\omard\Desktop\Facturas2","Z001023366204.dmf","C:\Users\omard\Desktop\Facturas2\Z001023366204.dmf","Z001023366204.dmf",".dmf","15525","2025-01-13T15:11:58.0000000Z","904B09D97304D63836850BB0E8E3B34F423EA7D5D871FCB79BF46F2FBC0BB428","True",""
"2","C:\Users\omard\Desktop\Facturas2","Z001023366206.dmf","C:\Users\omard\Desktop\Facturas2\Z001023366206.dmf","Z001023366206.dmf",".dmf","15508","2025-01-13T15:12:48.0000000Z","993363818A0C991FF6ABC3D5C4123B96996F492211FE8ADCE9FA0627506B5075","True",""
"2","C:\Users\omard\Desktop\Facturas2","Z001023366207.dmf","C:\Users\omard\Desktop\Facturas2\Z001023366207.dmf","Z001023366207.dmf",".dmf","15510","2025-01-13T15:13:36.0000000Z","0C0D21839EF31A174D527371BCF931081659B5411F72980582491EF5ABD2AEAA","True",""
"2","C:\Users\omard\Desktop\Facturas2","Z001023366209.dmf","C:\Users\omard\Desktop\Facturas2\Z001023366209.dmf","Z001023366209.dmf",".dmf","15487","2025-01-13T15:14:32.0000000Z","20B9112CB18A820E865353008F2C9417AEF783E75E5664E7DB01E53B9C4492CD","True",""
"2","C:\Users\omard\Desktop\Facturas2","Z001023366210.dmf","C:\Users\omard\Desktop\Facturas2\Z001023366210.dmf","Z001023366210.dmf",".dmf","15529","2025-01-13T15:15:20.0000000Z","999A20418676C381DB0EA6B4DE8DBE6DE6463E8A1BD9DD090659C4D1D7A7C8A4","True",""
"2","C:\Users\omard\Desktop\Facturas2","Z001023366467.dmf","C:\Users\omard\Desktop\Facturas2\Z001023366467.dmf","Z001023366467.dmf",".dmf","129627","2025-01-13T17:16:04.0000000Z","3BE91A92F53933E3383EA40EA29C8C6E8BD90EC2802113CCC174D732A94C7AD4","True",""
"2","C:\Users\omard\Desktop\Facturas2","Z001023366766.dmf","C:\Users\omard\Desktop\Facturas2\Z001023366766.dmf","Z001023366766.dmf",".dmf","82481","2025-01-13T18:01:30.0000000Z","E2D3A7D10CA02CFDF85F2FBC7827F7925D3B23F57DB36C2D383575732A9749D7","True",""
"2","C:\Users\omard\Desktop\Facturas2","Z001023366861.dmf","C:\Users\omard\Desktop\Facturas2\Z001023366861.dmf","Z001023366861.dmf",".dmf","82667","2025-01-13T18:04:56.0000000Z","484EE7751ACC073A153A5F1DFB147AE892D03CED73A21EC25B3663907B4F0E0C","True",""
"2","C:\Users\omard\Desktop\Facturas2","Z001023366863.dmf","C:\Users\omard\Desktop\Facturas2\Z001023366863.dmf","Z001023366863.dmf",".dmf","82910","2025-01-13T18:06:42.0000000Z","2CC4F3DA4217754E2F094B7E63777B49A806FB865FAE7AC5104925D048668279","True",""
"2","C:\Users\omard\Desktop\Facturas2","Z001023366864.dmf","C:\Users\omard\Desktop\Facturas2\Z001023366864.dmf","Z001023366864.dmf",".dmf","14773","2025-01-13T18:07:20.0000000Z","30BEB7C7CEE530CC29BC189FD05A07D5EBCA8CA0A2AE2D7FF7848325AC58F5EB","True",""
"2","C:\Users\omard\Desktop\Facturas2","Z001023366865.dmf","C:\Users\omard\Desktop\Facturas2\Z001023366865.dmf","Z001023366865.dmf",".dmf","14720","2025-01-13T18:08:02.0000000Z","643DCB7C2B5FB4ED4623CBCE5BCB5E8F24EA152831C096B14B643C54381C4D33","True",""
"2","C:\Users\omard\Desktop\Facturas2","Z001023366867.dmf","C:\Users\omard\Desktop\Facturas2\Z001023366867.dmf","Z001023366867.dmf",".dmf","14804","2025-01-13T18:12:42.0000000Z","05F424BEB88E80FF48E1A271B2D6805AA9AE5475900FB94CC8175026A2B5D6FC","True",""
"2","C:\Users\omard\Desktop\Facturas2","Z001023366868.dmf","C:\Users\omard\Desktop\Facturas2\Z001023366868.dmf","Z001023366868.dmf",".dmf","14988","2025-01-13T18:13:40.0000000Z","00A0A64A31FBC222B891B1C014050F2F027837FD8633E670C4329A62134AF2BE","True",""
"2","C:\Users\omard\Desktop\Facturas2","Z001023366869.dmf","C:\Users\omard\Desktop\Facturas2\Z001023366869.dmf","Z001023366869.dmf",".dmf","14958","2025-01-13T18:14:40.0000000Z","DD7EA3D274E179C2112E92045C62C909B54EBE1233540BCF051B3EDE5C1C478C","True",""
"2","C:\Users\omard\Desktop\Facturas2","Z001023366900.dmf","C:\Users\omard\Desktop\Facturas2\Z001023366900.dmf","Z001023366900.dmf",".dmf","15023","2025-01-13T18:15:32.0000000Z","04E9338E0D62CD99BCA9AE75E50BED64E58F6B1BBA8B288FC9A2C2E15388D112","True",""
"2","C:\Users\omard\Desktop\Facturas2","Z001023366901.dmf","C:\Users\omard\Desktop\Facturas2\Z001023366901.dmf","Z001023366901.dmf",".dmf","14956","2025-01-13T18:16:24.0000000Z","11D3EDDCB8447D88B58CFCDF2B2D3BD0355F1E453FE982D5BF4EA77F0DCA5660","True",""
"2","C:\Users\omard\Desktop\Facturas2","Z001023366902.dmf","C:\Users\omard\Desktop\Facturas2\Z001023366902.dmf","Z001023366902.dmf",".dmf","14854","2025-01-13T18:17:14.0000000Z","6D948583037A95460D583C25B3C5CF05B67FAE6C6F73990AAA1ED6C385331274","True",""
"2","C:\Users\omard\Desktop\Facturas2","Z001023366954.dmf","C:\Users\omard\Desktop\Facturas2\Z001023366954.dmf","Z001023366954.dmf",".dmf","434613","2025-01-13T18:19:10.0000000Z","B26ABE8241FFCF3F49673B7C418F91C0655E8DA7443D600B14D0B9FC1F0BFC4C","True",""
"2","C:\Users\omard\Desktop\Facturas2","Z001023366955.dmf","C:\Users\omard\Desktop\Facturas2\Z001023366955.dmf","Z001023366955.dmf",".dmf","220584","2025-01-13T18:21:26.0000000Z","862B63C1298F7828E3A53B968EE3FFDE75827C42211B6BFDF8DCC5FF58A1EE56","True",""
"2","C:\Users\omard\Desktop\Facturas2","Z001023366957.dmf","C:\Users\omard\Desktop\Facturas2\Z001023366957.dmf","Z001023366957.dmf",".dmf","4721","2025-01-13T18:24:54.0000000Z","39F3DCA0B7C53CFE5859669C425540F55A9B7A3F963ADC7F0D858D92C2D06CEA","True",""
"2","C:\Users\omard\Desktop\Facturas2","Z001023366958.dmf","C:\Users\omard\Desktop\Facturas2\Z001023366958.dmf","Z001023366958.dmf",".dmf","4578","2025-01-13T18:25:50.0000000Z","C26C96E4C487862F81FDFB671FE8E331E848A01D13CD2E396A86C5C3DE613511","True",""
"2","C:\Users\omard\Desktop\Facturas2","Z001023366961.dmf","C:\Users\omard\Desktop\Facturas2\Z001023366961.dmf","Z001023366961.dmf",".dmf","5419","2025-01-13T18:27:12.0000000Z","34CEF1D8F05B5B7D9D571E416C441600F6B058DE17799E0C3CF373C433E1382E","True",""
"2","C:\Users\omard\Desktop\Facturas2","Z001023367067.dmf","C:\Users\omard\Desktop\Facturas2\Z001023367067.dmf","Z001023367067.dmf",".dmf","45125","2025-01-13T18:52:50.0000000Z","52A968E752997662838928D1D26F0823F0DC8A604836BA519FDA60E5E655B852","True",""
"2","C:\Users\omard\Desktop\Facturas2","Z001023367186.dmf","C:\Users\omard\Desktop\Facturas2\Z001023367186.dmf","Z001023367186.dmf",".dmf","30378","2025-01-13T19:37:32.0000000Z","9D1D6B8C3E8320D2748ABC1CFEFB48BE0653F40AFD5A7C1AEE6494F7B964EDC9","True",""
"2","C:\Users\omard\Desktop\Facturas2","Z001023367213.dmf","C:\Users\omard\Desktop\Facturas2\Z001023367213.dmf","Z001023367213.dmf",".dmf","8434","2025-01-13T19:51:48.0000000Z","7DAD205083BDAC9CEB44181B6E7F3FB0B1D3F4DD3B70E2998D82820B08111671","True",""
"2","C:\Users\omard\Desktop\Facturas2","Z001023384920.dmf","C:\Users\omard\Desktop\Facturas2\Z001023384920.dmf","Z001023384920.dmf",".dmf","29795","2025-01-14T12:22:58.0000000Z","90B53CB6F4DEDC90D45E8BC0B15EE8DC535F88A972EC8F2CF51B177287A1D33B","True",""
"2","C:\Users\omard\Desktop\Facturas2","Z001023384921.dmf","C:\Users\omard\Desktop\Facturas2\Z001023384921.dmf","Z001023384921.dmf",".dmf","29381","2025-01-14T12:23:58.0000000Z","C4F61E25A76B6CA14CE18C9AE4787BCEC091E6560C3CA989E48B192B0D0EE7E6","True",""
"2","C:\Users\omard\Desktop\Facturas2","Z001023384922.dmf","C:\Users\omard\Desktop\Facturas2\Z001023384922.dmf","Z001023384922.dmf",".dmf","82757","2025-01-14T12:25:18.0000000Z","5004DA2C0D591F59D1A46DC00AC69BDDBEEEB8E7B0CBD96E1A5866FB75056C3A","True",""
"2","C:\Users\omard\Desktop\Facturas2","Z001023384928.dmf","C:\Users\omard\Desktop\Facturas2\Z001023384928.dmf","Z001023384928.dmf",".dmf","320599","2025-01-14T12:28:22.0000000Z","F499E06E43FE8DA5C39F42ED5C144A587BEC6910FB0AF5FA772157EF3DD9F1B7","True",""
"2","C:\Users\omard\Desktop\Facturas2","Z001023384935.dmf","C:\Users\omard\Desktop\Facturas2\Z001023384935.dmf","Z001023384935.dmf",".dmf","276608","2025-01-14T12:49:56.0000000Z","AFB5D727784048F09931BBC1B0DEC9837DEEADD024646B7373D5171A2EB4000F","True",""
"2","C:\Users\omard\Desktop\Facturas2","Z001023384936.dmf","C:\Users\omard\Desktop\Facturas2\Z001023384936.dmf","Z001023384936.dmf",".dmf","38562","2025-01-14T12:51:44.0000000Z","5E1E19FC012BAB47D4B1E3837047FBA9E1D9AF27F4A186FC45DB26E22813B09F","True",""
"2","C:\Users\omard\Desktop\Facturas2","Z001023384937.dmf","C:\Users\omard\Desktop\Facturas2\Z001023384937.dmf","Z001023384937.dmf",".dmf","38571","2025-01-14T12:52:16.0000000Z","A760B5759A85187968B0CB5E862A7948C32AF6A845644C725AC02A9F42ADB237","True",""
"2","C:\Users\omard\Desktop\Facturas2","Z001023384938.dmf","C:\Users\omard\Desktop\Facturas2\Z001023384938.dmf","Z001023384938.dmf",".dmf","222693","2025-01-14T12:56:16.0000000Z","3962E6759A237CD99FE0624C4CE66616BA32F2808652E1C14595F36BC5575FE3","True",""
"2","C:\Users\omard\Desktop\Facturas2","Z001023384939.dmf","C:\Users\omard\Desktop\Facturas2\Z001023384939.dmf","Z001023384939.dmf",".dmf","75663","2025-01-14T12:57:20.0000000Z","21A294968616A793F841E46F1ADB209763DF97AC30EC90E42E83D180E4429A3A","True",""
"2","C:\Users\omard\Desktop\Facturas2","Z001023384943.dmf","C:\Users\omard\Desktop\Facturas2\Z001023384943.dmf","Z001023384943.dmf",".dmf","82548","2025-01-14T13:02:06.0000000Z","EA508D1EDD63401096BDC578423FCB7898D5A423175B25C0D328F26107A3FA60","True",""
"2","C:\Users\omard\Desktop\Facturas2","Z001023384944.dmf","C:\Users\omard\Desktop\Facturas2\Z001023384944.dmf","Z001023384944.dmf",".dmf","82264","2025-01-14T13:02:44.0000000Z","8CD5F3095CD6B19057F0FB22A0688E48958B2473D6B4A1282E87A76AC2EC2B3A","True",""
"2","C:\Users\omard\Desktop\Facturas2","Z001023384945.dmf","C:\Users\omard\Desktop\Facturas2\Z001023384945.dmf","Z001023384945.dmf",".dmf","83139","2025-01-14T13:03:04.0000000Z","316F5AABB0F4744BACB0F64760005D32E3168FC1A42310F2AE0A33E1803B66FE","True",""
"2","C:\Users\omard\Desktop\Facturas2","Z001023384946.dmf","C:\Users\omard\Desktop\Facturas2\Z001023384946.dmf","Z001023384946.dmf",".dmf","82404","2025-01-14T13:03:32.0000000Z","E1D48A55A85008A43AB4C79FB46DE7EA25E07339F9A03FC45339B4ED75B6C0A3","True",""
"2","C:\Users\omard\Desktop\Facturas2","Z001023384947.dmf","C:\Users\omard\Desktop\Facturas2\Z001023384947.dmf","Z001023384947.dmf",".dmf","67620","2025-01-14T13:04:34.0000000Z","64587EBAB1577EF74045E08A56A215BDD1B6C046AC1DE3861AC97C6AD4625455","True",""
"2","C:\Users\omard\Desktop\Facturas2","Z001023384948.dmf","C:\Users\omard\Desktop\Facturas2\Z001023384948.dmf","Z001023384948.dmf",".dmf","67801","2025-01-14T13:05:24.0000000Z","5C8BE469A85A21DDF086A3EE85AADA35707E2D89DB63C6CDA8F84B51A141FBF1","True",""
"2","C:\Users\omard\Desktop\Facturas2","Z001023384951.dmf","C:\Users\omard\Desktop\Facturas2\Z001023384951.dmf","Z001023384951.dmf",".dmf","67981","2025-01-14T13:06:30.0000000Z","403B48FBA9EEBDAF8BE13C758E8C2101E8303335E9A1E0C85212EC43562CAE79","True",""
"2","C:\Users\omard\Desktop\Facturas2","Z001023384952.dmf","C:\Users\omard\Desktop\Facturas2\Z001023384952.dmf","Z001023384952.dmf",".dmf","1042743","2025-01-14T13:09:04.0000000Z","CC2D40DD68FA15E99A6D09C04CB56BCCB384A27E32941E1B7CC5F52F4872006B","True",""
"2","C:\Users\omard\Desktop\Facturas2","Z001023384953.dmf","C:\Users\omard\Desktop\Facturas2\Z001023384953.dmf","Z001023384953.dmf",".dmf","81938","2025-01-14T13:09:18.0000000Z","09A12E98EA7599B75D020B5A98E4565A2065799D7FF1EEC02B9E2DFC5772327F","True",""
"2","C:\Users\omard\Desktop\Facturas2","Z001023384968.dmf","C:\Users\omard\Desktop\Facturas2\Z001023384968.dmf","Z001023384968.dmf",".dmf","1042750","2025-01-14T13:10:20.0000000Z","23196842305A5A228C59CAF29A99350E0F992BEAA75D57DAB7FFDBDC93C6602C","True",""
"2","C:\Users\omard\Desktop\Facturas2","Z001023384972.dmf","C:\Users\omard\Desktop\Facturas2\Z001023384972.dmf","Z001023384972.dmf",".dmf","1042727","2025-01-14T13:11:18.0000000Z","3B624E98C8185BC7AD46548BBD98676977B38118CED97830F89728051184E4BF","True",""
"2","C:\Users\omard\Desktop\Facturas2","Z001023384973.dmf","C:\Users\omard\Desktop\Facturas2\Z001023384973.dmf","Z001023384973.dmf",".dmf","1042734","2025-01-14T13:12:22.0000000Z","3A934E19588A650A549BFCCA6FEA06EC2DEF7426B3EE71C182D8680DFF350C2A","True",""
"2","C:\Users\omard\Desktop\Facturas2","Z001023384987.dmf","C:\Users\omard\Desktop\Facturas2\Z001023384987.dmf","Z001023384987.dmf",".dmf","29517","2025-01-14T13:17:26.0000000Z","854435FDA981C164819DD02C286E2C9C5C0F0F49945795A842A88617214D8D66","True",""
"2","C:\Users\omard\Desktop\Facturas2","Z001023384988.dmf","C:\Users\omard\Desktop\Facturas2\Z001023384988.dmf","Z001023384988.dmf",".dmf","82267","2025-01-14T13:21:24.0000000Z","F7567B9AD6E9977F3F56CFFE23524811BE440B71F67ADE29892C092B8B11376D","True",""
"2","C:\Users\omard\Desktop\Facturas2","Z001023384989.dmf","C:\Users\omard\Desktop\Facturas2\Z001023384989.dmf","Z001023384989.dmf",".dmf","163768","2025-01-14T13:23:48.0000000Z","295F10BAB6312B1CAB32CB5AAD0F8151EF134C6588E27F18C3C8897F3DECC5A8","True",""
"2","C:\Users\omard\Desktop\Facturas2","Z001023384990.dmf","C:\Users\omard\Desktop\Facturas2\Z001023384990.dmf","Z001023384990.dmf",".dmf","226222","2025-01-14T13:24:58.0000000Z","40E41F329EFB3C728E659F4AF51CD0F02086181482831EB27FDE17BA6E9D593F","True",""
"2","C:\Users\omard\Desktop\Facturas2","Z001023384991.dmf","C:\Users\omard\Desktop\Facturas2\Z001023384991.dmf","Z001023384991.dmf",".dmf","82280","2025-01-14T13:26:22.0000000Z","F10D820982D4FAC2EFD7D32EF6E64D8DD16B7C0B2C3E79846FE31F8ADE744CA8","True",""
"2","C:\Users\omard\Desktop\Facturas2","Z001023384992.dmf","C:\Users\omard\Desktop\Facturas2\Z001023384992.dmf","Z001023384992.dmf",".dmf","92243","2025-01-14T13:27:20.0000000Z","89960298C1DC02B1906FBFF02B6E015E04918682EABF170952F5D4BE93811FC8","True",""
"2","C:\Users\omard\Desktop\Facturas2","Z001023384993.dmf","C:\Users\omard\Desktop\Facturas2\Z001023384993.dmf","Z001023384993.dmf",".dmf","72099","2025-01-14T13:28:06.0000000Z","F6642917EC2C8D0BD04342E39780B4E5EA0B234E79F7BE4E86DDD2B2C530BC4F","True",""
"2","C:\Users\omard\Desktop\Facturas2","Z001023384994.dmf","C:\Users\omard\Desktop\Facturas2\Z001023384994.dmf","Z001023384994.dmf",".dmf","72128","2025-01-14T13:28:46.0000000Z","C3F922D126145E608D614626E6CB315F49CB1AEA6EF5CC9FEAAE3448EF176223","True",""
"2","C:\Users\omard\Desktop\Facturas2","Z001023384995.dmf","C:\Users\omard\Desktop\Facturas2\Z001023384995.dmf","Z001023384995.dmf",".dmf","71142","2025-01-14T13:29:34.0000000Z","7F12B96A2118A313E74225703BA3812E43A3B38B3A37C31DAD00D31001310C8B","True",""
"2","C:\Users\omard\Desktop\Facturas2","Z001023385012.dmf","C:\Users\omard\Desktop\Facturas2\Z001023385012.dmf","Z001023385012.dmf",".dmf","72818","2025-01-14T13:30:52.0000000Z","653D4B1A408E65AD6D33A1BE03B1F0E59303708ACB9BC725C894F8B3A83D1AF1","True",""
"2","C:\Users\omard\Desktop\Facturas2","Z001023385013.dmf","C:\Users\omard\Desktop\Facturas2\Z001023385013.dmf","Z001023385013.dmf",".dmf","72345","2025-01-14T13:31:54.0000000Z","5470F3D50674DCFF83B5EF9A59D820F813E6CF7DBAF25BD2AFCD34438844217A","True",""
"2","C:\Users\omard\Desktop\Facturas2","Z001023385015.dmf","C:\Users\omard\Desktop\Facturas2\Z001023385015.dmf","Z001023385015.dmf",".dmf","132708","2025-01-14T13:34:52.0000000Z","03C8C77350B6FD009CF4570125A278C92C96C9003700153B22FFE103938D9758","True",""
"2","C:\Users\omard\Desktop\Facturas2","Z001023385017.dmf","C:\Users\omard\Desktop\Facturas2\Z001023385017.dmf","Z001023385017.dmf",".dmf","91537","2025-01-14T13:37:22.0000000Z","044B73659616E02E997EA9A4111429CB99574F3AC7619283E07FA16491C059DE","True",""
"2","C:\Users\omard\Desktop\Facturas2","Z001023385018.dmf","C:\Users\omard\Desktop\Facturas2\Z001023385018.dmf","Z001023385018.dmf",".dmf","89885","2025-01-14T13:38:26.0000000Z","5701EB23B74A1B1F932462B60BB3AE60F1AAF991AF915FD89C7E24FD1AF08B97","True",""
"2","C:\Users\omard\Desktop\Facturas2","Z001023385019.dmf","C:\Users\omard\Desktop\Facturas2\Z001023385019.dmf","Z001023385019.dmf",".dmf","89772","2025-01-14T13:39:06.0000000Z","73B5E49C6B390FAED11C50FE46D67AEE2CB7D4D9DE8F000D0BE857C7F8E6993F","True",""
"2","C:\Users\omard\Desktop\Facturas2","Z001023385020.dmf","C:\Users\omard\Desktop\Facturas2\Z001023385020.dmf","Z001023385020.dmf",".dmf","75863","2025-01-14T13:41:14.0000000Z","4A363780DFBD3889052B29497BCE2DC1A460C709721B00B7B1DA3DC9E78185D9","True",""
"2","C:\Users\omard\Desktop\Facturas2","Z001023385021.dmf","C:\Users\omard\Desktop\Facturas2\Z001023385021.dmf","Z001023385021.dmf",".dmf","82734","2025-01-14T13:41:58.0000000Z","4C2313ED352C71E72127E4DE6C7B110A70D9EC26168A946B7425B639DA9DEF4B","True",""
"2","C:\Users\omard\Desktop\Facturas2","Z001023385023.dmf","C:\Users\omard\Desktop\Facturas2\Z001023385023.dmf","Z001023385023.dmf",".dmf","169594","2025-01-14T13:43:10.0000000Z","630B0E06BD2B894A1887817DA82D527C56D3DCA67CB85278914B182EF97A9605","True",""
"2","C:\Users\omard\Desktop\Facturas2","Z001023385024.dmf","C:\Users\omard\Desktop\Facturas2\Z001023385024.dmf","Z001023385024.dmf",".dmf","168345","2025-01-14T13:43:52.0000000Z","4A9DF8ECC07AFC3C3832E5B61395A4D4A17C78BB66B6EA606B1FA0B28716BF9E","True",""
"2","C:\Users\omard\Desktop\Facturas2","Z001023385025.dmf","C:\Users\omard\Desktop\Facturas2\Z001023385025.dmf","Z001023385025.dmf",".dmf","166497","2025-01-14T13:44:34.0000000Z","DED32DE76FD7CA55B55A8A095E1A449C6A66AC91C3530440B608BB14737164CA","True",""
"2","C:\Users\omard\Desktop\Facturas2","Z001023385026.dmf","C:\Users\omard\Desktop\Facturas2\Z001023385026.dmf","Z001023385026.dmf",".dmf","82614","2025-01-14T13:45:22.0000000Z","AD772A2349CA604FF8BEC96131F2E7A5F3997561732A5A539C674A794371B658","True",""
"2","C:\Users\omard\Desktop\Facturas2","Z001023385030.dmf","C:\Users\omard\Desktop\Facturas2\Z001023385030.dmf","Z001023385030.dmf",".dmf","616383","2025-01-14T13:50:02.0000000Z","22D3D1F277A08805D0D7D1B54CD76E96B06AA5FC42AE8C0A1E2898042D3AC5B0","True",""
"2","C:\Users\omard\Desktop\Facturas2","Z001023385031.dmf","C:\Users\omard\Desktop\Facturas2\Z001023385031.dmf","Z001023385031.dmf",".dmf","48136","2025-01-14T13:51:12.0000000Z","FD87ED8722004ACD40C6FA6763DC1D26216F98204F5207AC0D3E7338A8458A66","True",""
"2","C:\Users\omard\Desktop\Facturas2","Z001023385035.dmf","C:\Users\omard\Desktop\Facturas2\Z001023385035.dmf","Z001023385035.dmf",".dmf","616377","2025-01-14T13:52:32.0000000Z","F60D7A394DFCC44B7B00CBE3C512A9A981251FED7B2A83F276569E427BF0FA5C","True",""
"2","C:\Users\omard\Desktop\Facturas2","Z001023385036.dmf","C:\Users\omard\Desktop\Facturas2\Z001023385036.dmf","Z001023385036.dmf",".dmf","134715","2025-01-14T13:53:02.0000000Z","A82936D4B62B14983E15CFFEC19FF55B6E625B36C8067E2B5C4D5959701D809D","True",""
"2","C:\Users\omard\Desktop\Facturas2","Z001023385037.dmf","C:\Users\omard\Desktop\Facturas2\Z001023385037.dmf","Z001023385037.dmf",".dmf","135636","2025-01-14T13:53:54.0000000Z","7C8225C859A09E49BEDBF986CC57BC13AF90B496B36D48225F69E4E4EEA54B04","True",""
"2","C:\Users\omard\Desktop\Facturas2","Z001023385040.dmf","C:\Users\omard\Desktop\Facturas2\Z001023385040.dmf","Z001023385040.dmf",".dmf","166095","2025-01-14T13:57:42.0000000Z","06DA350530D8C1A1E0A8FB007AB5D08C8413B2031D24C349B5C67FB365998FEC","True",""
"2","C:\Users\omard\Desktop\Facturas2","Z001023385044.dmf","C:\Users\omard\Desktop\Facturas2\Z001023385044.dmf","Z001023385044.dmf",".dmf","148584","2025-01-14T14:00:56.0000000Z","B8555CC1084751964C30AAA155D72660F8B925E838A5F35087DB0B6D604BCA76","True",""
"2","C:\Users\omard\Desktop\Facturas2","Z001023385046.dmf","C:\Users\omard\Desktop\Facturas2\Z001023385046.dmf","Z001023385046.dmf",".dmf","30883","2025-01-14T14:12:34.0000000Z","33E89F44D7BD49FDFF201B883D7B9230BE7D41AC5931B74BCDF88FEA467DB41D","True",""
"2","C:\Users\omard\Desktop\Facturas2","Z001023385050.dmf","C:\Users\omard\Desktop\Facturas2\Z001023385050.dmf","Z001023385050.dmf",".dmf","125107","2025-01-14T14:15:28.0000000Z","21C20549510572144645C53B9B9B31484094BD4E5C2C66EC5F7771E9FF348BBE","True",""
"2","C:\Users\omard\Desktop\Facturas2","Z001023385074.dmf","C:\Users\omard\Desktop\Facturas2\Z001023385074.dmf","Z001023385074.dmf",".dmf","124805","2025-01-14T14:17:50.0000000Z","9D4728B725B561A8BB763D63B16F0B223A590BDF8061F35CDE2D052ECAF6AD89","True",""
"2","C:\Users\omard\Desktop\Facturas2","Z001023385075.dmf","C:\Users\omard\Desktop\Facturas2\Z001023385075.dmf","Z001023385075.dmf",".dmf","15438","2025-01-14T14:17:52.0000000Z","1665858F59A3F5A90D32656B05D2367B744A6B7B179252AD2A5EDBD4EB67CF9E","True",""
"2","C:\Users\omard\Desktop\Facturas2","Z001023385076.dmf","C:\Users\omard\Desktop\Facturas2\Z001023385076.dmf","Z001023385076.dmf",".dmf","15473","2025-01-14T14:18:30.0000000Z","32C275D3A34E2C026F6C4933D41E522E80507D35033A587724B86D945DF2CD82","True",""
"2","C:\Users\omard\Desktop\Facturas2","Z001023385101.dmf","C:\Users\omard\Desktop\Facturas2\Z001023385101.dmf","Z001023385101.dmf",".dmf","82473","2025-01-14T14:22:48.0000000Z","DB0EB362F6C01944829799D550CF7298C367D5D344638A78A0B92285011CCB7E","True",""
"2","C:\Users\omard\Desktop\Facturas2","Z001023385102.dmf","C:\Users\omard\Desktop\Facturas2\Z001023385102.dmf","Z001023385102.dmf",".dmf","96343","2025-01-14T14:28:32.0000000Z","B26D9272E3EC83EE2985EEAAEE3D64A0CC66B55CDEC9E4F51DEB0F8A9412D67C","True",""
"2","C:\Users\omard\Desktop\Facturas2","Z001023385158.dmf","C:\Users\omard\Desktop\Facturas2\Z001023385158.dmf","Z001023385158.dmf",".dmf","118686","2025-01-14T14:35:52.0000000Z","EB356B855C7B9732D5303ADE73170459EA7C1C1A7DAD9CC7D3318F1A4B18CD36","True",""
"2","C:\Users\omard\Desktop\Facturas2","Z001023385160.dmf","C:\Users\omard\Desktop\Facturas2\Z001023385160.dmf","Z001023385160.dmf",".dmf","118220","2025-01-14T14:36:50.0000000Z","04BCD29FB54D0FA6B15931910DA65A39074E54D1A9A45F21F3AF15B46BA6C87E","True",""
"2","C:\Users\omard\Desktop\Facturas2","Z001023385161.dmf","C:\Users\omard\Desktop\Facturas2\Z001023385161.dmf","Z001023385161.dmf",".dmf","84086","2025-01-14T14:37:58.0000000Z","89FC80DC0E9D457D112E2FEED9576221320368D967CBFD2373636FB8EBCAAD73","True",""
"2","C:\Users\omard\Desktop\Facturas2","Z001023385162.dmf","C:\Users\omard\Desktop\Facturas2\Z001023385162.dmf","Z001023385162.dmf",".dmf","82617","2025-01-14T14:39:48.0000000Z","BEB6B607D80855101F1DC509BA2CECFE18D38BC8BC6C66FF69C3069712934C44","True",""
"2","C:\Users\omard\Desktop\Facturas2","Z001023385164.dmf","C:\Users\omard\Desktop\Facturas2\Z001023385164.dmf","Z001023385164.dmf",".dmf","29272","2025-01-14T14:40:56.0000000Z","6A0D355885F20780F33835E7763AE628BCD62C0C5D7F881EF28B499E0854B6DD","True",""
"2","C:\Users\omard\Desktop\Facturas2","Z001023385165.dmf","C:\Users\omard\Desktop\Facturas2\Z001023385165.dmf","Z001023385165.dmf",".dmf","119506","2025-01-14T14:42:24.0000000Z","E917CA32C1F51C37173770461B8B0AF4D3B2E249382397E1706BB3AA9068B135","True",""
"2","C:\Users\omard\Desktop\Facturas2","Z001023385166.dmf","C:\Users\omard\Desktop\Facturas2\Z001023385166.dmf","Z001023385166.dmf",".dmf","175128","2025-01-14T14:43:32.0000000Z","1F239E15F3FC163B5D905BAFCF39C72CE0BF2FFEB551CC0A10D28595DEF5D371","True",""
"2","C:\Users\omard\Desktop\Facturas2","Z001023385176.dmf","C:\Users\omard\Desktop\Facturas2\Z001023385176.dmf","Z001023385176.dmf",".dmf","43653","2025-01-14T14:46:10.0000000Z","3A19209148AB0857B0EEE094181573B0A440DE2D2E1203D8C88C80D3FBB3BA0B","True",""
"2","C:\Users\omard\Desktop\Facturas2","Z001023385177.dmf","C:\Users\omard\Desktop\Facturas2\Z001023385177.dmf","Z001023385177.dmf",".dmf","8330","2025-01-14T14:47:36.0000000Z","B90F8F25A132AA80B82D447C2B0A27AE161C3B24760DF960E461785CBDDAD4D9","True",""
"2","C:\Users\omard\Desktop\Facturas2","Z001023385178.dmf","C:\Users\omard\Desktop\Facturas2\Z001023385178.dmf","Z001023385178.dmf",".dmf","12814","2025-01-14T14:47:36.0000000Z","25C8E027E5558F1ED89D5E43DAE3B427986CB1282A9F1AC307A72EC53755F33F","True",""
"2","C:\Users\omard\Desktop\Facturas2","Z001023385195.dmf","C:\Users\omard\Desktop\Facturas2\Z001023385195.dmf","Z001023385195.dmf",".dmf","12848","2025-01-14T14:48:20.0000000Z","F50058ADC6CCF45D16A160226DCFD04C240A9F053D84043ABD4F4ABC61EEC684","True",""
"2","C:\Users\omard\Desktop\Facturas2","Z001023385197.dmf","C:\Users\omard\Desktop\Facturas2\Z001023385197.dmf","Z001023385197.dmf",".dmf","422610","2025-01-14T14:50:36.0000000Z","E70F22046E7D4D49A5256C89F4DD0F7F08C4DA3A66A0A52A5A27CE73CC1F9270","True",""
"2","C:\Users\omard\Desktop\Facturas2","Z001023385198.dmf","C:\Users\omard\Desktop\Facturas2\Z001023385198.dmf","Z001023385198.dmf",".dmf","72133","2025-01-14T14:51:54.0000000Z","8A7DB580C022A450DFF0EE602FED506A21B9FAE53BF541A68F9979BC5F012F5F","True",""
"2","C:\Users\omard\Desktop\Facturas2","Z001023385204.dmf","C:\Users\omard\Desktop\Facturas2\Z001023385204.dmf","Z001023385204.dmf",".dmf","21007","2025-01-14T14:55:18.0000000Z","3D1448F1CBEF264B739FAE67D330643506ACDF7466F980580C52642F281991C3","True",""
"2","C:\Users\omard\Desktop\Facturas2","Z001023385276.dmf","C:\Users\omard\Desktop\Facturas2\Z001023385276.dmf","Z001023385276.dmf",".dmf","81247","2025-01-14T15:36:28.0000000Z","6A7BE4944631E061F376178364D9956E35C97C02D3A4BF26C0735698FB103FC7","True",""
"2","C:\Users\omard\Desktop\Facturas2","Z001023385278.dmf","C:\Users\omard\Desktop\Facturas2\Z001023385278.dmf","Z001023385278.dmf",".dmf","221195","2025-01-14T15:38:40.0000000Z","5B55A09E3E572000A60251D523F8B1040C5088389E34CEF1367D2C138E3198E1","True",""
"2","C:\Users\omard\Desktop\Facturas2","Z001023385279.dmf","C:\Users\omard\Desktop\Facturas2\Z001023385279.dmf","Z001023385279.dmf",".dmf","35161","2025-01-14T15:41:56.0000000Z","60C42A499630BD20B3287EC029E3B669A94440B68679F0B5BFD28D410B946D6C","True",""
"2","C:\Users\omard\Desktop\Facturas2","Z001023385283.dmf","C:\Users\omard\Desktop\Facturas2\Z001023385283.dmf","Z001023385283.dmf",".dmf","31372","2025-01-14T15:54:28.0000000Z","37D0B4EE330088E99A8E9E3ECA52516DF6C510984E151FE1DB1B2E99B6B4A10A","True",""
"2","C:\Users\omard\Desktop\Facturas2","Z001023385284.dmf","C:\Users\omard\Desktop\Facturas2\Z001023385284.dmf","Z001023385284.dmf",".dmf","26535","2025-01-14T15:57:14.0000000Z","86CE78BD7A9FA3051C71E38746EF1D5F42848C49914F743B988B32FFE5E0203B","True",""
"2","C:\Users\omard\Desktop\Facturas2","Z001023385296.dmf","C:\Users\omard\Desktop\Facturas2\Z001023385296.dmf","Z001023385296.dmf",".dmf","847501","2025-01-14T16:06:48.0000000Z","29F216E61D0BB2754D0DA97BDBD4F4E0D286CA870AC90DCF656ED8F2CC2D8E8E","True",""
"2","C:\Users\omard\Desktop\Facturas2","Z001023385297.dmf","C:\Users\omard\Desktop\Facturas2\Z001023385297.dmf","Z001023385297.dmf",".dmf","345587","2025-01-14T16:08:26.0000000Z","4A7BD1C369FF364DED01732410352C397A2EA5D2C7CD4F3B13CEBDDCB9F7E291","True",""
"2","C:\Users\omard\Desktop\Facturas2","Z001023385298.dmf","C:\Users\omard\Desktop\Facturas2\Z001023385298.dmf","Z001023385298.dmf",".dmf","222561","2025-01-14T16:09:24.0000000Z","E2753059D3C72E4EF787E64C467F5263407518BBB4257890F5D4F841FFA2F2F7","True",""
"2","C:\Users\omard\Desktop\Facturas2","Z001023385328.dmf","C:\Users\omard\Desktop\Facturas2\Z001023385328.dmf","Z001023385328.dmf",".dmf","230840","2025-01-14T16:20:44.0000000Z","BC1526D115E88CCD77C536C19C376E44ADCF05B716C3F50BC62D10D07C9E20EA","True",""
"2","C:\Users\omard\Desktop\Facturas2","Z001023385377.dmf","C:\Users\omard\Desktop\Facturas2\Z001023385377.dmf","Z001023385377.dmf",".dmf","482205","2025-01-14T16:46:48.0000000Z","9B91A3AD13DC68B53C7BE1F470BAE4A4AF2B55CCE7B827DB3BBC5E29A03B6950","True",""
"2","C:\Users\omard\Desktop\Facturas2","Z001023385456.dmf","C:\Users\omard\Desktop\Facturas2\Z001023385456.dmf","Z001023385456.dmf",".dmf","211132","2025-01-14T16:57:26.0000000Z","10D7ECC520A338E8DB32993A7CFBEF1C7AA5DDA08B60CCC71BAC3B52169D182A","True",""
"2","C:\Users\omard\Desktop\Facturas2","Z001023385457.dmf","C:\Users\omard\Desktop\Facturas2\Z001023385457.dmf","Z001023385457.dmf",".dmf","210302","2025-01-14T16:58:36.0000000Z","AF1B4C6E281033A56DAE05E42B0FE6D551A0BC0E836EF14CF8CEDC3F0E0A7E79","True",""
"2","C:\Users\omard\Desktop\Facturas2","Z001023385458.dmf","C:\Users\omard\Desktop\Facturas2\Z001023385458.dmf","Z001023385458.dmf",".dmf","211106","2025-01-14T16:59:46.0000000Z","B062E636DD6D145363B65A6A5EE36531EAA91D33DA2F9122E4A18BA2B1F7D7BB","True",""
"2","C:\Users\omard\Desktop\Facturas2","Z001023385490.dmf","C:\Users\omard\Desktop\Facturas2\Z001023385490.dmf","Z001023385490.dmf",".dmf","210485","2025-01-14T17:01:00.0000000Z","FA75FD6BD63FDB4217C21A063ADE47A94B39CE69DA5BC82E8752C4760A9D20AB","True",""
"2","C:\Users\omard\Desktop\Facturas2","Z001023385491.dmf","C:\Users\omard\Desktop\Facturas2\Z001023385491.dmf","Z001023385491.dmf",".dmf","211221","2025-01-14T17:02:18.0000000Z","F28B47813D952F6AA7F5402ADBA75C2B3157B7B413C9FC7AE45AC46F98383548","True",""
"2","C:\Users\omard\Desktop\Facturas2","Z001023385493.dmf","C:\Users\omard\Desktop\Facturas2\Z001023385493.dmf","Z001023385493.dmf",".dmf","29329","2025-01-14T17:04:08.0000000Z","8C30E864B92D3DD1B7BDDCE9AB459CDD0DEF2D9F0A69A84034A636D61072D0B9","True",""
"2","C:\Users\omard\Desktop\Facturas2","Z001023385498.dmf","C:\Users\omard\Desktop\Facturas2\Z001023385498.dmf","Z001023385498.dmf",".dmf","81927","2025-01-14T17:08:16.0000000Z","F22625DD2542D0FDDE1AE7638D8906331E250C2B0D4205F9F82D268705C215D0","True",""
"2","C:\Users\omard\Desktop\Facturas2","Z001023385569.dmf","C:\Users\omard\Desktop\Facturas2\Z001023385569.dmf","Z001023385569.dmf",".dmf","82982","2025-01-14T17:10:16.0000000Z","0973110C84AF01A7CD124877D891A631B1DCC57A0525C08A3751B7514A1D4514","True",""
"2","C:\Users\omard\Desktop\Facturas2","Z001023385696.dmf","C:\Users\omard\Desktop\Facturas2\Z001023385696.dmf","Z001023385696.dmf",".dmf","19761","2025-01-14T17:32:14.0000000Z","4841CB6C8ACCA4A1696A638BB2FA2FAF7DF60476F655AEB478209AB9590FE2A2","True",""
"2","C:\Users\omard\Desktop\Facturas2","Z001023385697.dmf","C:\Users\omard\Desktop\Facturas2\Z001023385697.dmf","Z001023385697.dmf",".dmf","222032","2025-01-14T17:34:36.0000000Z","2E594204DA0CE0E1D058CF04D399060B0881B4BBC73EEF127AE941FEE492A742","True",""
"2","C:\Users\omard\Desktop\Facturas2","Z001023385711.dmf","C:\Users\omard\Desktop\Facturas2\Z001023385711.dmf","Z001023385711.dmf",".dmf","81129","2025-01-14T17:48:40.0000000Z","6E933795221C220637F5A41A8B7CB144800EAA030F880758B9188A1A2B713B45","True",""
"2","C:\Users\omard\Desktop\Facturas2","Z001023385733.dmf","C:\Users\omard\Desktop\Facturas2\Z001023385733.dmf","Z001023385733.dmf",".dmf","30760","2025-01-14T17:51:16.0000000Z","C042433FB07631867A8F2D4CF4D0877AB79143A86E81303639757CAD265EC35C","True",""
"2","C:\Users\omard\Desktop\Facturas2","Z001023385772.dmf","C:\Users\omard\Desktop\Facturas2\Z001023385772.dmf","Z001023385772.dmf",".dmf","261359","2025-01-14T18:03:52.0000000Z","3D0F9F1AE9753E31630F91C5DD400914E4405767076462ADBE09CA7428C30C00","True",""
"2","C:\Users\omard\Desktop\Facturas2","Z001023385824.dmf","C:\Users\omard\Desktop\Facturas2\Z001023385824.dmf","Z001023385824.dmf",".dmf","29358","2025-01-14T18:13:02.0000000Z","FEF95E5A3D54730FE8E170DB22235D64B6F3462EF0FBCB64C6B5281E62A5B084","True",""
"2","C:\Users\omard\Desktop\Facturas2","Z001023385994.dmf","C:\Users\omard\Desktop\Facturas2\Z001023385994.dmf","Z001023385994.dmf",".dmf","4754","2025-01-14T18:41:44.0000000Z","BD18140643C69EC85CC1C71BE1EE6E0F69F77D87128717C62AB908070DFDCC53","True",""
"2","C:\Users\omard\Desktop\Facturas2","Z001023386053.dmf","C:\Users\omard\Desktop\Facturas2\Z001023386053.dmf","Z001023386053.dmf",".dmf","82141","2025-01-14T18:52:04.0000000Z","B90EC8A7E046D53DC88D95B142AAE78F74A272DA0DAC26F856BFCBCE335293E2","True",""
"2","C:\Users\omard\Desktop\Facturas2","Z001023386100.dmf","C:\Users\omard\Desktop\Facturas2\Z001023386100.dmf","Z001023386100.dmf",".dmf","29674","2025-01-14T19:01:38.0000000Z","8DE598F3AAA685CAD844863D9C1F69D2CDFA98BC565AED31394F3583FECD4A9F","True",""
"2","C:\Users\omard\Desktop\Facturas2","Z001023386101.dmf","C:\Users\omard\Desktop\Facturas2\Z001023386101.dmf","Z001023386101.dmf",".dmf","35316","2025-01-14T19:02:08.0000000Z","37E32F5FA62813FC4B78C344BB50FE46807CDDD9371E1FE46B7CE06999844A2D","True",""
"2","C:\Users\omard\Desktop\Facturas2","Z001023386124.dmf","C:\Users\omard\Desktop\Facturas2\Z001023386124.dmf","Z001023386124.dmf",".dmf","29370","2025-01-14T19:03:22.0000000Z","ACD61350657599525DB7504B42E97D4329FC05479686B73F500F199835CACC80","True",""
"2","C:\Users\omard\Desktop\Facturas2","Z001023386125.dmf","C:\Users\omard\Desktop\Facturas2\Z001023386125.dmf","Z001023386125.dmf",".dmf","26422","2025-01-14T19:10:42.0000000Z","AE86E8CD862E4757F63A9BC991620B0D9CEBB389F22B12772CDA5ECFDD3687E3","True",""
"2","C:\Users\omard\Desktop\Facturas2","Z001023386128.dmf","C:\Users\omard\Desktop\Facturas2\Z001023386128.dmf","Z001023386128.dmf",".dmf","57421","2025-01-14T19:13:14.0000000Z","9DDC7C56D21C1532B565116D25FF6A041D03432409A176417C126BD3C4E5156F","True",""
"2","C:\Users\omard\Desktop\Facturas2","Z001023386152.dmf","C:\Users\omard\Desktop\Facturas2\Z001023386152.dmf","Z001023386152.dmf",".dmf","75419","2025-01-14T19:15:48.0000000Z","67F31489840C9AC223F0834FBB7E9C3F844F77E674F60DC3736D9A4CC66D56F9","True",""
"2","C:\Users\omard\Desktop\Facturas2","Z001023386153.dmf","C:\Users\omard\Desktop\Facturas2\Z001023386153.dmf","Z001023386153.dmf",".dmf","80105","2025-01-14T19:16:16.0000000Z","5A6E420E77F5660A8A973F3FE404BB8A15AEDFDD429C18D3B9550A9B148CBBE6","True",""
"2","C:\Users\omard\Desktop\Facturas2","Z001023386155.dmf","C:\Users\omard\Desktop\Facturas2\Z001023386155.dmf","Z001023386155.dmf",".dmf","423245","2025-01-14T19:27:36.0000000Z","18926C351573DC7B974FF6AF409E3C67CA436229B2096DDA8150FBAC3074130D","True",""
"2","C:\Users\omard\Desktop\Facturas2","Z001023386156.dmf","C:\Users\omard\Desktop\Facturas2\Z001023386156.dmf","Z001023386156.dmf",".dmf","104837","2025-01-14T19:27:54.0000000Z","9E189F273C389CE45442B20C6921D0D09512677CFD68C5CBD669739BF47685CE","True",""
"2","C:\Users\omard\Desktop\Facturas2","Z001023386157.dmf","C:\Users\omard\Desktop\Facturas2\Z001023386157.dmf","Z001023386157.dmf",".dmf","429009","2025-01-14T19:28:22.0000000Z","CE1929932BD9F54BD861529C401144277965F882BCC4663E3ECF22529F2512F9","True",""
"2","C:\Users\omard\Desktop\Facturas2","Z001023386173.dmf","C:\Users\omard\Desktop\Facturas2\Z001023386173.dmf","Z001023386173.dmf",".dmf","375717","2025-01-14T19:31:32.0000000Z","87B0A5EA18FED5B18E7A78E43DB54BA35C795AF5C1538E58427EFFFC3289337C","True",""
"2","C:\Users\omard\Desktop\Facturas2","Z001023386296.dmf","C:\Users\omard\Desktop\Facturas2\Z001023386296.dmf","Z001023386296.dmf",".dmf","76935","2025-01-14T20:27:00.0000000Z","15110E4A14277FF627DB5270672DE051D72856815C0CC82857C3A4691082F26B","True",""
"2","C:\Users\omard\Desktop\Facturas2","Z001023386297.dmf","C:\Users\omard\Desktop\Facturas2\Z001023386297.dmf","Z001023386297.dmf",".dmf","81039","2025-01-14T20:29:08.0000000Z","EBA1FC2111AC33ED6926A0E272F39DBF399F57CCAF4E6E186593F150971344D6","True",""
"2","C:\Users\omard\Desktop\Facturas2","Z001023386325.dmf","C:\Users\omard\Desktop\Facturas2\Z001023386325.dmf","Z001023386325.dmf",".dmf","80902","2025-01-14T20:31:22.0000000Z","8E9BD7460A64BC516AEF4C700B7A055B57C8719F7AB141990F37834C28648B1E","True",""
"2","C:\Users\omard\Desktop\Facturas2","Z001023386326.dmf","C:\Users\omard\Desktop\Facturas2\Z001023386326.dmf","Z001023386326.dmf",".dmf","80954","2025-01-14T20:38:34.0000000Z","07908A6104A2AD1BE5D57C7CE0894AFD707C77B8106FCC7A8BBFEEED29A11DD4","True",""
"2","C:\Users\omard\Desktop\Facturas2","Z001023397600.dmf","C:\Users\omard\Desktop\Facturas2\Z001023397600.dmf","Z001023397600.dmf",".dmf","50920","2025-01-15T11:14:22.0000000Z","648144A66656938C461C9D54276626672698A464EC118F0889CA0F0CFF42BE9C","True",""
"2","C:\Users\omard\Desktop\Facturas2","Z001023397601.dmf","C:\Users\omard\Desktop\Facturas2\Z001023397601.dmf","Z001023397601.dmf",".dmf","51076","2025-01-15T11:14:56.0000000Z","38E0A33028D2B9050EA72A7132A036E9F7D7D602019B496FDA24175BECDAE347","True",""
"2","C:\Users\omard\Desktop\Facturas2","Z001023397660.dmf","C:\Users\omard\Desktop\Facturas2\Z001023397660.dmf","Z001023397660.dmf",".dmf","66551","2025-01-15T12:54:54.0000000Z","E93A3D12133600FC182F6D8CF6C1627D8AAE3518F0624E6F560858AACB1486D7","True",""
"2","C:\Users\omard\Desktop\Facturas2","Z001023397661.dmf","C:\Users\omard\Desktop\Facturas2\Z001023397661.dmf","Z001023397661.dmf",".dmf","71781","2025-01-15T12:55:30.0000000Z","7DF662CF1B8294AE3AB2C2556F092D226A2238797367409BEBCD33CCF3A61598","True",""
"2","C:\Users\omard\Desktop\Facturas2","Z001023397662.dmf","C:\Users\omard\Desktop\Facturas2\Z001023397662.dmf","Z001023397662.dmf",".dmf","66062","2025-01-15T12:55:50.0000000Z","F76B1DD23B8157DFFCDBD9E04DEEC52A475D82905B9448526744DA88DABFB070","True",""
"2","C:\Users\omard\Desktop\Facturas2","Z001023397735.dmf","C:\Users\omard\Desktop\Facturas2\Z001023397735.dmf","Z001023397735.dmf",".dmf","32734","2025-01-15T13:35:02.0000000Z","73B8A4693C8DB54FE4DFD0536C67BB815608DD7CC0137A82FFA7CBB51FC1F66C","True",""
"2","C:\Users\omard\Desktop\Facturas2","Z001023397738.dmf","C:\Users\omard\Desktop\Facturas2\Z001023397738.dmf","Z001023397738.dmf",".dmf","308143","2025-01-15T13:41:06.0000000Z","777F73DBE716DEB9B86A1698F679B6EAC59D0FC80EC80B974759145D3020B4CD","True",""
"2","C:\Users\omard\Desktop\Facturas2","Z001023397739.dmf","C:\Users\omard\Desktop\Facturas2\Z001023397739.dmf","Z001023397739.dmf",".dmf","67659","2025-01-15T13:43:10.0000000Z","54612C8E902F186139963CC89C2C4073FB8ABC20108AE3978E083EEBDBE32DBD","True",""
"2","C:\Users\omard\Desktop\Facturas2","Z001023397746.dmf","C:\Users\omard\Desktop\Facturas2\Z001023397746.dmf","Z001023397746.dmf",".dmf","82846","2025-01-15T13:46:34.0000000Z","36F0B1A10F23463E0E4053FB284BEA7D38C7BB96E81C3C6DD6A4900543AD6345","True",""
"2","C:\Users\omard\Desktop\Facturas2","Z001023397747.dmf","C:\Users\omard\Desktop\Facturas2\Z001023397747.dmf","Z001023397747.dmf",".dmf","63023","2025-01-15T13:54:58.0000000Z","1FA2197FCD81099C373E5B77B9E45A03E3CC741A0BCB8B79C19E1D8A587B7C8D","True",""
"2","C:\Users\omard\Desktop\Facturas2","Z001023397748.dmf","C:\Users\omard\Desktop\Facturas2\Z001023397748.dmf","Z001023397748.dmf",".dmf","68170","2025-01-15T13:55:50.0000000Z","2DAAF2571E690B33CA3FD93F56995470BA5C761805BC8140FE4258F6966DBB7F","True",""
"2","C:\Users\omard\Desktop\Facturas2","Z001023397751.dmf","C:\Users\omard\Desktop\Facturas2\Z001023397751.dmf","Z001023397751.dmf",".dmf","68835","2025-01-15T13:56:36.0000000Z","5E6B49D9DE8C5D26BC3743216D6B50EB8E0AFC7A4FD2C4C7435C2F2387D7970F","True",""
"2","C:\Users\omard\Desktop\Facturas2","Z001023397753.dmf","C:\Users\omard\Desktop\Facturas2\Z001023397753.dmf","Z001023397753.dmf",".dmf","68934","2025-01-15T13:58:58.0000000Z","5780E09BF8D5FABA5B19D5EBB134A5D5FBB08679C8DE3B54FA09606EFC567A2D","True",""
"2","C:\Users\omard\Desktop\Facturas2","Z001023397754.dmf","C:\Users\omard\Desktop\Facturas2\Z001023397754.dmf","Z001023397754.dmf",".dmf","68396","2025-01-15T13:59:38.0000000Z","269DE6D82D989235812122749F50957EA5691481BBC69BC640E4AC22FFF6BA95","True",""
"2","C:\Users\omard\Desktop\Facturas2","Z001023397756.dmf","C:\Users\omard\Desktop\Facturas2\Z001023397756.dmf","Z001023397756.dmf",".dmf","108104","2025-01-15T14:00:52.0000000Z","188FE007F4B1F567DAA200382EA018792DDB854121A3B2241265164E9BF6DD80","True",""
"2","C:\Users\omard\Desktop\Facturas2","Z001023397757.dmf","C:\Users\omard\Desktop\Facturas2\Z001023397757.dmf","Z001023397757.dmf",".dmf","316526","2025-01-15T14:01:24.0000000Z","054819061507BFCB396A59E6850C569694634578B362801C25DBB5F3A0D13A9A","True",""
"2","C:\Users\omard\Desktop\Facturas2","Z001023397759.dmf","C:\Users\omard\Desktop\Facturas2\Z001023397759.dmf","Z001023397759.dmf",".dmf","82304","2025-01-15T14:04:24.0000000Z","A0BCDF7F87B7C33A41E82A6E71CE983849CFD9D36BA3A1EF471A540E214F11DD","True",""
"2","C:\Users\omard\Desktop\Facturas2","Z001023397760.dmf","C:\Users\omard\Desktop\Facturas2\Z001023397760.dmf","Z001023397760.dmf",".dmf","82796","2025-01-15T14:05:52.0000000Z","05F0673446B86CDCF44A45AEE4B97FD0A4F3617E51B474E0A871DF8F3694E1C6","True",""
"2","C:\Users\omard\Desktop\Facturas2","Z001023397776.dmf","C:\Users\omard\Desktop\Facturas2\Z001023397776.dmf","Z001023397776.dmf",".dmf","21721","2025-01-15T14:09:24.0000000Z","121E3B52D92A24B07CCF5E48E9A1786D38AC267CF0148D689E2082B7CD29A4AE","True",""
"2","C:\Users\omard\Desktop\Facturas2","Z001023397777.dmf","C:\Users\omard\Desktop\Facturas2\Z001023397777.dmf","Z001023397777.dmf",".dmf","15433","2025-01-15T14:12:32.0000000Z","7FE264C38D35E77E109D2F2109B43667221AC658AF8E3C20A07A9ECB010A9FE1","True",""
"2","C:\Users\omard\Desktop\Facturas2","Z001023397778.dmf","C:\Users\omard\Desktop\Facturas2\Z001023397778.dmf","Z001023397778.dmf",".dmf","15451","2025-01-15T14:13:40.0000000Z","325D17AD6486B5927F2ECC785EE297D28E03AE51C3373FB508794A39D94111CF","True",""
"2","C:\Users\omard\Desktop\Facturas2","Z001023397806.dmf","C:\Users\omard\Desktop\Facturas2\Z001023397806.dmf","Z001023397806.dmf",".dmf","66112","2025-01-15T14:17:02.0000000Z","CC15D022286CFA0BD6AA862FFFED578CD5BA27E733C701868A292EED9BF4DAB7","True",""
"2","C:\Users\omard\Desktop\Facturas2","Z001023397807.dmf","C:\Users\omard\Desktop\Facturas2\Z001023397807.dmf","Z001023397807.dmf",".dmf","76016","2025-01-15T14:17:16.0000000Z","D990E01C7EAF87A184D9B14306E3BD48042F7E1C7B50DD2C6B4943BCED310F2F","True",""
"2","C:\Users\omard\Desktop\Facturas2","Z001023397809.dmf","C:\Users\omard\Desktop\Facturas2\Z001023397809.dmf","Z001023397809.dmf",".dmf","13954","2025-01-15T14:20:36.0000000Z","DBF21909E5D6FA58EF6305EDFF1BEEF66E078FAAB379A8C30E3DD6F1D49E2825","True",""
"2","C:\Users\omard\Desktop\Facturas2","Z001023397810.dmf","C:\Users\omard\Desktop\Facturas2\Z001023397810.dmf","Z001023397810.dmf",".dmf","14767","2025-01-15T14:21:26.0000000Z","55A072FC1520CCE2B97249B635C71EB5BE63A46FE8FBE8B9155BC7BCB0C17535","True",""
"2","C:\Users\omard\Desktop\Facturas2","Z001023397811.dmf","C:\Users\omard\Desktop\Facturas2\Z001023397811.dmf","Z001023397811.dmf",".dmf","14606","2025-01-15T14:22:14.0000000Z","1AE12EA3F893487E39DBC0BF7649EB13A1A053A6F88CC6D307A4433034ABDA6C","True",""
"2","C:\Users\omard\Desktop\Facturas2","Z001023397812.dmf","C:\Users\omard\Desktop\Facturas2\Z001023397812.dmf","Z001023397812.dmf",".dmf","67985","2025-01-15T14:23:48.0000000Z","B5431271F24C3963F2EE9BEDFE91F9DC04F109AB257125505D3B6BFCB8C5E02C","True",""
"2","C:\Users\omard\Desktop\Facturas2","Z001023397871.dmf","C:\Users\omard\Desktop\Facturas2\Z001023397871.dmf","Z001023397871.dmf",".dmf","5385","2025-01-15T14:38:30.0000000Z","A84756522EEF46615EE88CDCFE97C83A38818AB36CFDF32128855FECBB37CDDD","True",""
"2","C:\Users\omard\Desktop\Facturas2","Z001023397875.dmf","C:\Users\omard\Desktop\Facturas2\Z001023397875.dmf","Z001023397875.dmf",".dmf","82714","2025-01-15T14:40:56.0000000Z","14F9175446453BBE5E859CBB7FEDCAD414D0F9C7287E669EC8580AD8052EC3AB","True",""
"2","C:\Users\omard\Desktop\Facturas2","Z001023397884.dmf","C:\Users\omard\Desktop\Facturas2\Z001023397884.dmf","Z001023397884.dmf",".dmf","27146","2025-01-15T14:56:04.0000000Z","DEDF8A3E76BC90E83DEC2B4B5AE14BC6B1C6E3E47F77A2BAB4AD00209CE26BE3","True",""
"2","C:\Users\omard\Desktop\Facturas2","Z001023397915.dmf","C:\Users\omard\Desktop\Facturas2\Z001023397915.dmf","Z001023397915.dmf",".dmf","222270","2025-01-15T15:09:42.0000000Z","82791FDDB5F045E8593CE1B0B5AB2D658482167F16CD918E9BA627A135068DAE","True",""
"2","C:\Users\omard\Desktop\Facturas2","Z001023397916.dmf","C:\Users\omard\Desktop\Facturas2\Z001023397916.dmf","Z001023397916.dmf",".dmf","222451","2025-01-15T15:10:26.0000000Z","E8412144817C26AEBD3297A43E1A93BA6ACCBE88208E49F9554FFBAE33AE4B51","True",""
"2","C:\Users\omard\Desktop\Facturas2","Z001023397928.dmf","C:\Users\omard\Desktop\Facturas2\Z001023397928.dmf","Z001023397928.dmf",".dmf","81667","2025-01-15T15:15:32.0000000Z","2D398D23E4612E56BB91C2B2FC508DD86DB1F938A4254F664F32EA54217CD263","True",""
"2","C:\Users\omard\Desktop\Facturas2","Z001023397939.dmf","C:\Users\omard\Desktop\Facturas2\Z001023397939.dmf","Z001023397939.dmf",".dmf","98529","2025-01-15T15:18:26.0000000Z","2C37636626A3FCBBC5DF32944E4692CFC8BC8D0A1ECD604FB8BF8F6D2CFC70CA","True",""
"2","C:\Users\omard\Desktop\Facturas2","Z001023397940.dmf","C:\Users\omard\Desktop\Facturas2\Z001023397940.dmf","Z001023397940.dmf",".dmf","98524","2025-01-15T15:22:28.0000000Z","AA3750AC8721F1D8AFD5C64AAE29D12B33F6359A61962D6C85BF04720392B52E","True",""
"2","C:\Users\omard\Desktop\Facturas2","Z001023397941.dmf","C:\Users\omard\Desktop\Facturas2\Z001023397941.dmf","Z001023397941.dmf",".dmf","105558","2025-01-15T15:22:56.0000000Z","66DBB123E2620437929A2709A4CAC4FD99277FC1345E50935BFE747396A3F615","True",""
"2","C:\Users\omard\Desktop\Facturas2","Z001023397942.dmf","C:\Users\omard\Desktop\Facturas2\Z001023397942.dmf","Z001023397942.dmf",".dmf","98536","2025-01-15T15:26:04.0000000Z","73EF983D1F994332042F0424841089D685C80B6F70D2EDDBEE133DEC0F078445","True",""
"2","C:\Users\omard\Desktop\Facturas2","Z001023397946.dmf","C:\Users\omard\Desktop\Facturas2\Z001023397946.dmf","Z001023397946.dmf",".dmf","75294","2025-01-15T15:34:38.0000000Z","063D1B818876325497A67DE5E4E72307EE74EE4729E9CD658456A02E9783B3B7","True",""
"2","C:\Users\omard\Desktop\Facturas2","Z001023397948.dmf","C:\Users\omard\Desktop\Facturas2\Z001023397948.dmf","Z001023397948.dmf",".dmf","75299","2025-01-15T15:37:20.0000000Z","FAE5643FEDB142F799E3C9A7E661E2C120253FC1888A8127BEC0BB4FAB78DD25","True",""
"2","C:\Users\omard\Desktop\Facturas2","Z001023397950.dmf","C:\Users\omard\Desktop\Facturas2\Z001023397950.dmf","Z001023397950.dmf",".dmf","75306","2025-01-15T15:40:00.0000000Z","02293EE77BE9B9710EBEA18062025CEA3DC217CF53E00DFEAAFD616B21B97BBB","True",""
"2","C:\Users\omard\Desktop\Facturas2","Z001023397956.dmf","C:\Users\omard\Desktop\Facturas2\Z001023397956.dmf","Z001023397956.dmf",".dmf","20660","2025-01-15T15:49:06.0000000Z","FD622B452F2230659769F2888ABF0C56EC12FE8610B4028CC9BCB97FBA21F2E3","True",""
"2","C:\Users\omard\Desktop\Facturas2","Z001023397962.dmf","C:\Users\omard\Desktop\Facturas2\Z001023397962.dmf","Z001023397962.dmf",".dmf","83038","2025-01-15T16:00:12.0000000Z","E70EEAECA3361375C8C648E124507EB9B1B86F8E91DCACFD9672B1AD2D08A907","True",""
"2","C:\Users\omard\Desktop\Facturas2","Z001023397970.dmf","C:\Users\omard\Desktop\Facturas2\Z001023397970.dmf","Z001023397970.dmf",".dmf","82732","2025-01-15T16:01:04.0000000Z","467E2258F4055FF238B843ECE9BE892F6B34394E519E3C7757BC18C2484838D9","True",""
"2","C:\Users\omard\Desktop\Facturas2","Z001023397971.dmf","C:\Users\omard\Desktop\Facturas2\Z001023397971.dmf","Z001023397971.dmf",".dmf","82846","2025-01-15T16:02:52.0000000Z","96861B3902248591F57B3EC1B1C2B4EA258FD6ACE3D0826176D6A74B504EB623","True",""
"2","C:\Users\omard\Desktop\Facturas2","Z001023397972.dmf","C:\Users\omard\Desktop\Facturas2\Z001023397972.dmf","Z001023397972.dmf",".dmf","83562","2025-01-15T16:03:42.0000000Z","8D293EC764D24314087A1EE4D443A725BE215D45B2A1A1B7A7450D91D705A72E","True",""
"2","C:\Users\omard\Desktop\Facturas2","Z001023397974.dmf","C:\Users\omard\Desktop\Facturas2\Z001023397974.dmf","Z001023397974.dmf",".dmf","82685","2025-01-15T16:05:22.0000000Z","D2FA2A2F009C277F22079451470AB12A101D8F38643E29D9F0B2BD89AB5B3865","True",""
"2","C:\Users\omard\Desktop\Facturas2","Z001023398411.dmf","C:\Users\omard\Desktop\Facturas2\Z001023398411.dmf","Z001023398411.dmf",".dmf","46260","2025-01-15T17:47:52.0000000Z","1DC23032BD4BAE11498252577D92EE0598AE8F36529C118EA9AADF6483494972","True",""
"2","C:\Users\omard\Desktop\Facturas2","Z001023398412.dmf","C:\Users\omard\Desktop\Facturas2\Z001023398412.dmf","Z001023398412.dmf",".dmf","48189","2025-01-15T17:49:28.0000000Z","89090F5269273C2EFE56A403589B9268EF47A1DEB06B2B8B653E76FDFABED460","True",""
"2","C:\Users\omard\Desktop\Facturas2","Z001023398535.dmf","C:\Users\omard\Desktop\Facturas2\Z001023398535.dmf","Z001023398535.dmf",".dmf","32023","2025-01-15T18:21:18.0000000Z","5FD5F8A7D03C854F5BE4404DA32D52E8235C92B1B993414DAF083541F91FA703","True",""
"2","C:\Users\omard\Desktop\Facturas2","Z001023398536.dmf","C:\Users\omard\Desktop\Facturas2\Z001023398536.dmf","Z001023398536.dmf",".dmf","234987","2025-01-15T18:21:50.0000000Z","61D2BD3EA8D54D3BC6656D30F6CAB1C0D16A6EB491ACC7160D43FD66B5F8B17E","True",""
"2","C:\Users\omard\Desktop\Facturas2","Z001023398537.dmf","C:\Users\omard\Desktop\Facturas2\Z001023398537.dmf","Z001023398537.dmf",".dmf","34192","2025-01-15T18:26:48.0000000Z","57AAAA19C80AC057177CDBC345428C066BF843F255F4951006B2580F94E83A9A","True",""
"2","C:\Users\omard\Desktop\Facturas2","Z001023398630.dmf","C:\Users\omard\Desktop\Facturas2\Z001023398630.dmf","Z001023398630.dmf",".dmf","126320","2025-01-15T18:45:54.0000000Z","5B86EF6EF5AF4D1F2197373ED70A270936AC2D9C2F20754EE9EBF4AB19EDA64D","True",""
"2","C:\Users\omard\Desktop\Facturas2","Z001023398661.dmf","C:\Users\omard\Desktop\Facturas2\Z001023398661.dmf","Z001023398661.dmf",".dmf","126089","2025-01-15T18:47:06.0000000Z","CFD02FB189F73BD94B0F0DFD1452FC24B3288CF68F333F12F506D85810E92F29","True",""
"2","C:\Users\omard\Desktop\Facturas2","Z001023398680.dmf","C:\Users\omard\Desktop\Facturas2\Z001023398680.dmf","Z001023398680.dmf",".dmf","4738","2025-01-15T19:08:56.0000000Z","DC33D1C19AAA4CBD7E1BFC2D25D2316D32A6EF84A3926C8F00E6039F283D93F1","True",""
"2","C:\Users\omard\Desktop\Facturas2","Z001023398681.dmf","C:\Users\omard\Desktop\Facturas2\Z001023398681.dmf","Z001023398681.dmf",".dmf","4732","2025-01-15T19:13:00.0000000Z","3DED34B40C8CB68DFD95C0EC46824D2F53DAA9E55AEC863D820BD7D5B4EE5C01","True",""
"2","C:\Users\omard\Desktop\Facturas2","Z001023398764.dmf","C:\Users\omard\Desktop\Facturas2\Z001023398764.dmf","Z001023398764.dmf",".dmf","82159","2025-01-15T19:21:36.0000000Z","F1B00D45206915360239D25163D44B64817792E3142122AE6F6DF2A85923D2E7","True",""
"2","C:\Users\omard\Desktop\Facturas2","Z001023398838.dmf","C:\Users\omard\Desktop\Facturas2\Z001023398838.dmf","Z001023398838.dmf",".dmf","81852","2025-01-15T19:35:54.0000000Z","00A21AE1DF6CA4F32F2828255FA81649526BA9194E7FE2A84EFBB3FAAE5FEE83","True",""
"2","C:\Users\omard\Desktop\Facturas2","Z001023398841.dmf","C:\Users\omard\Desktop\Facturas2\Z001023398841.dmf","Z001023398841.dmf",".dmf","83811","2025-01-15T19:42:30.0000000Z","79DC2133D02CE07000ECE570C9C3288EE6092413CB8370FD43B3C097917C716C","True",""
"2","C:\Users\omard\Desktop\Facturas2","Z001023398844.dmf","C:\Users\omard\Desktop\Facturas2\Z001023398844.dmf","Z001023398844.dmf",".dmf","84365","2025-01-15T19:44:08.0000000Z","A8C36AC8C7A7E8BC760314E66C58C9B119AB7D6B01230F82FAB60265776057EB","True",""
"2","C:\Users\omard\Desktop\Facturas2","Z001023398845.dmf","C:\Users\omard\Desktop\Facturas2\Z001023398845.dmf","Z001023398845.dmf",".dmf","83476","2025-01-15T19:45:04.0000000Z","8BFE2E81F69352706FA0786CCC88BA2EE67C3ACC3C56A735CA703B56C744EA33","True",""
"2","C:\Users\omard\Desktop\Facturas2","Z001023398886.dmf","C:\Users\omard\Desktop\Facturas2\Z001023398886.dmf","Z001023398886.dmf",".dmf","82356","2025-01-15T19:46:38.0000000Z","7D9808CEB3C4E33835A999AEFC7FAD019946151B9D079E6AC4772B5BBD104165","True",""
"2","C:\Users\omard\Desktop\Facturas2","Z001023398887.dmf","C:\Users\omard\Desktop\Facturas2\Z001023398887.dmf","Z001023398887.dmf",".dmf","81471","2025-01-15T19:47:54.0000000Z","C6797346B1B7C93443DDF3F043B175551F2AF4B72807403AB89AD9F2FD5368CB","True",""
"2","C:\Users\omard\Desktop\Facturas2","Z001023398888.dmf","C:\Users\omard\Desktop\Facturas2\Z001023398888.dmf","Z001023398888.dmf",".dmf","254675","2025-01-15T19:51:40.0000000Z","DAC532B88E799CE6FD06B735F0A34954AABF71F5F1B98F54CFA523019A37C687","True",""
"2","C:\Users\omard\Desktop\Facturas2","Z001023398889.dmf","C:\Users\omard\Desktop\Facturas2\Z001023398889.dmf","Z001023398889.dmf",".dmf","83482","2025-01-15T19:55:24.0000000Z","882E9071D6F88BEB96AE78E001D37805CEA74179B186F444876F54E548594DE5","True",""
"2","C:\Users\omard\Desktop\Facturas2","Z001023398890.dmf","C:\Users\omard\Desktop\Facturas2\Z001023398890.dmf","Z001023398890.dmf",".dmf","70228","2025-01-15T19:56:06.0000000Z","AE09BAF12E19EEFFB2411C74F691E7B5FC45EDC9630B7E6E1259CBE3E69BA596","True",""
"2","C:\Users\omard\Desktop\Facturas2","Z001023398891.dmf","C:\Users\omard\Desktop\Facturas2\Z001023398891.dmf","Z001023398891.dmf",".dmf","82622","2025-01-15T19:57:44.0000000Z","E74C3CBAD0F6897ED0B28E157FB9C22397102B4D1CBEFD03944B236DC21B18DF","True",""
"2","C:\Users\omard\Desktop\Facturas2","Z001023398892.dmf","C:\Users\omard\Desktop\Facturas2\Z001023398892.dmf","Z001023398892.dmf",".dmf","70188","2025-01-15T19:58:18.0000000Z","CBDAB5D19BB129B010814E2A02F9FC038534612580419314F5ECEFDD499360BD","True",""
"2","C:\Users\omard\Desktop\Facturas2","Z001023398893.dmf","C:\Users\omard\Desktop\Facturas2\Z001023398893.dmf","Z001023398893.dmf",".dmf","35886","2025-01-15T19:59:40.0000000Z","09BC6642D70FD2ABDBA03EB1E0DE2BA37DAA3D06D74B51E069B144890AAD76EE","True",""
"2","C:\Users\omard\Desktop\Facturas2","Z001023398906.dmf","C:\Users\omard\Desktop\Facturas2\Z001023398906.dmf","Z001023398906.dmf",".dmf","70412","2025-01-15T20:00:56.0000000Z","601E39F1B6FF12A77F6D3C78CFBD9A87931FCE1EE5D6DE9F70124774CE4AD6FC","True",""
"2","C:\Users\omard\Desktop\Facturas2","Z001023398907.dmf","C:\Users\omard\Desktop\Facturas2\Z001023398907.dmf","Z001023398907.dmf",".dmf","70251","2025-01-15T20:02:34.0000000Z","797112C4BD29D0A47A258A97C05BA6C896DA9008CF37FD15D7EB2FD2B443327F","True",""
"2","C:\Users\omard\Desktop\Facturas2","Z001023398908.dmf","C:\Users\omard\Desktop\Facturas2\Z001023398908.dmf","Z001023398908.dmf",".dmf","82218","2025-01-15T20:04:58.0000000Z","CA7145A622FC78C56FB8C0C41369074BE6C3D247739F0B586C77B0A1ABACB94E","True",""
"2","C:\Users\omard\Desktop\Facturas2","Z001023398913.dmf","C:\Users\omard\Desktop\Facturas2\Z001023398913.dmf","Z001023398913.dmf",".dmf","82946","2025-01-15T20:13:46.0000000Z","EBE1D52E5CA6C7023BD3E8566DA1DF364226C6DBC5479A9F29A6D5DBDE3E6FEB","True",""
"2","C:\Users\omard\Desktop\Facturas2","Z001023398914.dmf","C:\Users\omard\Desktop\Facturas2\Z001023398914.dmf","Z001023398914.dmf",".dmf","222178","2025-01-15T20:16:06.0000000Z","05E270A99FE5A380636CEC285AA5A74427D0FF3F69B637B67E9C6DE6C87A085A","True",""
"2","C:\Users\omard\Desktop\Facturas2","Z001023398915.dmf","C:\Users\omard\Desktop\Facturas2\Z001023398915.dmf","Z001023398915.dmf",".dmf","70576","2025-01-15T20:17:32.0000000Z","30FD0E68A5BCD654F02B7D95AA3D8F96CF243293AAC99B7CDC57EA49C9CA22CD","True",""
"2","C:\Users\omard\Desktop\Facturas2","Z001023409587.dmf","C:\Users\omard\Desktop\Facturas2\Z001023409587.dmf","Z001023409587.dmf",".dmf","15406","2025-01-16T04:11:48.0000000Z","CBD9A73CBD2FDD9F227E8AAF13CFD083127C2C8AA73B7103F804DF4402FC8586","True",""
"2","C:\Users\omard\Desktop\Facturas2","Z001023410256.dmf","C:\Users\omard\Desktop\Facturas2\Z001023410256.dmf","Z001023410256.dmf",".dmf","254675","2025-01-16T13:51:48.0000000Z","168D8197739AFE1B820B2A19D2A302963F56A40EE931371CA8410144D0A3712B","True",""
"2","C:\Users\omard\Desktop\Facturas2","Z001023410257.dmf","C:\Users\omard\Desktop\Facturas2\Z001023410257.dmf","Z001023410257.dmf",".dmf","55089","2025-01-16T13:54:10.0000000Z","79EE66AD4E3F2A5E5F888C540DDC0F4A1BA6E3A6AA16873E3C499E9707E4F3BA","True",""
"2","C:\Users\omard\Desktop\Facturas2","Z001023410258.dmf","C:\Users\omard\Desktop\Facturas2\Z001023410258.dmf","Z001023410258.dmf",".dmf","255817","2025-01-16T13:55:42.0000000Z","73F71A844C6708AFD9018F9607FCD921BFAE04AF89B2A39FD763CDAAC8A8814A","True",""
"2","C:\Users\omard\Desktop\Facturas2","Z001023410259.dmf","C:\Users\omard\Desktop\Facturas2\Z001023410259.dmf","Z001023410259.dmf",".dmf","82952","2025-01-16T13:57:00.0000000Z","69726480D78DB61EE6D67CB0D278F4C1B20322391408D27FAC50A5EACAA81924","True",""
"2","C:\Users\omard\Desktop\Facturas2","Z001023410263.dmf","C:\Users\omard\Desktop\Facturas2\Z001023410263.dmf","Z001023410263.dmf",".dmf","104086","2025-01-16T14:00:16.0000000Z","D0AE93449A3FA37971651D35F20F40A66193D8FB183947715BBD6E98F628258D","True",""
"2","C:\Users\omard\Desktop\Facturas2","Z001023410267.dmf","C:\Users\omard\Desktop\Facturas2\Z001023410267.dmf","Z001023410267.dmf",".dmf","4568","2025-01-16T14:03:00.0000000Z","81776334DD1CAC26CCEF0BF7B9F26228CD7CEEE615E425B8924080E363628C15","True",""
"2","C:\Users\omard\Desktop\Facturas2","Z001023410269.dmf","C:\Users\omard\Desktop\Facturas2\Z001023410269.dmf","Z001023410269.dmf",".dmf","33377","2025-01-16T14:05:20.0000000Z","BDC6322ADD3E5E9DFB4524310E7F8358147D752D3AC465FD0FE4BC5CA0AC4D31","True",""
"2","C:\Users\omard\Desktop\Facturas2","Z001023410270.dmf","C:\Users\omard\Desktop\Facturas2\Z001023410270.dmf","Z001023410270.dmf",".dmf","82176","2025-01-16T14:05:48.0000000Z","03ACB42C24F46A27FF04E97862A8FC04B14DCF5A8F485FE0D713B610B78D7F3D","True",""
"2","C:\Users\omard\Desktop\Facturas2","Z001023410303.dmf","C:\Users\omard\Desktop\Facturas2\Z001023410303.dmf","Z001023410303.dmf",".dmf","27209","2025-01-16T14:15:42.0000000Z","7829B07069F4BA76964834142F9FE53F17156987BA1E7E495C14F582DB763938","True",""
"2","C:\Users\omard\Desktop\Facturas2","Z001023410307.dmf","C:\Users\omard\Desktop\Facturas2\Z001023410307.dmf","Z001023410307.dmf",".dmf","2011585","2025-01-16T14:19:24.0000000Z","D5E809A7BD383A562C718C4DE807C865BB9DC48DD53CCB2DB9FDD3210ABD0142","True",""
"2","C:\Users\omard\Desktop\Facturas2","Z001023410308.dmf","C:\Users\omard\Desktop\Facturas2\Z001023410308.dmf","Z001023410308.dmf",".dmf","37891","2025-01-16T14:22:02.0000000Z","C531DF446D15BF0E30446E1390F3E879C9D39EE4996D60BE246EF193763C9E6D","True",""
"2","C:\Users\omard\Desktop\Facturas2","Z001023410319.dmf","C:\Users\omard\Desktop\Facturas2\Z001023410319.dmf","Z001023410319.dmf",".dmf","61714","2025-01-16T14:40:18.0000000Z","1D3A6C06CDC63A357B419CB21F26FB3649CCEFAB447F5011C240915ACA92EA98","True",""
"2","C:\Users\omard\Desktop\Facturas2","Z001023410321.dmf","C:\Users\omard\Desktop\Facturas2\Z001023410321.dmf","Z001023410321.dmf",".dmf","61714","2025-01-16T14:43:08.0000000Z","27457C516CA59E2A6A87B3676F63401F3E4D6CD7CB6EE4F6990600ABF8606271","True",""
"2","C:\Users\omard\Desktop\Facturas2","Z001023410359.dmf","C:\Users\omard\Desktop\Facturas2\Z001023410359.dmf","Z001023410359.dmf",".dmf","179440","2025-01-16T14:49:08.0000000Z","2A3DF893EAA5DDF3BFA27F006EC29751D016DCD0ACB3B314CC6917EE871BFAD7","True",""
"2","C:\Users\omard\Desktop\Facturas2","Z001023410368.dmf","C:\Users\omard\Desktop\Facturas2\Z001023410368.dmf","Z001023410368.dmf",".dmf","20451","2025-01-16T14:51:58.0000000Z","E7ECF859016FC536C7EB9A9320A75FE932014FB5CE714AA97650294F21C1ADBE","True",""
"2","C:\Users\omard\Desktop\Facturas2","Z001023410369.dmf","C:\Users\omard\Desktop\Facturas2\Z001023410369.dmf","Z001023410369.dmf",".dmf","20434","2025-01-16T14:52:48.0000000Z","669797F16DC37F8849E6C90D6798A954E8C41187F62919950ACA46C6012A6B6C","True",""
"2","C:\Users\omard\Desktop\Facturas2","Z001023410372.dmf","C:\Users\omard\Desktop\Facturas2\Z001023410372.dmf","Z001023410372.dmf",".dmf","82779","2025-01-16T14:54:18.0000000Z","55FF86D720741699B8A2ACC17A7E59DED7DCE108B6F21E4373CA400F95689171","True",""
"2","C:\Users\omard\Desktop\Facturas2","Z001023410373.dmf","C:\Users\omard\Desktop\Facturas2\Z001023410373.dmf","Z001023410373.dmf",".dmf","33266","2025-01-16T14:55:28.0000000Z","593BDD18B24107978FB8C65B339745026DEB40722CF74FC0A19CDE8A68E3113A","True",""
"2","C:\Users\omard\Desktop\Facturas2","Z001023410374.dmf","C:\Users\omard\Desktop\Facturas2\Z001023410374.dmf","Z001023410374.dmf",".dmf","35580","2025-01-16T14:58:36.0000000Z","51D060B561C5E6850927D818895243B339C3E9855FD65E214B265DFD93097EFE","True",""
"2","C:\Users\omard\Desktop\Facturas2","Z001023410379.dmf","C:\Users\omard\Desktop\Facturas2\Z001023410379.dmf","Z001023410379.dmf",".dmf","414522","2025-01-16T15:00:36.0000000Z","D165089B6B26F682A548DA3899EEFA21054723C8685CFE2B620FBE5D83319D56","True",""
"2","C:\Users\omard\Desktop\Facturas2","Z001023410380.dmf","C:\Users\omard\Desktop\Facturas2\Z001023410380.dmf","Z001023410380.dmf",".dmf","413815","2025-01-16T15:01:36.0000000Z","18990E4E6CFE0353ABC66E8A65C366601C46633302F5A6FA0DE14F88BA8686B3","True",""
"2","C:\Users\omard\Desktop\Facturas2","Z001023410430.dmf","C:\Users\omard\Desktop\Facturas2\Z001023410430.dmf","Z001023410430.dmf",".dmf","82658","2025-01-16T15:09:28.0000000Z","73CC3BCB6F2799919563C159E3C00E56A0AAB54771C5BCEA5AABA462E265268B","True",""
"2","C:\Users\omard\Desktop\Facturas2","Z001023410431.dmf","C:\Users\omard\Desktop\Facturas2\Z001023410431.dmf","Z001023410431.dmf",".dmf","82544","2025-01-16T15:11:04.0000000Z","267032729D4E9EC33104139392317F724568C618EB99C1FCF02901E2B8C3FE6B","True",""
"2","C:\Users\omard\Desktop\Facturas2","Z001023410432.dmf","C:\Users\omard\Desktop\Facturas2\Z001023410432.dmf","Z001023410432.dmf",".dmf","26877","2025-01-16T15:12:34.0000000Z","D7DDE21F0CF4AC43C22604149438BD196BD75B16801CD992E3B1770ADE494BA8","True",""
"2","C:\Users\omard\Desktop\Facturas2","Z001023410433.dmf","C:\Users\omard\Desktop\Facturas2\Z001023410433.dmf","Z001023410433.dmf",".dmf","46272","2025-01-16T15:14:08.0000000Z","0F3BBEDAB5AC0DC2345FEE5AE765D786932738F7E61A26435D87AC69983C014C","True",""
"2","C:\Users\omard\Desktop\Facturas2","Z001023410435.dmf","C:\Users\omard\Desktop\Facturas2\Z001023410435.dmf","Z001023410435.dmf",".dmf","46279","2025-01-16T15:15:10.0000000Z","C63304FF08CF9085505CA3AB149276015F7C93D1CAA792540082AF1754BA31FC","True",""
"2","C:\Users\omard\Desktop\Facturas2","Z001023410556.dmf","C:\Users\omard\Desktop\Facturas2\Z001023410556.dmf","Z001023410556.dmf",".dmf","46295","2025-01-16T15:18:04.0000000Z","F612C75A46BD1DC043A681046D486CC33DF06F37FB0E7B11A5232992B7735061","True",""
"2","C:\Users\omard\Desktop\Facturas2","Z001023410557.dmf","C:\Users\omard\Desktop\Facturas2\Z001023410557.dmf","Z001023410557.dmf",".dmf","76643","2025-01-16T15:20:30.0000000Z","7E5168EEF6803352152922D5E2EA751A2999DAFA1571A9BDA4F9AF92E47D9D5D","True",""
"2","C:\Users\omard\Desktop\Facturas2","Z001023410564.dmf","C:\Users\omard\Desktop\Facturas2\Z001023410564.dmf","Z001023410564.dmf",".dmf","67110","2025-01-16T15:33:36.0000000Z","E186CC64B332C51EE17871D2029B3746D1B915C30F082B821C0FF2B8932765D0","True",""
"2","C:\Users\omard\Desktop\Facturas2","Z001023410575.dmf","C:\Users\omard\Desktop\Facturas2\Z001023410575.dmf","Z001023410575.dmf",".dmf","27412","2025-01-16T16:00:14.0000000Z","98F19DDE182EDCBB4884F0182D5394DC50AC9C041446FBFBEB86C5D3DDC5C5FA","True",""
"2","C:\Users\omard\Desktop\Facturas2","Z001023410636.dmf","C:\Users\omard\Desktop\Facturas2\Z001023410636.dmf","Z001023410636.dmf",".dmf","82070","2025-01-16T16:02:50.0000000Z","7A15A0D820A7828939BF0CDE41CD7131881D0BC17C6F94B354BC9189DC9EB7F3","True",""
"2","C:\Users\omard\Desktop\Facturas2","Z001023410662.dmf","C:\Users\omard\Desktop\Facturas2\Z001023410662.dmf","Z001023410662.dmf",".dmf","28623","2025-01-16T16:17:26.0000000Z","6822CAADC2D49A7E56F5D1B4B00B623226A22EF6342C23C0CB8762E4B2A01359","True",""
"2","C:\Users\omard\Desktop\Facturas2","Z001023410663.dmf","C:\Users\omard\Desktop\Facturas2\Z001023410663.dmf","Z001023410663.dmf",".dmf","81307","2025-01-16T16:19:34.0000000Z","A918A32A69A0F4EBC2A2EE1CC9302C1A49F2C834AE1AA14A62A96EF4A44F82DF","True",""
"2","C:\Users\omard\Desktop\Facturas2","Z001023410664.dmf","C:\Users\omard\Desktop\Facturas2\Z001023410664.dmf","Z001023410664.dmf",".dmf","83200","2025-01-16T16:21:16.0000000Z","546E872531503E530864F7B79AFE6B4326966A801C7ED0FB668C157C76DF2A2A","True",""
"2","C:\Users\omard\Desktop\Facturas2","Z001023410665.dmf","C:\Users\omard\Desktop\Facturas2\Z001023410665.dmf","Z001023410665.dmf",".dmf","81449","2025-01-16T16:23:38.0000000Z","826AD958A2375996F02134FCEBBE9084FAB246F809EB18AFAB24EFDAF6C96736","True",""
"2","C:\Users\omard\Desktop\Facturas2","Z001023410667.dmf","C:\Users\omard\Desktop\Facturas2\Z001023410667.dmf","Z001023410667.dmf",".dmf","83249","2025-01-16T16:25:50.0000000Z","D30D0D1877CA35BE6C48CA24567FE6317D3C6B2F2578E42D09C23D00ABFE3DD1","True",""
"2","C:\Users\omard\Desktop\Facturas2","Z001023410711.dmf","C:\Users\omard\Desktop\Facturas2\Z001023410711.dmf","Z001023410711.dmf",".dmf","124488","2025-01-16T16:27:20.0000000Z","93CC9789B58C5C6F1EBE0B827FC26C19853C8617CBD71AEDB8FD5E92AC2ABB01","True",""
"2","C:\Users\omard\Desktop\Facturas2","Z001023410722.dmf","C:\Users\omard\Desktop\Facturas2\Z001023410722.dmf","Z001023410722.dmf",".dmf","82339","2025-01-16T16:29:38.0000000Z","BE4FBD7B8C4DFD94B987DAD058D3230020EAD258379B8A31DE31DF7A25FFCBC3","True",""
"2","C:\Users\omard\Desktop\Facturas2","Z001023410752.dmf","C:\Users\omard\Desktop\Facturas2\Z001023410752.dmf","Z001023410752.dmf",".dmf","83059","2025-01-16T16:30:28.0000000Z","8E6447A7D8EFF92A7466C94CEBD297D039F1CB2BF3CAA5C638544E804F9D0D3D","True",""
"2","C:\Users\omard\Desktop\Facturas2","Z001023410762.dmf","C:\Users\omard\Desktop\Facturas2\Z001023410762.dmf","Z001023410762.dmf",".dmf","82408","2025-01-16T16:31:40.0000000Z","78A2F8303AB4B95E60BFB6E295A776DC1DD2602D545DFBD6414A6A33C494DADE","True",""
"2","C:\Users\omard\Desktop\Facturas2","Z001023410763.dmf","C:\Users\omard\Desktop\Facturas2\Z001023410763.dmf","Z001023410763.dmf",".dmf","82995","2025-01-16T16:33:14.0000000Z","C659843490DF2DF8317120B8EF9108592881D820C91FD603AC21294EAE0B0142","True",""
"2","C:\Users\omard\Desktop\Facturas2","Z001023410764.dmf","C:\Users\omard\Desktop\Facturas2\Z001023410764.dmf","Z001023410764.dmf",".dmf","30724","2025-01-16T16:34:54.0000000Z","D70F98CFBC62633C2EF40D62D22471F62A9E30051F335D9A5F9B3934579CBF4B","True",""
"2","C:\Users\omard\Desktop\Facturas2","Z001023410766.dmf","C:\Users\omard\Desktop\Facturas2\Z001023410766.dmf","Z001023410766.dmf",".dmf","287425","2025-01-16T16:36:46.0000000Z","82E6072B7C9DBB6400A7AB6032AA077AFD279A10808417351A9A24E1FE4CC6E0","True",""
"2","C:\Users\omard\Desktop\Facturas2","Z001023410767.dmf","C:\Users\omard\Desktop\Facturas2\Z001023410767.dmf","Z001023410767.dmf",".dmf","533012","2025-01-16T16:37:24.0000000Z","CE9C3CF50DD1BC6C7AA0C194427167E4464AA2576D414CDFA76D43A9A4A0DA2C","True",""
"2","C:\Users\omard\Desktop\Facturas2","Z001023410768.dmf","C:\Users\omard\Desktop\Facturas2\Z001023410768.dmf","Z001023410768.dmf",".dmf","83597","2025-01-16T16:40:20.0000000Z","40D1862F7A594A9F9F42A8C1FA5417D5555AC90FD7C1B7943A31F89F336CED6C","True",""
"2","C:\Users\omard\Desktop\Facturas2","Z001023410769.dmf","C:\Users\omard\Desktop\Facturas2\Z001023410769.dmf","Z001023410769.dmf",".dmf","83774","2025-01-16T16:41:38.0000000Z","067327751E80365F2CAE37C03654EE854BCE374628FDC8C1F8BF6F55F3438C33","True",""
"2","C:\Users\omard\Desktop\Facturas2","Z001023410770.dmf","C:\Users\omard\Desktop\Facturas2\Z001023410770.dmf","Z001023410770.dmf",".dmf","29216","2025-01-16T16:43:06.0000000Z","B1EBD2F94A79A4FFC5574161E588D441C559CFF16631EE43397FFF0C54EF34C6","True",""
"2","C:\Users\omard\Desktop\Facturas2","Z001023410792.dmf","C:\Users\omard\Desktop\Facturas2\Z001023410792.dmf","Z001023410792.dmf",".dmf","126512","2025-01-16T16:49:54.0000000Z","B954F69BB0E3B93F3BEBFEDCC2539C236208C9E309A42C3B3AC6F0AB4428C1AB","True",""
"2","C:\Users\omard\Desktop\Facturas2","Z001023410904.dmf","C:\Users\omard\Desktop\Facturas2\Z001023410904.dmf","Z001023410904.dmf",".dmf","706653","2025-01-16T17:01:30.0000000Z","9932E8BB53D3EFDBCB4B73621E36D6678BEB99AC976BC154631AA93367C73F17","True",""
"2","C:\Users\omard\Desktop\Facturas2","Z001023410905.dmf","C:\Users\omard\Desktop\Facturas2\Z001023410905.dmf","Z001023410905.dmf",".dmf","30582","2025-01-16T17:05:14.0000000Z","E60C24543E23CC7F92E57526364D1EB4602CEFE9E695F4390FDB67B8BE8D3DAD","True",""
"2","C:\Users\omard\Desktop\Facturas2","Z001023411322.dmf","C:\Users\omard\Desktop\Facturas2\Z001023411322.dmf","Z001023411322.dmf",".dmf","63311","2025-01-16T18:16:22.0000000Z","5B60D921A044A58784CD44D8A3B2AA9C6B77206D24CA468A76BE3EFDF7A2242F","True",""
"2","C:\Users\omard\Desktop\Facturas2","Z001023411344.dmf","C:\Users\omard\Desktop\Facturas2\Z001023411344.dmf","Z001023411344.dmf",".dmf","63305","2025-01-16T18:18:20.0000000Z","8AF85E1C07C622FEFEF9DDE224FB5B91C420A86F0EDD979FD52A721FF425F768","True",""
"2","C:\Users\omard\Desktop\Facturas2","Z001023411422.dmf","C:\Users\omard\Desktop\Facturas2\Z001023411422.dmf","Z001023411422.dmf",".dmf","60425","2025-01-16T18:33:16.0000000Z","D3F9078BD61A4DBE816B0E88EBE88529B008767CEEE95FF41ED2576CE23BDFFF","True",""
"2","C:\Users\omard\Desktop\Facturas2","Z001023411423.dmf","C:\Users\omard\Desktop\Facturas2\Z001023411423.dmf","Z001023411423.dmf",".dmf","82253","2025-01-16T18:37:36.0000000Z","80B02CD6C00B25969C4AC73D4DD91B7D5DEA2549755F206281ADC57CF2947469","True",""
"2","C:\Users\omard\Desktop\Facturas2","Z001023422110.dmf","C:\Users\omard\Desktop\Facturas2\Z001023422110.dmf","Z001023422110.dmf",".dmf","29610","2025-01-17T11:30:12.0000000Z","7B32701FBABAEDE421DFDBA2BD462E6B8A64C42252DA23DEF7D4AEDB1F21113A","True",""
"2","C:\Users\omard\Desktop\Facturas2","Z001023422111.dmf","C:\Users\omard\Desktop\Facturas2\Z001023422111.dmf","Z001023422111.dmf",".dmf","83090","2025-01-17T11:34:06.0000000Z","34153CC1627012A73FF89FA8FD89C090F71421EB6F2AD78BA66895168B78FBCC","True",""
"2","C:\Users\omard\Desktop\Facturas2","Z001023422112.dmf","C:\Users\omard\Desktop\Facturas2\Z001023422112.dmf","Z001023422112.dmf",".dmf","82349","2025-01-17T11:35:14.0000000Z","9EA0091FB86B551FFEDEA6B520FB6C2FC8F388F2E7C231B42BD638884425284C","True",""
"2","C:\Users\omard\Desktop\Facturas2","Z001023422113.dmf","C:\Users\omard\Desktop\Facturas2\Z001023422113.dmf","Z001023422113.dmf",".dmf","28406","2025-01-17T11:36:34.0000000Z","9C89DE60E798424A33DD7824C324423945304773518B994211BA8FB5C805B7E5","True",""
"2","C:\Users\omard\Desktop\Facturas2","Z001023422114.dmf","C:\Users\omard\Desktop\Facturas2\Z001023422114.dmf","Z001023422114.dmf",".dmf","28594","2025-01-17T11:37:24.0000000Z","8988EC14552FD317F561C4B2F1FE65D9BE80A070802C6B808824EA2FEA059657","True",""
"2","C:\Users\omard\Desktop\Facturas2","Z001023422115.dmf","C:\Users\omard\Desktop\Facturas2\Z001023422115.dmf","Z001023422115.dmf",".dmf","119154","2025-01-17T11:38:44.0000000Z","8AF60850B940E20934467D1059D54B3D6AD3E28DC8E839EA7CDD18BC6A79A5CC","True",""
"2","C:\Users\omard\Desktop\Facturas2","Z001023422117.dmf","C:\Users\omard\Desktop\Facturas2\Z001023422117.dmf","Z001023422117.dmf",".dmf","5342","2025-01-17T11:40:42.0000000Z","F1D5FC55E0A2C0E8CEAABEEFE3F41BA7A0D5CD1CAD464AA582E00510A9A2BDB9","True",""
"2","C:\Users\omard\Desktop\Facturas2","Z001023422118.dmf","C:\Users\omard\Desktop\Facturas2\Z001023422118.dmf","Z001023422118.dmf",".dmf","104202","2025-01-17T11:42:30.0000000Z","5B3B72B5A967CC9D053749AFDAFB0071939327C8DC4C56778C7577236C66E40E","True",""
"2","C:\Users\omard\Desktop\Facturas2","Z001023422119.dmf","C:\Users\omard\Desktop\Facturas2\Z001023422119.dmf","Z001023422119.dmf",".dmf","46333","2025-01-17T11:43:42.0000000Z","D4B723E668588739C803C62CD78086C62A45D7D49824A1FE446D3824F32B582B","True",""
"2","C:\Users\omard\Desktop\Facturas2","Z001023422175.dmf","C:\Users\omard\Desktop\Facturas2\Z001023422175.dmf","Z001023422175.dmf",".dmf","82409","2025-01-17T12:50:38.0000000Z","942E371FFEB8740CC06953703ACF3AB78BBFA4CBB424848C94423B83CA54AD98","True",""
"2","C:\Users\omard\Desktop\Facturas2","Z001023422176.dmf","C:\Users\omard\Desktop\Facturas2\Z001023422176.dmf","Z001023422176.dmf",".dmf","82219","2025-01-17T12:53:04.0000000Z","E4837350C44CABF1B991B9137439EF09B506624D4C83451DD9AE727BA76EA162","True",""
"2","C:\Users\omard\Desktop\Facturas2","Z001023422190.dmf","C:\Users\omard\Desktop\Facturas2\Z001023422190.dmf","Z001023422190.dmf",".dmf","99647","2025-01-17T13:08:30.0000000Z","F39C02B92038B32CC701388F6226879BD7ADB5742C47CAF48DB9B683413C48FE","True",""
"2","C:\Users\omard\Desktop\Facturas2","Z001023422191.dmf","C:\Users\omard\Desktop\Facturas2\Z001023422191.dmf","Z001023422191.dmf",".dmf","87410","2025-01-17T13:23:52.0000000Z","9DAC81944BE7F2B6E9EFC96029B714881A474C0E65F3AE9CCAF3421ABDE042A5","True",""
"2","C:\Users\omard\Desktop\Facturas2","Z001023422192.dmf","C:\Users\omard\Desktop\Facturas2\Z001023422192.dmf","Z001023422192.dmf",".dmf","82734","2025-01-17T13:25:46.0000000Z","C3F5693BF99C654B9ECA90509593785B6978D918734879930BA54A1B24527029","True",""
"2","C:\Users\omard\Desktop\Facturas2","Z001023422215.dmf","C:\Users\omard\Desktop\Facturas2\Z001023422215.dmf","Z001023422215.dmf",".dmf","808314","2025-01-17T13:37:10.0000000Z","035883CB35AB823B8FF8651C0B1E900C47E5A73DB7ABFCBA83ABAA6913454CEA","True",""
"2","C:\Users\omard\Desktop\Facturas2","Z001023422217.dmf","C:\Users\omard\Desktop\Facturas2\Z001023422217.dmf","Z001023422217.dmf",".dmf","303934","2025-01-17T13:38:08.0000000Z","079599D25061CFCE3510E2BEAB2C9888813689191204A74B1615D710B157648C","True",""
"2","C:\Users\omard\Desktop\Facturas2","Z001023422218.dmf","C:\Users\omard\Desktop\Facturas2\Z001023422218.dmf","Z001023422218.dmf",".dmf","300457","2025-01-17T13:40:10.0000000Z","4599AF4BE71ADDFB4B8AF9C8BFF142560F7824ADDE254139CCBBA89C5711ED2D","True",""
"2","C:\Users\omard\Desktop\Facturas2","Z001023422219.dmf","C:\Users\omard\Desktop\Facturas2\Z001023422219.dmf","Z001023422219.dmf",".dmf","307079","2025-01-17T13:42:34.0000000Z","2CB25A25C1353C105A601B2A5C2FB767C86C905CF20CE6E634716E367DA9B0CA","True",""
"2","C:\Users\omard\Desktop\Facturas2","Z001023422220.dmf","C:\Users\omard\Desktop\Facturas2\Z001023422220.dmf","Z001023422220.dmf",".dmf","82776","2025-01-17T13:44:04.0000000Z","F1FD80E5330D853731B4BC6FD30E910E7E80728D59A9013DE6292353A56A3286","True",""
"2","C:\Users\omard\Desktop\Facturas2","Z001023422222.dmf","C:\Users\omard\Desktop\Facturas2\Z001023422222.dmf","Z001023422222.dmf",".dmf","179638","2025-01-17T13:46:52.0000000Z","B2AA2D04A5BCDC866B65BEED2A7F89ABF49A7AB5763BF02C3D1304883E07095E","True",""
"2","C:\Users\omard\Desktop\Facturas2","Z001023422260.dmf","C:\Users\omard\Desktop\Facturas2\Z001023422260.dmf","Z001023422260.dmf",".dmf","179960","2025-01-17T13:54:56.0000000Z","55C325E68766BA948F26C98ED151FDEF9C3B16EFB31CBB09B5B749EB737DFC18","True",""
"2","C:\Users\omard\Desktop\Facturas2","Z001023422274.dmf","C:\Users\omard\Desktop\Facturas2\Z001023422274.dmf","Z001023422274.dmf",".dmf","21841","2025-01-17T14:09:06.0000000Z","44038046BE95B57A664D1FA48783C8A9011E07A689778412AA48C7C0B7AFC9DC","True",""
"2","C:\Users\omard\Desktop\Facturas2","Z001023422275.dmf","C:\Users\omard\Desktop\Facturas2\Z001023422275.dmf","Z001023422275.dmf",".dmf","21870","2025-01-17T14:10:44.0000000Z","5B730464551587840EA3C1702E1939CC368933B87E4ED743464AEC89FD6BEF38","True",""
"2","C:\Users\omard\Desktop\Facturas2","Z001023422276.dmf","C:\Users\omard\Desktop\Facturas2\Z001023422276.dmf","Z001023422276.dmf",".dmf","430933","2025-01-17T14:11:32.0000000Z","699D04908FCBB3381D931FCA760CD3C295EF05A72E3BD2FF270EF6A11192EB78","True",""
"2","C:\Users\omard\Desktop\Facturas2","Z001023422277.dmf","C:\Users\omard\Desktop\Facturas2\Z001023422277.dmf","Z001023422277.dmf",".dmf","8547","2025-01-17T14:13:44.0000000Z","500FF8B80E8AAF31645310458507C532D94DA84C81A83AB0D4DAE8CC48F05FF3","True",""
"2","C:\Users\omard\Desktop\Facturas2","Z001023422278.dmf","C:\Users\omard\Desktop\Facturas2\Z001023422278.dmf","Z001023422278.dmf",".dmf","118031","2025-01-17T14:16:42.0000000Z","AEF11C988515B21AECD070C9F3A51F82E872879F397908291312A1225A1F7CB9","True",""
"2","C:\Users\omard\Desktop\Facturas2","Z001023422287.dmf","C:\Users\omard\Desktop\Facturas2\Z001023422287.dmf","Z001023422287.dmf",".dmf","68993","2025-01-17T14:20:06.0000000Z","6BFD5853B8B7C898040981C726B0239DFED097A9B35950CD4B1B1A31F0405873","True",""
"2","C:\Users\omard\Desktop\Facturas2","Z001023422289.dmf","C:\Users\omard\Desktop\Facturas2\Z001023422289.dmf","Z001023422289.dmf",".dmf","430328","2025-01-17T14:28:30.0000000Z","243E696650F839F030366C9E7AD339CC75567E5B6C97DA7823048577BDF5FC1D","True",""
"2","C:\Users\omard\Desktop\Facturas2","Z001023422321.dmf","C:\Users\omard\Desktop\Facturas2\Z001023422321.dmf","Z001023422321.dmf",".dmf","82395","2025-01-17T14:44:22.0000000Z","84CE1986765F8BF5BE2B16D30C9D5A1F41E51EE9733719D34B8BB73D54CF6414","True",""
"2","C:\Users\omard\Desktop\Facturas2","Z001023422324.dmf","C:\Users\omard\Desktop\Facturas2\Z001023422324.dmf","Z001023422324.dmf",".dmf","19299","2025-01-17T14:45:20.0000000Z","3CFD3D221D6142413DB10FA061A8170AD8B785B1A3E3732D375C66C61599ECB3","True",""
"2","C:\Users\omard\Desktop\Facturas2","Z001023422325.dmf","C:\Users\omard\Desktop\Facturas2\Z001023422325.dmf","Z001023422325.dmf",".dmf","82615","2025-01-17T14:48:00.0000000Z","014048D7D48F36E71AAFEF5FC1E8D9B48FC4601A75F3FCB8A04D857F527E13FD","True",""
"2","C:\Users\omard\Desktop\Facturas2","Z001023422338.dmf","C:\Users\omard\Desktop\Facturas2\Z001023422338.dmf","Z001023422338.dmf",".dmf","82720","2025-01-17T14:52:06.0000000Z","CF0EF46F93CA963CF066FE673AF596E2352719093A347611BF0B0B0D23D54635","True",""
"2","C:\Users\omard\Desktop\Facturas2","Z001023422339.dmf","C:\Users\omard\Desktop\Facturas2\Z001023422339.dmf","Z001023422339.dmf",".dmf","82674","2025-01-17T14:54:04.0000000Z","C03F60423A81EA420F637D1F36843F15BC94A51021662C4817BD8DC2E6594D90","True",""
"2","C:\Users\omard\Desktop\Facturas2","Z001023422340.dmf","C:\Users\omard\Desktop\Facturas2\Z001023422340.dmf","Z001023422340.dmf",".dmf","19416","2025-01-17T14:55:30.0000000Z","278BCAFC13D37212E38F8356A077C1801A256CC8A5E857DC474156273A2F6FA8","True",""
"2","C:\Users\omard\Desktop\Facturas2","Z001023422341.dmf","C:\Users\omard\Desktop\Facturas2\Z001023422341.dmf","Z001023422341.dmf",".dmf","19325","2025-01-17T14:57:08.0000000Z","038A671178CF65A18A3ECDDDDEB837D0F7201FF30A443F6F88FB556CF4799CD5","True",""
"2","C:\Users\omard\Desktop\Facturas2","Z001023422348.dmf","C:\Users\omard\Desktop\Facturas2\Z001023422348.dmf","Z001023422348.dmf",".dmf","30095","2025-01-17T15:01:34.0000000Z","84C59BADF8B824D865956F80AA643BED0026B24BBD616EE3D26F6A9E1D525654","True",""
"2","C:\Users\omard\Desktop\Facturas2","Z001023422394.dmf","C:\Users\omard\Desktop\Facturas2\Z001023422394.dmf","Z001023422394.dmf",".dmf","82934","2025-01-17T15:09:06.0000000Z","B06576DBA630836003583FE59B4654FDCA880E21C53DCBFB64F2889A285BB4ED","True",""
"2","C:\Users\omard\Desktop\Facturas2","Z001023422395.dmf","C:\Users\omard\Desktop\Facturas2\Z001023422395.dmf","Z001023422395.dmf",".dmf","321256","2025-01-17T15:10:00.0000000Z","CA352A6A7F847CFB7571524CF1CF070BCE7CEE89DEFD895ADF884782500793CF","True",""
"2","C:\Users\omard\Desktop\Facturas2","Z001023422398.dmf","C:\Users\omard\Desktop\Facturas2\Z001023422398.dmf","Z001023422398.dmf",".dmf","82541","2025-01-17T15:12:54.0000000Z","5D644E45B93FD0FEF8C9E92895FE4C59A0890C0A9675A8269B461B68FF39652A","True",""
"2","C:\Users\omard\Desktop\Facturas2","Z001023422471.dmf","C:\Users\omard\Desktop\Facturas2\Z001023422471.dmf","Z001023422471.dmf",".dmf","81626","2025-01-17T15:19:06.0000000Z","C8E24C3FC21A6AE8EA325905A3CAFBFE39E211989B5FF27228ED0AA2FB92C24D","True",""
"2","C:\Users\omard\Desktop\Facturas2","Z001023422472.dmf","C:\Users\omard\Desktop\Facturas2\Z001023422472.dmf","Z001023422472.dmf",".dmf","81558","2025-01-17T15:23:38.0000000Z","8707D3830640571104A36C829DC6303C494DB9DD97E11BA2FFD82EA91867BCDC","True",""
"2","C:\Users\omard\Desktop\Facturas2","Z001023422486.dmf","C:\Users\omard\Desktop\Facturas2\Z001023422486.dmf","Z001023422486.dmf",".dmf","374221","2025-01-17T15:37:46.0000000Z","0FEB3B3B2E5A404FB9C6C58FD9D86ABF3C84AAA47DF756ED46351F936220C4EB","True",""
"2","C:\Users\omard\Desktop\Facturas2","Z001023422490.dmf","C:\Users\omard\Desktop\Facturas2\Z001023422490.dmf","Z001023422490.dmf",".dmf","373482","2025-01-17T15:42:26.0000000Z","3A5494D96FE88984ADD23FCD7851DE34F87CF41FDB9260249E26685B4666E2C3","True",""
"2","C:\Users\omard\Desktop\Facturas2","Z001023422491.dmf","C:\Users\omard\Desktop\Facturas2\Z001023422491.dmf","Z001023422491.dmf",".dmf","374496","2025-01-17T15:43:00.0000000Z","4807EE4F38F82116EB561E3D98DF8E50C039196C058CC706473946E97459D7E0","True",""
"2","C:\Users\omard\Desktop\Facturas2","Z001023422492.dmf","C:\Users\omard\Desktop\Facturas2\Z001023422492.dmf","Z001023422492.dmf",".dmf","374879","2025-01-17T15:43:32.0000000Z","8F3ACC56D8B8AE94EF3DDB2238A8771E3C125747C5C12D00C23EC1F83C484847","True",""
"2","C:\Users\omard\Desktop\Facturas2","Z001023422493.dmf","C:\Users\omard\Desktop\Facturas2\Z001023422493.dmf","Z001023422493.dmf",".dmf","7468","2025-01-17T15:44:02.0000000Z","E560CE9543E5E4BCE829351089BC87B2E84F8F462D44E7FFE485F6BDDD0BD191","True",""
"2","C:\Users\omard\Desktop\Facturas2","Z001023422501.dmf","C:\Users\omard\Desktop\Facturas2\Z001023422501.dmf","Z001023422501.dmf",".dmf","18954","2025-01-17T16:00:28.0000000Z","DF3FB3910F42A123AA6631C266CFBE7876E48F127CC9B0B826CF3902D74BF928","True",""
"2","C:\Users\omard\Desktop\Facturas2","Z001023422502.dmf","C:\Users\omard\Desktop\Facturas2\Z001023422502.dmf","Z001023422502.dmf",".dmf","7470","2025-01-17T16:00:32.0000000Z","00826E6542D57B37D4CEDF3A20EB0C98F79B75F93FB3D9BA51C75E01589D62F7","True",""
"2","C:\Users\omard\Desktop\Facturas2","Z001023422504.dmf","C:\Users\omard\Desktop\Facturas2\Z001023422504.dmf","Z001023422504.dmf",".dmf","7469","2025-01-17T16:06:56.0000000Z","AA83B66301A74A492B36D2D62BBF7972E27DC2D8C0DD2DDE67A925396616F954","True",""
"2","C:\Users\omard\Desktop\Facturas2","Z001023422516.dmf","C:\Users\omard\Desktop\Facturas2\Z001023422516.dmf","Z001023422516.dmf",".dmf","83144","2025-01-17T16:22:34.0000000Z","71E34E46F5CA63DCA964CE331D0AA30BFB9EEB87A7B4C2BC71A481FBD240DAD6","True",""
"2","C:\Users\omard\Desktop\Facturas2","Z001023422553.dmf","C:\Users\omard\Desktop\Facturas2\Z001023422553.dmf","Z001023422553.dmf",".dmf","155916","2025-01-17T16:55:08.0000000Z","F0BA23EAEDC9BC24F36DE179347F72AD6CA465EA983E897508C99EAFC8978A7A","True",""
"2","C:\Users\omard\Desktop\Facturas2","Z001023422554.dmf","C:\Users\omard\Desktop\Facturas2\Z001023422554.dmf","Z001023422554.dmf",".dmf","129761","2025-01-17T16:57:30.0000000Z","EBF9BEB61C2B1FF2FA231C06009691CCD505A71884FEB5BC91C710EBFB752B88","True",""
"2","C:\Users\omard\Desktop\Facturas2","Z001023422559.dmf","C:\Users\omard\Desktop\Facturas2\Z001023422559.dmf","Z001023422559.dmf",".dmf","16937","2025-01-17T17:00:24.0000000Z","2DB5078C4F2FBE5B7CA96CE5C92A986C43DF59B848C54B67915E67F2B9810151","True",""
"2","C:\Users\omard\Desktop\Facturas2","Z001023422650.dmf","C:\Users\omard\Desktop\Facturas2\Z001023422650.dmf","Z001023422650.dmf",".dmf","77371","2025-01-17T17:16:36.0000000Z","6FA4564977FB3691A0DFD04306576A680CFBA02E9ADC22007CBBD6DD66F3F5BC","True",""
"2","C:\Users\omard\Desktop\Facturas2","Z001023423093.dmf","C:\Users\omard\Desktop\Facturas2\Z001023423093.dmf","Z001023423093.dmf",".dmf","78391","2025-01-17T18:08:44.0000000Z","391EFC471720D9CB176FA31E7E9187BA482958B1BD4E161DC6F87BB791C30C2C","True",""
"2","C:\Users\omard\Desktop\Facturas2","Z001023423095.dmf","C:\Users\omard\Desktop\Facturas2\Z001023423095.dmf","Z001023423095.dmf",".dmf","126860","2025-01-17T18:11:48.0000000Z","6FD2CC416202621D871D8488BFA5F22BA180A21B686369A05EC451E3B29236BB","True",""
"2","C:\Users\omard\Desktop\Facturas2","Z001023423100.dmf","C:\Users\omard\Desktop\Facturas2\Z001023423100.dmf","Z001023423100.dmf",".dmf","104086","2025-01-17T18:17:42.0000000Z","7E8C9CE90C23B791652B60F70FE4C992B9D32043F6461330BC49F650A6062660","True",""
"2","C:\Users\omard\Desktop\Facturas2","Z001023423172.dmf","C:\Users\omard\Desktop\Facturas2\Z001023423172.dmf","Z001023423172.dmf",".dmf","104086","2025-01-17T18:19:02.0000000Z","FBC1E189208D1D3FAEE4113B43529BD94A339CC84AF411C2EB78040C020D59BF","True",""
"2","C:\Users\omard\Desktop\Facturas2","Z001023423175.dmf","C:\Users\omard\Desktop\Facturas2\Z001023423175.dmf","Z001023423175.dmf",".dmf","125898","2025-01-17T18:26:56.0000000Z","5F9FB05AD245C9EEF28D9855030CC878335D74FE78021DF3C9735713D3CB2942","True",""
"2","C:\Users\omard\Desktop\Facturas2","Z001023423178.dmf","C:\Users\omard\Desktop\Facturas2\Z001023423178.dmf","Z001023423178.dmf",".dmf","84892","2025-01-17T18:30:40.0000000Z","5F16DD0F37E36ADD6689CD8C79E43B7D31DC6F8F5D55E5A7146C97508C6BCD1A","True",""
"2","C:\Users\omard\Desktop\Facturas2","Z001023423179.dmf","C:\Users\omard\Desktop\Facturas2\Z001023423179.dmf","Z001023423179.dmf",".dmf","82888","2025-01-17T18:47:38.0000000Z","8732DD7533FFF6FED8B9AEBF58C213B3B30FF3852BC7FC3652A2228A673484F9","True",""
"2","C:\Users\omard\Desktop\Facturas2","Z001023423180.dmf","C:\Users\omard\Desktop\Facturas2\Z001023423180.dmf","Z001023423180.dmf",".dmf","83023","2025-01-17T18:49:20.0000000Z","B5FB4E8A4FDCAF4A8E5B33F4EE47923EE9A93EC278EDDDC4921EC8D6FBA66B1E","True",""
"2","C:\Users\omard\Desktop\Facturas2","Z001023423181.dmf","C:\Users\omard\Desktop\Facturas2\Z001023423181.dmf","Z001023423181.dmf",".dmf","29768","2025-01-17T18:50:56.0000000Z","C3F5A682B6CADAC1397D8961D99A00764B0EFACB3E0A181292FCC8DFA1525116","True",""
"2","C:\Users\omard\Desktop\Facturas2","Z001023423183.dmf","C:\Users\omard\Desktop\Facturas2\Z001023423183.dmf","Z001023423183.dmf",".dmf","127836","2025-01-17T18:54:06.0000000Z","DEBBBC6F3BFCBEC72637163CAE2A6F8BA20CC82CD995B1B67CFC762C9A0EA124","True",""
"2","C:\Users\omard\Desktop\Facturas2","Z001023423184.dmf","C:\Users\omard\Desktop\Facturas2\Z001023423184.dmf","Z001023423184.dmf",".dmf","127251","2025-01-17T18:55:58.0000000Z","74AAC40A02CB4830689565DEE70E375FF708B1D7957B8CDC63E27973EEA9B0CF","True",""
"2","C:\Users\omard\Desktop\Facturas2","Z001023423185.dmf","C:\Users\omard\Desktop\Facturas2\Z001023423185.dmf","Z001023423185.dmf",".dmf","126380","2025-01-17T18:57:50.0000000Z","4B99080175E304F29855C7AE3BA1ED5C85BE3E4633766716112D80C2B5629418","True",""
"2","C:\Users\omard\Desktop\Facturas2","Z001023423199.dmf","C:\Users\omard\Desktop\Facturas2\Z001023423199.dmf","Z001023423199.dmf",".dmf","128911","2025-01-17T19:00:36.0000000Z","7AE937CD9A3BE4F89C5A3537FD24F65025EF89583E5978723C253E550C0D6399","True",""
"2","C:\Users\omard\Desktop\Facturas2","Z001023423200.dmf","C:\Users\omard\Desktop\Facturas2\Z001023423200.dmf","Z001023423200.dmf",".dmf","131105","2025-01-17T19:02:54.0000000Z","0527244A08ADD38E8D31D91F935C088DBD429325D901ADEBE620865778CB0279","True",""
"2","C:\Users\omard\Desktop\Facturas2","Z001023423202.dmf","C:\Users\omard\Desktop\Facturas2\Z001023423202.dmf","Z001023423202.dmf",".dmf","82743","2025-01-17T19:05:04.0000000Z","4930D29742F88FC9D2B0748B60577A5AD375DBAF0316A8CDA7122D042993499D","True",""
"2","C:\Users\omard\Desktop\Facturas2","Z001023423263.dmf","C:\Users\omard\Desktop\Facturas2\Z001023423263.dmf","Z001023423263.dmf",".dmf","307766","2025-01-17T19:27:48.0000000Z","29B6D6181D0A1FBFC47A279989616B58D9590F1C8C6D2A278C871B4180AC07B9","True",""
"2","C:\Users\omard\Desktop\Facturas2","Z001023423264.dmf","C:\Users\omard\Desktop\Facturas2\Z001023423264.dmf","Z001023423264.dmf",".dmf","396122","2025-01-17T19:28:34.0000000Z","F49E1DC14D3ACBB61E1F8699E64040948E1A16A8B6D636B1E6D6A4F81C79D9A8","True",""
"2","C:\Users\omard\Desktop\Facturas2","Z001023423265.dmf","C:\Users\omard\Desktop\Facturas2\Z001023423265.dmf","Z001023423265.dmf",".dmf","14462","2025-01-17T19:29:20.0000000Z","2A6934528F0F5245FB4E3ECF7CC79023A405932E35C68DBF6EB2F5C525DA46CC","True",""
"2","C:\Users\omard\Desktop\Facturas2","Z001023423266.dmf","C:\Users\omard\Desktop\Facturas2\Z001023423266.dmf","Z001023423266.dmf",".dmf","311313","2025-01-17T19:30:08.0000000Z","E818A60BD80CD836B26D10BB22B85710C09443583F866AE0D36950243D5F02B5","True",""
"2","C:\Users\omard\Desktop\Facturas2","Z001023423279.dmf","C:\Users\omard\Desktop\Facturas2\Z001023423279.dmf","Z001023423279.dmf",".dmf","306384","2025-01-17T19:30:54.0000000Z","1C209B49612EA127B3C1C3F11DBB7E5695F53D8198A6B22B1601E1BE223E1E9D","True",""
"2","C:\Users\omard\Desktop\Facturas2","Z001023423280.dmf","C:\Users\omard\Desktop\Facturas2\Z001023423280.dmf","Z001023423280.dmf",".dmf","29262","2025-01-17T19:31:10.0000000Z","E08E49F4CFEBA4A1628D57BD313E88414F7CC3A4B31FA95DE28A87E83EFCAE3E","True",""
"2","C:\Users\omard\Desktop\Facturas2","Z001023423281.dmf","C:\Users\omard\Desktop\Facturas2\Z001023423281.dmf","Z001023423281.dmf",".dmf","28875","2025-01-17T19:32:02.0000000Z","39EAF8EE7A8260554FC3CEEC17D7D140C2EBE428C5C8FD095D6781DEAE8C45EE","True",""
"2","C:\Users\omard\Desktop\Facturas2","Z001023423282.dmf","C:\Users\omard\Desktop\Facturas2\Z001023423282.dmf","Z001023423282.dmf",".dmf","29228","2025-01-17T19:33:10.0000000Z","92117840FCF081FF9317BADD50DCAC77F755309F86AA48ACE1111536129851D3","True",""
"2","C:\Users\omard\Desktop\Facturas2","Z001023423283.dmf","C:\Users\omard\Desktop\Facturas2\Z001023423283.dmf","Z001023423283.dmf",".dmf","29152","2025-01-17T19:38:32.0000000Z","B40DB0EBBA74CDF9918EE413F442D202D16A247DA3F0B7A2B5E4B9EC8E71B76C","True",""
"2","C:\Users\omard\Desktop\Facturas2","Z001023423284.dmf","C:\Users\omard\Desktop\Facturas2\Z001023423284.dmf","Z001023423284.dmf",".dmf","29191","2025-01-17T19:39:38.0000000Z","5568D37A4D37F85BB053A7BA9CFAC0B5B4FFCCE13430FF962A85934151A26B2B","True",""
"2","C:\Users\omard\Desktop\Facturas2","Z001023423285.dmf","C:\Users\omard\Desktop\Facturas2\Z001023423285.dmf","Z001023423285.dmf",".dmf","1124750","2025-01-17T19:43:18.0000000Z","01927E91602F9F89BD96BA88A608B906A460E74A9E68EABCEEDC0D40CD6FB922","True",""
"2","C:\Users\omard\Desktop\Facturas2","Z001023423294.dmf","C:\Users\omard\Desktop\Facturas2\Z001023423294.dmf","Z001023423294.dmf",".dmf","8523","2025-01-17T19:50:44.0000000Z","1287D11E7F17E3D2ADF737574BE5A653E9256404290B6AEC54C6BC65A0E9A661","True",""
"2","C:\Users\omard\Desktop\Facturas2","Z001023423296.dmf","C:\Users\omard\Desktop\Facturas2\Z001023423296.dmf","Z001023423296.dmf",".dmf","56695","2025-01-17T19:56:18.0000000Z","FB79EA518C4504B15C7DB54B725A3ADB4CC5936CB6AAF3F317C3F066ABFD00A0","True",""
"2","C:\Users\omard\Desktop\Facturas2","Z001023423301.dmf","C:\Users\omard\Desktop\Facturas2\Z001023423301.dmf","Z001023423301.dmf",".dmf","45298","2025-01-17T20:00:20.0000000Z","A1B9A66E99F84760FCCF7FA71152173F6ABAE45AAFD10DE953B7E0ED5598127B","True",""
"2","C:\Users\omard\Desktop\Facturas2","Z001023423302.dmf","C:\Users\omard\Desktop\Facturas2\Z001023423302.dmf","Z001023423302.dmf",".dmf","46344","2025-01-17T20:01:10.0000000Z","19E91223A2D89143D75792043BC0F52AD549C4588BABAD11F1EF388A52E60131","True",""
"2","C:\Users\omard\Desktop\Facturas2","Z001023423303.dmf","C:\Users\omard\Desktop\Facturas2\Z001023423303.dmf","Z001023423303.dmf",".dmf","128050","2025-01-17T20:01:32.0000000Z","0FFB68CA59140F99870597864D91F80BC0FDA79F0DF5A46D23B3BA6EC319A48E","True",""
"2","C:\Users\omard\Desktop\Facturas2","Z001023423304.dmf","C:\Users\omard\Desktop\Facturas2\Z001023423304.dmf","Z001023423304.dmf",".dmf","128050","2025-01-17T20:03:06.0000000Z","D0E628BFC23C8541AEA0988463E813E0E1002F2BE3A326F4EB78BD1FCA2742F2","True",""
"2","C:\Users\omard\Desktop\Facturas2","Z001023423305.dmf","C:\Users\omard\Desktop\Facturas2\Z001023423305.dmf","Z001023423305.dmf",".dmf","549200","2025-01-17T20:04:20.0000000Z","43BA70DD3896FE33D6A61E84F278F2AEA972E6C361D211A68E734F730F17EBB0","True",""
"2","C:\Users\omard\Desktop\Facturas2","Z001023423306.dmf","C:\Users\omard\Desktop\Facturas2\Z001023423306.dmf","Z001023423306.dmf",".dmf","500473","2025-01-17T20:06:26.0000000Z","2201EB96FC82AD7D5F828B4AEB721BC291CBB0FCA84C7DA68EE4A226BFFB5CA5","True",""
"2","C:\Users\omard\Desktop\Facturas2","Z001023423307.dmf","C:\Users\omard\Desktop\Facturas2\Z001023423307.dmf","Z001023423307.dmf",".dmf","79968","2025-01-17T20:07:58.0000000Z","05775AC367131632A2FEBE472E2E6020F3DD54B6DA27918AE9F12ABE406B638B","True",""
"2","C:\Users\omard\Desktop\Facturas2","Z001023423308.dmf","C:\Users\omard\Desktop\Facturas2\Z001023423308.dmf","Z001023423308.dmf",".dmf","171971","2025-01-17T20:14:42.0000000Z","B55F8E3DFD8571D514D120CDAC8EC3BC4D357ECA202DB356169AF1359299D909","True",""
"2","C:\Users\omard\Desktop\Facturas2","Z001023423309.dmf","C:\Users\omard\Desktop\Facturas2\Z001023423309.dmf","Z001023423309.dmf",".dmf","172947","2025-01-17T20:17:26.0000000Z","43C2AAA239D450A4BF4F7DBAACA8C930C5D1B9B34E4B05AF50F33A3E698DDCC8","True",""
"2","C:\Users\omard\Desktop\Facturas2","Z001023423310.dmf","C:\Users\omard\Desktop\Facturas2\Z001023423310.dmf","Z001023423310.dmf",".dmf","72232","2025-01-17T20:22:14.0000000Z","AE88437C456E628B823120F1098A59C5ABDF3B37C61069F87D5248E760DF20DF","True",""
"2","C:\Users\omard\Desktop\Facturas2","Z001023423311.dmf","C:\Users\omard\Desktop\Facturas2\Z001023423311.dmf","Z001023423311.dmf",".dmf","56020","2025-01-17T20:24:16.0000000Z","1209C81AD35A850F3423A0094388BBFFDEE429EFD9A286B2F5FA0F933F1B4557","True",""
"2","C:\Users\omard\Desktop\Facturas2","Z001023423312.dmf","C:\Users\omard\Desktop\Facturas2\Z001023423312.dmf","Z001023423312.dmf",".dmf","53927","2025-01-17T20:29:08.0000000Z","9699D5784796A66B6F2AF8694005AE17E3B2BA53E0FA7F5BEA85937E45743E5E","True",""
"2","C:\Users\omard\Desktop\Facturas2","Z001023423314.dmf","C:\Users\omard\Desktop\Facturas2\Z001023423314.dmf","Z001023423314.dmf",".dmf","167274","2025-01-17T20:30:10.0000000Z","03C0E2D09B7E595A11C94CD27912BDDEEFDD614580882E990EBA326145AD12A1","True",""
"2","C:\Users\omard\Desktop\Facturas2","Z001023423340.dmf","C:\Users\omard\Desktop\Facturas2\Z001023423340.dmf","Z001023423340.dmf",".dmf","167137","2025-01-17T20:30:46.0000000Z","68B57727E6AEDC07605826C63B8459357FB1CC86398014C23AB4375E9A6362DD","True",""
"2","C:\Users\omard\Desktop\Facturas2","Z001023423341.dmf","C:\Users\omard\Desktop\Facturas2\Z001023423341.dmf","Z001023423341.dmf",".dmf","167208","2025-01-17T20:31:44.0000000Z","6C96EA413F8566E4052DBDC1D9CAEA434CF5F6FA12E70080DCD66EB10B294054","True",""
"2","C:\Users\omard\Desktop\Facturas2","Z001023423342.dmf","C:\Users\omard\Desktop\Facturas2\Z001023423342.dmf","Z001023423342.dmf",".dmf","55271","2025-01-17T20:32:04.0000000Z","624B4AA01E720667662641F6871E688C5A934BF0C86CCC0D676838BA289064C1","True",""
"2","C:\Users\omard\Desktop\Facturas2","Z001023423343.dmf","C:\Users\omard\Desktop\Facturas2\Z001023423343.dmf","Z001023423343.dmf",".dmf","167170","2025-01-17T20:32:22.0000000Z","3581EBD4A8E9D3D99A309621025E88748F7B7A284E01D426E5E955792D348BE8","True",""
"2","C:\Users\omard\Desktop\Facturas2","Z001023423344.dmf","C:\Users\omard\Desktop\Facturas2\Z001023423344.dmf","Z001023423344.dmf",".dmf","166056","2025-01-17T20:33:12.0000000Z","A2B0CD22C46579FB2B2440FE12F70FBCB53318E870AE87869544AD82686C5C96","True",""
"2","C:\Users\omard\Desktop\Facturas2","Z001023423345.dmf","C:\Users\omard\Desktop\Facturas2\Z001023423345.dmf","Z001023423345.dmf",".dmf","55017","2025-01-17T20:33:32.0000000Z","478A29DECBC1D037AD2C61DFB18F381BC9941A1C295291BE08F566AD709AB07B","True",""
"2","C:\Users\omard\Desktop\Facturas2","Z001023423346.dmf","C:\Users\omard\Desktop\Facturas2\Z001023423346.dmf","Z001023423346.dmf",".dmf","166257","2025-01-17T20:35:48.0000000Z","11EF0CD2F24B44CB2348B24A894BE4A2A0FA46D653B5F9862B8691F94428767D","True",""
"2","C:\Users\omard\Desktop\Facturas2","Z001023423347.dmf","C:\Users\omard\Desktop\Facturas2\Z001023423347.dmf","Z001023423347.dmf",".dmf","167116","2025-01-17T20:36:38.0000000Z","1D7E997BD38583F996FA76E6672899B626ABA32DB91F1E25640AF68C7DC0F794","True",""
"2","C:\Users\omard\Desktop\Facturas2","Z001023423348.dmf","C:\Users\omard\Desktop\Facturas2\Z001023423348.dmf","Z001023423348.dmf",".dmf","166447","2025-01-17T20:37:36.0000000Z","1E414E34E275AED644004FB4236B23D87B018CEC04366965197E0541928AB3B8","True",""
"2","C:\Users\omard\Desktop\Facturas2","Z001023423349.dmf","C:\Users\omard\Desktop\Facturas2\Z001023423349.dmf","Z001023423349.dmf",".dmf","65572","2025-01-17T20:39:42.0000000Z","E3C65DB3300D12A6E09D51368733D8A280EC3AB689CB16773648A4DED0101F62","True",""
"2","C:\Users\omard\Desktop\Facturas2","Z001023423350.dmf","C:\Users\omard\Desktop\Facturas2\Z001023423350.dmf","Z001023423350.dmf",".dmf","64773","2025-01-17T20:44:06.0000000Z","F318E72304266C06177B70B61B5259D8F093FFDE854976EE4C317ED12C0A5D3F","True",""
"2","C:\Users\omard\Desktop\Facturas2","Z001023423362.dmf","C:\Users\omard\Desktop\Facturas2\Z001023423362.dmf","Z001023423362.dmf",".dmf","24609","2025-01-17T20:47:42.0000000Z","AB7D4750EE7E474BE1B3D8E1AD450B9CBB4413875639945D6D9E94BBC41290C2","True",""
"2","C:\Users\omard\Desktop\Facturas2","Z001023423363.dmf","C:\Users\omard\Desktop\Facturas2\Z001023423363.dmf","Z001023423363.dmf",".dmf","24613","2025-01-17T20:48:32.0000000Z","778B4E312FF34A6CB5730982644B9AEFA5E668394A5D88506936C729B51400B0","True",""
"2","C:\Users\omard\Desktop\Facturas2","Z001023423364.dmf","C:\Users\omard\Desktop\Facturas2\Z001023423364.dmf","Z001023423364.dmf",".dmf","166047","2025-01-17T20:52:44.0000000Z","11B4964BB654049C13B1A257CC1FF8B3B9F3D48C8F2758FACC678B70B8B1A1BD","True",""
"2","C:\Users\omard\Desktop\Facturas2","Z001023423365.dmf","C:\Users\omard\Desktop\Facturas2\Z001023423365.dmf","Z001023423365.dmf",".dmf","167138","2025-01-17T20:54:00.0000000Z","5FE1DBE1EFAE00FAE5C77D32192352B6A1B8F82082FEA44FE405FC5A96F172E7","True",""
"2","C:\Users\omard\Desktop\Facturas2","Z001023423366.dmf","C:\Users\omard\Desktop\Facturas2\Z001023423366.dmf","Z001023423366.dmf",".dmf","166855","2025-01-17T20:56:34.0000000Z","F802962F94E918CF87A5056FB8140DEBB0C6E5A023295AEC3A580C2EACEC005F","True",""
"2","C:\Users\omard\Desktop\Facturas2","Z001023435297.dmf","C:\Users\omard\Desktop\Facturas2\Z001023435297.dmf","Z001023435297.dmf",".dmf","425695","2025-01-20T12:00:10.0000000Z","5CBD7F11AE011EF31A7E517F12540AE5F56E11598EBC0AF751D2EE3BD2FF96C5","True",""
"2","C:\Users\omard\Desktop\Facturas2","Z001023435307.dmf","C:\Users\omard\Desktop\Facturas2\Z001023435307.dmf","Z001023435307.dmf",".dmf","425695","2025-01-20T12:00:44.0000000Z","75179B3734B9766440BFF4D437DE8E28ABC452EF61FA02176F0EAE06B5C0522E","True",""
"2","C:\Users\omard\Desktop\Facturas2","Z001023435309.dmf","C:\Users\omard\Desktop\Facturas2\Z001023435309.dmf","Z001023435309.dmf",".dmf","82438","2025-01-20T12:07:42.0000000Z","5B6A610DA00CEE9EEA48CBA4B3824978F8D0E2C2E5CB15B2DA6F60BBA0DB9DEF","True",""
"2","C:\Users\omard\Desktop\Facturas2","Z001023435310.dmf","C:\Users\omard\Desktop\Facturas2\Z001023435310.dmf","Z001023435310.dmf",".dmf","82681","2025-01-20T12:14:16.0000000Z","AE86993A3EF4D0F96B6FEE1417DA38608118C130080DC1E06694C8FCA56A25E7","True",""
"2","C:\Users\omard\Desktop\Facturas2","Z001023435313.dmf","C:\Users\omard\Desktop\Facturas2\Z001023435313.dmf","Z001023435313.dmf",".dmf","11375","2025-01-20T12:18:54.0000000Z","280F508FD7433D9A8BBB17FCC91DCD8FE78D725F1422269759DB1BE32805DB3B","True",""
"2","C:\Users\omard\Desktop\Facturas2","Z001023435314.dmf","C:\Users\omard\Desktop\Facturas2\Z001023435314.dmf","Z001023435314.dmf",".dmf","45855","2025-01-20T12:22:08.0000000Z","0C032B8DF35140B89A48A1B1E7497C9C547633D6381EA99D5AB4577DF38B9010","True",""
"2","C:\Users\omard\Desktop\Facturas2","Z001023435315.dmf","C:\Users\omard\Desktop\Facturas2\Z001023435315.dmf","Z001023435315.dmf",".dmf","47491","2025-01-20T12:22:48.0000000Z","211A69AD6E6F27B661D32A6FCACE9F4374E66C78C91CD8125AA67C5E9B1B912F","True",""
"2","C:\Users\omard\Desktop\Facturas2","Z001023435316.dmf","C:\Users\omard\Desktop\Facturas2\Z001023435316.dmf","Z001023435316.dmf",".dmf","46024","2025-01-20T12:23:36.0000000Z","9A0031278D76DB90FA46580217459569EFF47BD0386998E9E7044C80E57D758F","True",""
"2","C:\Users\omard\Desktop\Facturas2","Z001023435317.dmf","C:\Users\omard\Desktop\Facturas2\Z001023435317.dmf","Z001023435317.dmf",".dmf","45865","2025-01-20T12:24:18.0000000Z","F11AF218EF40AED6064752AB0764A7AC3CB4E428BB10AAE904E17B832A9C293C","True",""
"2","C:\Users\omard\Desktop\Facturas2","Z001023435318.dmf","C:\Users\omard\Desktop\Facturas2\Z001023435318.dmf","Z001023435318.dmf",".dmf","35385","2025-01-20T12:24:54.0000000Z","294C9E7A20B05071A761E3C79E997697FA9B44C3FEDEC02950C2A78D53F2E42E","True",""
"2","C:\Users\omard\Desktop\Facturas2","Z001023435320.dmf","C:\Users\omard\Desktop\Facturas2\Z001023435320.dmf","Z001023435320.dmf",".dmf","29679","2025-01-20T12:29:56.0000000Z","69CCDC8707D458FA9AC9AC467174982F549A06C0C861DE1889E3A3B568327B94","True",""
"2","C:\Users\omard\Desktop\Facturas2","Z001023435321.dmf","C:\Users\omard\Desktop\Facturas2\Z001023435321.dmf","Z001023435321.dmf",".dmf","29571","2025-01-20T12:30:42.0000000Z","36762FA2CAECF1E2122C840F1CE68BD087B23A36EB0DD50A29E70E64AC86591F","True",""
"2","C:\Users\omard\Desktop\Facturas2","Z001023435333.dmf","C:\Users\omard\Desktop\Facturas2\Z001023435333.dmf","Z001023435333.dmf",".dmf","139565","2025-01-20T13:08:54.0000000Z","B7E5A1F7F7E53EC01D401BBFB5C82A738D199387BCC431F0BE7319F80C527A8E","True",""
"2","C:\Users\omard\Desktop\Facturas2","Z001023435334.dmf","C:\Users\omard\Desktop\Facturas2\Z001023435334.dmf","Z001023435334.dmf",".dmf","141454","2025-01-20T13:11:10.0000000Z","06F61037E8996610C8ED9652115CFB692E3A2B2FADB33442CF3F5A2299AC9073","True",""
"2","C:\Users\omard\Desktop\Facturas2","Z001023435337.dmf","C:\Users\omard\Desktop\Facturas2\Z001023435337.dmf","Z001023435337.dmf",".dmf","140895","2025-01-20T13:20:56.0000000Z","3EE6573555F8462AD54067F70680805E9039611A85FA07FC386499CE5100370E","True",""
"2","C:\Users\omard\Desktop\Facturas2","Z001023435358.dmf","C:\Users\omard\Desktop\Facturas2\Z001023435358.dmf","Z001023435358.dmf",".dmf","82213","2025-01-20T13:24:20.0000000Z","54AF10FC3A24224F39A3CE32C7644BE2D74F97BE0A5CA17DCEFFCED513822696","True",""
"2","C:\Users\omard\Desktop\Facturas2","Z001023435366.dmf","C:\Users\omard\Desktop\Facturas2\Z001023435366.dmf","Z001023435366.dmf",".dmf","58377","2025-01-20T13:29:50.0000000Z","167887708F5843320C0C288B5CCF5CD5DB676E0B6D86B5622831F50584C9682E","True",""
"2","C:\Users\omard\Desktop\Facturas2","Z001023435387.dmf","C:\Users\omard\Desktop\Facturas2\Z001023435387.dmf","Z001023435387.dmf",".dmf","46941","2025-01-20T13:33:18.0000000Z","18E746FFAAC8C362B2F272528E10E20BC36126BF5D4634DC54A695C08F692DE5","True",""
"2","C:\Users\omard\Desktop\Facturas2","Z001023435390.dmf","C:\Users\omard\Desktop\Facturas2\Z001023435390.dmf","Z001023435390.dmf",".dmf","33421","2025-01-20T13:40:46.0000000Z","E9C5A1D50D5230EAB57DD30EAC90D6D84AD8A0C118C94E6D480AC5C493167B2B","True",""
"2","C:\Users\omard\Desktop\Facturas2","Z001023435412.dmf","C:\Users\omard\Desktop\Facturas2\Z001023435412.dmf","Z001023435412.dmf",".dmf","34357","2025-01-20T14:10:26.0000000Z","13A58FE6E4368517C9CAC92A41CB83694EC0B7C6750C7A8AD22A83EC2ABCE25A","True",""
"2","C:\Users\omard\Desktop\Facturas2","Z001023435484.dmf","C:\Users\omard\Desktop\Facturas2\Z001023435484.dmf","Z001023435484.dmf",".dmf","221932","2025-01-20T14:30:00.0000000Z","87078D6193047F1D620E5152A3E444D612ED40316ACC1206E92F1F9489C4C964","True",""
"2","C:\Users\omard\Desktop\Facturas2","Z001023435540.dmf","C:\Users\omard\Desktop\Facturas2\Z001023435540.dmf","Z001023435540.dmf",".dmf","81398","2025-01-20T14:50:26.0000000Z","50BE17FCC245FBF505CB6A14694A7D02F85B4E4380D58AF73A1FFF540A1CA6F9","True",""
"2","C:\Users\omard\Desktop\Facturas2","Z001023435541.dmf","C:\Users\omard\Desktop\Facturas2\Z001023435541.dmf","Z001023435541.dmf",".dmf","204347","2025-01-20T14:51:32.0000000Z","0F0D497BE64C28C47D96A78C05DFF25723C1BFF36DE24799F22FE03ED48E0A20","True",""
"2","C:\Users\omard\Desktop\Facturas2","Z001023435543.dmf","C:\Users\omard\Desktop\Facturas2\Z001023435543.dmf","Z001023435543.dmf",".dmf","204347","2025-01-20T14:52:22.0000000Z","76E5948616DD5308705CC648A35198E534BA41AB68A2FC3C8B8F18ADB12E507F","True",""
"2","C:\Users\omard\Desktop\Facturas2","Z001023435544.dmf","C:\Users\omard\Desktop\Facturas2\Z001023435544.dmf","Z001023435544.dmf",".dmf","1271363","2025-01-20T14:54:10.0000000Z","22F4F3B3C58BD42535B8533A1B83C24A4AB39F3AEA0D96129E6670ED746C7AA6","True",""
"2","C:\Users\omard\Desktop\Facturas2","Z001023435545.dmf","C:\Users\omard\Desktop\Facturas2\Z001023435545.dmf","Z001023435545.dmf",".dmf","1271363","2025-01-20T14:55:06.0000000Z","82A5352CDD0A2B59268C081966831679C648B67FF07BC6A7B0D01282577A9555","True",""
"2","C:\Users\omard\Desktop\Facturas2","Z001023435552.dmf","C:\Users\omard\Desktop\Facturas2\Z001023435552.dmf","Z001023435552.dmf",".dmf","222770","2025-01-20T15:01:28.0000000Z","F60E42314977FCA9A60DA087B420C7E3A05B094E1943332EE4731C4072E5B983","True",""
"2","C:\Users\omard\Desktop\Facturas2","Z001023435554.dmf","C:\Users\omard\Desktop\Facturas2\Z001023435554.dmf","Z001023435554.dmf",".dmf","305155","2025-01-20T15:13:48.0000000Z","6C6B0368CC4D5B37FCAC6BF95B178F72E09BC30E5BB8012060FC14E9CA3AE26D","True",""
"2","C:\Users\omard\Desktop\Facturas2","Z001023435556.dmf","C:\Users\omard\Desktop\Facturas2\Z001023435556.dmf","Z001023435556.dmf",".dmf","304522","2025-01-20T15:14:40.0000000Z","A5F9BA5DD8153CEEF8425D566077EEC8278B3B8E5D0420BEE7056943B9BFCC5D","True",""
"2","C:\Users\omard\Desktop\Facturas2","Z001023435557.dmf","C:\Users\omard\Desktop\Facturas2\Z001023435557.dmf","Z001023435557.dmf",".dmf","314234","2025-01-20T15:15:28.0000000Z","FBEDD2B817273172E1A4BD50676D5A7A4D95AA68393377384DCB7642D3CE05D9","True",""
"2","C:\Users\omard\Desktop\Facturas2","Z001023435558.dmf","C:\Users\omard\Desktop\Facturas2\Z001023435558.dmf","Z001023435558.dmf",".dmf","312792","2025-01-20T15:16:24.0000000Z","4BD2657506B0BF372C76CD56CC96FDC58C2BAB2CF441D2C107AEB55A7176FA60","True",""
"2","C:\Users\omard\Desktop\Facturas2","Z001023435559.dmf","C:\Users\omard\Desktop\Facturas2\Z001023435559.dmf","Z001023435559.dmf",".dmf","329864","2025-01-20T15:17:10.0000000Z","3A8399DA6EEE779E83E2D64861DFF2D8B025AB38F0038A6AE2ECC9C6DC033CC9","True",""
"2","C:\Users\omard\Desktop\Facturas2","Z001023435561.dmf","C:\Users\omard\Desktop\Facturas2\Z001023435561.dmf","Z001023435561.dmf",".dmf","326242","2025-01-20T15:18:10.0000000Z","2D6FD3C5514336986BC21822970F3088E66A66404F54D5ED2DE286B9FD22814B","True",""
"2","C:\Users\omard\Desktop\Facturas2","Z001023435562.dmf","C:\Users\omard\Desktop\Facturas2\Z001023435562.dmf","Z001023435562.dmf",".dmf","337186","2025-01-20T15:18:58.0000000Z","064EBF6AC9FE60C6172A81773E575DA03A4CEDAC55B674F4FCA261042A74AF30","True",""
"2","C:\Users\omard\Desktop\Facturas2","Z001023435563.dmf","C:\Users\omard\Desktop\Facturas2\Z001023435563.dmf","Z001023435563.dmf",".dmf","318302","2025-01-20T15:19:46.0000000Z","5D98D2D1AE5AE4E31E9944BCB8D6DAD966BA44E9EC7EE43801488B9DA08C7AFA","True",""
"2","C:\Users\omard\Desktop\Facturas2","Z001023435564.dmf","C:\Users\omard\Desktop\Facturas2\Z001023435564.dmf","Z001023435564.dmf",".dmf","303707","2025-01-20T15:21:06.0000000Z","B8EB6BB8FBE3A3A0A36AE4D80B6356976FF97FD147BCB27176CA14A53881D272","True",""
"2","C:\Users\omard\Desktop\Facturas2","Z001023435565.dmf","C:\Users\omard\Desktop\Facturas2\Z001023435565.dmf","Z001023435565.dmf",".dmf","311662","2025-01-20T15:21:54.0000000Z","39CD5220D1AAED537A3F28D21D5862E043CEDAD15E74704E440D1F124D215FD7","True",""
"2","C:\Users\omard\Desktop\Facturas2","Z001023435566.dmf","C:\Users\omard\Desktop\Facturas2\Z001023435566.dmf","Z001023435566.dmf",".dmf","324470","2025-01-20T15:22:40.0000000Z","9BC4582F75BF5AB50143FE47EA4D6DC0CCFEC2158907347931F6310EF3DA3760","True",""
"2","C:\Users\omard\Desktop\Facturas2","Z001023435567.dmf","C:\Users\omard\Desktop\Facturas2\Z001023435567.dmf","Z001023435567.dmf",".dmf","315797","2025-01-20T15:23:26.0000000Z","86A95FBE1037DC4370D8CFC7982D579325D4953DA64785425EB846B6E943B0B7","True",""
"2","C:\Users\omard\Desktop\Facturas2","Z001023435568.dmf","C:\Users\omard\Desktop\Facturas2\Z001023435568.dmf","Z001023435568.dmf",".dmf","305262","2025-01-20T15:24:14.0000000Z","400E11F222348FC6F7CD69B813BC6D575021B4594A820A289762B072D4CA2CB6","True",""
"2","C:\Users\omard\Desktop\Facturas2","Z001023435569.dmf","C:\Users\omard\Desktop\Facturas2\Z001023435569.dmf","Z001023435569.dmf",".dmf","306687","2025-01-20T15:25:00.0000000Z","536F465C53D385D5315E647DDB7B4414A3DFE5EA19EA88DA2209739AA2E0792C","True",""
"2","C:\Users\omard\Desktop\Facturas2","Z001023435570.dmf","C:\Users\omard\Desktop\Facturas2\Z001023435570.dmf","Z001023435570.dmf",".dmf","326821","2025-01-20T15:25:46.0000000Z","7CA637008C12D3F1EB6B7E1A00D8FC5727C52B4374C30B8D3059511972C08739","True",""
"2","C:\Users\omard\Desktop\Facturas2","Z001023435572.dmf","C:\Users\omard\Desktop\Facturas2\Z001023435572.dmf","Z001023435572.dmf",".dmf","334720","2025-01-20T15:26:36.0000000Z","1D3FF0F180EC3ECF9E8E01DF7487C1E9E8BC098096C38DC3A7E62C3A51F63290","True",""
"2","C:\Users\omard\Desktop\Facturas2","Z001023435573.dmf","C:\Users\omard\Desktop\Facturas2\Z001023435573.dmf","Z001023435573.dmf",".dmf","605014","2025-01-20T15:27:24.0000000Z","B88E959286827577A3DB40598A5A64CBA234DBC8CD9CE52E1590ACB50031B0CF","True",""
"2","C:\Users\omard\Desktop\Facturas2","Z001023435575.dmf","C:\Users\omard\Desktop\Facturas2\Z001023435575.dmf","Z001023435575.dmf",".dmf","302286","2025-01-20T15:28:20.0000000Z","F03DF12329FE3267E33A8F673E9F659A749467AC15BF3E9DFB8E08679A660D6E","True",""
"2","C:\Users\omard\Desktop\Facturas2","Z001023435576.dmf","C:\Users\omard\Desktop\Facturas2\Z001023435576.dmf","Z001023435576.dmf",".dmf","301291","2025-01-20T15:29:08.0000000Z","96E168F208ADB5FC423BD409CE3B36A61876813E4F381F81A93FB00AD82E5A55","True",""
"2","C:\Users\omard\Desktop\Facturas2","Z001023435577.dmf","C:\Users\omard\Desktop\Facturas2\Z001023435577.dmf","Z001023435577.dmf",".dmf","302717","2025-01-20T15:29:56.0000000Z","808F48D235E3F9A807B230F60F7CB5B9669B6BDBD12E1BC33EE2CA0B1CF6CCF8","True",""
"2","C:\Users\omard\Desktop\Facturas2","Z001023435578.dmf","C:\Users\omard\Desktop\Facturas2\Z001023435578.dmf","Z001023435578.dmf",".dmf","74955","2025-01-20T15:29:58.0000000Z","8AC5C56C0F9A17A3E6A0B8C58DA88271EE5EE4EAC6FC3CBE81DC4528FFF16F01","True",""
"2","C:\Users\omard\Desktop\Facturas2","Z001023435601.dmf","C:\Users\omard\Desktop\Facturas2\Z001023435601.dmf","Z001023435601.dmf",".dmf","300209","2025-01-20T15:30:42.0000000Z","71FF82C99BEC68DC5ADFA00F6F6A094B629D32C227729559CEE7D11F6041F968","True",""
"2","C:\Users\omard\Desktop\Facturas2","Z001023435602.dmf","C:\Users\omard\Desktop\Facturas2\Z001023435602.dmf","Z001023435602.dmf",".dmf","302350","2025-01-20T15:31:34.0000000Z","62877A6E5FC5D9D592C4974BE96B31F80D0D14CE772B0163456315FF8E90213A","True",""
"2","C:\Users\omard\Desktop\Facturas2","Z001023435603.dmf","C:\Users\omard\Desktop\Facturas2\Z001023435603.dmf","Z001023435603.dmf",".dmf","301111","2025-01-20T15:32:32.0000000Z","2F7EC28AF305D70A090749DD35CE9BF5591EF7D8890F99DB336D38E24FF5DD48","True",""
"2","C:\Users\omard\Desktop\Facturas2","Z001023435604.dmf","C:\Users\omard\Desktop\Facturas2\Z001023435604.dmf","Z001023435604.dmf",".dmf","315873","2025-01-20T15:33:30.0000000Z","2A5A2AE5D6889DCBB592D16F4B650962326BBB955D084E849DFB6CE1B8F9FE89","True",""
"2","C:\Users\omard\Desktop\Facturas2","Z001023435606.dmf","C:\Users\omard\Desktop\Facturas2\Z001023435606.dmf","Z001023435606.dmf",".dmf","301340","2025-01-20T15:34:36.0000000Z","73D19F5E991AFAEBF98540A8F5E2969E95AD78572654278D519D947FCA136AF5","True",""
"2","C:\Users\omard\Desktop\Facturas2","Z001023435607.dmf","C:\Users\omard\Desktop\Facturas2\Z001023435607.dmf","Z001023435607.dmf",".dmf","303510","2025-01-20T15:35:24.0000000Z","ADD16A066CE74ABDC1DB5E53F56413DBF25AE6B45F1082118304C52B24E25106","True",""
"2","C:\Users\omard\Desktop\Facturas2","Z001023435608.dmf","C:\Users\omard\Desktop\Facturas2\Z001023435608.dmf","Z001023435608.dmf",".dmf","305507","2025-01-20T15:36:12.0000000Z","EE7ACD76A9B0624F4152FA32DBED9130C8D23511840D4FEA68A3AA8610054B4E","True",""
"2","C:\Users\omard\Desktop\Facturas2","Z001023435609.dmf","C:\Users\omard\Desktop\Facturas2\Z001023435609.dmf","Z001023435609.dmf",".dmf","309941","2025-01-20T15:36:58.0000000Z","2CBA889BC9CF6C8602D03141EEF1C222770D66CDA7CB372B917BF501371F3518","True",""
"2","C:\Users\omard\Desktop\Facturas2","Z001023435610.dmf","C:\Users\omard\Desktop\Facturas2\Z001023435610.dmf","Z001023435610.dmf",".dmf","332733","2025-01-20T15:37:44.0000000Z","D30A08B38501E617DD603EC733235A02800FCE93F918EC294ADECE29F8416130","True",""
"2","C:\Users\omard\Desktop\Facturas2","Z001023435611.dmf","C:\Users\omard\Desktop\Facturas2\Z001023435611.dmf","Z001023435611.dmf",".dmf","313358","2025-01-20T15:38:32.0000000Z","036BC8AD647E15558379B3B282C1F67573F2EDC31BE3709CE7192DE24AAA8C3B","True",""
"2","C:\Users\omard\Desktop\Facturas2","Z001023435612.dmf","C:\Users\omard\Desktop\Facturas2\Z001023435612.dmf","Z001023435612.dmf",".dmf","336500","2025-01-20T15:39:18.0000000Z","890CD68F022CDDF2F8EF6E8F8D1870C87E05543B33B643B4154FC57C55972DE9","True",""
"2","C:\Users\omard\Desktop\Facturas2","Z001023435613.dmf","C:\Users\omard\Desktop\Facturas2\Z001023435613.dmf","Z001023435613.dmf",".dmf","351856","2025-01-20T15:40:04.0000000Z","2D14E03105AD156EB9FF3AA18E9F4A89BF848CBD82DE75D7EE36D7A6B9D27B66","True",""
"2","C:\Users\omard\Desktop\Facturas2","Z001023435614.dmf","C:\Users\omard\Desktop\Facturas2\Z001023435614.dmf","Z001023435614.dmf",".dmf","307624","2025-01-20T15:40:50.0000000Z","B0224A4C2BA9B4A44A0D82FC5232ABDEE3C030840DFEEB4AD3684678CE6CDA2B","True",""
"2","C:\Users\omard\Desktop\Facturas2","Z001023435615.dmf","C:\Users\omard\Desktop\Facturas2\Z001023435615.dmf","Z001023435615.dmf",".dmf","340535","2025-01-20T15:41:36.0000000Z","2B9A7D3FCF11E37992081613F3BE44F7DB06004036B4CF006D99551B73191675","True",""
"2","C:\Users\omard\Desktop\Facturas2","Z001023435617.dmf","C:\Users\omard\Desktop\Facturas2\Z001023435617.dmf","Z001023435617.dmf",".dmf","340454","2025-01-20T15:42:22.0000000Z","2A155DD372077F28DCB0BEFD0CD38B4FBD234217F581E28E88AA09138EEEC329","True",""
"2","C:\Users\omard\Desktop\Facturas2","Z001023435618.dmf","C:\Users\omard\Desktop\Facturas2\Z001023435618.dmf","Z001023435618.dmf",".dmf","36911","2025-01-20T15:42:46.0000000Z","CE5015759EA96A504692247A26EEC5A35F48F8BD40310E1978D354E98C5D53A1","True",""
"2","C:\Users\omard\Desktop\Facturas2","Z001023435619.dmf","C:\Users\omard\Desktop\Facturas2\Z001023435619.dmf","Z001023435619.dmf",".dmf","341956","2025-01-20T15:43:08.0000000Z","69E61059CEFCF2DCC77C36540DA89A8081020EA867DC3CACFEF1FFB68CA455A8","True",""
"2","C:\Users\omard\Desktop\Facturas2","Z001023435620.dmf","C:\Users\omard\Desktop\Facturas2\Z001023435620.dmf","Z001023435620.dmf",".dmf","339921","2025-01-20T15:43:56.0000000Z","F9DA5C4E710DBF855FE019594AEA13DE5EFD523FB722B5F85BC280C4B9FA0EA0","True",""
"2","C:\Users\omard\Desktop\Facturas2","Z001023435622.dmf","C:\Users\omard\Desktop\Facturas2\Z001023435622.dmf","Z001023435622.dmf",".dmf","315725","2025-01-20T15:44:44.0000000Z","45AAC8DA694883EEB5FB5ECE576ACEB2AAA6937376A0BEDA82821D65F9D64DA4","True",""
"2","C:\Users\omard\Desktop\Facturas2","Z001023435623.dmf","C:\Users\omard\Desktop\Facturas2\Z001023435623.dmf","Z001023435623.dmf",".dmf","34192","2025-01-20T15:45:00.0000000Z","DCFE3C413474956CD5AAAEBAACDDFF1A610B8835AFD4D24336BCA5AC4B685CCD","True",""
"2","C:\Users\omard\Desktop\Facturas2","Z001023435625.dmf","C:\Users\omard\Desktop\Facturas2\Z001023435625.dmf","Z001023435625.dmf",".dmf","244936","2025-01-20T15:49:38.0000000Z","6B5A35760C11347E51E9B20A9FEDD491D9957DC72732F40FDD5A464FE2475D10","True",""
"2","C:\Users\omard\Desktop\Facturas2","Z001023435636.dmf","C:\Users\omard\Desktop\Facturas2\Z001023435636.dmf","Z001023435636.dmf",".dmf","54764","2025-01-20T16:02:06.0000000Z","1F9E08355D3CC4E410EC6F4722CB343D1E239F51EC618B95FFD460B538A64C1C","True",""
"2","C:\Users\omard\Desktop\Facturas2","Z001023435638.dmf","C:\Users\omard\Desktop\Facturas2\Z001023435638.dmf","Z001023435638.dmf",".dmf","54925","2025-01-20T16:04:28.0000000Z","35C409CC07373159B6FBF97BA1A4E7E3C334DAAEA66A66594B5C5AAFA522B56A","True",""
"2","C:\Users\omard\Desktop\Facturas2","Z001023435639.dmf","C:\Users\omard\Desktop\Facturas2\Z001023435639.dmf","Z001023435639.dmf",".dmf","55039","2025-01-20T16:06:06.0000000Z","ED067BE90E9BE8EFFAE42C94B732005104F10275091F892AE082E80E7614C507","True",""
"2","C:\Users\omard\Desktop\Facturas2","Z001023435640.dmf","C:\Users\omard\Desktop\Facturas2\Z001023435640.dmf","Z001023435640.dmf",".dmf","54644","2025-01-20T16:07:54.0000000Z","85CA13ABFBC7EBB8BA470DCFBBA5DDCEBE8427B8D56A09AEED0109D8BC44D0DB","True",""
"2","C:\Users\omard\Desktop\Facturas2","Z001023435644.dmf","C:\Users\omard\Desktop\Facturas2\Z001023435644.dmf","Z001023435644.dmf",".dmf","523695","2025-01-20T16:12:40.0000000Z","487E923C9EC64AE3FCA4FF0672E3C3AF791C9F652A25EC37FAB0C73C4FC10AC0","True",""
"2","C:\Users\omard\Desktop\Facturas2","Z001023435649.dmf","C:\Users\omard\Desktop\Facturas2\Z001023435649.dmf","Z001023435649.dmf",".dmf","567811","2025-01-20T16:14:56.0000000Z","0CB5B124EBBA88E00C46C6433A7256FBE9E1CD02C928841EBD71D3FD91A0AEE0","True",""
"2","C:\Users\omard\Desktop\Facturas2","Z001023435659.dmf","C:\Users\omard\Desktop\Facturas2\Z001023435659.dmf","Z001023435659.dmf",".dmf","567834","2025-01-20T16:16:32.0000000Z","B22E595DC04FBA4F10262049A03AC76836DCC770177F86F8C97DF5C8A88C86ED","True",""
"2","C:\Users\omard\Desktop\Facturas2","Z001023435661.dmf","C:\Users\omard\Desktop\Facturas2\Z001023435661.dmf","Z001023435661.dmf",".dmf","523668","2025-01-20T16:18:38.0000000Z","5DECA8A1F0ED0C01ECC8049C02E87F50E2512B2149C1F59A86157A5770D3B637","True",""
"2","C:\Users\omard\Desktop\Facturas2","Z001023435663.dmf","C:\Users\omard\Desktop\Facturas2\Z001023435663.dmf","Z001023435663.dmf",".dmf","175932","2025-01-20T16:25:02.0000000Z","280673CFD0EA07FA5212BB011099BA9BBA6FFABB269B16C98C800B4A9C80E5DB","True",""
"2","C:\Users\omard\Desktop\Facturas2","Z001023435847.dmf","C:\Users\omard\Desktop\Facturas2\Z001023435847.dmf","Z001023435847.dmf",".dmf","63936","2025-01-20T17:09:40.0000000Z","CEB121F50D3BF3AE5591AB4EA5F72F482873E5EDCED0FCE9B9A951251CD5A9C8","True",""
"2","C:\Users\omard\Desktop\Facturas2","Z001023435977.dmf","C:\Users\omard\Desktop\Facturas2\Z001023435977.dmf","Z001023435977.dmf",".dmf","10482","2025-01-20T17:24:28.0000000Z","7AE5857E3BF87F51F8373A50A642FA00F40A64A23C4878A99DDD768770D3BB41","True",""
"2","C:\Users\omard\Desktop\Facturas2","Z001023435979.dmf","C:\Users\omard\Desktop\Facturas2\Z001023435979.dmf","Z001023435979.dmf",".dmf","12045","2025-01-20T17:26:14.0000000Z","89547700EB7B97D87838B6F8BA3C7D9C7468B96CA0CC8FA8F5B79A6C605C5226","True",""
"2","C:\Users\omard\Desktop\Facturas2","Z001023436136.dmf","C:\Users\omard\Desktop\Facturas2\Z001023436136.dmf","Z001023436136.dmf",".dmf","104958","2025-01-20T18:49:44.0000000Z","09E6D1A4F166B6CDB43F819AD0A08EA8001D35E4E8C20E6848AAEAA1C7D4E7AA","True",""
"2","C:\Users\omard\Desktop\Facturas2","Z001023436237.dmf","C:\Users\omard\Desktop\Facturas2\Z001023436237.dmf","Z001023436237.dmf",".dmf","435258","2025-01-20T19:27:52.0000000Z","5E63B57EB4481FEC2F1D7ED169C7BE9354B81AE54281921B531A8DD3E74C5B03","True",""
"2","C:\Users\omard\Desktop\Facturas2","Z001023436298.dmf","C:\Users\omard\Desktop\Facturas2\Z001023436298.dmf","Z001023436298.dmf",".dmf","92660","2025-01-20T21:25:06.0000000Z","061AA4B2DCACE93E2AB76B57355592A4333376F3C70A3E3DE364A0875FB51888","True",""
"2","C:\Users\omard\Desktop\Facturas2","Z001023436300.dmf","C:\Users\omard\Desktop\Facturas2\Z001023436300.dmf","Z001023436300.dmf",".dmf","41814","2025-01-20T21:27:14.0000000Z","04DA10CCE1B2E98FC82D063A47CC7F6E65ED7FFB0295E0CAE81C6B310373A9C7","True",""
"2","C:\Users\omard\Desktop\Facturas2","Z001023436320.dmf","C:\Users\omard\Desktop\Facturas2\Z001023436320.dmf","Z001023436320.dmf",".dmf","121663","2025-01-20T21:48:06.0000000Z","6BA3642B4A8CAFD80EE4D8960D7C30276964968A81FCB5D38F88FC51E537D7DA","True",""
"2","C:\Users\omard\Desktop\Facturas2","Z001023454318.dmf","C:\Users\omard\Desktop\Facturas2\Z001023454318.dmf","Z001023454318.dmf",".dmf","29498","2025-01-21T12:19:02.0000000Z","22632F0C9DDBA083F2BADCDC89B965692D8172286458254DA550546F2C7AEA00","True",""
"2","C:\Users\omard\Desktop\Facturas2","Z001023454351.dmf","C:\Users\omard\Desktop\Facturas2\Z001023454351.dmf","Z001023454351.dmf",".dmf","82948","2025-01-21T12:38:38.0000000Z","DBFD4ED4CD8A9612AC98EAFE04DE399FF8B4AAC119879178258E458C11EA85E8","True",""
"2","C:\Users\omard\Desktop\Facturas2","Z001023454353.dmf","C:\Users\omard\Desktop\Facturas2\Z001023454353.dmf","Z001023454353.dmf",".dmf","78675","2025-01-21T12:46:22.0000000Z","60DEEC944C362E455A552F5126FF041242F3168C146CA5EF20DCE5CA0748750F","True",""
"2","C:\Users\omard\Desktop\Facturas2","Z001023454363.dmf","C:\Users\omard\Desktop\Facturas2\Z001023454363.dmf","Z001023454363.dmf",".dmf","104259","2025-01-21T13:02:58.0000000Z","7E49FCD3B8030BB34FF87DCE138B454BF60B027356529FF091B02AD1CAFB46B8","True",""
"2","C:\Users\omard\Desktop\Facturas2","Z001023454364.dmf","C:\Users\omard\Desktop\Facturas2\Z001023454364.dmf","Z001023454364.dmf",".dmf","103193","2025-01-21T13:04:16.0000000Z","A4A7AE9D61C3201FD0348ABC8B1C10BF2B0325D024C469FF562E83CFD5EC7F9C","True",""
"2","C:\Users\omard\Desktop\Facturas2","Z001023454378.dmf","C:\Users\omard\Desktop\Facturas2\Z001023454378.dmf","Z001023454378.dmf",".dmf","84917","2025-01-21T13:12:24.0000000Z","240DD7CC59E5A5EB067E12BD783D69996011B056252FCDEFFD58C072EAAD97E9","True",""
"2","C:\Users\omard\Desktop\Facturas2","Z001023454403.dmf","C:\Users\omard\Desktop\Facturas2\Z001023454403.dmf","Z001023454403.dmf",".dmf","69199","2025-01-21T13:19:06.0000000Z","6D23FD33AE8C4E07AC60A0B301E95A3B578857D19C059B92092B933E3EB05465","True",""
"2","C:\Users\omard\Desktop\Facturas2","Z001023454408.dmf","C:\Users\omard\Desktop\Facturas2\Z001023454408.dmf","Z001023454408.dmf",".dmf","81087","2025-01-21T13:25:24.0000000Z","8DA47A1029D0D0736ED8082B426115EBFFB7933787EB014B574B6B03DFFB408C","True",""
"2","C:\Users\omard\Desktop\Facturas2","Z001023454409.dmf","C:\Users\omard\Desktop\Facturas2\Z001023454409.dmf","Z001023454409.dmf",".dmf","82642","2025-01-21T13:26:30.0000000Z","E3847059327E1E30D17E74B513A00F7D46498CC3123FC528E377E5582656CD1E","True",""
"2","C:\Users\omard\Desktop\Facturas2","Z001023454410.dmf","C:\Users\omard\Desktop\Facturas2\Z001023454410.dmf","Z001023454410.dmf",".dmf","75782","2025-01-21T13:26:58.0000000Z","A81B9E4B22B35EA217899A5E5F09E6C5E45A98FB3F70141583F55110D8D21811","True",""
"2","C:\Users\omard\Desktop\Facturas2","Z001023454440.dmf","C:\Users\omard\Desktop\Facturas2\Z001023454440.dmf","Z001023454440.dmf",".dmf","1042723","2025-01-21T13:33:52.0000000Z","DD9BD9B16CEE42269DDE38253FE76AA80C24471F9C994F91A4C97C8821B9EE1F","True",""
"2","C:\Users\omard\Desktop\Facturas2","Z001023454441.dmf","C:\Users\omard\Desktop\Facturas2\Z001023454441.dmf","Z001023454441.dmf",".dmf","1042722","2025-01-21T13:34:58.0000000Z","6FBB41C7D7BC781402016FCFC1EEFDCCAB04CBCE1F57227DFCFBF2AA55BD4E5F","True",""
"2","C:\Users\omard\Desktop\Facturas2","Z001023454442.dmf","C:\Users\omard\Desktop\Facturas2\Z001023454442.dmf","Z001023454442.dmf",".dmf","103372","2025-01-21T13:35:50.0000000Z","2B86E2BFE9D1E29579A172D8A2729CD70CBD3EF92E3955B0E085A5FC8A4B64E8","True",""
"2","C:\Users\omard\Desktop\Facturas2","Z001023454444.dmf","C:\Users\omard\Desktop\Facturas2\Z001023454444.dmf","Z001023454444.dmf",".dmf","99062","2025-01-21T13:36:32.0000000Z","DD23A1B3D52A00EF0997D7D51ADB341532838F6A792A32AC878352D8F906ABF2","True",""
"2","C:\Users\omard\Desktop\Facturas2","Z001023454445.dmf","C:\Users\omard\Desktop\Facturas2\Z001023454445.dmf","Z001023454445.dmf",".dmf","38313","2025-01-21T13:37:48.0000000Z","318C5F2839FC76599B531AF05159135E748D10E3882698456250958534D6E0E9","True",""
"2","C:\Users\omard\Desktop\Facturas2","Z001023454457.dmf","C:\Users\omard\Desktop\Facturas2\Z001023454457.dmf","Z001023454457.dmf",".dmf","38274","2025-01-21T14:00:34.0000000Z","78C72E4517E391BE26F2373BC7146C8053295282054576EE774AB314E52FFA87","True",""
"2","C:\Users\omard\Desktop\Facturas2","Z001023454510.dmf","C:\Users\omard\Desktop\Facturas2\Z001023454510.dmf","Z001023454510.dmf",".dmf","71543","2025-01-21T14:06:18.0000000Z","9022D906AAB71DBB1E24C2662CB4F77B3D93CA7FE9512BDBABBB9D5177B43DE1","True",""
"2","C:\Users\omard\Desktop\Facturas2","Z001023454511.dmf","C:\Users\omard\Desktop\Facturas2\Z001023454511.dmf","Z001023454511.dmf",".dmf","71527","2025-01-21T14:07:02.0000000Z","681A7F1BC41B4F6098EFDF24C47685DDF50B4A661EB5461A083F11902ED2E6FE","True",""
"2","C:\Users\omard\Desktop\Facturas2","Z001023454517.dmf","C:\Users\omard\Desktop\Facturas2\Z001023454517.dmf","Z001023454517.dmf",".dmf","122982","2025-01-21T14:12:40.0000000Z","9CFC0CC82DB2E3FC37423BE24B99B4E59DA5953471DC514BA344B96D708E4FDE","True",""
"2","C:\Users\omard\Desktop\Facturas2","Z001023454518.dmf","C:\Users\omard\Desktop\Facturas2\Z001023454518.dmf","Z001023454518.dmf",".dmf","92128","2025-01-21T14:13:58.0000000Z","14F86C2D0615DD51F11A634462A9C43A8FC01D9000ED7EDFAA2A423B9C63B522","True",""
"2","C:\Users\omard\Desktop\Facturas2","Z001023454546.dmf","C:\Users\omard\Desktop\Facturas2\Z001023454546.dmf","Z001023454546.dmf",".dmf","91406","2025-01-21T14:16:36.0000000Z","D4DB6D62AF9D48976B4BBF320FB2CD8219CD58ABD82D84F3F968D24453EECFCA","True",""
"2","C:\Users\omard\Desktop\Facturas2","Z001023454547.dmf","C:\Users\omard\Desktop\Facturas2\Z001023454547.dmf","Z001023454547.dmf",".dmf","91316","2025-01-21T14:17:18.0000000Z","C40EB27364FDEB0778307996748F3256C6ECFB75BEE0429C1D3D287F68AEAEF6","True",""
"2","C:\Users\omard\Desktop\Facturas2","Z001023454548.dmf","C:\Users\omard\Desktop\Facturas2\Z001023454548.dmf","Z001023454548.dmf",".dmf","168404","2025-01-21T14:18:12.0000000Z","A5EBA70E77B1B4765A8E782F4AA11A0CAD28A7BF45A933C14D88152408223F75","True",""
"2","C:\Users\omard\Desktop\Facturas2","Z001023454549.dmf","C:\Users\omard\Desktop\Facturas2\Z001023454549.dmf","Z001023454549.dmf",".dmf","166408","2025-01-21T14:19:10.0000000Z","69AA60D730C22C47DCEFE46E4B6CF0BB3DAAE29CA17D146A3251CB0F405D4EBB","True",""
"2","C:\Users\omard\Desktop\Facturas2","Z001023454587.dmf","C:\Users\omard\Desktop\Facturas2\Z001023454587.dmf","Z001023454587.dmf",".dmf","83578","2025-01-21T14:29:28.0000000Z","05001851EA3A5362C55409D0D2E1C4B510F90AA3E3EF00E59DCDD650F19E5A2E","True",""
"2","C:\Users\omard\Desktop\Facturas2","Z001023454592.dmf","C:\Users\omard\Desktop\Facturas2\Z001023454592.dmf","Z001023454592.dmf",".dmf","500255","2025-01-21T14:32:16.0000000Z","21A4D786AC267D2439605BA85B9C7098BAB9A8EF5EA09E6902D6E10567F01378","True",""
"2","C:\Users\omard\Desktop\Facturas2","Z001023454611.dmf","C:\Users\omard\Desktop\Facturas2\Z001023454611.dmf","Z001023454611.dmf",".dmf","29111","2025-01-21T14:36:16.0000000Z","49059A13A2351575FA70D7C859933600F2ADC7CD8AC3F6591A24BF3DE037EF26","True",""
"2","C:\Users\omard\Desktop\Facturas2","Z001023454612.dmf","C:\Users\omard\Desktop\Facturas2\Z001023454612.dmf","Z001023454612.dmf",".dmf","82843","2025-01-21T14:38:00.0000000Z","AD8CA49DD5AC6837AABA4413F2DB36D50632D1A899106CB2C0A992812FEDED30","True",""
"2","C:\Users\omard\Desktop\Facturas2","Z001023454613.dmf","C:\Users\omard\Desktop\Facturas2\Z001023454613.dmf","Z001023454613.dmf",".dmf","72913","2025-01-21T14:39:36.0000000Z","5896713EA6A62FCA0E927C648DB32CEDB8E9B61BEB943068B4EAD5A1ADC56273","True",""
"2","C:\Users\omard\Desktop\Facturas2","Z001023454616.dmf","C:\Users\omard\Desktop\Facturas2\Z001023454616.dmf","Z001023454616.dmf",".dmf","26884","2025-01-21T14:43:04.0000000Z","B11AAD10E50C4EAF5620B83C7A6D7C12F96EF8DCB76AE21803F7DD64F056B0C4","True",""
"2","C:\Users\omard\Desktop\Facturas2","Z001023454617.dmf","C:\Users\omard\Desktop\Facturas2\Z001023454617.dmf","Z001023454617.dmf",".dmf","29386","2025-01-21T14:43:44.0000000Z","7B975F8D55485B8E0F463F21FAAB12329CDBFF91BE6D4F3EB5A6AFC42B4940D5","True",""
"2","C:\Users\omard\Desktop\Facturas2","Z001023454624.dmf","C:\Users\omard\Desktop\Facturas2\Z001023454624.dmf","Z001023454624.dmf",".dmf","71878","2025-01-21T14:46:10.0000000Z","9F27545B772762038CB83391C5B7BCFE3AD4062588109C61580FF41E77CBC8BC","True",""
"2","C:\Users\omard\Desktop\Facturas2","Z001023454626.dmf","C:\Users\omard\Desktop\Facturas2\Z001023454626.dmf","Z001023454626.dmf",".dmf","71878","2025-01-21T14:47:28.0000000Z","C2A7134FB8DF282A9CF4DB0EE87A8529E9393F6AF39D68BBACEA7870E9FB97B5","True",""
"2","C:\Users\omard\Desktop\Facturas2","Z001023454775.dmf","C:\Users\omard\Desktop\Facturas2\Z001023454775.dmf","Z001023454775.dmf",".dmf","64763","2025-01-21T15:12:20.0000000Z","42568E3C6823C1A1A28F2E59CA61BFA98D9B1A45D99BC006A10EA2AB48166989","True",""
"2","C:\Users\omard\Desktop\Facturas2","Z001023454776.dmf","C:\Users\omard\Desktop\Facturas2\Z001023454776.dmf","Z001023454776.dmf",".dmf","69195","2025-01-21T15:13:06.0000000Z","D9EB95D3BF21981C013EA67652AD4CC7C1E0C9902745CA08CD2FCA3D08A6AC93","True",""
"2","C:\Users\omard\Desktop\Facturas2","Z001023454865.dmf","C:\Users\omard\Desktop\Facturas2\Z001023454865.dmf","Z001023454865.dmf",".dmf","86139","2025-01-21T15:26:38.0000000Z","FAE4C1E799652CA94540EDB8BB46301D2DF65E74FC0D232D2BED66CD07C8910D","True",""
"2","C:\Users\omard\Desktop\Facturas2","Z001023454866.dmf","C:\Users\omard\Desktop\Facturas2\Z001023454866.dmf","Z001023454866.dmf",".dmf","82408","2025-01-21T15:28:48.0000000Z","24D1A226B5A807A5977CD51428354AE9A228974F4567F59B3AD10E1E098557C5","True",""
"2","C:\Users\omard\Desktop\Facturas2","Z001023454912.dmf","C:\Users\omard\Desktop\Facturas2\Z001023454912.dmf","Z001023454912.dmf",".dmf","83604","2025-01-21T15:30:44.0000000Z","58DFB398D9BA2BDDC47F500B4AC8F329A7459ABFA93E48F87697E08FC8556565","True",""
"2","C:\Users\omard\Desktop\Facturas2","Z001023454913.dmf","C:\Users\omard\Desktop\Facturas2\Z001023454913.dmf","Z001023454913.dmf",".dmf","179604","2025-01-21T15:34:30.0000000Z","1888F7340DE9F5399ADACD4DC725CAF7AE30B3795FA88BD5591E3EA5D45740BA","True",""
"2","C:\Users\omard\Desktop\Facturas2","Z001023454914.dmf","C:\Users\omard\Desktop\Facturas2\Z001023454914.dmf","Z001023454914.dmf",".dmf","265994","2025-01-21T15:37:28.0000000Z","7ABACE8FFC2A88F4F646601392F2E34ADFE14C81F8EB9E322A10AD812FEEFF6A","True",""
"2","C:\Users\omard\Desktop\Facturas2","Z001023454934.dmf","C:\Users\omard\Desktop\Facturas2\Z001023454934.dmf","Z001023454934.dmf",".dmf","375409","2025-01-21T15:50:12.0000000Z","16591C0A3125C3D866AC8831119BC3EB4A2202462115785198CE4229FCC2B010","True",""
"2","C:\Users\omard\Desktop\Facturas2","Z001023454935.dmf","C:\Users\omard\Desktop\Facturas2\Z001023454935.dmf","Z001023454935.dmf",".dmf","266443","2025-01-21T15:51:46.0000000Z","AF78C34ADB56FBA028231FBF95496AE31E5624CDEB4CB284AF2E3EC2F5E9E582","True",""
"2","C:\Users\omard\Desktop\Facturas2","Z001023454940.dmf","C:\Users\omard\Desktop\Facturas2\Z001023454940.dmf","Z001023454940.dmf",".dmf","33816","2025-01-21T15:59:06.0000000Z","5DC04E36874721AEA2BB66EA1BEB367A5BBC3690F150818DBBE2ACB6BFB0EE95","True",""
"2","C:\Users\omard\Desktop\Facturas2","Z001023454946.dmf","C:\Users\omard\Desktop\Facturas2\Z001023454946.dmf","Z001023454946.dmf",".dmf","84154","2025-01-21T16:09:44.0000000Z","2270835472FE4295A49B0D46D87E8E85B81846B09E42E6E71B3B77828FD75BF2","True",""
"2","C:\Users\omard\Desktop\Facturas2","Z001023454949.dmf","C:\Users\omard\Desktop\Facturas2\Z001023454949.dmf","Z001023454949.dmf",".dmf","83006","2025-01-21T16:17:28.0000000Z","D9B4C104F65CF46B71355ABC9EBBF4CF239DB458DEA4D2FD390C6AF7988E01CB","True",""
"2","C:\Users\omard\Desktop\Facturas2","Z001023454958.dmf","C:\Users\omard\Desktop\Facturas2\Z001023454958.dmf","Z001023454958.dmf",".dmf","20458","2025-01-21T16:30:18.0000000Z","951A9AF966D3B2B7ACC08F074755BE9B98D26E9299D4DF273A89A3089CF6D75A","True",""
"2","C:\Users\omard\Desktop\Facturas2","Z001023454959.dmf","C:\Users\omard\Desktop\Facturas2\Z001023454959.dmf","Z001023454959.dmf",".dmf","82958","2025-01-21T16:31:50.0000000Z","6AF2A2D8A08AD6CB5E67B0BCCEABB0A60CD921BD5812B7C7DF75D195AD96250E","True",""
"2","C:\Users\omard\Desktop\Facturas2","Z001023454960.dmf","C:\Users\omard\Desktop\Facturas2\Z001023454960.dmf","Z001023454960.dmf",".dmf","232026","2025-01-21T16:33:54.0000000Z","04E9A89BAE74D7B55B9908DF578D1B50BA43983C32AB62C7A77C79876AB5F5F6","True",""
"2","C:\Users\omard\Desktop\Facturas2","Z001023454962.dmf","C:\Users\omard\Desktop\Facturas2\Z001023454962.dmf","Z001023454962.dmf",".dmf","231015","2025-01-21T16:34:38.0000000Z","DA68392EF60E8E78E26FF8CEF37A7FC942BA1C2B07074AEE2FECB7901E672137","True",""
"2","C:\Users\omard\Desktop\Facturas2","Z001023454964.dmf","C:\Users\omard\Desktop\Facturas2\Z001023454964.dmf","Z001023454964.dmf",".dmf","305749","2025-01-21T16:36:44.0000000Z","D65F45D921CC176F6B2FBFD787607B616037B8E892E9CE3830D5C2497B48733C","True",""
"2","C:\Users\omard\Desktop\Facturas2","Z001023454965.tif","C:\Users\omard\Desktop\Facturas2\Z001023454965.tif","Z001023454965.tif",".tif","39675","2025-01-21T16:38:28.0000000Z","4AB649EE8A29906DBF515F649DCDE8FDAED28B10F00DE0B9D36F0E944513ED2D","",""
"2","C:\Users\omard\Desktop\Facturas2","Z001023455043.dmf","C:\Users\omard\Desktop\Facturas2\Z001023455043.dmf","Z001023455043.dmf",".dmf","45223","2025-01-21T17:05:52.0000000Z","5FEB47647DC62A2FB4E16E9AA1D4181C37EF95867F8DEA7F0BF959843105A0BF","True",""
"2","C:\Users\omard\Desktop\Facturas2","Z001023455108.dmf","C:\Users\omard\Desktop\Facturas2\Z001023455108.dmf","Z001023455108.dmf",".dmf","723015","2025-01-21T17:09:54.0000000Z","0DA0836DF07FD81BC5BA6B5C22C65401856DFBF3BC6DDF39EA2C76DFDBDED160","True",""
"2","C:\Users\omard\Desktop\Facturas2","Z001023455127.dmf","C:\Users\omard\Desktop\Facturas2\Z001023455127.dmf","Z001023455127.dmf",".dmf","82969","2025-01-21T17:14:10.0000000Z","6BC3A3DCA2A2AC72D23D9A8C86081A82267FE5CE9BD4A158B767DAC57B8C3942","True",""
"2","C:\Users\omard\Desktop\Facturas2","Z001023455165.dmf","C:\Users\omard\Desktop\Facturas2\Z001023455165.dmf","Z001023455165.dmf",".dmf","82241","2025-01-21T17:15:46.0000000Z","2025218BC2498B0262C5097754D2A85C97E9B98A132F6777BE3C5B09E8EC5901","True",""
"2","C:\Users\omard\Desktop\Facturas2","Z001023455166.dmf","C:\Users\omard\Desktop\Facturas2\Z001023455166.dmf","Z001023455166.dmf",".dmf","82835","2025-01-21T17:17:42.0000000Z","A543601FDC95135865403C629AE48A1B32AF2FEA032CDE321D536E073EEDFBD8","True",""
"2","C:\Users\omard\Desktop\Facturas2","Z001023455412.dmf","C:\Users\omard\Desktop\Facturas2\Z001023455412.dmf","Z001023455412.dmf",".dmf","70551","2025-01-21T17:55:42.0000000Z","4B4A2574370D37CF87B1404CD01D8EB577E610662D8E5293A6D90A66AFCA6096","True",""
"2","C:\Users\omard\Desktop\Facturas2","Z001023455414.dmf","C:\Users\omard\Desktop\Facturas2\Z001023455414.dmf","Z001023455414.dmf",".dmf","70315","2025-01-21T17:57:38.0000000Z","336D6885A2930C5123FFBB437861FD5B5D0A3DFA0AEF5C08A7BE9CF069CFE923","True",""
"2","C:\Users\omard\Desktop\Facturas2","Z001023455415.dmf","C:\Users\omard\Desktop\Facturas2\Z001023455415.dmf","Z001023455415.dmf",".dmf","70261","2025-01-21T17:59:36.0000000Z","18BB62194CBC2E64A4EF1BECC81554C20EEC558572E3015FC7091061DDE093AA","True",""
"2","C:\Users\omard\Desktop\Facturas2","Z001023455418.dmf","C:\Users\omard\Desktop\Facturas2\Z001023455418.dmf","Z001023455418.dmf",".dmf","69927","2025-01-21T18:01:42.0000000Z","6B0F73B6C3C13EF9DA7AB78E66BB0AA797FB3E1750DD2DD49DC05D6A5030701D","True",""
"2","C:\Users\omard\Desktop\Facturas2","Z001023455483.dmf","C:\Users\omard\Desktop\Facturas2\Z001023455483.dmf","Z001023455483.dmf",".dmf","69930","2025-01-21T18:04:48.0000000Z","F1C85094104199EBBAEA1B71BEEA13B1BE989370DCC6AD38337674BEBF10B811","True",""
"2","C:\Users\omard\Desktop\Facturas2","Z001023455494.dmf","C:\Users\omard\Desktop\Facturas2\Z001023455494.dmf","Z001023455494.dmf",".dmf","69905","2025-01-21T18:17:06.0000000Z","48E345FC58FFE722C15AA0F534292953E25D2C97BC85C4EDF9B5A681BB0B5895","True",""
"2","C:\Users\omard\Desktop\Facturas2","Z001023455595.dmf","C:\Users\omard\Desktop\Facturas2\Z001023455595.dmf","Z001023455595.dmf",".dmf","70239","2025-01-21T18:20:34.0000000Z","577F2A352156A9DAAFB6663CC9257A62D7F086463DFC29BE4C72960735578710","True",""
"2","C:\Users\omard\Desktop\Facturas2","Z001023455596.dmf","C:\Users\omard\Desktop\Facturas2\Z001023455596.dmf","Z001023455596.dmf",".dmf","70260","2025-01-21T18:24:02.0000000Z","6CD625B7FC2001F6F1EA1D955488362B50B98A28AE4A81E6CA79EE822F163E72","True",""
"2","C:\Users\omard\Desktop\Facturas2","Z001023455617.dmf","C:\Users\omard\Desktop\Facturas2\Z001023455617.dmf","Z001023455617.dmf",".dmf","97050","2025-01-21T18:56:24.0000000Z","A3650C1968A73530E6E461842BABE9B88C41088312525D592113CFF80620689A","True",""
"2","C:\Users\omard\Desktop\Facturas2","Z001023455637.dmf","C:\Users\omard\Desktop\Facturas2\Z001023455637.dmf","Z001023455637.dmf",".dmf","83313","2025-01-21T19:00:28.0000000Z","199A6F611C13AC8549E9A35B81812A7AD3628B68405F5515553A2D44393574E6","True",""
"2","C:\Users\omard\Desktop\Facturas2","Z001023455638.dmf","C:\Users\omard\Desktop\Facturas2\Z001023455638.dmf","Z001023455638.dmf",".dmf","80375","2025-01-21T19:04:48.0000000Z","D80A9AEF078DB365FD5A5EEA6F9BCA12525604A913B5671BE230C0FC9BCA17F2","True",""
"2","C:\Users\omard\Desktop\Facturas2","Z001023455639.dmf","C:\Users\omard\Desktop\Facturas2\Z001023455639.dmf","Z001023455639.dmf",".dmf","80925","2025-01-21T19:08:00.0000000Z","DA3E8D0AE7C4BC0F41A3BF7EEFC44D829EE417403E56B1C8DC02377254D76BE1","True",""
"2","C:\Users\omard\Desktop\Facturas2","Z001023455692.dmf","C:\Users\omard\Desktop\Facturas2\Z001023455692.dmf","Z001023455692.dmf",".dmf","82494","2025-01-21T19:40:00.0000000Z","6A8DE32783FDFEF507327DF201CE0D3015B9A770FA437928EB3E4F16796097DE","True",""
"2","C:\Users\omard\Desktop\Facturas2","Z001023455694.dmf","C:\Users\omard\Desktop\Facturas2\Z001023455694.dmf","Z001023455694.dmf",".dmf","334318","2025-01-21T19:42:34.0000000Z","2DC0CA59CB460DA2D74DD5F9A6136C4CB93F76C8A176C340E5000C4298957EBB","True",""
"2","C:\Users\omard\Desktop\Facturas2","Z001023455695.dmf","C:\Users\omard\Desktop\Facturas2\Z001023455695.dmf","Z001023455695.dmf",".dmf","333864","2025-01-21T19:44:32.0000000Z","222DD7BCC0658FE5A87413CDF545758DC2D241066540FCAFCA9F62D6B5564DE3","True",""
"2","C:\Users\omard\Desktop\Facturas2","Z001023455709.dmf","C:\Users\omard\Desktop\Facturas2\Z001023455709.dmf","Z001023455709.dmf",".dmf","333953","2025-01-21T19:46:14.0000000Z","00DC6FF50EFC4E04DF1F2CDB157869F6C9EDC7029C546CEE6F2B698349868E75","True",""
"2","C:\Users\omard\Desktop\Facturas2","Z001023455710.dmf","C:\Users\omard\Desktop\Facturas2\Z001023455710.dmf","Z001023455710.dmf",".dmf","82280","2025-01-21T20:00:14.0000000Z","BC12AD606571C1C072280DD06B9CE901D6212125E8E68311F1D1D27C03ACDA42","True",""
"2","C:\Users\omard\Desktop\Facturas2","Z001023465957.dmf","C:\Users\omard\Desktop\Facturas2\Z001023465957.dmf","Z001023465957.dmf",".dmf","77205","2025-01-22T10:54:28.0000000Z","5294C73DD79362BE2970548F2EC498F0C19ABD4B5CE1F8D40D8A4956D48F2D9C","True",""
"2","C:\Users\omard\Desktop\Facturas2","Z001023465959.dmf","C:\Users\omard\Desktop\Facturas2\Z001023465959.dmf","Z001023465959.dmf",".dmf","76744","2025-01-22T10:56:20.0000000Z","F445B8D9BD2349ED88A04949A7FB7BC142998D2EDF9664487DD075C64C76F8D9","True",""
"2","C:\Users\omard\Desktop\Facturas2","Z001023465960.dmf","C:\Users\omard\Desktop\Facturas2\Z001023465960.dmf","Z001023465960.dmf",".dmf","77162","2025-01-22T10:57:06.0000000Z","06C7A63D21DCD7405347997B64D4FCE6EC9C471C9B451FC3D801CF07DBFAE922","True",""
"2","C:\Users\omard\Desktop\Facturas2","Z001023465961.dmf","C:\Users\omard\Desktop\Facturas2\Z001023465961.dmf","Z001023465961.dmf",".dmf","105639","2025-01-22T10:59:10.0000000Z","F2E7F8A6D1015242147E5976C1FA64585C502A8B82B424300B62B9867B27674D","True",""
"2","C:\Users\omard\Desktop\Facturas2","Z001023466084.dmf","C:\Users\omard\Desktop\Facturas2\Z001023466084.dmf","Z001023466084.dmf",".dmf","82494","2025-01-22T11:04:12.0000000Z","97C4D4A2A3FE8B74F94711557993F7B378694CB8FCD3B9DC20DD90746979B57B","True",""
"2","C:\Users\omard\Desktop\Facturas2","Z001023466171.dmf","C:\Users\omard\Desktop\Facturas2\Z001023466171.dmf","Z001023466171.dmf",".dmf","29337","2025-01-22T12:51:34.0000000Z","09BE2400F73A70DEAC15BEBA0D75112FFCD7884D122F3C120DF4C6368A58A487","True",""
"2","C:\Users\omard\Desktop\Facturas2","Z001023466188.dmf","C:\Users\omard\Desktop\Facturas2\Z001023466188.dmf","Z001023466188.dmf",".dmf","29802","2025-01-22T13:10:00.0000000Z","18BC3022A098BA582FD9127000AB087D8D8E5F17EED1F691F4021627D00B7940","True",""
"2","C:\Users\omard\Desktop\Facturas2","Z001023466206.dmf","C:\Users\omard\Desktop\Facturas2\Z001023466206.dmf","Z001023466206.dmf",".dmf","20597","2025-01-22T13:14:28.0000000Z","8E3B7DD2D3F9668D043AC3E3413B3108058A33EAFBED053653ED1B3A9878D661","True",""
"2","C:\Users\omard\Desktop\Facturas2","Z001023466217.dmf","C:\Users\omard\Desktop\Facturas2\Z001023466217.dmf","Z001023466217.dmf",".dmf","76035","2025-01-22T13:24:14.0000000Z","6D894CE3C742BEFEF65AB9AC7ECD2DAAC12A7821796893B6B4CD57281D9F79DD","True",""
"2","C:\Users\omard\Desktop\Facturas2","Z001023466248.dmf","C:\Users\omard\Desktop\Facturas2\Z001023466248.dmf","Z001023466248.dmf",".dmf","89063","2025-01-22T13:31:14.0000000Z","F0A69C86F1B256F78F589B6DE0A6DAFB8D05463AC5B4F39621087345720E2DF1","True",""
"2","C:\Users\omard\Desktop\Facturas2","Z001023466250.dmf","C:\Users\omard\Desktop\Facturas2\Z001023466250.dmf","Z001023466250.dmf",".dmf","175170","2025-01-22T13:34:54.0000000Z","D81C9FF631B6370B19F390CBA0C37DCF36E921D6D26FAAAE46F5031BED39781E","True",""
"2","C:\Users\omard\Desktop\Facturas2","Z001023466254.dmf","C:\Users\omard\Desktop\Facturas2\Z001023466254.dmf","Z001023466254.dmf",".dmf","26398","2025-01-22T13:41:30.0000000Z","43E673BC52800B0467D0C8742F7F0EF185F7C8A83DF242FCE761A7F5FE3F3312","True",""
"2","C:\Users\omard\Desktop\Facturas2","Z001023466255.dmf","C:\Users\omard\Desktop\Facturas2\Z001023466255.dmf","Z001023466255.dmf",".dmf","25056","2025-01-22T13:46:54.0000000Z","53EFF9AABBF4C753787582CDFDE6366B00A43D900CB1CC21A14CF09FE6E8389C","True",""
"2","C:\Users\omard\Desktop\Facturas2","Z001023466256.dmf","C:\Users\omard\Desktop\Facturas2\Z001023466256.dmf","Z001023466256.dmf",".dmf","75869","2025-01-22T13:52:46.0000000Z","2D1C9291EF2DEB98F883F1A54EB4694FFAEC11A62F2260318E73BB6B21E55FD3","True",""
"2","C:\Users\omard\Desktop\Facturas2","Z001023466257.dmf","C:\Users\omard\Desktop\Facturas2\Z001023466257.dmf","Z001023466257.dmf",".dmf","222223","2025-01-22T13:55:36.0000000Z","F5945D2838BDA0DA0606DBFFE97C70D2258C85BF43E83D55E0C045D446914145","True",""
"2","C:\Users\omard\Desktop\Facturas2","Z001023466264.dmf","C:\Users\omard\Desktop\Facturas2\Z001023466264.dmf","Z001023466264.dmf",".dmf","96129","2025-01-22T14:02:00.0000000Z","527350E9FD7157A872FB6FC6EA0628CAC33C6ADD7721548DD8364D14916463CE","True",""
"2","C:\Users\omard\Desktop\Facturas2","Z001023466267.dmf","C:\Users\omard\Desktop\Facturas2\Z001023466267.dmf","Z001023466267.dmf",".dmf","97718","2025-01-22T14:09:30.0000000Z","E43647937CC3632BE9D38C84A0542F9B8A52E5E492BE8DD30B7B2E07064F285C","True",""
"2","C:\Users\omard\Desktop\Facturas2","Z001023466269.dmf","C:\Users\omard\Desktop\Facturas2\Z001023466269.dmf","Z001023466269.dmf",".dmf","1056930","2025-01-22T14:12:40.0000000Z","D8295415BD410A1159BFDE29B68E9E68DAAB79C26042B8753CB5065308458714","True",""
"2","C:\Users\omard\Desktop\Facturas2","Z001023466270.dmf","C:\Users\omard\Desktop\Facturas2\Z001023466270.dmf","Z001023466270.dmf",".dmf","1057220","2025-01-22T14:14:52.0000000Z","000ADA96F509F325CB263606342F67CB0174F61D07FB6537E6101DDA543E2A69","True",""
"2","C:\Users\omard\Desktop\Facturas2","Z001023466288.dmf","C:\Users\omard\Desktop\Facturas2\Z001023466288.dmf","Z001023466288.dmf",".dmf","1056932","2025-01-22T14:17:22.0000000Z","BAAC215044B520A436CA56DF3317AF482FA6D7ECF9E8ECE2AF214A1FCC26DAB8","True",""
"2","C:\Users\omard\Desktop\Facturas2","Z001023466368.dmf","C:\Users\omard\Desktop\Facturas2\Z001023466368.dmf","Z001023466368.dmf",".dmf","1056941","2025-01-22T14:22:00.0000000Z","D203F7386FE1280DE0C4B5F0CBFD98EF704D5BDC338E2C75A855AE224A1165A4","True",""
"2","C:\Users\omard\Desktop\Facturas2","Z001023466370.dmf","C:\Users\omard\Desktop\Facturas2\Z001023466370.dmf","Z001023466370.dmf",".dmf","1057132","2025-01-22T14:27:28.0000000Z","3BEDC02E9709CAF06C99F2A5E417AE6B1AE57293F5FA748D9E5AD700E26A4572","True",""
"2","C:\Users\omard\Desktop\Facturas2","Z001023466371.dmf","C:\Users\omard\Desktop\Facturas2\Z001023466371.dmf","Z001023466371.dmf",".dmf","1056905","2025-01-22T14:29:46.0000000Z","3132395BB0CD2372B61C42BFD8A2932A4235837F9CB649D649521A447D81CD47","True",""
"2","C:\Users\omard\Desktop\Facturas2","Z001023466397.dmf","C:\Users\omard\Desktop\Facturas2\Z001023466397.dmf","Z001023466397.dmf",".dmf","120657","2025-01-22T14:45:30.0000000Z","01079EE53B43166BFAA010C6D7EBED625FCA70B98DA0837C2F10E21CDB1E7161","True",""
"2","C:\Users\omard\Desktop\Facturas2","Z001023466398.dmf","C:\Users\omard\Desktop\Facturas2\Z001023466398.dmf","Z001023466398.dmf",".dmf","118619","2025-01-22T14:47:36.0000000Z","1902FCC81AA627708B6F8C4968E6D34EF019DAE2139D1053C150EA9EC3BFB9CC","True",""
"2","C:\Users\omard\Desktop\Facturas2","Z001023466445.dmf","C:\Users\omard\Desktop\Facturas2\Z001023466445.dmf","Z001023466445.dmf",".dmf","119083","2025-01-22T14:50:22.0000000Z","2F8BFBA46CFBDC4CBC7C6C38EB33F590E2FE93F75B910199EF9ADF3865D598B5","True",""
"2","C:\Users\omard\Desktop\Facturas2","Z001023466450.dmf","C:\Users\omard\Desktop\Facturas2\Z001023466450.dmf","Z001023466450.dmf",".dmf","119313","2025-01-22T14:59:38.0000000Z","1724797F0232B26090401F8431AF8BA01575A62B0339B0229DEE96E91FFCDFF2","True",""
"2","C:\Users\omard\Desktop\Facturas2","Z001023466454.dmf","C:\Users\omard\Desktop\Facturas2\Z001023466454.dmf","Z001023466454.dmf",".dmf","29517","2025-01-22T15:00:58.0000000Z","900C7E367ECF9ABDA724BE06CAE6048DC72D27C4CEB20A29814DA84CB0BBE08A","True",""
"2","C:\Users\omard\Desktop\Facturas2","Z001023466455.dmf","C:\Users\omard\Desktop\Facturas2\Z001023466455.dmf","Z001023466455.dmf",".dmf","118966","2025-01-22T15:01:32.0000000Z","E6FC8464426FF144767EDEAF5840763B6C25CDFDF3DD011972E2C7FEFA4CF2A7","True",""
"2","C:\Users\omard\Desktop\Facturas2","Z001023466467.dmf","C:\Users\omard\Desktop\Facturas2\Z001023466467.dmf","Z001023466467.dmf",".dmf","104225","2025-01-22T15:02:36.0000000Z","21007E59638AA2844D4C1C287C8E109722319F3C0B42C43CA7CE11456C175527","True",""
"2","C:\Users\omard\Desktop\Facturas2","Z001023466468.dmf","C:\Users\omard\Desktop\Facturas2\Z001023466468.dmf","Z001023466468.dmf",".dmf","107178","2025-01-22T15:04:12.0000000Z","4E7F5B100992B82B2318091ED6984EC21D6F7FC066E490FD4A45558B8E124878","True",""
"2","C:\Users\omard\Desktop\Facturas2","Z001023466469.dmf","C:\Users\omard\Desktop\Facturas2\Z001023466469.dmf","Z001023466469.dmf",".dmf","107507","2025-01-22T15:04:50.0000000Z","C7A4F2E0188B1ADB4073E655176FF94250564C3E02E67F75E52D298BD361E4BD","True",""
"2","C:\Users\omard\Desktop\Facturas2","Z001023466470.dmf","C:\Users\omard\Desktop\Facturas2\Z001023466470.dmf","Z001023466470.dmf",".dmf","107247","2025-01-22T15:05:30.0000000Z","8318CF11EECC6FD14E08F5AA994E54F9C7C15E2E125C4231E681CD6FDD30C0F7","True",""
"2","C:\Users\omard\Desktop\Facturas2","Z001023466471.dmf","C:\Users\omard\Desktop\Facturas2\Z001023466471.dmf","Z001023466471.dmf",".dmf","66088","2025-01-22T15:08:10.0000000Z","47514993E63961AFCDF755EA337FFD6EAC9F654E375318020CBE5F6A2A68B569","True",""
"2","C:\Users\omard\Desktop\Facturas2","Z001023466472.dmf","C:\Users\omard\Desktop\Facturas2\Z001023466472.dmf","Z001023466472.dmf",".dmf","64658","2025-01-22T15:10:22.0000000Z","BAC93475A4B6137C73A2654FA0B7B04E59BF98507C3D06F0D4A821E67875341C","True",""
"2","C:\Users\omard\Desktop\Facturas2","Z001023466473.dmf","C:\Users\omard\Desktop\Facturas2\Z001023466473.dmf","Z001023466473.dmf",".dmf","40899","2025-01-22T15:11:50.0000000Z","B6BFFFFCC98841A653F6AF19FF090BE4D3652605195F8DA02D09CC39A2A34E60","True",""
"2","C:\Users\omard\Desktop\Facturas2","Z001023466474.dmf","C:\Users\omard\Desktop\Facturas2\Z001023466474.dmf","Z001023466474.dmf",".dmf","78669","2025-01-22T15:12:14.0000000Z","AA2E16952ACAD6563623BA12E958CC292A5DB483B8E61E14BE5217B17D4AE269","True",""
"2","C:\Users\omard\Desktop\Facturas2","Z001023466475.dmf","C:\Users\omard\Desktop\Facturas2\Z001023466475.dmf","Z001023466475.dmf",".dmf","33974","2025-01-22T15:12:38.0000000Z","37311A34E6E15266027BF9803CF603A0A246FF6511D766DDF2C82DE3E63DF523","True",""
"2","C:\Users\omard\Desktop\Facturas2","Z001023466476.dmf","C:\Users\omard\Desktop\Facturas2\Z001023466476.dmf","Z001023466476.dmf",".dmf","20584","2025-01-22T15:13:24.0000000Z","ECB714727B415080BBBE2115541407979E47B38C684CF0DE3CF3C53E183B1CE6","True",""
"2","C:\Users\omard\Desktop\Facturas2","Z001023466477.dmf","C:\Users\omard\Desktop\Facturas2\Z001023466477.dmf","Z001023466477.dmf",".dmf","21639","2025-01-22T15:14:12.0000000Z","34ED8360BF8FFE30CE2B7E69B6451F05F3750020482F6AD8B81632B3A9E874C4","True",""
"2","C:\Users\omard\Desktop\Facturas2","Z001023466478.dmf","C:\Users\omard\Desktop\Facturas2\Z001023466478.dmf","Z001023466478.dmf",".dmf","18607","2025-01-22T15:15:02.0000000Z","BBCB5F33A9DF4B6E73A7F2F17D325D74BE9A61345947E51C08B0BDCAE91DF71D","True",""
"2","C:\Users\omard\Desktop\Facturas2","Z001023466496.dmf","C:\Users\omard\Desktop\Facturas2\Z001023466496.dmf","Z001023466496.dmf",".dmf","15048","2025-01-22T15:15:48.0000000Z","3EF52942178506618412ECA2A01805145A55AA2CDD8D7A96301BB7D0932CD359","True",""
"2","C:\Users\omard\Desktop\Facturas2","Z001023466513.dmf","C:\Users\omard\Desktop\Facturas2\Z001023466513.dmf","Z001023466513.dmf",".dmf","15158","2025-01-22T15:16:38.0000000Z","D7E6698303C4BEC19DABCD971D1B30F922238C9BE26EC0F69C0AC980591A21CE","True",""
"2","C:\Users\omard\Desktop\Facturas2","Z001023466514.dmf","C:\Users\omard\Desktop\Facturas2\Z001023466514.dmf","Z001023466514.dmf",".dmf","14819","2025-01-22T15:17:24.0000000Z","B69952CB60CDA3060DE574A678DC59F550E5CBA11A5313FDB93C663544B2F0C8","True",""
"2","C:\Users\omard\Desktop\Facturas2","Z001023466515.dmf","C:\Users\omard\Desktop\Facturas2\Z001023466515.dmf","Z001023466515.dmf",".dmf","30042","2025-01-22T15:17:46.0000000Z","F3F28E5D08BDB550C1B5AB1AB5B1C5CB140522705945D81C1AA696308E41DF73","True",""
"2","C:\Users\omard\Desktop\Facturas2","Z001023466516.dmf","C:\Users\omard\Desktop\Facturas2\Z001023466516.dmf","Z001023466516.dmf",".dmf","14866","2025-01-22T15:18:10.0000000Z","80791AA753003E7B053003B05CF7002C0507833BFDF80E5F423D25B66FEF9393","True",""
"2","C:\Users\omard\Desktop\Facturas2","Z001023466517.dmf","C:\Users\omard\Desktop\Facturas2\Z001023466517.dmf","Z001023466517.dmf",".dmf","15229","2025-01-22T15:19:06.0000000Z","B4F4880FE7FFC8C89FB20588EEA91E357973ABE70573CE0767F5E89B918FC0FC","True",""
"2","C:\Users\omard\Desktop\Facturas2","Z001023466518.dmf","C:\Users\omard\Desktop\Facturas2\Z001023466518.dmf","Z001023466518.dmf",".dmf","303521","2025-01-22T15:19:52.0000000Z","4D8D2BC45C29BC3659C09011A244DECE79D9CB86D595A14EA848F670CF0AE8FC","True",""
"2","C:\Users\omard\Desktop\Facturas2","Z001023466523.dmf","C:\Users\omard\Desktop\Facturas2\Z001023466523.dmf","Z001023466523.dmf",".dmf","103769","2025-01-22T15:21:46.0000000Z","73932A863D5FDE9FB948D29BE41B09C57CBA0AFA4F205050D058BFBBAC22087C","True",""
"2","C:\Users\omard\Desktop\Facturas2","Z001023466582.dmf","C:\Users\omard\Desktop\Facturas2\Z001023466582.dmf","Z001023466582.dmf",".dmf","4700","2025-01-22T15:50:44.0000000Z","50673DECB04BCFF676AEFACE949617B728388809A59F7DFD29C8D12E5AA90DCA","True",""
"2","C:\Users\omard\Desktop\Facturas2","Z001023466586.dmf","C:\Users\omard\Desktop\Facturas2\Z001023466586.dmf","Z001023466586.dmf",".dmf","75134","2025-01-22T15:53:06.0000000Z","2A6EE653D67F36599D49A43D8107C72B56267C1358F1ED66DC488227BEE91D0A","True",""
"2","C:\Users\omard\Desktop\Facturas2","Z001023466675.dmf","C:\Users\omard\Desktop\Facturas2\Z001023466675.dmf","Z001023466675.dmf",".dmf","82396","2025-01-22T16:36:18.0000000Z","CA47E13F6BA158B7CCA0F226F44AF1069F365E07157B653AD352F59A30D2C190","True",""
"2","C:\Users\omard\Desktop\Facturas2","Z001023466678.dmf","C:\Users\omard\Desktop\Facturas2\Z001023466678.dmf","Z001023466678.dmf",".dmf","83178","2025-01-22T16:38:18.0000000Z","C8D9B67F64EA988CEF523641E77AD008A0BB9EE1FBF9599980CD5F60AA025365","True",""
"2","C:\Users\omard\Desktop\Facturas2","Z001023466679.dmf","C:\Users\omard\Desktop\Facturas2\Z001023466679.dmf","Z001023466679.dmf",".dmf","81660","2025-01-22T16:40:52.0000000Z","E04B697B188DC9CB96E6EC28F1ABFA70A8094F918542C9378E2135C7499D4934","True",""
"2","C:\Users\omard\Desktop\Facturas2","Z001023466926.dmf","C:\Users\omard\Desktop\Facturas2\Z001023466926.dmf","Z001023466926.dmf",".dmf","32655","2025-01-22T17:41:28.0000000Z","C1B35B7223A0F9BB782C066DCB3B73773DBFEECCA0D294C48B8889EE58E0E269","True",""
"2","C:\Users\omard\Desktop\Facturas2","Z001023466970.dmf","C:\Users\omard\Desktop\Facturas2\Z001023466970.dmf","Z001023466970.dmf",".dmf","413245","2025-01-22T17:59:22.0000000Z","E97FBD5214B25FC785FB7102BD3A170E3C16F0DC4C8EF340551B6F6D81062FE6","True",""
"2","C:\Users\omard\Desktop\Facturas2","Z001023466974.dmf","C:\Users\omard\Desktop\Facturas2\Z001023466974.dmf","Z001023466974.dmf",".dmf","89063","2025-01-22T18:03:44.0000000Z","F948043BEA9FBDA868733C2635B04E3BC2E7A930B0190C6A652D346B846E15F3","True",""
"2","C:\Users\omard\Desktop\Facturas2","Z001023467305.dmf","C:\Users\omard\Desktop\Facturas2\Z001023467305.dmf","Z001023467305.dmf",".dmf","404414","2025-01-22T18:39:32.0000000Z","352340B14D9B4ABB5CD4E65A83563F34E859928D8F799A8E075C921247211132","True",""
"2","C:\Users\omard\Desktop\Facturas2","Z001023467306.dmf","C:\Users\omard\Desktop\Facturas2\Z001023467306.dmf","Z001023467306.dmf",".dmf","267208","2025-01-22T18:44:52.0000000Z","2990517AEC3C9D7C3B366BDDF2E0D740D16EB3E1F026B21CB863104B7B95B39D","True",""
"2","C:\Users\omard\Desktop\Facturas2","Z001023467443.dmf","C:\Users\omard\Desktop\Facturas2\Z001023467443.dmf","Z001023467443.dmf",".dmf","50708","2025-01-22T19:16:00.0000000Z","8B8C97DD8FFFD81D721BFBAF95FF47FABDCD70E9C812285FC6A216DBB29FD90D","True",""
"2","C:\Users\omard\Desktop\Facturas2","Z001023467444.dmf","C:\Users\omard\Desktop\Facturas2\Z001023467444.dmf","Z001023467444.dmf",".dmf","50786","2025-01-22T19:16:52.0000000Z","498AFCAFE14E6F092BF967004E1AAAA8F0D1AED451F59864A044569EFA406E50","True",""
"2","C:\Users\omard\Desktop\Facturas2","Z001023467445.dmf","C:\Users\omard\Desktop\Facturas2\Z001023467445.dmf","Z001023467445.dmf",".dmf","221521","2025-01-22T19:17:54.0000000Z","44315C9B328CF8442EDC57874B29D379FD1418F8B3353AA38531862090D0092C","True",""
"2","C:\Users\omard\Desktop\Facturas2","Z001023467448.dmf","C:\Users\omard\Desktop\Facturas2\Z001023467448.dmf","Z001023467448.dmf",".dmf","82411","2025-01-22T19:20:06.0000000Z","DFAB08ACCF1E210C32FE80D675F95808B66FE161110D88C5318FB16BC812A9E5","True",""
"2","C:\Users\omard\Desktop\Facturas2","Z001023467449.dmf","C:\Users\omard\Desktop\Facturas2\Z001023467449.dmf","Z001023467449.dmf",".dmf","81956","2025-01-22T19:24:48.0000000Z","FECD80A0AEF08FD48A5BC2FF665BD790DBBF4D95A74802B834B56AD94EF4AEDE","True",""
"2","C:\Users\omard\Desktop\Facturas2","Z001023467450.dmf","C:\Users\omard\Desktop\Facturas2\Z001023467450.dmf","Z001023467450.dmf",".dmf","348692","2025-01-22T19:27:28.0000000Z","01C9C19462CDCACB19046AB49C749CD1AF4F82D27A584474DBC498698536F847","True",""
"2","C:\Users\omard\Desktop\Facturas2","Z001023467464.dmf","C:\Users\omard\Desktop\Facturas2\Z001023467464.dmf","Z001023467464.dmf",".dmf","101651","2025-01-22T19:30:24.0000000Z","545956DE239616BE4A9B4B2B7450A079F5A0091D843D902AEB6EDB59A7406EF5","True",""
"2","C:\Users\omard\Desktop\Facturas2","Z001023467466.dmf","C:\Users\omard\Desktop\Facturas2\Z001023467466.dmf","Z001023467466.dmf",".dmf","83727","2025-01-22T19:38:42.0000000Z","68EE6F0DFD0580E3D72B0DBDEB111D49078DCE802A6D7E2EE99FEDE2D2D3CC13","True",""
"2","C:\Users\omard\Desktop\Facturas2","Z001023467490.dmf","C:\Users\omard\Desktop\Facturas2\Z001023467490.dmf","Z001023467490.dmf",".dmf","290270","2025-01-22T19:46:58.0000000Z","CB6265F494B93449C38AB19B59CA4CAEBBB4A344D11EBE6A123F8232250B762E","True",""
"2","C:\Users\omard\Desktop\Facturas2","Z001023467491.dmf","C:\Users\omard\Desktop\Facturas2\Z001023467491.dmf","Z001023467491.dmf",".dmf","292188","2025-01-22T19:48:58.0000000Z","858BA92D0030B1AB84AEAB91F7477C39816EF5D785B0CE4E57EFE349493A364A","True",""
"2","C:\Users\omard\Desktop\Facturas2","Z001023467492.dmf","C:\Users\omard\Desktop\Facturas2\Z001023467492.dmf","Z001023467492.dmf",".dmf","71384","2025-01-22T19:54:56.0000000Z","803367C72D5037D1EC1468694FA01EED7B0262C9EDF33969A60D86C49C8F4018","True",""
"2","C:\Users\omard\Desktop\Facturas2","Z001023467513.dmf","C:\Users\omard\Desktop\Facturas2\Z001023467513.dmf","Z001023467513.dmf",".dmf","34193","2025-01-22T20:01:46.0000000Z","9451672F57D322CD4CA90F99D4C4EF77C8B5590DC1061A06A4D4228429592F77","True",""
"2","C:\Users\omard\Desktop\Facturas2","Z001023467518.dmf","C:\Users\omard\Desktop\Facturas2\Z001023467518.dmf","Z001023467518.dmf",".dmf","22107","2025-01-22T20:14:34.0000000Z","C8C132EFFBB49A09EC209FF0DEC40F99A1D1D3AFB1FCF6741447204C6CBAFDCD","True",""
"2","C:\Users\omard\Desktop\Facturas2","Z001023467519.dmf","C:\Users\omard\Desktop\Facturas2\Z001023467519.dmf","Z001023467519.dmf",".dmf","82088","2025-01-22T20:17:16.0000000Z","240BD9CDAB430F00C5381608D9FFF88109C68622DB5DA24A0A8CA42F18FCDE95","True",""
"2","C:\Users\omard\Desktop\Facturas2","Z001023467520.dmf","C:\Users\omard\Desktop\Facturas2\Z001023467520.dmf","Z001023467520.dmf",".dmf","281880","2025-01-22T20:19:30.0000000Z","8023C5448E20481AAF5D4539BDDC69F102E13CECAF6ECD010B86EBC5B7C120DA","True",""
"2","C:\Users\omard\Desktop\Facturas2","Z001023467543.dmf","C:\Users\omard\Desktop\Facturas2\Z001023467543.dmf","Z001023467543.dmf",".dmf","28383","2025-01-22T20:30:22.0000000Z","740456608EFFFA68D73A3D66728FE5F218F2168D3EFCCAD4E0307C66E804D802","True",""
"2","C:\Users\omard\Desktop\Facturas2","Z001023467586.dmf","C:\Users\omard\Desktop\Facturas2\Z001023467586.dmf","Z001023467586.dmf",".dmf","26311","2025-01-22T20:50:40.0000000Z","FF4F320C54436D54009F58B7A6BEDD1D6E4D2ACEB51BCBD849E82BC064397A25","True",""
"2","C:\Users\omard\Desktop\Facturas2","Z001023467587.dmf","C:\Users\omard\Desktop\Facturas2\Z001023467587.dmf","Z001023467587.dmf",".dmf","26185","2025-01-22T20:51:28.0000000Z","8E019B9F00F93A9F702FE9332A24B2C9134608260BCEAB9D99BFE64B0606E88D","True",""
"2","C:\Users\omard\Desktop\Facturas2","Z001023467588.dmf","C:\Users\omard\Desktop\Facturas2\Z001023467588.dmf","Z001023467588.dmf",".dmf","26380","2025-01-22T20:52:12.0000000Z","DC6A8CC340C17CC600701C3FD58AC379963D72DF1886E112F84226796ADC71DF","True",""
"2","C:\Users\omard\Desktop\Facturas2","Z001023467589.dmf","C:\Users\omard\Desktop\Facturas2\Z001023467589.dmf","Z001023467589.dmf",".dmf","918996","2025-01-22T20:55:06.0000000Z","1462955287610A18A259C5C1BFD74833B8E81F4D0EF0D53AB4E93D25830D6E68","True",""
"2","C:\Users\omard\Desktop\Facturas2","Z001023467590.dmf","C:\Users\omard\Desktop\Facturas2\Z001023467590.dmf","Z001023467590.dmf",".dmf","80132","2025-01-22T20:55:10.0000000Z","CF7029B1A88D4B302CC6D01A9E9021F60979F614CB4714EE97EBC63A434F560C","True",""
"2","C:\Users\omard\Desktop\Facturas2","Z001023467601.dmf","C:\Users\omard\Desktop\Facturas2\Z001023467601.dmf","Z001023467601.dmf",".dmf","1020330","2025-01-22T20:55:54.0000000Z","32C5C9E9571CE88BE629698191BA76D1722E5355A19CBD0995D4EB1E304B47FC","True",""
"2","C:\Users\omard\Desktop\Facturas2","Z001023467602.dmf","C:\Users\omard\Desktop\Facturas2\Z001023467602.dmf","Z001023467602.dmf",".dmf","80315","2025-01-22T20:57:18.0000000Z","B10CB5DB779CC180516DB52471D0C97EBABB71F152F3C567A7AD88E8151571D5","True",""
"2","C:\Users\omard\Desktop\Facturas2","Z001023467603.dmf","C:\Users\omard\Desktop\Facturas2\Z001023467603.dmf","Z001023467603.dmf",".dmf","82154","2025-01-22T20:58:14.0000000Z","279410E06F1C435267A7EC21D835CF2348C9B9B76429A906370D2BC0B1EBA39D","True",""
"2","C:\Users\omard\Desktop\Facturas2","Z001023467604.dmf","C:\Users\omard\Desktop\Facturas2\Z001023467604.dmf","Z001023467604.dmf",".dmf","121150","2025-01-22T20:59:54.0000000Z","7D87653A10ACEA6D3200DF24A3FE0478DD46DFB6CE596381025233EBDE251617","True",""
"2","C:\Users\omard\Desktop\Facturas2","Z001023467622.dmf","C:\Users\omard\Desktop\Facturas2\Z001023467622.dmf","Z001023467622.dmf",".dmf","82384","2025-01-22T21:07:06.0000000Z","97EFDB40DD2952538D31383B2A8EA178E461F8AAF0FC982985604A313E2DD836","True",""
"2","C:\Users\omard\Desktop\Facturas2","Z001023467623.dmf","C:\Users\omard\Desktop\Facturas2\Z001023467623.dmf","Z001023467623.dmf",".dmf","714400","2025-01-22T21:09:16.0000000Z","864DADE760A707C9732C3C9CA3AB742B6706B9DEA803C8D6A8D1BD87211D736C","True",""
"2","C:\Users\omard\Desktop\Facturas2","Z001023467656.dmf","C:\Users\omard\Desktop\Facturas2\Z001023467656.dmf","Z001023467656.dmf",".dmf","78484","2025-01-22T21:27:58.0000000Z","15A4FAE8E56F3397CCB124A6BC26D20E37D7152EC53681538A1C306A0AE95C5E","True",""
"2","C:\Users\omard\Desktop\Facturas2","Z001023467657.dmf","C:\Users\omard\Desktop\Facturas2\Z001023467657.dmf","Z001023467657.dmf",".dmf","83555","2025-01-22T21:29:40.0000000Z","8E128FEE26C9F3D27FADDCD21F32D8AF9D5AFE66D777F2EFF0DCEB1CEA60CBD8","True",""
"2","C:\Users\omard\Desktop\Facturas2","Z001023467670.dmf","C:\Users\omard\Desktop\Facturas2\Z001023467670.dmf","Z001023467670.dmf",".dmf","83932","2025-01-22T21:30:18.0000000Z","BF609CBBC6D4287122741172A656986B97DDB1C17C7AC00EC0245AF3BBB3EEBA","True",""
"2","C:\Users\omard\Desktop\Facturas2","Z001023478141.dmf","C:\Users\omard\Desktop\Facturas2\Z001023478141.dmf","Z001023478141.dmf",".dmf","77108","2025-01-23T10:12:52.0000000Z","E2F389FD70DDF2E476934FF7F58A9C4CECC0831FCCDA9D24907C0E0276FAA3A3","True",""
"2","C:\Users\omard\Desktop\Facturas2","Z001023478142.dmf","C:\Users\omard\Desktop\Facturas2\Z001023478142.dmf","Z001023478142.dmf",".dmf","45367","2025-01-23T10:23:56.0000000Z","DFC58B81FE733B45309B85619AA1C782905CF6BF3CC88CAC055629DE53E78FEA","True",""
"2","C:\Users\omard\Desktop\Facturas2","Z001023478143.dmf","C:\Users\omard\Desktop\Facturas2\Z001023478143.dmf","Z001023478143.dmf",".dmf","45362","2025-01-23T10:24:58.0000000Z","2307445E83C41147C1B65572CA3342DD774C3BFB86EBCBE0BC86533D7EC8FA16","True",""
"2","C:\Users\omard\Desktop\Facturas2","Z001023478144.dmf","C:\Users\omard\Desktop\Facturas2\Z001023478144.dmf","Z001023478144.dmf",".dmf","45392","2025-01-23T10:25:48.0000000Z","418C0146960825F0DAC24A6163FDA16201E2D6BF45A8CEA50319FFBEBB45BC9A","True",""
"2","C:\Users\omard\Desktop\Facturas2","Z001023478145.dmf","C:\Users\omard\Desktop\Facturas2\Z001023478145.dmf","Z001023478145.dmf",".dmf","45287","2025-01-23T10:26:46.0000000Z","C9BBDE7A2AF124B6925A92CF2AAE51B2A45D301E7A52584F4B9BEEA3699BB9B3","True",""
"2","C:\Users\omard\Desktop\Facturas2","Z001023478146.dmf","C:\Users\omard\Desktop\Facturas2\Z001023478146.dmf","Z001023478146.dmf",".dmf","45332","2025-01-23T10:28:10.0000000Z","D7114BCCBCA2A0B59530A11CCAE76ECC623A0673CAAAB315107A4BA8B5190109","True",""
"2","C:\Users\omard\Desktop\Facturas2","Z001023478147.dmf","C:\Users\omard\Desktop\Facturas2\Z001023478147.dmf","Z001023478147.dmf",".dmf","5371","2025-01-23T10:33:30.0000000Z","5D7DF82B9134304C203D431A373B0E76788F7C40425270F3B15FA0C829BCC4E2","True",""
"2","C:\Users\omard\Desktop\Facturas2","Z001023478148.dmf","C:\Users\omard\Desktop\Facturas2\Z001023478148.dmf","Z001023478148.dmf",".dmf","29720","2025-01-23T10:35:36.0000000Z","4BE39AA03710DD0B2A65093F588D3BD6746B2F35318C4EADA9DCEC9401038745","True",""
"2","C:\Users\omard\Desktop\Facturas2","Z001023478149.dmf","C:\Users\omard\Desktop\Facturas2\Z001023478149.dmf","Z001023478149.dmf",".dmf","4566","2025-01-23T10:41:06.0000000Z","8E9F40FA84B500CB0D145C4427C85E941C6FF1DD97DD5DFC258A78672AC5D2EC","True",""
"2","C:\Users\omard\Desktop\Facturas2","Z001023478160.dmf","C:\Users\omard\Desktop\Facturas2\Z001023478160.dmf","Z001023478160.dmf",".dmf","83476","2025-01-23T10:44:36.0000000Z","5C876D2D566D98E4E1A7BE1E8D4FFFA94805778AC8BDBADFCB64E2B5FF784369","True",""
"2","C:\Users\omard\Desktop\Facturas2","Z001023478161.dmf","C:\Users\omard\Desktop\Facturas2\Z001023478161.dmf","Z001023478161.dmf",".dmf","83253","2025-01-23T10:46:38.0000000Z","AB208924E1EE51CFC22308B317E82309AF5BB5B066E1BFC07433C251EC1D8D0F","True",""
"2","C:\Users\omard\Desktop\Facturas2","Z001023478162.dmf","C:\Users\omard\Desktop\Facturas2\Z001023478162.dmf","Z001023478162.dmf",".dmf","2319722","2025-01-23T10:48:22.0000000Z","8388CFC4D61C4F1684A054974A45AC0E054C93C327E13A10D30256739D71E446","True",""
"2","C:\Users\omard\Desktop\Facturas2","Z001023478163.dmf","C:\Users\omard\Desktop\Facturas2\Z001023478163.dmf","Z001023478163.dmf",".dmf","2423123","2025-01-23T10:50:52.0000000Z","4848572B5E527395548E31A28D3F6DADD9286C888A4213A84D6FEA183445913C","True",""
"2","C:\Users\omard\Desktop\Facturas2","Z001023478164.dmf","C:\Users\omard\Desktop\Facturas2\Z001023478164.dmf","Z001023478164.dmf",".dmf","205539","2025-01-23T10:55:14.0000000Z","30E0475A887246DFA55CACEFFD0AE0A47E931CECAE119F6B7FC5F53EBAF7872D","True",""
"2","C:\Users\omard\Desktop\Facturas2","Z001023478167.dmf","C:\Users\omard\Desktop\Facturas2\Z001023478167.dmf","Z001023478167.dmf",".dmf","308374","2025-01-23T10:57:40.0000000Z","4C9113AAF5DAB2E5BD3FF1CEC7779C8806186077CDE16E94765E64602429DB72","True",""
"2","C:\Users\omard\Desktop\Facturas2","Z001023478285.dmf","C:\Users\omard\Desktop\Facturas2\Z001023478285.dmf","Z001023478285.dmf",".dmf","21728","2025-01-23T11:55:30.0000000Z","BAEB1B1FBD7B4FC59EB6D1EEF53BDF305542E90ABB5494554707A5A13AB7E76A","True",""
"2","C:\Users\omard\Desktop\Facturas2","Z001023478333.dmf","C:\Users\omard\Desktop\Facturas2\Z001023478333.dmf","Z001023478333.dmf",".dmf","78077","2025-01-23T12:02:22.0000000Z","C2131E7156151CFFD180009A23135D647E94AD24F8C2ADEDB88AB68506B1C3BB","True",""
"2","C:\Users\omard\Desktop\Facturas2","Z001023478334.dmf","C:\Users\omard\Desktop\Facturas2\Z001023478334.dmf","Z001023478334.dmf",".dmf","77808","2025-01-23T12:03:20.0000000Z","FEA52E0A5DCEEA46A66AA0E24D66E32ACB3FC897278285CF20D7CECCA4954FA1","True",""
"2","C:\Users\omard\Desktop\Facturas2","Z001023478353.dmf","C:\Users\omard\Desktop\Facturas2\Z001023478353.dmf","Z001023478353.dmf",".dmf","29509","2025-01-23T13:06:18.0000000Z","3EEBCBFA738A4BD1AFAA3C3C78C08B4E4C01546446C3CB0352369B888043E159","True",""
"2","C:\Users\omard\Desktop\Facturas2","Z001023478405.dmf","C:\Users\omard\Desktop\Facturas2\Z001023478405.dmf","Z001023478405.dmf",".dmf","82026","2025-01-23T13:50:56.0000000Z","B6900A1BBDADC19A6462D9E8C389952333B379276088B1D4F671EF0DF650A8A4","True",""
"2","C:\Users\omard\Desktop\Facturas2","Z001023478406.dmf","C:\Users\omard\Desktop\Facturas2\Z001023478406.dmf","Z001023478406.dmf",".dmf","4746","2025-01-23T13:53:54.0000000Z","8B1FC7A2F12C8C920143AAD567DD0C79C8C2C76183886B79E72835016A5C485D","True",""
"2","C:\Users\omard\Desktop\Facturas2","Z001023478453.dmf","C:\Users\omard\Desktop\Facturas2\Z001023478453.dmf","Z001023478453.dmf",".dmf","77307","2025-01-23T14:41:54.0000000Z","0D7FAE14B3209107516ED5348B901D9CA3D5D0560815138448CAC919E289491A","True",""
"2","C:\Users\omard\Desktop\Facturas2","Z001023478458.dmf","C:\Users\omard\Desktop\Facturas2\Z001023478458.dmf","Z001023478458.dmf",".dmf","70216","2025-01-23T14:44:08.0000000Z","F12BBA200AF1D0A4ED2CB449DCEC3E74D2857C0C7F9D3CEE4F57DEB3DEA3357B","True",""
"2","C:\Users\omard\Desktop\Facturas2","Z001023478517.dmf","C:\Users\omard\Desktop\Facturas2\Z001023478517.dmf","Z001023478517.dmf",".dmf","69914","2025-01-23T14:58:04.0000000Z","2FB14C9D6DF159620E68CF0CBCE9C3715DEB7455EC365053E9F7F90FF282FB3F","True",""
"2","C:\Users\omard\Desktop\Facturas2","Z001023478532.dmf","C:\Users\omard\Desktop\Facturas2\Z001023478532.dmf","Z001023478532.dmf",".dmf","70367","2025-01-23T15:01:06.0000000Z","47CF63281543D6E2A9C01B8252F47B395980248C979DB91B7AEA4A6F75C0675D","True",""
"2","C:\Users\omard\Desktop\Facturas2","Z001023478549.dmf","C:\Users\omard\Desktop\Facturas2\Z001023478549.dmf","Z001023478549.dmf",".dmf","70551","2025-01-23T15:02:44.0000000Z","8B34B1B473E7D23B6E88AAFB30F7880C2B8906645B96FCC5802BDECA8CAC52FB","True",""
"2","C:\Users\omard\Desktop\Facturas2","Z001023478559.dmf","C:\Users\omard\Desktop\Facturas2\Z001023478559.dmf","Z001023478559.dmf",".dmf","24394","2025-01-23T15:11:52.0000000Z","9BD2CE120D1D575081005B18DE8528BD55194969F64846664AB6ABB5B0BFA3CA","True",""
"2","C:\Users\omard\Desktop\Facturas2","Z001023478600.dmf","C:\Users\omard\Desktop\Facturas2\Z001023478600.dmf","Z001023478600.dmf",".dmf","70778","2025-01-23T15:16:40.0000000Z","621C73B78E890787B8AA8502AB33E81FDE06328F79F807C8AA2D302F39E6257F","True",""
"2","C:\Users\omard\Desktop\Facturas2","Z001023478613.dmf","C:\Users\omard\Desktop\Facturas2\Z001023478613.dmf","Z001023478613.dmf",".dmf","70989","2025-01-23T15:19:06.0000000Z","6195C8602A5D4164231E4E87BE9004644447DE4C955E1C4E161854F517F3905D","True",""
