Sha256,FileName,Expected,LabelSource,TitleTypes,QrLabels,PreviousDecision,PreviousResolutionReason,ResolvedDecision,ResolutionReason,CorrectWhenDecided,D1cGateApplied,StrongFacturaTitle,StrongEvidenceLine,GateReason
002865257C71829F722158FBCEDB282C220108C3B1CE07E08876E80BAEEA8EB2,Z001023305689.pdf,FACTURA,QR_ARCA_STRONG,FACTURA,FACTURA,FACTURA,QR_ARCA_VALID_FACTURA,FACTURA,QR_ARCA_VALID_FACTURA,True,False,,,NOT_APPLICABLE
00A887F58DB25495DFDE02D1BD1530CE321427ECC08F8EF1E62853BF1C219A6C,Z001023321635.pdf,FACTURA,QR_ARCA_STRONG,FACTURA,FACTURA,FACTURA,QR_ARCA_VALID_FACTURA,FACTURA,QR_ARCA_VALID_FACTURA,True,False,,,NOT_APPLICABLE
010343D4BCC6C1DB12C1129F149212B97C69C10242840BC5A303CC7B4AA87BAF,Z001023242961.pdf,FACTURA,QR_ARCA_STRONG,FACTURA,FACTURA,FACTURA,QR_ARCA_VALID_FACTURA,FACTURA,QR_ARCA_VALID_FACTURA,True,False,,,NOT_APPLICABLE
014E2ED703E7699D11564EA3DA8C3C759890653A8AA43818519F760562AAD8E9,Z001023267244.pdf,FACTURA,QR_ARCA_STRONG,FACTURA,FACTURA,FACTURA,QR_ARCA_VALID_FACTURA,FACTURA,QR_ARCA_VALID_FACTURA,True,False,,,NOT_APPLICABLE
01CD21BA921CF3E5B71026D0B35F0455C59E2D2B5B1FCC67BBF6E18173662A57,Z001023284243.pdf,FACTURA,QR_ARCA_STRONG,FACTURA,FACTURA,FACTURA,QR_ARCA_VALID_FACTURA,FACTURA,QR_ARCA_VALID_FACTURA,True,False,,,NOT_APPLICABLE
02656E7BEACD36FF1D29B09DB3B935C87A2031DBB0AC01CB7FB6EF3190A013A9,Z001023397871.pdf,FACTURA,QR_ARCA_STRONG,FACTURA,FACTURA|FACTURA,FACTURA,QR_ARCA_VALID_FACTURA,FACTURA,QR_ARCA_VALID_FACTURA,True,False,,,NOT_APPLICABLE
029212DC679C033902FE2CC264F3CAB6C223BB8366CB0FE8E61BF5329E85FACE,Z001023338079.pdf,FACTURA,QR_ARCA_STRONG,FACTURA,FACTURA,FACTURA,QR_ARCA_VALID_FACTURA,FACTURA,QR_ARCA_VALID_FACTURA,True,False,,,NOT_APPLICABLE
02E98A8346DE804B23DEB7F869E8DA197E5631C1064A63EA74D3C0B0218FFB06,Z001023242297.pdf,FACTURA,QR_ARCA_STRONG,FACTURA,FACTURA,FACTURA,QR_ARCA_VALID_FACTURA,FACTURA,QR_ARCA_VALID_FACTURA,True,False,,,NOT_APPLICABLE
030110C4EECAD8AD99A6AD1A53873B11A63BAD1F04245E5725E05682FCC5D4AA,Z001023397962.pdf,FACTURA,QR_ARCA_STRONG,FACTURA,FACTURA,FACTURA,QR_ARCA_VALID_FACTURA,FACTURA,QR_ARCA_VALID_FACTURA,True,False,,,NOT_APPLICABLE
030126CE7D614353FF03F90C126B6D2C3746D913B36523810DF4F1B51326D882,Z001023242608.pdf,FACTURA,EXISTING_GROUND_TRUTH,FACTURA,FACTURA,FACTURA,QR_ARCA_VALID_FACTURA,FACTURA,QR_ARCA_VALID_FACTURA,True,False,,,NOT_APPLICABLE
0364B3022336297D63A30D703615CB3CC76DF8649C864FC2E6DC9CC55D955996,Z001023435320.pdf,FACTURA,QR_ARCA_STRONG,FACTURA,FACTURA,FACTURA,QR_ARCA_VALID_FACTURA,FACTURA,QR_ARCA_VALID_FACTURA,True,False,,,NOT_APPLICABLE
038C8E13A29FF718AF15161F5E1623E16F4735509EBC827CBF80A30555FC05DB,Z001023422115.pdf,FACTURA,QR_ARCA_STRONG,FACTURA,FACTURA,FACTURA,QR_ARCA_VALID_FACTURA,FACTURA,QR_ARCA_VALID_FACTURA,True,False,,,NOT_APPLICABLE
03CFBE47B1C87BEFC324BB99462C1A6722B7E29C5EB61D17AE8AB0C4A60F5AF3,Z001023397760.pdf,OTRO_DOCUMENTO,QR_ARCA_STRONG,NOTA_CREDITO|FACTURA,OTRO_DOCUMENTO,OTRO_DOCUMENTO,QR_ARCA_VALID_OTHER,OTRO_DOCUMENTO,QR_ARCA_VALID_OTHER,True,False,,,NOT_APPLICABLE
0405379635CC5D80EAFD03FE53704B24D220C6EFBD7EB0C7A1B8908D312819DF,Z001023267802.pdf,FACTURA,QR_ARCA_STRONG,FACTURA,FACTURA,FACTURA,QR_ARCA_VALID_FACTURA,FACTURA,QR_ARCA_VALID_FACTURA,True,False,,,NOT_APPLICABLE
042267BB5BA6B2EF3DEB81E10F9D0DF556DA96E723BEE7A42CA1F5AB41E0B13E,Z001023321071.pdf,FACTURA,QR_ARCA_STRONG,FACTURA,FACTURA,FACTURA,QR_ARCA_VALID_FACTURA,FACTURA,QR_ARCA_VALID_FACTURA,True,False,,,NOT_APPLICABLE
0431F3F0FA33A87F05475A197FA40165963F462ADD5E0D0F14743141B23F8ECF,Z001023285092.pdf,FACTURA,QR_ARCA_STRONG,FACTURA,FACTURA,FACTURA,QR_ARCA_VALID_FACTURA,FACTURA,QR_ARCA_VALID_FACTURA,True,False,,,NOT_APPLICABLE
0433389975EC3550CE85ABFB0C93FCD6D66B39F406A635F2A1B7ECFDAD2ACEE3,Z001023243743.pdf,FACTURA,QR_ARCA_STRONG,FACTURA,FACTURA,FACTURA,QR_ARCA_VALID_FACTURA,FACTURA,QR_ARCA_VALID_FACTURA,True,False,,,NOT_APPLICABLE
045C94F468347D76A752B35C9E1104694E4AD501AE20C72D76DEF8E399357D50,Z001023349833.pdf,FACTURA,QR_ARCA_STRONG,,FACTURA,FACTURA,QR_ARCA_VALID_FACTURA,FACTURA,QR_ARCA_VALID_FACTURA,True,False,,,NOT_APPLICABLE
04644AFCA0FD83E0BA9F4699895C76D10FBDBA2FE57B9695DC20E8D7B05F23B9,Z001023467444.pdf,FACTURA,QR_ARCA_STRONG,FACTURA,FACTURA,FACTURA,QR_ARCA_VALID_FACTURA,FACTURA,QR_ARCA_VALID_FACTURA,True,False,,,NOT_APPLICABLE
04D2A6C50B9B35D2F7E917B6E3A9B8329EE86DAD2FB2D5042D6BB4040B213ABA,Z001023243462.pdf,FACTURA,QR_ARCA_STRONG,FACTURA,FACTURA,FACTURA,QR_ARCA_VALID_FACTURA,FACTURA,QR_ARCA_VALID_FACTURA,True,False,,,NOT_APPLICABLE
0502FD9BDC978A9DB273A734BD4392467FCD7002B2033F73814CA959A4092E48,Z001023321087.pdf,FACTURA,QR_ARCA_STRONG,FACTURA,FACTURA,FACTURA,QR_ARCA_VALID_FACTURA,FACTURA,QR_ARCA_VALID_FACTURA,True,False,,,NOT_APPLICABLE
056F2DBFB04063C3907953A9FA896F379670BFB843A6C1C8D08A4A79E784AF5C,Z001023243328.pdf,FACTURA,QR_ARCA_STRONG,FACTURA,FACTURA,FACTURA,QR_ARCA_VALID_FACTURA,FACTURA,QR_ARCA_VALID_FACTURA,True,False,,,NOT_APPLICABLE
05C329DF72080120239DE88AA85E91D6F089D1DAA1A7F59B8E53C60752CF1D47,Z001023284042.pdf,OTRO_DOCUMENTO,QR_ARCA_STRONG,NOTA_DEBITO|FACTURA,OTRO_DOCUMENTO,OTRO_DOCUMENTO,QR_ARCA_VALID_OTHER,OTRO_DOCUMENTO,QR_ARCA_VALID_OTHER,True,False,,,NOT_APPLICABLE
062D404B15F77BA8C0EABD59CB6BF2C7D319E561D80F744178F01EB08514EDCC,Z001023466256.pdf,FACTURA,QR_ARCA_STRONG,FACTURA,FACTURA,FACTURA,QR_ARCA_VALID_FACTURA,FACTURA,QR_ARCA_VALID_FACTURA,True,False,,,NOT_APPLICABLE
0694B850140E5FB7BFAECB0AE25445A17058A3081747D666726EF30BF5AA1CB8,Z001023336346.pdf,FACTURA,QR_ARCA_STRONG,FACTURA,FACTURA,FACTURA,QR_ARCA_VALID_FACTURA,FACTURA,QR_ARCA_VALID_FACTURA,True,False,,,NOT_APPLICABLE
06A4E618722CC20B0791DAAF476CDE38E7C997F9619E99E853204E29184B3E6B,Z001023478160.pdf,FACTURA,QR_ARCA_STRONG,FACTURA,FACTURA,FACTURA,QR_ARCA_VALID_FACTURA,FACTURA,QR_ARCA_VALID_FACTURA,True,False,,,NOT_APPLICABLE
06A69148F4DA1D7AED723E4EFD8016E4BF83803969862E721D1E7269E9FB7641,Z001023465957.pdf,FACTURA,QR_ARCA_STRONG,FACTURA,FACTURA,FACTURA,QR_ARCA_VALID_FACTURA,FACTURA,QR_ARCA_VALID_FACTURA,True,False,,,NOT_APPLICABLE
06C5E77F317271A5B21E226962240E9CECAA20BB4DF5B73BBEE18511EE01C7CE,Z001023466926.pdf,FACTURA,QR_ARCA_STRONG,FACTURA,FACTURA,FACTURA,QR_ARCA_VALID_FACTURA,FACTURA,QR_ARCA_VALID_FACTURA,True,False,,,NOT_APPLICABLE
06F44D4A2E6F166F80269454C61462854CB02A1D7D136FAA54492E0630A88ABA,Z001023422175.pdf,FACTURA,QR_ARCA_STRONG,FACTURA,FACTURA,FACTURA,QR_ARCA_VALID_FACTURA,FACTURA,QR_ARCA_VALID_FACTURA,True,False,,,NOT_APPLICABLE
0846CFEBEEDC318DCF892BDB073260F2B9D11DE1DBAD19523CC213629641A43C,Z001023349977.pdf,FACTURA,QR_ARCA_STRONG,FACTURA,FACTURA,FACTURA,QR_ARCA_VALID_FACTURA,FACTURA,QR_ARCA_VALID_FACTURA,True,False,,,NOT_APPLICABLE
086C3868153984B80A9CF8E533AE3DD3D9A1E3AA0CC74EECF32A469E89112AFD,Z001023320981.pdf,FACTURA,QR_ARCA_STRONG,FACTURA,FACTURA,FACTURA,QR_ARCA_VALID_FACTURA,FACTURA,QR_ARCA_VALID_FACTURA,True,False,,,NOT_APPLICABLE
087EA4366E3106496DA6B0BC81253540CE32BCC41D32F4556B269A17734EA995,Z001023321000.pdf,FACTURA,QR_ARCA_STRONG,,FACTURA,FACTURA,QR_ARCA_VALID_FACTURA,FACTURA,QR_ARCA_VALID_FACTURA,True,False,,,NOT_APPLICABLE
08D4415DD3DD5F35A1D0E2243FE7197C8894DC3F408F5C6241D2C12EA5EF3144,Z001023305669.pdf,FACTURA,QR_ARCA_STRONG,FACTURA,FACTURA|FACTURA,FACTURA,QR_ARCA_VALID_FACTURA,FACTURA,QR_ARCA_VALID_FACTURA,True,False,,,NOT_APPLICABLE
08EEB31E5FEA01CB1869C83A1C0AC14004D08320B9D98369B045EAFB33798242,Z001023266223.pdf,FACTURA,QR_ARCA_STRONG,FACTURA,FACTURA,FACTURA,QR_ARCA_VALID_FACTURA,FACTURA,QR_ARCA_VALID_FACTURA,True,False,,,NOT_APPLICABLE
092FC946D76F08809B4F70D8392FAD226E023A06ADE2E2D83DB28C2843BED2F2,Z001023267334.pdf,FACTURA,QR_ARCA_STRONG,FACTURA,FACTURA,FACTURA,QR_ARCA_VALID_FACTURA,FACTURA,QR_ARCA_VALID_FACTURA,True,False,,,NOT_APPLICABLE
099CD04D4D313E7B125EE36BE7A592FAE24935F39860457A2663B17850A7A024,Z001023305711.pdf,FACTURA,QR_ARCA_STRONG,FACTURA,FACTURA|FACTURA,FACTURA,QR_ARCA_VALID_FACTURA,FACTURA,QR_ARCA_VALID_FACTURA,True,False,,,NOT_APPLICABLE
09BA9B13C67BBB69B0C9194C5E68E80D92DE3F0D572EEB90223E1DFDA26B67E7,Z001023321062.pdf,FACTURA,QR_ARCA_STRONG,FACTURA,FACTURA|FACTURA,FACTURA,QR_ARCA_VALID_FACTURA,FACTURA,QR_ARCA_VALID_FACTURA,True,False,,,NOT_APPLICABLE
09CB14F715B5C41BB9EF57C4DB54A53397E380B9647D9DF3125089BF05529B3D,Z001023266243.pdf,FACTURA,QR_ARCA_STRONG,FACTURA,FACTURA,FACTURA,QR_ARCA_VALID_FACTURA,FACTURA,QR_ARCA_VALID_FACTURA,True,False,,,NOT_APPLICABLE
09EA12AF37DBD01DE88FE904C33AE8D4A1774A3846F51D7C6A5F8C4B38EEC563,Z001023422338.pdf,FACTURA,QR_ARCA_STRONG,FACTURA,FACTURA,FACTURA,QR_ARCA_VALID_FACTURA,FACTURA,QR_ARCA_VALID_FACTURA,True,False,,,NOT_APPLICABLE
09F5F33D7AF68E713FCEBDED31CFDA8867C3B5839C983013AC4F4A3B4C64EADA,Z001023242370.pdf,FACTURA,QR_ARCA_STRONG,FACTURA,FACTURA,FACTURA,QR_ARCA_VALID_FACTURA,FACTURA,QR_ARCA_VALID_FACTURA,True,False,,,NOT_APPLICABLE
0A0BE06602247C93290462DF94D533A35AAAF17CD8935188A9804FC6F3805C73,Z001023336432.pdf,FACTURA,QR_ARCA_STRONG,FACTURA,FACTURA,FACTURA,QR_ARCA_VALID_FACTURA,FACTURA,QR_ARCA_VALID_FACTURA,True,False,,,NOT_APPLICABLE
0AB443B8A71B5F8C9B777E07D78DD56EC3BBE75E0256202DD5FADA760E576D9E,Z001023467445.pdf,FACTURA,QR_ARCA_STRONG,FACTURA,FACTURA,FACTURA,QR_ARCA_VALID_FACTURA,FACTURA,QR_ARCA_VALID_FACTURA,True,False,,,NOT_APPLICABLE
0AFAE9C55C04A213F0388C634CABAEEA4C9A02686A7B1F8D6CAEF6585DCD3498,Z001023385697.pdf,FACTURA,QR_ARCA_STRONG,FACTURA,FACTURA,FACTURA,QR_ARCA_VALID_FACTURA,FACTURA,QR_ARCA_VALID_FACTURA,True,False,,,NOT_APPLICABLE
0B37339859B57A9C2AC42C87C0DF2B011049680AE88FE16FF6E3274F8C264E20,Z001023242331.pdf,FACTURA,QR_ARCA_STRONG,FACTURA,FACTURA,FACTURA,QR_ARCA_VALID_FACTURA,FACTURA,QR_ARCA_VALID_FACTURA,True,False,,,NOT_APPLICABLE
0BCB4FA93CF649F724DA354451FE75CADFBA4E2BE6B7A32C41D4D5A40B6500B0,Z001023284545.pdf,FACTURA,QR_ARCA_STRONG,FACTURA,FACTURA|FACTURA,FACTURA,QR_ARCA_VALID_FACTURA,FACTURA,QR_ARCA_VALID_FACTURA,True,False,,,NOT_APPLICABLE
0BE39898903E624AD3D7957D864B44D6D84B895CE4C0B29042FB99AD5B6A2CFA,Z001023242558.pdf,FACTURA,QR_ARCA_STRONG,FACTURA,FACTURA,FACTURA,QR_ARCA_VALID_FACTURA,FACTURA,QR_ARCA_VALID_FACTURA,True,False,,,NOT_APPLICABLE
0D03C0C9105F3C3452B28F233E73D2389FECD8D0774EF2113973DCBAD9E3FA31,Z001023242371.pdf,FACTURA,QR_ARCA_STRONG,FACTURA,FACTURA,FACTURA,QR_ARCA_VALID_FACTURA,FACTURA,QR_ARCA_VALID_FACTURA,True,False,,,NOT_APPLICABLE
0D70848C8EA89E4E7A023B53FAAC0A2C6BE60CA305D26DB1FB3C56B832D88199,Z001023321898.pdf,FACTURA,QR_ARCA_STRONG,FACTURA,FACTURA,FACTURA,QR_ARCA_VALID_FACTURA,FACTURA,QR_ARCA_VALID_FACTURA,True,False,,,NOT_APPLICABLE
0DB5D3275144FC50576194C8BE14F91BC04EF15CB58334D123857D8A15200121,Z001023337691.pdf,FACTURA,QR_ARCA_STRONG,FACTURA,FACTURA,FACTURA,QR_ARCA_VALID_FACTURA,FACTURA,QR_ARCA_VALID_FACTURA,True,False,,,NOT_APPLICABLE
0DBD0D5EFF4F30AACEF8C537FBAE56A22A835E1F94365D0505C57A282B504272,Z001023268089.pdf,FACTURA,QR_ARCA_STRONG,FACTURA,FACTURA,FACTURA,QR_ARCA_VALID_FACTURA,FACTURA,QR_ARCA_VALID_FACTURA,True,False,,,NOT_APPLICABLE
0DDD4740926665B1F2CA1C85C2F251ECBDC8D72EA9155909898B72928455C029,Z001023242332.pdf,FACTURA,QR_ARCA_STRONG,FACTURA,FACTURA,FACTURA,QR_ARCA_VALID_FACTURA,FACTURA,QR_ARCA_VALID_FACTURA,True,False,,,NOT_APPLICABLE
0DF43C24EE1C884E4D39EA52799AF8AC28734D207C295A02C543F7E84C2C5546,Z001023266865.pdf,FACTURA,QR_ARCA_STRONG,FACTURA,FACTURA,FACTURA,QR_ARCA_VALID_FACTURA,FACTURA,QR_ARCA_VALID_FACTURA,True,False,,,NOT_APPLICABLE
0EC7A08B7BBAC6CA90E6285FD8B309A999A6B529D7F2E7589C6DF6C18360817D,Z001023268106.pdf,FACTURA,QR_ARCA_STRONG,FACTURA,FACTURA,FACTURA,QR_ARCA_VALID_FACTURA,FACTURA,QR_ARCA_VALID_FACTURA,True,False,,,NOT_APPLICABLE
0F17FC399AEC8157D02B8E78678720A018C8ABE168EF482D47520D265F142E71,Z001023321405.pdf,FACTURA,QR_ARCA_STRONG,FACTURA,FACTURA,FACTURA,QR_ARCA_VALID_FACTURA,FACTURA,QR_ARCA_VALID_FACTURA,True,False,,,NOT_APPLICABLE
0FE177F6CD750D418803C35068F43884010AD341C152821186CE237C10EB4CA4,Z001023321160.pdf,FACTURA,QR_ARCA_STRONG,FACTURA,FACTURA,FACTURA,QR_ARCA_VALID_FACTURA,FACTURA,QR_ARCA_VALID_FACTURA,True,False,,,NOT_APPLICABLE
1015512E6F7CD4C5A4FC33C2AF6C359994ED5197589848BA4C7E5CD9F1F956B6,Z001023283874.pdf,FACTURA,QR_ARCA_STRONG,FACTURA,FACTURA,FACTURA,QR_ARCA_VALID_FACTURA,FACTURA,QR_ARCA_VALID_FACTURA,True,False,,,NOT_APPLICABLE
10191891313269319E0D3C05BAFEE13282C40FD6B8BE77F890B623E757032F66,Z001023466582.pdf,FACTURA,QR_ARCA_STRONG,FACTURA,FACTURA|FACTURA,FACTURA,QR_ARCA_VALID_FACTURA,FACTURA,QR_ARCA_VALID_FACTURA,True,False,,,NOT_APPLICABLE
10D1AFC979D966B39B92E799719AD44B93945894927B122A3BCE79C3126B9413,Z001023423311.pdf,OTRO_DOCUMENTO,QR_ARCA_STRONG,FACTURA,OTRO_DOCUMENTO,OTRO_DOCUMENTO,QR_ARCA_VALID_OTHER,OTRO_DOCUMENTO,QR_ARCA_VALID_OTHER,True,False,,,NOT_APPLICABLE
10E67A94D76020372663F84AB23B4EF053A69FEF47465E0EB3C8E0DDCAABACF9,Z001023366861.pdf,FACTURA,QR_ARCA_STRONG,FACTURA,FACTURA,FACTURA,QR_ARCA_VALID_FACTURA,FACTURA,QR_ARCA_VALID_FACTURA,True,False,,,NOT_APPLICABLE
1145C2EBBA8BCA114C2D4FC9C75D25C49023A274E91AA55BA25D3C6C9FF20DF8,Z001023267243.pdf,FACTURA,QR_ARCA_STRONG,FACTURA,FACTURA,FACTURA,QR_ARCA_VALID_FACTURA,FACTURA,QR_ARCA_VALID_FACTURA,True,False,,,NOT_APPLICABLE
1159CA6B7C557BD08C99E82E1CD56A2CC1FE32763083DA0FF63B4B9B8FC13188,Z001023305806.pdf,FACTURA,QR_ARCA_STRONG,FACTURA,FACTURA,FACTURA,QR_ARCA_VALID_FACTURA,FACTURA,QR_ARCA_VALID_FACTURA,True,False,,,NOT_APPLICABLE
11E13B5C2625E4A99DF02BA77E51E0FF80A412F0891560027A439C52B2E2F1DB,Z001023266866.pdf,FACTURA,QR_ARCA_STRONG,FACTURA,FACTURA,FACTURA,QR_ARCA_VALID_FACTURA,FACTURA,QR_ARCA_VALID_FACTURA,True,False,,,NOT_APPLICABLE
123AAD179BE2ED44C1896B2F0972BA3A001D1258B084B8A1FE069BC1ACB1FF14,Z001023283866.pdf,FACTURA,QR_ARCA_STRONG,FACTURA,FACTURA,FACTURA,QR_ARCA_VALID_FACTURA,FACTURA,QR_ARCA_VALID_FACTURA,True,False,,,NOT_APPLICABLE
123DEAB253005D37733D22992D564C0DD27E284E2FE7447FBFB662F5CABB4F78,Z001023266874.pdf,FACTURA,QR_ARCA_STRONG,FACTURA,FACTURA,FACTURA,QR_ARCA_VALID_FACTURA,FACTURA,QR_ARCA_VALID_FACTURA,True,False,,,NOT_APPLICABLE
14381C127DC5AC3853B4712213EAB4470DD2A21AEFD09D12626E70E430315305,Z001023242877.pdf,FACTURA,QR_ARCA_STRONG,FACTURA,FACTURA,FACTURA,QR_ARCA_VALID_FACTURA,FACTURA,QR_ARCA_VALID_FACTURA,True,False,,,NOT_APPLICABLE
14888ABF52C795CD9248EFA6B5AD5883B0C2EDEE3B11EDC68A2B534DF582EA6C,Z001023266862.pdf,FACTURA,QR_ARCA_STRONG,FACTURA,FACTURA,FACTURA,QR_ARCA_VALID_FACTURA,FACTURA,QR_ARCA_VALID_FACTURA,True,False,,,NOT_APPLICABLE
14A75A878D1C46176EA9AB48865A6D723CE20D76A39D0BAAD77767EAD1EC2DD1,Z001023423283.pdf,OTRO_DOCUMENTO,QR_ARCA_STRONG,NOTA_DEBITO|FACTURA,OTRO_DOCUMENTO,OTRO_DOCUMENTO,QR_ARCA_VALID_OTHER,OTRO_DOCUMENTO,QR_ARCA_VALID_OTHER,True,False,,,NOT_APPLICABLE
15017A95CAE592FF03AC85B9E98A3F558AC8C2B2382DE89708D086F963B8F662,Z001023320982.pdf,FACTURA,QR_ARCA_STRONG,FACTURA,FACTURA,FACTURA,QR_ARCA_VALID_FACTURA,FACTURA,QR_ARCA_VALID_FACTURA,True,False,,,NOT_APPLICABLE
152604FDE489F58F0995B33FDBFBEF849D1187861D9A30592C95908147F52349,Z001023349976.pdf,OTRO_DOCUMENTO,QR_ARCA_STRONG,NOTA_CREDITO|FACTURA,OTRO_DOCUMENTO,OTRO_DOCUMENTO,QR_ARCA_VALID_OTHER,OTRO_DOCUMENTO,QR_ARCA_VALID_OTHER,True,False,,,NOT_APPLICABLE
1559EC92CBDBE55D735EE7ACA8E52AEAD71C1C47C221CF45B68B936B4345C2A2,Z001023338074.pdf,FACTURA,QR_ARCA_STRONG,FACTURA,FACTURA,FACTURA,QR_ARCA_VALID_FACTURA,FACTURA,QR_ARCA_VALID_FACTURA,True,False,,,NOT_APPLICABLE
158A0B2372339DB5F964827887050C77E088ED0C654782778E7E3DF739CCF278,Z001023306234.pdf,FACTURA,QR_ARCA_STRONG,FACTURA,FACTURA,FACTURA,QR_ARCA_VALID_FACTURA,FACTURA,QR_ARCA_VALID_FACTURA,True,False,,,NOT_APPLICABLE
15926288C19E4044088E6417ACB087ECBBE63143BD28306C232EE3218D138E82,Z001023321106.pdf,FACTURA,QR_ARCA_STRONG,FACTURA,FACTURA,FACTURA,QR_ARCA_VALID_FACTURA,FACTURA,QR_ARCA_VALID_FACTURA,True,False,,,NOT_APPLICABLE
15EE89386351047AD1C2D3173F2DF4FBDA0DE0D47542662362CCF47AEB41B838,Z001023265539.pdf,FACTURA,QR_ARCA_STRONG,FACTURA,FACTURA,FACTURA,QR_ARCA_VALID_FACTURA,FACTURA,QR_ARCA_VALID_FACTURA,True,False,,,NOT_APPLICABLE
160507D36E36A41452843EB5116EBE6860289D267FB2CEE2F49609A29C7BB91E,Z001023384921.pdf,FACTURA,QR_ARCA_STRONG,FACTURA,FACTURA,FACTURA,QR_ARCA_VALID_FACTURA,FACTURA,QR_ARCA_VALID_FACTURA,True,False,,,NOT_APPLICABLE
166589FEDAA33D952D81A337E8B61F2BA518F0302A237C96E8E96DDD61F7A5B1,Z001023242296.pdf,OTRO_DOCUMENTO,QR_ARCA_STRONG,NOTA_CREDITO|FACTURA,OTRO_DOCUMENTO,OTRO_DOCUMENTO,QR_ARCA_VALID_OTHER,OTRO_DOCUMENTO,QR_ARCA_VALID_OTHER,True,False,,,NOT_APPLICABLE
167929F9016E97C2CCFE59A2730534C5CD51282608A17A4EF1F23FA5F94104D9,Z001023267215.pdf,FACTURA,QR_ARCA_STRONG,FACTURA,FACTURA|FACTURA,FACTURA,QR_ARCA_VALID_FACTURA,FACTURA,QR_ARCA_VALID_FACTURA,True,False,,,NOT_APPLICABLE
167AC28EE4C9F156D7A730F3269118C5AD78B7F582E3FFC178BCB3FDB0A11DF7,Z001023366766.pdf,OTRO_DOCUMENTO,QR_ARCA_STRONG,NOTA_DEBITO|FACTURA,OTRO_DOCUMENTO,OTRO_DOCUMENTO,QR_ARCA_VALID_OTHER,OTRO_DOCUMENTO,QR_ARCA_VALID_OTHER,True,False,,,NOT_APPLICABLE
169353E3142E56941120B753DAE9B0E5A3527AE78A7B064582040B1D7E98FB61,Z001023336306.pdf,FACTURA,QR_ARCA_STRONG,FACTURA,FACTURA,FACTURA,QR_ARCA_VALID_FACTURA,FACTURA,QR_ARCA_VALID_FACTURA,True,False,,,NOT_APPLICABLE
16D63A67B2329B876A7EB150497C22D00A7FC6CA3C3D9F3D21BDEACB8FC493A8,Z001023366961.pdf,FACTURA,QR_ARCA_STRONG,FACTURA,FACTURA|FACTURA,FACTURA,QR_ARCA_VALID_FACTURA,FACTURA,QR_ARCA_VALID_FACTURA,True,False,,,NOT_APPLICABLE
16E375C7BFC7DEA12A79C7383665C85A3E059F7F5A69AF0C52D3D4ACC27A9341,Z001023398681.pdf,FACTURA,QR_ARCA_STRONG,FACTURA,FACTURA|FACTURA,FACTURA,QR_ARCA_VALID_FACTURA,FACTURA,QR_ARCA_VALID_FACTURA,True,False,,,NOT_APPLICABLE
1755304EBD124B8B4E1309831FBEB3F6EE40934A39AC4CCF8C158A506F931EF1,Z001023283807.pdf,FACTURA,QR_ARCA_STRONG,FACTURA,FACTURA,FACTURA,QR_ARCA_VALID_FACTURA,FACTURA,QR_ARCA_VALID_FACTURA,True,False,,,NOT_APPLICABLE
17645D40FA69A6828FBC913F3B3EAD8309B9DE2BA50E47598747209A0F923A62,Z001023423181.pdf,FACTURA,QR_ARCA_STRONG,FACTURA,FACTURA,FACTURA,QR_ARCA_VALID_FACTURA,FACTURA,QR_ARCA_VALID_FACTURA,True,False,,,NOT_APPLICABLE
1774A5264220F2FF45E5BC66ABA462BACACE62D7E6CC8D8B4C325FF2953FA33C,Z001023320999.pdf,FACTURA,QR_ARCA_STRONG,,FACTURA,FACTURA,QR_ARCA_VALID_FACTURA,FACTURA,QR_ARCA_VALID_FACTURA,True,False,,,NOT_APPLICABLE
17F70ACA0C08EBBB8F9BDC9AB4A180DF161AB6F073AA8057FC19989E0080C69F,Z001023398630.pdf,FACTURA,QR_ARCA_STRONG,FACTURA,FACTURA,FACTURA,QR_ARCA_VALID_FACTURA,FACTURA,QR_ARCA_VALID_FACTURA,True,False,,,NOT_APPLICABLE
180A072CF185D173A359A133EF852156206CE288B38F895772950BE3A2822433,Z001023397875.pdf,FACTURA,QR_ARCA_STRONG,FACTURA,FACTURA,FACTURA,QR_ARCA_VALID_FACTURA,FACTURA,QR_ARCA_VALID_FACTURA,True,False,,,NOT_APPLICABLE
1838C5E4581C360065CA938F288AFE4710F33C0DFF2B9D832801704DAD65E410,Z001023467588.pdf,FACTURA,QR_ARCA_STRONG,FACTURA,FACTURA,FACTURA,QR_ARCA_VALID_FACTURA,FACTURA,QR_ARCA_VALID_FACTURA,True,False,,,NOT_APPLICABLE
183FAE302DC2004BF0E2C13EDF85A8E9D75E168D01D7313E31DA45794CE0428D,Z001023283873.pdf,FACTURA,QR_ARCA_STRONG,FACTURA,FACTURA,FACTURA,QR_ARCA_VALID_FACTURA,FACTURA,QR_ARCA_VALID_FACTURA,True,False,,,NOT_APPLICABLE
18662EDEE4B4C711C1906E7CE4BE366A758A1188B97E161AF48336D6A3DBAE48,Z001023478148.pdf,FACTURA,QR_ARCA_STRONG,FACTURA,FACTURA,FACTURA,QR_ARCA_VALID_FACTURA,FACTURA,QR_ARCA_VALID_FACTURA,True,False,,,NOT_APPLICABLE
1879A4B5E7DA36E01B0F9CAF23754C27B06EA092E21F7A347CF60B15776875ED,Z001023242403.pdf,FACTURA,QR_ARCA_STRONG,FACTURA,FACTURA,FACTURA,QR_ARCA_VALID_FACTURA,FACTURA,QR_ARCA_VALID_FACTURA,True,False,,,NOT_APPLICABLE
18F720B96A147A5AB163A7A9CF2973DD63B5BF1945AE004DF51831A085DBD07A,Z001023336305.pdf,FACTURA,QR_ARCA_STRONG,FACTURA,FACTURA|FACTURA,FACTURA,QR_ARCA_VALID_FACTURA,FACTURA,QR_ARCA_VALID_FACTURA,True,False,,,NOT_APPLICABLE
194F2DA87B4471D4F618FDAFBE7C074F5DB1BC27D67350BC9E865BDBEDECF437,Z001023454444.pdf,FACTURA,QR_ARCA_STRONG,FACTURA,FACTURA,FACTURA,QR_ARCA_VALID_FACTURA,FACTURA,QR_ARCA_VALID_FACTURA,True,False,,,NOT_APPLICABLE
1A336FF617D5A0C3A526B99A96FBAFD04444DB1284DF057F7A0963EF0F477489,Z001023305710.pdf,FACTURA,QR_ARCA_STRONG,FACTURA,FACTURA|FACTURA,FACTURA,QR_ARCA_VALID_FACTURA,FACTURA,QR_ARCA_VALID_FACTURA,True,False,,,NOT_APPLICABLE
1A36A3CBE7FCC2D88B622D11158D47FC31F218354BA5CAD55E5F076338CD7FD6,Z001023242302.pdf,FACTURA,QR_ARCA_STRONG,FACTURA,FACTURA,FACTURA,QR_ARCA_VALID_FACTURA,FACTURA,QR_ARCA_VALID_FACTURA,True,False,,,NOT_APPLICABLE
1A4F808049D1A37F4E6AB760DD7135F61503613DEB13BADD69E536FEA2FC6B9F,Z001023454592.pdf,FACTURA,QR_ARCA_STRONG,FACTURA,FACTURA,FACTURA,QR_ARCA_VALID_FACTURA,FACTURA,QR_ARCA_VALID_FACTURA,True,False,,,NOT_APPLICABLE
1AE4FB903432A3B60DB3450D9487FFB226463AF51EC1BEC47448AC3F3C7B894F,Z001023350419.pdf,FACTURA,QR_ARCA_STRONG,FACTURA,FACTURA,FACTURA,QR_ARCA_VALID_FACTURA,FACTURA,QR_ARCA_VALID_FACTURA,True,False,,,NOT_APPLICABLE
1C046CF254BA1E8E323C11493B60FE53712CC1B84EFF61DE83864A7D0C4355D1,Z001023284033.pdf,FACTURA,QR_ARCA_STRONG,FACTURA,FACTURA,FACTURA,QR_ARCA_VALID_FACTURA,FACTURA,QR_ARCA_VALID_FACTURA,True,False,,,NOT_APPLICABLE
1C4DB25AAC0A169B26D121DF0992AB546E8D487A74FD1E45FDEF3490F3708601,Z001023243325.pdf,OTRO_DOCUMENTO,EXISTING_GROUND_TRUTH,FACTURA,,FACTURA,FACTURA_TITLE_ONLY,,NO_DECISION_SECONDARY_FACTURA,,True,False,ECONOMICAS FACTURA DE CREDITO,FACTURA_NOT_IN_TITLE_POSITION
1C8A8808678EDA0EE2B05BB8A61144E4290EE9E18251346BBD2683F09C7D888B,Z001023242962.pdf,FACTURA,QR_ARCA_STRONG,FACTURA,FACTURA,FACTURA,QR_ARCA_VALID_FACTURA,FACTURA,QR_ARCA_VALID_FACTURA,True,False,,,NOT_APPLICABLE
1DA9864804DCE41CA146730F9EB0523D3ADD3030E9014CAA057097A2EA07C711,Z001023422321.pdf,FACTURA,QR_ARCA_STRONG,FACTURA,FACTURA,FACTURA,QR_ARCA_VALID_FACTURA,FACTURA,QR_ARCA_VALID_FACTURA,True,False,,,NOT_APPLICABLE
1DBAC85FD76DFB51E641F429E17BBA22563A0F38D8362D27B66EB5322644AAE6,Z001023397971.pdf,FACTURA,QR_ARCA_STRONG,FACTURA,FACTURA,FACTURA,QR_ARCA_VALID_FACTURA,FACTURA,QR_ARCA_VALID_FACTURA,True,False,,,NOT_APPLICABLE
1DC499A08B5A4C8EB40237A78633ACD98DF16FB8437876D106B4265CC4451588,Z001023266252.pdf,FACTURA,QR_ARCA_STRONG,FACTURA,FACTURA,FACTURA,QR_ARCA_VALID_FACTURA,FACTURA,QR_ARCA_VALID_FACTURA,True,False,,,NOT_APPLICABLE
1DE3D57C29CD74BE3B52809E07F5687161ED4F785B56045F8B4F677FDFD93DDA,Z001023384922.pdf,FACTURA,QR_ARCA_STRONG,FACTURA,FACTURA,FACTURA,QR_ARCA_VALID_FACTURA,FACTURA,QR_ARCA_VALID_FACTURA,True,False,,,NOT_APPLICABLE
1E017419E073DE02B948D0FF0A3422759D77C393D6A5BC26E76BD8404C0104B5,Z001023337681.pdf,FACTURA,QR_ARCA_STRONG,FACTURA,FACTURA,FACTURA,QR_ARCA_VALID_FACTURA,FACTURA,QR_ARCA_VALID_FACTURA,True,False,,,NOT_APPLICABLE
1E9F93E9439263AB091E1FCFA2C61AE17A3F0F1AA79A93DF4A5306624A24BEBC,Z001023243457.pdf,FACTURA,QR_ARCA_STRONG,FACTURA,FACTURA,FACTURA,QR_ARCA_VALID_FACTURA,FACTURA,QR_ARCA_VALID_FACTURA,True,False,,,NOT_APPLICABLE
1ED366B383A3896CFEB2405CE4CAC87D9D060DC3080F784F47BED59A1054A232,Z001023454613.pdf,FACTURA,QR_ARCA_STRONG,FACTURA,FACTURA,FACTURA,QR_ARCA_VALID_FACTURA,FACTURA,QR_ARCA_VALID_FACTURA,True,False,,,NOT_APPLICABLE
1F174E86620ADDAB1691ADA0E9A283270D292E6AED4C4B923DDAFE19769D07EB,Z001023306029.pdf,FACTURA,QR_ARCA_STRONG,FACTURA,FACTURA,FACTURA,QR_ARCA_VALID_FACTURA,FACTURA,QR_ARCA_VALID_FACTURA,True,False,,,NOT_APPLICABLE
1F74158A70E303CD4219E3F0A4C0F0EE744292D6CD4C7585ECB69924A9CF7E6A,Z001023351276.pdf,FACTURA,QR_ARCA_STRONG,FACTURA,FACTURA,FACTURA,QR_ARCA_VALID_FACTURA,FACTURA,QR_ARCA_VALID_FACTURA,True,False,,,NOT_APPLICABLE
1F8ED7AFA5B9414E174104C2C5ADF13AF964A27329A26B561987EB073FC3BC7C,Z001023283788.pdf,FACTURA,QR_ARCA_STRONG,FACTURA,FACTURA,FACTURA,QR_ARCA_VALID_FACTURA,FACTURA,QR_ARCA_VALID_FACTURA,True,False,,,NOT_APPLICABLE
1FE5EE8327E145829C17BEDC6ED8E4BE89C6EF299984C6A454FC15B2245B7981,Z001023283744.pdf,FACTURA,QR_ARCA_STRONG,FACTURA,FACTURA,FACTURA,QR_ARCA_VALID_FACTURA,FACTURA,QR_ARCA_VALID_FACTURA,True,False,,,NOT_APPLICABLE
201C2EF248B3E04F47F214E95A8360183B42A01E5B635FEAA9E07529A8C328CD,Z001023466675.pdf,OTRO_DOCUMENTO,QR_ARCA_STRONG,NOTA_DEBITO|FACTURA,OTRO_DOCUMENTO,OTRO_DOCUMENTO,QR_ARCA_VALID_OTHER,OTRO_DOCUMENTO,QR_ARCA_VALID_OTHER,True,False,,,NOT_APPLICABLE
21260D1DEB9F5FC490513022E1FD91F7B583EE94863480B42371917D5BADB457,Z001023242803.pdf,FACTURA,QR_ARCA_STRONG,FACTURA,FACTURA,FACTURA,QR_ARCA_VALID_FACTURA,FACTURA,QR_ARCA_VALID_FACTURA,True,False,,,NOT_APPLICABLE
21438B9765F499855432F21148F956C714AAA9C79EDA7413564EEE9455850671,Z001023243397.pdf,FACTURA,QR_ARCA_STRONG,FACTURA,FACTURA,FACTURA,QR_ARCA_VALID_FACTURA,FACTURA,QR_ARCA_VALID_FACTURA,True,False,,,NOT_APPLICABLE
2154FD617AF13243DB7B586CCBA7EF469689877C9BAA53B0F84ED403E793BC99,Z001023422117.pdf,FACTURA,QR_ARCA_STRONG,FACTURA,FACTURA|FACTURA,FACTURA,QR_ARCA_VALID_FACTURA,FACTURA,QR_ARCA_VALID_FACTURA,True,False,,,NOT_APPLICABLE
21FA95E0441B94EC1CA8C6B2756C6170EA9D9D18C5A192D2619FDAD6992514CB,Z001023349831.pdf,FACTURA,QR_ARCA_STRONG,,FACTURA,FACTURA,QR_ARCA_VALID_FACTURA,FACTURA,QR_ARCA_VALID_FACTURA,True,False,,,NOT_APPLICABLE
225886580C85D6E9291E33F31E663C265C372BE9B6DFF5D4C18D41160FBBE122,Z001023351257.pdf,OTRO_DOCUMENTO,QR_ARCA_STRONG,NOTA_CREDITO,OTRO_DOCUMENTO,OTRO_DOCUMENTO,QR_ARCA_VALID_OTHER,OTRO_DOCUMENTO,QR_ARCA_VALID_OTHER,True,False,,,NOT_APPLICABLE
22672F8A78F1673F9C86E8AF6C0F74C68CE69F6A47D30B59631ADDF0538252D0,Z001023266857.pdf,FACTURA,QR_ARCA_STRONG,FACTURA,FACTURA,FACTURA,QR_ARCA_VALID_FACTURA,FACTURA,QR_ARCA_VALID_FACTURA,True,False,,,NOT_APPLICABLE
22E69D2F00D6232ED552D42A07BCBA93D825967D3875DEEF8648F80EBE48E36E,Z001023398886.pdf,FACTURA,QR_ARCA_STRONG,FACTURA,FACTURA,FACTURA,QR_ARCA_VALID_FACTURA,FACTURA,QR_ARCA_VALID_FACTURA,True,False,,,NOT_APPLICABLE
24508D57D9D2FE1CF19E71BF862D1C297C3B233C58E91B1FBCA2A8AB5AA2867E,Z001023267406.pdf,FACTURA,QR_ARCA_STRONG,FACTURA,FACTURA,FACTURA,QR_ARCA_VALID_FACTURA,FACTURA,QR_ARCA_VALID_FACTURA,True,False,,,NOT_APPLICABLE
2537FDF817D544D0E6993F9039C282B601828BF4030072FE60AA952C6CEBC923,Z001023267412.pdf,FACTURA,QR_ARCA_STRONG,FACTURA,FACTURA,FACTURA,QR_ARCA_VALID_FACTURA,FACTURA,QR_ARCA_VALID_FACTURA,True,False,,,NOT_APPLICABLE
25906BA449000FDC416BE77ADE177F67876EE90F96C8DA7EAF7532B3DE978549,Z001023243399.pdf,FACTURA,QR_ARCA_STRONG,FACTURA,FACTURA,FACTURA,QR_ARCA_VALID_FACTURA,FACTURA,QR_ARCA_VALID_FACTURA,True,False,,,NOT_APPLICABLE
263D415F6C5CCB5E35FCFF9F2EF41B20D3D9D37D6BB52D156229BC10E818CD63,Z001023266941.pdf,FACTURA,QR_ARCA_STRONG,FACTURA,FACTURA,FACTURA,QR_ARCA_VALID_FACTURA,FACTURA,QR_ARCA_VALID_FACTURA,True,False,,,NOT_APPLICABLE
263DEF4CEBFD41025BF8C60D814D6D9533131D244D35E3D23C08BBE8917C9BD9,Z001023305709.pdf,FACTURA,QR_ARCA_STRONG,FACTURA,FACTURA|FACTURA,FACTURA,QR_ARCA_VALID_FACTURA,FACTURA,QR_ARCA_VALID_FACTURA,True,False,,,NOT_APPLICABLE
268E9CF0A794A2450E7EFF249D3AD2594B21A19EC5462DA31C99A736388B63C2,Z001023266240.pdf,FACTURA,QR_ARCA_STRONG,FACTURA,FACTURA,FACTURA,QR_ARCA_VALID_FACTURA,FACTURA,QR_ARCA_VALID_FACTURA,True,False,,,NOT_APPLICABLE
26EA4A2318A2CA163F0725B8551C9F4CFE6E45EA6578CACC90BC64C6575AF63B,Z001023385178.pdf,FACTURA,QR_ARCA_STRONG,FACTURA,FACTURA,FACTURA,QR_ARCA_VALID_FACTURA,FACTURA,QR_ARCA_VALID_FACTURA,True,False,,,NOT_APPLICABLE
27BC4B18F491209F599B195B0ABC49F006BFC50896F0790871B4164089202C88,Z001023267236.pdf,FACTURA,QR_ARCA_STRONG,FACTURA,FACTURA,FACTURA,QR_ARCA_VALID_FACTURA,FACTURA,QR_ARCA_VALID_FACTURA,True,False,,,NOT_APPLICABLE
283DD750150A80FD78B56DFD05BD0CF320ED7EE5AFE628DC3A273F00642CECD5,Z001023409587.pdf,FACTURA,QR_ARCA_STRONG,FACTURA,FACTURA,FACTURA,QR_ARCA_VALID_FACTURA,FACTURA,QR_ARCA_VALID_FACTURA,True,False,,,NOT_APPLICABLE
28FCC8808B0DEE25A850B6F4C5063E17FB94B3CB194917E84422E9F2A8C111A5,Z001023243169.pdf,OTRO_DOCUMENTO,EXISTING_GROUND_TRUTH,,,,NO_DECISION,,NO_DECISION,,False,,,NOT_APPLICABLE
29C2F82AE52AB4771D5C4F02A6C04F9336214832AD7F90907EEA3FC074BA9648,Z001023305791.pdf,FACTURA,QR_ARCA_STRONG,FACTURA,FACTURA,FACTURA,QR_ARCA_VALID_FACTURA,FACTURA,QR_ARCA_VALID_FACTURA,True,False,,,NOT_APPLICABLE
2AB39536303132A97CD1C0CC132118D01E08A560594A6E39D2FBAD019CCA88B8,Z001023422110.pdf,FACTURA,QR_ARCA_STRONG,FACTURA,FACTURA,FACTURA,QR_ARCA_VALID_FACTURA,FACTURA,QR_ARCA_VALID_FACTURA,True,False,,,NOT_APPLICABLE
2AD909C6F5BC9106E0C189FB9B3FBD110F046A61DAD56FF8DB8A50C7655E2F78,Z001023305872.pdf,FACTURA,QR_ARCA_STRONG,FACTURA,FACTURA,FACTURA,QR_ARCA_VALID_FACTURA,FACTURA,QR_ARCA_VALID_FACTURA,True,False,,,NOT_APPLICABLE
2B7B4A103183D9CE12C1E4633A50995F03B0E8565D49ED8EFAB97C764BC69FD2,Z001023410722.pdf,FACTURA,QR_ARCA_STRONG,FACTURA,FACTURA,FACTURA,QR_ARCA_VALID_FACTURA,FACTURA,QR_ARCA_VALID_FACTURA,True,False,,,NOT_APPLICABLE
2CA999327575D864D33380273D2641121C3430B06EBEB1396C57028AD278AEC0,Z001023243423.pdf,FACTURA,QR_ARCA_STRONG,FACTURA,FACTURA,FACTURA,QR_ARCA_VALID_FACTURA,FACTURA,QR_ARCA_VALID_FACTURA,True,False,,,NOT_APPLICABLE
2D43B3648B73EFBB36772933B8ED7CE0CD779C0945E776A136EC6123FA5D5551,Z001023243329.pdf,FACTURA,EXISTING_GROUND_TRUTH,FACTURA,,FACTURA,FACTURA_TITLE_ONLY,FACTURA,FACTURA_TITLE_ONLY_STRONG_POSITIONAL,True,True,True,FACTURA Ng 00007-00001955,EXPLICIT_IDENTIFIER_SAME_LINE
2DE59A9D326B610580C5CD2FD4DB06C2676F42330654893AE8C8450A6D4D4A34,Z001023242964.pdf,FACTURA,QR_ARCA_STRONG,FACTURA,FACTURA,FACTURA,QR_ARCA_VALID_FACTURA,FACTURA,QR_ARCA_VALID_FACTURA,True,False,,,NOT_APPLICABLE
2E2889EBA992FF88C5260B76B01933BFBA0AA678BD94B8970181748B220ED2C5,Z001023266226.pdf,FACTURA,QR_ARCA_STRONG,FACTURA,FACTURA,FACTURA,QR_ARCA_VALID_FACTURA,FACTURA,QR_ARCA_VALID_FACTURA,True,False,,,NOT_APPLICABLE
2EC76160DBDDCC45143BCA711E6203A7CB1D3F4A5AAED7C76887E33703D671DD,Z001023423296.pdf,FACTURA,QR_ARCA_STRONG,FACTURA,FACTURA,FACTURA,QR_ARCA_VALID_FACTURA,FACTURA,QR_ARCA_VALID_FACTURA,True,False,,,NOT_APPLICABLE
2F1D5E06F79A2F76079B037BAE6E3568CA2A2D1D4067A73E128B063D1695C71F,Z001023242375.pdf,FACTURA,QR_ARCA_STRONG,FACTURA,FACTURA,FACTURA,QR_ARCA_VALID_FACTURA,FACTURA,QR_ARCA_VALID_FACTURA,True,False,,,NOT_APPLICABLE
2FCC1BD1A06E86082D591E36E506D1FA40D760EFC1B21FE4C217B4E322C6C14A,Z001023242334.pdf,FACTURA,QR_ARCA_STRONG,FACTURA,FACTURA,FACTURA,QR_ARCA_VALID_FACTURA,FACTURA,QR_ARCA_VALID_FACTURA,True,False,,,NOT_APPLICABLE
305D8D5FCDD8153B4D7860ABD3DA30A0DEEB2A5FE84A9E26D4CD34F6D700C59D,Z001023305801.pdf,OTRO_DOCUMENTO,QR_ARCA_STRONG,NOTA_CREDITO|FACTURA,OTRO_DOCUMENTO,OTRO_DOCUMENTO,QR_ARCA_VALID_OTHER,OTRO_DOCUMENTO,QR_ARCA_VALID_OTHER,True,False,,,NOT_APPLICABLE
3076FFDD9F418AFDD5B31CC18B36AE05E9490A0F72498EE2BFBCD31D7E64BFA2,Z001023338059.pdf,FACTURA,QR_ARCA_STRONG,FACTURA,FACTURA,FACTURA,QR_ARCA_VALID_FACTURA,FACTURA,QR_ARCA_VALID_FACTURA,True,False,,,NOT_APPLICABLE
3092DDF93D9023B2543787913A5DDCC17FC96A0ED1BF136611598370CF62B700,Z001023397600.pdf,FACTURA,QR_ARCA_STRONG,FACTURA,FACTURA,FACTURA,QR_ARCA_VALID_FACTURA,FACTURA,QR_ARCA_VALID_FACTURA,True,False,,,NOT_APPLICABLE
31371F0EA09BFB13ECAECD39B9C36CF70E4662CB0E31F2ABE26B8E74402003F5,Z001023242951.pdf,OTRO_DOCUMENTO,EXISTING_GROUND_TRUTH,FACTURA,,FACTURA,FACTURA_TITLE_ONLY,,NO_DECISION_SECONDARY_FACTURA,,True,False,"Asunto: RV: RV: FACTURA ALQUILER MES 1, E 10662 + NC",SECONDARY_MENTION_MARKER
31DE1A416B6D580B5D1165E5D6C5C466715632F4D72D78BC2E8810AB73DE5B28,Z001023350943.pdf,FACTURA,QR_ARCA_STRONG,FACTURA,FACTURA,FACTURA,QR_ARCA_VALID_FACTURA,FACTURA,QR_ARCA_VALID_FACTURA,True,False,,,NOT_APPLICABLE
322C40B36550B0F7D0049DA637513996B1C31F8F06C0B448E9EC872F4E972F4B,Z001023243737.pdf,OTRO_DOCUMENTO,QR_ARCA_STRONG,NOTA_CREDITO|FACTURA,OTRO_DOCUMENTO,OTRO_DOCUMENTO,QR_ARCA_VALID_OTHER,OTRO_DOCUMENTO,QR_ARCA_VALID_OTHER,True,False,,,NOT_APPLICABLE
333380C9957CC6E9E6EFC42F22BF224DEA5755070076AA639597896B6E673B17,Z001023454949.pdf,FACTURA,QR_ARCA_STRONG,FACTURA,FACTURA,FACTURA,QR_ARCA_VALID_FACTURA,FACTURA,QR_ARCA_VALID_FACTURA,True,False,,,NOT_APPLICABLE
335AC770519EAE163C5134E2EA131117E2C33595801C0E539D09D931C4DA240B,Z001023242354.pdf,FACTURA,QR_ARCA_STRONG,FACTURA,FACTURA,FACTURA,QR_ARCA_VALID_FACTURA,FACTURA,QR_ARCA_VALID_FACTURA,True,False,,,NOT_APPLICABLE
33B95FDA5CDFC4BE5204888C87AB45239DEC0AC1ACB2370964305CE0F768245E,Z001023243395.pdf,FACTURA,QR_ARCA_STRONG,FACTURA,FACTURA,FACTURA,QR_ARCA_VALID_FACTURA,FACTURA,QR_ARCA_VALID_FACTURA,True,False,,,NOT_APPLICABLE
33D3388971240E38AD8A89602AF4B8B11EBBC2272E6FDAAE1E437F7FE7260AAE,Z001023466188.pdf,FACTURA,QR_ARCA_STRONG,FACTURA,FACTURA,FACTURA,QR_ARCA_VALID_FACTURA,FACTURA,QR_ARCA_VALID_FACTURA,True,False,,,NOT_APPLICABLE
340AB65A0BFC66875EFA6C40EA968ED8EBF7B7E2A131262BAA9E97DFC5959B4D,Z001023398412.pdf,FACTURA,QR_ARCA_STRONG,FACTURA,FACTURA,FACTURA,QR_ARCA_VALID_FACTURA,FACTURA,QR_ARCA_VALID_FACTURA,True,False,,,NOT_APPLICABLE
3448DCF88F6900E8366CA08BF8BAA0692AD6BEF3F82076ADD95F8FE4947A4B0F,Z001023455692.pdf,FACTURA,QR_ARCA_STRONG,FACTURA,FACTURA,FACTURA,QR_ARCA_VALID_FACTURA,FACTURA,QR_ARCA_VALID_FACTURA,True,False,,,NOT_APPLICABLE
34E7190B10DE1060A821BA5B262D16CF469116C53FAA10A487AE71EDA02DE220,Z001023243373.pdf,FACTURA,EXISTING_GROUND_TRUTH,FACTURA,,FACTURA,FACTURA_TITLE_ONLY,FACTURA,FACTURA_TITLE_ONLY_STRONG_POSITIONAL,True,True,True,Original Factura,TITLE_LINE_WITH_ADJACENT_ID
350F46F213C2653AB83900D15401209105B5455FBAB65315DC8B591F08CE62F2,Z001023410663.pdf,OTRO_DOCUMENTO,QR_ARCA_STRONG,RECIBO|FACTURA,OTRO_DOCUMENTO,OTRO_DOCUMENTO,QR_ARCA_VALID_OTHER,OTRO_DOCUMENTO,QR_ARCA_VALID_OTHER,True,False,,,NOT_APPLICABLE
352F66BC7CF9951C2F9DE69F925334DF9B874980F691D7F45A7C24936BFE7846,Z001023283787.pdf,FACTURA,QR_ARCA_STRONG,FACTURA,FACTURA,FACTURA,QR_ARCA_VALID_FACTURA,FACTURA,QR_ARCA_VALID_FACTURA,True,False,,,NOT_APPLICABLE
35709A9FA1B5566E20EBF278560F71587E0A106C380B5A0F94F2EE91C79F8222,Z001023422472.pdf,FACTURA,QR_ARCA_STRONG,FACTURA,FACTURA,FACTURA,QR_ARCA_VALID_FACTURA,FACTURA,QR_ARCA_VALID_FACTURA,True,False,,,NOT_APPLICABLE
3587E6AB03170DE4C4D020438261A603650DFBE85C168F60E09D5A73ECF0F860,Z001023321110.pdf,FACTURA,QR_ARCA_STRONG,FACTURA,FACTURA,FACTURA,QR_ARCA_VALID_FACTURA,FACTURA,QR_ARCA_VALID_FACTURA,True,False,,,NOT_APPLICABLE
35C4773BC9C8FC1DC8FA1507AFA0AEB06432146BB6BB557477A44D04C123B6E5,Z001023243442.pdf,FACTURA,QR_ARCA_STRONG,FACTURA,FACTURA,FACTURA,QR_ARCA_VALID_FACTURA,FACTURA,QR_ARCA_VALID_FACTURA,True,False,,,NOT_APPLICABLE
365F308C8134893FC72DF386F207A96FDD371F37EC3055A5CF23B5198C24A70B,Z001023243750.pdf,FACTURA,QR_ARCA_STRONG,FACTURA,FACTURA,FACTURA,QR_ARCA_VALID_FACTURA,FACTURA,QR_ARCA_VALID_FACTURA,True,False,,,NOT_APPLICABLE
36FC5A7B06DEF71BCE1C253544E436268CDF471309A124CAAFA87525DC567967,Z001023306655.pdf,FACTURA,QR_ARCA_STRONG,FACTURA,FACTURA,FACTURA,QR_ARCA_VALID_FACTURA,FACTURA,QR_ARCA_VALID_FACTURA,True,False,,,NOT_APPLICABLE
37346AA5BE6C72C4AC91E827A627194B4DE69914C851502B5823969191488907,Z001023266920.pdf,FACTURA,QR_ARCA_STRONG,FACTURA,FACTURA,FACTURA,QR_ARCA_VALID_FACTURA,FACTURA,QR_ARCA_VALID_FACTURA,True,False,,,NOT_APPLICABLE
3765EF04A08EF343D7BA682872B73AB2DCF411C869827A9BD7424C24F97843AD,Z001023243387.pdf,FACTURA,QR_ARCA_STRONG,FACTURA,FACTURA,FACTURA,QR_ARCA_VALID_FACTURA,FACTURA,QR_ARCA_VALID_FACTURA,True,False,,,NOT_APPLICABLE
37A6D0A94246F3409B849117E8EBB1FB5C8C646076FAB878C3986C916D78CA50,Z001023305800.pdf,FACTURA,QR_ARCA_STRONG,FACTURA,FACTURA,FACTURA,QR_ARCA_VALID_FACTURA,FACTURA,QR_ARCA_VALID_FACTURA,True,False,,,NOT_APPLICABLE
37B68E63F23B331B7585BD74DD85DD8ABF5122A348AA2F7F0EF539B332FFC54F,Z001023321412.pdf,FACTURA,QR_ARCA_STRONG,FACTURA,FACTURA,FACTURA,QR_ARCA_VALID_FACTURA,FACTURA,QR_ARCA_VALID_FACTURA,True,False,,,NOT_APPLICABLE
382662294B57C459DB9F1231FE0503A77176D130F8EA1BFB709132C3115F1A49,Z001023243380.pdf,OTRO_DOCUMENTO,EXISTING_GROUND_TRUTH,RECIBO|FACTURA,OTRO_DOCUMENTO,OTRO_DOCUMENTO,QR_ARCA_VALID_OTHER,OTRO_DOCUMENTO,QR_ARCA_VALID_OTHER,True,False,,,NOT_APPLICABLE
3834409B59C9A290C26E9267C39A01D27D92856349DB019AB59C7BCAFDA3B75C,Z001023422112.pdf,FACTURA,QR_ARCA_STRONG,FACTURA,FACTURA,FACTURA,QR_ARCA_VALID_FACTURA,FACTURA,QR_ARCA_VALID_FACTURA,True,False,,,NOT_APPLICABLE
383DE8754A9EBB07BD9EB72DB9800FFB5803C8E11BFB3BC0AAEB9C79AE193FD8,Z001023351330.pdf,FACTURA,QR_ARCA_STRONG,FACTURA,FACTURA|FACTURA,FACTURA,QR_ARCA_VALID_FACTURA,FACTURA,QR_ARCA_VALID_FACTURA,True,False,,,NOT_APPLICABLE
3959DC8DDC555027B604CAB5E54E1D05BE4D0005114FC1D9D1A12DF5024BE8FA,Z001023242875.pdf,FACTURA,QR_ARCA_STRONG,FACTURA,FACTURA,FACTURA,QR_ARCA_VALID_FACTURA,FACTURA,QR_ARCA_VALID_FACTURA,True,False,,,NOT_APPLICABLE
39882040989893FF1C7A809346D4085D7C4150C416ED632837EFB63E8EF1280C,Z001023338086.pdf,FACTURA,QR_ARCA_STRONG,FACTURA,FACTURA,FACTURA,QR_ARCA_VALID_FACTURA,FACTURA,QR_ARCA_VALID_FACTURA,True,False,,,NOT_APPLICABLE
39F2792EB6ADB7A6A42E6D59FB9CF99DC6F5782A4E2CB744BB0A4DDAEB38AF34,Z001023268127.pdf,FACTURA,QR_ARCA_STRONG,FACTURA,FACTURA,FACTURA,QR_ARCA_VALID_FACTURA,FACTURA,QR_ARCA_VALID_FACTURA,True,False,,,NOT_APPLICABLE
3A147E84D72EF85CE47639B6899772447FB32853AD73E6A2F0CC1740A4A50A77,Z001023321169.pdf,FACTURA,QR_ARCA_STRONG,FACTURA,FACTURA,FACTURA,QR_ARCA_VALID_FACTURA,FACTURA,QR_ARCA_VALID_FACTURA,True,False,,,NOT_APPLICABLE
3A35BCF0925F1C86CC9EB96CBFEE45AA41D851EF05409D6911769B904C4687EA,Z001023386053.pdf,FACTURA,QR_ARCA_STRONG,FACTURA,FACTURA,FACTURA,QR_ARCA_VALID_FACTURA,FACTURA,QR_ARCA_VALID_FACTURA,True,False,,,NOT_APPLICABLE
3AFB2CE63233BD208F616BCA0151C49963AEBE6E6790383E5EDDE99C80320D70,Z001023467449.pdf,FACTURA,QR_ARCA_STRONG,FACTURA,FACTURA,FACTURA,QR_ARCA_VALID_FACTURA,FACTURA,QR_ARCA_VALID_FACTURA,True,False,,,NOT_APPLICABLE
3B09513F4698AB526157E3D33D6A791550FE255BF5C0DF6E5571073411B71FEA,Z001023306230.pdf,FACTURA,QR_ARCA_STRONG,FACTURA,FACTURA,FACTURA,QR_ARCA_VALID_FACTURA,FACTURA,QR_ARCA_VALID_FACTURA,True,False,,,NOT_APPLICABLE
3B3B2B7D2CD031EE37963465FA692B212B53D70F89D1BF8E20ACA17B0730AC3C,Z001023267411.pdf,FACTURA,QR_ARCA_STRONG,FACTURA,FACTURA,FACTURA,QR_ARCA_VALID_FACTURA,FACTURA,QR_ARCA_VALID_FACTURA,True,False,,,NOT_APPLICABLE
3B53A04C13E5943D49C91233DD964AC2F017008C05D24D029268E5512BE9386E,Z001023386152.pdf,FACTURA,QR_ARCA_STRONG,FACTURA,FACTURA,FACTURA,QR_ARCA_VALID_FACTURA,FACTURA,QR_ARCA_VALID_FACTURA,True,False,,,NOT_APPLICABLE
3B65E6820366B3DBEB321D2413EE1065ED029B71CE30AB20093BAA8A2659EF02,Z001023386125.pdf,FACTURA,QR_ARCA_STRONG,FACTURA,FACTURA,FACTURA,QR_ARCA_VALID_FACTURA,FACTURA,QR_ARCA_VALID_FACTURA,True,False,,,NOT_APPLICABLE
3B82523C9A34012625F167EC918A7783E68F2BB4FA49BBDEED22E45066038496,Z001023351277.pdf,FACTURA,QR_ARCA_STRONG,FACTURA,FACTURA,FACTURA,QR_ARCA_VALID_FACTURA,FACTURA,QR_ARCA_VALID_FACTURA,True,False,,,NOT_APPLICABLE
3B860B6593D1AEBC8F03506526A6AE696D13B315A1D192D7A0F847BFA42B4968,Z001023422394.pdf,FACTURA,QR_ARCA_STRONG,FACTURA,FACTURA,FACTURA,QR_ARCA_VALID_FACTURA,FACTURA,QR_ARCA_VALID_FACTURA,True,False,,,NOT_APPLICABLE
3BA58BA10753F4E30A6CAF83DFE35249D2FBB5E80A9693D275BD1432780CE2C6,Z001023306136.pdf,FACTURA,QR_ARCA_STRONG,FACTURA,FACTURA|FACTURA,FACTURA,QR_ARCA_VALID_FACTURA,FACTURA,QR_ARCA_VALID_FACTURA,True,False,,,NOT_APPLICABLE
3BDB07DE2B4E3291CF884D0419933E905F79C6308B832D1062A765F933BE2EA4,Z001023243748.pdf,FACTURA,QR_ARCA_STRONG,FACTURA,FACTURA,FACTURA,QR_ARCA_VALID_FACTURA,FACTURA,QR_ARCA_VALID_FACTURA,True,False,,,NOT_APPLICABLE
3C07D634D9BF89F4C150A24582F2B4DCD64DD5167C90EEC00F74F9C1FEB0C46E,Z001023266256.pdf,FACTURA,QR_ARCA_STRONG,FACTURA,FACTURA,FACTURA,QR_ARCA_VALID_FACTURA,FACTURA,QR_ARCA_VALID_FACTURA,True,False,,,NOT_APPLICABLE
3C08823B6BEB2AC058AE85C93E20880C1789256E78F5819F739BEFBEF32C12B1,Z001023242611.pdf,FACTURA,QR_ARCA_STRONG,FACTURA,FACTURA,FACTURA,QR_ARCA_VALID_FACTURA,FACTURA,QR_ARCA_VALID_FACTURA,True,False,,,NOT_APPLICABLE
3C35B4CCA59C5BC90D41F89C5C8464342B8B3192AD97B1FC02C931F095D37EFD,Z001023336348.pdf,FACTURA,QR_ARCA_STRONG,FACTURA,FACTURA|FACTURA,FACTURA,QR_ARCA_VALID_FACTURA,FACTURA,QR_ARCA_VALID_FACTURA,True,False,,,NOT_APPLICABLE
3CB56665C03B7DBEE10612C491C06940310FA1CAA12F5E60EB11EC8FDBFB658C,Z001023306242.pdf,FACTURA,QR_ARCA_STRONG,FACTURA,FACTURA,FACTURA,QR_ARCA_VALID_FACTURA,FACTURA,QR_ARCA_VALID_FACTURA,True,False,,,NOT_APPLICABLE
3D2DBD1657682F7701E357F8C218517A65EE1FED40AAE6FE5EC49B2E9E354580,Z001023338053.pdf,FACTURA,QR_ARCA_STRONG,FACTURA,FACTURA,FACTURA,QR_ARCA_VALID_FACTURA,FACTURA,QR_ARCA_VALID_FACTURA,True,False,,,NOT_APPLICABLE
3DA116906DC6BF9DEEA58E0EF033210A4FB68DE535200F99EADFA702389249A7,Z001023306106.pdf,FACTURA,QR_ARCA_STRONG,FACTURA,FACTURA,FACTURA,QR_ARCA_VALID_FACTURA,FACTURA,QR_ARCA_VALID_FACTURA,True,False,,,NOT_APPLICABLE
3DF571E507FAC34246B4923D4E478BE27704DB6E0C6AB2398DB4715F69FC104F,Z001023305842.pdf,OTRO_DOCUMENTO,QR_ARCA_STRONG,NOTA_CREDITO|FACTURA,OTRO_DOCUMENTO,OTRO_DOCUMENTO,QR_ARCA_VALID_OTHER,OTRO_DOCUMENTO,QR_ARCA_VALID_OTHER,True,False,,,NOT_APPLICABLE
3E45522CFD9F62F767CE2150A4069F6390FBC22546B2B001FED1E107889FA8CB,Z001023305798.pdf,FACTURA,QR_ARCA_STRONG,FACTURA,FACTURA,FACTURA,QR_ARCA_VALID_FACTURA,FACTURA,QR_ARCA_VALID_FACTURA,True,False,,,NOT_APPLICABLE
3EA186C4B49837C7FB05EAE4437DC86DC30D1BE2F504C0427A8587CEB8991904,Z001023384939.pdf,FACTURA,QR_ARCA_STRONG,FACTURA,FACTURA,FACTURA,QR_ARCA_VALID_FACTURA,FACTURA,QR_ARCA_VALID_FACTURA,True,False,,,NOT_APPLICABLE
3EDF480C2549EFD6E0CBDB20BB4FC494A704DF9543460AAB84AB099C33CA0448,Z001023268044.pdf,FACTURA,QR_ARCA_STRONG,FACTURA,FACTURA,FACTURA,QR_ARCA_VALID_FACTURA,FACTURA,QR_ARCA_VALID_FACTURA,True,False,,,NOT_APPLICABLE
3F9FB559E8BC9E77AAB8CF090FBF8AC35299259BD3975DA5622A81A7D7363730,Z001023306132.pdf,FACTURA,QR_ARCA_STRONG,FACTURA,FACTURA,FACTURA,QR_ARCA_VALID_FACTURA,FACTURA,QR_ARCA_VALID_FACTURA,True,False,,,NOT_APPLICABLE
406AE65863FEC4A143382804B7C8C481DE608DB940FC7E9F7AB2621871E20521,Z001023337181.pdf,FACTURA,QR_ARCA_STRONG,FACTURA,FACTURA|FACTURA,FACTURA,QR_ARCA_VALID_FACTURA,FACTURA,QR_ARCA_VALID_FACTURA,True,False,,,NOT_APPLICABLE
40782E90EF062F83204C5F8DCD8019913D1EC2F33C93E0ADD4045BF47433CA0B,Z001023266242.pdf,FACTURA,QR_ARCA_STRONG,FACTURA,FACTURA,FACTURA,QR_ARCA_VALID_FACTURA,FACTURA,QR_ARCA_VALID_FACTURA,True,False,,,NOT_APPLICABLE
4114622761D0BA0DED1DB98E3DA95F415FE0A9C428C97655033FA79F7972DDCB,Z001023423309.pdf,FACTURA,QR_ARCA_STRONG,FACTURA,FACTURA,FACTURA,QR_ARCA_VALID_FACTURA,FACTURA,QR_ARCA_VALID_FACTURA,True,False,,,NOT_APPLICABLE
4163E743E2FA7C2CD9859CCDD46B04043AFBB1E94B572FD1C70445335FD25920,Z001023398661.pdf,FACTURA,QR_ARCA_STRONG,FACTURA,FACTURA,FACTURA,QR_ARCA_VALID_FACTURA,FACTURA,QR_ARCA_VALID_FACTURA,True,False,,,NOT_APPLICABLE
41E235FFF0768A0E226B7442B231B9E3EDF721785B5DCBD3E02D90CE677EE006,Z001023242821.pdf,FACTURA,QR_ARCA_STRONG,FACTURA,FACTURA,FACTURA,QR_ARCA_VALID_FACTURA,FACTURA,QR_ARCA_VALID_FACTURA,True,False,,,NOT_APPLICABLE
41FA873A1F07397324194D528955075ABA1D624A6B9FC0141D8DF96C9FDC382B,Z001023410769.pdf,OTRO_DOCUMENTO,QR_ARCA_STRONG,NOTA_CREDITO|FACTURA,OTRO_DOCUMENTO,OTRO_DOCUMENTO,QR_ARCA_VALID_OTHER,OTRO_DOCUMENTO,QR_ARCA_VALID_OTHER,True,False,,,NOT_APPLICABLE
422D3FAB3F85F96C2E7A80FE31CFC85F8877D9E4AE6EACF7CF0AB95390D04131,Z001023267264.pdf,FACTURA,QR_ARCA_STRONG,FACTURA,FACTURA,FACTURA,QR_ARCA_VALID_FACTURA,FACTURA,QR_ARCA_VALID_FACTURA,True,False,,,NOT_APPLICABLE
426CABFB27B1E9DC7B0AAF9A744E25706C9B8777EBED5BD036FD1595F45510A4,Z001023397759.pdf,FACTURA,QR_ARCA_STRONG,FACTURA,FACTURA,FACTURA,QR_ARCA_VALID_FACTURA,FACTURA,QR_ARCA_VALID_FACTURA,True,False,,,NOT_APPLICABLE
431F56F328D7ACC22FCD92975A61219F35A2F545F85FC5B895F1039D6429E614,Z001023242400.pdf,FACTURA,QR_ARCA_STRONG,FACTURA,FACTURA,FACTURA,QR_ARCA_VALID_FACTURA,FACTURA,QR_ARCA_VALID_FACTURA,True,False,,,NOT_APPLICABLE
43793A2A180FDCA5D268FAC15C65C7B3B8E880217A1116A449C2CD24AFBAC2A6,Z001023242378.pdf,OTRO_DOCUMENTO,QR_ARCA_STRONG,NOTA_CREDITO|FACTURA,OTRO_DOCUMENTO,OTRO_DOCUMENTO,QR_ARCA_VALID_OTHER,OTRO_DOCUMENTO,QR_ARCA_VALID_OTHER,True,False,,,NOT_APPLICABLE
439833AEF8D7B0259CAF9B303A64725314A132FE233FCA975B85432811D08B16,Z001023242294.pdf,FACTURA,QR_ARCA_STRONG,FACTURA,FACTURA,FACTURA,QR_ARCA_VALID_FACTURA,FACTURA,QR_ARCA_VALID_FACTURA,True,False,,,NOT_APPLICABLE
439A22F01718067EC1EB41D23A7F8DE0A5E4BC6EA6046C74A2E669B49046FFB8,Z001023267809.pdf,FACTURA,QR_ARCA_STRONG,FACTURA,FACTURA,FACTURA,QR_ARCA_VALID_FACTURA,FACTURA,QR_ARCA_VALID_FACTURA,True,False,,,NOT_APPLICABLE
43D5262E76B0F6F8E069233F95062256C5EA6BAF3EF70575CCC77136CB1AFC7E,Z001023243425.pdf,FACTURA,QR_ARCA_STRONG,FACTURA,FACTURA,FACTURA,QR_ARCA_VALID_FACTURA,FACTURA,QR_ARCA_VALID_FACTURA,True,False,,,NOT_APPLICABLE
4424511569822AF5CA87C141E0D96E7F6D9B120538996A44895E5460458AA89F,Z001023243398.pdf,FACTURA,QR_ARCA_STRONG,FACTURA,FACTURA,FACTURA,QR_ARCA_VALID_FACTURA,FACTURA,QR_ARCA_VALID_FACTURA,True,False,,,NOT_APPLICABLE
445F236D5DF1DB523BE024A9361FA86082D6C7786733EF929A486998AF69D014,Z001023465959.pdf,FACTURA,QR_ARCA_STRONG,FACTURA,FACTURA,FACTURA,QR_ARCA_VALID_FACTURA,FACTURA,QR_ARCA_VALID_FACTURA,True,False,,,NOT_APPLICABLE
446E0501DAAA8C0D2C03D8A2264B06451F4B3EFA0B5D3E22D20EB5C0FA84A76F,Z001023466678.pdf,OTRO_DOCUMENTO,QR_ARCA_STRONG,NOTA_CREDITO|FACTURA,OTRO_DOCUMENTO,OTRO_DOCUMENTO,QR_ARCA_VALID_OTHER,OTRO_DOCUMENTO,QR_ARCA_VALID_OTHER,True,False,,,NOT_APPLICABLE
4495EDC17CFD460834C0F842FC7760393B774EEC257B27E818B723920946EEEC,Z001023243735.pdf,FACTURA,QR_ARCA_STRONG,FACTURA,FACTURA,FACTURA,QR_ARCA_VALID_FACTURA,FACTURA,QR_ARCA_VALID_FACTURA,True,False,,,NOT_APPLICABLE
44D17B670732D2F7908D719E8A43E71C8BC82036A0AD5F5FD8D8E31BF74A3FC7,Z001023454351.pdf,FACTURA,QR_ARCA_STRONG,FACTURA,FACTURA,FACTURA,QR_ARCA_VALID_FACTURA,FACTURA,QR_ARCA_VALID_FACTURA,True,False,,,NOT_APPLICABLE
44E978F3140D99BF9D6186C62C891C79B97EED06DBC095CFB155D1D22F8457F6,Z001023435321.pdf,FACTURA,QR_ARCA_STRONG,FACTURA,FACTURA,FACTURA,QR_ARCA_VALID_FACTURA,FACTURA,QR_ARCA_VALID_FACTURA,True,False,,,NOT_APPLICABLE
45423B64B6534B7466BB3D12871E57950B3423157843BC88BACA040D2E333D3B,Z001023268125.pdf,OTRO_DOCUMENTO,QR_ARCA_STRONG,NOTA_CREDITO|FACTURA,OTRO_DOCUMENTO|OTRO_DOCUMENTO,OTRO_DOCUMENTO,QR_ARCA_VALID_OTHER,OTRO_DOCUMENTO,QR_ARCA_VALID_OTHER,True,False,,,NOT_APPLICABLE
45E4B1C971479A31B8A3E5151E675BCD49996D24091AFA0D6D903D28AE654029,Z001023454912.pdf,FACTURA,QR_ARCA_STRONG,FACTURA,FACTURA,FACTURA,QR_ARCA_VALID_FACTURA,FACTURA,QR_ARCA_VALID_FACTURA,True,False,,,NOT_APPLICABLE
46CE690F15C5A52306BE1F63A48314E43D723A15C7BB79E6878B021D377AACB7,Z001023351256.pdf,OTRO_DOCUMENTO,QR_ARCA_STRONG,NOTA_DEBITO,OTRO_DOCUMENTO,OTRO_DOCUMENTO,QR_ARCA_VALID_OTHER,OTRO_DOCUMENTO,QR_ARCA_VALID_OTHER,True,False,,,NOT_APPLICABLE
47202F7EA9AE6CCBE1449B55CA382D690A7F3BF48D0AF7E829BCD0D8522F4004,Z001023423280.pdf,OTRO_DOCUMENTO,QR_ARCA_STRONG,NOTA_DEBITO|FACTURA,OTRO_DOCUMENTO,OTRO_DOCUMENTO,QR_ARCA_VALID_OTHER,OTRO_DOCUMENTO,QR_ARCA_VALID_OTHER,True,False,,,NOT_APPLICABLE
4748FFCF51EE67AB048FD8858D1D91BD50E1047375DD4FA884E05A31A825D374,Z001023397915.pdf,FACTURA,QR_ARCA_STRONG,FACTURA,FACTURA,FACTURA,QR_ARCA_VALID_FACTURA,FACTURA,QR_ARCA_VALID_FACTURA,True,False,,,NOT_APPLICABLE
47F56B680B5D8A38CEB3CDFA360FE52E05E0A1F3F6510B207D4043F3E0C0EB37,Z001023267250.pdf,FACTURA,QR_ARCA_STRONG,,FACTURA,FACTURA,QR_ARCA_VALID_FACTURA,FACTURA,QR_ARCA_VALID_FACTURA,True,False,,,NOT_APPLICABLE
487BE95CE2B74C076DB9B750906366F1BA20735F5EBD37547F018951FD75A2F6,Z001023384943.pdf,FACTURA,QR_ARCA_STRONG,FACTURA,FACTURA,FACTURA,QR_ARCA_VALID_FACTURA,FACTURA,QR_ARCA_VALID_FACTURA,True,False,,,NOT_APPLICABLE
48A15CDA72B11D1EEFEA64DC1FD8E662BE4B281ED8292B1DD2AC9FE31A601F59,Z001023242293.pdf,FACTURA,QR_ARCA_STRONG,FACTURA,FACTURA,FACTURA,QR_ARCA_VALID_FACTURA,FACTURA,QR_ARCA_VALID_FACTURA,True,False,,,NOT_APPLICABLE
48CAE4F75B61624432A182135E7A304CE3D8308B2CA21033E0327368290C07D6,Z001023243459.pdf,FACTURA,QR_ARCA_STRONG,FACTURA,FACTURA,FACTURA,QR_ARCA_VALID_FACTURA,FACTURA,QR_ARCA_VALID_FACTURA,True,False,,,NOT_APPLICABLE
4930E9734A794BC4F0752CC3CEAEF60D72C0E1DDEDB23DFDC766CC02FE89712D,Z001023306240.pdf,FACTURA,QR_ARCA_STRONG,FACTURA,FACTURA,FACTURA,QR_ARCA_VALID_FACTURA,FACTURA,QR_ARCA_VALID_FACTURA,True,False,,,NOT_APPLICABLE
4948D0FA0F95989E86BF9A7946E176DB7A1C64E48302AE1125CAAF7C09B9BC44,Z001023267211.pdf,FACTURA,QR_ARCA_STRONG,FACTURA,FACTURA|FACTURA,FACTURA,QR_ARCA_VALID_FACTURA,FACTURA,QR_ARCA_VALID_FACTURA,True,False,,,NOT_APPLICABLE
49AAE2D8D5826364B7C42B76AC987D080A47C6BDA17C7F7B32E6233FF452180F,Z001023267367.pdf,OTRO_DOCUMENTO,QR_ARCA_STRONG,RECIBO|FACTURA,OTRO_DOCUMENTO,OTRO_DOCUMENTO,QR_ARCA_VALID_OTHER,OTRO_DOCUMENTO,QR_ARCA_VALID_OTHER,True,False,,,NOT_APPLICABLE
49ECAF7C70EC6A54728D8C4A2DC9FFD424F1690EC375E1F99838F91077835313,Z001023338072.pdf,FACTURA,QR_ARCA_STRONG,FACTURA,FACTURA,FACTURA,QR_ARCA_VALID_FACTURA,FACTURA,QR_ARCA_VALID_FACTURA,True,False,,,NOT_APPLICABLE
49FDA5198B54793806B0C74BE9E1E67D17DBE8E5D8627FC67439E4122958A15C,Z001023398764.pdf,FACTURA,QR_ARCA_STRONG,FACTURA,FACTURA,FACTURA,QR_ARCA_VALID_FACTURA,FACTURA,QR_ARCA_VALID_FACTURA,True,False,,,NOT_APPLICABLE
4A0FDE3116124B33DEE99C856BDE9A889F4BE8AB9833A0DE27F16AD629C34A57,Z001023306236.pdf,FACTURA,QR_ARCA_STRONG,FACTURA,FACTURA,FACTURA,QR_ARCA_VALID_FACTURA,FACTURA,QR_ARCA_VALID_FACTURA,True,False,,,NOT_APPLICABLE
4A5384DEF4B19CB130CAE73EA2EEAB8F4AC68E5D1E82DA366E613C6883BD6012,Z001023454549.pdf,FACTURA,QR_ARCA_STRONG,FACTURA,FACTURA,FACTURA,QR_ARCA_VALID_FACTURA,FACTURA,QR_ARCA_VALID_FACTURA,True,False,,,NOT_APPLICABLE
4A5BD76C0378CC13621238F7F2581406BF864B1E74D7AC0119456CCBE7CE5DE1,Z001023398891.pdf,FACTURA,QR_ARCA_STRONG,FACTURA,FACTURA,FACTURA,QR_ARCA_VALID_FACTURA,FACTURA,QR_ARCA_VALID_FACTURA,True,False,,,NOT_APPLICABLE
4AD486E9FF3BB40BAD661248D2947CBC41D0BF02681C772BB88045B83C2DFA65,Z001023385569.pdf,FACTURA,QR_ARCA_STRONG,FACTURA,FACTURA,FACTURA,QR_ARCA_VALID_FACTURA,FACTURA,QR_ARCA_VALID_FACTURA,True,False,,,NOT_APPLICABLE
4AF19DD5F7D4C2E6FC2F1935C54AEE6B5C6F4606CB7FE0F736D1EABF6B7D19A2,Z001023384944.pdf,FACTURA,QR_ARCA_STRONG,FACTURA,FACTURA,FACTURA,QR_ARCA_VALID_FACTURA,FACTURA,QR_ARCA_VALID_FACTURA,True,False,,,NOT_APPLICABLE
4B94E6B110CAB58547EB45BF9744C8773EBD6AEFEE79352BA74C4625125534EC,Z001023386124.pdf,OTRO_DOCUMENTO,QR_ARCA_STRONG,NOTA_CREDITO|FACTURA,OTRO_DOCUMENTO,OTRO_DOCUMENTO,QR_ARCA_VALID_OTHER,OTRO_DOCUMENTO,QR_ARCA_VALID_OTHER,True,False,,,NOT_APPLICABLE
4C21DCF733727C85149602A9BB3704223F69CA44B676EB651113B65E0841FA02,Z001023305672.pdf,FACTURA,QR_ARCA_STRONG,FACTURA,FACTURA,FACTURA,QR_ARCA_VALID_FACTURA,FACTURA,QR_ARCA_VALID_FACTURA,True,False,,,NOT_APPLICABLE
4C22FB92DF5A4A145CDC9D5019E57BA5ED4E4827FF694366D6B0944C4318F5AF,Z001023305695.pdf,FACTURA,QR_ARCA_STRONG,FACTURA,FACTURA,FACTURA,QR_ARCA_VALID_FACTURA,FACTURA,QR_ARCA_VALID_FACTURA,True,False,,,NOT_APPLICABLE
4C6685A365CC99C51CBC8FE312A2F0063C627408D4702A1EAC4CEED67A7C4013,Z001023266248.pdf,FACTURA,QR_ARCA_STRONG,FACTURA,FACTURA,FACTURA,QR_ARCA_VALID_FACTURA,FACTURA,QR_ARCA_VALID_FACTURA,True,False,,,NOT_APPLICABLE
4C6BB600F039C52142DBE8128A7FD69A7D65E92612AE30CA9125B97C47207C0E,Z001023306862.pdf,FACTURA,QR_ARCA_STRONG,FACTURA,FACTURA,FACTURA,QR_ARCA_VALID_FACTURA,FACTURA,QR_ARCA_VALID_FACTURA,True,False,,,NOT_APPLICABLE
4CBD8565AB9DE2F036EA68E8FF90D5CB3E21EBCEAC9D7267A7F5B8AC9765BE88,Z001023349852.pdf,FACTURA,QR_ARCA_STRONG,,FACTURA,FACTURA,QR_ARCA_VALID_FACTURA,FACTURA,QR_ARCA_VALID_FACTURA,True,False,,,NOT_APPLICABLE
4CDDDFC9A384C484949A48EFFD1B4BA7D55D2CCE62D6324373F64F972C6E007B,Z001023385498.pdf,FACTURA,QR_ARCA_STRONG,FACTURA,FACTURA,FACTURA,QR_ARCA_VALID_FACTURA,FACTURA,QR_ARCA_VALID_FACTURA,True,False,,,NOT_APPLICABLE
4CF4FCAB242089EAB32F977B4F3B3B28227D177A6D52A8BD5830CF1372B00F7D,Z001023267812.pdf,FACTURA,QR_ARCA_STRONG,FACTURA,FACTURA,FACTURA,QR_ARCA_VALID_FACTURA,FACTURA,QR_ARCA_VALID_FACTURA,True,False,,,NOT_APPLICABLE
4D1F0EACC2E4513F3BE62918FE60325D100DBE5E2351203A9AF9412468D922EF,Z001023284321.pdf,FACTURA,QR_ARCA_STRONG,FACTURA,FACTURA,FACTURA,QR_ARCA_VALID_FACTURA,FACTURA,QR_ARCA_VALID_FACTURA,True,False,,,NOT_APPLICABLE
4E00CF86272C09321C1BB8FE8A44928B3A1ABA1969419EA778A8DBBABD64496B,Z001023366206.pdf,FACTURA,QR_ARCA_STRONG,FACTURA,FACTURA,FACTURA,QR_ARCA_VALID_FACTURA,FACTURA,QR_ARCA_VALID_FACTURA,True,False,,,NOT_APPLICABLE
4E33D7813CA0F52F9DAE7B205F156726A26623776BB62C8AB3469BD927E0CA7A,Z001023266856.pdf,FACTURA,QR_ARCA_STRONG,FACTURA,FACTURA,FACTURA,QR_ARCA_VALID_FACTURA,FACTURA,QR_ARCA_VALID_FACTURA,True,False,,,NOT_APPLICABLE
4E8F4CA3EA141FAB06A975375BF62091FFD9A0454831F126789FA50E5E950074,Z001023284297.pdf,FACTURA,QR_ARCA_STRONG,FACTURA,FACTURA,FACTURA,QR_ARCA_VALID_FACTURA,FACTURA,QR_ARCA_VALID_FACTURA,True,False,,,NOT_APPLICABLE
509D871731148417556D32403084C3A1F025B39F25D1E3576596145B118275F3,Z001023268045.pdf,FACTURA,QR_ARCA_STRONG,FACTURA,FACTURA,FACTURA,QR_ARCA_VALID_FACTURA,FACTURA,QR_ARCA_VALID_FACTURA,True,False,,,NOT_APPLICABLE
50FF892A28001920806C422056CC39971F50196EE55B1B9143DEBB18CEDE61C2,Z001023283865.pdf,FACTURA,QR_ARCA_STRONG,FACTURA,FACTURA,FACTURA,QR_ARCA_VALID_FACTURA,FACTURA,QR_ARCA_VALID_FACTURA,True,False,,,NOT_APPLICABLE
511FE4E1C704287DB9F2E30D584E076198E4B9C85ED275F7724E0FCED6E83331,Z001023367186.pdf,FACTURA,QR_ARCA_STRONG,FACTURA,FACTURA,FACTURA,QR_ARCA_VALID_FACTURA,FACTURA,QR_ARCA_VALID_FACTURA,True,False,,,NOT_APPLICABLE
513C115499B51E28C587938A3051BD1EB0700DDD11B3418FAEB514A153BD217E,Z001023243386.pdf,FACTURA,QR_ARCA_STRONG,FACTURA,FACTURA,FACTURA,QR_ARCA_VALID_FACTURA,FACTURA,QR_ARCA_VALID_FACTURA,True,False,,,NOT_APPLICABLE
51D9CA9CA591270CF71094784E8FB45FB6BB2B3ACC2C64EACDE6BB39C246D4C2,Z001023266249.pdf,FACTURA,QR_ARCA_STRONG,FACTURA,FACTURA,FACTURA,QR_ARCA_VALID_FACTURA,FACTURA,QR_ARCA_VALID_FACTURA,True,False,,,NOT_APPLICABLE
522D785B8861AC8B6E0B665918509ABFC61F4A5A7AD344D29581F3820D969F29,Z001023336321.pdf,OTRO_DOCUMENTO,QR_ARCA_STRONG,NOTA_DEBITO,OTRO_DOCUMENTO,OTRO_DOCUMENTO,QR_ARCA_VALID_OTHER,OTRO_DOCUMENTO,QR_ARCA_VALID_OTHER,True,False,,,NOT_APPLICABLE
5243027656B07B38EBE681545510F2C1F2554AC2E01FE4CE22A9CB9602D8657F,Z001023267829.pdf,FACTURA,QR_ARCA_STRONG,FACTURA,FACTURA,FACTURA,QR_ARCA_VALID_FACTURA,FACTURA,QR_ARCA_VALID_FACTURA,True,False,,,NOT_APPLICABLE
527504906574AF26885EE635E0F36AA979D7FF61B1D8507694DE2CE5B73225F4,Z001023385025.pdf,FACTURA,QR_ARCA_STRONG,FACTURA,FACTURA,FACTURA,QR_ARCA_VALID_FACTURA,FACTURA,QR_ARCA_VALID_FACTURA,True,False,,,NOT_APPLICABLE
52872BDC59D9284A7ACD25662EAC1A3A099D7A1403FF43AF4576EEE6443F77F6,Z001023410766.pdf,FACTURA,QR_ARCA_STRONG,FACTURA,FACTURA,FACTURA,QR_ARCA_VALID_FACTURA,FACTURA,QR_ARCA_VALID_FACTURA,True,False,,,NOT_APPLICABLE
52A88A4DC787DDDBB8F9B392369383B8754539E3CC700CA09CAB17DC9897D3D7,Z001023306559.pdf,FACTURA,QR_ARCA_STRONG,FACTURA,FACTURA,FACTURA,QR_ARCA_VALID_FACTURA,FACTURA,QR_ARCA_VALID_FACTURA,True,False,,,NOT_APPLICABLE
52B6FD2C8B46284ADBC2445204780085D2F07A264912814E6F22687C3A3E9970,Z001023306848.pdf,FACTURA,QR_ARCA_STRONG,FACTURA,FACTURA,FACTURA,QR_ARCA_VALID_FACTURA,FACTURA,QR_ARCA_VALID_FACTURA,True,False,,,NOT_APPLICABLE
52E922C058F9D3030136B8C7C0BB684472A3233AB328DB8701C8122B129FE307,Z001023466257.pdf,FACTURA,QR_ARCA_STRONG,FACTURA,FACTURA,FACTURA,QR_ARCA_VALID_FACTURA,FACTURA,QR_ARCA_VALID_FACTURA,True,False,,,NOT_APPLICABLE
53531D26119A3A91D8160D16D8081238C94A83B00EADEEECB6BED96F35C0D21F,Z001023242890.pdf,FACTURA,EXISTING_GROUND_TRUTH,FACTURA,FACTURA,FACTURA,QR_ARCA_VALID_FACTURA,FACTURA,QR_ARCA_VALID_FACTURA,True,False,,,NOT_APPLICABLE
53CF129FB285C10306585C4D401463DB0CD045CD0DC8A0FF1B487FBBC4A1AFC5,Z001023467670.pdf,OTRO_DOCUMENTO,QR_ARCA_STRONG,NOTA_CREDITO|FACTURA,OTRO_DOCUMENTO,OTRO_DOCUMENTO,QR_ARCA_VALID_OTHER,OTRO_DOCUMENTO,QR_ARCA_VALID_OTHER,True,False,,,NOT_APPLICABLE
53DDEB792AFACFDD0BE1A1741A028A22298BDA5360530D373B25E5FDE3C89917,Z001023454403.pdf,OTRO_DOCUMENTO,QR_ARCA_STRONG,NOTA_DEBITO,OTRO_DOCUMENTO,OTRO_DOCUMENTO,QR_ARCA_VALID_OTHER,OTRO_DOCUMENTO,QR_ARCA_VALID_OTHER,True,False,,,NOT_APPLICABLE
541A58F4E8042C3C1CCB76B0F0B14A9F44981E4F37DFBD98972B297BEDA30B66,Z001023242798.pdf,FACTURA,QR_ARCA_STRONG,FACTURA,FACTURA,FACTURA,QR_ARCA_VALID_FACTURA,FACTURA,QR_ARCA_VALID_FACTURA,True,False,,,NOT_APPLICABLE
54335DE1C0415D17F21265B12222E081CEFA539B242465CBBCFC590F12C0C334,Z001023467492.pdf,FACTURA,QR_ARCA_STRONG,FACTURA,FACTURA,FACTURA,QR_ARCA_VALID_FACTURA,FACTURA,QR_ARCA_VALID_FACTURA,True,False,,,NOT_APPLICABLE
5433BB3791112F1C6C698255943D3E43FBC529FEC610FE1D25FD1D83CD921FC6,Z001023285091.pdf,FACTURA,QR_ARCA_STRONG,FACTURA,FACTURA,FACTURA,QR_ARCA_VALID_FACTURA,FACTURA,QR_ARCA_VALID_FACTURA,True,False,,,NOT_APPLICABLE
54E3FFE9C69EE3CFF94294F12A02B44CAB3EFD54DBDC8CB473F28E912E985C7D,Z001023243733.pdf,FACTURA,QR_ARCA_STRONG,FACTURA,FACTURA,FACTURA,QR_ARCA_VALID_FACTURA,FACTURA,QR_ARCA_VALID_FACTURA,True,False,,,NOT_APPLICABLE
550AC8115D0599DF1B246688659A43EBB82DB908A4C451864D3A422AE1B94790,Z001023242374.pdf,FACTURA,QR_ARCA_STRONG,FACTURA,FACTURA,FACTURA,QR_ARCA_VALID_FACTURA,FACTURA,QR_ARCA_VALID_FACTURA,True,False,,,NOT_APPLICABLE
55169D35B57E1980443FA22E94E71390FAF7180DF7A84AC7CDFE4E5EC917C2D2,Z001023385101.pdf,FACTURA,QR_ARCA_STRONG,FACTURA,FACTURA,FACTURA,QR_ARCA_VALID_FACTURA,FACTURA,QR_ARCA_VALID_FACTURA,True,False,,,NOT_APPLICABLE
553735AC327B5AEBB6523999CF341A27EE0CD319E1E38D7543EDABFD5EF0476A,Z001023410667.pdf,FACTURA,QR_ARCA_STRONG,FACTURA,FACTURA,FACTURA,QR_ARCA_VALID_FACTURA,FACTURA,QR_ARCA_VALID_FACTURA,True,False,,,NOT_APPLICABLE
557A3265646934A29349CB572EF71904CF6A1A226E38B80EBD82882136E4A99F,Z001023267229.pdf,FACTURA,QR_ARCA_STRONG,FACTURA,FACTURA,FACTURA,QR_ARCA_VALID_FACTURA,FACTURA,QR_ARCA_VALID_FACTURA,True,False,,,NOT_APPLICABLE
55D5569A8BE1FDF83DD7C7711B839FA48CCF21B6A44002A592A098ABC4945180,Z001023465960.pdf,FACTURA,QR_ARCA_STRONG,FACTURA,FACTURA,FACTURA,QR_ARCA_VALID_FACTURA,FACTURA,QR_ARCA_VALID_FACTURA,True,False,,,NOT_APPLICABLE
57216966143EA43A85549709469528CA0F2387F937AADF26600682E72558CEB0,Z001023410259.pdf,FACTURA,QR_ARCA_STRONG,FACTURA,FACTURA,FACTURA,QR_ARCA_VALID_FACTURA,FACTURA,QR_ARCA_VALID_FACTURA,True,False,,,NOT_APPLICABLE
5735D4ECD8C02AEE2805F44503136E2C27365A75607716CC0391313DCEB6519E,Z001023268103.pdf,FACTURA,QR_ARCA_STRONG,FACTURA,FACTURA,FACTURA,QR_ARCA_VALID_FACTURA,FACTURA,QR_ARCA_VALID_FACTURA,True,False,,,NOT_APPLICABLE
57D9343D969BD1264FDEFF0D2A252ED028740EE39736F1A41A1D95C9B625C4AE,Z001023422192.pdf,FACTURA,QR_ARCA_STRONG,FACTURA,FACTURA,FACTURA,QR_ARCA_VALID_FACTURA,FACTURA,QR_ARCA_VALID_FACTURA,True,False,,,NOT_APPLICABLE
58D96A8F7E16CD8E10431AF8C3FE63A36D651B973C435C700D50CF0876EB2D6B,Z001023242799.pdf,FACTURA,QR_ARCA_STRONG,FACTURA,FACTURA,FACTURA,QR_ARCA_VALID_FACTURA,FACTURA,QR_ARCA_VALID_FACTURA,True,False,,,NOT_APPLICABLE
58E197A82F3F1F813FF06AB56686D855230F5581C975C33E1CDD744AF7D01857,Z001023305768.pdf,FACTURA,QR_ARCA_STRONG,FACTURA,FACTURA,FACTURA,QR_ARCA_VALID_FACTURA,FACTURA,QR_ARCA_VALID_FACTURA,True,False,,,NOT_APPLICABLE
59B2A30C57B53ADA185312F8F8ED72917A264206DBBAFAE49573F9B816BBC8D9,Z001023336292.pdf,FACTURA,QR_ARCA_STRONG,FACTURA,FACTURA,FACTURA,QR_ARCA_VALID_FACTURA,FACTURA,QR_ARCA_VALID_FACTURA,True,False,,,NOT_APPLICABLE
59E5149E5884455CB217A6C65C53D4E5A3D6A97340789DD88058604355792DD1,Z001023410369.pdf,FACTURA,QR_ARCA_STRONG,FACTURA,FACTURA|FACTURA,FACTURA,QR_ARCA_VALID_FACTURA,FACTURA,QR_ARCA_VALID_FACTURA,True,False,,,NOT_APPLICABLE
5A11426D1D9F011286075EB4996D5698F9C3A9E2265A14EEA45E1EC9EA7EA8D4,Z001023268086.pdf,FACTURA,QR_ARCA_STRONG,FACTURA,FACTURA,FACTURA,QR_ARCA_VALID_FACTURA,FACTURA,QR_ARCA_VALID_FACTURA,True,False,,,NOT_APPLICABLE
5A80048F71A9AE67E7530419E5A4AA5021FAC7D3DB56701B9C690DB21DBE43D3,Z001023305875.pdf,FACTURA,QR_ARCA_STRONG,FACTURA,FACTURA|FACTURA,FACTURA,QR_ARCA_VALID_FACTURA,FACTURA,QR_ARCA_VALID_FACTURA,True,False,,,NOT_APPLICABLE
5B7916DC843BE2C450F86EA33A9B9F45AD1B2BB4F0890A22185D170367C77CD0,Z001023338054.pdf,FACTURA,QR_ARCA_STRONG,FACTURA,FACTURA,FACTURA,QR_ARCA_VALID_FACTURA,FACTURA,QR_ARCA_VALID_FACTURA,True,False,,,NOT_APPLICABLE
5C0E3592C9A130DFF03ACB34C4B59CB3A208BF70116821761D3431A7693BA96D,Z001023305873.pdf,FACTURA,QR_ARCA_STRONG,FACTURA,FACTURA|FACTURA,FACTURA,QR_ARCA_VALID_FACTURA,FACTURA,QR_ARCA_VALID_FACTURA,True,False,,,NOT_APPLICABLE
5C105434BCE555AF94D7792820813C859CA80B3B8E23A6C81783AF6173447BE4,Z001023283759.pdf,FACTURA,QR_ARCA_STRONG,FACTURA,FACTURA,FACTURA,QR_ARCA_VALID_FACTURA,FACTURA,QR_ARCA_VALID_FACTURA,True,False,,,NOT_APPLICABLE
5C30A6686334E5B07A188EBE90969D68F40F82B55970D0671F81743F2080CB2F,Z001023242333.pdf,FACTURA,QR_ARCA_STRONG,FACTURA,FACTURA,FACTURA,QR_ARCA_VALID_FACTURA,FACTURA,QR_ARCA_VALID_FACTURA,True,False,,,NOT_APPLICABLE
5C989274617C576316FD86055671ECCB3D8B40D4A6D022A08CCB7BEDE037C32A,Z001023410763.pdf,FACTURA,QR_ARCA_STRONG,FACTURA,FACTURA,FACTURA,QR_ARCA_VALID_FACTURA,FACTURA,QR_ARCA_VALID_FACTURA,True,False,,,NOT_APPLICABLE
5CD323BE0FA8C7BF7DF56E09EB62B1338AD699ED21F25A09DBA6E646DA452906,Z001023267976.pdf,OTRO_DOCUMENTO,QR_ARCA_STRONG,NOTA_CREDITO|FACTURA,OTRO_DOCUMENTO|OTRO_DOCUMENTO,OTRO_DOCUMENTO,QR_ARCA_VALID_OTHER,OTRO_DOCUMENTO,QR_ARCA_VALID_OTHER,True,False,,,NOT_APPLICABLE
5D0D7F3FAA4ADAB4AD899FAF93004DDD9B9B1E4AC8856E4E46BE7A592FF909C2,Z001023305617.pdf,FACTURA,QR_ARCA_STRONG,FACTURA,FACTURA|FACTURA,FACTURA,QR_ARCA_VALID_FACTURA,FACTURA,QR_ARCA_VALID_FACTURA,True,False,,,NOT_APPLICABLE
5D224861E913AB275EAC0A0EE1005444D3C0A68007538B2C3C2965DDEDE157C2,Z001023243073.pdf,FACTURA,QR_ARCA_STRONG,FACTURA,FACTURA,FACTURA,QR_ARCA_VALID_FACTURA,FACTURA,QR_ARCA_VALID_FACTURA,True,False,,,NOT_APPLICABLE
5DAF08946350F296A06082880FF427EEE8B115DD39BDF5199DD8C0188B76E15D,Z001023267944.pdf,FACTURA,QR_ARCA_STRONG,FACTURA,FACTURA,FACTURA,QR_ARCA_VALID_FACTURA,FACTURA,QR_ARCA_VALID_FACTURA,True,False,,,NOT_APPLICABLE
5DBF71860ACD1EFE7170B783B09DF90415135A82C8C02BA29E1DDBDE98D4D92C,Z001023384938.pdf,FACTURA,QR_ARCA_STRONG,FACTURA,FACTURA,FACTURA,QR_ARCA_VALID_FACTURA,FACTURA,QR_ARCA_VALID_FACTURA,True,False,,,NOT_APPLICABLE
5DE70F354C118DFBDD5368EDEF221DFE5CF7AE6D16C115B9770EA743743E71F8,Z001023266858.pdf,FACTURA,QR_ARCA_STRONG,FACTURA,FACTURA,FACTURA,QR_ARCA_VALID_FACTURA,FACTURA,QR_ARCA_VALID_FACTURA,True,False,,,NOT_APPLICABLE
5E37BAFFEE3158DC48F70E790EFAA998E9CE2904FE56058F75BF845F27357702,Z001023242366.pdf,FACTURA,QR_ARCA_STRONG,FACTURA,FACTURA,FACTURA,QR_ARCA_VALID_FACTURA,FACTURA,QR_ARCA_VALID_FACTURA,True,False,,,NOT_APPLICABLE
5EADB6DE2AB4B5612CCB893D4D6F822DACA8F537DC34198253A2FA45B77AA3B0,Z001023267332.pdf,FACTURA,QR_ARCA_STRONG,FACTURA,FACTURA,FACTURA,QR_ARCA_VALID_FACTURA,FACTURA,QR_ARCA_VALID_FACTURA,True,False,,,NOT_APPLICABLE
5F1C7E2F701520CDB3290752AC7E87FEA8278A7452B488B35E0FE82B539D1D0E,Z001023338077.pdf,FACTURA,QR_ARCA_STRONG,FACTURA,FACTURA,FACTURA,QR_ARCA_VALID_FACTURA,FACTURA,QR_ARCA_VALID_FACTURA,True,False,,,NOT_APPLICABLE
5FB7BD28D27616E8676E0229F610930D8EB1C05062288C9843B6A07025902965,Z001023283789.pdf,FACTURA,QR_ARCA_STRONG,FACTURA,FACTURA,FACTURA,QR_ARCA_VALID_FACTURA,FACTURA,QR_ARCA_VALID_FACTURA,True,False,,,NOT_APPLICABLE
5FF603BFE35FFE846FE61CC7D6E257DAFA04176A27BDDA23DB954E289083BDA7,Z001023435310.pdf,FACTURA,QR_ARCA_STRONG,FACTURA,FACTURA,FACTURA,QR_ARCA_VALID_FACTURA,FACTURA,QR_ARCA_VALID_FACTURA,True,False,,,NOT_APPLICABLE
614C2047A38FFFEC9913CEA1D7C91912147857A130D26CEB45D38AFECE1F3018,Z001023284295.pdf,FACTURA,QR_ARCA_STRONG,FACTURA,FACTURA,FACTURA,QR_ARCA_VALID_FACTURA,FACTURA,QR_ARCA_VALID_FACTURA,True,False,,,NOT_APPLICABLE
62ED045064645CFAC1E4ABEAB3BD7871BB1ACA133EB42A02042DFD4116B68747,Z001023284539.pdf,FACTURA,QR_ARCA_STRONG,FACTURA,FACTURA|FACTURA,FACTURA,QR_ARCA_VALID_FACTURA,FACTURA,QR_ARCA_VALID_FACTURA,True,False,,,NOT_APPLICABLE
6306F04EC7699ACD9AA20661D6A0094E0EF6F2D07DB0DCB6E7DCB90754F946FC,Z001023321112.pdf,FACTURA,QR_ARCA_STRONG,FACTURA,FACTURA,FACTURA,QR_ARCA_VALID_FACTURA,FACTURA,QR_ARCA_VALID_FACTURA,True,False,,,NOT_APPLICABLE
6358F007E68B39846A6D3A1985B57BA5DB9B44816655F040179A2E54F5D3950B,Z001023410770.pdf,FACTURA,QR_ARCA_STRONG,FACTURA,FACTURA,FACTURA,QR_ARCA_VALID_FACTURA,FACTURA,QR_ARCA_VALID_FACTURA,True,False,,,NOT_APPLICABLE
63F5F3AB045C5B5F66EA108111298A47D3D35401D9F776570A886AC745108D3F,Z001023321695.pdf,OTRO_DOCUMENTO,QR_ARCA_STRONG,NOTA_DEBITO|FACTURA,OTRO_DOCUMENTO,OTRO_DOCUMENTO,QR_ARCA_VALID_OTHER,OTRO_DOCUMENTO,QR_ARCA_VALID_OTHER,True,False,,,NOT_APPLICABLE
6403BB9E343E7ADC6832D9FEF0B238A5C7629934B729B49930D5EB612D45A237,Z001023384946.pdf,OTRO_DOCUMENTO,QR_ARCA_STRONG,NOTA_CREDITO|FACTURA,OTRO_DOCUMENTO,OTRO_DOCUMENTO,QR_ARCA_VALID_OTHER,OTRO_DOCUMENTO,QR_ARCA_VALID_OTHER,True,False,,,NOT_APPLICABLE
64FB474B146A0EB177D75CB68476D6BCE12EF039503945B080FCA1CE3484EB2E,Z001023268129.pdf,FACTURA,QR_ARCA_STRONG,FACTURA,FACTURA,FACTURA,QR_ARCA_VALID_FACTURA,FACTURA,QR_ARCA_VALID_FACTURA,True,False,,,NOT_APPLICABLE
65056D9EA1A540DC588945E523AD94B314066341E145D5716A7A605D30F64157,Z001023422325.pdf,FACTURA,QR_ARCA_STRONG,FACTURA,FACTURA,FACTURA,QR_ARCA_VALID_FACTURA,FACTURA,QR_ARCA_VALID_FACTURA,True,False,,,NOT_APPLICABLE
653916FEE25C919AB6EB8CD62ACDB2EFB4ED9246ABE1E345CCEFD62AD0B1EEEF,Z001023454441.pdf,FACTURA,QR_ARCA_STRONG,FACTURA,FACTURA,FACTURA,QR_ARCA_VALID_FACTURA,FACTURA,QR_ARCA_VALID_FACTURA,True,False,,,NOT_APPLICABLE
65D1D32538349C1E4FD033151901890E04026E390D8DBDDB40D8BA7450402C6D,Z001023265841.pdf,FACTURA,QR_ARCA_STRONG,FACTURA,FACTURA,FACTURA,QR_ARCA_VALID_FACTURA,FACTURA,QR_ARCA_VALID_FACTURA,True,False,,,NOT_APPLICABLE
660C649E87C0E096D3EA290A7EEB1B41027B0E57F5AC516359697241B2FA0A46,Z001023321054.pdf,FACTURA,QR_ARCA_STRONG,FACTURA,FACTURA,FACTURA,QR_ARCA_VALID_FACTURA,FACTURA,QR_ARCA_VALID_FACTURA,True,False,,,NOT_APPLICABLE
6628B77297FB0AF7072963D7CFE54056E7303FF0D0C639C77083714E0007556F,Z001023349970.pdf,FACTURA,QR_ARCA_STRONG,FACTURA,FACTURA,FACTURA,QR_ARCA_VALID_FACTURA,FACTURA,QR_ARCA_VALID_FACTURA,True,False,,,NOT_APPLICABLE
669CEF756F24B3F2936E59DA9B442C8189694D27CDCAA0F56F21B933D8FFF582,Z001023268013.pdf,FACTURA,QR_ARCA_STRONG,FACTURA,FACTURA,FACTURA,QR_ARCA_VALID_FACTURA,FACTURA,QR_ARCA_VALID_FACTURA,True,False,,,NOT_APPLICABLE
671095A2ED870416638D91130E56FEB62CED369C2B40CF13D8A3685EF542C9C2,Z001023243381.pdf,FACTURA,QR_ARCA_STRONG,FACTURA,FACTURA,FACTURA,QR_ARCA_VALID_FACTURA,FACTURA,QR_ARCA_VALID_FACTURA,True,False,,,NOT_APPLICABLE
679B276143705D4AC3247557E5B766A0D3B8EF46EF0C7E93E9743E56F4C7C21B,Z001023385074.pdf,FACTURA,QR_ARCA_STRONG,FACTURA,FACTURA,FACTURA,QR_ARCA_VALID_FACTURA,FACTURA,QR_ARCA_VALID_FACTURA,True,False,,,NOT_APPLICABLE
681D494D1EABD2B24BA13F9F99B3AC5F6D565688BB7368714C430C5395C5A868,Z001023243384.pdf,FACTURA,EXISTING_GROUND_TRUTH,FACTURA,FACTURA,FACTURA,QR_ARCA_VALID_FACTURA,FACTURA,QR_ARCA_VALID_FACTURA,True,False,,,NOT_APPLICABLE
68384C891F748520511F1AC118FCE49299EBC326BF1FA1B534BBBF80AEB427D4,Z001023267817.pdf,FACTURA,QR_ARCA_STRONG,FACTURA,FACTURA,FACTURA,QR_ARCA_VALID_FACTURA,FACTURA,QR_ARCA_VALID_FACTURA,True,False,,,NOT_APPLICABLE
68847021C832C384F382EB8B663EF6878C4B227562C30B4AE75BACD93F932807,Z001023283742.pdf,FACTURA,QR_ARCA_STRONG,FACTURA,FACTURA,FACTURA,QR_ARCA_VALID_FACTURA,FACTURA,QR_ARCA_VALID_FACTURA,True,False,,,NOT_APPLICABLE
688B857EBA76F3FDD3C84756E0A20DB13FDCC6613A64CC850D0CDA9760FDF897,Z001023398913.pdf,FACTURA,QR_ARCA_STRONG,FACTURA,FACTURA,FACTURA,QR_ARCA_VALID_FACTURA,FACTURA,QR_ARCA_VALID_FACTURA,True,False,,,NOT_APPLICABLE
689B7BBF501134FEE362293BF2BFE282BFAF1D3D456B47AC2C5C1CCAB5FA15C4,Z001023365877.pdf,OTRO_DOCUMENTO,QR_ARCA_STRONG,NOTA_DEBITO|FACTURA,OTRO_DOCUMENTO,OTRO_DOCUMENTO,QR_ARCA_VALID_OTHER,OTRO_DOCUMENTO,QR_ARCA_VALID_OTHER,True,False,,,NOT_APPLICABLE
68B3C6AAFE89838741E71226D9F554CE180B406E66489C6843999F2CB92CEDF1,Z001023242965.pdf,FACTURA,QR_ARCA_STRONG,FACTURA,FACTURA,FACTURA,QR_ARCA_VALID_FACTURA,FACTURA,QR_ARCA_VALID_FACTURA,True,False,,,NOT_APPLICABLE
68BECE9089A8CF2D016046FF5F01BD82DB7E926079538EFBDAC71920F9FB6F4E,Z001023264729.pdf,FACTURA,QR_ARCA_STRONG,FACTURA,FACTURA,FACTURA,QR_ARCA_VALID_FACTURA,FACTURA,QR_ARCA_VALID_FACTURA,True,False,,,NOT_APPLICABLE
691BF365684F97697A067502250D2340172FFABC2AF02D9E3B21DA04BCB2E53D,Z001023305692.pdf,FACTURA,QR_ARCA_STRONG,FACTURA,FACTURA,FACTURA,QR_ARCA_VALID_FACTURA,FACTURA,QR_ARCA_VALID_FACTURA,True,False,,,NOT_APPLICABLE
69BD97565D5E8FA5D5CC7FD22FC5672E7AB8B5D16B40DFF18AEA29F0EE46FD94,Z001023410432.pdf,FACTURA,QR_ARCA_STRONG,FACTURA,FACTURA,FACTURA,QR_ARCA_VALID_FACTURA,FACTURA,QR_ARCA_VALID_FACTURA,True,False,,,NOT_APPLICABLE
6A44D2562609C71F11C6039FD392E9E681619719A7040D46EA9B6E1E6DB4F295,Z001023466254.pdf,FACTURA,QR_ARCA_STRONG,FACTURA,FACTURA,FACTURA,QR_ARCA_VALID_FACTURA,FACTURA,QR_ARCA_VALID_FACTURA,True,False,,,NOT_APPLICABLE
6AA2642DAF7B52EB364C1F945C3E1E25D291670E295B50405BC27CB969D12DE4,Z001023321061.pdf,FACTURA,QR_ARCA_STRONG,FACTURA,FACTURA,FACTURA,QR_ARCA_VALID_FACTURA,FACTURA,QR_ARCA_VALID_FACTURA,True,False,,,NOT_APPLICABLE
6AAA6E56A668CA470CE59A1DA0E3208162A408FD1E83E1DB80551F50B08F7631,Z001023242344.pdf,OTRO_DOCUMENTO,QR_ARCA_STRONG,NOTA_CREDITO|FACTURA,OTRO_DOCUMENTO,OTRO_DOCUMENTO,QR_ARCA_VALID_OTHER,OTRO_DOCUMENTO,QR_ARCA_VALID_OTHER,True,False,,,NOT_APPLICABLE
6AB1420C695AE2A02BBF6C1CF3EA49C7218A2CF1AC0BAE68E045D85D111FC0C0,Z001023410767.pdf,FACTURA,QR_ARCA_STRONG,FACTURA,FACTURA,FACTURA,QR_ARCA_VALID_FACTURA,FACTURA,QR_ARCA_VALID_FACTURA,True,False,,,NOT_APPLICABLE
6B0339E36C35108FAF16CA49C1BF3433163F965A1ED14438435253633CBB9F31,Z001023283864.pdf,FACTURA,QR_ARCA_STRONG,FACTURA,FACTURA,FACTURA,QR_ARCA_VALID_FACTURA,FACTURA,QR_ARCA_VALID_FACTURA,True,False,,,NOT_APPLICABLE
6B4A3FF9C231EC839A67CEBFFE430E144F787E7637B5565884FC431C70BB3736,Z001023305691.pdf,FACTURA,QR_ARCA_STRONG,FACTURA,FACTURA,FACTURA,QR_ARCA_VALID_FACTURA,FACTURA,QR_ARCA_VALID_FACTURA,True,False,,,NOT_APPLICABLE
6B5E9590C4800D1DF3407962383CB00B53C9090887157D672A4E2359DFFAA25F,Z001023338055.pdf,FACTURA,QR_ARCA_STRONG,FACTURA,FACTURA,FACTURA,QR_ARCA_VALID_FACTURA,FACTURA,QR_ARCA_VALID_FACTURA,True,False,,,NOT_APPLICABLE
6B7BB9D0EFF24F7DAB919D1049DE297F8C289642CBF813E3C2E85064308F0BC6,Z001023397972.pdf,FACTURA,QR_ARCA_STRONG,FACTURA,FACTURA,FACTURA,QR_ARCA_VALID_FACTURA,FACTURA,QR_ARCA_VALID_FACTURA,True,False,,,NOT_APPLICABLE
6BC87B9F03FDB1B6CA97AF962F30837A6B76F2CBC51CEAC85253E653BB7D3790,Z001023454866.pdf,FACTURA,QR_ARCA_STRONG,FACTURA,FACTURA,FACTURA,QR_ARCA_VALID_FACTURA,FACTURA,QR_ARCA_VALID_FACTURA,True,False,,,NOT_APPLICABLE
6C4F806F57E884A8868D9DDA6F11E9A66107106EC3FE4989B56D5ED6BDBF705C,Z001023268101.pdf,FACTURA,QR_ARCA_STRONG,FACTURA,FACTURA,FACTURA,QR_ARCA_VALID_FACTURA,FACTURA,QR_ARCA_VALID_FACTURA,True,False,,,NOT_APPLICABLE
6C8B940D1661F64CF6F7EC76B7DBF963C1D054B1355DFD856CA0FB306A750A3D,Z001023268087.pdf,FACTURA,QR_ARCA_STRONG,FACTURA,FACTURA,FACTURA,QR_ARCA_VALID_FACTURA,FACTURA,QR_ARCA_VALID_FACTURA,True,False,,,NOT_APPLICABLE
6C94C617C8904CF308B28BE5F23B2E67C8FC9DF6D9AD8F1B0FB3FEA74DBFEEA1,Z001023266877.pdf,FACTURA,QR_ARCA_STRONG,FACTURA,FACTURA,FACTURA,QR_ARCA_VALID_FACTURA,FACTURA,QR_ARCA_VALID_FACTURA,True,False,,,NOT_APPLICABLE
6DEA7D3BCF2BDC78A4C5B1A0C8A35F62E0D88B265012BA0DBBCB8B6613470373,Z001023321186.pdf,FACTURA,QR_ARCA_STRONG,FACTURA,FACTURA|FACTURA,FACTURA,QR_ARCA_VALID_FACTURA,FACTURA,QR_ARCA_VALID_FACTURA,True,False,,,NOT_APPLICABLE
6E87835328F15BFEB50D7BE61B069A1C3E18312B37B2AD241FC3B3D5B3669957,Z001023283780.pdf,FACTURA,QR_ARCA_STRONG,FACTURA,FACTURA,FACTURA,QR_ARCA_VALID_FACTURA,FACTURA,QR_ARCA_VALID_FACTURA,True,False,,,NOT_APPLICABLE
6E9ED9F5310651C047A3FC9B8D480F10A4625DB45DC71EB2F895E3E2993D62A1,Z001023305793.pdf,FACTURA,QR_ARCA_STRONG,FACTURA,FACTURA,FACTURA,QR_ARCA_VALID_FACTURA,FACTURA,QR_ARCA_VALID_FACTURA,True,False,,,NOT_APPLICABLE
6EE583A0329BFFE2CC0604B2DF470F2E9E8A3A491ABED3AE58229C122955C824,Z001023366863.pdf,OTRO_DOCUMENTO,QR_ARCA_STRONG,NOTA_CREDITO|FACTURA,OTRO_DOCUMENTO,OTRO_DOCUMENTO,QR_ARCA_VALID_OTHER,OTRO_DOCUMENTO,QR_ARCA_VALID_OTHER,True,False,,,NOT_APPLICABLE
70183B71AFCE11898A3EBCFC447FF1DA5F4FCE6AE346AD66A7BFB03C5841D4DF,Z001023384945.pdf,OTRO_DOCUMENTO,QR_ARCA_STRONG,NOTA_DEBITO|FACTURA,OTRO_DOCUMENTO,OTRO_DOCUMENTO,QR_ARCA_VALID_OTHER,OTRO_DOCUMENTO,QR_ARCA_VALID_OTHER,True,False,,,NOT_APPLICABLE
70701EB80254F49040749A4D00344EC36FD7AC369A877580BDB3B12BC941655A,Z001023242307.pdf,FACTURA,QR_ARCA_STRONG,FACTURA,FACTURA,FACTURA,QR_ARCA_VALID_FACTURA,FACTURA,QR_ARCA_VALID_FACTURA,True,False,,,NOT_APPLICABLE
70943A213A862A315DB451BAFBADDBFE5C0E45D694BF40FD8E5430FF47A032BA,Z001023242889.pdf,OTRO_DOCUMENTO,EXISTING_GROUND_TRUTH,,,,NO_DECISION,,NO_DECISION,,False,,,NOT_APPLICABLE
70E5AE3F504F2F5AB4AD5B3E512AC716415539ADF79DF6BF02821B5A8D35578A,Z001023306668.pdf,FACTURA,QR_ARCA_STRONG,FACTURA,FACTURA,FACTURA,QR_ARCA_VALID_FACTURA,FACTURA,QR_ARCA_VALID_FACTURA,True,False,,,NOT_APPLICABLE
724463BDFD7CEF809283F23242EFA6D6746540C1B1BED9FA87F7081F3FEAA794,Z001023321623.pdf,FACTURA,QR_ARCA_STRONG,FACTURA,FACTURA,FACTURA,QR_ARCA_VALID_FACTURA,FACTURA,QR_ARCA_VALID_FACTURA,True,False,,,NOT_APPLICABLE
724E671BB3324AC80652938C4FC4669A53A37A8FC7CE84A81EA066E5A2D15246,Z001023242887.pdf,FACTURA,QR_ARCA_STRONG,FACTURA,FACTURA,FACTURA,QR_ARCA_VALID_FACTURA,FACTURA,QR_ARCA_VALID_FACTURA,True,False,,,NOT_APPLICABLE
728FFB9AA6918939C77AFBD14176374095A4B94DF78DC4BBE4E0D3A1F4E64555,Z001023320983.pdf,FACTURA,QR_ARCA_STRONG,FACTURA,FACTURA,FACTURA,QR_ARCA_VALID_FACTURA,FACTURA,QR_ARCA_VALID_FACTURA,True,False,,,NOT_APPLICABLE
72DB0BB791EF4D236D0F5138132C14C14CC2CD9C33CB371EE37DDDD55642FBA8,Z001023283732.pdf,FACTURA,QR_ARCA_STRONG,FACTURA,FACTURA,FACTURA,QR_ARCA_VALID_FACTURA,FACTURA,QR_ARCA_VALID_FACTURA,True,False,,,NOT_APPLICABLE
734F30506EF447B3DF986696A7B0478A899FB94EB94D9C58897B138972AFE0CB,Z001023243422.pdf,FACTURA,QR_ARCA_STRONG,FACTURA,FACTURA,FACTURA,QR_ARCA_VALID_FACTURA,FACTURA,QR_ARCA_VALID_FACTURA,True,False,,,NOT_APPLICABLE
7369DF302D07631A98454113785F530B862A7D556083C9BCE2A378E733A259D1,Z001023283690.pdf,OTRO_DOCUMENTO,QR_ARCA_STRONG,NOTA_DEBITO|FACTURA,OTRO_DOCUMENTO,OTRO_DOCUMENTO,QR_ARCA_VALID_OTHER,OTRO_DOCUMENTO,QR_ARCA_VALID_OTHER,True,False,,,NOT_APPLICABLE
74542EF02D20DD76101D0733ECF11256439DDFD34B08011929E3EAD5E159F285,Z001023306575.pdf,FACTURA,QR_ARCA_STRONG,FACTURA,FACTURA,FACTURA,QR_ARCA_VALID_FACTURA,FACTURA,QR_ARCA_VALID_FACTURA,True,False,,,NOT_APPLICABLE
74A8804E13BCB0916DE52FB4050B48283F6D7C52B6A0CC9E5C66DBC3093FEB48,Z001023243400.pdf,FACTURA,QR_ARCA_STRONG,FACTURA,FACTURA,FACTURA,QR_ARCA_VALID_FACTURA,FACTURA,QR_ARCA_VALID_FACTURA,True,False,,,NOT_APPLICABLE
74A93147090410909DD49E3D1B75B7C3EA9345128B785139DC2F671880C5FE6E,Z001023321593.pdf,FACTURA,QR_ARCA_STRONG,FACTURA,FACTURA,FACTURA,QR_ARCA_VALID_FACTURA,FACTURA,QR_ARCA_VALID_FACTURA,True,False,,,NOT_APPLICABLE
74E1683A4487F41741E8A66012A82E03967DF0DDF917463FCEF8254BBECACC4A,Z001023366210.pdf,FACTURA,QR_ARCA_STRONG,FACTURA,FACTURA,FACTURA,QR_ARCA_VALID_FACTURA,FACTURA,QR_ARCA_VALID_FACTURA,True,False,,,NOT_APPLICABLE
750B721B9BDFFF78051B518266ACF845200D2C77179A01BD8DBB04C304DBA48F,Z001023435484.pdf,FACTURA,QR_ARCA_STRONG,FACTURA,FACTURA,FACTURA,QR_ARCA_VALID_FACTURA,FACTURA,QR_ARCA_VALID_FACTURA,True,False,,,NOT_APPLICABLE
754EE6E12E8F8F2901DAE135E15FF3D5ABF245CA5D195BB6F95149FE4EA034C8,Z001023385198.pdf,FACTURA,QR_ARCA_STRONG,FACTURA,FACTURA,FACTURA,QR_ARCA_VALID_FACTURA,FACTURA,QR_ARCA_VALID_FACTURA,True,False,,,NOT_APPLICABLE
7765957EC5D2FAD2C870AA576B360E8C599D1A09C2161E5A60675B0C299E82FF,Z001023338067.pdf,FACTURA,QR_ARCA_STRONG,FACTURA,FACTURA,FACTURA,QR_ARCA_VALID_FACTURA,FACTURA,QR_ARCA_VALID_FACTURA,True,False,,,NOT_APPLICABLE
77A0EC1DD124A7512A46495983BEB01CA5EAB0F48B06D7DE74C1D779BA2D5625,Z001023242368.tif,FACTURA,QR_ARCA_STRONG,FACTURA,FACTURA,FACTURA,QR_ARCA_VALID_FACTURA,FACTURA,QR_ARCA_VALID_FACTURA,True,False,,,NOT_APPLICABLE
77B60D8DF4FBC86CF6252968C853F56FAEEDA985E717813496E7056B93CA9840,Z001023398887.pdf,FACTURA,QR_ARCA_STRONG,FACTURA,FACTURA,FACTURA,QR_ARCA_VALID_FACTURA,FACTURA,QR_ARCA_VALID_FACTURA,True,False,,,NOT_APPLICABLE
77BEE0C8120D6B5C3D19B79CC4ABFFE13BCD86AB4AD7BDCFE810BF0F53FA5689,Z001023385050.pdf,FACTURA,QR_ARCA_STRONG,FACTURA,FACTURA,FACTURA,QR_ARCA_VALID_FACTURA,FACTURA,QR_ARCA_VALID_FACTURA,True,False,,,NOT_APPLICABLE
7856CD25016572D0C1DAD26A3A34140A0970F045A42C83C1D80C10E9F894C9B6,Z001023242960.pdf,FACTURA,QR_ARCA_STRONG,FACTURA,FACTURA,FACTURA,QR_ARCA_VALID_FACTURA,FACTURA,QR_ARCA_VALID_FACTURA,True,False,,,NOT_APPLICABLE
786C9DF77DC594A4F4661372FB7550FA2BBE1C9CDC8EEFD007F2E8338559704A,Z001023243424.pdf,FACTURA,QR_ARCA_STRONG,FACTURA,FACTURA,FACTURA,QR_ARCA_VALID_FACTURA,FACTURA,QR_ARCA_VALID_FACTURA,True,False,,,NOT_APPLICABLE
789EA214DA187999DB573C790694ED9C456AD09E79B3423DA4745624AB02984B,Z001023338068.pdf,FACTURA,QR_ARCA_STRONG,FACTURA,FACTURA,FACTURA,QR_ARCA_VALID_FACTURA,FACTURA,QR_ARCA_VALID_FACTURA,True,False,,,NOT_APPLICABLE
78D7C45F35EDDA7F3577410E9127D1B384883360372511081C054BA435B8E0A6,Z001023243382.pdf,FACTURA,QR_ARCA_STRONG,FACTURA,FACTURA,FACTURA,QR_ARCA_VALID_FACTURA,FACTURA,QR_ARCA_VALID_FACTURA,True,False,,,NOT_APPLICABLE
7943C6EB1641AD882AF8038E05B5F350A7FA8FBE6C2DF3DF90E9004412040FEF,Z001023243375.pdf,FACTURA,EXISTING_GROUND_TRUTH,FACTURA,,FACTURA,FACTURA_TITLE_ONLY,FACTURA,FACTURA_TITLE_ONLY_STRONG_POSITIONAL,True,True,True,- ARILLO HUGO GERMAN FACTURA,TOP_POSITION_ISSUER_TITLE_WITH_ADJACENT_ID
798711A2CD575D42858450215C116F88AAB5045FF2ADB933E2FAFEA46C072DB6,Z001023267973.pdf,FACTURA,QR_ARCA_STRONG,FACTURA,FACTURA|FACTURA,FACTURA,QR_ARCA_VALID_FACTURA,FACTURA,QR_ARCA_VALID_FACTURA,True,False,,,NOT_APPLICABLE
798ACADC0DC6E998A0904781F508CB74AA1B009064F5615A92EEE05C3AA36790,Z001023242299.pdf,FACTURA,QR_ARCA_STRONG,FACTURA,FACTURA,FACTURA,QR_ARCA_VALID_FACTURA,FACTURA,QR_ARCA_VALID_FACTURA,True,False,,,NOT_APPLICABLE
79ADF4E464CD5BF264A498AF625E2970E5CC8C04C0328A0860C11350DB57FBE3,Z001023350872.pdf,FACTURA,QR_ARCA_STRONG,FACTURA,FACTURA,FACTURA,QR_ARCA_VALID_FACTURA,FACTURA,QR_ARCA_VALID_FACTURA,True,False,,,NOT_APPLICABLE
7AB8D2AB7B5229FA6F6AFB5F7329F783BD003B13322FB478B6176610993FCC87,Z001023306666.pdf,FACTURA,QR_ARCA_STRONG,FACTURA,FACTURA,FACTURA,QR_ARCA_VALID_FACTURA,FACTURA,QR_ARCA_VALID_FACTURA,True,False,,,NOT_APPLICABLE
7AE0DBFAD8AA6A4A31D3D85770137B3AC98891809709CF8E9EC04FAD430D9BFB,Z001023321897.pdf,FACTURA,QR_ARCA_STRONG,FACTURA,FACTURA,FACTURA,QR_ARCA_VALID_FACTURA,FACTURA,QR_ARCA_VALID_FACTURA,True,False,,,NOT_APPLICABLE
7B3901E49FF57B75478E861F1A6EEC80C6FA8ED5B6BF3BAB44C8E8FC0989BB5C,Z001023268104.pdf,FACTURA,QR_ARCA_STRONG,FACTURA,FACTURA,FACTURA,QR_ARCA_VALID_FACTURA,FACTURA,QR_ARCA_VALID_FACTURA,True,False,,,NOT_APPLICABLE
7B719EB0767D781E74AAB6EFB62BA480BFEF3682904B68947E5F6415AFE1EE44,Z001023283878.pdf,FACTURA,QR_ARCA_STRONG,FACTURA,FACTURA,FACTURA,QR_ARCA_VALID_FACTURA,FACTURA,QR_ARCA_VALID_FACTURA,True,False,,,NOT_APPLICABLE
7B88EB37D9D6D70AF24378E316B65C9A921DFF386F57347F7073D8AB98E0D99F,Z001023349832.pdf,FACTURA,QR_ARCA_STRONG,,FACTURA,FACTURA,QR_ARCA_VALID_FACTURA,FACTURA,QR_ARCA_VALID_FACTURA,True,False,,,NOT_APPLICABLE
7BDA132A66DCC9019CACEC8C76D060F25F6AB5BC39C12E07860E24F737ADFF5D,Z001023242524.pdf,FACTURA,QR_ARCA_STRONG,FACTURA,FACTURA,FACTURA,QR_ARCA_VALID_FACTURA,FACTURA,QR_ARCA_VALID_FACTURA,True,False,,,NOT_APPLICABLE
7BE95791A9699A99D2073BA31B556C45CFA1A04985002C06CA6A36D57A86525D,Z001023283729.pdf,FACTURA,QR_ARCA_STRONG,FACTURA,FACTURA,FACTURA,QR_ARCA_VALID_FACTURA,FACTURA,QR_ARCA_VALID_FACTURA,True,False,,,NOT_APPLICABLE
7C73F1706B08D28FF38296AA93C83247D2B200F3EEF0D166BC1AF40FA14836FF,Z001023283737.pdf,FACTURA,QR_ARCA_STRONG,FACTURA,FACTURA,FACTURA,QR_ARCA_VALID_FACTURA,FACTURA,QR_ARCA_VALID_FACTURA,True,False,,,NOT_APPLICABLE
7C9BBDA23EDEB3A0E8084A1817DC926D7DBC841380E79E281F299282806E530C,Z001023283767.pdf,FACTURA,QR_ARCA_STRONG,,FACTURA,FACTURA,QR_ARCA_VALID_FACTURA,FACTURA,QR_ARCA_VALID_FACTURA,True,False,,,NOT_APPLICABLE
7D1382F1311C92CB388B27CBA3FA90D6ED16941AFC4AF91E2A72DC24D5315A75,Z001023305677.pdf,FACTURA,QR_ARCA_STRONG,FACTURA,FACTURA,FACTURA,QR_ARCA_VALID_FACTURA,FACTURA,QR_ARCA_VALID_FACTURA,True,False,,,NOT_APPLICABLE
7D43AB520097327C8645B32F08E408BD0715488AC01D3A360839A4652A9AC719,Z001023242290.pdf,FACTURA,QR_ARCA_STRONG,FACTURA,FACTURA,FACTURA,QR_ARCA_VALID_FACTURA,FACTURA,QR_ARCA_VALID_FACTURA,True,False,,,NOT_APPLICABLE
7D71C224D23E5E0E8FD05C6303A4B986D06341EE722D4E62939389806BBE3471,Z001023410368.pdf,FACTURA,QR_ARCA_STRONG,FACTURA,FACTURA|FACTURA,FACTURA,QR_ARCA_VALID_FACTURA,FACTURA,QR_ARCA_VALID_FACTURA,True,False,,,NOT_APPLICABLE
7E3C212A4DE3A52AB3D18EEEE790C5BEE9D1117A682938855EF6EFA02DD3C4AC,Z001023454318.pdf,FACTURA,QR_ARCA_STRONG,FACTURA,FACTURA,FACTURA,QR_ARCA_VALID_FACTURA,FACTURA,QR_ARCA_VALID_FACTURA,True,False,,,NOT_APPLICABLE
7E7C1A039E6FDE0D4120995D969E25093755D4C47653EAE9E1F5998F2454448B,Z001023410430.pdf,FACTURA,QR_ARCA_STRONG,FACTURA,FACTURA,FACTURA,QR_ARCA_VALID_FACTURA,FACTURA,QR_ARCA_VALID_FACTURA,True,False,,,NOT_APPLICABLE
7F7A01F689D121007DF3C9E807D55E966E785B4D8CAABB94AD8FBA25C27225F4,Z001023384920.pdf,FACTURA,QR_ARCA_STRONG,FACTURA,FACTURA,FACTURA,QR_ARCA_VALID_FACTURA,FACTURA,QR_ARCA_VALID_FACTURA,True,False,,,NOT_APPLICABLE
7F89F980F4355D93CED4B57BBB7F5AC404B25E081962D20F5702B8764B4066DB,Z001023268011.pdf,FACTURA,QR_ARCA_STRONG,FACTURA,FACTURA,FACTURA,QR_ARCA_VALID_FACTURA,FACTURA,QR_ARCA_VALID_FACTURA,True,False,,,NOT_APPLICABLE
7FCBBC7B3E14E41EFA2F05C0FFC31F73B74BE9AA4754A639AD303E1AB0092CCE,Z001023337600.pdf,OTRO_DOCUMENTO,QR_ARCA_STRONG,NOTA_DEBITO|FACTURA,OTRO_DOCUMENTO,OTRO_DOCUMENTO,QR_ARCA_VALID_OTHER,OTRO_DOCUMENTO,QR_ARCA_VALID_OTHER,True,False,,,NOT_APPLICABLE
804CDD532AB841FFEB1AD54F73379984FF6D48BEA5D7D4C710BDFB9B1CCA822E,Z001023384952.pdf,FACTURA,QR_ARCA_STRONG,FACTURA,FACTURA,FACTURA,QR_ARCA_VALID_FACTURA,FACTURA,QR_ARCA_VALID_FACTURA,True,False,,,NOT_APPLICABLE
80732A4F36964981412868A390392C3815A1B52925CB95D50E3226B76C2D868D,Z001023338060.pdf,FACTURA,QR_ARCA_STRONG,FACTURA,FACTURA,FACTURA,QR_ARCA_VALID_FACTURA,FACTURA,QR_ARCA_VALID_FACTURA,True,False,,,NOT_APPLICABLE
807889899EF0AE2BC479CE4CBA9EAE6C794B3C60373BD877FCA07C69C07B7AE3,Z001023266918.pdf,FACTURA,QR_ARCA_STRONG,FACTURA,FACTURA,FACTURA,QR_ARCA_VALID_FACTURA,FACTURA,QR_ARCA_VALID_FACTURA,True,False,,,NOT_APPLICABLE
812B96A5165903BD78FF38B2AEF1A1F19C9B7A918FD69D7C7971BA8AE6D2271D,Z001023283868.pdf,FACTURA,QR_ARCA_STRONG,FACTURA,FACTURA,FACTURA,QR_ARCA_VALID_FACTURA,FACTURA,QR_ARCA_VALID_FACTURA,True,False,,,NOT_APPLICABLE
8173874885C059C33DCA43BD63631C379C8D8408C5FE4DD2A0159D6AE80E554E,Z001023410431.pdf,FACTURA,QR_ARCA_STRONG,FACTURA,FACTURA,FACTURA,QR_ARCA_VALID_FACTURA,FACTURA,QR_ARCA_VALID_FACTURA,True,False,,,NOT_APPLICABLE
817AEA31523ADF117C9475551788C73D2777CC744CB01A2044FF86D6CF7511A0,Z001023384973.pdf,FACTURA,QR_ARCA_STRONG,FACTURA,FACTURA,FACTURA,QR_ARCA_VALID_FACTURA,FACTURA,QR_ARCA_VALID_FACTURA,True,False,,,NOT_APPLICABLE
8193A4E9A6585242D05EB8ACF18447F4336689F1967F687D954668A223E10FEF,Z001023454440.pdf,FACTURA,QR_ARCA_STRONG,FACTURA,FACTURA,FACTURA,QR_ARCA_VALID_FACTURA,FACTURA,QR_ARCA_VALID_FACTURA,True,False,,,NOT_APPLICABLE
823B928CB06F23FDBB1AE300E298EA833F0F8F0F97330FE12A9934EBE349195E,Z001023385026.pdf,FACTURA,QR_ARCA_STRONG,FACTURA,FACTURA,FACTURA,QR_ARCA_VALID_FACTURA,FACTURA,QR_ARCA_VALID_FACTURA,True,False,,,NOT_APPLICABLE
82876378F7B9F89F134D15F817A4672D52B26BB9F047FDA734201116486A0AF7,Z001023350940.pdf,FACTURA,QR_ARCA_STRONG,FACTURA,FACTURA,FACTURA,QR_ARCA_VALID_FACTURA,FACTURA,QR_ARCA_VALID_FACTURA,True,False,,,NOT_APPLICABLE
8297067AEF748F2AF13EAE298A7873C99F19F88F467DEAAAF71FBE64554AC1C9,Z001023478285.pdf,FACTURA,QR_ARCA_STRONG,FACTURA,FACTURA,FACTURA,QR_ARCA_VALID_FACTURA,FACTURA,QR_ARCA_VALID_FACTURA,True,False,,,NOT_APPLICABLE
82DF3F8548CD5894DD8BEA097182919DA8979018C3B51829AE23AC9FA75C0BE7,Z001023422111.pdf,FACTURA,QR_ARCA_STRONG,FACTURA,FACTURA,FACTURA,QR_ARCA_VALID_FACTURA,FACTURA,QR_ARCA_VALID_FACTURA,True,False,,,NOT_APPLICABLE
83814C2B24AE7A9CBB3110CF8C52F97E83B59540DDC596AF8F9A34DF483EAA65,Z001023305803.pdf,FACTURA,QR_ARCA_STRONG,FACTURA,FACTURA,FACTURA,QR_ARCA_VALID_FACTURA,FACTURA,QR_ARCA_VALID_FACTURA,True,False,,,NOT_APPLICABLE
83E0306FF5707DBDEBFC9AD88A3634DF1D24B33FAA5A733B74A629090F74A53D,Z001023243348.pdf,FACTURA,EXISTING_GROUND_TRUTH,FACTURA,FACTURA,FACTURA,QR_ARCA_VALID_FACTURA,FACTURA,QR_ARCA_VALID_FACTURA,True,False,,,NOT_APPLICABLE
8403289C618F5FEA6E985FE98C6A3F52D541EE0C6ADDA9901EA9F9CD942A1352,Z001023478161.pdf,FACTURA,QR_ARCA_STRONG,FACTURA,FACTURA,FACTURA,QR_ARCA_VALID_FACTURA,FACTURA,QR_ARCA_VALID_FACTURA,True,False,,,NOT_APPLICABLE
842594336FD1FDF9801D6F0769960B24152213A2368F5E5E330F898639CCCB13,Z001023410662.pdf,OTRO_DOCUMENTO,QR_ARCA_STRONG,NOTA_DEBITO|FACTURA,OTRO_DOCUMENTO,OTRO_DOCUMENTO,QR_ARCA_VALID_OTHER,OTRO_DOCUMENTO,QR_ARCA_VALID_OTHER,True,False,,,NOT_APPLICABLE
849C6ED1AD7AF7C311AB235C076CE496C3E2C6EDDC49C89E71131948C2006E88,Z001023266244.pdf,FACTURA,QR_ARCA_STRONG,FACTURA,FACTURA,FACTURA,QR_ARCA_VALID_FACTURA,FACTURA,QR_ARCA_VALID_FACTURA,True,False,,,NOT_APPLICABLE
851F61E61DFAAF6BC623C446119DBAD3DAF975D0610ED36513CD523A63CD0CAA,Z001023267237.pdf,FACTURA,QR_ARCA_STRONG,FACTURA,FACTURA,FACTURA,QR_ARCA_VALID_FACTURA,FACTURA,QR_ARCA_VALID_FACTURA,True,False,,,NOT_APPLICABLE
856894AA5FE2533859664CB6A42A38E20E75D671519947D7D1CB319D0C15FA12,Z001023422220.pdf,FACTURA,QR_ARCA_STRONG,FACTURA,FACTURA,FACTURA,QR_ARCA_VALID_FACTURA,FACTURA,QR_ARCA_VALID_FACTURA,True,False,,,NOT_APPLICABLE
85D09583CD00F06641312ABE16A8461DECE1C4F6A1772729A662E7DD2583D322,Z001023305797.pdf,FACTURA,QR_ARCA_STRONG,FACTURA,FACTURA,FACTURA,QR_ARCA_VALID_FACTURA,FACTURA,QR_ARCA_VALID_FACTURA,True,False,,,NOT_APPLICABLE
85D52AFF44CBF04ED95630DCC02108C8ABACF6CA5F68BDB19D81EA8EA045AB8C,Z001023321408.pdf,FACTURA,QR_ARCA_STRONG,FACTURA,FACTURA,FACTURA,QR_ARCA_VALID_FACTURA,FACTURA,QR_ARCA_VALID_FACTURA,True,False,,,NOT_APPLICABLE
85E85EF47B9912751729A2A2423C70CF214EEEBA2C81376F2AB82802F5F6AC0B,Z001023478147.pdf,FACTURA,QR_ARCA_STRONG,FACTURA,FACTURA|FACTURA,FACTURA,QR_ARCA_VALID_FACTURA,FACTURA,QR_ARCA_VALID_FACTURA,True,False,,,NOT_APPLICABLE
864D7CD058492007F2D3B2F0D08B81E87778572F0731A9311D65D955C84E3BFD,Z001023385197.pdf,FACTURA,QR_ARCA_STRONG,FACTURA,FACTURA,FACTURA,QR_ARCA_VALID_FACTURA,FACTURA,QR_ARCA_VALID_FACTURA,True,False,,,NOT_APPLICABLE
8662F4458951ACE801108DAF219E3855DB8F31FB6AC3684BE32913EE951852DE,Z001023466679.pdf,FACTURA,QR_ARCA_STRONG,FACTURA,FACTURA,FACTURA,QR_ARCA_VALID_FACTURA,FACTURA,QR_ARCA_VALID_FACTURA,True,False,,,NOT_APPLICABLE
86CF42382B6E9AD770AEC0D3AE61798DC0A5D85C59C8C47E0C5A267158045370,Z001023422398.pdf,FACTURA,QR_ARCA_STRONG,FACTURA,FACTURA,FACTURA,QR_ARCA_VALID_FACTURA,FACTURA,QR_ARCA_VALID_FACTURA,True,False,,,NOT_APPLICABLE
870954EEF89AD892FD71524CB79D21979BD74318277339C21A2F4E388F06341B,Z001023321060.pdf,FACTURA,QR_ARCA_STRONG,FACTURA,FACTURA,FACTURA,QR_ARCA_VALID_FACTURA,FACTURA,QR_ARCA_VALID_FACTURA,True,False,,,NOT_APPLICABLE
87B98EFA5585D960ED2FDD4D68C403CDC07905085C906C38415492B984527BA2,Z001023283898.pdf,FACTURA,QR_ARCA_STRONG,FACTURA,FACTURA|FACTURA,FACTURA,QR_ARCA_VALID_FACTURA,FACTURA,QR_ARCA_VALID_FACTURA,True,False,,,NOT_APPLICABLE
87FB307AC4DDE601D5A4AF49775D540AF75DA22DDB8316C3B3391F8A7C8007DF,Z001023266942.pdf,FACTURA,QR_ARCA_STRONG,FACTURA,FACTURA,FACTURA,QR_ARCA_VALID_FACTURA,FACTURA,QR_ARCA_VALID_FACTURA,True,False,,,NOT_APPLICABLE
8804BD85592572AD09BC337FBB10D3AF7DAAE81F939A9ADE2BCAE8B43DBCFEC3,Z001023385824.pdf,FACTURA,QR_ARCA_STRONG,FACTURA,FACTURA,FACTURA,QR_ARCA_VALID_FACTURA,FACTURA,QR_ARCA_VALID_FACTURA,True,False,,,NOT_APPLICABLE
8826A97C92D5F3C316493C87C2DE5C5E4F8EFC96A246003EED5011A5DCE39E90,Z001023267405.pdf,FACTURA,QR_ARCA_STRONG,FACTURA,FACTURA,FACTURA,QR_ARCA_VALID_FACTURA,FACTURA,QR_ARCA_VALID_FACTURA,True,False,,,NOT_APPLICABLE
891B855C542CC48F533E16D15BF00298CF02C5AC66F8D05FB5ACEB99035D63DF,Z001023283701.pdf,FACTURA,QR_ARCA_STRONG,FACTURA,FACTURA,FACTURA,QR_ARCA_VALID_FACTURA,FACTURA,QR_ARCA_VALID_FACTURA,True,False,,,NOT_APPLICABLE
89928C1E1B667DF89D8DDE754377437390B3A7A7FE61EC4FF5E54F03662DA5B9,Z001023321056.pdf,FACTURA,QR_ARCA_STRONG,FACTURA,FACTURA,FACTURA,QR_ARCA_VALID_FACTURA,FACTURA,QR_ARCA_VALID_FACTURA,True,False,,,NOT_APPLICABLE
8A16B64A261F811B055D7C178CEFC6DE556D9EA6E4F88FAE4906ED7DF4A17D8D,Z001023336576.pdf,FACTURA,QR_ARCA_STRONG,FACTURA,FACTURA,FACTURA,QR_ARCA_VALID_FACTURA,FACTURA,QR_ARCA_VALID_FACTURA,True,False,,,NOT_APPLICABLE
8A57624FA0DD67FCE961474222F97F11BF484B659983C5DC45887E7449E274EA,Z001023242295.pdf,FACTURA,QR_ARCA_STRONG,FACTURA,FACTURA,FACTURA,QR_ARCA_VALID_FACTURA,FACTURA,QR_ARCA_VALID_FACTURA,True,False,,,NOT_APPLICABLE
8A57CD9F3C877DF1239DA0B0C738D1B54278710B0EEBFD2C0ACAAC2814D57B99,Z001023410768.pdf,FACTURA,QR_ARCA_STRONG,FACTURA,FACTURA,FACTURA,QR_ARCA_VALID_FACTURA,FACTURA,QR_ARCA_VALID_FACTURA,True,False,,,NOT_APPLICABLE
8AE6ECF9E7191B268BD8768575C99C1FAFBF4144627829B39D8BAC3B492D0CC0,Z001023243458.pdf,FACTURA,QR_ARCA_STRONG,FACTURA,FACTURA,FACTURA,QR_ARCA_VALID_FACTURA,FACTURA,QR_ARCA_VALID_FACTURA,True,False,,,NOT_APPLICABLE
8C45A084C0817A7DE45795105801B0C920364BC89F5DEB24DC52FEEF4BC7F17B,Z001023321159.pdf,FACTURA,QR_ARCA_STRONG,FACTURA,FACTURA,FACTURA,QR_ARCA_VALID_FACTURA,FACTURA,QR_ARCA_VALID_FACTURA,True,False,,,NOT_APPLICABLE
8C634F1729311C6FB2EAAD3576538AD1DB5FD4A53E696C4CE0CDA7E48A9765D8,Z001023306147.pdf,FACTURA,QR_ARCA_STRONG,FACTURA,FACTURA,FACTURA,QR_ARCA_VALID_FACTURA,FACTURA,QR_ARCA_VALID_FACTURA,True,False,,,NOT_APPLICABLE
8C890D179D935AA3A1AE6E7063C8092384A4776D5709A94D6FDA0BE102F7DF46,Z001023305688.pdf,FACTURA,QR_ARCA_STRONG,FACTURA,FACTURA,FACTURA,QR_ARCA_VALID_FACTURA,FACTURA,QR_ARCA_VALID_FACTURA,True,False,,,NOT_APPLICABLE
8CAFBC6765404E297608AB4687884CA06F82332097FF1D3E8B9313AD1ADD5A88,Z001023284845.pdf,FACTURA,QR_ARCA_STRONG,FACTURA,FACTURA,FACTURA,QR_ARCA_VALID_FACTURA,FACTURA,QR_ARCA_VALID_FACTURA,True,False,,,NOT_APPLICABLE
8D4BA8C2CAC074E0F38FB7DC6F25F1E69D2F7AD95506AFB37797512AF3CD9B63,Z001023385164.pdf,FACTURA,QR_ARCA_STRONG,FACTURA,FACTURA,FACTURA,QR_ARCA_VALID_FACTURA,FACTURA,QR_ARCA_VALID_FACTURA,True,False,,,NOT_APPLICABLE
8DFA8CB9798CCF19F9BAF04C59F34058782E3DE9FF9A2EAB2E22F1B12D8AE149,Z001023321058.pdf,FACTURA,QR_ARCA_STRONG,FACTURA,FACTURA|FACTURA,FACTURA,QR_ARCA_VALID_FACTURA,FACTURA,QR_ARCA_VALID_FACTURA,True,False,,,NOT_APPLICABLE
8E35C151859E5F6C0FE0F2832287604CE4EB800330CF83D4885A59869028FF43,Z001023455166.pdf,OTRO_DOCUMENTO,QR_ARCA_STRONG,NOTA_DEBITO|FACTURA,OTRO_DOCUMENTO,OTRO_DOCUMENTO,QR_ARCA_VALID_OTHER,OTRO_DOCUMENTO,QR_ARCA_VALID_OTHER,True,False,,,NOT_APPLICABLE
8F110C4D92620DF0FF6B33FB5FE308E4DEB7C4A477D0C93B9A21E85AAED5B672,Z001023267213.pdf,FACTURA,QR_ARCA_STRONG,FACTURA,FACTURA|FACTURA,FACTURA,QR_ARCA_VALID_FACTURA,FACTURA,QR_ARCA_VALID_FACTURA,True,False,,,NOT_APPLICABLE
8F129D3C66E622121981D62EB4000AED739CC876C6DE502C2BE0EF424E12BDE8,Z001023337303.pdf,FACTURA,QR_ARCA_STRONG,FACTURA,FACTURA,FACTURA,QR_ARCA_VALID_FACTURA,FACTURA,QR_ARCA_VALID_FACTURA,True,False,,,NOT_APPLICABLE
8F9645E839D86DD3DA6DAD4B15036B8EE5B0918947E0C81D178CB952F2B2BE1C,Z001023466217.pdf,FACTURA,QR_ARCA_STRONG,FACTURA,FACTURA,FACTURA,QR_ARCA_VALID_FACTURA,FACTURA,QR_ARCA_VALID_FACTURA,True,False,,,NOT_APPLICABLE
90A1BB6EE9300C81CBFEFC314D0981DAD827FCDD8D8E320E600B069A8E91E2CD,Z001023283880.pdf,FACTURA,QR_ARCA_STRONG,FACTURA,FACTURA,FACTURA,QR_ARCA_VALID_FACTURA,FACTURA,QR_ARCA_VALID_FACTURA,True,False,,,NOT_APPLICABLE
910FBAEDB8A90071E399EA9EDD55831BA2A6C779D9DAD241867BBACA82768A4A,Z001023283875.pdf,FACTURA,QR_ARCA_STRONG,FACTURA,FACTURA,FACTURA,QR_ARCA_VALID_FACTURA,FACTURA,QR_ARCA_VALID_FACTURA,True,False,,,NOT_APPLICABLE
917A02EE1496F0E6D19856E7F97EE8DD8F58D96DF995059690653F6D30B19708,Z001023306143.pdf,FACTURA,QR_ARCA_STRONG,FACTURA,FACTURA,FACTURA,QR_ARCA_VALID_FACTURA,FACTURA,QR_ARCA_VALID_FACTURA,True,False,,,NOT_APPLICABLE
91EF6960EEF82A58B41B31F3850C800E27EE8460970F884F1236ABB48F0F1FCC,Z001023467657.pdf,FACTURA,QR_ARCA_STRONG,FACTURA,FACTURA,FACTURA,QR_ARCA_VALID_FACTURA,FACTURA,QR_ARCA_VALID_FACTURA,True,False,,,NOT_APPLICABLE
920E2C2CFAD19BCFEF234DE870443978D3779498399D7AE818167099775D713A,Z001023454617.pdf,FACTURA,QR_ARCA_STRONG,FACTURA,FACTURA,FACTURA,QR_ARCA_VALID_FACTURA,FACTURA,QR_ARCA_VALID_FACTURA,True,False,,,NOT_APPLICABLE
92233BB1C2523E96C1A5F3CC8390A7507D1776004268A5C883287CB5670AEA94,Z001023242554.pdf,FACTURA,QR_ARCA_STRONG,FACTURA,FACTURA,FACTURA,QR_ARCA_VALID_FACTURA,FACTURA,QR_ARCA_VALID_FACTURA,True,False,,,NOT_APPLICABLE
92914214759A1969F8F6DA6FC3EAF436EEC02704E5B3141C282C9D183B15D2BC,Z001023242560.pdf,FACTURA,EXISTING_GROUND_TRUTH,FACTURA,FACTURA,FACTURA,QR_ARCA_VALID_FACTURA,FACTURA,QR_ARCA_VALID_FACTURA,True,False,,,NOT_APPLICABLE
929808BE7D3DFA364E40A52C21EEE8C6195BCB4B2724BB30F5EA0E99E2964963,Z001023306226.pdf,FACTURA,QR_ARCA_STRONG,FACTURA,FACTURA,FACTURA,QR_ARCA_VALID_FACTURA,FACTURA,QR_ARCA_VALID_FACTURA,True,False,,,NOT_APPLICABLE
92BFEC9ECE7286787335775B1094ECFCB2C3109923B99EA70FEF48F100F7824F,Z001023266876.pdf,FACTURA,QR_ARCA_STRONG,FACTURA,FACTURA,FACTURA,QR_ARCA_VALID_FACTURA,FACTURA,QR_ARCA_VALID_FACTURA,True,False,,,NOT_APPLICABLE
92EBBA53AD3476EC888E5D47534BFF0E73C340F8D58B63A2718AE92B6F7EAA21,Z001023243072.pdf,FACTURA,QR_ARCA_STRONG,FACTURA,FACTURA,FACTURA,QR_ARCA_VALID_FACTURA,FACTURA,QR_ARCA_VALID_FACTURA,True,False,,,NOT_APPLICABLE
9333843B9DBB69A2C5494D92C99720C003D8A7CC226D80A64758BFF00A433279,Z001023366207.pdf,FACTURA,QR_ARCA_STRONG,FACTURA,FACTURA,FACTURA,QR_ARCA_VALID_FACTURA,FACTURA,QR_ARCA_VALID_FACTURA,True,False,,,NOT_APPLICABLE
93946044DD9FBAB870A7B410A3C51061CF64CE6D44FB8D63266CAFD138D5D539,Z001023385696.pdf,FACTURA,QR_ARCA_STRONG,FACTURA,FACTURA,FACTURA,QR_ARCA_VALID_FACTURA,FACTURA,QR_ARCA_VALID_FACTURA,True,False,,,NOT_APPLICABLE
94C119398ED5B3AFEA5B60477FD47392E3AC13E10251C94531B1DB8A1E0A6C12,Z001023306248.pdf,FACTURA,QR_ARCA_STRONG,FACTURA,FACTURA,FACTURA,QR_ARCA_VALID_FACTURA,FACTURA,QR_ARCA_VALID_FACTURA,True,False,,,NOT_APPLICABLE
94F26C21757B539524ED76AA64629C18F390F9D0C9D4ABBBF5AF6484C0FC7528,Z001023435540.pdf,FACTURA,QR_ARCA_STRONG,FACTURA,FACTURA,FACTURA,QR_ARCA_VALID_FACTURA,FACTURA,QR_ARCA_VALID_FACTURA,True,False,,,NOT_APPLICABLE
95163FEC1BD2F3B4D199C764E42F2B6343270AAC8E142CBF8A7CEC976D87FE34,Z001023266253.pdf,FACTURA,QR_ARCA_STRONG,FACTURA,FACTURA,FACTURA,QR_ARCA_VALID_FACTURA,FACTURA,QR_ARCA_VALID_FACTURA,True,False,,,NOT_APPLICABLE
95506FC26A8105240416CB0915A50736B594090DDC122EDF482039DCEDC947B8,Z001023283741.pdf,FACTURA,QR_ARCA_STRONG,FACTURA,FACTURA,FACTURA,QR_ARCA_VALID_FACTURA,FACTURA,QR_ARCA_VALID_FACTURA,True,False,,,NOT_APPLICABLE
9596624061FEBDAE035772A32CC975D358B4BAA9C1833EE21ADB485E2B0B06D3,Z001023266251.pdf,FACTURA,QR_ARCA_STRONG,FACTURA,FACTURA,FACTURA,QR_ARCA_VALID_FACTURA,FACTURA,QR_ARCA_VALID_FACTURA,True,False,,,NOT_APPLICABLE
95AF2B3D9E304F20830DD6D2986A230CE395D8B5FDA0B8BBC25E9B9E712B11AE,Z001023423284.pdf,OTRO_DOCUMENTO,QR_ARCA_STRONG,NOTA_CREDITO|FACTURA|NOTA_DEBITO,OTRO_DOCUMENTO,OTRO_DOCUMENTO,QR_ARCA_VALID_OTHER,OTRO_DOCUMENTO,QR_ARCA_VALID_OTHER,True,False,,,NOT_APPLICABLE
963E9941D8D3A90BDACCFDDA949B7EEDD535A2ED456FA063B67893EC4D759786,Z001023242559.pdf,FACTURA,EXISTING_GROUND_TRUTH,FACTURA,FACTURA,FACTURA,QR_ARCA_VALID_FACTURA,FACTURA,QR_ARCA_VALID_FACTURA,True,False,,,NOT_APPLICABLE
9723AA331B89D1BB3AA42628C6D4FA1453C8ADB972AAC5EF26D433E659A76C2E,Z001023410636.pdf,FACTURA,QR_ARCA_STRONG,FACTURA,FACTURA,FACTURA,QR_ARCA_VALID_FACTURA,FACTURA,QR_ARCA_VALID_FACTURA,True,False,,,NOT_APPLICABLE
9768F6CDE07116724DC86D4402184228B3963B7212E3287188A4EF9420F3498B,Z001023306224.pdf,FACTURA,QR_ARCA_STRONG,FACTURA,FACTURA,FACTURA,QR_ARCA_VALID_FACTURA,FACTURA,QR_ARCA_VALID_FACTURA,True,False,,,NOT_APPLICABLE
97EF8934F37425A7635624C8A636DD08FAEC908D41213138991513DAB7E1CD95,Z001023410762.pdf,FACTURA,QR_ARCA_STRONG,FACTURA,FACTURA,FACTURA,QR_ARCA_VALID_FACTURA,FACTURA,QR_ARCA_VALID_FACTURA,True,False,,,NOT_APPLICABLE
97F4874BE79DAC5C72D00B028F6DCBA5564049CA077E6301C7AB4AAD37088BC2,Z001023467586.pdf,FACTURA,QR_ARCA_STRONG,FACTURA,FACTURA,FACTURA,QR_ARCA_VALID_FACTURA,FACTURA,QR_ARCA_VALID_FACTURA,True,False,,,NOT_APPLICABLE
9801EA3DCCCCE81A20C1A1FCA6BD057BE02056D5F6AF7568416C159F8EA6F42C,Z001023337601.pdf,OTRO_DOCUMENTO,QR_ARCA_STRONG,NOTA_DEBITO|FACTURA,OTRO_DOCUMENTO,OTRO_DOCUMENTO,QR_ARCA_VALID_OTHER,OTRO_DOCUMENTO,QR_ARCA_VALID_OTHER,True,False,,,NOT_APPLICABLE
983D750D5EF18AC380DF1970A9338EF482746FD22CD81031BB2DD981CB738ED0,Z001023266853.pdf,FACTURA,QR_ARCA_STRONG,FACTURA,FACTURA,FACTURA,QR_ARCA_VALID_FACTURA,FACTURA,QR_ARCA_VALID_FACTURA,True,False,,,NOT_APPLICABLE
9857D4FCBA430BA90EA4E715013F3C02EBAE08FA6C857E1E859CBF2BA9341BAA,Z001023384987.pdf,FACTURA,QR_ARCA_STRONG,FACTURA,FACTURA,FACTURA,QR_ARCA_VALID_FACTURA,FACTURA,QR_ARCA_VALID_FACTURA,True,False,,,NOT_APPLICABLE
9893646420FB567085B74B4A937F0D07B988E41AE80615EEA9A62DBEED6CDEB1,Z001023321693.pdf,OTRO_DOCUMENTO,QR_ARCA_STRONG,NOTA_DEBITO|FACTURA,OTRO_DOCUMENTO,OTRO_DOCUMENTO,QR_ARCA_VALID_OTHER,OTRO_DOCUMENTO,QR_ARCA_VALID_OTHER,True,False,,,NOT_APPLICABLE
98A548702408FF5D0DB0A54BEE501A1D25F8C84FFE702021E9855B960A54E722,Z001023242876.pdf,FACTURA,QR_ARCA_STRONG,FACTURA,FACTURA,FACTURA,QR_ARCA_VALID_FACTURA,FACTURA,QR_ARCA_VALID_FACTURA,True,False,,,NOT_APPLICABLE
9932F1579D3D31F9152C31290BB269430324462F86D6E6DB78C53961C9700F23,Z001023337430.pdf,FACTURA,QR_ARCA_STRONG,,FACTURA,FACTURA,QR_ARCA_VALID_FACTURA,FACTURA,QR_ARCA_VALID_FACTURA,True,False,,,NOT_APPLICABLE
9945BBDC4DD33F425D4878C2F17FD844168E1F483FE51F229EF5A019C7E4AFB6,Z001023466171.pdf,FACTURA,QR_ARCA_STRONG,FACTURA,FACTURA,FACTURA,QR_ARCA_VALID_FACTURA,FACTURA,QR_ARCA_VALID_FACTURA,True,False,,,NOT_APPLICABLE
9A3FC7437BBDF8BFE19FD65198BFA9BE76A63DE5BC8E0AC1CEFB3E77373FF816,Z001023266916.pdf,FACTURA,QR_ARCA_STRONG,FACTURA,FACTURA,FACTURA,QR_ARCA_VALID_FACTURA,FACTURA,QR_ARCA_VALID_FACTURA,True,False,,,NOT_APPLICABLE
9A4E64C46A21F76C881907BBE1648F5700C42A24EFCB8257BA7244BB01A0CBA9,Z001023351390.pdf,FACTURA,QR_ARCA_STRONG,FACTURA,FACTURA,FACTURA,QR_ARCA_VALID_FACTURA,FACTURA,QR_ARCA_VALID_FACTURA,True,False,,,NOT_APPLICABLE
9A9BB0F6EBA54E0D0C25731245270AB989933DF8900A72CE130827CA53B2B37C,Z001023283745.pdf,FACTURA,QR_ARCA_STRONG,FACTURA,FACTURA,FACTURA,QR_ARCA_VALID_FACTURA,FACTURA,QR_ARCA_VALID_FACTURA,True,False,,,NOT_APPLICABLE
9AABED26F462B478F277F7E592AA3983B2B9DA888D474F4C93B7A6CEC27AC52F,Z001023306105.pdf,FACTURA,QR_ARCA_STRONG,FACTURA,FACTURA,FACTURA,QR_ARCA_VALID_FACTURA,FACTURA,QR_ARCA_VALID_FACTURA,True,False,,,NOT_APPLICABLE
9AAED50A220E4A59ABBF846248504B1D06023155CCF6AE05B285763B532811D2,Z001023306250.pdf,FACTURA,QR_ARCA_STRONG,FACTURA,FACTURA,FACTURA,QR_ARCA_VALID_FACTURA,FACTURA,QR_ARCA_VALID_FACTURA,True,False,,,NOT_APPLICABLE
9B05799CEE418B6AD0B0876E23A97CDFF1A952C1D031EEA3D6672EABE7EE762E,Z001023423180.pdf,FACTURA,QR_ARCA_STRONG,FACTURA,FACTURA,FACTURA,QR_ARCA_VALID_FACTURA,FACTURA,QR_ARCA_VALID_FACTURA,True,False,,,NOT_APPLICABLE
9B82B28BDD8F2617C32E1D8C71705EC2AFC2FCAC71747661CA85C65B08D4C6A5,Z001023266213.pdf,FACTURA,QR_ARCA_STRONG,FACTURA,FACTURA,FACTURA,QR_ARCA_VALID_FACTURA,FACTURA,QR_ARCA_VALID_FACTURA,True,False,,,NOT_APPLICABLE
9B84CC3980E75FFDADA63A4445C66561B2DA457969B183C72D13ABA914AC9F92,Z001023423305.pdf,FACTURA,QR_ARCA_STRONG,FACTURA,FACTURA,FACTURA,QR_ARCA_VALID_FACTURA,FACTURA,QR_ARCA_VALID_FACTURA,True,False,,,NOT_APPLICABLE
9C18A5DF27D90556C236651C9E32EE1BD4DAD8D191218BBE8F932CF45131DB46,Z001023467448.pdf,FACTURA,QR_ARCA_STRONG,FACTURA,FACTURA,FACTURA,QR_ARCA_VALID_FACTURA,FACTURA,QR_ARCA_VALID_FACTURA,True,False,,,NOT_APPLICABLE
9D89F0FF0433FB4667E9F658F85408E09DB8586C1753019CD4818FCF59108DD4,Z001023423306.pdf,FACTURA,QR_ARCA_STRONG,FACTURA,FACTURA,FACTURA,QR_ARCA_VALID_FACTURA,FACTURA,QR_ARCA_VALID_FACTURA,True,False,,,NOT_APPLICABLE
9DDDFEA33E7D9998B202D66E6E3A87FD499E8288F62B8673B1F40A66CF8D51C9,Z001023305698.pdf,FACTURA,QR_ARCA_STRONG,FACTURA,FACTURA,FACTURA,QR_ARCA_VALID_FACTURA,FACTURA,QR_ARCA_VALID_FACTURA,True,False,,,NOT_APPLICABLE
9DF67317E84209D40CCA4D2D55047395A7C689394841DA25A86EA70932197DE8,Z001023385020.pdf,FACTURA,QR_ARCA_STRONG,FACTURA,FACTURA,FACTURA,QR_ARCA_VALID_FACTURA,FACTURA,QR_ARCA_VALID_FACTURA,True,False,,,NOT_APPLICABLE
9EB38CEA6E16E710A4E5B014188A0DC4835DD1FBAA413A03598D80E848C1387C,Z001023305676.pdf,FACTURA,QR_ARCA_STRONG,FACTURA,FACTURA,FACTURA,QR_ARCA_VALID_FACTURA,FACTURA,QR_ARCA_VALID_FACTURA,True,False,,,NOT_APPLICABLE
9F20D5A914501086136BFED9B88E8DC91452B65E0BB36A48060A33152C56A332,Z001023268014.pdf,FACTURA,QR_ARCA_STRONG,FACTURA,FACTURA,FACTURA,QR_ARCA_VALID_FACTURA,FACTURA,QR_ARCA_VALID_FACTURA,True,False,,,NOT_APPLICABLE
9F78FE8E80F379C7E339E5BD0FB8E4DDFF88B93D72D57F1BE6B0ED3DC77C6DCF,Z001023306249.pdf,FACTURA,QR_ARCA_STRONG,FACTURA,FACTURA,FACTURA,QR_ARCA_VALID_FACTURA,FACTURA,QR_ARCA_VALID_FACTURA,True,False,,,NOT_APPLICABLE
A034D9BA8303AFB573D6F5823B1C9E16413A56593500E3A00A732D1BED52F326,Z001023266917.pdf,FACTURA,QR_ARCA_STRONG,FACTURA,FACTURA,FACTURA,QR_ARCA_VALID_FACTURA,FACTURA,QR_ARCA_VALID_FACTURA,True,False,,,NOT_APPLICABLE
A0A5960905B6EC78058181CCC8AC0CE5CC894945AB6D97889A599934D2BE636E,Z001023321692.pdf,OTRO_DOCUMENTO,QR_ARCA_STRONG,NOTA_DEBITO|FACTURA,OTRO_DOCUMENTO,OTRO_DOCUMENTO,QR_ARCA_VALID_OTHER,OTRO_DOCUMENTO,QR_ARCA_VALID_OTHER,True,False,,,NOT_APPLICABLE
A0E70952B21704A19FED7D35D964ABE1A3D24F66EE60C24069DB3658A23852AD,Z001023321302.pdf,FACTURA,QR_ARCA_STRONG,FACTURA,FACTURA,FACTURA,QR_ARCA_VALID_FACTURA,FACTURA,QR_ARCA_VALID_FACTURA,True,False,,,NOT_APPLICABLE
A1F9B06618E591EB2B3C76518F428FB788547CC1AA53E9544A4A11980A206B57,Z001023386100.pdf,FACTURA,QR_ARCA_STRONG,FACTURA,FACTURA,FACTURA,QR_ARCA_VALID_FACTURA,FACTURA,QR_ARCA_VALID_FACTURA,True,False,,,NOT_APPLICABLE
A23CD835EFAEDB3FBA5B0DBCC69F01FFE20FA74C641B2699E3DA9074A50D1EBB,Z001023242262.pdf,FACTURA,QR_ARCA_STRONG,FACTURA,FACTURA,FACTURA,QR_ARCA_VALID_FACTURA,FACTURA,QR_ARCA_VALID_FACTURA,True,False,,,NOT_APPLICABLE
A2928B01A4CD36732A28C69D98E877A906A6EB383769402661C8ACE6EAF9A0EC,Z001023242301.pdf,FACTURA,QR_ARCA_STRONG,FACTURA,FACTURA,FACTURA,QR_ARCA_VALID_FACTURA,FACTURA,QR_ARCA_VALID_FACTURA,True,False,,,NOT_APPLICABLE
A2D1529D28326B4E8B236A002CD8E46D89D846C50E49B31D238067347F7D0223,Z001023467622.pdf,FACTURA,QR_ARCA_STRONG,FACTURA,FACTURA,FACTURA,QR_ARCA_VALID_FACTURA,FACTURA,QR_ARCA_VALID_FACTURA,True,False,,,NOT_APPLICABLE
A2FDAD9EB62F9728D4A1369E94F1ED407FEE978FAA53FE7BA5035339AB1F6052,Z001023268102.pdf,FACTURA,QR_ARCA_STRONG,FACTURA,FACTURA,FACTURA,QR_ARCA_VALID_FACTURA,FACTURA,QR_ARCA_VALID_FACTURA,True,False,,,NOT_APPLICABLE
A47A2D7859BB08A65A7C8003656803C777E38BC94F7F27EEA4AD1CD8FD5B80FA,Z001023366209.pdf,FACTURA,QR_ARCA_STRONG,FACTURA,FACTURA,FACTURA,QR_ARCA_VALID_FACTURA,FACTURA,QR_ARCA_VALID_FACTURA,True,False,,,NOT_APPLICABLE
A49F888D274CFE65CF21EB1527C95105513D9AC250238EECF5F46A3791478CBA,Z001023385162.pdf,FACTURA,QR_ARCA_STRONG,FACTURA,FACTURA,FACTURA,QR_ARCA_VALID_FACTURA,FACTURA,QR_ARCA_VALID_FACTURA,True,False,,,NOT_APPLICABLE
A545E9BB46897229592B7E4460C235D68B749F58E268ADED69BEEC775BA2D440,Z001023397974.pdf,FACTURA,QR_ARCA_STRONG,FACTURA,FACTURA,FACTURA,QR_ARCA_VALID_FACTURA,FACTURA,QR_ARCA_VALID_FACTURA,True,False,,,NOT_APPLICABLE
A5D596CC95D40058EBAB004E9B7D0CD5CDFC8C026CECA39BD2985DA63EE8C44C,Z001023478406.pdf,FACTURA,QR_ARCA_STRONG,FACTURA,FACTURA|FACTURA,FACTURA,QR_ARCA_VALID_FACTURA,FACTURA,QR_ARCA_VALID_FACTURA,True,False,,,NOT_APPLICABLE
A5E0A23B19304BAD637E744E9B4ED12D8BF3377521ABFE8FE73049F7EFE47335,Z001023397807.pdf,FACTURA,QR_ARCA_STRONG,FACTURA,FACTURA,FACTURA,QR_ARCA_VALID_FACTURA,FACTURA,QR_ARCA_VALID_FACTURA,True,False,,,NOT_APPLICABLE
A69004CE99B64253517BF67479A39AC4E7E2BD6E61A8B7FADBEB43AC4D98FC7C,Z001023283693.pdf,FACTURA,QR_ARCA_STRONG,FACTURA,FACTURA,FACTURA,QR_ARCA_VALID_FACTURA,FACTURA,QR_ARCA_VALID_FACTURA,True,False,,,NOT_APPLICABLE
A6AD364B22617D413C3D16E1E057C22B686A19E8B85F6EF90F69BB3E880031C2,Z001023243747.pdf,FACTURA,QR_ARCA_STRONG,FACTURA,FACTURA,FACTURA,QR_ARCA_VALID_FACTURA,FACTURA,QR_ARCA_VALID_FACTURA,True,False,,,NOT_APPLICABLE
A75839AE32A6A29EBB6CF64EBE45427C346DFFE51E758D5F04D903FC28147D87,Z001023243181.pdf,FACTURA,EXISTING_GROUND_TRUTH,,,,NO_DECISION,,NO_DECISION,,False,,,NOT_APPLICABLE
A79E9B562724ACB0A285620DB140ED3B6F52FCDA4E72FF31363A24D15A583A4E,Z001023243745.pdf,FACTURA,QR_ARCA_STRONG,FACTURA,FACTURA,FACTURA,QR_ARCA_VALID_FACTURA,FACTURA,QR_ARCA_VALID_FACTURA,True,False,,,NOT_APPLICABLE
A7BADE04443004116FBA8D61734FD935ADA2B9C23ACC045FDB2BD7DE36EDEB9E,Z001023350018.pdf,FACTURA,QR_ARCA_STRONG,FACTURA,FACTURA|FACTURA,FACTURA,QR_ARCA_VALID_FACTURA,FACTURA,QR_ARCA_VALID_FACTURA,True,False,,,NOT_APPLICABLE
A7D0D177D1CCB130C093C3F5B09AC3F6AA32332F776804B281CD0D36015BDB72,Z001023321057.pdf,FACTURA,QR_ARCA_STRONG,FACTURA,FACTURA,FACTURA,QR_ARCA_VALID_FACTURA,FACTURA,QR_ARCA_VALID_FACTURA,True,False,,,NOT_APPLICABLE
A7E2D050AE6A451E8D7031F3B2CD5C0C7D46028B7C0A78F2B615E19B29272657,Z001023466454.pdf,FACTURA,QR_ARCA_STRONG,FACTURA,FACTURA,FACTURA,QR_ARCA_VALID_FACTURA,FACTURA,QR_ARCA_VALID_FACTURA,True,False,,,NOT_APPLICABLE
A88C6A4751F9912D9305D03EB3776DD14B96B8396F98F48331068504D008E6CC,Z001023266210.pdf,FACTURA,QR_ARCA_STRONG,FACTURA,FACTURA,FACTURA,QR_ARCA_VALID_FACTURA,FACTURA,QR_ARCA_VALID_FACTURA,True,False,,,NOT_APPLICABLE
A925841ABDBBBA3C4CE336C59731CF70CB6A8671AF5CEC26DBDF467A5D92B27F,Z001023267974.pdf,FACTURA,QR_ARCA_STRONG,FACTURA,FACTURA|FACTURA,FACTURA,QR_ARCA_VALID_FACTURA,FACTURA,QR_ARCA_VALID_FACTURA,True,False,,,NOT_APPLICABLE
A92813FAF3F630A2BD56EE3BFD4698B7F02E73AB258E69060425422B9409202C,Z001023336318.pdf,FACTURA,QR_ARCA_STRONG,FACTURA,FACTURA,FACTURA,QR_ARCA_VALID_FACTURA,FACTURA,QR_ARCA_VALID_FACTURA,True,False,,,NOT_APPLICABLE
A96DEE1D6A7E23D5E68607C65FF20DCFE740969199AAC8736E42D59AE4730A2B,Z001023305774.pdf,FACTURA,QR_ARCA_STRONG,FACTURA,FACTURA,FACTURA,QR_ARCA_VALID_FACTURA,FACTURA,QR_ARCA_VALID_FACTURA,True,False,,,NOT_APPLICABLE
AA84C3A4E4924686D838376E09090FD10087194C01C07A5EA950C292EF7C5773,Z001023305694.pdf,FACTURA,QR_ARCA_STRONG,FACTURA,FACTURA,FACTURA,QR_ARCA_VALID_FACTURA,FACTURA,QR_ARCA_VALID_FACTURA,True,False,,,NOT_APPLICABLE
AABF7B716F6EFB57A9B2A94209DC35148FE057B9591E0019F999ED73BEC22319,Z001023422339.pdf,FACTURA,QR_ARCA_STRONG,FACTURA,FACTURA,FACTURA,QR_ARCA_VALID_FACTURA,FACTURA,QR_ARCA_VALID_FACTURA,True,False,,,NOT_APPLICABLE
AB0C583E646597C83850FE9C08448F796CBA142A0E028D788A4966911C47F5D4,Z001023268128.pdf,FACTURA,QR_ARCA_STRONG,FACTURA,FACTURA,FACTURA,QR_ARCA_VALID_FACTURA,FACTURA,QR_ARCA_VALID_FACTURA,True,False,,,NOT_APPLICABLE
AB0D83C3DF9CFBA31A1263817C970E11E1100483FEAEB9FF1B3648423B98EC50,Z001023384968.pdf,FACTURA,QR_ARCA_STRONG,FACTURA,FACTURA,FACTURA,QR_ARCA_VALID_FACTURA,FACTURA,QR_ARCA_VALID_FACTURA,True,False,,,NOT_APPLICABLE
AB884F3366C4525F87C6694CA20947481EF300287DE4867EB133E4C54BBFC69F,Z001023267803.pdf,FACTURA,QR_ARCA_STRONG,FACTURA,FACTURA,FACTURA,QR_ARCA_VALID_FACTURA,FACTURA,QR_ARCA_VALID_FACTURA,True,False,,,NOT_APPLICABLE
ABDDFA8881E4CD0ED1415E127247052AE060CE64BD2FACE5989B2E277F168543,Z001023266919.pdf,FACTURA,QR_ARCA_STRONG,FACTURA,FACTURA,FACTURA,QR_ARCA_VALID_FACTURA,FACTURA,QR_ARCA_VALID_FACTURA,True,False,,,NOT_APPLICABLE
AC7F51DCC99C3BC48F1274A5EB79215443AF73810C32D0DBB5F765BBCB40E660,Z001023397928.pdf,FACTURA,QR_ARCA_STRONG,FACTURA,FACTURA,FACTURA,QR_ARCA_VALID_FACTURA,FACTURA,QR_ARCA_VALID_FACTURA,True,False,,,NOT_APPLICABLE
AD2799635E27A7E0E1451185C9AC53A3007944660C2909B4A3901B48049DFC74,Z001023337405.pdf,FACTURA,QR_ARCA_STRONG,FACTURA,FACTURA,FACTURA,QR_ARCA_VALID_FACTURA,FACTURA,QR_ARCA_VALID_FACTURA,True,False,,,NOT_APPLICABLE
AD38ECC329BC2D1D9C7EB6B476156A3E757E51B81A8781D479A9C382D6413B41,Z001023266943.pdf,FACTURA,QR_ARCA_STRONG,FACTURA,FACTURA,FACTURA,QR_ARCA_VALID_FACTURA,FACTURA,QR_ARCA_VALID_FACTURA,True,False,,,NOT_APPLICABLE
AD8BFE9C96C26C6BB914E83C6621C9708F3AFF672AF75B6AB01CD9C0EAE75AC0,Z001023266855.pdf,FACTURA,QR_ARCA_STRONG,FACTURA,FACTURA,FACTURA,QR_ARCA_VALID_FACTURA,FACTURA,QR_ARCA_VALID_FACTURA,True,False,,,NOT_APPLICABLE
ADDFD63B7C42F1260D78911245A68E078B8F253673927689B4CC49220FF7EB57,Z001023454959.pdf,FACTURA,QR_ARCA_STRONG,FACTURA,FACTURA,FACTURA,QR_ARCA_VALID_FACTURA,FACTURA,QR_ARCA_VALID_FACTURA,True,False,,,NOT_APPLICABLE
AE48F358ED15E164307B6F3416EA2A65B1ED9601E64C1F0F9578C8454C395CA4,Z001023268015.pdf,FACTURA,QR_ARCA_STRONG,FACTURA,FACTURA,FACTURA,QR_ARCA_VALID_FACTURA,FACTURA,QR_ARCA_VALID_FACTURA,True,False,,,NOT_APPLICABLE
AE6555FAEED3F6DA119B234934065DE34014B600D497678D3CA282EC4EE3AFAC,Z001023385021.pdf,FACTURA,QR_ARCA_STRONG,FACTURA,FACTURA,FACTURA,QR_ARCA_VALID_FACTURA,FACTURA,QR_ARCA_VALID_FACTURA,True,False,,,NOT_APPLICABLE
AEDC467B81545A573C8CF5C8878CF82047F638848F57F6CCD09D6E39D8261EEC,Z001023338065.pdf,FACTURA,QR_ARCA_STRONG,FACTURA,FACTURA,FACTURA,QR_ARCA_VALID_FACTURA,FACTURA,QR_ARCA_VALID_FACTURA,True,False,,,NOT_APPLICABLE
AF8B6445B3070AB2870510DFF2CAD430EBA17F2CDE35338DFBAF13D2E9EDA8A7,Z001023268100.pdf,FACTURA,QR_ARCA_STRONG,FACTURA,FACTURA,FACTURA,QR_ARCA_VALID_FACTURA,FACTURA,QR_ARCA_VALID_FACTURA,True,False,,,NOT_APPLICABLE
AF9E13927BD6123DA16DE0369AA7435A2892D4D71E8A0B3863F85C6A5E30455A,Z001023242882.pdf,OTRO_DOCUMENTO,EXISTING_GROUND_TRUTH,FACTURA,,FACTURA,FACTURA_TITLE_ONLY,,NO_DECISION_SECONDARY_FACTURA,,True,False,Asunto: RV: Factura alquiler Sucursal Bahia Blanca 016880 mas nc,SECONDARY_MENTION_MARKER
AFB2A16FE5967F1096CB2532D6F726831A460843CB1618E3F75A29899EF26F3D,Z001023397601.pdf,FACTURA,QR_ARCA_STRONG,FACTURA,FACTURA,FACTURA,QR_ARCA_VALID_FACTURA,FACTURA,QR_ARCA_VALID_FACTURA,True,False,,,NOT_APPLICABLE
AFD04E98404202094A303416378E65BFF378DACC29438FCCB31F15E5DA76A62D,Z001023321113.pdf,OTRO_DOCUMENTO,QR_ARCA_STRONG,RECIBO|FACTURA,OTRO_DOCUMENTO,OTRO_DOCUMENTO,QR_ARCA_VALID_OTHER,OTRO_DOCUMENTO,QR_ARCA_VALID_OTHER,True,False,,,NOT_APPLICABLE
AFD94A7738464B799D40D6192E9DD1BEEC6A0D45A535AACFA3EDD16D0B16F057,Z001023349975.pdf,FACTURA,QR_ARCA_STRONG,FACTURA,FACTURA,FACTURA,QR_ARCA_VALID_FACTURA,FACTURA,QR_ARCA_VALID_FACTURA,True,False,,,NOT_APPLICABLE
AFF82FA6EF3277DD84FB0590FEFDAA94384C7C16B8DD7E888E0AC3694B287D74,Z001023385195.pdf,FACTURA,QR_ARCA_STRONG,FACTURA,FACTURA,FACTURA,QR_ARCA_VALID_FACTURA,FACTURA,QR_ARCA_VALID_FACTURA,True,False,,,NOT_APPLICABLE
B037CD5D6C3DBFE242C1D48A41B2E684E3A06C137605AD08407CCABBF0300E9C,Z001023410269.pdf,FACTURA,QR_ARCA_STRONG,FACTURA,FACTURA,FACTURA,QR_ARCA_VALID_FACTURA,FACTURA,QR_ARCA_VALID_FACTURA,True,False,,,NOT_APPLICABLE
B0A4197888EA55EB0525400667380D7303F51FA37116676CBF8C89C3C4576029,Z001023306241.pdf,FACTURA,QR_ARCA_STRONG,FACTURA,FACTURA,FACTURA,QR_ARCA_VALID_FACTURA,FACTURA,QR_ARCA_VALID_FACTURA,True,False,,,NOT_APPLICABLE
B155575B3E5AA921C9BE814DB5AE231CE4A154F9464C903FFF45753EDF9BB098,Z001023267779.pdf,FACTURA,QR_ARCA_STRONG,FACTURA,FACTURA,FACTURA,QR_ARCA_VALID_FACTURA,FACTURA,QR_ARCA_VALID_FACTURA,True,False,,,NOT_APPLICABLE
B183B3C2FBEA842AA2E1271A4F4F99AD84CB291E37911A846655D8B7C3B6F0F7,Z001023338056.pdf,FACTURA,QR_ARCA_STRONG,FACTURA,FACTURA,FACTURA,QR_ARCA_VALID_FACTURA,FACTURA,QR_ARCA_VALID_FACTURA,True,False,,,NOT_APPLICABLE
B22A76E1E4FD31EF224C10ACFE0E347C516EF33BA7C3ECF2F5490502A042BFD9,Z001023366958.pdf,FACTURA,QR_ARCA_STRONG,FACTURA,FACTURA|FACTURA,FACTURA,QR_ARCA_VALID_FACTURA,FACTURA,QR_ARCA_VALID_FACTURA,True,False,,,NOT_APPLICABLE
B261F434C6894AF945296D248F09A6B8DFCADCFD119DC890EDE995D62C59E4AB,Z001023410764.pdf,FACTURA,QR_ARCA_STRONG,FACTURA,FACTURA,FACTURA,QR_ARCA_VALID_FACTURA,FACTURA,QR_ARCA_VALID_FACTURA,True,False,,,NOT_APPLICABLE
B2997181C2966B7D939278DE583E1C455291A7919335F007B8E7502E8FF7BED6,Z001023384953.pdf,FACTURA,QR_ARCA_STRONG,FACTURA,FACTURA,FACTURA,QR_ARCA_VALID_FACTURA,FACTURA,QR_ARCA_VALID_FACTURA,True,False,,,NOT_APPLICABLE
B2C834CFED8E0CEFDFC52915E35EC7F7E4E3C09E73B77FA068A55848357A78DA,Z001023283763.pdf,FACTURA,QR_ARCA_STRONG,FACTURA,FACTURA,FACTURA,QR_ARCA_VALID_FACTURA,FACTURA,QR_ARCA_VALID_FACTURA,True,False,,,NOT_APPLICABLE
B2EC24389642801888074E7E0AFA7D94B5A444FDA2F8FE74C2AF1D76B6E3BCEC,Z001023305858.pdf,FACTURA,QR_ARCA_STRONG,FACTURA,FACTURA,FACTURA,QR_ARCA_VALID_FACTURA,FACTURA,QR_ARCA_VALID_FACTURA,True,False,,,NOT_APPLICABLE
B30F44F06B3B610827B41DCAB057CFBD3F73DFD201E509567A97022B58BE754E,Z001023243394.pdf,FACTURA,QR_ARCA_STRONG,FACTURA,FACTURA,FACTURA,QR_ARCA_VALID_FACTURA,FACTURA,QR_ARCA_VALID_FACTURA,True,False,,,NOT_APPLICABLE
B3E8F9A23D84DA4EF6F0BED0132ABEC06DBBCC00BADF676ED7BD7E71E44FDF73,Z001023320998.pdf,FACTURA,QR_ARCA_STRONG,,FACTURA,FACTURA,QR_ARCA_VALID_FACTURA,FACTURA,QR_ARCA_VALID_FACTURA,True,False,,,NOT_APPLICABLE
B43FBD417EF3A374DBF2C0452FEBBCF37E606C43B32910257C5C61F0D456E116,Z001023266211.pdf,FACTURA,QR_ARCA_STRONG,FACTURA,FACTURA,FACTURA,QR_ARCA_VALID_FACTURA,FACTURA,QR_ARCA_VALID_FACTURA,True,False,,,NOT_APPLICABLE
B44251C89926FF5181BC892C404BAF4F11E48626212A6C970A5D7DDEAEBF3CA6,Z001023266852.pdf,FACTURA,QR_ARCA_STRONG,FACTURA,FACTURA,FACTURA,QR_ARCA_VALID_FACTURA,FACTURA,QR_ARCA_VALID_FACTURA,True,False,,,NOT_APPLICABLE
B4430B9D1CE090C0C6EBC8ECC4D373545087A303D6846768C96141BD69FD3D68,Z001023283764.pdf,FACTURA,QR_ARCA_STRONG,FACTURA,FACTURA,FACTURA,QR_ARCA_VALID_FACTURA,FACTURA,QR_ARCA_VALID_FACTURA,True,False,,,NOT_APPLICABLE
B46721DBF0CC1963B2C57D5D4C35252EEC8B7C40AA9B65F00B72A5A0AE888BA5,Z001023367067.pdf,FACTURA,QR_ARCA_STRONG,FACTURA,FACTURA,FACTURA,QR_ARCA_VALID_FACTURA,FACTURA,QR_ARCA_VALID_FACTURA,True,False,,,NOT_APPLICABLE
B49BC0B1FC19AAC79B16DC36E0EE7096B46796D74369F33A1A753F4B1237A7BD,Z001023267336.pdf,FACTURA,QR_ARCA_STRONG,FACTURA,FACTURA,FACTURA,QR_ARCA_VALID_FACTURA,FACTURA,QR_ARCA_VALID_FACTURA,True,False,,,NOT_APPLICABLE
B4C8FA3786E8BA119F3C5F40F1BF5868D7591D0E865FF2AF84F7235674F33C88,Z001023243075.pdf,FACTURA,EXISTING_GROUND_TRUTH,FACTURA,FACTURA,FACTURA,QR_ARCA_VALID_FACTURA,FACTURA,QR_ARCA_VALID_FACTURA,True,False,,,NOT_APPLICABLE
B5ACDD8CF3C659A5ACA521D4D5BDD33A4ABCED7E3B51BCE62232BF6509A7A6B5,Z001023243463.pdf,FACTURA,QR_ARCA_STRONG,FACTURA,FACTURA,FACTURA,QR_ARCA_VALID_FACTURA,FACTURA,QR_ARCA_VALID_FACTURA,True,False,,,NOT_APPLICABLE
B5C325DEA3BD4B0A25EA5C3EDE914856F9CC703DC3DAEF00F3443733CDDC020F,Z001023336347.pdf,FACTURA,QR_ARCA_STRONG,FACTURA,FACTURA,FACTURA,QR_ARCA_VALID_FACTURA,FACTURA,QR_ARCA_VALID_FACTURA,True,False,,,NOT_APPLICABLE
B5DE25694A1E3F151038528A102E8613AAA3E63ED988DE74C8B99134F65C2CE1,Z001023243734.pdf,FACTURA,QR_ARCA_STRONG,FACTURA,FACTURA,FACTURA,QR_ARCA_VALID_FACTURA,FACTURA,QR_ARCA_VALID_FACTURA,True,False,,,NOT_APPLICABLE
B659F8BCB146A10D8370F7CBC2A5C9DB45207D9B5EFB86E12A2786DA28051160,Z001023306257.pdf,FACTURA,QR_ARCA_STRONG,,FACTURA,FACTURA,QR_ARCA_VALID_FACTURA,FACTURA,QR_ARCA_VALID_FACTURA,True,False,,,NOT_APPLICABLE
B68674F3B9393FDE895EBE47421061B41DCE664D2174AFA8C7904CD4324C5124,Z001023243327.pdf,FACTURA,EXISTING_GROUND_TRUTH,FACTURA,,FACTURA,FACTURA_TITLE_ONLY,FACTURA,FACTURA_TITLE_ONLY_STRONG_POSITIONAL,True,True,True,FACTURA,TITLE_LINE_WITH_ADJACENT_ID
B7004863AED55E481D4397435BD5B06CEA6180397E1059883D51F5D066F1147F,Z001023243369.pdf,FACTURA,EXISTING_GROUND_TRUTH,FACTURA,,FACTURA,FACTURA_TITLE_ONLY,FACTURA,FACTURA_TITLE_ONLY_STRONG_POSITIONAL,True,True,True,FACTURA ELECTRONICA A,EXPLICIT_FISCAL_TITLE_ALIAS
B77D4EBDF02A914E4B6BB74E218EBA5B9F3C84F47E7C63F5DCAE563B8ABE7A72,Z001023385283.pdf,FACTURA,QR_ARCA_STRONG,FACTURA,FACTURA,FACTURA,QR_ARCA_VALID_FACTURA,FACTURA,QR_ARCA_VALID_FACTURA,True,False,,,NOT_APPLICABLE
B78BB8245C935535BC3425C474DD8C21F7E5434AF84B89A889F4DCB0C0595930,Z001023422501.pdf,FACTURA,QR_ARCA_STRONG,FACTURA,FACTURA,FACTURA,QR_ARCA_VALID_FACTURA,FACTURA,QR_ARCA_VALID_FACTURA,True,False,,,NOT_APPLICABLE
B80AFDA11B97B8B04E84D9CD740D359D1C596DF8F1D8F5F1FD844D8FEA257681,Z001023467603.pdf,FACTURA,QR_ARCA_STRONG,FACTURA,FACTURA,FACTURA,QR_ARCA_VALID_FACTURA,FACTURA,QR_ARCA_VALID_FACTURA,True,False,,,NOT_APPLICABLE
B838D34AF658B43A04B590C709EF56D29457768AC2561246DE907FDBB3E164FA,Z001023466523.pdf,FACTURA,QR_ARCA_STRONG,FACTURA,FACTURA,FACTURA,QR_ARCA_VALID_FACTURA,FACTURA,QR_ARCA_VALID_FACTURA,True,False,,,NOT_APPLICABLE
B84A772378756B6314CFD7C847ED11E8ED0969129EDEC4C4AB968DFC4819F7C8,Z001023305870.pdf,FACTURA,QR_ARCA_STRONG,FACTURA,FACTURA,FACTURA,QR_ARCA_VALID_FACTURA,FACTURA,QR_ARCA_VALID_FACTURA,True,False,,,NOT_APPLICABLE
B84B427F6FD18CB0429FFD385661A0D9E127F2E46C5B2ADC755D18414A870739,Z001023242373.pdf,FACTURA,QR_ARCA_STRONG,FACTURA,FACTURA,FACTURA,QR_ARCA_VALID_FACTURA,FACTURA,QR_ARCA_VALID_FACTURA,True,False,,,NOT_APPLICABLE
BA599EC41FE7E359E5A4333D2216B20E2F1B14EEC86D337177BBE86642EFBC1F,Z001023423179.pdf,FACTURA,QR_ARCA_STRONG,FACTURA,FACTURA,FACTURA,QR_ARCA_VALID_FACTURA,FACTURA,QR_ARCA_VALID_FACTURA,True,False,,,NOT_APPLICABLE
BA98CE4928F0A74D663B803FFB02DF2C63C5E0404FC89B630992D31DEF7B9B63,Z001023338076.pdf,FACTURA,QR_ARCA_STRONG,FACTURA,FACTURA,FACTURA,QR_ARCA_VALID_FACTURA,FACTURA,QR_ARCA_VALID_FACTURA,True,False,,,NOT_APPLICABLE
BAAE431824638D35FB35CDA58C3D162F45CF18993CC7DD8696C0ED104C344E01,Z001023366204.pdf,FACTURA,QR_ARCA_STRONG,FACTURA,FACTURA,FACTURA,QR_ARCA_VALID_FACTURA,FACTURA,QR_ARCA_VALID_FACTURA,True,False,,,NOT_APPLICABLE
BAB2FC9AD6FCB9791998B45C2980B39C5B8761CA41A9B31757578BED83609B74,Z001023283877.pdf,FACTURA,QR_ARCA_STRONG,FACTURA,FACTURA,FACTURA,QR_ARCA_VALID_FACTURA,FACTURA,QR_ARCA_VALID_FACTURA,True,False,,,NOT_APPLICABLE
BAD58EFDAD38F78981FFC549AF4B2F8E08A05F91717C17C0926AD6E832356563,Z001023243751.pdf,OTRO_DOCUMENTO,QR_ARCA_STRONG,NOTA_DEBITO|FACTURA,OTRO_DOCUMENTO,OTRO_DOCUMENTO,QR_ARCA_VALID_OTHER,OTRO_DOCUMENTO,QR_ARCA_VALID_OTHER,True,False,,,NOT_APPLICABLE
BBE194D39B1BE0FC4F79746855975E750A39C4A50FF4BFDC2FD0EE6FA1BE1DE2,Z001023306142.pdf,FACTURA,QR_ARCA_STRONG,FACTURA,FACTURA,FACTURA,QR_ARCA_VALID_FACTURA,FACTURA,QR_ARCA_VALID_FACTURA,True,False,,,NOT_APPLICABLE
BC50881D0FA286197EF00AE2A783C5F35035D52AB8D8331389563F71777F200E,Z001023385733.pdf,FACTURA,QR_ARCA_STRONG,FACTURA,FACTURA,FACTURA,QR_ARCA_VALID_FACTURA,FACTURA,QR_ARCA_VALID_FACTURA,True,False,,,NOT_APPLICABLE
BCBBF28C995BCD25F999826AE1848F034C3835F0CFA162AFA733CB7F3317C176,Z001023305690.pdf,FACTURA,QR_ARCA_STRONG,FACTURA,FACTURA,FACTURA,QR_ARCA_VALID_FACTURA,FACTURA,QR_ARCA_VALID_FACTURA,True,False,,,NOT_APPLICABLE
BCDB3FA6314A6818D45588D3055054720B71C0FFD5AF1BF073F8B68C9823DB5C,Z001023422191.pdf,FACTURA,QR_ARCA_STRONG,FACTURA,FACTURA,FACTURA,QR_ARCA_VALID_FACTURA,FACTURA,QR_ARCA_VALID_FACTURA,True,False,,,NOT_APPLICABLE
BD24EA94A76C917A05925825C6264475970B3150A5DD24C5C1706E1BCE397335,Z001023306744.pdf,FACTURA,QR_ARCA_STRONG,FACTURA,FACTURA,FACTURA,QR_ARCA_VALID_FACTURA,FACTURA,QR_ARCA_VALID_FACTURA,True,False,,,NOT_APPLICABLE
BD7F4BAA498B98BEFACE0028528DCDF91D331EBEC91FDC934BAC440BB06984D5,Z001023321063.pdf,FACTURA,QR_ARCA_STRONG,FACTURA,FACTURA|FACTURA,FACTURA,QR_ARCA_VALID_FACTURA,FACTURA,QR_ARCA_VALID_FACTURA,True,False,,,NOT_APPLICABLE
BD8E11FCAEC9A44D6A00F4A35DDE7592D803BF3A213F1871A206063466741EDA,Z001023338057.pdf,FACTURA,QR_ARCA_STRONG,FACTURA,FACTURA,FACTURA,QR_ARCA_VALID_FACTURA,FACTURA,QR_ARCA_VALID_FACTURA,True,False,,,NOT_APPLICABLE
BE42D5645B6B6FC115CDDAC2DE7D1E6B4155601B7184FD659D4E749B43A7CC4F,Z001023305821.pdf,FACTURA,QR_ARCA_STRONG,FACTURA,FACTURA|FACTURA,FACTURA,QR_ARCA_VALID_FACTURA,FACTURA,QR_ARCA_VALID_FACTURA,True,False,,,NOT_APPLICABLE
BEBEE3FEB2ECE2A58A28A20BC713DBD94D72534F2C5B58650B9A002E753C4FC7,Z001023243468.pdf,FACTURA,QR_ARCA_STRONG,FACTURA,FACTURA,FACTURA,QR_ARCA_VALID_FACTURA,FACTURA,QR_ARCA_VALID_FACTURA,True,False,,,NOT_APPLICABLE
BF29AA335807B8772722D77E8BB1A6FFF97439E4C538B4E8487ABADED18B3E1E,Z001023455043.pdf,FACTURA,QR_ARCA_STRONG,FACTURA,FACTURA,FACTURA,QR_ARCA_VALID_FACTURA,FACTURA,QR_ARCA_VALID_FACTURA,True,False,,,NOT_APPLICABLE
BF3C8B6E0629580CD73B07E38158B2BAC03A920BD9965548A236F02203849DB0,Z001023243736.pdf,OTRO_DOCUMENTO,QR_ARCA_STRONG,NOTA_CREDITO|FACTURA,OTRO_DOCUMENTO,OTRO_DOCUMENTO,QR_ARCA_VALID_OTHER,OTRO_DOCUMENTO,QR_ARCA_VALID_OTHER,True,False,,,NOT_APPLICABLE
BFA345B7F7EFD8A252FFE7A2961BC8491F0CA8088E7FA68D0FFBA8CDDD06C239,Z001023384990.pdf,FACTURA,QR_ARCA_STRONG,FACTURA,FACTURA,FACTURA,QR_ARCA_VALID_FACTURA,FACTURA,QR_ARCA_VALID_FACTURA,True,False,,,NOT_APPLICABLE
C03307D0E30E87F1DB5F43875D2908DF294EC66AFC045B5F000F4B437912790C,Z001023467519.pdf,FACTURA,QR_ARCA_STRONG,FACTURA,FACTURA,FACTURA,QR_ARCA_VALID_FACTURA,FACTURA,QR_ARCA_VALID_FACTURA,True,False,,,NOT_APPLICABLE
C09C687DD4CA97DF30A9EEA5AC8D3FC4F376766772980E559830B9458C6E9A0F,Z001023305705.pdf,FACTURA,QR_ARCA_STRONG,FACTURA,FACTURA,FACTURA,QR_ARCA_VALID_FACTURA,FACTURA,QR_ARCA_VALID_FACTURA,True,False,,,NOT_APPLICABLE
C0D4042C7735626A538A99C8481F8B0D139A983D3DE8B0FDB50C6B519588B0D0,Z001023338081.pdf,FACTURA,QR_ARCA_STRONG,FACTURA,FACTURA,FACTURA,QR_ARCA_VALID_FACTURA,FACTURA,QR_ARCA_VALID_FACTURA,True,False,,,NOT_APPLICABLE
C128DB050D40091655B54E5796821E4B97A21879827F408B1A1562D141649385,Z001023305613.pdf,FACTURA,QR_ARCA_STRONG,FACTURA,FACTURA,FACTURA,QR_ARCA_VALID_FACTURA,FACTURA,QR_ARCA_VALID_FACTURA,True,False,,,NOT_APPLICABLE
C1339904E1A25B7C57F4FCD77911D4E12AC16E32615C65591D13F656405BCD61,Z001023351308.pdf,FACTURA,QR_ARCA_STRONG,FACTURA,FACTURA,FACTURA,QR_ARCA_VALID_FACTURA,FACTURA,QR_ARCA_VALID_FACTURA,True,False,,,NOT_APPLICABLE
C177CD77BAA5F5587D302FDCC9F5615424F6BCED6057AA300113D6E3A600DC02,Z001023242796.pdf,FACTURA,EXISTING_GROUND_TRUTH,FACTURA,,FACTURA,FACTURA_TITLE_ONLY,FACTURA,FACTURA_TITLE_ONLY_STRONG_POSITIONAL,True,True,True,FACTURA CRÉDITO ELECTRÓNICA,EXPLICIT_FISCAL_TITLE_DESCRIPTOR
C2100227A4E19E89166D86B967E5BBDCD57CA5023BA5E65D69389BC8B8BEC3C8,Z001023306237.pdf,FACTURA,QR_ARCA_STRONG,FACTURA,FACTURA,FACTURA,QR_ARCA_VALID_FACTURA,FACTURA,QR_ARCA_VALID_FACTURA,True,False,,,NOT_APPLICABLE
C253AB0D7A2231B0EE8ADE2089FF0F31FB3DCD431952756AEF456E8C35F50177,Z001023283766.pdf,FACTURA,QR_ARCA_STRONG,FACTURA,FACTURA,FACTURA,QR_ARCA_VALID_FACTURA,FACTURA,QR_ARCA_VALID_FACTURA,True,False,,,NOT_APPLICABLE
C286855F489A0EF1D75420C90BA90D7C7F7357631A50F2B6239F2E888FD0198B,Z001023478405.pdf,FACTURA,QR_ARCA_STRONG,FACTURA,FACTURA,FACTURA,QR_ARCA_VALID_FACTURA,FACTURA,QR_ARCA_VALID_FACTURA,True,False,,,NOT_APPLICABLE
C2B9C93B9693A319CF01C0A5D31F3962BF7E02F0006FD13871EDFC50CF7B4121,Z001023350945.pdf,FACTURA,QR_ARCA_STRONG,FACTURA,FACTURA,FACTURA,QR_ARCA_VALID_FACTURA,FACTURA,QR_ARCA_VALID_FACTURA,True,False,,,NOT_APPLICABLE
C2C93818726DAC52E58536C78525B62A417DEC82F9491E4941E8AEE2CFA42B42,Z001023242895.pdf,FACTURA,EXISTING_GROUND_TRUTH,FACTURA,FACTURA,FACTURA,QR_ARCA_VALID_FACTURA,FACTURA,QR_ARCA_VALID_FACTURA,True,False,,,NOT_APPLICABLE
C32B2E20D7C26374931D1211FDDC75A8B9DC021D4FB1E43E423060A42FCB0F90,Z001023243393.pdf,FACTURA,QR_ARCA_STRONG,FACTURA,FACTURA,FACTURA,QR_ARCA_VALID_FACTURA,FACTURA,QR_ARCA_VALID_FACTURA,True,False,,,NOT_APPLICABLE
C34D90268A5F10333F6EEB206403454ED03AD03DFE2E0F82144D322FCB2BE2FE,Z001023243461.pdf,FACTURA,QR_ARCA_STRONG,FACTURA,FACTURA,FACTURA,QR_ARCA_VALID_FACTURA,FACTURA,QR_ARCA_VALID_FACTURA,True,False,,,NOT_APPLICABLE
C3B17A6E5FCF4075138716E7C05C7C2C00B9C6DB35B1F7CF269759EE308A472C,Z001023243396.pdf,FACTURA,QR_ARCA_STRONG,FACTURA,FACTURA,FACTURA,QR_ARCA_VALID_FACTURA,FACTURA,QR_ARCA_VALID_FACTURA,True,False,,,NOT_APPLICABLE
C467CA492CC79EDB963E9E4B1D87CB6B9AC232D99505BB4BFF97EA5240921873,Z001023322035.pdf,FACTURA,QR_ARCA_STRONG,FACTURA,FACTURA,FACTURA,QR_ARCA_VALID_FACTURA,FACTURA,QR_ARCA_VALID_FACTURA,True,False,,,NOT_APPLICABLE
C4FA660C17826F3719DD1559315A2810F55C5F458EC9FE51CBC1C34E09580929,Z001023410665.pdf,FACTURA,QR_ARCA_STRONG,FACTURA,FACTURA,FACTURA,QR_ARCA_VALID_FACTURA,FACTURA,QR_ARCA_VALID_FACTURA,True,False,,,NOT_APPLICABLE
C5015F3E9ACE903E1F1A3F021F972B5725DAA7D97CBF494731F3C5FFBD0178AB,Z001023283746.pdf,FACTURA,QR_ARCA_STRONG,FACTURA,FACTURA,FACTURA,QR_ARCA_VALID_FACTURA,FACTURA,QR_ARCA_VALID_FACTURA,True,False,,,NOT_APPLICABLE
C5130207272100B6F37D2F1DF7D551DB1B8689288E3EDA73B8DE49834D6D8DF4,Z001023337180.pdf,FACTURA,QR_ARCA_STRONG,FACTURA,FACTURA,FACTURA,QR_ARCA_VALID_FACTURA,FACTURA,QR_ARCA_VALID_FACTURA,True,False,,,NOT_APPLICABLE
C5AB3289EC750F8FE7A4D0025AEC51B2F9E3031E9A750BFD7152F5635577B831,Z001023349834.pdf,FACTURA,QR_ARCA_STRONG,,FACTURA,FACTURA,QR_ARCA_VALID_FACTURA,FACTURA,QR_ARCA_VALID_FACTURA,True,False,,,NOT_APPLICABLE
C6469439E8A7EADDAB74F948CDEB8C758FB7E73195A0FA9FADF994E98857A5FC,Z001023410267.pdf,FACTURA,QR_ARCA_STRONG,FACTURA,FACTURA|FACTURA,FACTURA,QR_ARCA_VALID_FACTURA,FACTURA,QR_ARCA_VALID_FACTURA,True,False,,,NOT_APPLICABLE
C6FA29FFDF0C2B39FE22AA6A5DF8FDC4C215B1DD849C481E4EF56978B614EAE2,Z001023242527.pdf,FACTURA,QR_ARCA_STRONG,FACTURA,FACTURA,FACTURA,QR_ARCA_VALID_FACTURA,FACTURA,QR_ARCA_VALID_FACTURA,True,False,,,NOT_APPLICABLE
C7DCFC7B887ED14B331FE01DC9255DB7490E7A0124783AFBAF3B6B292AD6D0A6,Z001023283899.pdf,FACTURA,QR_ARCA_STRONG,FACTURA,FACTURA|FACTURA,FACTURA,QR_ARCA_VALID_FACTURA,FACTURA,QR_ARCA_VALID_FACTURA,True,False,,,NOT_APPLICABLE
C92C0422097D51A3D93193E6CF419568C35B45B68AE7BA0E8F044DAA781BDE27,Z001023423202.pdf,OTRO_DOCUMENTO,QR_ARCA_STRONG,NOTA_CREDITO|FACTURA,OTRO_DOCUMENTO,OTRO_DOCUMENTO,QR_ARCA_VALID_OTHER,OTRO_DOCUMENTO,QR_ARCA_VALID_OTHER,True,False,,,NOT_APPLICABLE
C94D2466ABBCA670AEB72345C937ECD41C9AE3519E58A521C3DC5E400F88B6CB,Z001023350130.pdf,FACTURA,QR_ARCA_STRONG,FACTURA,FACTURA,FACTURA,QR_ARCA_VALID_FACTURA,FACTURA,QR_ARCA_VALID_FACTURA,True,False,,,NOT_APPLICABLE
C975B3D927FB1E30EEDB65478115A3885467118916194B500FD55F0D0875019E,Z001023306560.pdf,FACTURA,QR_ARCA_STRONG,FACTURA,FACTURA,FACTURA,QR_ARCA_VALID_FACTURA,FACTURA,QR_ARCA_VALID_FACTURA,True,False,,,NOT_APPLICABLE
C9E25B0A4129298A70D0938226DC15E47A3489EE06D723D9F8A969C5193FB68D,Z001023283842.pdf,FACTURA,QR_ARCA_STRONG,FACTURA,FACTURA,FACTURA,QR_ARCA_VALID_FACTURA,FACTURA,QR_ARCA_VALID_FACTURA,True,False,,,NOT_APPLICABLE
CA02A2902F5BD9190AD57D7FDB96C2EDBE63D4E91C1524B91B5677BDDA01A3BF,Z001023284844.pdf,FACTURA,QR_ARCA_STRONG,FACTURA,FACTURA|FACTURA,FACTURA,QR_ARCA_VALID_FACTURA,FACTURA,QR_ARCA_VALID_FACTURA,True,False,,,NOT_APPLICABLE
CA106104222A9D6DF2CA34E8D58F08DB9F65369DFD4A2465C7836AFB52F4EABD,Z001023266864.pdf,FACTURA,QR_ARCA_STRONG,FACTURA,FACTURA,FACTURA,QR_ARCA_VALID_FACTURA,FACTURA,QR_ARCA_VALID_FACTURA,True,False,,,NOT_APPLICABLE
CA14A4C3BB942C93600EBD048A66925B35F6189FFF084EE4AF994D09603804F3,Z001023435387.pdf,FACTURA,QR_ARCA_STRONG,FACTURA,FACTURA,FACTURA,QR_ARCA_VALID_FACTURA,FACTURA,QR_ARCA_VALID_FACTURA,True,False,,,NOT_APPLICABLE
CA4B144974CDD331E904D3646E7F74FDAE6502B6CCDA4A0B4845C2FA9E2F6DB8,Z001023243171.pdf,OTRO_DOCUMENTO,EXISTING_GROUND_TRUTH,,,,NO_DECISION,,NO_DECISION,,False,,,NOT_APPLICABLE
CA75936BB5B3F05DC8FDB2E6D7BA8CD9F1E57E6DD78173F81181FDC1C88D6451,Z001023422176.pdf,FACTURA,QR_ARCA_STRONG,FACTURA,FACTURA,FACTURA,QR_ARCA_VALID_FACTURA,FACTURA,QR_ARCA_VALID_FACTURA,True,False,,,NOT_APPLICABLE
CACFCD72797B5F3FDBC68225A60AA5A14FBC6A696BDE7B0F8377B5B9A2BC254C,Z001023410752.pdf,FACTURA,QR_ARCA_STRONG,FACTURA,FACTURA,FACTURA,QR_ARCA_VALID_FACTURA,FACTURA,QR_ARCA_VALID_FACTURA,True,False,,,NOT_APPLICABLE
CB3F881168E39D42F2154112BEFFC872F79A0F1E34F6E9C1939842604C61CA62,Z001023305808.pdf,FACTURA,QR_ARCA_STRONG,FACTURA,FACTURA,FACTURA,QR_ARCA_VALID_FACTURA,FACTURA,QR_ARCA_VALID_FACTURA,True,False,,,NOT_APPLICABLE
CB67F361EA64E80587BAB165B922A2E4760A9CB206DD074A571F27A3DC6C743A,Z001023336433.pdf,FACTURA,QR_ARCA_STRONG,FACTURA,FACTURA,FACTURA,QR_ARCA_VALID_FACTURA,FACTURA,QR_ARCA_VALID_FACTURA,True,False,,,NOT_APPLICABLE
CBF1504F1A2BD20989734BB93F9A6B821D696DC3D9F026A3AE97DB428987BDF8,Z001023243376.pdf,FACTURA,QR_ARCA_STRONG,FACTURA,FACTURA,FACTURA,QR_ARCA_VALID_FACTURA,FACTURA,QR_ARCA_VALID_FACTURA,True,False,,,NOT_APPLICABLE
CBF2C5E3D3358E302151CED6A4FA4397E6E7656E3D8B5A494F458C3DD20F0286,Z001023320989.pdf,FACTURA,QR_ARCA_STRONG,FACTURA,FACTURA,FACTURA,QR_ARCA_VALID_FACTURA,FACTURA,QR_ARCA_VALID_FACTURA,True,False,,,NOT_APPLICABLE
CCFC8856B2EE75B258F83A9BD8D590012639F2C3E9281B03568D96D0692E4D9A,Z001023455165.pdf,OTRO_DOCUMENTO,QR_ARCA_STRONG,NOTA_DEBITO|FACTURA,OTRO_DOCUMENTO,OTRO_DOCUMENTO,QR_ARCA_VALID_OTHER,OTRO_DOCUMENTO,QR_ARCA_VALID_OTHER,True,False,,,NOT_APPLICABLE
CD3258E1403C53DB4C5EACA945EF96391202785804131074295CCBE93FC71D03,Z001023283872.pdf,FACTURA,QR_ARCA_STRONG,FACTURA,FACTURA,FACTURA,QR_ARCA_VALID_FACTURA,FACTURA,QR_ARCA_VALID_FACTURA,True,False,,,NOT_APPLICABLE
CD4CD7560303283D5284D0D6B005BEEDB1CC792033BDCF94FB6BED9C4125C0E2,Z001023338082.pdf,FACTURA,QR_ARCA_STRONG,FACTURA,FACTURA,FACTURA,QR_ARCA_VALID_FACTURA,FACTURA,QR_ARCA_VALID_FACTURA,True,False,,,NOT_APPLICABLE
CDCE4AFFBA4C7A14E62EC97B786AE463F5A06625309D2F3C7EC30632192363E0,Z001023423281.pdf,OTRO_DOCUMENTO,QR_ARCA_STRONG,NOTA_DEBITO|FACTURA,OTRO_DOCUMENTO,OTRO_DOCUMENTO,QR_ARCA_VALID_OTHER,OTRO_DOCUMENTO,QR_ARCA_VALID_OTHER,True,False,,,NOT_APPLICABLE
CF8EE0C26F214C226A853C81CBE52E96BF760B42197050F3726F7344891B269F,Z001023467443.pdf,FACTURA,QR_ARCA_STRONG,FACTURA,FACTURA,FACTURA,QR_ARCA_VALID_FACTURA,FACTURA,QR_ARCA_VALID_FACTURA,True,False,,,NOT_APPLICABLE
D03C1B7D2CE5300F2A3C336A8087AE6560C158270F5B6818D0E8E90DA84B5550,Z001023398914.pdf,FACTURA,QR_ARCA_STRONG,FACTURA,FACTURA,FACTURA,QR_ARCA_VALID_FACTURA,FACTURA,QR_ARCA_VALID_FACTURA,True,False,,,NOT_APPLICABLE
D0998159322E7036852951E3B6BB4631E0A5EF21ADFC0DFC39679D4F410C959F,Z001023243074.pdf,FACTURA,EXISTING_GROUND_TRUTH,FACTURA,FACTURA,FACTURA,QR_ARCA_VALID_FACTURA,FACTURA,QR_ARCA_VALID_FACTURA,True,False,,,NOT_APPLICABLE
D11EF5EFCB57C92D4BE706C631DEFF9D02684892A02A457AA7DF2790EC054948,Z001023385276.pdf,FACTURA,QR_ARCA_STRONG,FACTURA,FACTURA,FACTURA,QR_ARCA_VALID_FACTURA,FACTURA,QR_ARCA_VALID_FACTURA,True,False,,,NOT_APPLICABLE
D163D9B8B20036EC5A3CE46A3EA5FC17F7C3019E2243C66920EF6716BF3A65A9,Z001023351282.pdf,FACTURA,QR_ARCA_STRONG,FACTURA,FACTURA,FACTURA,QR_ARCA_VALID_FACTURA,FACTURA,QR_ARCA_VALID_FACTURA,True,False,,,NOT_APPLICABLE
D165FB62E80F26847F1F00B1DBD7E949928E56EC5C2A0EDD2FE929E4ABD85CB0,Z001023243377.pdf,FACTURA,EXISTING_GROUND_TRUTH,FACTURA,,FACTURA,FACTURA_TITLE_ONLY,FACTURA,FACTURA_TITLE_ONLY_STRONG_POSITIONAL,True,True,True,FACTURA,TITLE_LINE_WITH_ADJACENT_ID
D183235157D76503E27005F2393996607AA052447B62D8B048242B417E9E45B4,Z001023422471.pdf,FACTURA,QR_ARCA_STRONG,FACTURA,FACTURA,FACTURA,QR_ARCA_VALID_FACTURA,FACTURA,QR_ARCA_VALID_FACTURA,True,False,,,NOT_APPLICABLE
D19AD7052E1DA4CDC234A7E9C645D2FE992C1AEB9092802605F5BE4CC83326EF,Z001023321074.pdf,FACTURA,QR_ARCA_STRONG,FACTURA,FACTURA,FACTURA,QR_ARCA_VALID_FACTURA,FACTURA,QR_ARCA_VALID_FACTURA,True,False,,,NOT_APPLICABLE
D1B8EF56BC2CC9568D9F04C2ED50CEA8C6F4A17561011E419D36CE40F034ABC8,Z001023266235.pdf,FACTURA,QR_ARCA_STRONG,FACTURA,FACTURA,FACTURA,QR_ARCA_VALID_FACTURA,FACTURA,QR_ARCA_VALID_FACTURA,True,False,,,NOT_APPLICABLE
D1E6F1AF5284A0AD66F07602A7398225612A7F72630FAB3C140919894AB51E8E,Z001023385994.pdf,FACTURA,QR_ARCA_STRONG,FACTURA,FACTURA|FACTURA,FACTURA,QR_ARCA_VALID_FACTURA,FACTURA,QR_ARCA_VALID_FACTURA,True,False,,,NOT_APPLICABLE
D2009CF9F31D7894DB728342C16C23B5D69767488011AB222E69A86185D457AF,Z001023266342.pdf,FACTURA,QR_ARCA_STRONG,FACTURA,FACTURA,FACTURA,QR_ARCA_VALID_FACTURA,FACTURA,QR_ARCA_VALID_FACTURA,True,False,,,NOT_APPLICABLE
D22FA4C5DAD47E0503E3A3BFE4B9F69FCF46A197EFD9D5632C40ACD092587E8D,Z001023243752.pdf,FACTURA,QR_ARCA_STRONG,FACTURA,FACTURA,FACTURA,QR_ARCA_VALID_FACTURA,FACTURA,QR_ARCA_VALID_FACTURA,True,False,,,NOT_APPLICABLE
D24949793794B54566EF791877070947AF6F5BEA0E1AE4D9AD59D0C7311C7730,Z001023384972.pdf,FACTURA,QR_ARCA_STRONG,FACTURA,FACTURA,FACTURA,QR_ARCA_VALID_FACTURA,FACTURA,QR_ARCA_VALID_FACTURA,True,False,,,NOT_APPLICABLE
D278278F52A696DF386A5CD1DA883A54D42374905A42330A42B48E05DFBCE94F,Z001023454457.pdf,FACTURA,QR_ARCA_STRONG,FACTURA,FACTURA,FACTURA,QR_ARCA_VALID_FACTURA,FACTURA,QR_ARCA_VALID_FACTURA,True,False,,,NOT_APPLICABLE
D3360D063323398B960AB04D10199119F7B9065CBFD7101D262535999DABA93A,Z001023467518.pdf,FACTURA,QR_ARCA_STRONG,FACTURA,FACTURA,FACTURA,QR_ARCA_VALID_FACTURA,FACTURA,QR_ARCA_VALID_FACTURA,True,False,,,NOT_APPLICABLE
D381BF2B9FE9921A149F2EB5C74207B1E5A4B543B3C045A18B09CA2D7F403833,Z001023365895.pdf,FACTURA,QR_ARCA_STRONG,FACTURA,FACTURA,FACTURA,QR_ARCA_VALID_FACTURA,FACTURA,QR_ARCA_VALID_FACTURA,True,False,,,NOT_APPLICABLE
D3FA25D4862E2993FB02982B9F4DE3C5E3B142BB76A254447C41DE643EAB4275,Z001023266231.pdf,FACTURA,QR_ARCA_STRONG,FACTURA,FACTURA,FACTURA,QR_ARCA_VALID_FACTURA,FACTURA,QR_ARCA_VALID_FACTURA,True,False,,,NOT_APPLICABLE
D41718D7740A44FC105BDCA62453EA10635C6857F3FFCD5C6FD6C0E517E74AB0,Z001023321892.pdf,FACTURA,QR_ARCA_STRONG,FACTURA,FACTURA|FACTURA,FACTURA,QR_ARCA_VALID_FACTURA,FACTURA,QR_ARCA_VALID_FACTURA,True,False,,,NOT_APPLICABLE
D47F13C4D81C5BCE308D5DCB445BC07C07CC2768BC801833B8C24EDE0B3038E9,Z001023384991.pdf,FACTURA,QR_ARCA_STRONG,FACTURA,FACTURA,FACTURA,QR_ARCA_VALID_FACTURA,FACTURA,QR_ARCA_VALID_FACTURA,True,False,,,NOT_APPLICABLE
D49E91493367E3924D7AF8AE16CA0B26567C40EC39687EF9043A0731EF840B3D,Z001023243740.pdf,FACTURA,QR_ARCA_STRONG,FACTURA,FACTURA,FACTURA,QR_ARCA_VALID_FACTURA,FACTURA,QR_ARCA_VALID_FACTURA,True,False,,,NOT_APPLICABLE
D5957D9DF6DF9855CAA5CE947E569B66D4ADC253C00A000A2FB29FD88DA8B763,Z001023306965.pdf,FACTURA,QR_ARCA_STRONG,FACTURA,FACTURA,FACTURA,QR_ARCA_VALID_FACTURA,FACTURA,QR_ARCA_VALID_FACTURA,True,False,,,NOT_APPLICABLE
D5A928540B4295A42FCF5B310EB45330AD6A407D3A188D3E5C3A05BA49112712,Z001023321055.pdf,FACTURA,QR_ARCA_STRONG,FACTURA,FACTURA,FACTURA,QR_ARCA_VALID_FACTURA,FACTURA,QR_ARCA_VALID_FACTURA,True,False,,,NOT_APPLICABLE
D63E75967E91D0B192DBD248E1D804951B173B81CF9853489C12D08AC21EACFF,Z001023266212.pdf,FACTURA,QR_ARCA_STRONG,FACTURA,FACTURA,FACTURA,QR_ARCA_VALID_FACTURA,FACTURA,QR_ARCA_VALID_FACTURA,True,False,,,NOT_APPLICABLE
D69C5625C65854258AE9E71A91F752CC7CF79E424FB3FED772131793213E2817,Z001023350418.pdf,FACTURA,QR_ARCA_STRONG,FACTURA,FACTURA,FACTURA,QR_ARCA_VALID_FACTURA,FACTURA,QR_ARCA_VALID_FACTURA,True,False,,,NOT_APPLICABLE
D72C0946B3BAB976FE0144254A9CB9D0062673308D4DDED3AD7CB5A4033AB853,Z001023338066.pdf,FACTURA,QR_ARCA_STRONG,FACTURA,FACTURA,FACTURA,QR_ARCA_VALID_FACTURA,FACTURA,QR_ARCA_VALID_FACTURA,True,False,,,NOT_APPLICABLE
D7F197A9AB144A1AA1A11A794B66EB9EFDB9593D983625A8E89878B8F0B2ACE0,Z001023305795.pdf,FACTURA,QR_ARCA_STRONG,FACTURA,FACTURA,FACTURA,QR_ARCA_VALID_FACTURA,FACTURA,QR_ARCA_VALID_FACTURA,True,False,,,NOT_APPLICABLE
D8451310F49BFC83155DD4B1EAA3B50BC11A07754D2EB597B1D99F873B2F1088,Z001023242819.pdf,FACTURA,QR_ARCA_STRONG,FACTURA,FACTURA,FACTURA,QR_ARCA_VALID_FACTURA,FACTURA,QR_ARCA_VALID_FACTURA,True,False,,,NOT_APPLICABLE
D9447ECF57748BEF4988A73E44F26A440F700151DE00488453184DFA0B3BF88D,Z001023242291.pdf,FACTURA,QR_ARCA_STRONG,FACTURA,FACTURA,FACTURA,QR_ARCA_VALID_FACTURA,FACTURA,QR_ARCA_VALID_FACTURA,True,False,,,NOT_APPLICABLE
D9687542799906085EC0185235899EE5C290FD8D41320CFA4E51C2C020D32952,Z001023454612.pdf,FACTURA,QR_ARCA_STRONG,FACTURA,FACTURA,FACTURA,QR_ARCA_VALID_FACTURA,FACTURA,QR_ARCA_VALID_FACTURA,True,False,,,NOT_APPLICABLE
D9861CC700E580878AFB757A991F47553D144B376796E385B08231F27027C972,Z001023267409.pdf,FACTURA,QR_ARCA_STRONG,FACTURA,FACTURA,FACTURA,QR_ARCA_VALID_FACTURA,FACTURA,QR_ARCA_VALID_FACTURA,True,False,,,NOT_APPLICABLE
D9A662AF6AFE49CD7E0D29C5662AE48141573BFBDD571675FF24B6F4C47BA5B0,Z001023305766.pdf,FACTURA,QR_ARCA_STRONG,FACTURA,FACTURA,FACTURA,QR_ARCA_VALID_FACTURA,FACTURA,QR_ARCA_VALID_FACTURA,True,False,,,NOT_APPLICABLE
DA11050BCD5399CFE1C38C68BE43E4EB616BA34DEF9C03A1F2D697BC2FB4CEA6,Z001023266245.pdf,FACTURA,QR_ARCA_STRONG,FACTURA,FACTURA,FACTURA,QR_ARCA_VALID_FACTURA,FACTURA,QR_ARCA_VALID_FACTURA,True,False,,,NOT_APPLICABLE
DA1D000CCEC08FADA509471CD0E20F6C981AF95C559091A786FE724290F3DCD4,Z001023306220.pdf,FACTURA,QR_ARCA_STRONG,FACTURA,FACTURA,FACTURA,QR_ARCA_VALID_FACTURA,FACTURA,QR_ARCA_VALID_FACTURA,True,False,,,NOT_APPLICABLE
DA5FFC1E9615BAE4423440693BFE0165F59ED356657DBBAF03C35DCBB83FA8F3,Z001023242525.pdf,FACTURA,QR_ARCA_STRONG,FACTURA,FACTURA,FACTURA,QR_ARCA_VALID_FACTURA,FACTURA,QR_ARCA_VALID_FACTURA,True,False,,,NOT_APPLICABLE
DA74B2F8E4ABFBB5F64F133F2380B3F588F02C6FB2D1D7FADE497E2DC0D53000,Z001023267980.pdf,OTRO_DOCUMENTO,QR_ARCA_STRONG,NOTA_DEBITO|FACTURA,OTRO_DOCUMENTO|OTRO_DOCUMENTO,OTRO_DOCUMENTO,QR_ARCA_VALID_OTHER,OTRO_DOCUMENTO,QR_ARCA_VALID_OTHER,True,False,,,NOT_APPLICABLE
DA9100439F1D9A3B810F57E18F768FE200074871E2AC69D744B3736FEF1D21C4,Z001023338073.pdf,FACTURA,QR_ARCA_STRONG,FACTURA,FACTURA,FACTURA,QR_ARCA_VALID_FACTURA,FACTURA,QR_ARCA_VALID_FACTURA,True,False,,,NOT_APPLICABLE
DAAD3153B676CE3FCF3DC97460A1F0F5CC77272AA8C84FE44BD32CB3F4546867,Z001023283896.pdf,FACTURA,QR_ARCA_STRONG,FACTURA,FACTURA|FACTURA,FACTURA,QR_ARCA_VALID_FACTURA,FACTURA,QR_ARCA_VALID_FACTURA,True,False,,,NOT_APPLICABLE
DAF83EEDC3D7764BA6C8D52B5F53F0AF0A298170E0DAA9D2C547D4E168418AF6,Z001023283806.pdf,FACTURA,QR_ARCA_STRONG,FACTURA,FACTURA,FACTURA,QR_ARCA_VALID_FACTURA,FACTURA,QR_ARCA_VALID_FACTURA,True,False,,,NOT_APPLICABLE
DB543A149C7C3A5B0A723421AD7B1629FFD92C34ADB631A7BA21925B3F076B29,Z001023243749.pdf,FACTURA,QR_ARCA_STRONG,FACTURA,FACTURA,FACTURA,QR_ARCA_VALID_FACTURA,FACTURA,QR_ARCA_VALID_FACTURA,True,False,,,NOT_APPLICABLE
DB673D2287ED075167C3AD89F1E5FDC18C3E581A75AE0FE0374AD0C4D6B099F8,Z001023242391.pdf,FACTURA,QR_ARCA_STRONG,FACTURA,FACTURA,FACTURA,QR_ARCA_VALID_FACTURA,FACTURA,QR_ARCA_VALID_FACTURA,True,False,,,NOT_APPLICABLE
DC6BEB8D08A58B12A06B43633D7954F4CCBBDCDB1158A8163B478E251B92DC00,Z001023321059.pdf,FACTURA,QR_ARCA_STRONG,FACTURA,FACTURA,FACTURA,QR_ARCA_VALID_FACTURA,FACTURA,QR_ARCA_VALID_FACTURA,True,False,,,NOT_APPLICABLE
DC76A86B9B4E3732696B023C9D019C6DC29B1D74D19F0CDF62FA4EDAD0E8A5EC,Z001023283769.pdf,FACTURA,QR_ARCA_STRONG,FACTURA,FACTURA,FACTURA,QR_ARCA_VALID_FACTURA,FACTURA,QR_ARCA_VALID_FACTURA,True,False,,,NOT_APPLICABLE
DCBE22953A36AD961A008B180A630C81D0FF772119747EEE54ED8F628A4BC721,Z001023422278.pdf,FACTURA,QR_ARCA_STRONG,FACTURA,FACTURA,FACTURA,QR_ARCA_VALID_FACTURA,FACTURA,QR_ARCA_VALID_FACTURA,True,False,,,NOT_APPLICABLE
DCE7D65D2485570411821C53E99AA69569762370F3A8BA9D337328FB78AD391F,Z001023305874.pdf,FACTURA,QR_ARCA_STRONG,FACTURA,FACTURA|FACTURA,FACTURA,QR_ARCA_VALID_FACTURA,FACTURA,QR_ARCA_VALID_FACTURA,True,False,,,NOT_APPLICABLE
DDBE1DD162D9C24A450E389593D498CD4910C291C70F8B233500F851987A8C59,Z001023398411.pdf,FACTURA,QR_ARCA_STRONG,FACTURA,FACTURA,FACTURA,QR_ARCA_VALID_FACTURA,FACTURA,QR_ARCA_VALID_FACTURA,True,False,,,NOT_APPLICABLE
DF7A3B4C2638053020A877AA88828487B539F33CAFD992DBB4AC0545EFAF6B87,Z001023398680.pdf,FACTURA,QR_ARCA_STRONG,FACTURA,FACTURA|FACTURA,FACTURA,QR_ARCA_VALID_FACTURA,FACTURA,QR_ARCA_VALID_FACTURA,True,False,,,NOT_APPLICABLE
DF98804B89AEF5F3D70700572F75630F33F42F33BACCEF62A0C7456066E94BFD,Z001023321111.pdf,FACTURA,QR_ARCA_STRONG,FACTURA,FACTURA,FACTURA,QR_ARCA_VALID_FACTURA,FACTURA,QR_ARCA_VALID_FACTURA,True,False,,,NOT_APPLICABLE
DF9A5A317396F2EB09F145A8BC30BF1CA3420C9B185FE1F3A7377B9342F66C88,Z001023283839.pdf,FACTURA,QR_ARCA_STRONG,FACTURA,FACTURA,FACTURA,QR_ARCA_VALID_FACTURA,FACTURA,QR_ARCA_VALID_FACTURA,True,False,,,NOT_APPLICABLE
DFBC2F2DB3574E4AF1A519731FA1E41DB8C6A90A30DE2485B771F7CDD6DBBA4E,Z001023243385.pdf,FACTURA,QR_ARCA_STRONG,FACTURA,FACTURA,FACTURA,QR_ARCA_VALID_FACTURA,FACTURA,QR_ARCA_VALID_FACTURA,True,False,,,NOT_APPLICABLE
DFC54FDC224631BBD64414B5BBC9C3CA5DC139B9CE35F60F89699C634A925331,Z001023266921.pdf,FACTURA,QR_ARCA_STRONG,FACTURA,FACTURA,FACTURA,QR_ARCA_VALID_FACTURA,FACTURA,QR_ARCA_VALID_FACTURA,True,False,,,NOT_APPLICABLE
E06A1E27219A456A167CF1CA1583CC493930116EE7712D3A74BF870317C1A7F2,Z001023283755.pdf,FACTURA,QR_ARCA_STRONG,FACTURA,FACTURA,FACTURA,QR_ARCA_VALID_FACTURA,FACTURA,QR_ARCA_VALID_FACTURA,True,False,,,NOT_APPLICABLE
E1BD8687178653719CC1872F8CC1A422EBFBC862AAC4FE0F106A4B2947E9748E,Z001023284791.pdf,FACTURA,QR_ARCA_STRONG,FACTURA,FACTURA,FACTURA,QR_ARCA_VALID_FACTURA,FACTURA,QR_ARCA_VALID_FACTURA,True,False,,,NOT_APPLICABLE
E27A2EB0D78D925DB0BFDCB44BC5F8990ECF15AB74B445EE4FC1480A7E895715,Z001023467587.pdf,FACTURA,QR_ARCA_STRONG,FACTURA,FACTURA,FACTURA,QR_ARCA_VALID_FACTURA,FACTURA,QR_ARCA_VALID_FACTURA,True,False,,,NOT_APPLICABLE
E3705DD435EB0F9B9C65EFA33D57110D33CBB6E83A3E6A52B2E44FF8BEC70FD7,Z001023267296.pdf,FACTURA,QR_ARCA_STRONG,FACTURA,FACTURA,FACTURA,QR_ARCA_VALID_FACTURA,FACTURA,QR_ARCA_VALID_FACTURA,True,False,,,NOT_APPLICABLE
E3907210A2F2D2D49FCEA7E4C99AB668D5AA7BD8771F20EF6057612BCF9F85DB,Z001023321070.pdf,FACTURA,QR_ARCA_STRONG,FACTURA,FACTURA,FACTURA,QR_ARCA_VALID_FACTURA,FACTURA,QR_ARCA_VALID_FACTURA,True,False,,,NOT_APPLICABLE
E3E57561958F450655EFE21C39C6A1BD74B778E789835C7B5205A9E99203C24F,Z001023410372.pdf,FACTURA,QR_ARCA_STRONG,FACTURA,FACTURA,FACTURA,QR_ARCA_VALID_FACTURA,FACTURA,QR_ARCA_VALID_FACTURA,True,False,,,NOT_APPLICABLE
E3FFE6BAF7D9B5810F0A7789ECC24EFD30FBEEA0535B2782F1284D50CD87FB07,Z001023267291.pdf,FACTURA,QR_ARCA_STRONG,FACTURA,FACTURA,FACTURA,QR_ARCA_VALID_FACTURA,FACTURA,QR_ARCA_VALID_FACTURA,True,False,,,NOT_APPLICABLE
E415A8C5F28A1BB5A8FAC4F146B80A6AA20CB17A4D6449ECC66AAD21C9BBB31B,Z001023267466.pdf,FACTURA,QR_ARCA_STRONG,FACTURA,FACTURA,FACTURA,QR_ARCA_VALID_FACTURA,FACTURA,QR_ARCA_VALID_FACTURA,True,False,,,NOT_APPLICABLE
E417899D5543E4E7CB2D0AA826FD5695DAB8A3925730A905D316FA3996CE1A7B,Z001023306231.pdf,FACTURA,QR_ARCA_STRONG,FACTURA,FACTURA,FACTURA,QR_ARCA_VALID_FACTURA,FACTURA,QR_ARCA_VALID_FACTURA,True,False,,,NOT_APPLICABLE
E4C8834C47AF140E5343783F033950248E083A1625265A1C39C19C9BBDFFA5BE,Z001023243402.pdf,FACTURA,QR_ARCA_STRONG,FACTURA,FACTURA,FACTURA,QR_ARCA_VALID_FACTURA,FACTURA,QR_ARCA_VALID_FACTURA,True,False,,,NOT_APPLICABLE
E4D931275FE79FAD3F8C371E8E4DA52B707AB7EE6D8FAB6B34077072B75E4AD8,Z001023350944.pdf,FACTURA,QR_ARCA_STRONG,FACTURA,FACTURA,FACTURA,QR_ARCA_VALID_FACTURA,FACTURA,QR_ARCA_VALID_FACTURA,True,False,,,NOT_APPLICABLE
E4EE7B924E36DAC149A0DE6D3A14BDF33EF1EC5E95B862558B80009E2B4C6E40,Z001023283837.pdf,OTRO_DOCUMENTO,QR_ARCA_STRONG,NOTA_CREDITO|FACTURA,OTRO_DOCUMENTO,OTRO_DOCUMENTO,QR_ARCA_VALID_OTHER,OTRO_DOCUMENTO,QR_ARCA_VALID_OTHER,True,False,,,NOT_APPLICABLE
E526C99083663455FF9D8A144F42B5D7CAF3BF3374B88E71DBD20C1423685C76,Z001023242824.pdf,FACTURA,QR_ARCA_STRONG,FACTURA,FACTURA,FACTURA,QR_ARCA_VALID_FACTURA,FACTURA,QR_ARCA_VALID_FACTURA,True,False,,,NOT_APPLICABLE
E599D9ADBD781E4D3A4F5A6A603485BA0633E20C447A9615538D861C54048306,Z001023242797.pdf,FACTURA,QR_ARCA_STRONG,FACTURA,FACTURA,FACTURA,QR_ARCA_VALID_FACTURA,FACTURA,QR_ARCA_VALID_FACTURA,True,False,,,NOT_APPLICABLE
E5DAF9B7F340994A01C320E83B9D64BF4D91ABC9AB1925DFF36394D86760BC84,Z001023410664.pdf,FACTURA,QR_ARCA_STRONG,FACTURA,FACTURA,FACTURA,QR_ARCA_VALID_FACTURA,FACTURA,QR_ARCA_VALID_FACTURA,True,False,,,NOT_APPLICABLE
E5EA6863561EC0AC05BD8FC2C4486B673FAEB05EF771CC9073B78A9AE63CE293,Z001023478353.pdf,FACTURA,QR_ARCA_STRONG,FACTURA,FACTURA,FACTURA,QR_ARCA_VALID_FACTURA,FACTURA,QR_ARCA_VALID_FACTURA,True,False,,,NOT_APPLICABLE
E65B6E3964E2729270E86EAC179D0828B974A168788E3717BBF681DB950B91F4,Z001023455710.pdf,FACTURA,QR_ARCA_STRONG,FACTURA,FACTURA,FACTURA,QR_ARCA_VALID_FACTURA,FACTURA,QR_ARCA_VALID_FACTURA,True,False,,,NOT_APPLICABLE
E6894908E97252F617612B361755AE4CADAD7D0D40883B34D66F68B267BAFBD3,Z001023338083.pdf,FACTURA,QR_ARCA_STRONG,FACTURA,FACTURA,FACTURA,QR_ARCA_VALID_FACTURA,FACTURA,QR_ARCA_VALID_FACTURA,True,False,,,NOT_APPLICABLE
E69F094568C5FB504BF02555E1531ACAEFCF05B95F8E06AE52D73A1CA930A902,Z001023423282.pdf,OTRO_DOCUMENTO,QR_ARCA_STRONG,NOTA_DEBITO|FACTURA,OTRO_DOCUMENTO,OTRO_DOCUMENTO,QR_ARCA_VALID_OTHER,OTRO_DOCUMENTO,QR_ARCA_VALID_OTHER,True,False,,,NOT_APPLICABLE
E6B62C1D3E0FA12629EC352DE28028E3FFD836F43CD9ECA1407C095AF5275136,Z001023338075.pdf,FACTURA,QR_ARCA_STRONG,FACTURA,FACTURA,FACTURA,QR_ARCA_VALID_FACTURA,FACTURA,QR_ARCA_VALID_FACTURA,True,False,,,NOT_APPLICABLE
E6DEC7B41595AE659C40B9A202C8DBA4FAFA17EFDFA5C56EBE4E4AC33BF085F4,Z001023266246.pdf,FACTURA,QR_ARCA_STRONG,FACTURA,FACTURA,FACTURA,QR_ARCA_VALID_FACTURA,FACTURA,QR_ARCA_VALID_FACTURA,True,False,,,NOT_APPLICABLE
E74DCB56CD5FFCAC5BBF5D0CDB70C2701C5448845EE0ACED3435345867B72447,Z001023338058.pdf,FACTURA,QR_ARCA_STRONG,FACTURA,FACTURA,FACTURA,QR_ARCA_VALID_FACTURA,FACTURA,QR_ARCA_VALID_FACTURA,True,False,,,NOT_APPLICABLE
E8066B5FA877947A47862B566C3A752FD1BA514973CD2B01A7AD31803BBDD28B,Z001023243349.pdf,FACTURA,EXISTING_GROUND_TRUTH,FACTURA,,FACTURA,FACTURA_TITLE_ONLY,FACTURA,FACTURA_TITLE_ONLY_STRONG_POSITIONAL,True,True,True,FACTURA,TITLE_LINE_WITH_ADJACENT_ID
E8C278DBDA744A0F50B779C7A63DD07DF32F4DF3C5E6A278F59FADD4D7D7A128,Z001023422516.pdf,FACTURA,QR_ARCA_STRONG,FACTURA,FACTURA,FACTURA,QR_ARCA_VALID_FACTURA,FACTURA,QR_ARCA_VALID_FACTURA,True,False,,,NOT_APPLICABLE
E8DFF560940591F04A1A3D7D1A8A0662A8B10A3B4352D1777F260E3C4514ECB1,Z001023267465.pdf,FACTURA,QR_ARCA_STRONG,FACTURA,FACTURA,FACTURA,QR_ARCA_VALID_FACTURA,FACTURA,QR_ARCA_VALID_FACTURA,True,False,,,NOT_APPLICABLE
E8FAA2A7C3096561DE0CE371B71A647D301EAE49F822543E0C149049862BB795,Z001023454958.pdf,FACTURA,QR_ARCA_STRONG,FACTURA,FACTURA|FACTURA,FACTURA,QR_ARCA_VALID_FACTURA,FACTURA,QR_ARCA_VALID_FACTURA,True,False,,,NOT_APPLICABLE
E908DD409D867A6FD9362F638DDB6D1C51787DDDA28A2363CE9E6506226FDBEF,Z001023385772.pdf,FACTURA,QR_ARCA_STRONG,FACTURA,FACTURA,FACTURA,QR_ARCA_VALID_FACTURA,FACTURA,QR_ARCA_VALID_FACTURA,True,False,,,NOT_APPLICABLE
E92EF2CC8ECEA4FA4AF559E894C9BB04CEBA9413F7356F43DDFF36BEA258F207,Z001023242329.pdf,FACTURA,QR_ARCA_STRONG,FACTURA,FACTURA,FACTURA,QR_ARCA_VALID_FACTURA,FACTURA,QR_ARCA_VALID_FACTURA,True,False,,,NOT_APPLICABLE
E98D9C478D365617D3165BC4C9172CA7D69760AE566B4B515FED65F3C5918B03,Z001023338080.pdf,FACTURA,QR_ARCA_STRONG,FACTURA,FACTURA,FACTURA,QR_ARCA_VALID_FACTURA,FACTURA,QR_ARCA_VALID_FACTURA,True,False,,,NOT_APPLICABLE
E9EC9350980F5F090AC48F43BF269EA7107CCF279E2BCF7BFDEEFECADC2A016F,Z001023266222.pdf,FACTURA,QR_ARCA_STRONG,FACTURA,FACTURA,FACTURA,QR_ARCA_VALID_FACTURA,FACTURA,QR_ARCA_VALID_FACTURA,True,False,,,NOT_APPLICABLE
EA20BABFAC6D778461BFAFA2DE072720F8EA92BE874D3D6B4B1C39E421274D8F,Z001023242330.pdf,FACTURA,QR_ARCA_STRONG,FACTURA,FACTURA,FACTURA,QR_ARCA_VALID_FACTURA,FACTURA,QR_ARCA_VALID_FACTURA,True,False,,,NOT_APPLICABLE
EBA323452EC7F15754E63AB2094D9D81C5BF968B786BEB95C927D4FD0C4ACA97,Z001023454409.pdf,FACTURA,QR_ARCA_STRONG,FACTURA,FACTURA,FACTURA,QR_ARCA_VALID_FACTURA,FACTURA,QR_ARCA_VALID_FACTURA,True,False,,,NOT_APPLICABLE
EC2D553A5E77BC31BDDE1D8CC4A00159A8D055FA1E0F7BD830AEBEC5B32F44D6,Z001023306134.pdf,FACTURA,QR_ARCA_STRONG,FACTURA,FACTURA|FACTURA,FACTURA,QR_ARCA_VALID_FACTURA,FACTURA,QR_ARCA_VALID_FACTURA,True,False,,,NOT_APPLICABLE
EC9F542C0D762349330D7C9D5BA35113FE54E325A7794D5D7246158EF14E78C4,Z001023454611.pdf,FACTURA,QR_ARCA_STRONG,FACTURA,FACTURA,FACTURA,QR_ARCA_VALID_FACTURA,FACTURA,QR_ARCA_VALID_FACTURA,True,False,,,NOT_APPLICABLE
ECAB84F2B7ACE6067202550CC1F288749C0D9933D73906EA57EC7E2CE27438EF,Z001023243378.pdf,FACTURA,QR_ARCA_STRONG,FACTURA,FACTURA,FACTURA,QR_ARCA_VALID_FACTURA,FACTURA,QR_ARCA_VALID_FACTURA,True,False,,,NOT_APPLICABLE
ED19A5F8AEC4AD20435C707E6523CA381B42F4AB56B354CCBBD95F9D549BEFD4,Z001023435552.pdf,FACTURA,QR_ARCA_STRONG,FACTURA,FACTURA,FACTURA,QR_ARCA_VALID_FACTURA,FACTURA,QR_ARCA_VALID_FACTURA,True,False,,,NOT_APPLICABLE
ED9DA7E668125AAC48AC5D5CB1649B43B8E8636A4B0446E134B7941C890918D3,Z001023242381.pdf,FACTURA,QR_ARCA_STRONG,FACTURA,FACTURA,FACTURA,QR_ARCA_VALID_FACTURA,FACTURA,QR_ARCA_VALID_FACTURA,True,False,,,NOT_APPLICABLE
EDC54B347FB32B128E5218BB92547F4AA440585DF3915ABC4D44D90098E2B18E,Z001023306726.pdf,FACTURA,QR_ARCA_STRONG,FACTURA,FACTURA,FACTURA,QR_ARCA_VALID_FACTURA,FACTURA,QR_ARCA_VALID_FACTURA,True,False,,,NOT_APPLICABLE
EDC98B31AFA7DF61EF661801826D24693949F1D02F83E01A2A44D99732D13B50,Z001023384988.pdf,FACTURA,QR_ARCA_STRONG,FACTURA,FACTURA,FACTURA,QR_ARCA_VALID_FACTURA,FACTURA,QR_ARCA_VALID_FACTURA,True,False,,,NOT_APPLICABLE
EE17F17B2E3BA04ED99337FE93B2F9107CF18A58C93502F0BF6938D7EBBC0185,Z001023305802.pdf,OTRO_DOCUMENTO,QR_ARCA_STRONG,NOTA_CREDITO|FACTURA,OTRO_DOCUMENTO,OTRO_DOCUMENTO,QR_ARCA_VALID_OTHER,OTRO_DOCUMENTO,QR_ARCA_VALID_OTHER,True,False,,,NOT_APPLICABLE
EE950C6BAF7DA9C86E8E4FDC679E2D5BDF85603D5EF1C8DD6FCFBA2FFE9541B1,Z001023466515.pdf,FACTURA,QR_ARCA_STRONG,FACTURA,FACTURA,FACTURA,QR_ARCA_VALID_FACTURA,FACTURA,QR_ARCA_VALID_FACTURA,True,False,,,NOT_APPLICABLE
EF7D8D2B6EB1DA2009EE2C414B127F6EA6B1B2EE8A71CDDE5D494B88BB7021E2,Z001023284774.pdf,OTRO_DOCUMENTO,QR_ARCA_STRONG,RECIBO|FACTURA,OTRO_DOCUMENTO,OTRO_DOCUMENTO,QR_ARCA_VALID_OTHER,OTRO_DOCUMENTO,QR_ARCA_VALID_OTHER,True,False,,,NOT_APPLICABLE
F02532D4FE739AE475EF518FE9ABF04523A9FCE2A2AF2966D6A8A65C39F06861,Z001023284318.pdf,FACTURA,QR_ARCA_STRONG,FACTURA,FACTURA,FACTURA,QR_ARCA_VALID_FACTURA,FACTURA,QR_ARCA_VALID_FACTURA,True,False,,,NOT_APPLICABLE
F128AA90E662AD7CDB80CA46AEBFBA2F20A8B122EEC15961781923955AD06E2E,Z001023267467.pdf,FACTURA,QR_ARCA_STRONG,FACTURA,FACTURA,FACTURA,QR_ARCA_VALID_FACTURA,FACTURA,QR_ARCA_VALID_FACTURA,True,False,,,NOT_APPLICABLE
F1D6DF38C956FF2FBF30C665EB678BEDC73541E868C90BBE1914DC39CFC81B74,Z001023337673.pdf,FACTURA,QR_ARCA_STRONG,FACTURA,FACTURA,FACTURA,QR_ARCA_VALID_FACTURA,FACTURA,QR_ARCA_VALID_FACTURA,True,False,,,NOT_APPLICABLE
F1ED5614878958FA3F8F6FE4EC67586AED7BE453B74BAF85343B51C660276FC5,Z001023266224.pdf,FACTURA,QR_ARCA_STRONG,FACTURA,FACTURA,FACTURA,QR_ARCA_VALID_FACTURA,FACTURA,QR_ARCA_VALID_FACTURA,True,False,,,NOT_APPLICABLE
F20FB9FCF93C82B0A97A7A67BFE6F5483C480F94C937353FCAE85095E78B4D30,Z001023283753.pdf,OTRO_DOCUMENTO,QR_ARCA_STRONG,RECIBO|FACTURA,OTRO_DOCUMENTO,OTRO_DOCUMENTO,QR_ARCA_VALID_OTHER,OTRO_DOCUMENTO,QR_ARCA_VALID_OTHER,True,False,,,NOT_APPLICABLE
F27819BDCE09A908EAE141286E3F96A901693744C5D3E583CA40F3207CB07092,Z001023267253.pdf,FACTURA,QR_ARCA_STRONG,FACTURA,FACTURA,FACTURA,QR_ARCA_VALID_FACTURA,FACTURA,QR_ARCA_VALID_FACTURA,True,False,,,NOT_APPLICABLE
F31E350293C5EBBC824D100FFFB2E4A84115DC163CBFA5B15223DD440A617090,Z001023366957.pdf,FACTURA,QR_ARCA_STRONG,FACTURA,FACTURA|FACTURA,FACTURA,QR_ARCA_VALID_FACTURA,FACTURA,QR_ARCA_VALID_FACTURA,True,False,,,NOT_APPLICABLE
F3A3A486DF2712665DE56C52AF6656793D2486EDF2AA215E03C56349237419D6,Z001023267806.pdf,FACTURA,QR_ARCA_STRONG,FACTURA,FACTURA,FACTURA,QR_ARCA_VALID_FACTURA,FACTURA,QR_ARCA_VALID_FACTURA,True,False,,,NOT_APPLICABLE
F443E494D46E40F1F5B004E0BC03FDCF866CA452BA358FAA128DE88FD1A1BFF2,Z001023435309.pdf,FACTURA,QR_ARCA_STRONG,FACTURA,FACTURA,FACTURA,QR_ARCA_VALID_FACTURA,FACTURA,QR_ARCA_VALID_FACTURA,True,False,,,NOT_APPLICABLE
F48A1CF87F8AE7742A2FE0A5582B1A27A673493A7DA2EDB8A8DADC5D2B77A63D,Z001023242312.pdf,FACTURA,QR_ARCA_STRONG,FACTURA,FACTURA,FACTURA,QR_ARCA_VALID_FACTURA,FACTURA,QR_ARCA_VALID_FACTURA,True,False,,,NOT_APPLICABLE
F5019505DEE4B97949AF2E71B3420E3BE419C11A4BB446365BFC477970DE2BA9,Z001023283894.pdf,FACTURA,QR_ARCA_STRONG,FACTURA,FACTURA|FACTURA,FACTURA,QR_ARCA_VALID_FACTURA,FACTURA,QR_ARCA_VALID_FACTURA,True,False,,,NOT_APPLICABLE
F59C802AC4208228045C36181C016950962BB99A00CD60D30068C9B2118271BC,Z001023267823.pdf,FACTURA,QR_ARCA_STRONG,FACTURA,FACTURA,FACTURA,QR_ARCA_VALID_FACTURA,FACTURA,QR_ARCA_VALID_FACTURA,True,False,,,NOT_APPLICABLE
F5E3F2CB89A7829ADD137A5CD69F51BA5334263B7A0E5234D3E28FE6AB0EE9E1,Z001023305693.pdf,FACTURA,QR_ARCA_STRONG,FACTURA,FACTURA,FACTURA,QR_ARCA_VALID_FACTURA,FACTURA,QR_ARCA_VALID_FACTURA,True,False,,,NOT_APPLICABLE
F61C02CEE3AA92440BD42E11C67AA26A3C2C9D34AB7AD8B0E95D7FF7C6FA3D53,Z001023454445.pdf,FACTURA,QR_ARCA_STRONG,FACTURA,FACTURA,FACTURA,QR_ARCA_VALID_FACTURA,FACTURA,QR_ARCA_VALID_FACTURA,True,False,,,NOT_APPLICABLE
F63EFF161E10CF1225DD97065B64D1CA18F46DAE2F95D32106C15810281D8BC8,Z001023478149.pdf,FACTURA,QR_ARCA_STRONG,FACTURA,FACTURA|FACTURA,FACTURA,QR_ARCA_VALID_FACTURA,FACTURA,QR_ARCA_VALID_FACTURA,True,False,,,NOT_APPLICABLE
F68FFBB0988D213FEDF95E02671C5249BA98E44CC73C48633A144C420E746CCE,Z001023283689.pdf,FACTURA,QR_ARCA_STRONG,FACTURA,FACTURA,FACTURA,QR_ARCA_VALID_FACTURA,FACTURA,QR_ARCA_VALID_FACTURA,True,False,,,NOT_APPLICABLE
F6BD7A6DFD38FA6CC1436A75F1D68C77A0E0921050998B4803E87E4ED14FCD54,Z001023397916.pdf,FACTURA,QR_ARCA_STRONG,FACTURA,FACTURA,FACTURA,QR_ARCA_VALID_FACTURA,FACTURA,QR_ARCA_VALID_FACTURA,True,False,,,NOT_APPLICABLE
F6E6DBE4FEE024C94DDDF78999FDB798300445A5CE72C950DB209353CAF5E7E1,Z001023243746.pdf,FACTURA,QR_ARCA_STRONG,FACTURA,FACTURA,FACTURA,QR_ARCA_VALID_FACTURA,FACTURA,QR_ARCA_VALID_FACTURA,True,False,,,NOT_APPLICABLE
F6FE5E4E7DBEFC3BD76AA8082F39320D6E47DF09DFED6C259F5830908418EB7F,Z001023385377.pdf,OTRO_DOCUMENTO,QR_ARCA_STRONG,NOTA_DEBITO,OTRO_DOCUMENTO,OTRO_DOCUMENTO,QR_ARCA_VALID_OTHER,OTRO_DOCUMENTO,QR_ARCA_VALID_OTHER,True,False,,,NOT_APPLICABLE
F725B4229EBD565A5BE6A7ADB42AEA4114D1EAB6002088E2EBD038F51BAB05DE,Z001023397970.pdf,FACTURA,QR_ARCA_STRONG,FACTURA,FACTURA,FACTURA,QR_ARCA_VALID_FACTURA,FACTURA,QR_ARCA_VALID_FACTURA,True,False,,,NOT_APPLICABLE
F7410A2B38FC9DE05D2F5D74DD79C5237FE01A8FA1ED3536844DF21777885ED9,Z001023321068.pdf,FACTURA,QR_ARCA_STRONG,FACTURA,FACTURA,FACTURA,QR_ARCA_VALID_FACTURA,FACTURA,QR_ARCA_VALID_FACTURA,True,False,,,NOT_APPLICABLE
F75C4C0B9CB0F5C9DC73516970C0A96A09EDC1141F2EED9968A8CEF0786DA72B,Z001023336383.pdf,FACTURA,QR_ARCA_STRONG,FACTURA,FACTURA,FACTURA,QR_ARCA_VALID_FACTURA,FACTURA,QR_ARCA_VALID_FACTURA,True,False,,,NOT_APPLICABLE
F75E14D3306E582993E85C486C4085A4238AB020B76AAD0706CF5D2EFBD8711E,Z001023283736.pdf,FACTURA,QR_ARCA_STRONG,FACTURA,FACTURA,FACTURA,QR_ARCA_VALID_FACTURA,FACTURA,QR_ARCA_VALID_FACTURA,True,False,,,NOT_APPLICABLE
F7C9E186997998C8903EBB0761B5A5B6B2899BFC25A8AB3103635E0B5FA6D2FA,Z001023321843.pdf,FACTURA,QR_ARCA_STRONG,FACTURA,FACTURA|FACTURA,FACTURA,QR_ARCA_VALID_FACTURA,FACTURA,QR_ARCA_VALID_FACTURA,True,False,,,NOT_APPLICABLE
F7CDB6C9475CEAE90F1F8A67949A0D408B109C75B83F7F5ECCB0271E34450308,Z001023423265.pdf,FACTURA,QR_ARCA_STRONG,FACTURA,FACTURA,FACTURA,QR_ARCA_VALID_FACTURA,FACTURA,QR_ARCA_VALID_FACTURA,True,False,,,NOT_APPLICABLE
F7CE019C15AA7C975DCFDF582EF7DC4467993E469ACCB5CD34D2CB0119832525,Z001023306037.pdf,FACTURA,QR_ARCA_STRONG,FACTURA,FACTURA,FACTURA,QR_ARCA_VALID_FACTURA,FACTURA,QR_ARCA_VALID_FACTURA,True,False,,,NOT_APPLICABLE
FAAA10795DFC3ED7953CF7632514C2517B7251C84DE9CAB5E9D400E49971752F,Z001023305871.pdf,FACTURA,QR_ARCA_STRONG,FACTURA,FACTURA|FACTURA,FACTURA,QR_ARCA_VALID_FACTURA,FACTURA,QR_ARCA_VALID_FACTURA,True,False,,,NOT_APPLICABLE
FB6BEE8F1D8BD758963C91213EA224344D076A9890EAE4D598AB4E5EB97F7FDF,Z001023285094.pdf,FACTURA,QR_ARCA_STRONG,FACTURA,FACTURA,FACTURA,QR_ARCA_VALID_FACTURA,FACTURA,QR_ARCA_VALID_FACTURA,True,False,,,NOT_APPLICABLE
FB9793DC94A8178102D75A97E0840E287BDD71D8EA9F9B07588D1582BB3FBB75,Z001023268012.pdf,FACTURA,QR_ARCA_STRONG,FACTURA,FACTURA,FACTURA,QR_ARCA_VALID_FACTURA,FACTURA,QR_ARCA_VALID_FACTURA,True,False,,,NOT_APPLICABLE
FBCDA7565A60AAB32926B68591BF2C7A86F408D46DC228AA9E5F98D76ADD8FD2,Z001023306130.pdf,FACTURA,QR_ARCA_STRONG,FACTURA,FACTURA,FACTURA,QR_ARCA_VALID_FACTURA,FACTURA,QR_ARCA_VALID_FACTURA,True,False,,,NOT_APPLICABLE
FC7CAABF0DC37DA0008DAB21CB11879C300FEF215B2B69DCC0BD08081358CCFB,Z001023242802.pdf,FACTURA,QR_ARCA_STRONG,FACTURA,FACTURA,FACTURA,QR_ARCA_VALID_FACTURA,FACTURA,QR_ARCA_VALID_FACTURA,True,False,,,NOT_APPLICABLE
FCB7B5A2F524A16B19B60871079D42D4CF9A5A1C18278052A29B1366095DF71F,Z001023467464.pdf,FACTURA,QR_ARCA_STRONG,FACTURA,FACTURA|FACTURA,FACTURA,QR_ARCA_VALID_FACTURA,FACTURA,QR_ARCA_VALID_FACTURA,True,False,,,NOT_APPLICABLE
FD0BB6E9BCCBF8A365C21D5CE4ED8EC5D46F7C481770B64BB6007F404847129A,Z001023285093.pdf,FACTURA,QR_ARCA_STRONG,FACTURA,FACTURA,FACTURA,QR_ARCA_VALID_FACTURA,FACTURA,QR_ARCA_VALID_FACTURA,True,False,,,NOT_APPLICABLE
FD0CE6D589C6F7FAA8B52B70D5AAF02E1683DFF17177426C2EF7C573B32B2998,Z001023385046.pdf,FACTURA,QR_ARCA_STRONG,FACTURA,FACTURA,FACTURA,QR_ARCA_VALID_FACTURA,FACTURA,QR_ARCA_VALID_FACTURA,True,False,,,NOT_APPLICABLE
FD102BB007B1EA3F03EA7765BC8008838DD06D1745B09776C93A4EEE82F296B8,Z001023336277.pdf,FACTURA,QR_ARCA_STRONG,FACTURA,FACTURA,FACTURA,QR_ARCA_VALID_FACTURA,FACTURA,QR_ARCA_VALID_FACTURA,True,False,,,NOT_APPLICABLE
FD719D239382ED1035085A73A2D28E113F954055440BA249D36B363204CA6DDC,Z001023385278.pdf,FACTURA,QR_ARCA_STRONG,FACTURA,FACTURA,FACTURA,QR_ARCA_VALID_FACTURA,FACTURA,QR_ARCA_VALID_FACTURA,True,False,,,NOT_APPLICABLE
FDCDEAAD3737F44D2E52B6D87E7BB584722551A7E913238841FF96D33A7FFE64,Z001023398838.pdf,FACTURA,QR_ARCA_STRONG,FACTURA,FACTURA,FACTURA,QR_ARCA_VALID_FACTURA,FACTURA,QR_ARCA_VALID_FACTURA,True,False,,,NOT_APPLICABLE
FDE1A18CA6E3D15C240BDE66DDD0ABE57C2F69E300A0AD72B135608E83DFBC49,Z001023306131.pdf,FACTURA,QR_ARCA_STRONG,FACTURA,FACTURA|FACTURA,FACTURA,QR_ARCA_VALID_FACTURA,FACTURA,QR_ARCA_VALID_FACTURA,True,False,,,NOT_APPLICABLE
FDE2B1FCF8B3FCE9029D2A8D67D1D027ECA73F1CE24428A1203C942699F501B4,Z001023351295.pdf,FACTURA,QR_ARCA_STRONG,FACTURA,FACTURA,FACTURA,QR_ARCA_VALID_FACTURA,FACTURA,QR_ARCA_VALID_FACTURA,True,False,,,NOT_APPLICABLE
FDE622A3433BE4D10FEA9E811DD12C8E4558F08219F6CF1BF974F698D2735C69,Z001023454442.pdf,FACTURA,QR_ARCA_STRONG,FACTURA,FACTURA,FACTURA,QR_ARCA_VALID_FACTURA,FACTURA,QR_ARCA_VALID_FACTURA,True,False,,,NOT_APPLICABLE
FDF0C9EACBFA6ADCDD4D8E651C451A9CDD65DBF7E8628426FA9C87F73F978DBD,Z001023454408.pdf,OTRO_DOCUMENTO,QR_ARCA_STRONG,RECIBO|FACTURA,OTRO_DOCUMENTO,OTRO_DOCUMENTO,QR_ARCA_VALID_OTHER,OTRO_DOCUMENTO,QR_ARCA_VALID_OTHER,True,False,,,NOT_APPLICABLE
FE56C5F0D519D9084CA60878C88E88C121CA77BD55C9A438401793C2D6B46597,Z001023266867.pdf,FACTURA,QR_ARCA_STRONG,FACTURA,FACTURA,FACTURA,QR_ARCA_VALID_FACTURA,FACTURA,QR_ARCA_VALID_FACTURA,True,False,,,NOT_APPLICABLE
FEE0DCEE07817A24C8E345D3710B243B72CC2A4A160CF256A18804E4FFCE8E83,Z001023243370.pdf,FACTURA,QR_ARCA_STRONG,FACTURA,FACTURA,FACTURA,QR_ARCA_VALID_FACTURA,FACTURA,QR_ARCA_VALID_FACTURA,True,False,,,NOT_APPLICABLE
FEF50B26E0EABF3B4D805C219F18D4B4952805C3E1426AAC76B536A9EE0B8538,Z001023283881.pdf,OTRO_DOCUMENTO,QR_ARCA_STRONG,NOTA_CREDITO|FACTURA,OTRO_DOCUMENTO,OTRO_DOCUMENTO,QR_ARCA_VALID_OTHER,OTRO_DOCUMENTO,QR_ARCA_VALID_OTHER,True,False,,,NOT_APPLICABLE
FF045409E4708976F60CFA2E5A97D7A99302672D09D4EFB989C13B04774ADCEF,Z001023455127.pdf,OTRO_DOCUMENTO,QR_ARCA_STRONG,NOTA_DEBITO|FACTURA,OTRO_DOCUMENTO,OTRO_DOCUMENTO,QR_ARCA_VALID_OTHER,OTRO_DOCUMENTO,QR_ARCA_VALID_OTHER,True,False,,,NOT_APPLICABLE
FF477AE4BDC128E02DCC79434A90D0F9F247A51A83F65655F76A4F4430B60853,Z001023320990.pdf,FACTURA,QR_ARCA_STRONG,FACTURA,FACTURA,FACTURA,QR_ARCA_VALID_FACTURA,FACTURA,QR_ARCA_VALID_FACTURA,True,False,,,NOT_APPLICABLE
FFBC84F8D220A03D34648EAFC0E9441B5AD9267065AD40A4E0C7CBB48D4F977D,Z001023385298.pdf,FACTURA,QR_ARCA_STRONG,FACTURA,FACTURA,FACTURA,QR_ARCA_VALID_FACTURA,FACTURA,QR_ARCA_VALID_FACTURA,True,False,,,NOT_APPLICABLE
FFC223740A59AAC2F4D9E71E5A2799843D2F7674B96B265B21668F6D9F84A32D,Z001023365934.pdf,FACTURA,QR_ARCA_STRONG,FACTURA,FACTURA,FACTURA,QR_ARCA_VALID_FACTURA,FACTURA,QR_ARCA_VALID_FACTURA,True,False,,,NOT_APPLICABLE
